{
  "type": "FeatureCollection",
  "features": [
    {
      "type": "Feature",
      "geometry": {
        "type": "MultiPolygon",
        "coordinates": [
          [
            [
              [
                -6716360.398366493,
                6592842.410796727
              ],
              [
                -6716360.398366493,
                6592617.152692518
              ],
              [
                -6716473.027418598,
                6592617.152692518
              ],
              [
                -6716473.027418598,
                6592504.523640414
              ],
              [
                -6716585.656470701,
                6592504.523640414
              ],
              [
                -6716585.656470701,
                6592391.89458831
              ],
              [
                -6716698.2855228055,
                6592391.89458831
              ],
              [
                -6716698.2855228055,
                6592279.265536206
              ],
              [
                -6716923.543627014,
                6592279.265536206
              ],
              [
                -6716923.543627014,
                6592391.89458831
              ],
              [
                -6717148.801731223,
                6592391.89458831
              ],
              [
                -6717148.801731223,
                6592504.523640414
              ],
              [
                -6717261.430783328,
                6592504.523640414
              ],
              [
                -6717261.430783328,
                6592391.89458831
              ],
              [
                -6717374.059835431,
                6592391.89458831
              ],
              [
                -6717374.059835431,
                6592279.265536206
              ],
              [
                -6717711.946991744,
                6592279.265536206
              ],
              [
                -6717711.946991744,
                6592166.636484101
              ],
              [
                -6717937.205095953,
                6592166.636484101
              ],
              [
                -6717937.205095953,
                6592054.007431997
              ],
              [
                -6718049.834148058,
                6592054.007431997
              ],
              [
                -6718049.834148058,
                6592166.636484101
              ],
              [
                -6718162.463200161,
                6592166.636484101
              ],
              [
                -6718162.463200161,
                6591941.378379893
              ],
              [
                -6718275.092252266,
                6591941.378379893
              ],
              [
                -6718275.092252266,
                6591828.749327788
              ],
              [
                -6718387.72130437,
                6591828.749327788
              ],
              [
                -6718387.72130437,
                6591716.120275684
              ],
              [
                -6718500.3503564745,
                6591716.120275684
              ],
              [
                -6718500.3503564745,
                6591603.49122358
              ],
              [
                -6718612.979408579,
                6591603.49122358
              ],
              [
                -6718612.979408579,
                6591490.862171476
              ],
              [
                -6718500.3503564745,
                6591490.862171476
              ],
              [
                -6718500.3503564745,
                6591265.604067267
              ],
              [
                -6718612.979408579,
                6591265.604067267
              ],
              [
                -6718612.979408579,
                6591152.9750151625
              ],
              [
                -6718950.866564891,
                6591152.9750151625
              ],
              [
                -6718950.866564891,
                6590589.829754641
              ],
              [
                -6718838.237512787,
                6590589.829754641
              ],
              [
                -6718838.237512787,
                6590477.200702537
              ],
              [
                -6718950.866564891,
                6590477.200702537
              ],
              [
                -6718950.866564891,
                6590251.942598328
              ],
              [
                -6718838.237512787,
                6590251.942598328
              ],
              [
                -6718838.237512787,
                6590026.68449412
              ],
              [
                -6718950.866564891,
                6590026.68449412
              ],
              [
                -6718950.866564891,
                6589914.055442016
              ],
              [
                -6719063.495616996,
                6589914.055442016
              ],
              [
                -6719063.495616996,
                6589801.426389911
              ],
              [
                -6719176.1246691,
                6589801.426389911
              ],
              [
                -6719176.1246691,
                6589688.797337807
              ],
              [
                -6719514.011825413,
                6589688.797337807
              ],
              [
                -6719514.011825413,
                6589576.168285702
              ],
              [
                -6719851.898981726,
                6589576.168285702
              ],
              [
                -6719851.898981726,
                6589463.539233598
              ],
              [
                -6719964.52803383,
                6589463.539233598
              ],
              [
                -6719964.52803383,
                6589350.910181494
              ],
              [
                -6720302.415190143,
                6589350.910181494
              ],
              [
                -6720302.415190143,
                6589238.28112939
              ],
              [
                -6720415.044242247,
                6589238.28112939
              ],
              [
                -6720415.044242247,
                6589125.652077286
              ],
              [
                -6720527.673294351,
                6589125.652077286
              ],
              [
                -6720527.673294351,
                6588900.393973077
              ],
              [
                -6720640.302346456,
                6588900.393973077
              ],
              [
                -6720640.302346456,
                6588675.135868869
              ],
              [
                -6720752.93139856,
                6588675.135868869
              ],
              [
                -6720752.93139856,
                6588562.506816764
              ],
              [
                -6720978.189502769,
                6588562.506816764
              ],
              [
                -6720978.189502769,
                6588449.87776466
              ],
              [
                -6721090.818554873,
                6588449.87776466
              ],
              [
                -6721090.818554873,
                6587886.732504139
              ],
              [
                -6721316.0766590815,
                6587886.732504139
              ],
              [
                -6721316.0766590815,
                6587548.845347825
              ],
              [
                -6721203.447606977,
                6587548.845347825
              ],
              [
                -6721203.447606977,
                6587436.216295721
              ],
              [
                -6721090.818554873,
                6587436.216295721
              ],
              [
                -6721090.818554873,
                6587323.587243617
              ],
              [
                -6720978.189502769,
                6587323.587243617
              ],
              [
                -6720978.189502769,
                6587210.958191512
              ],
              [
                -6721090.818554873,
                6587210.958191512
              ],
              [
                -6721090.818554873,
                6587098.329139409
              ],
              [
                -6721203.447606977,
                6587098.329139409
              ],
              [
                -6721203.447606977,
                6586985.700087304
              ],
              [
                -6721316.0766590815,
                6586985.700087304
              ],
              [
                -6721316.0766590815,
                6586873.0710352
              ],
              [
                -6721653.963815395,
                6586873.0710352
              ],
              [
                -6721653.963815395,
                6586760.441983095
              ],
              [
                -6721766.592867499,
                6586760.441983095
              ],
              [
                -6721766.592867499,
                6586647.812930991
              ],
              [
                -6721879.221919603,
                6586647.812930991
              ],
              [
                -6721879.221919603,
                6586535.1838788865
              ],
              [
                -6721991.850971707,
                6586535.1838788865
              ],
              [
                -6721991.850971707,
                6586422.554826783
              ],
              [
                -6722104.480023812,
                6586422.554826783
              ],
              [
                -6722104.480023812,
                6586309.925774679
              ],
              [
                -6722217.109075916,
                6586309.925774679
              ],
              [
                -6722217.109075916,
                6585746.780514156
              ],
              [
                -6722104.480023812,
                6585746.780514156
              ],
              [
                -6722104.480023812,
                6585521.5224099485
              ],
              [
                -6721991.850971707,
                6585521.5224099485
              ],
              [
                -6721991.850971707,
                6584958.377149426
              ],
              [
                -6722104.480023812,
                6584958.377149426
              ],
              [
                -6722104.480023812,
                6584282.602836801
              ],
              [
                -6722217.109075916,
                6584282.602836801
              ],
              [
                -6722217.109075916,
                6583043.683263654
              ],
              [
                -6722329.73812802,
                6583043.683263654
              ],
              [
                -6722329.73812802,
                6582931.054211549
              ],
              [
                -6722442.367180125,
                6582931.054211549
              ],
              [
                -6722442.367180125,
                6582818.425159445
              ],
              [
                -6722217.109075916,
                6582818.425159445
              ],
              [
                -6722217.109075916,
                6582705.796107341
              ],
              [
                -6722104.480023812,
                6582705.796107341
              ],
              [
                -6722104.480023812,
                6582593.167055237
              ],
              [
                -6721991.850971707,
                6582593.167055237
              ],
              [
                -6721991.850971707,
                6582480.538003133
              ],
              [
                -6721879.221919603,
                6582480.538003133
              ],
              [
                -6721879.221919603,
                6582367.908951028
              ],
              [
                -6721766.592867499,
                6582367.908951028
              ],
              [
                -6721766.592867499,
                6582255.279898924
              ],
              [
                -6721653.963815395,
                6582255.279898924
              ],
              [
                -6721653.963815395,
                6582142.650846819
              ],
              [
                -6721541.33476329,
                6582142.650846819
              ],
              [
                -6721541.33476329,
                6582030.021794715
              ],
              [
                -6721428.705711186,
                6582030.021794715
              ],
              [
                -6721428.705711186,
                6581917.3927426115
              ],
              [
                -6721316.0766590815,
                6581917.3927426115
              ],
              [
                -6721316.0766590815,
                6581804.763690507
              ],
              [
                -6721203.447606977,
                6581804.763690507
              ],
              [
                -6721203.447606977,
                6581692.134638403
              ],
              [
                -6721090.818554873,
                6581692.134638403
              ],
              [
                -6721090.818554873,
                6581579.505586298
              ],
              [
                -6720978.189502769,
                6581579.505586298
              ],
              [
                -6720978.189502769,
                6581241.618429985
              ],
              [
                -6720865.560450665,
                6581241.618429985
              ],
              [
                -6720865.560450665,
                6581128.989377881
              ],
              [
                -6720077.157085935,
                6581128.989377881
              ],
              [
                -6720077.157085935,
                6581016.360325777
              ],
              [
                -6719964.52803383,
                6581016.360325777
              ],
              [
                -6719964.52803383,
                6580903.731273673
              ],
              [
                -6719851.898981726,
                6580903.731273673
              ],
              [
                -6719851.898981726,
                6580791.102221568
              ],
              [
                -6719626.640877517,
                6580791.102221568
              ],
              [
                -6719626.640877517,
                6580678.473169464
              ],
              [
                -6719401.382773309,
                6580678.473169464
              ],
              [
                -6719401.382773309,
                6580565.844117359
              ],
              [
                -6719288.753721205,
                6580565.844117359
              ],
              [
                -6719288.753721205,
                6580453.215065256
              ],
              [
                -6719176.1246691,
                6580453.215065256
              ],
              [
                -6719176.1246691,
                6580340.586013151
              ],
              [
                -6719063.495616996,
                6580340.586013151
              ],
              [
                -6719063.495616996,
                6580227.956961047
              ],
              [
                -6718950.866564891,
                6580227.956961047
              ],
              [
                -6718950.866564891,
                6580002.698856838
              ],
              [
                -6718838.237512787,
                6580002.698856838
              ],
              [
                -6718838.237512787,
                6579777.440752629
              ],
              [
                -6718725.608460683,
                6579777.440752629
              ],
              [
                -6718725.608460683,
                6579552.182648421
              ],
              [
                -6718612.979408579,
                6579552.182648421
              ],
              [
                -6718612.979408579,
                6579214.295492108
              ],
              [
                -6718500.3503564745,
                6579214.295492108
              ],
              [
                -6718500.3503564745,
                6578200.63402317
              ],
              [
                -6718612.979408579,
                6578200.63402317
              ],
              [
                -6718612.979408579,
                6576736.456345813
              ],
              [
                -6718500.3503564745,
                6576736.456345813
              ],
              [
                -6718500.3503564745,
                6575948.052981084
              ],
              [
                -6718387.72130437,
                6575948.052981084
              ],
              [
                -6718387.72130437,
                6575835.42392898
              ],
              [
                -6718275.092252266,
                6575835.42392898
              ],
              [
                -6718275.092252266,
                6575722.794876875
              ],
              [
                -6718162.463200161,
                6575722.794876875
              ],
              [
                -6718162.463200161,
                6575610.165824771
              ],
              [
                -6718049.834148058,
                6575610.165824771
              ],
              [
                -6718049.834148058,
                6575497.5367726665
              ],
              [
                -6717824.576043849,
                6575497.5367726665
              ],
              [
                -6717824.576043849,
                6575384.907720562
              ],
              [
                -6717711.946991744,
                6575384.907720562
              ],
              [
                -6717711.946991744,
                6575272.278668458
              ],
              [
                -6717599.31793964,
                6575272.278668458
              ],
              [
                -6717599.31793964,
                6575047.02056425
              ],
              [
                -6717486.688887536,
                6575047.02056425
              ],
              [
                -6717486.688887536,
                6574934.391512145
              ],
              [
                -6717374.059835431,
                6574934.391512145
              ],
              [
                -6717374.059835431,
                6574709.133407936
              ],
              [
                -6717261.430783328,
                6574709.133407936
              ],
              [
                -6717261.430783328,
                6574483.875303728
              ],
              [
                -6717148.801731223,
                6574483.875303728
              ],
              [
                -6717148.801731223,
                6574033.359095311
              ],
              [
                -6717036.172679119,
                6574033.359095311
              ],
              [
                -6717036.172679119,
                6573582.842886894
              ],
              [
                -6717148.801731223,
                6573582.842886894
              ],
              [
                -6717148.801731223,
                6573244.955730581
              ],
              [
                -6717036.172679119,
                6573244.955730581
              ],
              [
                -6717036.172679119,
                6572343.923313746
              ],
              [
                -6716923.543627014,
                6572343.923313746
              ],
              [
                -6716923.543627014,
                6571893.407105329
              ],
              [
                -6717036.172679119,
                6571893.407105329
              ],
              [
                -6717036.172679119,
                6571780.778053225
              ],
              [
                -6716923.543627014,
                6571780.778053225
              ],
              [
                -6716923.543627014,
                6571555.519949016
              ],
              [
                -6716810.91457491,
                6571555.519949016
              ],
              [
                -6716810.91457491,
                6571442.890896913
              ],
              [
                -6716698.2855228055,
                6571442.890896913
              ],
              [
                -6716698.2855228055,
                6571217.632792704
              ],
              [
                -6716585.656470701,
                6571217.632792704
              ],
              [
                -6716585.656470701,
                6570879.7456363905
              ],
              [
                -6716473.027418598,
                6570879.7456363905
              ],
              [
                -6716473.027418598,
                6570429.229427974
              ],
              [
                -6716360.398366493,
                6570429.229427974
              ],
              [
                -6716360.398366493,
                6570316.600375869
              ],
              [
                -6716247.769314389,
                6570316.600375869
              ],
              [
                -6716247.769314389,
                6570091.34227166
              ],
              [
                -6716135.140262284,
                6570091.34227166
              ],
              [
                -6716135.140262284,
                6569866.0841674525
              ],
              [
                -6716022.51121018,
                6569866.0841674525
              ],
              [
                -6716022.51121018,
                6569640.826063244
              ],
              [
                -6715909.882158075,
                6569640.826063244
              ],
              [
                -6715909.882158075,
                6569528.197011139
              ],
              [
                -6715797.253105972,
                6569528.197011139
              ],
              [
                -6715797.253105972,
                6569415.567959035
              ],
              [
                -6715684.6240538675,
                6569415.567959035
              ],
              [
                -6715684.6240538675,
                6569302.93890693
              ],
              [
                -6715571.995001763,
                6569302.93890693
              ],
              [
                -6715571.995001763,
                6569190.309854827
              ],
              [
                -6715346.736897554,
                6569190.309854827
              ],
              [
                -6715346.736897554,
                6569077.680802722
              ],
              [
                -6715008.849741242,
                6569077.680802722
              ],
              [
                -6715008.849741242,
                6568965.051750618
              ],
              [
                -6714558.333532824,
                6568965.051750618
              ],
              [
                -6714558.333532824,
                6568852.422698514
              ],
              [
                -6714445.70448072,
                6568852.422698514
              ],
              [
                -6714445.70448072,
                6568514.5355422
              ],
              [
                -6714333.075428615,
                6568514.5355422
              ],
              [
                -6714333.075428615,
                6568289.277437992
              ],
              [
                -6714220.446376512,
                6568289.277437992
              ],
              [
                -6714220.446376512,
                6568176.648385888
              ],
              [
                -6714107.817324407,
                6568176.648385888
              ],
              [
                -6714107.817324407,
                6568064.019333784
              ],
              [
                -6713995.188272303,
                6568064.019333784
              ],
              [
                -6713995.188272303,
                6567951.390281679
              ],
              [
                -6713882.559220199,
                6567951.390281679
              ],
              [
                -6713882.559220199,
                6567838.761229575
              ],
              [
                -6713769.930168094,
                6567838.761229575
              ],
              [
                -6713769.930168094,
                6567500.874073262
              ],
              [
                -6713657.30111599,
                6567500.874073262
              ],
              [
                -6713657.30111599,
                6567388.245021158
              ],
              [
                -6713544.672063886,
                6567388.245021158
              ],
              [
                -6713544.672063886,
                6567162.986916949
              ],
              [
                -6712080.4943865305,
                6567162.986916949
              ],
              [
                -6712080.4943865305,
                6567050.357864845
              ],
              [
                -6711967.865334426,
                6567050.357864845
              ],
              [
                -6711967.865334426,
                6566937.728812741
              ],
              [
                -6711517.349126008,
                6566937.728812741
              ],
              [
                -6711517.349126008,
                6567050.357864845
              ],
              [
                -6711066.832917592,
                6567050.357864845
              ],
              [
                -6711066.832917592,
                6567162.986916949
              ],
              [
                -6710954.203865487,
                6567162.986916949
              ],
              [
                -6710954.203865487,
                6567275.6159690535
              ],
              [
                -6710841.574813383,
                6567275.6159690535
              ],
              [
                -6710841.574813383,
                6567388.245021158
              ],
              [
                -6710165.800500757,
                6567388.245021158
              ],
              [
                -6710165.800500757,
                6567500.874073262
              ],
              [
                -6709940.542396548,
                6567500.874073262
              ],
              [
                -6709940.542396548,
                6567613.503125367
              ],
              [
                -6709490.026188131,
                6567613.503125367
              ],
              [
                -6709490.026188131,
                6567500.874073262
              ],
              [
                -6709264.768083923,
                6567500.874073262
              ],
              [
                -6709264.768083923,
                6567388.245021158
              ],
              [
                -6709152.139031818,
                6567388.245021158
              ],
              [
                -6709152.139031818,
                6567500.874073262
              ],
              [
                -6708926.88092761,
                6567500.874073262
              ],
              [
                -6708926.88092761,
                6567613.503125367
              ],
              [
                -6708363.735667088,
                6567613.503125367
              ],
              [
                -6708363.735667088,
                6567838.761229575
              ],
              [
                -6708251.106614985,
                6567838.761229575
              ],
              [
                -6708251.106614985,
                6567951.390281679
              ],
              [
                -6708025.848510776,
                6567951.390281679
              ],
              [
                -6708025.848510776,
                6568064.019333784
              ],
              [
                -6707913.219458671,
                6568064.019333784
              ],
              [
                -6707913.219458671,
                6568176.648385888
              ],
              [
                -6707800.590406567,
                6568176.648385888
              ],
              [
                -6707800.590406567,
                6568289.277437992
              ],
              [
                -6707462.7032502545,
                6568289.277437992
              ],
              [
                -6707462.7032502545,
                6568852.422698514
              ],
              [
                -6707350.07419815,
                6568852.422698514
              ],
              [
                -6707350.07419815,
                6568965.051750618
              ],
              [
                -6707237.445146046,
                6568965.051750618
              ],
              [
                -6707237.445146046,
                6569077.680802722
              ],
              [
                -6707124.816093941,
                6569077.680802722
              ],
              [
                -6707124.816093941,
                6569190.309854827
              ],
              [
                -6707012.187041837,
                6569190.309854827
              ],
              [
                -6707012.187041837,
                6569302.93890693
              ],
              [
                -6706899.557989732,
                6569302.93890693
              ],
              [
                -6706899.557989732,
                6569415.567959035
              ],
              [
                -6706786.928937629,
                6569415.567959035
              ],
              [
                -6706786.928937629,
                6569528.197011139
              ],
              [
                -6706674.299885524,
                6569528.197011139
              ],
              [
                -6706674.299885524,
                6569866.0841674525
              ],
              [
                -6706786.928937629,
                6569866.0841674525
              ],
              [
                -6706786.928937629,
                6571555.519949016
              ],
              [
                -6706674.299885524,
                6571555.519949016
              ],
              [
                -6706674.299885524,
                6572231.294261642
              ],
              [
                -6706561.67083342,
                6572231.294261642
              ],
              [
                -6706561.67083342,
                6572456.552365851
              ],
              [
                -6706449.041781316,
                6572456.552365851
              ],
              [
                -6706449.041781316,
                6572681.8104700595
              ],
              [
                -6706336.412729211,
                6572681.8104700595
              ],
              [
                -6706336.412729211,
                6573019.697626372
              ],
              [
                -6706223.783677107,
                6573019.697626372
              ],
              [
                -6706223.783677107,
                6573132.326678476
              ],
              [
                -6706111.154625002,
                6573132.326678476
              ],
              [
                -6706111.154625002,
                6573244.955730581
              ],
              [
                -6705998.525572899,
                6573244.955730581
              ],
              [
                -6705998.525572899,
                6573357.584782685
              ],
              [
                -6705885.896520794,
                6573357.584782685
              ],
              [
                -6705885.896520794,
                6573582.842886894
              ],
              [
                -6705773.26746869,
                6573582.842886894
              ],
              [
                -6705773.26746869,
                6573808.100991102
              ],
              [
                -6705548.009364481,
                6573808.100991102
              ],
              [
                -6705548.009364481,
                6573920.730043206
              ],
              [
                -6705435.380312377,
                6573920.730043206
              ],
              [
                -6705435.380312377,
                6574033.359095311
              ],
              [
                -6705210.122208169,
                6574033.359095311
              ],
              [
                -6705210.122208169,
                6574145.988147415
              ],
              [
                -6705097.493156064,
                6574145.988147415
              ],
              [
                -6705097.493156064,
                6574596.504355832
              ],
              [
                -6704984.86410396,
                6574596.504355832
              ],
              [
                -6704984.86410396,
                6574709.133407936
              ],
              [
                -6705097.493156064,
                6574709.133407936
              ],
              [
                -6705097.493156064,
                6574934.391512145
              ],
              [
                -6704984.86410396,
                6574934.391512145
              ],
              [
                -6704984.86410396,
                6575384.907720562
              ],
              [
                -6704872.235051855,
                6575384.907720562
              ],
              [
                -6704872.235051855,
                6575610.165824771
              ],
              [
                -6704759.605999751,
                6575610.165824771
              ],
              [
                -6704759.605999751,
                6575722.794876875
              ],
              [
                -6704646.976947647,
                6575722.794876875
              ],
              [
                -6704646.976947647,
                6575835.42392898
              ],
              [
                -6704759.605999751,
                6575835.42392898
              ],
              [
                -6704759.605999751,
                6575948.052981084
              ],
              [
                -6704872.235051855,
                6575948.052981084
              ],
              [
                -6704872.235051855,
                6576173.311085292
              ],
              [
                -6704984.86410396,
                6576173.311085292
              ],
              [
                -6704984.86410396,
                6576511.198241605
              ],
              [
                -6705097.493156064,
                6576511.198241605
              ],
              [
                -6705097.493156064,
                6576623.82729371
              ],
              [
                -6705210.122208169,
                6576623.82729371
              ],
              [
                -6705210.122208169,
                6576736.456345813
              ],
              [
                -6705322.751260273,
                6576736.456345813
              ],
              [
                -6705322.751260273,
                6576961.714450022
              ],
              [
                -6705435.380312377,
                6576961.714450022
              ],
              [
                -6705435.380312377,
                6577299.6016063355
              ],
              [
                -6705548.009364481,
                6577299.6016063355
              ],
              [
                -6705548.009364481,
                6577524.859710543
              ],
              [
                -6705660.6384165855,
                6577524.859710543
              ],
              [
                -6705660.6384165855,
                6577637.488762648
              ],
              [
                -6705773.26746869,
                6577637.488762648
              ],
              [
                -6705773.26746869,
                6577750.117814752
              ],
              [
                -6705885.896520794,
                6577750.117814752
              ],
              [
                -6705885.896520794,
                6577975.375918961
              ],
              [
                -6705998.525572899,
                6577975.375918961
              ],
              [
                -6705998.525572899,
                6578088.004971066
              ],
              [
                -6706111.154625002,
                6578088.004971066
              ],
              [
                -6706111.154625002,
                6578200.63402317
              ],
              [
                -6706223.783677107,
                6578200.63402317
              ],
              [
                -6706223.783677107,
                6578313.2630752735
              ],
              [
                -6706449.041781316,
                6578313.2630752735
              ],
              [
                -6706449.041781316,
                6578425.892127378
              ],
              [
                -6706674.299885524,
                6578425.892127378
              ],
              [
                -6706674.299885524,
                6578538.521179482
              ],
              [
                -6706786.928937629,
                6578538.521179482
              ],
              [
                -6706786.928937629,
                6578651.150231587
              ],
              [
                -6706899.557989732,
                6578651.150231587
              ],
              [
                -6706899.557989732,
                6578989.037387899
              ],
              [
                -6707012.187041837,
                6578989.037387899
              ],
              [
                -6707012.187041837,
                6579101.666440004
              ],
              [
                -6707124.816093941,
                6579101.666440004
              ],
              [
                -6707124.816093941,
                6579214.295492108
              ],
              [
                -6707237.445146046,
                6579214.295492108
              ],
              [
                -6707237.445146046,
                6579439.553596317
              ],
              [
                -6707350.07419815,
                6579439.553596317
              ],
              [
                -6707350.07419815,
                6579552.182648421
              ],
              [
                -6707237.445146046,
                6579552.182648421
              ],
              [
                -6707237.445146046,
                6579664.811700526
              ],
              [
                -6707124.816093941,
                6579664.811700526
              ],
              [
                -6707124.816093941,
                6579890.069804734
              ],
              [
                -6707012.187041837,
                6579890.069804734
              ],
              [
                -6707012.187041837,
                6580903.731273673
              ],
              [
                -6706899.557989732,
                6580903.731273673
              ],
              [
                -6706899.557989732,
                6581466.876534194
              ],
              [
                -6707012.187041837,
                6581466.876534194
              ],
              [
                -6707012.187041837,
                6582367.908951028
              ],
              [
                -6707124.816093941,
                6582367.908951028
              ],
              [
                -6707124.816093941,
                6582480.538003133
              ],
              [
                -6707237.445146046,
                6582480.538003133
              ],
              [
                -6707237.445146046,
                6583043.683263654
              ],
              [
                -6707350.07419815,
                6583043.683263654
              ],
              [
                -6707350.07419815,
                6583156.312315758
              ],
              [
                -6707462.7032502545,
                6583156.312315758
              ],
              [
                -6707462.7032502545,
                6583268.941367863
              ],
              [
                -6707575.332302359,
                6583268.941367863
              ],
              [
                -6707575.332302359,
                6583381.570419967
              ],
              [
                -6707687.961354462,
                6583381.570419967
              ],
              [
                -6707687.961354462,
                6583494.199472071
              ],
              [
                -6707800.590406567,
                6583494.199472071
              ],
              [
                -6707800.590406567,
                6583606.828524175
              ],
              [
                -6707913.219458671,
                6583606.828524175
              ],
              [
                -6707913.219458671,
                6583719.4575762795
              ],
              [
                -6708025.848510776,
                6583719.4575762795
              ],
              [
                -6708025.848510776,
                6583944.715680488
              ],
              [
                -6708138.47756288,
                6583944.715680488
              ],
              [
                -6708138.47756288,
                6584282.602836801
              ],
              [
                -6708025.848510776,
                6584282.602836801
              ],
              [
                -6708025.848510776,
                6584733.119045218
              ],
              [
                -6708138.47756288,
                6584733.119045218
              ],
              [
                -6708138.47756288,
                6584845.748097323
              ],
              [
                -6708251.106614985,
                6584845.748097323
              ],
              [
                -6708251.106614985,
                6584958.377149426
              ],
              [
                -6708363.735667088,
                6584958.377149426
              ],
              [
                -6708363.735667088,
                6585521.5224099485
              ],
              [
                -6708251.106614985,
                6585521.5224099485
              ],
              [
                -6708251.106614985,
                6585634.151462053
              ],
              [
                -6708363.735667088,
                6585634.151462053
              ],
              [
                -6708363.735667088,
                6586309.925774679
              ],
              [
                -6708476.3647191925,
                6586309.925774679
              ],
              [
                -6708476.3647191925,
                6586873.0710352
              ],
              [
                -6708588.993771297,
                6586873.0710352
              ],
              [
                -6708588.993771297,
                6587548.845347825
              ],
              [
                -6708701.622823401,
                6587548.845347825
              ],
              [
                -6708701.622823401,
                6587774.103452034
              ],
              [
                -6708814.251875506,
                6587774.103452034
              ],
              [
                -6708814.251875506,
                6587886.732504139
              ],
              [
                -6708926.88092761,
                6587886.732504139
              ],
              [
                -6708926.88092761,
                6587999.361556242
              ],
              [
                -6709152.139031818,
                6587999.361556242
              ],
              [
                -6709152.139031818,
                6588111.990608347
              ],
              [
                -6709377.397136027,
                6588111.990608347
              ],
              [
                -6709377.397136027,
                6588337.2487125555
              ],
              [
                -6709490.026188131,
                6588337.2487125555
              ],
              [
                -6709490.026188131,
                6588562.506816764
              ],
              [
                -6709602.655240236,
                6588562.506816764
              ],
              [
                -6709602.655240236,
                6588787.764920972
              ],
              [
                -6709715.28429234,
                6588787.764920972
              ],
              [
                -6709715.28429234,
                6589013.023025181
              ],
              [
                -6709827.913344445,
                6589013.023025181
              ],
              [
                -6709827.913344445,
                6589238.28112939
              ],
              [
                -6709940.542396548,
                6589238.28112939
              ],
              [
                -6709940.542396548,
                6590251.942598328
              ],
              [
                -6710053.171448653,
                6590251.942598328
              ],
              [
                -6710053.171448653,
                6590702.458806746
              ],
              [
                -6710616.316709174,
                6590702.458806746
              ],
              [
                -6710616.316709174,
                6590815.08785885
              ],
              [
                -6710841.574813383,
                6590815.08785885
              ],
              [
                -6710841.574813383,
                6590927.716910955
              ],
              [
                -6710954.203865487,
                6590927.716910955
              ],
              [
                -6710954.203865487,
                6591040.345963058
              ],
              [
                -6711066.832917592,
                6591040.345963058
              ],
              [
                -6711066.832917592,
                6591152.9750151625
              ],
              [
                -6711292.0910218,
                6591152.9750151625
              ],
              [
                -6711292.0910218,
                6591265.604067267
              ],
              [
                -6712531.010594947,
                6591265.604067267
              ],
              [
                -6712531.010594947,
                6591378.233119371
              ],
              [
                -6712643.639647052,
                6591378.233119371
              ],
              [
                -6712643.639647052,
                6591941.378379893
              ],
              [
                -6713657.30111599,
                6591941.378379893
              ],
              [
                -6713657.30111599,
                6592279.265536206
              ],
              [
                -6714107.817324407,
                6592279.265536206
              ],
              [
                -6714107.817324407,
                6592391.89458831
              ],
              [
                -6714220.446376512,
                6592391.89458831
              ],
              [
                -6714220.446376512,
                6592504.523640414
              ],
              [
                -6714333.075428615,
                6592504.523640414
              ],
              [
                -6714333.075428615,
                6592617.152692518
              ],
              [
                -6714445.70448072,
                6592617.152692518
              ],
              [
                -6714445.70448072,
                6592504.523640414
              ],
              [
                -6714558.333532824,
                6592504.523640414
              ],
              [
                -6714558.333532824,
                6592391.89458831
              ],
              [
                -6715121.478793345,
                6592391.89458831
              ],
              [
                -6715121.478793345,
                6592504.523640414
              ],
              [
                -6715684.6240538675,
                6592504.523640414
              ],
              [
                -6715684.6240538675,
                6592617.152692518
              ],
              [
                -6715909.882158075,
                6592617.152692518
              ],
              [
                -6715909.882158075,
                6592729.781744623
              ],
              [
                -6716022.51121018,
                6592729.781744623
              ],
              [
                -6716022.51121018,
                6592842.410796727
              ],
              [
                -6716360.398366493,
                6592842.410796727
              ]
            ]
          ]
        ]
      },
      "properties": {
        "zone_id": "11",
        "downstream_id": "10",
        "area_km2": 283.4404186760312,
        "runoff_method": "hbv",
        "routing_method": "muskingum"
      }
    },
    {
      "type": "Feature",
      "geometry": {
        "type": "MultiPolygon",
        "coordinates": [
          [
            [
              [
                -6712080.4943865305,
                6600726.444444027
              ],
              [
                -6712080.4943865305,
                6600613.815391923
              ],
              [
                -6712305.752490738,
                6600613.815391923
              ],
              [
                -6712305.752490738,
                6600501.186339819
              ],
              [
                -6712418.381542843,
                6600501.186339819
              ],
              [
                -6712418.381542843,
                6600388.557287714
              ],
              [
                -6712643.639647052,
                6600388.557287714
              ],
              [
                -6712643.639647052,
                6600275.92823561
              ],
              [
                -6712756.268699156,
                6600275.92823561
              ],
              [
                -6712756.268699156,
                6600163.299183506
              ],
              [
                -6712868.89775126,
                6600163.299183506
              ],
              [
                -6712868.89775126,
                6600050.670131401
              ],
              [
                -6713094.1558554685,
                6600050.670131401
              ],
              [
                -6713094.1558554685,
                6599938.041079297
              ],
              [
                -6713319.413959677,
                6599938.041079297
              ],
              [
                -6713319.413959677,
                6599712.782975089
              ],
              [
                -6713432.043011782,
                6599712.782975089
              ],
              [
                -6713432.043011782,
                6599600.153922984
              ],
              [
                -6713544.672063886,
                6599600.153922984
              ],
              [
                -6713544.672063886,
                6599487.52487088
              ],
              [
                -6713657.30111599,
                6599487.52487088
              ],
              [
                -6713657.30111599,
                6599374.8958187755
              ],
              [
                -6713882.559220199,
                6599374.8958187755
              ],
              [
                -6713882.559220199,
                6599262.266766671
              ],
              [
                -6714220.446376512,
                6599262.266766671
              ],
              [
                -6714220.446376512,
                6599149.637714568
              ],
              [
                -6714445.70448072,
                6599149.637714568
              ],
              [
                -6714445.70448072,
                6599037.008662463
              ],
              [
                -6714558.333532824,
                6599037.008662463
              ],
              [
                -6714558.333532824,
                6598924.379610359
              ],
              [
                -6714783.591637033,
                6598924.379610359
              ],
              [
                -6714783.591637033,
                6598811.750558254
              ],
              [
                -6714896.2206891375,
                6598811.750558254
              ],
              [
                -6714896.2206891375,
                6598699.12150615
              ],
              [
                -6715008.849741242,
                6598699.12150615
              ],
              [
                -6715008.849741242,
                6598586.492454045
              ],
              [
                -6715121.478793345,
                6598586.492454045
              ],
              [
                -6715121.478793345,
                6598361.2343498375
              ],
              [
                -6715234.10784545,
                6598361.2343498375
              ],
              [
                -6715234.10784545,
                6598248.605297733
              ],
              [
                -6716022.51121018,
                6598248.605297733
              ],
              [
                -6716022.51121018,
                6598135.976245629
              ],
              [
                -6716810.91457491,
                6598135.976245629
              ],
              [
                -6716810.91457491,
                6598248.605297733
              ],
              [
                -6717036.172679119,
                6598248.605297733
              ],
              [
                -6717036.172679119,
                6598361.2343498375
              ],
              [
                -6717261.430783328,
                6598361.2343498375
              ],
              [
                -6717261.430783328,
                6598248.605297733
              ],
              [
                -6717374.059835431,
                6598248.605297733
              ],
              [
                -6717374.059835431,
                6598023.347193524
              ],
              [
                -6717486.688887536,
                6598023.347193524
              ],
              [
                -6717486.688887536,
                6597910.71814142
              ],
              [
                -6717599.31793964,
                6597910.71814142
              ],
              [
                -6717599.31793964,
                6597798.089089315
              ],
              [
                -6717711.946991744,
                6597798.089089315
              ],
              [
                -6717711.946991744,
                6597685.460037211
              ],
              [
                -6717824.576043849,
                6597685.460037211
              ],
              [
                -6717824.576043849,
                6597572.830985107
              ],
              [
                -6717937.205095953,
                6597572.830985107
              ],
              [
                -6717937.205095953,
                6597460.201933003
              ],
              [
                -6718049.834148058,
                6597460.201933003
              ],
              [
                -6718049.834148058,
                6597347.572880899
              ],
              [
                -6718162.463200161,
                6597347.572880899
              ],
              [
                -6718162.463200161,
                6596446.540464064
              ],
              [
                -6718275.092252266,
                6596446.540464064
              ],
              [
                -6718275.092252266,
                6596333.91141196
              ],
              [
                -6718500.3503564745,
                6596333.91141196
              ],
              [
                -6718500.3503564745,
                6596221.282359855
              ],
              [
                -6718725.608460683,
                6596221.282359855
              ],
              [
                -6718725.608460683,
                6596108.653307752
              ],
              [
                -6718950.866564891,
                6596108.653307752
              ],
              [
                -6718950.866564891,
                6595996.024255647
              ],
              [
                -6719063.495616996,
                6595996.024255647
              ],
              [
                -6719063.495616996,
                6595883.395203543
              ],
              [
                -6719176.1246691,
                6595883.395203543
              ],
              [
                -6719176.1246691,
                6595770.7661514385
              ],
              [
                -6719288.753721205,
                6595770.7661514385
              ],
              [
                -6719288.753721205,
                6595432.878995125
              ],
              [
                -6719176.1246691,
                6595432.878995125
              ],
              [
                -6719176.1246691,
                6594982.362786708
              ],
              [
                -6719288.753721205,
                6594982.362786708
              ],
              [
                -6719288.753721205,
                6594869.733734604
              ],
              [
                -6719401.382773309,
                6594869.733734604
              ],
              [
                -6719401.382773309,
                6594419.217526187
              ],
              [
                -6719288.753721205,
                6594419.217526187
              ],
              [
                -6719288.753721205,
                6594193.959421978
              ],
              [
                -6719176.1246691,
                6594193.959421978
              ],
              [
                -6719176.1246691,
                6593743.443213562
              ],
              [
                -6719063.495616996,
                6593743.443213562
              ],
              [
                -6719063.495616996,
                6593630.814161457
              ],
              [
                -6718950.866564891,
                6593630.814161457
              ],
              [
                -6718950.866564891,
                6592504.523640414
              ],
              [
                -6719063.495616996,
                6592504.523640414
              ],
              [
                -6719063.495616996,
                6592391.89458831
              ],
              [
                -6719176.1246691,
                6592391.89458831
              ],
              [
                -6719176.1246691,
                6591828.749327788
              ],
              [
                -6719063.495616996,
                6591828.749327788
              ],
              [
                -6719063.495616996,
                6591716.120275684
              ],
              [
                -6718950.866564891,
                6591716.120275684
              ],
              [
                -6718950.866564891,
                6591603.49122358
              ],
              [
                -6718500.3503564745,
                6591603.49122358
              ],
              [
                -6718500.3503564745,
                6591716.120275684
              ],
              [
                -6718387.72130437,
                6591716.120275684
              ],
              [
                -6718387.72130437,
                6591828.749327788
              ],
              [
                -6718275.092252266,
                6591828.749327788
              ],
              [
                -6718275.092252266,
                6591941.378379893
              ],
              [
                -6718162.463200161,
                6591941.378379893
              ],
              [
                -6718162.463200161,
                6592166.636484101
              ],
              [
                -6718049.834148058,
                6592166.636484101
              ],
              [
                -6718049.834148058,
                6592054.007431997
              ],
              [
                -6717937.205095953,
                6592054.007431997
              ],
              [
                -6717937.205095953,
                6592166.636484101
              ],
              [
                -6717711.946991744,
                6592166.636484101
              ],
              [
                -6717711.946991744,
                6592279.265536206
              ],
              [
                -6717374.059835431,
                6592279.265536206
              ],
              [
                -6717374.059835431,
                6592391.89458831
              ],
              [
                -6717261.430783328,
                6592391.89458831
              ],
              [
                -6717261.430783328,
                6592504.523640414
              ],
              [
                -6717148.801731223,
                6592504.523640414
              ],
              [
                -6717148.801731223,
                6592391.89458831
              ],
              [
                -6716923.543627014,
                6592391.89458831
              ],
              [
                -6716923.543627014,
                6592279.265536206
              ],
              [
                -6716698.2855228055,
                6592279.265536206
              ],
              [
                -6716698.2855228055,
                6592391.89458831
              ],
              [
                -6716585.656470701,
                6592391.89458831
              ],
              [
                -6716585.656470701,
                6592504.523640414
              ],
              [
                -6716473.027418598,
                6592504.523640414
              ],
              [
                -6716473.027418598,
                6592617.152692518
              ],
              [
                -6716360.398366493,
                6592617.152692518
              ],
              [
                -6716360.398366493,
                6592842.410796727
              ],
              [
                -6716022.51121018,
                6592842.410796727
              ],
              [
                -6716022.51121018,
                6592729.781744623
              ],
              [
                -6715909.882158075,
                6592729.781744623
              ],
              [
                -6715909.882158075,
                6592617.152692518
              ],
              [
                -6715684.6240538675,
                6592617.152692518
              ],
              [
                -6715684.6240538675,
                6592504.523640414
              ],
              [
                -6715121.478793345,
                6592504.523640414
              ],
              [
                -6715121.478793345,
                6592391.89458831
              ],
              [
                -6714558.333532824,
                6592391.89458831
              ],
              [
                -6714558.333532824,
                6592504.523640414
              ],
              [
                -6714445.70448072,
                6592504.523640414
              ],
              [
                -6714445.70448072,
                6592617.152692518
              ],
              [
                -6714333.075428615,
                6592617.152692518
              ],
              [
                -6714333.075428615,
                6592504.523640414
              ],
              [
                -6714220.446376512,
                6592504.523640414
              ],
              [
                -6714220.446376512,
                6592391.89458831
              ],
              [
                -6714107.817324407,
                6592391.89458831
              ],
              [
                -6714107.817324407,
                6592279.265536206
              ],
              [
                -6713657.30111599,
                6592279.265536206
              ],
              [
                -6713657.30111599,
                6591941.378379893
              ],
              [
                -6712643.639647052,
                6591941.378379893
              ],
              [
                -6712643.639647052,
                6591378.233119371
              ],
              [
                -6712531.010594947,
                6591378.233119371
              ],
              [
                -6712531.010594947,
                6591265.604067267
              ],
              [
                -6711292.0910218,
                6591265.604067267
              ],
              [
                -6711292.0910218,
                6591152.9750151625
              ],
              [
                -6711066.832917592,
                6591152.9750151625
              ],
              [
                -6711066.832917592,
                6591040.345963058
              ],
              [
                -6710954.203865487,
                6591040.345963058
              ],
              [
                -6710954.203865487,
                6590927.716910955
              ],
              [
                -6710841.574813383,
                6590927.716910955
              ],
              [
                -6710841.574813383,
                6590815.08785885
              ],
              [
                -6710616.316709174,
                6590815.08785885
              ],
              [
                -6710616.316709174,
                6590702.458806746
              ],
              [
                -6710053.171448653,
                6590702.458806746
              ],
              [
                -6710053.171448653,
                6590251.942598328
              ],
              [
                -6709940.542396548,
                6590251.942598328
              ],
              [
                -6709940.542396548,
                6589238.28112939
              ],
              [
                -6709827.913344445,
                6589238.28112939
              ],
              [
                -6709827.913344445,
                6589013.023025181
              ],
              [
                -6709715.28429234,
                6589013.023025181
              ],
              [
                -6709715.28429234,
                6588787.764920972
              ],
              [
                -6709602.655240236,
                6588787.764920972
              ],
              [
                -6709602.655240236,
                6588562.506816764
              ],
              [
                -6709490.026188131,
                6588562.506816764
              ],
              [
                -6709490.026188131,
                6588337.2487125555
              ],
              [
                -6709377.397136027,
                6588337.2487125555
              ],
              [
                -6709377.397136027,
                6588111.990608347
              ],
              [
                -6709152.139031818,
                6588111.990608347
              ],
              [
                -6709152.139031818,
                6587999.361556242
              ],
              [
                -6708926.88092761,
                6587999.361556242
              ],
              [
                -6708926.88092761,
                6587886.732504139
              ],
              [
                -6708814.251875506,
                6587886.732504139
              ],
              [
                -6708814.251875506,
                6587774.103452034
              ],
              [
                -6708701.622823401,
                6587774.103452034
              ],
              [
                -6708701.622823401,
                6587548.845347825
              ],
              [
                -6708588.993771297,
                6587548.845347825
              ],
              [
                -6708588.993771297,
                6586873.0710352
              ],
              [
                -6708476.3647191925,
                6586873.0710352
              ],
              [
                -6708476.3647191925,
                6586309.925774679
              ],
              [
                -6708363.735667088,
                6586309.925774679
              ],
              [
                -6708363.735667088,
                6585634.151462053
              ],
              [
                -6708251.106614985,
                6585634.151462053
              ],
              [
                -6708251.106614985,
                6585521.5224099485
              ],
              [
                -6708363.735667088,
                6585521.5224099485
              ],
              [
                -6708363.735667088,
                6584958.377149426
              ],
              [
                -6708251.106614985,
                6584958.377149426
              ],
              [
                -6708251.106614985,
                6584845.748097323
              ],
              [
                -6708138.47756288,
                6584845.748097323
              ],
              [
                -6708138.47756288,
                6584733.119045218
              ],
              [
                -6708025.848510776,
                6584733.119045218
              ],
              [
                -6708025.848510776,
                6584282.602836801
              ],
              [
                -6708138.47756288,
                6584282.602836801
              ],
              [
                -6708138.47756288,
                6583944.715680488
              ],
              [
                -6708025.848510776,
                6583944.715680488
              ],
              [
                -6708025.848510776,
                6583719.4575762795
              ],
              [
                -6707913.219458671,
                6583719.4575762795
              ],
              [
                -6707913.219458671,
                6583606.828524175
              ],
              [
                -6707800.590406567,
                6583606.828524175
              ],
              [
                -6707800.590406567,
                6583494.199472071
              ],
              [
                -6707687.961354462,
                6583494.199472071
              ],
              [
                -6707687.961354462,
                6583381.570419967
              ],
              [
                -6707575.332302359,
                6583381.570419967
              ],
              [
                -6707575.332302359,
                6583268.941367863
              ],
              [
                -6707462.7032502545,
                6583268.941367863
              ],
              [
                -6707462.7032502545,
                6583156.312315758
              ],
              [
                -6707350.07419815,
                6583156.312315758
              ],
              [
                -6707350.07419815,
                6583043.683263654
              ],
              [
                -6707237.445146046,
                6583043.683263654
              ],
              [
                -6707237.445146046,
                6582480.538003133
              ],
              [
                -6707124.816093941,
                6582480.538003133
              ],
              [
                -6707124.816093941,
                6582367.908951028
              ],
              [
                -6707012.187041837,
                6582367.908951028
              ],
              [
                -6707012.187041837,
                6582255.279898924
              ],
              [
                -6706899.557989732,
                6582255.279898924
              ],
              [
                -6706899.557989732,
                6582367.908951028
              ],
              [
                -6706786.928937629,
                6582367.908951028
              ],
              [
                -6706786.928937629,
                6582480.538003133
              ],
              [
                -6706674.299885524,
                6582480.538003133
              ],
              [
                -6706674.299885524,
                6582593.167055237
              ],
              [
                -6706561.67083342,
                6582593.167055237
              ],
              [
                -6706561.67083342,
                6583606.828524175
              ],
              [
                -6706674.299885524,
                6583606.828524175
              ],
              [
                -6706674.299885524,
                6583719.4575762795
              ],
              [
                -6706561.67083342,
                6583719.4575762795
              ],
              [
                -6706561.67083342,
                6584282.602836801
              ],
              [
                -6706449.041781316,
                6584282.602836801
              ],
              [
                -6706449.041781316,
                6585408.893357844
              ],
              [
                -6706336.412729211,
                6585408.893357844
              ],
              [
                -6706336.412729211,
                6585521.5224099485
              ],
              [
                -6706449.041781316,
                6585521.5224099485
              ],
              [
                -6706449.041781316,
                6585746.780514156
              ],
              [
                -6706561.67083342,
                6585746.780514156
              ],
              [
                -6706561.67083342,
                6585972.038618365
              ],
              [
                -6706674.299885524,
                6585972.038618365
              ],
              [
                -6706674.299885524,
                6586647.812930991
              ],
              [
                -6706786.928937629,
                6586647.812930991
              ],
              [
                -6706786.928937629,
                6587210.958191512
              ],
              [
                -6706899.557989732,
                6587210.958191512
              ],
              [
                -6706899.557989732,
                6588337.2487125555
              ],
              [
                -6706786.928937629,
                6588337.2487125555
              ],
              [
                -6706786.928937629,
                6588675.135868869
              ],
              [
                -6706674.299885524,
                6588675.135868869
              ],
              [
                -6706674.299885524,
                6589463.539233598
              ],
              [
                -6706561.67083342,
                6589463.539233598
              ],
              [
                -6706561.67083342,
                6589688.797337807
              ],
              [
                -6706674.299885524,
                6589688.797337807
              ],
              [
                -6706674.299885524,
                6590026.68449412
              ],
              [
                -6706786.928937629,
                6590026.68449412
              ],
              [
                -6706786.928937629,
                6590251.942598328
              ],
              [
                -6706899.557989732,
                6590251.942598328
              ],
              [
                -6706899.557989732,
                6591378.233119371
              ],
              [
                -6707012.187041837,
                6591378.233119371
              ],
              [
                -6707012.187041837,
                6591603.49122358
              ],
              [
                -6706899.557989732,
                6591603.49122358
              ],
              [
                -6706899.557989732,
                6591828.749327788
              ],
              [
                -6706786.928937629,
                6591828.749327788
              ],
              [
                -6706786.928937629,
                6592279.265536206
              ],
              [
                -6706674.299885524,
                6592279.265536206
              ],
              [
                -6706674.299885524,
                6592617.152692518
              ],
              [
                -6706561.67083342,
                6592617.152692518
              ],
              [
                -6706561.67083342,
                6592955.0398488315
              ],
              [
                -6706449.041781316,
                6592955.0398488315
              ],
              [
                -6706449.041781316,
                6593743.443213562
              ],
              [
                -6706336.412729211,
                6593743.443213562
              ],
              [
                -6706336.412729211,
                6594081.330369874
              ],
              [
                -6706223.783677107,
                6594081.330369874
              ],
              [
                -6706223.783677107,
                6594193.959421978
              ],
              [
                -6706111.154625002,
                6594193.959421978
              ],
              [
                -6706111.154625002,
                6594306.588474083
              ],
              [
                -6706223.783677107,
                6594306.588474083
              ],
              [
                -6706223.783677107,
                6594419.217526187
              ],
              [
                -6706336.412729211,
                6594419.217526187
              ],
              [
                -6706336.412729211,
                6594644.475630396
              ],
              [
                -6706561.67083342,
                6594644.475630396
              ],
              [
                -6706561.67083342,
                6594757.1046825
              ],
              [
                -6706674.299885524,
                6594757.1046825
              ],
              [
                -6706674.299885524,
                6594869.733734604
              ],
              [
                -6706899.557989732,
                6594869.733734604
              ],
              [
                -6706899.557989732,
                6594982.362786708
              ],
              [
                -6707012.187041837,
                6594982.362786708
              ],
              [
                -6707012.187041837,
                6595207.620890917
              ],
              [
                -6707124.816093941,
                6595207.620890917
              ],
              [
                -6707124.816093941,
                6595545.50804723
              ],
              [
                -6707012.187041837,
                6595545.50804723
              ],
              [
                -6707012.187041837,
                6595883.395203543
              ],
              [
                -6707124.816093941,
                6595883.395203543
              ],
              [
                -6707124.816093941,
                6596333.91141196
              ],
              [
                -6707237.445146046,
                6596333.91141196
              ],
              [
                -6707237.445146046,
                6596559.169516169
              ],
              [
                -6707350.07419815,
                6596559.169516169
              ],
              [
                -6707350.07419815,
                6598473.863401941
              ],
              [
                -6707462.7032502545,
                6598473.863401941
              ],
              [
                -6707462.7032502545,
                6598586.492454045
              ],
              [
                -6707575.332302359,
                6598586.492454045
              ],
              [
                -6707575.332302359,
                6598699.12150615
              ],
              [
                -6707800.590406567,
                6598699.12150615
              ],
              [
                -6707800.590406567,
                6598811.750558254
              ],
              [
                -6708138.47756288,
                6598811.750558254
              ],
              [
                -6708138.47756288,
                6598924.379610359
              ],
              [
                -6708251.106614985,
                6598924.379610359
              ],
              [
                -6708251.106614985,
                6599037.008662463
              ],
              [
                -6708363.735667088,
                6599037.008662463
              ],
              [
                -6708363.735667088,
                6599149.637714568
              ],
              [
                -6708588.993771297,
                6599149.637714568
              ],
              [
                -6708588.993771297,
                6599262.266766671
              ],
              [
                -6708701.622823401,
                6599262.266766671
              ],
              [
                -6708701.622823401,
                6599374.8958187755
              ],
              [
                -6708814.251875506,
                6599374.8958187755
              ],
              [
                -6708814.251875506,
                6599487.52487088
              ],
              [
                -6708926.88092761,
                6599487.52487088
              ],
              [
                -6708926.88092761,
                6599600.153922984
              ],
              [
                -6709039.509979715,
                6599600.153922984
              ],
              [
                -6709039.509979715,
                6599487.52487088
              ],
              [
                -6710391.058604966,
                6599487.52487088
              ],
              [
                -6710391.058604966,
                6599600.153922984
              ],
              [
                -6710503.68765707,
                6599600.153922984
              ],
              [
                -6710503.68765707,
                6599712.782975089
              ],
              [
                -6710616.316709174,
                6599712.782975089
              ],
              [
                -6710616.316709174,
                6599825.412027193
              ],
              [
                -6710728.945761278,
                6599825.412027193
              ],
              [
                -6710728.945761278,
                6599938.041079297
              ],
              [
                -6710954.203865487,
                6599938.041079297
              ],
              [
                -6710954.203865487,
                6600050.670131401
              ],
              [
                -6711066.832917592,
                6600050.670131401
              ],
              [
                -6711066.832917592,
                6600163.299183506
              ],
              [
                -6711179.461969696,
                6600163.299183506
              ],
              [
                -6711179.461969696,
                6600275.92823561
              ],
              [
                -6711292.0910218,
                6600275.92823561
              ],
              [
                -6711292.0910218,
                6600388.557287714
              ],
              [
                -6711404.720073904,
                6600388.557287714
              ],
              [
                -6711404.720073904,
                6600501.186339819
              ],
              [
                -6711517.349126008,
                6600501.186339819
              ],
              [
                -6711517.349126008,
                6600613.815391923
              ],
              [
                -6711742.607230217,
                6600613.815391923
              ],
              [
                -6711742.607230217,
                6600726.444444027
              ],
              [
                -6712080.4943865305,
                6600726.444444027
              ]
            ]
          ]
        ]
      },
      "properties": {
        "zone_id": "10",
        "downstream_id": "20",
        "area_km2": 106.29015700351161,
        "runoff_method": "hbv",
        "routing_method": "muskingum"
      }
    },
    {
      "type": "Feature",
      "geometry": {
        "type": "MultiPolygon",
        "coordinates": [
          [
            [
              [
                -6707237.445146046,
                6602528.509277696
              ],
              [
                -6707237.445146046,
                6602415.880225591
              ],
              [
                -6707124.816093941,
                6602415.880225591
              ],
              [
                -6707124.816093941,
                6602528.509277696
              ],
              [
                -6707237.445146046,
                6602528.509277696
              ]
            ]
          ],
          [
            [
              [
                -6694510.362258261,
                6604443.203163468
              ],
              [
                -6694510.362258261,
                6604330.574111365
              ],
              [
                -6694622.9913103655,
                6604330.574111365
              ],
              [
                -6694622.9913103655,
                6604217.94505926
              ],
              [
                -6694735.62036247,
                6604217.94505926
              ],
              [
                -6694735.62036247,
                6604105.316007156
              ],
              [
                -6694848.249414574,
                6604105.316007156
              ],
              [
                -6694848.249414574,
                6603992.6869550515
              ],
              [
                -6694960.878466678,
                6603992.6869550515
              ],
              [
                -6694960.878466678,
                6603880.057902947
              ],
              [
                -6695411.394675096,
                6603880.057902947
              ],
              [
                -6695411.394675096,
                6603767.428850843
              ],
              [
                -6695524.0237272,
                6603767.428850843
              ],
              [
                -6695524.0237272,
                6603654.799798739
              ],
              [
                -6695749.281831408,
                6603654.799798739
              ],
              [
                -6695749.281831408,
                6603542.170746635
              ],
              [
                -6695974.539935617,
                6603542.170746635
              ],
              [
                -6695974.539935617,
                6603429.54169453
              ],
              [
                -6696087.168987721,
                6603429.54169453
              ],
              [
                -6696087.168987721,
                6603316.912642426
              ],
              [
                -6696199.798039826,
                6603316.912642426
              ],
              [
                -6696199.798039826,
                6603204.283590321
              ],
              [
                -6696312.42709193,
                6603204.283590321
              ],
              [
                -6696312.42709193,
                6603316.912642426
              ],
              [
                -6696425.056144034,
                6603316.912642426
              ],
              [
                -6696425.056144034,
                6603429.54169453
              ],
              [
                -6696537.685196138,
                6603429.54169453
              ],
              [
                -6696537.685196138,
                6603542.170746635
              ],
              [
                -6697100.83045666,
                6603542.170746635
              ],
              [
                -6697100.83045666,
                6603654.799798739
              ],
              [
                -6697213.459508764,
                6603654.799798739
              ],
              [
                -6697213.459508764,
                6603767.428850843
              ],
              [
                -6698227.120977703,
                6603767.428850843
              ],
              [
                -6698227.120977703,
                6603992.6869550515
              ],
              [
                -6698339.750029807,
                6603992.6869550515
              ],
              [
                -6698339.750029807,
                6604105.316007156
              ],
              [
                -6698452.379081911,
                6604105.316007156
              ],
              [
                -6698452.379081911,
                6604217.94505926
              ],
              [
                -6698565.008134016,
                6604217.94505926
              ],
              [
                -6698565.008134016,
                6603992.6869550515
              ],
              [
                -6698452.379081911,
                6603992.6869550515
              ],
              [
                -6698452.379081911,
                6603767.428850843
              ],
              [
                -6698339.750029807,
                6603767.428850843
              ],
              [
                -6698339.750029807,
                6603542.170746635
              ],
              [
                -6698452.379081911,
                6603542.170746635
              ],
              [
                -6698452.379081911,
                6603429.54169453
              ],
              [
                -6698565.008134016,
                6603429.54169453
              ],
              [
                -6698565.008134016,
                6603204.283590321
              ],
              [
                -6698677.637186119,
                6603204.283590321
              ],
              [
                -6698677.637186119,
                6602979.025486113
              ],
              [
                -6698790.266238224,
                6602979.025486113
              ],
              [
                -6698790.266238224,
                6602866.396434009
              ],
              [
                -6698902.895290328,
                6602866.396434009
              ],
              [
                -6698902.895290328,
                6602641.1383298
              ],
              [
                -6700029.185811372,
                6602641.1383298
              ],
              [
                -6700029.185811372,
                6602528.509277696
              ],
              [
                -6700141.814863475,
                6602528.509277696
              ],
              [
                -6700141.814863475,
                6602415.880225591
              ],
              [
                -6700367.072967684,
                6602415.880225591
              ],
              [
                -6700367.072967684,
                6602303.251173487
              ],
              [
                -6700479.702019788,
                6602303.251173487
              ],
              [
                -6700479.702019788,
                6602190.6221213825
              ],
              [
                -6700704.960123997,
                6602190.6221213825
              ],
              [
                -6700704.960123997,
                6602077.993069279
              ],
              [
                -6700817.589176102,
                6602077.993069279
              ],
              [
                -6700817.589176102,
                6601965.364017175
              ],
              [
                -6701042.84728031,
                6601965.364017175
              ],
              [
                -6701042.84728031,
                6601852.73496507
              ],
              [
                -6701155.476332414,
                6601852.73496507
              ],
              [
                -6701155.476332414,
                6601740.105912966
              ],
              [
                -6701718.621592935,
                6601740.105912966
              ],
              [
                -6701718.621592935,
                6601627.476860861
              ],
              [
                -6702169.137801353,
                6601627.476860861
              ],
              [
                -6702169.137801353,
                6601514.847808757
              ],
              [
                -6702507.024957665,
                6601514.847808757
              ],
              [
                -6702507.024957665,
                6601176.9606524445
              ],
              [
                -6702619.65400977,
                6601176.9606524445
              ],
              [
                -6702619.65400977,
                6601064.33160034
              ],
              [
                -6702507.024957665,
                6601064.33160034
              ],
              [
                -6702507.024957665,
                6600839.073496131
              ],
              [
                -6702619.65400977,
                6600839.073496131
              ],
              [
                -6702619.65400977,
                6600726.444444027
              ],
              [
                -6702732.283061874,
                6600726.444444027
              ],
              [
                -6702732.283061874,
                6600613.815391923
              ],
              [
                -6702844.9121139785,
                6600613.815391923
              ],
              [
                -6702844.9121139785,
                6600501.186339819
              ],
              [
                -6703408.0573745,
                6600501.186339819
              ],
              [
                -6703408.0573745,
                6600388.557287714
              ],
              [
                -6704759.605999751,
                6600388.557287714
              ],
              [
                -6704759.605999751,
                6600501.186339819
              ],
              [
                -6704872.235051855,
                6600501.186339819
              ],
              [
                -6704872.235051855,
                6600613.815391923
              ],
              [
                -6704984.86410396,
                6600613.815391923
              ],
              [
                -6704984.86410396,
                6600726.444444027
              ],
              [
                -6705097.493156064,
                6600726.444444027
              ],
              [
                -6705097.493156064,
                6600839.073496131
              ],
              [
                -6705210.122208169,
                6600839.073496131
              ],
              [
                -6705210.122208169,
                6600951.702548236
              ],
              [
                -6705322.751260273,
                6600951.702548236
              ],
              [
                -6705322.751260273,
                6601064.33160034
              ],
              [
                -6705435.380312377,
                6601064.33160034
              ],
              [
                -6705435.380312377,
                6601176.9606524445
              ],
              [
                -6705548.009364481,
                6601176.9606524445
              ],
              [
                -6705548.009364481,
                6601289.589704549
              ],
              [
                -6705660.6384165855,
                6601289.589704549
              ],
              [
                -6705660.6384165855,
                6601402.218756653
              ],
              [
                -6705885.896520794,
                6601402.218756653
              ],
              [
                -6705885.896520794,
                6601514.847808757
              ],
              [
                -6705998.525572899,
                6601514.847808757
              ],
              [
                -6705998.525572899,
                6601627.476860861
              ],
              [
                -6706111.154625002,
                6601627.476860861
              ],
              [
                -6706111.154625002,
                6601740.105912966
              ],
              [
                -6706223.783677107,
                6601740.105912966
              ],
              [
                -6706223.783677107,
                6601852.73496507
              ],
              [
                -6706336.412729211,
                6601852.73496507
              ],
              [
                -6706336.412729211,
                6601965.364017175
              ],
              [
                -6706449.041781316,
                6601965.364017175
              ],
              [
                -6706449.041781316,
                6602077.993069279
              ],
              [
                -6706561.67083342,
                6602077.993069279
              ],
              [
                -6706561.67083342,
                6602190.6221213825
              ],
              [
                -6706674.299885524,
                6602190.6221213825
              ],
              [
                -6706674.299885524,
                6602303.251173487
              ],
              [
                -6707012.187041837,
                6602303.251173487
              ],
              [
                -6707012.187041837,
                6602415.880225591
              ],
              [
                -6707124.816093941,
                6602415.880225591
              ],
              [
                -6707124.816093941,
                6602077.993069279
              ],
              [
                -6707237.445146046,
                6602077.993069279
              ],
              [
                -6707237.445146046,
                6601514.847808757
              ],
              [
                -6707124.816093941,
                6601514.847808757
              ],
              [
                -6707124.816093941,
                6601289.589704549
              ],
              [
                -6707012.187041837,
                6601289.589704549
              ],
              [
                -6707012.187041837,
                6601064.33160034
              ],
              [
                -6706899.557989732,
                6601064.33160034
              ],
              [
                -6706899.557989732,
                6600951.702548236
              ],
              [
                -6706786.928937629,
                6600951.702548236
              ],
              [
                -6706786.928937629,
                6600726.444444027
              ],
              [
                -6706674.299885524,
                6600726.444444027
              ],
              [
                -6706674.299885524,
                6599938.041079297
              ],
              [
                -6706561.67083342,
                6599938.041079297
              ],
              [
                -6706561.67083342,
                6599825.412027193
              ],
              [
                -6706449.041781316,
                6599825.412027193
              ],
              [
                -6706449.041781316,
                6599712.782975089
              ],
              [
                -6706336.412729211,
                6599712.782975089
              ],
              [
                -6706336.412729211,
                6599600.153922984
              ],
              [
                -6706223.783677107,
                6599600.153922984
              ],
              [
                -6706223.783677107,
                6599487.52487088
              ],
              [
                -6706111.154625002,
                6599487.52487088
              ],
              [
                -6706111.154625002,
                6599374.8958187755
              ],
              [
                -6705998.525572899,
                6599374.8958187755
              ],
              [
                -6705998.525572899,
                6599262.266766671
              ],
              [
                -6705885.896520794,
                6599262.266766671
              ],
              [
                -6705885.896520794,
                6598924.379610359
              ],
              [
                -6705998.525572899,
                6598924.379610359
              ],
              [
                -6705998.525572899,
                6598811.750558254
              ],
              [
                -6706111.154625002,
                6598811.750558254
              ],
              [
                -6706111.154625002,
                6598586.492454045
              ],
              [
                -6705660.6384165855,
                6598586.492454045
              ],
              [
                -6705660.6384165855,
                6598699.12150615
              ],
              [
                -6705435.380312377,
                6598699.12150615
              ],
              [
                -6705435.380312377,
                6598586.492454045
              ],
              [
                -6704759.605999751,
                6598586.492454045
              ],
              [
                -6704759.605999751,
                6598473.863401941
              ],
              [
                -6704646.976947647,
                6598473.863401941
              ],
              [
                -6704646.976947647,
                6598248.605297733
              ],
              [
                -6704534.347895543,
                6598248.605297733
              ],
              [
                -6704534.347895543,
                6598135.976245629
              ],
              [
                -6704196.46073923,
                6598135.976245629
              ],
              [
                -6704196.46073923,
                6598023.347193524
              ],
              [
                -6703971.202635021,
                6598023.347193524
              ],
              [
                -6703971.202635021,
                6597910.71814142
              ],
              [
                -6703858.573582917,
                6597910.71814142
              ],
              [
                -6703858.573582917,
                6597798.089089315
              ],
              [
                -6703745.944530813,
                6597798.089089315
              ],
              [
                -6703745.944530813,
                6597685.460037211
              ],
              [
                -6703633.315478709,
                6597685.460037211
              ],
              [
                -6703633.315478709,
                6597572.830985107
              ],
              [
                -6703070.170218187,
                6597572.830985107
              ],
              [
                -6703070.170218187,
                6597460.201933003
              ],
              [
                -6702957.541166083,
                6597460.201933003
              ],
              [
                -6702957.541166083,
                6597347.572880899
              ],
              [
                -6702619.65400977,
                6597347.572880899
              ],
              [
                -6702619.65400977,
                6597234.943828794
              ],
              [
                -6702056.508749248,
                6597234.943828794
              ],
              [
                -6702056.508749248,
                6597122.31477669
              ],
              [
                -6701831.25064504,
                6597122.31477669
              ],
              [
                -6701831.25064504,
                6597234.943828794
              ],
              [
                -6701268.105384518,
                6597234.943828794
              ],
              [
                -6701268.105384518,
                6597122.31477669
              ],
              [
                -6701155.476332414,
                6597122.31477669
              ],
              [
                -6701155.476332414,
                6597009.685724585
              ],
              [
                -6701042.84728031,
                6597009.685724585
              ],
              [
                -6701042.84728031,
                6596897.056672482
              ],
              [
                -6700930.218228205,
                6596897.056672482
              ],
              [
                -6700930.218228205,
                6596784.427620377
              ],
              [
                -6700817.589176102,
                6596784.427620377
              ],
              [
                -6700817.589176102,
                6596671.798568273
              ],
              [
                -6700704.960123997,
                6596671.798568273
              ],
              [
                -6700704.960123997,
                6596559.169516169
              ],
              [
                -6700592.331071893,
                6596559.169516169
              ],
              [
                -6700592.331071893,
                6596446.540464064
              ],
              [
                -6700479.702019788,
                6596446.540464064
              ],
              [
                -6700479.702019788,
                6596333.91141196
              ],
              [
                -6700367.072967684,
                6596333.91141196
              ],
              [
                -6700367.072967684,
                6596221.282359855
              ],
              [
                -6700254.4439155795,
                6596221.282359855
              ],
              [
                -6700254.4439155795,
                6596108.653307752
              ],
              [
                -6700141.814863475,
                6596108.653307752
              ],
              [
                -6700141.814863475,
                6595996.024255647
              ],
              [
                -6700029.185811372,
                6595996.024255647
              ],
              [
                -6700029.185811372,
                6595883.395203543
              ],
              [
                -6699916.556759267,
                6595883.395203543
              ],
              [
                -6699916.556759267,
                6595770.7661514385
              ],
              [
                -6699803.927707163,
                6595770.7661514385
              ],
              [
                -6699803.927707163,
                6595658.137099334
              ],
              [
                -6699691.298655058,
                6595658.137099334
              ],
              [
                -6699691.298655058,
                6595545.50804723
              ],
              [
                -6699578.669602954,
                6595545.50804723
              ],
              [
                -6699578.669602954,
                6595432.878995125
              ],
              [
                -6699466.040550849,
                6595432.878995125
              ],
              [
                -6699466.040550849,
                6595320.249943022
              ],
              [
                -6699353.411498746,
                6595320.249943022
              ],
              [
                -6699353.411498746,
                6595207.620890917
              ],
              [
                -6699240.7824466415,
                6595207.620890917
              ],
              [
                -6699240.7824466415,
                6595094.991838813
              ],
              [
                -6699128.153394537,
                6595094.991838813
              ],
              [
                -6699128.153394537,
                6594982.362786708
              ],
              [
                -6699015.524342433,
                6594982.362786708
              ],
              [
                -6699015.524342433,
                6593743.443213562
              ],
              [
                -6698902.895290328,
                6593743.443213562
              ],
              [
                -6698902.895290328,
                6593630.814161457
              ],
              [
                -6698790.266238224,
                6593630.814161457
              ],
              [
                -6698790.266238224,
                6593292.927005144
              ],
              [
                -6698677.637186119,
                6593292.927005144
              ],
              [
                -6698677.637186119,
                6593067.668900936
              ],
              [
                -6698565.008134016,
                6593067.668900936
              ],
              [
                -6698565.008134016,
                6592955.0398488315
              ],
              [
                -6698452.379081911,
                6592955.0398488315
              ],
              [
                -6698452.379081911,
                6592842.410796727
              ],
              [
                -6698001.862873494,
                6592842.410796727
              ],
              [
                -6698001.862873494,
                6592729.781744623
              ],
              [
                -6697551.346665077,
                6592729.781744623
              ],
              [
                -6697551.346665077,
                6592617.152692518
              ],
              [
                -6697438.7176129725,
                6592617.152692518
              ],
              [
                -6697438.7176129725,
                6592504.523640414
              ],
              [
                -6697551.346665077,
                6592504.523640414
              ],
              [
                -6697551.346665077,
                6592054.007431997
              ],
              [
                -6697438.7176129725,
                6592054.007431997
              ],
              [
                -6697438.7176129725,
                6591941.378379893
              ],
              [
                -6697326.088560868,
                6591941.378379893
              ],
              [
                -6697326.088560868,
                6591828.749327788
              ],
              [
                -6697213.459508764,
                6591828.749327788
              ],
              [
                -6697213.459508764,
                6591716.120275684
              ],
              [
                -6697100.83045666,
                6591716.120275684
              ],
              [
                -6697100.83045666,
                6591603.49122358
              ],
              [
                -6696988.201404556,
                6591603.49122358
              ],
              [
                -6696988.201404556,
                6591490.862171476
              ],
              [
                -6696875.572352451,
                6591490.862171476
              ],
              [
                -6696875.572352451,
                6591378.233119371
              ],
              [
                -6696762.943300347,
                6591378.233119371
              ],
              [
                -6696762.943300347,
                6591265.604067267
              ],
              [
                -6696650.314248242,
                6591265.604067267
              ],
              [
                -6696650.314248242,
                6591152.9750151625
              ],
              [
                -6696537.685196138,
                6591152.9750151625
              ],
              [
                -6696537.685196138,
                6590815.08785885
              ],
              [
                -6696425.056144034,
                6590815.08785885
              ],
              [
                -6696425.056144034,
                6590026.68449412
              ],
              [
                -6696312.42709193,
                6590026.68449412
              ],
              [
                -6696312.42709193,
                6589914.055442016
              ],
              [
                -6696087.168987721,
                6589914.055442016
              ],
              [
                -6696087.168987721,
                6589801.426389911
              ],
              [
                -6695974.539935617,
                6589801.426389911
              ],
              [
                -6695974.539935617,
                6589914.055442016
              ],
              [
                -6695861.910883512,
                6589914.055442016
              ],
              [
                -6695861.910883512,
                6589801.426389911
              ],
              [
                -6695524.0237272,
                6589801.426389911
              ],
              [
                -6695524.0237272,
                6589688.797337807
              ],
              [
                -6695411.394675096,
                6589688.797337807
              ],
              [
                -6695411.394675096,
                6589576.168285702
              ],
              [
                -6694285.104154052,
                6589576.168285702
              ],
              [
                -6694285.104154052,
                6589688.797337807
              ],
              [
                -6694059.846049844,
                6589688.797337807
              ],
              [
                -6694059.846049844,
                6589801.426389911
              ],
              [
                -6693947.21699774,
                6589801.426389911
              ],
              [
                -6693947.21699774,
                6589914.055442016
              ],
              [
                -6693721.958893531,
                6589914.055442016
              ],
              [
                -6693721.958893531,
                6590139.3135462245
              ],
              [
                -6693609.329841427,
                6590139.3135462245
              ],
              [
                -6693609.329841427,
                6590026.68449412
              ],
              [
                -6693271.442685114,
                6590026.68449412
              ],
              [
                -6693271.442685114,
                6589914.055442016
              ],
              [
                -6692595.668372489,
                6589914.055442016
              ],
              [
                -6692595.668372489,
                6590026.68449412
              ],
              [
                -6692257.781216175,
                6590026.68449412
              ],
              [
                -6692257.781216175,
                6590139.3135462245
              ],
              [
                -6692032.523111966,
                6590139.3135462245
              ],
              [
                -6692032.523111966,
                6590251.942598328
              ],
              [
                -6691807.2650077585,
                6590251.942598328
              ],
              [
                -6691807.2650077585,
                6590364.571650432
              ],
              [
                -6691694.635955654,
                6590364.571650432
              ],
              [
                -6691694.635955654,
                6590477.200702537
              ],
              [
                -6690906.232590924,
                6590477.200702537
              ],
              [
                -6690906.232590924,
                6590589.829754641
              ],
              [
                -6690793.60353882,
                6590589.829754641
              ],
              [
                -6690793.60353882,
                6590702.458806746
              ],
              [
                -6690230.458278298,
                6590702.458806746
              ],
              [
                -6690230.458278298,
                6590927.716910955
              ],
              [
                -6690117.829226194,
                6590927.716910955
              ],
              [
                -6690117.829226194,
                6591265.604067267
              ],
              [
                -6690005.2001740895,
                6591265.604067267
              ],
              [
                -6690005.2001740895,
                6591716.120275684
              ],
              [
                -6689779.942069881,
                6591716.120275684
              ],
              [
                -6689779.942069881,
                6591828.749327788
              ],
              [
                -6689667.313017777,
                6591828.749327788
              ],
              [
                -6689667.313017777,
                6591941.378379893
              ],
              [
                -6689554.683965673,
                6591941.378379893
              ],
              [
                -6689554.683965673,
                6592054.007431997
              ],
              [
                -6689442.054913568,
                6592054.007431997
              ],
              [
                -6689442.054913568,
                6592166.636484101
              ],
              [
                -6689329.425861464,
                6592166.636484101
              ],
              [
                -6689329.425861464,
                6592279.265536206
              ],
              [
                -6689216.796809359,
                6592279.265536206
              ],
              [
                -6689216.796809359,
                6592391.89458831
              ],
              [
                -6689104.167757255,
                6592391.89458831
              ],
              [
                -6689104.167757255,
                6592504.523640414
              ],
              [
                -6688766.280600943,
                6592504.523640414
              ],
              [
                -6688766.280600943,
                6592617.152692518
              ],
              [
                -6688315.764392525,
                6592617.152692518
              ],
              [
                -6688315.764392525,
                6592729.781744623
              ],
              [
                -6688203.1353404205,
                6592729.781744623
              ],
              [
                -6688203.1353404205,
                6593180.297953039
              ],
              [
                -6688090.506288317,
                6593180.297953039
              ],
              [
                -6688090.506288317,
                6593292.927005144
              ],
              [
                -6687977.877236213,
                6593292.927005144
              ],
              [
                -6687977.877236213,
                6593405.556057248
              ],
              [
                -6687865.248184108,
                6593405.556057248
              ],
              [
                -6687865.248184108,
                6595545.50804723
              ],
              [
                -6687639.990079899,
                6595545.50804723
              ],
              [
                -6687639.990079899,
                6595770.7661514385
              ],
              [
                -6687527.361027795,
                6595770.7661514385
              ],
              [
                -6687527.361027795,
                6596333.91141196
              ],
              [
                -6687414.731975691,
                6596333.91141196
              ],
              [
                -6687414.731975691,
                6596446.540464064
              ],
              [
                -6687302.102923587,
                6596446.540464064
              ],
              [
                -6687302.102923587,
                6596671.798568273
              ],
              [
                -6687189.473871483,
                6596671.798568273
              ],
              [
                -6687189.473871483,
                6596897.056672482
              ],
              [
                -6687302.102923587,
                6596897.056672482
              ],
              [
                -6687302.102923587,
                6597009.685724585
              ],
              [
                -6687189.473871483,
                6597009.685724585
              ],
              [
                -6687189.473871483,
                6597122.31477669
              ],
              [
                -6687076.844819378,
                6597122.31477669
              ],
              [
                -6687076.844819378,
                6597347.572880899
              ],
              [
                -6686964.215767274,
                6597347.572880899
              ],
              [
                -6686964.215767274,
                6597460.201933003
              ],
              [
                -6686851.586715169,
                6597460.201933003
              ],
              [
                -6686851.586715169,
                6597572.830985107
              ],
              [
                -6686401.0705067525,
                6597572.830985107
              ],
              [
                -6686401.0705067525,
                6597685.460037211
              ],
              [
                -6686288.441454648,
                6597685.460037211
              ],
              [
                -6686288.441454648,
                6597798.089089315
              ],
              [
                -6686063.183350439,
                6597798.089089315
              ],
              [
                -6686063.183350439,
                6597910.71814142
              ],
              [
                -6685950.554298336,
                6597910.71814142
              ],
              [
                -6685950.554298336,
                6598135.976245629
              ],
              [
                -6685837.925246231,
                6598135.976245629
              ],
              [
                -6685837.925246231,
                6598248.605297733
              ],
              [
                -6685612.667142022,
                6598248.605297733
              ],
              [
                -6685612.667142022,
                6598361.2343498375
              ],
              [
                -6685274.779985709,
                6598361.2343498375
              ],
              [
                -6685274.779985709,
                6598473.863401941
              ],
              [
                -6684936.892829397,
                6598473.863401941
              ],
              [
                -6684936.892829397,
                6598586.492454045
              ],
              [
                -6684824.263777292,
                6598586.492454045
              ],
              [
                -6684824.263777292,
                6598699.12150615
              ],
              [
                -6684711.634725188,
                6598699.12150615
              ],
              [
                -6684711.634725188,
                6598811.750558254
              ],
              [
                -6684599.0056730835,
                6598811.750558254
              ],
              [
                -6684599.0056730835,
                6598924.379610359
              ],
              [
                -6684486.376620979,
                6598924.379610359
              ],
              [
                -6684486.376620979,
                6599262.266766671
              ],
              [
                -6684373.747568876,
                6599262.266766671
              ],
              [
                -6684373.747568876,
                6599374.8958187755
              ],
              [
                -6684148.489464667,
                6599374.8958187755
              ],
              [
                -6684148.489464667,
                6599487.52487088
              ],
              [
                -6683923.231360458,
                6599487.52487088
              ],
              [
                -6683923.231360458,
                6599600.153922984
              ],
              [
                -6683810.602308353,
                6599600.153922984
              ],
              [
                -6683810.602308353,
                6599825.412027193
              ],
              [
                -6683697.97325625,
                6599825.412027193
              ],
              [
                -6683697.97325625,
                6599938.041079297
              ],
              [
                -6683585.3442041455,
                6599938.041079297
              ],
              [
                -6683585.3442041455,
                6600050.670131401
              ],
              [
                -6683923.231360458,
                6600050.670131401
              ],
              [
                -6683923.231360458,
                6600163.299183506
              ],
              [
                -6684148.489464667,
                6600163.299183506
              ],
              [
                -6684148.489464667,
                6600275.92823561
              ],
              [
                -6684486.376620979,
                6600275.92823561
              ],
              [
                -6684486.376620979,
                6600388.557287714
              ],
              [
                -6684599.0056730835,
                6600388.557287714
              ],
              [
                -6684599.0056730835,
                6600613.815391923
              ],
              [
                -6684711.634725188,
                6600613.815391923
              ],
              [
                -6684711.634725188,
                6600726.444444027
              ],
              [
                -6684824.263777292,
                6600726.444444027
              ],
              [
                -6684824.263777292,
                6600839.073496131
              ],
              [
                -6685162.150933606,
                6600839.073496131
              ],
              [
                -6685162.150933606,
                6600951.702548236
              ],
              [
                -6685274.779985709,
                6600951.702548236
              ],
              [
                -6685274.779985709,
                6601064.33160034
              ],
              [
                -6685612.667142022,
                6601064.33160034
              ],
              [
                -6685612.667142022,
                6601176.9606524445
              ],
              [
                -6685725.296194127,
                6601176.9606524445
              ],
              [
                -6685725.296194127,
                6601289.589704549
              ],
              [
                -6685837.925246231,
                6601289.589704549
              ],
              [
                -6685837.925246231,
                6601402.218756653
              ],
              [
                -6685950.554298336,
                6601402.218756653
              ],
              [
                -6685950.554298336,
                6601514.847808757
              ],
              [
                -6686063.183350439,
                6601514.847808757
              ],
              [
                -6686063.183350439,
                6601627.476860861
              ],
              [
                -6686175.812402544,
                6601627.476860861
              ],
              [
                -6686175.812402544,
                6601740.105912966
              ],
              [
                -6686288.441454648,
                6601740.105912966
              ],
              [
                -6686288.441454648,
                6601965.364017175
              ],
              [
                -6686401.0705067525,
                6601965.364017175
              ],
              [
                -6686401.0705067525,
                6602077.993069279
              ],
              [
                -6686513.699558857,
                6602077.993069279
              ],
              [
                -6686513.699558857,
                6601965.364017175
              ],
              [
                -6686738.957663065,
                6601965.364017175
              ],
              [
                -6686738.957663065,
                6601852.73496507
              ],
              [
                -6687076.844819378,
                6601852.73496507
              ],
              [
                -6687076.844819378,
                6601740.105912966
              ],
              [
                -6687189.473871483,
                6601740.105912966
              ],
              [
                -6687189.473871483,
                6601627.476860861
              ],
              [
                -6687302.102923587,
                6601627.476860861
              ],
              [
                -6687302.102923587,
                6601514.847808757
              ],
              [
                -6687414.731975691,
                6601514.847808757
              ],
              [
                -6687414.731975691,
                6601402.218756653
              ],
              [
                -6687527.361027795,
                6601402.218756653
              ],
              [
                -6687527.361027795,
                6601289.589704549
              ],
              [
                -6687639.990079899,
                6601289.589704549
              ],
              [
                -6687639.990079899,
                6601176.9606524445
              ],
              [
                -6687865.248184108,
                6601176.9606524445
              ],
              [
                -6687865.248184108,
                6600951.702548236
              ],
              [
                -6687977.877236213,
                6600951.702548236
              ],
              [
                -6687977.877236213,
                6600839.073496131
              ],
              [
                -6688090.506288317,
                6600839.073496131
              ],
              [
                -6688090.506288317,
                6600726.444444027
              ],
              [
                -6688203.1353404205,
                6600726.444444027
              ],
              [
                -6688203.1353404205,
                6599938.041079297
              ],
              [
                -6688315.764392525,
                6599938.041079297
              ],
              [
                -6688315.764392525,
                6599825.412027193
              ],
              [
                -6688428.393444629,
                6599825.412027193
              ],
              [
                -6688428.393444629,
                6599938.041079297
              ],
              [
                -6688766.280600943,
                6599938.041079297
              ],
              [
                -6688766.280600943,
                6600050.670131401
              ],
              [
                -6688878.909653047,
                6600050.670131401
              ],
              [
                -6688878.909653047,
                6600388.557287714
              ],
              [
                -6688991.538705151,
                6600388.557287714
              ],
              [
                -6688991.538705151,
                6600726.444444027
              ],
              [
                -6689104.167757255,
                6600726.444444027
              ],
              [
                -6689104.167757255,
                6600951.702548236
              ],
              [
                -6689216.796809359,
                6600951.702548236
              ],
              [
                -6689216.796809359,
                6601176.9606524445
              ],
              [
                -6689329.425861464,
                6601176.9606524445
              ],
              [
                -6689329.425861464,
                6601402.218756653
              ],
              [
                -6689442.054913568,
                6601402.218756653
              ],
              [
                -6689442.054913568,
                6601514.847808757
              ],
              [
                -6689554.683965673,
                6601514.847808757
              ],
              [
                -6689554.683965673,
                6601627.476860861
              ],
              [
                -6689667.313017777,
                6601627.476860861
              ],
              [
                -6689667.313017777,
                6601740.105912966
              ],
              [
                -6689779.942069881,
                6601740.105912966
              ],
              [
                -6689779.942069881,
                6601852.73496507
              ],
              [
                -6690117.829226194,
                6601852.73496507
              ],
              [
                -6690117.829226194,
                6601965.364017175
              ],
              [
                -6690343.087330403,
                6601965.364017175
              ],
              [
                -6690343.087330403,
                6602077.993069279
              ],
              [
                -6690793.60353882,
                6602077.993069279
              ],
              [
                -6690793.60353882,
                6602190.6221213825
              ],
              [
                -6690906.232590924,
                6602190.6221213825
              ],
              [
                -6690906.232590924,
                6602303.251173487
              ],
              [
                -6691018.861643028,
                6602303.251173487
              ],
              [
                -6691018.861643028,
                6602415.880225591
              ],
              [
                -6691131.490695133,
                6602415.880225591
              ],
              [
                -6691131.490695133,
                6602528.509277696
              ],
              [
                -6691244.119747236,
                6602528.509277696
              ],
              [
                -6691244.119747236,
                6602641.1383298
              ],
              [
                -6691356.748799341,
                6602641.1383298
              ],
              [
                -6691356.748799341,
                6602866.396434009
              ],
              [
                -6691469.377851445,
                6602866.396434009
              ],
              [
                -6691469.377851445,
                6603316.912642426
              ],
              [
                -6691582.00690355,
                6603316.912642426
              ],
              [
                -6691582.00690355,
                6603542.170746635
              ],
              [
                -6691807.2650077585,
                6603542.170746635
              ],
              [
                -6691807.2650077585,
                6603654.799798739
              ],
              [
                -6692483.039320384,
                6603654.799798739
              ],
              [
                -6692483.039320384,
                6603767.428850843
              ],
              [
                -6692708.297424592,
                6603767.428850843
              ],
              [
                -6692708.297424592,
                6603880.057902947
              ],
              [
                -6692820.9264766965,
                6603880.057902947
              ],
              [
                -6692820.9264766965,
                6603767.428850843
              ],
              [
                -6693046.184580905,
                6603767.428850843
              ],
              [
                -6693046.184580905,
                6603654.799798739
              ],
              [
                -6693271.442685114,
                6603654.799798739
              ],
              [
                -6693271.442685114,
                6603767.428850843
              ],
              [
                -6693384.071737219,
                6603767.428850843
              ],
              [
                -6693384.071737219,
                6603880.057902947
              ],
              [
                -6693496.700789322,
                6603880.057902947
              ],
              [
                -6693496.700789322,
                6603992.6869550515
              ],
              [
                -6693609.329841427,
                6603992.6869550515
              ],
              [
                -6693609.329841427,
                6604105.316007156
              ],
              [
                -6693721.958893531,
                6604105.316007156
              ],
              [
                -6693721.958893531,
                6604217.94505926
              ],
              [
                -6693834.587945635,
                6604217.94505926
              ],
              [
                -6693834.587945635,
                6604330.574111365
              ],
              [
                -6693947.21699774,
                6604330.574111365
              ],
              [
                -6693947.21699774,
                6604443.203163468
              ],
              [
                -6694510.362258261,
                6604443.203163468
              ]
            ]
          ]
        ]
      },
      "properties": {
        "zone_id": "21",
        "downstream_id": "20",
        "area_km2": 176.94729681847286,
        "runoff_method": "hbv",
        "routing_method": "muskingum"
      }
    },
    {
      "type": "Feature",
      "geometry": {
        "type": "MultiPolygon",
        "coordinates": [
          [
            [
              [
                -6710616.316709174,
                6605118.977476095
              ],
              [
                -6710616.316709174,
                6605006.34842399
              ],
              [
                -6712193.123438634,
                6605006.34842399
              ],
              [
                -6712193.123438634,
                6604893.719371886
              ],
              [
                -6712756.268699156,
                6604893.719371886
              ],
              [
                -6712756.268699156,
                6604781.090319782
              ],
              [
                -6712868.89775126,
                6604781.090319782
              ],
              [
                -6712868.89775126,
                6604668.461267677
              ],
              [
                -6713094.1558554685,
                6604668.461267677
              ],
              [
                -6713094.1558554685,
                6604555.832215573
              ],
              [
                -6713206.784907573,
                6604555.832215573
              ],
              [
                -6713206.784907573,
                6604443.203163468
              ],
              [
                -6713432.043011782,
                6604443.203163468
              ],
              [
                -6713432.043011782,
                6604330.574111365
              ],
              [
                -6713544.672063886,
                6604330.574111365
              ],
              [
                -6713544.672063886,
                6604443.203163468
              ],
              [
                -6713657.30111599,
                6604443.203163468
              ],
              [
                -6713657.30111599,
                6604555.832215573
              ],
              [
                -6714107.817324407,
                6604555.832215573
              ],
              [
                -6714107.817324407,
                6604668.461267677
              ],
              [
                -6714220.446376512,
                6604668.461267677
              ],
              [
                -6714220.446376512,
                6604781.090319782
              ],
              [
                -6714333.075428615,
                6604781.090319782
              ],
              [
                -6714333.075428615,
                6604893.719371886
              ],
              [
                -6714670.962584929,
                6604893.719371886
              ],
              [
                -6714670.962584929,
                6604781.090319782
              ],
              [
                -6714896.2206891375,
                6604781.090319782
              ],
              [
                -6714896.2206891375,
                6604668.461267677
              ],
              [
                -6715121.478793345,
                6604668.461267677
              ],
              [
                -6715121.478793345,
                6604555.832215573
              ],
              [
                -6715346.736897554,
                6604555.832215573
              ],
              [
                -6715346.736897554,
                6604443.203163468
              ],
              [
                -6715459.365949659,
                6604443.203163468
              ],
              [
                -6715459.365949659,
                6604330.574111365
              ],
              [
                -6715571.995001763,
                6604330.574111365
              ],
              [
                -6715571.995001763,
                6604217.94505926
              ],
              [
                -6715684.6240538675,
                6604217.94505926
              ],
              [
                -6715684.6240538675,
                6603992.6869550515
              ],
              [
                -6715797.253105972,
                6603992.6869550515
              ],
              [
                -6715797.253105972,
                6603880.057902947
              ],
              [
                -6715909.882158075,
                6603880.057902947
              ],
              [
                -6715909.882158075,
                6603767.428850843
              ],
              [
                -6716022.51121018,
                6603767.428850843
              ],
              [
                -6716022.51121018,
                6603654.799798739
              ],
              [
                -6716135.140262284,
                6603654.799798739
              ],
              [
                -6716135.140262284,
                6603542.170746635
              ],
              [
                -6716810.91457491,
                6603542.170746635
              ],
              [
                -6716810.91457491,
                6603316.912642426
              ],
              [
                -6716923.543627014,
                6603316.912642426
              ],
              [
                -6716923.543627014,
                6603204.283590321
              ],
              [
                -6717036.172679119,
                6603204.283590321
              ],
              [
                -6717036.172679119,
                6603091.654538217
              ],
              [
                -6717261.430783328,
                6603091.654538217
              ],
              [
                -6717261.430783328,
                6602979.025486113
              ],
              [
                -6717486.688887536,
                6602979.025486113
              ],
              [
                -6717486.688887536,
                6602866.396434009
              ],
              [
                -6717599.31793964,
                6602866.396434009
              ],
              [
                -6717599.31793964,
                6602753.767381905
              ],
              [
                -6717711.946991744,
                6602753.767381905
              ],
              [
                -6717711.946991744,
                6602641.1383298
              ],
              [
                -6717824.576043849,
                6602641.1383298
              ],
              [
                -6717824.576043849,
                6602528.509277696
              ],
              [
                -6717937.205095953,
                6602528.509277696
              ],
              [
                -6717937.205095953,
                6602415.880225591
              ],
              [
                -6718049.834148058,
                6602415.880225591
              ],
              [
                -6718049.834148058,
                6602303.251173487
              ],
              [
                -6717937.205095953,
                6602303.251173487
              ],
              [
                -6717937.205095953,
                6602190.6221213825
              ],
              [
                -6718049.834148058,
                6602190.6221213825
              ],
              [
                -6718049.834148058,
                6602077.993069279
              ],
              [
                -6718162.463200161,
                6602077.993069279
              ],
              [
                -6718162.463200161,
                6601514.847808757
              ],
              [
                -6718387.72130437,
                6601514.847808757
              ],
              [
                -6718387.72130437,
                6600951.702548236
              ],
              [
                -6718275.092252266,
                6600951.702548236
              ],
              [
                -6718275.092252266,
                6600839.073496131
              ],
              [
                -6718162.463200161,
                6600839.073496131
              ],
              [
                -6718162.463200161,
                6600726.444444027
              ],
              [
                -6718049.834148058,
                6600726.444444027
              ],
              [
                -6718049.834148058,
                6600613.815391923
              ],
              [
                -6717824.576043849,
                6600613.815391923
              ],
              [
                -6717824.576043849,
                6600501.186339819
              ],
              [
                -6717599.31793964,
                6600501.186339819
              ],
              [
                -6717599.31793964,
                6600050.670131401
              ],
              [
                -6717486.688887536,
                6600050.670131401
              ],
              [
                -6717486.688887536,
                6599938.041079297
              ],
              [
                -6717374.059835431,
                6599938.041079297
              ],
              [
                -6717374.059835431,
                6599825.412027193
              ],
              [
                -6717261.430783328,
                6599825.412027193
              ],
              [
                -6717261.430783328,
                6599600.153922984
              ],
              [
                -6717148.801731223,
                6599600.153922984
              ],
              [
                -6717148.801731223,
                6599487.52487088
              ],
              [
                -6717261.430783328,
                6599487.52487088
              ],
              [
                -6717261.430783328,
                6599262.266766671
              ],
              [
                -6717374.059835431,
                6599262.266766671
              ],
              [
                -6717374.059835431,
                6598811.750558254
              ],
              [
                -6717486.688887536,
                6598811.750558254
              ],
              [
                -6717486.688887536,
                6598699.12150615
              ],
              [
                -6717374.059835431,
                6598699.12150615
              ],
              [
                -6717374.059835431,
                6598586.492454045
              ],
              [
                -6717261.430783328,
                6598586.492454045
              ],
              [
                -6717261.430783328,
                6598361.2343498375
              ],
              [
                -6717036.172679119,
                6598361.2343498375
              ],
              [
                -6717036.172679119,
                6598248.605297733
              ],
              [
                -6716810.91457491,
                6598248.605297733
              ],
              [
                -6716810.91457491,
                6598135.976245629
              ],
              [
                -6716022.51121018,
                6598135.976245629
              ],
              [
                -6716022.51121018,
                6598248.605297733
              ],
              [
                -6715234.10784545,
                6598248.605297733
              ],
              [
                -6715234.10784545,
                6598361.2343498375
              ],
              [
                -6715121.478793345,
                6598361.2343498375
              ],
              [
                -6715121.478793345,
                6598586.492454045
              ],
              [
                -6715008.849741242,
                6598586.492454045
              ],
              [
                -6715008.849741242,
                6598699.12150615
              ],
              [
                -6714896.2206891375,
                6598699.12150615
              ],
              [
                -6714896.2206891375,
                6598811.750558254
              ],
              [
                -6714783.591637033,
                6598811.750558254
              ],
              [
                -6714783.591637033,
                6598924.379610359
              ],
              [
                -6714558.333532824,
                6598924.379610359
              ],
              [
                -6714558.333532824,
                6599037.008662463
              ],
              [
                -6714445.70448072,
                6599037.008662463
              ],
              [
                -6714445.70448072,
                6599149.637714568
              ],
              [
                -6714220.446376512,
                6599149.637714568
              ],
              [
                -6714220.446376512,
                6599262.266766671
              ],
              [
                -6713882.559220199,
                6599262.266766671
              ],
              [
                -6713882.559220199,
                6599374.8958187755
              ],
              [
                -6713657.30111599,
                6599374.8958187755
              ],
              [
                -6713657.30111599,
                6599487.52487088
              ],
              [
                -6713544.672063886,
                6599487.52487088
              ],
              [
                -6713544.672063886,
                6599600.153922984
              ],
              [
                -6713432.043011782,
                6599600.153922984
              ],
              [
                -6713432.043011782,
                6599712.782975089
              ],
              [
                -6713319.413959677,
                6599712.782975089
              ],
              [
                -6713319.413959677,
                6599938.041079297
              ],
              [
                -6713094.1558554685,
                6599938.041079297
              ],
              [
                -6713094.1558554685,
                6600050.670131401
              ],
              [
                -6712868.89775126,
                6600050.670131401
              ],
              [
                -6712868.89775126,
                6600163.299183506
              ],
              [
                -6712756.268699156,
                6600163.299183506
              ],
              [
                -6712756.268699156,
                6600275.92823561
              ],
              [
                -6712643.639647052,
                6600275.92823561
              ],
              [
                -6712643.639647052,
                6600388.557287714
              ],
              [
                -6712418.381542843,
                6600388.557287714
              ],
              [
                -6712418.381542843,
                6600501.186339819
              ],
              [
                -6712305.752490738,
                6600501.186339819
              ],
              [
                -6712305.752490738,
                6600613.815391923
              ],
              [
                -6712080.4943865305,
                6600613.815391923
              ],
              [
                -6712080.4943865305,
                6600726.444444027
              ],
              [
                -6711742.607230217,
                6600726.444444027
              ],
              [
                -6711742.607230217,
                6600613.815391923
              ],
              [
                -6711517.349126008,
                6600613.815391923
              ],
              [
                -6711517.349126008,
                6600501.186339819
              ],
              [
                -6711404.720073904,
                6600501.186339819
              ],
              [
                -6711404.720073904,
                6600388.557287714
              ],
              [
                -6711292.0910218,
                6600388.557287714
              ],
              [
                -6711292.0910218,
                6600275.92823561
              ],
              [
                -6711179.461969696,
                6600275.92823561
              ],
              [
                -6711179.461969696,
                6600163.299183506
              ],
              [
                -6711066.832917592,
                6600163.299183506
              ],
              [
                -6711066.832917592,
                6600050.670131401
              ],
              [
                -6710954.203865487,
                6600050.670131401
              ],
              [
                -6710954.203865487,
                6599938.041079297
              ],
              [
                -6710728.945761278,
                6599938.041079297
              ],
              [
                -6710728.945761278,
                6599825.412027193
              ],
              [
                -6710616.316709174,
                6599825.412027193
              ],
              [
                -6710616.316709174,
                6599712.782975089
              ],
              [
                -6710503.68765707,
                6599712.782975089
              ],
              [
                -6710503.68765707,
                6599600.153922984
              ],
              [
                -6710391.058604966,
                6599600.153922984
              ],
              [
                -6710391.058604966,
                6599487.52487088
              ],
              [
                -6709039.509979715,
                6599487.52487088
              ],
              [
                -6709039.509979715,
                6599600.153922984
              ],
              [
                -6708926.88092761,
                6599600.153922984
              ],
              [
                -6708926.88092761,
                6599487.52487088
              ],
              [
                -6708814.251875506,
                6599487.52487088
              ],
              [
                -6708814.251875506,
                6599374.8958187755
              ],
              [
                -6708701.622823401,
                6599374.8958187755
              ],
              [
                -6708701.622823401,
                6599262.266766671
              ],
              [
                -6708588.993771297,
                6599262.266766671
              ],
              [
                -6708588.993771297,
                6599149.637714568
              ],
              [
                -6708363.735667088,
                6599149.637714568
              ],
              [
                -6708363.735667088,
                6599037.008662463
              ],
              [
                -6708251.106614985,
                6599037.008662463
              ],
              [
                -6708251.106614985,
                6598924.379610359
              ],
              [
                -6708138.47756288,
                6598924.379610359
              ],
              [
                -6708138.47756288,
                6598811.750558254
              ],
              [
                -6707800.590406567,
                6598811.750558254
              ],
              [
                -6707800.590406567,
                6598699.12150615
              ],
              [
                -6707575.332302359,
                6598699.12150615
              ],
              [
                -6707575.332302359,
                6598586.492454045
              ],
              [
                -6707462.7032502545,
                6598586.492454045
              ],
              [
                -6707462.7032502545,
                6598473.863401941
              ],
              [
                -6707350.07419815,
                6598473.863401941
              ],
              [
                -6707350.07419815,
                6596559.169516169
              ],
              [
                -6707237.445146046,
                6596559.169516169
              ],
              [
                -6707237.445146046,
                6596333.91141196
              ],
              [
                -6707124.816093941,
                6596333.91141196
              ],
              [
                -6707124.816093941,
                6595883.395203543
              ],
              [
                -6707012.187041837,
                6595883.395203543
              ],
              [
                -6707012.187041837,
                6595545.50804723
              ],
              [
                -6707124.816093941,
                6595545.50804723
              ],
              [
                -6707124.816093941,
                6595207.620890917
              ],
              [
                -6707012.187041837,
                6595207.620890917
              ],
              [
                -6707012.187041837,
                6594982.362786708
              ],
              [
                -6706899.557989732,
                6594982.362786708
              ],
              [
                -6706899.557989732,
                6594869.733734604
              ],
              [
                -6706674.299885524,
                6594869.733734604
              ],
              [
                -6706674.299885524,
                6594757.1046825
              ],
              [
                -6706561.67083342,
                6594757.1046825
              ],
              [
                -6706561.67083342,
                6594644.475630396
              ],
              [
                -6706336.412729211,
                6594644.475630396
              ],
              [
                -6706336.412729211,
                6594419.217526187
              ],
              [
                -6706223.783677107,
                6594419.217526187
              ],
              [
                -6706223.783677107,
                6594306.588474083
              ],
              [
                -6706111.154625002,
                6594306.588474083
              ],
              [
                -6706111.154625002,
                6594193.959421978
              ],
              [
                -6706223.783677107,
                6594193.959421978
              ],
              [
                -6706223.783677107,
                6594081.330369874
              ],
              [
                -6706336.412729211,
                6594081.330369874
              ],
              [
                -6706336.412729211,
                6593743.443213562
              ],
              [
                -6706449.041781316,
                6593743.443213562
              ],
              [
                -6706449.041781316,
                6592955.0398488315
              ],
              [
                -6706561.67083342,
                6592955.0398488315
              ],
              [
                -6706561.67083342,
                6592617.152692518
              ],
              [
                -6706674.299885524,
                6592617.152692518
              ],
              [
                -6706674.299885524,
                6592279.265536206
              ],
              [
                -6706786.928937629,
                6592279.265536206
              ],
              [
                -6706786.928937629,
                6591828.749327788
              ],
              [
                -6706899.557989732,
                6591828.749327788
              ],
              [
                -6706899.557989732,
                6591603.49122358
              ],
              [
                -6707012.187041837,
                6591603.49122358
              ],
              [
                -6707012.187041837,
                6591378.233119371
              ],
              [
                -6706899.557989732,
                6591378.233119371
              ],
              [
                -6706899.557989732,
                6590251.942598328
              ],
              [
                -6706786.928937629,
                6590251.942598328
              ],
              [
                -6706786.928937629,
                6590026.68449412
              ],
              [
                -6706674.299885524,
                6590026.68449412
              ],
              [
                -6706674.299885524,
                6589688.797337807
              ],
              [
                -6706561.67083342,
                6589688.797337807
              ],
              [
                -6706561.67083342,
                6589463.539233598
              ],
              [
                -6706674.299885524,
                6589463.539233598
              ],
              [
                -6706674.299885524,
                6588675.135868869
              ],
              [
                -6706786.928937629,
                6588675.135868869
              ],
              [
                -6706786.928937629,
                6588337.2487125555
              ],
              [
                -6706899.557989732,
                6588337.2487125555
              ],
              [
                -6706899.557989732,
                6587210.958191512
              ],
              [
                -6706786.928937629,
                6587210.958191512
              ],
              [
                -6706786.928937629,
                6586647.812930991
              ],
              [
                -6706674.299885524,
                6586647.812930991
              ],
              [
                -6706674.299885524,
                6585972.038618365
              ],
              [
                -6706561.67083342,
                6585972.038618365
              ],
              [
                -6706561.67083342,
                6585746.780514156
              ],
              [
                -6706449.041781316,
                6585746.780514156
              ],
              [
                -6706449.041781316,
                6585521.5224099485
              ],
              [
                -6706336.412729211,
                6585521.5224099485
              ],
              [
                -6706336.412729211,
                6585408.893357844
              ],
              [
                -6706449.041781316,
                6585408.893357844
              ],
              [
                -6706449.041781316,
                6584282.602836801
              ],
              [
                -6706561.67083342,
                6584282.602836801
              ],
              [
                -6706561.67083342,
                6583719.4575762795
              ],
              [
                -6706674.299885524,
                6583719.4575762795
              ],
              [
                -6706674.299885524,
                6583606.828524175
              ],
              [
                -6706561.67083342,
                6583606.828524175
              ],
              [
                -6706561.67083342,
                6582593.167055237
              ],
              [
                -6706674.299885524,
                6582593.167055237
              ],
              [
                -6706674.299885524,
                6582480.538003133
              ],
              [
                -6706786.928937629,
                6582480.538003133
              ],
              [
                -6706786.928937629,
                6582367.908951028
              ],
              [
                -6706899.557989732,
                6582367.908951028
              ],
              [
                -6706899.557989732,
                6582255.279898924
              ],
              [
                -6707012.187041837,
                6582255.279898924
              ],
              [
                -6707012.187041837,
                6581466.876534194
              ],
              [
                -6706899.557989732,
                6581466.876534194
              ],
              [
                -6706899.557989732,
                6580903.731273673
              ],
              [
                -6707012.187041837,
                6580903.731273673
              ],
              [
                -6707012.187041837,
                6579890.069804734
              ],
              [
                -6707124.816093941,
                6579890.069804734
              ],
              [
                -6707124.816093941,
                6579664.811700526
              ],
              [
                -6707237.445146046,
                6579664.811700526
              ],
              [
                -6707237.445146046,
                6579552.182648421
              ],
              [
                -6707350.07419815,
                6579552.182648421
              ],
              [
                -6707350.07419815,
                6579439.553596317
              ],
              [
                -6707237.445146046,
                6579439.553596317
              ],
              [
                -6707237.445146046,
                6579214.295492108
              ],
              [
                -6707124.816093941,
                6579214.295492108
              ],
              [
                -6707124.816093941,
                6579101.666440004
              ],
              [
                -6707012.187041837,
                6579101.666440004
              ],
              [
                -6707012.187041837,
                6578989.037387899
              ],
              [
                -6706899.557989732,
                6578989.037387899
              ],
              [
                -6706899.557989732,
                6578651.150231587
              ],
              [
                -6706786.928937629,
                6578651.150231587
              ],
              [
                -6706786.928937629,
                6578538.521179482
              ],
              [
                -6706674.299885524,
                6578538.521179482
              ],
              [
                -6706674.299885524,
                6578425.892127378
              ],
              [
                -6706449.041781316,
                6578425.892127378
              ],
              [
                -6706449.041781316,
                6578313.2630752735
              ],
              [
                -6706223.783677107,
                6578313.2630752735
              ],
              [
                -6706223.783677107,
                6578200.63402317
              ],
              [
                -6706111.154625002,
                6578200.63402317
              ],
              [
                -6706111.154625002,
                6578088.004971066
              ],
              [
                -6705998.525572899,
                6578088.004971066
              ],
              [
                -6705998.525572899,
                6577975.375918961
              ],
              [
                -6705885.896520794,
                6577975.375918961
              ],
              [
                -6705885.896520794,
                6577750.117814752
              ],
              [
                -6705773.26746869,
                6577750.117814752
              ],
              [
                -6705773.26746869,
                6577637.488762648
              ],
              [
                -6705660.6384165855,
                6577637.488762648
              ],
              [
                -6705660.6384165855,
                6577524.859710543
              ],
              [
                -6705548.009364481,
                6577524.859710543
              ],
              [
                -6705548.009364481,
                6577299.6016063355
              ],
              [
                -6705322.751260273,
                6577299.6016063355
              ],
              [
                -6705322.751260273,
                6577412.23065844
              ],
              [
                -6705210.122208169,
                6577412.23065844
              ],
              [
                -6705210.122208169,
                6577524.859710543
              ],
              [
                -6704984.86410396,
                6577524.859710543
              ],
              [
                -6704984.86410396,
                6577637.488762648
              ],
              [
                -6704872.235051855,
                6577637.488762648
              ],
              [
                -6704872.235051855,
                6577750.117814752
              ],
              [
                -6704646.976947647,
                6577750.117814752
              ],
              [
                -6704646.976947647,
                6577862.746866857
              ],
              [
                -6704534.347895543,
                6577862.746866857
              ],
              [
                -6704534.347895543,
                6577975.375918961
              ],
              [
                -6704421.718843439,
                6577975.375918961
              ],
              [
                -6704421.718843439,
                6578088.004971066
              ],
              [
                -6704309.089791334,
                6578088.004971066
              ],
              [
                -6704309.089791334,
                6578200.63402317
              ],
              [
                -6704196.46073923,
                6578200.63402317
              ],
              [
                -6704196.46073923,
                6578425.892127378
              ],
              [
                -6704083.831687125,
                6578425.892127378
              ],
              [
                -6704083.831687125,
                6578651.150231587
              ],
              [
                -6703971.202635021,
                6578651.150231587
              ],
              [
                -6703971.202635021,
                6578876.408335796
              ],
              [
                -6703858.573582917,
                6578876.408335796
              ],
              [
                -6703858.573582917,
                6578989.037387899
              ],
              [
                -6703745.944530813,
                6578989.037387899
              ],
              [
                -6703745.944530813,
                6579214.295492108
              ],
              [
                -6703633.315478709,
                6579214.295492108
              ],
              [
                -6703633.315478709,
                6579552.182648421
              ],
              [
                -6703520.686426604,
                6579552.182648421
              ],
              [
                -6703520.686426604,
                6579777.440752629
              ],
              [
                -6703408.0573745,
                6579777.440752629
              ],
              [
                -6703408.0573745,
                6580002.698856838
              ],
              [
                -6703295.428322395,
                6580002.698856838
              ],
              [
                -6703295.428322395,
                6580115.3279089425
              ],
              [
                -6703182.799270291,
                6580115.3279089425
              ],
              [
                -6703182.799270291,
                6580453.215065256
              ],
              [
                -6703070.170218187,
                6580453.215065256
              ],
              [
                -6703070.170218187,
                6580565.844117359
              ],
              [
                -6702957.541166083,
                6580565.844117359
              ],
              [
                -6702957.541166083,
                6581128.989377881
              ],
              [
                -6702844.9121139785,
                6581128.989377881
              ],
              [
                -6702844.9121139785,
                6582593.167055237
              ],
              [
                -6702169.137801353,
                6582593.167055237
              ],
              [
                -6702169.137801353,
                6582480.538003133
              ],
              [
                -6701831.25064504,
                6582480.538003133
              ],
              [
                -6701831.25064504,
                6582593.167055237
              ],
              [
                -6701605.992540832,
                6582593.167055237
              ],
              [
                -6701605.992540832,
                6583043.683263654
              ],
              [
                -6701718.621592935,
                6583043.683263654
              ],
              [
                -6701718.621592935,
                6583719.4575762795
              ],
              [
                -6701605.992540832,
                6583719.4575762795
              ],
              [
                -6701605.992540832,
                6585071.006201531
              ],
              [
                -6701493.363488727,
                6585071.006201531
              ],
              [
                -6701493.363488727,
                6585408.893357844
              ],
              [
                -6701380.734436623,
                6585408.893357844
              ],
              [
                -6701380.734436623,
                6585521.5224099485
              ],
              [
                -6701268.105384518,
                6585521.5224099485
              ],
              [
                -6701268.105384518,
                6585634.151462053
              ],
              [
                -6701155.476332414,
                6585634.151462053
              ],
              [
                -6701155.476332414,
                6585746.780514156
              ],
              [
                -6701042.84728031,
                6585746.780514156
              ],
              [
                -6701042.84728031,
                6585859.409566261
              ],
              [
                -6700930.218228205,
                6585859.409566261
              ],
              [
                -6700930.218228205,
                6585972.038618365
              ],
              [
                -6700817.589176102,
                6585972.038618365
              ],
              [
                -6700817.589176102,
                6586084.66767047
              ],
              [
                -6700592.331071893,
                6586084.66767047
              ],
              [
                -6700592.331071893,
                6585972.038618365
              ],
              [
                -6700479.702019788,
                6585972.038618365
              ],
              [
                -6700479.702019788,
                6585746.780514156
              ],
              [
                -6700254.4439155795,
                6585746.780514156
              ],
              [
                -6700254.4439155795,
                6585634.151462053
              ],
              [
                -6699803.927707163,
                6585634.151462053
              ],
              [
                -6699803.927707163,
                6585521.5224099485
              ],
              [
                -6698677.637186119,
                6585521.5224099485
              ],
              [
                -6698677.637186119,
                6585634.151462053
              ],
              [
                -6698227.120977703,
                6585634.151462053
              ],
              [
                -6698227.120977703,
                6585746.780514156
              ],
              [
                -6698114.491925598,
                6585746.780514156
              ],
              [
                -6698114.491925598,
                6585859.409566261
              ],
              [
                -6698001.862873494,
                6585859.409566261
              ],
              [
                -6698001.862873494,
                6586084.66767047
              ],
              [
                -6697889.23382139,
                6586084.66767047
              ],
              [
                -6697889.23382139,
                6586309.925774679
              ],
              [
                -6697776.604769286,
                6586309.925774679
              ],
              [
                -6697776.604769286,
                6586422.554826783
              ],
              [
                -6697551.346665077,
                6586422.554826783
              ],
              [
                -6697551.346665077,
                6586535.1838788865
              ],
              [
                -6697438.7176129725,
                6586535.1838788865
              ],
              [
                -6697438.7176129725,
                6586647.812930991
              ],
              [
                -6697326.088560868,
                6586647.812930991
              ],
              [
                -6697326.088560868,
                6586760.441983095
              ],
              [
                -6697213.459508764,
                6586760.441983095
              ],
              [
                -6697213.459508764,
                6586873.0710352
              ],
              [
                -6697100.83045666,
                6586873.0710352
              ],
              [
                -6697100.83045666,
                6586985.700087304
              ],
              [
                -6696988.201404556,
                6586985.700087304
              ],
              [
                -6696988.201404556,
                6587886.732504139
              ],
              [
                -6697100.83045666,
                6587886.732504139
              ],
              [
                -6697100.83045666,
                6588224.619660451
              ],
              [
                -6696988.201404556,
                6588224.619660451
              ],
              [
                -6696988.201404556,
                6588675.135868869
              ],
              [
                -6696875.572352451,
                6588675.135868869
              ],
              [
                -6696875.572352451,
                6588787.764920972
              ],
              [
                -6696762.943300347,
                6588787.764920972
              ],
              [
                -6696762.943300347,
                6588900.393973077
              ],
              [
                -6696650.314248242,
                6588900.393973077
              ],
              [
                -6696650.314248242,
                6589013.023025181
              ],
              [
                -6696537.685196138,
                6589013.023025181
              ],
              [
                -6696537.685196138,
                6589125.652077286
              ],
              [
                -6696425.056144034,
                6589125.652077286
              ],
              [
                -6696425.056144034,
                6589688.797337807
              ],
              [
                -6696312.42709193,
                6589688.797337807
              ],
              [
                -6696312.42709193,
                6589801.426389911
              ],
              [
                -6696199.798039826,
                6589801.426389911
              ],
              [
                -6696199.798039826,
                6589914.055442016
              ],
              [
                -6696312.42709193,
                6589914.055442016
              ],
              [
                -6696312.42709193,
                6590026.68449412
              ],
              [
                -6696425.056144034,
                6590026.68449412
              ],
              [
                -6696425.056144034,
                6590815.08785885
              ],
              [
                -6696537.685196138,
                6590815.08785885
              ],
              [
                -6696537.685196138,
                6591152.9750151625
              ],
              [
                -6696650.314248242,
                6591152.9750151625
              ],
              [
                -6696650.314248242,
                6591265.604067267
              ],
              [
                -6696762.943300347,
                6591265.604067267
              ],
              [
                -6696762.943300347,
                6591378.233119371
              ],
              [
                -6696875.572352451,
                6591378.233119371
              ],
              [
                -6696875.572352451,
                6591490.862171476
              ],
              [
                -6696988.201404556,
                6591490.862171476
              ],
              [
                -6696988.201404556,
                6591603.49122358
              ],
              [
                -6697100.83045666,
                6591603.49122358
              ],
              [
                -6697100.83045666,
                6591716.120275684
              ],
              [
                -6697213.459508764,
                6591716.120275684
              ],
              [
                -6697213.459508764,
                6591828.749327788
              ],
              [
                -6697326.088560868,
                6591828.749327788
              ],
              [
                -6697326.088560868,
                6591941.378379893
              ],
              [
                -6697438.7176129725,
                6591941.378379893
              ],
              [
                -6697438.7176129725,
                6592054.007431997
              ],
              [
                -6697551.346665077,
                6592054.007431997
              ],
              [
                -6697551.346665077,
                6592504.523640414
              ],
              [
                -6697438.7176129725,
                6592504.523640414
              ],
              [
                -6697438.7176129725,
                6592617.152692518
              ],
              [
                -6697551.346665077,
                6592617.152692518
              ],
              [
                -6697551.346665077,
                6592729.781744623
              ],
              [
                -6698001.862873494,
                6592729.781744623
              ],
              [
                -6698001.862873494,
                6592842.410796727
              ],
              [
                -6698452.379081911,
                6592842.410796727
              ],
              [
                -6698452.379081911,
                6592955.0398488315
              ],
              [
                -6698565.008134016,
                6592955.0398488315
              ],
              [
                -6698565.008134016,
                6593067.668900936
              ],
              [
                -6698677.637186119,
                6593067.668900936
              ],
              [
                -6698677.637186119,
                6593292.927005144
              ],
              [
                -6698790.266238224,
                6593292.927005144
              ],
              [
                -6698790.266238224,
                6593630.814161457
              ],
              [
                -6698902.895290328,
                6593630.814161457
              ],
              [
                -6698902.895290328,
                6593743.443213562
              ],
              [
                -6699015.524342433,
                6593743.443213562
              ],
              [
                -6699015.524342433,
                6594982.362786708
              ],
              [
                -6699128.153394537,
                6594982.362786708
              ],
              [
                -6699128.153394537,
                6595094.991838813
              ],
              [
                -6699240.7824466415,
                6595094.991838813
              ],
              [
                -6699240.7824466415,
                6595207.620890917
              ],
              [
                -6699353.411498746,
                6595207.620890917
              ],
              [
                -6699353.411498746,
                6595320.249943022
              ],
              [
                -6699466.040550849,
                6595320.249943022
              ],
              [
                -6699466.040550849,
                6595432.878995125
              ],
              [
                -6699578.669602954,
                6595432.878995125
              ],
              [
                -6699578.669602954,
                6595545.50804723
              ],
              [
                -6699691.298655058,
                6595545.50804723
              ],
              [
                -6699691.298655058,
                6595658.137099334
              ],
              [
                -6699803.927707163,
                6595658.137099334
              ],
              [
                -6699803.927707163,
                6595770.7661514385
              ],
              [
                -6699916.556759267,
                6595770.7661514385
              ],
              [
                -6699916.556759267,
                6595883.395203543
              ],
              [
                -6700029.185811372,
                6595883.395203543
              ],
              [
                -6700029.185811372,
                6595996.024255647
              ],
              [
                -6700141.814863475,
                6595996.024255647
              ],
              [
                -6700141.814863475,
                6596108.653307752
              ],
              [
                -6700254.4439155795,
                6596108.653307752
              ],
              [
                -6700254.4439155795,
                6596221.282359855
              ],
              [
                -6700367.072967684,
                6596221.282359855
              ],
              [
                -6700367.072967684,
                6596333.91141196
              ],
              [
                -6700479.702019788,
                6596333.91141196
              ],
              [
                -6700479.702019788,
                6596446.540464064
              ],
              [
                -6700592.331071893,
                6596446.540464064
              ],
              [
                -6700592.331071893,
                6596559.169516169
              ],
              [
                -6700704.960123997,
                6596559.169516169
              ],
              [
                -6700704.960123997,
                6596671.798568273
              ],
              [
                -6700817.589176102,
                6596671.798568273
              ],
              [
                -6700817.589176102,
                6596784.427620377
              ],
              [
                -6700930.218228205,
                6596784.427620377
              ],
              [
                -6700930.218228205,
                6596897.056672482
              ],
              [
                -6701042.84728031,
                6596897.056672482
              ],
              [
                -6701042.84728031,
                6597009.685724585
              ],
              [
                -6701155.476332414,
                6597009.685724585
              ],
              [
                -6701155.476332414,
                6597122.31477669
              ],
              [
                -6701268.105384518,
                6597122.31477669
              ],
              [
                -6701268.105384518,
                6597234.943828794
              ],
              [
                -6701831.25064504,
                6597234.943828794
              ],
              [
                -6701831.25064504,
                6597122.31477669
              ],
              [
                -6702056.508749248,
                6597122.31477669
              ],
              [
                -6702056.508749248,
                6597234.943828794
              ],
              [
                -6702619.65400977,
                6597234.943828794
              ],
              [
                -6702619.65400977,
                6597347.572880899
              ],
              [
                -6702957.541166083,
                6597347.572880899
              ],
              [
                -6702957.541166083,
                6597460.201933003
              ],
              [
                -6703070.170218187,
                6597460.201933003
              ],
              [
                -6703070.170218187,
                6597572.830985107
              ],
              [
                -6703633.315478709,
                6597572.830985107
              ],
              [
                -6703633.315478709,
                6597685.460037211
              ],
              [
                -6703745.944530813,
                6597685.460037211
              ],
              [
                -6703745.944530813,
                6597798.089089315
              ],
              [
                -6703858.573582917,
                6597798.089089315
              ],
              [
                -6703858.573582917,
                6597910.71814142
              ],
              [
                -6703971.202635021,
                6597910.71814142
              ],
              [
                -6703971.202635021,
                6598023.347193524
              ],
              [
                -6704196.46073923,
                6598023.347193524
              ],
              [
                -6704196.46073923,
                6598135.976245629
              ],
              [
                -6704534.347895543,
                6598135.976245629
              ],
              [
                -6704534.347895543,
                6598248.605297733
              ],
              [
                -6704646.976947647,
                6598248.605297733
              ],
              [
                -6704646.976947647,
                6598473.863401941
              ],
              [
                -6704759.605999751,
                6598473.863401941
              ],
              [
                -6704759.605999751,
                6598586.492454045
              ],
              [
                -6705435.380312377,
                6598586.492454045
              ],
              [
                -6705435.380312377,
                6598699.12150615
              ],
              [
                -6705660.6384165855,
                6598699.12150615
              ],
              [
                -6705660.6384165855,
                6598586.492454045
              ],
              [
                -6706111.154625002,
                6598586.492454045
              ],
              [
                -6706111.154625002,
                6598811.750558254
              ],
              [
                -6705998.525572899,
                6598811.750558254
              ],
              [
                -6705998.525572899,
                6598924.379610359
              ],
              [
                -6705885.896520794,
                6598924.379610359
              ],
              [
                -6705885.896520794,
                6599262.266766671
              ],
              [
                -6705998.525572899,
                6599262.266766671
              ],
              [
                -6705998.525572899,
                6599374.8958187755
              ],
              [
                -6706111.154625002,
                6599374.8958187755
              ],
              [
                -6706111.154625002,
                6599487.52487088
              ],
              [
                -6706223.783677107,
                6599487.52487088
              ],
              [
                -6706223.783677107,
                6599600.153922984
              ],
              [
                -6706336.412729211,
                6599600.153922984
              ],
              [
                -6706336.412729211,
                6599712.782975089
              ],
              [
                -6706449.041781316,
                6599712.782975089
              ],
              [
                -6706449.041781316,
                6599825.412027193
              ],
              [
                -6706561.67083342,
                6599825.412027193
              ],
              [
                -6706561.67083342,
                6599938.041079297
              ],
              [
                -6706674.299885524,
                6599938.041079297
              ],
              [
                -6706674.299885524,
                6600726.444444027
              ],
              [
                -6706786.928937629,
                6600726.444444027
              ],
              [
                -6706786.928937629,
                6600951.702548236
              ],
              [
                -6706899.557989732,
                6600951.702548236
              ],
              [
                -6706899.557989732,
                6601064.33160034
              ],
              [
                -6707012.187041837,
                6601064.33160034
              ],
              [
                -6707012.187041837,
                6601289.589704549
              ],
              [
                -6707124.816093941,
                6601289.589704549
              ],
              [
                -6707124.816093941,
                6601514.847808757
              ],
              [
                -6707237.445146046,
                6601514.847808757
              ],
              [
                -6707237.445146046,
                6602077.993069279
              ],
              [
                -6707124.816093941,
                6602077.993069279
              ],
              [
                -6707124.816093941,
                6602415.880225591
              ],
              [
                -6707012.187041837,
                6602415.880225591
              ],
              [
                -6707012.187041837,
                6602303.251173487
              ],
              [
                -6706674.299885524,
                6602303.251173487
              ],
              [
                -6706674.299885524,
                6602190.6221213825
              ],
              [
                -6706561.67083342,
                6602190.6221213825
              ],
              [
                -6706561.67083342,
                6602077.993069279
              ],
              [
                -6706449.041781316,
                6602077.993069279
              ],
              [
                -6706449.041781316,
                6601965.364017175
              ],
              [
                -6706336.412729211,
                6601965.364017175
              ],
              [
                -6706336.412729211,
                6601852.73496507
              ],
              [
                -6706223.783677107,
                6601852.73496507
              ],
              [
                -6706223.783677107,
                6601740.105912966
              ],
              [
                -6706111.154625002,
                6601740.105912966
              ],
              [
                -6706111.154625002,
                6601627.476860861
              ],
              [
                -6705998.525572899,
                6601627.476860861
              ],
              [
                -6705998.525572899,
                6601514.847808757
              ],
              [
                -6705885.896520794,
                6601514.847808757
              ],
              [
                -6705885.896520794,
                6601402.218756653
              ],
              [
                -6705660.6384165855,
                6601402.218756653
              ],
              [
                -6705660.6384165855,
                6601289.589704549
              ],
              [
                -6705548.009364481,
                6601289.589704549
              ],
              [
                -6705548.009364481,
                6601176.9606524445
              ],
              [
                -6705435.380312377,
                6601176.9606524445
              ],
              [
                -6705435.380312377,
                6601064.33160034
              ],
              [
                -6705322.751260273,
                6601064.33160034
              ],
              [
                -6705322.751260273,
                6600951.702548236
              ],
              [
                -6705210.122208169,
                6600951.702548236
              ],
              [
                -6705210.122208169,
                6600839.073496131
              ],
              [
                -6705097.493156064,
                6600839.073496131
              ],
              [
                -6705097.493156064,
                6600726.444444027
              ],
              [
                -6704984.86410396,
                6600726.444444027
              ],
              [
                -6704984.86410396,
                6600613.815391923
              ],
              [
                -6704872.235051855,
                6600613.815391923
              ],
              [
                -6704872.235051855,
                6600501.186339819
              ],
              [
                -6704759.605999751,
                6600501.186339819
              ],
              [
                -6704759.605999751,
                6600388.557287714
              ],
              [
                -6703408.0573745,
                6600388.557287714
              ],
              [
                -6703408.0573745,
                6600501.186339819
              ],
              [
                -6702844.9121139785,
                6600501.186339819
              ],
              [
                -6702844.9121139785,
                6600613.815391923
              ],
              [
                -6702732.283061874,
                6600613.815391923
              ],
              [
                -6702732.283061874,
                6600726.444444027
              ],
              [
                -6702619.65400977,
                6600726.444444027
              ],
              [
                -6702619.65400977,
                6600839.073496131
              ],
              [
                -6702507.024957665,
                6600839.073496131
              ],
              [
                -6702507.024957665,
                6601064.33160034
              ],
              [
                -6702619.65400977,
                6601064.33160034
              ],
              [
                -6702619.65400977,
                6601176.9606524445
              ],
              [
                -6702507.024957665,
                6601176.9606524445
              ],
              [
                -6702507.024957665,
                6601514.847808757
              ],
              [
                -6702169.137801353,
                6601514.847808757
              ],
              [
                -6702169.137801353,
                6601627.476860861
              ],
              [
                -6701718.621592935,
                6601627.476860861
              ],
              [
                -6701718.621592935,
                6601740.105912966
              ],
              [
                -6701155.476332414,
                6601740.105912966
              ],
              [
                -6701155.476332414,
                6601852.73496507
              ],
              [
                -6701493.363488727,
                6601852.73496507
              ],
              [
                -6701493.363488727,
                6601965.364017175
              ],
              [
                -6701605.992540832,
                6601965.364017175
              ],
              [
                -6701605.992540832,
                6602077.993069279
              ],
              [
                -6701718.621592935,
                6602077.993069279
              ],
              [
                -6701718.621592935,
                6602190.6221213825
              ],
              [
                -6701831.25064504,
                6602190.6221213825
              ],
              [
                -6701831.25064504,
                6602303.251173487
              ],
              [
                -6702056.508749248,
                6602303.251173487
              ],
              [
                -6702056.508749248,
                6602415.880225591
              ],
              [
                -6702281.766853457,
                6602415.880225591
              ],
              [
                -6702281.766853457,
                6603429.54169453
              ],
              [
                -6702394.395905561,
                6603429.54169453
              ],
              [
                -6702394.395905561,
                6603542.170746635
              ],
              [
                -6702507.024957665,
                6603542.170746635
              ],
              [
                -6702507.024957665,
                6603654.799798739
              ],
              [
                -6702619.65400977,
                6603654.799798739
              ],
              [
                -6702619.65400977,
                6603767.428850843
              ],
              [
                -6702732.283061874,
                6603767.428850843
              ],
              [
                -6702732.283061874,
                6603880.057902947
              ],
              [
                -6702844.9121139785,
                6603880.057902947
              ],
              [
                -6702844.9121139785,
                6603992.6869550515
              ],
              [
                -6702957.541166083,
                6603992.6869550515
              ],
              [
                -6702957.541166083,
                6604105.316007156
              ],
              [
                -6703070.170218187,
                6604105.316007156
              ],
              [
                -6703070.170218187,
                6604217.94505926
              ],
              [
                -6703182.799270291,
                6604217.94505926
              ],
              [
                -6703182.799270291,
                6604330.574111365
              ],
              [
                -6706223.783677107,
                6604330.574111365
              ],
              [
                -6706223.783677107,
                6604443.203163468
              ],
              [
                -6706336.412729211,
                6604443.203163468
              ],
              [
                -6706336.412729211,
                6604555.832215573
              ],
              [
                -6706561.67083342,
                6604555.832215573
              ],
              [
                -6706561.67083342,
                6604668.461267677
              ],
              [
                -6706899.557989732,
                6604668.461267677
              ],
              [
                -6706899.557989732,
                6604555.832215573
              ],
              [
                -6707012.187041837,
                6604555.832215573
              ],
              [
                -6707012.187041837,
                6604443.203163468
              ],
              [
                -6707237.445146046,
                6604443.203163468
              ],
              [
                -6707237.445146046,
                6604330.574111365
              ],
              [
                -6707350.07419815,
                6604330.574111365
              ],
              [
                -6707350.07419815,
                6604217.94505926
              ],
              [
                -6709715.28429234,
                6604217.94505926
              ],
              [
                -6709715.28429234,
                6604555.832215573
              ],
              [
                -6709827.913344445,
                6604555.832215573
              ],
              [
                -6709827.913344445,
                6604781.090319782
              ],
              [
                -6709940.542396548,
                6604781.090319782
              ],
              [
                -6709940.542396548,
                6604893.719371886
              ],
              [
                -6710053.171448653,
                6604893.719371886
              ],
              [
                -6710053.171448653,
                6605006.34842399
              ],
              [
                -6710391.058604966,
                6605006.34842399
              ],
              [
                -6710391.058604966,
                6605118.977476095
              ],
              [
                -6710616.316709174,
                6605118.977476095
              ]
            ]
          ]
        ]
      },
      "properties": {
        "zone_id": "20",
        "downstream_id": "30",
        "area_km2": 211.27372775909856,
        "runoff_method": "hbv",
        "routing_method": "muskingum"
      }
    },
    {
      "type": "Feature",
      "geometry": {
        "type": "MultiPolygon",
        "coordinates": [
          [
            [
              [
                -6705660.6384165855,
                6619084.979937026
              ],
              [
                -6705660.6384165855,
                6618972.350884922
              ],
              [
                -6705322.751260273,
                6618972.350884922
              ],
              [
                -6705322.751260273,
                6619084.979937026
              ],
              [
                -6705660.6384165855,
                6619084.979937026
              ]
            ]
          ],
          [
            [
              [
                -6726384.384003774,
                6628771.078417995
              ],
              [
                -6726384.384003774,
                6628658.449365891
              ],
              [
                -6726497.013055879,
                6628658.449365891
              ],
              [
                -6726497.013055879,
                6628545.820313786
              ],
              [
                -6727398.045472713,
                6628545.820313786
              ],
              [
                -6727398.045472713,
                6628433.191261682
              ],
              [
                -6727510.674524818,
                6628433.191261682
              ],
              [
                -6727510.674524818,
                6628320.562209578
              ],
              [
                -6727848.56168113,
                6628320.562209578
              ],
              [
                -6727848.56168113,
                6628207.933157474
              ],
              [
                -6728186.448837443,
                6628207.933157474
              ],
              [
                -6728186.448837443,
                6628095.304105369
              ],
              [
                -6728299.077889548,
                6628095.304105369
              ],
              [
                -6728299.077889548,
                6627982.675053265
              ],
              [
                -6728411.706941652,
                6627982.675053265
              ],
              [
                -6728411.706941652,
                6627870.0460011605
              ],
              [
                -6728524.335993756,
                6627870.0460011605
              ],
              [
                -6728524.335993756,
                6627757.416949056
              ],
              [
                -6728411.706941652,
                6627757.416949056
              ],
              [
                -6728411.706941652,
                6626518.497375909
              ],
              [
                -6728299.077889548,
                6626518.497375909
              ],
              [
                -6728299.077889548,
                6625955.352115388
              ],
              [
                -6728186.448837443,
                6625955.352115388
              ],
              [
                -6728186.448837443,
                6624603.803490137
              ],
              [
                -6728299.077889548,
                6624603.803490137
              ],
              [
                -6728299.077889548,
                6623928.02917751
              ],
              [
                -6728186.448837443,
                6623928.02917751
              ],
              [
                -6728186.448837443,
                6623815.400125407
              ],
              [
                -6728073.819785339,
                6623815.400125407
              ],
              [
                -6728073.819785339,
                6623026.996760677
              ],
              [
                -6728186.448837443,
                6623026.996760677
              ],
              [
                -6728186.448837443,
                6622576.480552259
              ],
              [
                -6728299.077889548,
                6622576.480552259
              ],
              [
                -6728299.077889548,
                6622238.593395947
              ],
              [
                -6728411.706941652,
                6622238.593395947
              ],
              [
                -6728411.706941652,
                6622125.964343842
              ],
              [
                -6728524.335993756,
                6622125.964343842
              ],
              [
                -6728524.335993756,
                6621900.706239633
              ],
              [
                -6728636.96504586,
                6621900.706239633
              ],
              [
                -6728636.96504586,
                6621562.819083321
              ],
              [
                -6728749.594097964,
                6621562.819083321
              ],
              [
                -6728749.594097964,
                6620774.415718591
              ],
              [
                -6728636.96504586,
                6620774.415718591
              ],
              [
                -6728636.96504586,
                6620211.270458069
              ],
              [
                -6728524.335993756,
                6620211.270458069
              ],
              [
                -6728524.335993756,
                6619986.012353861
              ],
              [
                -6728411.706941652,
                6619986.012353861
              ],
              [
                -6728411.706941652,
                6619760.754249652
              ],
              [
                -6728186.448837443,
                6619760.754249652
              ],
              [
                -6728186.448837443,
                6619648.1251975475
              ],
              [
                -6728073.819785339,
                6619648.1251975475
              ],
              [
                -6728073.819785339,
                6619535.496145443
              ],
              [
                -6727735.9326290265,
                6619535.496145443
              ],
              [
                -6727735.9326290265,
                6619422.867093339
              ],
              [
                -6727623.303576922,
                6619422.867093339
              ],
              [
                -6727623.303576922,
                6619197.608989131
              ],
              [
                -6727510.674524818,
                6619197.608989131
              ],
              [
                -6727510.674524818,
                6618859.721832817
              ],
              [
                -6727398.045472713,
                6618859.721832817
              ],
              [
                -6727398.045472713,
                6618521.834676505
              ],
              [
                -6727285.416420609,
                6618521.834676505
              ],
              [
                -6727285.416420609,
                6618183.947520192
              ],
              [
                -6727172.787368504,
                6618183.947520192
              ],
              [
                -6727172.787368504,
                6617958.689415983
              ],
              [
                -6727060.1583164,
                6617958.689415983
              ],
              [
                -6727060.1583164,
                6617846.060363879
              ],
              [
                -6726947.529264296,
                6617846.060363879
              ],
              [
                -6726947.529264296,
                6617733.431311775
              ],
              [
                -6726834.900212192,
                6617733.431311775
              ],
              [
                -6726834.900212192,
                6617620.802259671
              ],
              [
                -6726046.496847462,
                6617620.802259671
              ],
              [
                -6726046.496847462,
                6617733.431311775
              ],
              [
                -6725708.609691149,
                6617733.431311775
              ],
              [
                -6725708.609691149,
                6617620.802259671
              ],
              [
                -6725595.980639044,
                6617620.802259671
              ],
              [
                -6725595.980639044,
                6617733.431311775
              ],
              [
                -6724920.206326419,
                6617733.431311775
              ],
              [
                -6724920.206326419,
                6617620.802259671
              ],
              [
                -6724131.8029616885,
                6617620.802259671
              ],
              [
                -6724131.8029616885,
                6617733.431311775
              ],
              [
                -6723681.286753272,
                6617733.431311775
              ],
              [
                -6723681.286753272,
                6617846.060363879
              ],
              [
                -6723456.028649063,
                6617846.060363879
              ],
              [
                -6723456.028649063,
                6617733.431311775
              ],
              [
                -6723230.770544855,
                6617733.431311775
              ],
              [
                -6723230.770544855,
                6617620.802259671
              ],
              [
                -6723005.512440646,
                6617620.802259671
              ],
              [
                -6723005.512440646,
                6617508.173207566
              ],
              [
                -6721766.592867499,
                6617508.173207566
              ],
              [
                -6721766.592867499,
                6617395.544155462
              ],
              [
                -6721541.33476329,
                6617395.544155462
              ],
              [
                -6721541.33476329,
                6617282.915103357
              ],
              [
                -6720865.560450665,
                6617282.915103357
              ],
              [
                -6720865.560450665,
                6617395.544155462
              ],
              [
                -6720302.415190143,
                6617395.544155462
              ],
              [
                -6720302.415190143,
                6617508.173207566
              ],
              [
                -6719964.52803383,
                6617508.173207566
              ],
              [
                -6719964.52803383,
                6617395.544155462
              ],
              [
                -6719739.269929621,
                6617395.544155462
              ],
              [
                -6719739.269929621,
                6617282.915103357
              ],
              [
                -6719401.382773309,
                6617282.915103357
              ],
              [
                -6719401.382773309,
                6617170.286051253
              ],
              [
                -6718950.866564891,
                6617170.286051253
              ],
              [
                -6718950.866564891,
                6617057.656999149
              ],
              [
                -6718612.979408579,
                6617057.656999149
              ],
              [
                -6718612.979408579,
                6616945.027947045
              ],
              [
                -6718387.72130437,
                6616945.027947045
              ],
              [
                -6718387.72130437,
                6616719.769842836
              ],
              [
                -6718275.092252266,
                6616719.769842836
              ],
              [
                -6718275.092252266,
                6616607.140790732
              ],
              [
                -6718162.463200161,
                6616607.140790732
              ],
              [
                -6718162.463200161,
                6616494.511738627
              ],
              [
                -6718049.834148058,
                6616494.511738627
              ],
              [
                -6718049.834148058,
                6616381.882686524
              ],
              [
                -6717937.205095953,
                6616381.882686524
              ],
              [
                -6717937.205095953,
                6616269.253634419
              ],
              [
                -6717486.688887536,
                6616269.253634419
              ],
              [
                -6717486.688887536,
                6616156.624582315
              ],
              [
                -6717261.430783328,
                6616156.624582315
              ],
              [
                -6717261.430783328,
                6616043.99553021
              ],
              [
                -6716473.027418598,
                6616043.99553021
              ],
              [
                -6716473.027418598,
                6616156.624582315
              ],
              [
                -6716135.140262284,
                6616156.624582315
              ],
              [
                -6716135.140262284,
                6616043.99553021
              ],
              [
                -6716022.51121018,
                6616043.99553021
              ],
              [
                -6716022.51121018,
                6615931.366478106
              ],
              [
                -6715797.253105972,
                6615931.366478106
              ],
              [
                -6715797.253105972,
                6615818.737426002
              ],
              [
                -6715459.365949659,
                6615818.737426002
              ],
              [
                -6715459.365949659,
                6615706.108373897
              ],
              [
                -6715121.478793345,
                6615706.108373897
              ],
              [
                -6715121.478793345,
                6615593.479321794
              ],
              [
                -6714558.333532824,
                6615593.479321794
              ],
              [
                -6714558.333532824,
                6615480.850269689
              ],
              [
                -6714220.446376512,
                6615480.850269689
              ],
              [
                -6714220.446376512,
                6615368.221217585
              ],
              [
                -6713882.559220199,
                6615368.221217585
              ],
              [
                -6713882.559220199,
                6615255.59216548
              ],
              [
                -6713432.043011782,
                6615255.59216548
              ],
              [
                -6713432.043011782,
                6615142.963113376
              ],
              [
                -6713206.784907573,
                6615142.963113376
              ],
              [
                -6713206.784907573,
                6615030.3340612715
              ],
              [
                -6712868.89775126,
                6615030.3340612715
              ],
              [
                -6712868.89775126,
                6614917.705009167
              ],
              [
                -6711517.349126008,
                6614917.705009167
              ],
              [
                -6711517.349126008,
                6614805.075957064
              ],
              [
                -6711179.461969696,
                6614805.075957064
              ],
              [
                -6711179.461969696,
                6614917.705009167
              ],
              [
                -6710503.68765707,
                6614917.705009167
              ],
              [
                -6710503.68765707,
                6615030.3340612715
              ],
              [
                -6710391.058604966,
                6615030.3340612715
              ],
              [
                -6710391.058604966,
                6615142.963113376
              ],
              [
                -6710278.4295528615,
                6615142.963113376
              ],
              [
                -6710278.4295528615,
                6615255.59216548
              ],
              [
                -6709827.913344445,
                6615255.59216548
              ],
              [
                -6709827.913344445,
                6615368.221217585
              ],
              [
                -6709377.397136027,
                6615368.221217585
              ],
              [
                -6709377.397136027,
                6615480.850269689
              ],
              [
                -6709264.768083923,
                6615480.850269689
              ],
              [
                -6709264.768083923,
                6615706.108373897
              ],
              [
                -6709039.509979715,
                6615706.108373897
              ],
              [
                -6709039.509979715,
                6615931.366478106
              ],
              [
                -6708926.88092761,
                6615931.366478106
              ],
              [
                -6708926.88092761,
                6616043.99553021
              ],
              [
                -6708814.251875506,
                6616043.99553021
              ],
              [
                -6708814.251875506,
                6616156.624582315
              ],
              [
                -6708701.622823401,
                6616156.624582315
              ],
              [
                -6708701.622823401,
                6616269.253634419
              ],
              [
                -6708588.993771297,
                6616269.253634419
              ],
              [
                -6708588.993771297,
                6616494.511738627
              ],
              [
                -6708476.3647191925,
                6616494.511738627
              ],
              [
                -6708476.3647191925,
                6616607.140790732
              ],
              [
                -6708363.735667088,
                6616607.140790732
              ],
              [
                -6708363.735667088,
                6616719.769842836
              ],
              [
                -6708025.848510776,
                6616719.769842836
              ],
              [
                -6708025.848510776,
                6616832.3988949405
              ],
              [
                -6707800.590406567,
                6616832.3988949405
              ],
              [
                -6707800.590406567,
                6617057.656999149
              ],
              [
                -6707575.332302359,
                6617057.656999149
              ],
              [
                -6707575.332302359,
                6617170.286051253
              ],
              [
                -6707462.7032502545,
                6617170.286051253
              ],
              [
                -6707462.7032502545,
                6617282.915103357
              ],
              [
                -6707350.07419815,
                6617282.915103357
              ],
              [
                -6707350.07419815,
                6617958.689415983
              ],
              [
                -6707237.445146046,
                6617958.689415983
              ],
              [
                -6707237.445146046,
                6618071.318468087
              ],
              [
                -6707124.816093941,
                6618071.318468087
              ],
              [
                -6707124.816093941,
                6618183.947520192
              ],
              [
                -6706899.557989732,
                6618183.947520192
              ],
              [
                -6706899.557989732,
                6618296.576572296
              ],
              [
                -6706561.67083342,
                6618296.576572296
              ],
              [
                -6706561.67083342,
                6618409.205624401
              ],
              [
                -6706336.412729211,
                6618409.205624401
              ],
              [
                -6706336.412729211,
                6618521.834676505
              ],
              [
                -6705998.525572899,
                6618521.834676505
              ],
              [
                -6705998.525572899,
                6618634.463728609
              ],
              [
                -6705773.26746869,
                6618634.463728609
              ],
              [
                -6705773.26746869,
                6618747.092780713
              ],
              [
                -6705660.6384165855,
                6618747.092780713
              ],
              [
                -6705660.6384165855,
                6618972.350884922
              ],
              [
                -6705885.896520794,
                6618972.350884922
              ],
              [
                -6705885.896520794,
                6618859.721832817
              ],
              [
                -6706449.041781316,
                6618859.721832817
              ],
              [
                -6706449.041781316,
                6618972.350884922
              ],
              [
                -6706786.928937629,
                6618972.350884922
              ],
              [
                -6706786.928937629,
                6618859.721832817
              ],
              [
                -6707124.816093941,
                6618859.721832817
              ],
              [
                -6707124.816093941,
                6618747.092780713
              ],
              [
                -6707350.07419815,
                6618747.092780713
              ],
              [
                -6707350.07419815,
                6618859.721832817
              ],
              [
                -6707575.332302359,
                6618859.721832817
              ],
              [
                -6707575.332302359,
                6618972.350884922
              ],
              [
                -6707913.219458671,
                6618972.350884922
              ],
              [
                -6707913.219458671,
                6619197.608989131
              ],
              [
                -6708025.848510776,
                6619197.608989131
              ],
              [
                -6708025.848510776,
                6619310.238041235
              ],
              [
                -6708251.106614985,
                6619310.238041235
              ],
              [
                -6708251.106614985,
                6619422.867093339
              ],
              [
                -6708926.88092761,
                6619422.867093339
              ],
              [
                -6708926.88092761,
                6619535.496145443
              ],
              [
                -6709039.509979715,
                6619535.496145443
              ],
              [
                -6709039.509979715,
                6619310.238041235
              ],
              [
                -6709152.139031818,
                6619310.238041235
              ],
              [
                -6709152.139031818,
                6619084.979937026
              ],
              [
                -6709377.397136027,
                6619084.979937026
              ],
              [
                -6709377.397136027,
                6618972.350884922
              ],
              [
                -6709490.026188131,
                6618972.350884922
              ],
              [
                -6709490.026188131,
                6618859.721832817
              ],
              [
                -6709602.655240236,
                6618859.721832817
              ],
              [
                -6709602.655240236,
                6618747.092780713
              ],
              [
                -6709715.28429234,
                6618747.092780713
              ],
              [
                -6709715.28429234,
                6618634.463728609
              ],
              [
                -6710278.4295528615,
                6618634.463728609
              ],
              [
                -6710278.4295528615,
                6618521.834676505
              ],
              [
                -6710728.945761278,
                6618521.834676505
              ],
              [
                -6710728.945761278,
                6618409.205624401
              ],
              [
                -6711179.461969696,
                6618409.205624401
              ],
              [
                -6711179.461969696,
                6618296.576572296
              ],
              [
                -6711292.0910218,
                6618296.576572296
              ],
              [
                -6711292.0910218,
                6618183.947520192
              ],
              [
                -6712418.381542843,
                6618183.947520192
              ],
              [
                -6712418.381542843,
                6618071.318468087
              ],
              [
                -6712531.010594947,
                6618071.318468087
              ],
              [
                -6712531.010594947,
                6617733.431311775
              ],
              [
                -6712643.639647052,
                6617733.431311775
              ],
              [
                -6712643.639647052,
                6617958.689415983
              ],
              [
                -6712868.89775126,
                6617958.689415983
              ],
              [
                -6712868.89775126,
                6618071.318468087
              ],
              [
                -6712981.526803364,
                6618071.318468087
              ],
              [
                -6712981.526803364,
                6618183.947520192
              ],
              [
                -6713094.1558554685,
                6618183.947520192
              ],
              [
                -6713094.1558554685,
                6618409.205624401
              ],
              [
                -6713206.784907573,
                6618409.205624401
              ],
              [
                -6713206.784907573,
                6618634.463728609
              ],
              [
                -6713319.413959677,
                6618634.463728609
              ],
              [
                -6713319.413959677,
                6619197.608989131
              ],
              [
                -6713206.784907573,
                6619197.608989131
              ],
              [
                -6713206.784907573,
                6619535.496145443
              ],
              [
                -6713319.413959677,
                6619535.496145443
              ],
              [
                -6713319.413959677,
                6619760.754249652
              ],
              [
                -6713432.043011782,
                6619760.754249652
              ],
              [
                -6713432.043011782,
                6619873.383301756
              ],
              [
                -6713544.672063886,
                6619873.383301756
              ],
              [
                -6713544.672063886,
                6620211.270458069
              ],
              [
                -6713657.30111599,
                6620211.270458069
              ],
              [
                -6713657.30111599,
                6620436.528562278
              ],
              [
                -6713769.930168094,
                6620436.528562278
              ],
              [
                -6713769.930168094,
                6620774.415718591
              ],
              [
                -6713882.559220199,
                6620774.415718591
              ],
              [
                -6713882.559220199,
                6620887.044770694
              ],
              [
                -6714107.817324407,
                6620887.044770694
              ],
              [
                -6714107.817324407,
                6620999.673822799
              ],
              [
                -6714220.446376512,
                6620999.673822799
              ],
              [
                -6714220.446376512,
                6621112.302874903
              ],
              [
                -6714333.075428615,
                6621112.302874903
              ],
              [
                -6714333.075428615,
                6621450.1900312165
              ],
              [
                -6714445.70448072,
                6621450.1900312165
              ],
              [
                -6714445.70448072,
                6621675.448135424
              ],
              [
                -6714558.333532824,
                6621675.448135424
              ],
              [
                -6714558.333532824,
                6621788.077187529
              ],
              [
                -6714670.962584929,
                6621788.077187529
              ],
              [
                -6714670.962584929,
                6621900.706239633
              ],
              [
                -6714783.591637033,
                6621900.706239633
              ],
              [
                -6714783.591637033,
                6622125.964343842
              ],
              [
                -6714896.2206891375,
                6622125.964343842
              ],
              [
                -6714896.2206891375,
                6622351.222448051
              ],
              [
                -6715008.849741242,
                6622351.222448051
              ],
              [
                -6715008.849741242,
                6622463.8515001545
              ],
              [
                -6715121.478793345,
                6622463.8515001545
              ],
              [
                -6715121.478793345,
                6622689.109604363
              ],
              [
                -6715234.10784545,
                6622689.109604363
              ],
              [
                -6715234.10784545,
                6622801.738656468
              ],
              [
                -6715346.736897554,
                6622801.738656468
              ],
              [
                -6715346.736897554,
                6622914.367708572
              ],
              [
                -6715459.365949659,
                6622914.367708572
              ],
              [
                -6715459.365949659,
                6623026.996760677
              ],
              [
                -6715571.995001763,
                6623026.996760677
              ],
              [
                -6715571.995001763,
                6623139.62581278
              ],
              [
                -6715684.6240538675,
                6623139.62581278
              ],
              [
                -6715684.6240538675,
                6623252.254864885
              ],
              [
                -6715797.253105972,
                6623252.254864885
              ],
              [
                -6715797.253105972,
                6623364.883916989
              ],
              [
                -6716022.51121018,
                6623364.883916989
              ],
              [
                -6716022.51121018,
                6623477.512969093
              ],
              [
                -6716135.140262284,
                6623477.512969093
              ],
              [
                -6716135.140262284,
                6623590.142021198
              ],
              [
                -6716473.027418598,
                6623590.142021198
              ],
              [
                -6716473.027418598,
                6623702.771073302
              ],
              [
                -6716585.656470701,
                6623702.771073302
              ],
              [
                -6716585.656470701,
                6623815.400125407
              ],
              [
                -6716698.2855228055,
                6623815.400125407
              ],
              [
                -6716698.2855228055,
                6623928.02917751
              ],
              [
                -6716810.91457491,
                6623928.02917751
              ],
              [
                -6716810.91457491,
                6624040.658229615
              ],
              [
                -6716923.543627014,
                6624040.658229615
              ],
              [
                -6716923.543627014,
                6624153.287281719
              ],
              [
                -6717148.801731223,
                6624153.287281719
              ],
              [
                -6717148.801731223,
                6624265.916333823
              ],
              [
                -6717261.430783328,
                6624265.916333823
              ],
              [
                -6717261.430783328,
                6624491.174438032
              ],
              [
                -6717374.059835431,
                6624491.174438032
              ],
              [
                -6717374.059835431,
                6625392.206854866
              ],
              [
                -6717486.688887536,
                6625392.206854866
              ],
              [
                -6717486.688887536,
                6625730.094011179
              ],
              [
                -6717711.946991744,
                6625730.094011179
              ],
              [
                -6717711.946991744,
                6625842.723063284
              ],
              [
                -6717824.576043849,
                6625842.723063284
              ],
              [
                -6717824.576043849,
                6625955.352115388
              ],
              [
                -6717937.205095953,
                6625955.352115388
              ],
              [
                -6717937.205095953,
                6626067.981167492
              ],
              [
                -6718049.834148058,
                6626067.981167492
              ],
              [
                -6718049.834148058,
                6626180.610219596
              ],
              [
                -6718162.463200161,
                6626180.610219596
              ],
              [
                -6718162.463200161,
                6626293.2392717
              ],
              [
                -6718275.092252266,
                6626293.2392717
              ],
              [
                -6718275.092252266,
                6626405.868323805
              ],
              [
                -6718387.72130437,
                6626405.868323805
              ],
              [
                -6718387.72130437,
                6626518.497375909
              ],
              [
                -6719964.52803383,
                6626518.497375909
              ],
              [
                -6719964.52803383,
                6626405.868323805
              ],
              [
                -6721090.818554873,
                6626405.868323805
              ],
              [
                -6721090.818554873,
                6626293.2392717
              ],
              [
                -6721203.447606977,
                6626293.2392717
              ],
              [
                -6721203.447606977,
                6626180.610219596
              ],
              [
                -6721428.705711186,
                6626180.610219596
              ],
              [
                -6721428.705711186,
                6626067.981167492
              ],
              [
                -6721653.963815395,
                6626067.981167492
              ],
              [
                -6721653.963815395,
                6625955.352115388
              ],
              [
                -6721879.221919603,
                6625955.352115388
              ],
              [
                -6721879.221919603,
                6626067.981167492
              ],
              [
                -6721991.850971707,
                6626067.981167492
              ],
              [
                -6721991.850971707,
                6626180.610219596
              ],
              [
                -6722104.480023812,
                6626180.610219596
              ],
              [
                -6722104.480023812,
                6626293.2392717
              ],
              [
                -6722329.73812802,
                6626293.2392717
              ],
              [
                -6722329.73812802,
                6626405.868323805
              ],
              [
                -6723793.915805376,
                6626405.868323805
              ],
              [
                -6723793.915805376,
                6626518.497375909
              ],
              [
                -6723906.544857481,
                6626518.497375909
              ],
              [
                -6723906.544857481,
                6626631.126428014
              ],
              [
                -6724019.173909585,
                6626631.126428014
              ],
              [
                -6724019.173909585,
                6626743.755480118
              ],
              [
                -6724131.8029616885,
                6626743.755480118
              ],
              [
                -6724131.8029616885,
                6626856.3845322225
              ],
              [
                -6724244.432013793,
                6626856.3845322225
              ],
              [
                -6724244.432013793,
                6627081.64263643
              ],
              [
                -6724469.690118002,
                6627081.64263643
              ],
              [
                -6724469.690118002,
                6627194.271688535
              ],
              [
                -6724582.319170106,
                6627194.271688535
              ],
              [
                -6724582.319170106,
                6627306.900740639
              ],
              [
                -6724694.948222211,
                6627306.900740639
              ],
              [
                -6724694.948222211,
                6627419.529792744
              ],
              [
                -6724807.577274314,
                6627419.529792744
              ],
              [
                -6724807.577274314,
                6627532.158844848
              ],
              [
                -6724920.206326419,
                6627532.158844848
              ],
              [
                -6724920.206326419,
                6627644.787896952
              ],
              [
                -6725145.464430627,
                6627644.787896952
              ],
              [
                -6725145.464430627,
                6627870.0460011605
              ],
              [
                -6725258.093482732,
                6627870.0460011605
              ],
              [
                -6725258.093482732,
                6627982.675053265
              ],
              [
                -6725483.351586941,
                6627982.675053265
              ],
              [
                -6725483.351586941,
                6628095.304105369
              ],
              [
                -6725595.980639044,
                6628095.304105369
              ],
              [
                -6725595.980639044,
                6628207.933157474
              ],
              [
                -6725708.609691149,
                6628207.933157474
              ],
              [
                -6725708.609691149,
                6628320.562209578
              ],
              [
                -6725821.238743253,
                6628320.562209578
              ],
              [
                -6725821.238743253,
                6628433.191261682
              ],
              [
                -6726159.125899566,
                6628433.191261682
              ],
              [
                -6726159.125899566,
                6628658.449365891
              ],
              [
                -6726271.75495167,
                6628658.449365891
              ],
              [
                -6726271.75495167,
                6628771.078417995
              ],
              [
                -6726384.384003774,
                6628771.078417995
              ]
            ]
          ]
        ]
      },
      "properties": {
        "zone_id": "31",
        "downstream_id": "30",
        "area_km2": 150.66334821944236,
        "runoff_method": "hbv",
        "routing_method": "muskingum"
      }
    },
    {
      "type": "Feature",
      "geometry": {
        "type": "MultiPolygon",
        "coordinates": [
          [
            [
              [
                -6715008.849741242,
                6626293.2392717
              ],
              [
                -6715008.849741242,
                6626180.610219596
              ],
              [
                -6715121.478793345,
                6626180.610219596
              ],
              [
                -6715121.478793345,
                6626067.981167492
              ],
              [
                -6715346.736897554,
                6626067.981167492
              ],
              [
                -6715346.736897554,
                6625955.352115388
              ],
              [
                -6715684.6240538675,
                6625955.352115388
              ],
              [
                -6715684.6240538675,
                6625842.723063284
              ],
              [
                -6715909.882158075,
                6625842.723063284
              ],
              [
                -6715909.882158075,
                6625730.094011179
              ],
              [
                -6716247.769314389,
                6625730.094011179
              ],
              [
                -6716247.769314389,
                6625617.464959075
              ],
              [
                -6717148.801731223,
                6625617.464959075
              ],
              [
                -6717148.801731223,
                6625504.83590697
              ],
              [
                -6717486.688887536,
                6625504.83590697
              ],
              [
                -6717486.688887536,
                6625392.206854866
              ],
              [
                -6717374.059835431,
                6625392.206854866
              ],
              [
                -6717374.059835431,
                6624491.174438032
              ],
              [
                -6717261.430783328,
                6624491.174438032
              ],
              [
                -6717261.430783328,
                6624265.916333823
              ],
              [
                -6717148.801731223,
                6624265.916333823
              ],
              [
                -6717148.801731223,
                6624153.287281719
              ],
              [
                -6716923.543627014,
                6624153.287281719
              ],
              [
                -6716923.543627014,
                6624040.658229615
              ],
              [
                -6716810.91457491,
                6624040.658229615
              ],
              [
                -6716810.91457491,
                6623928.02917751
              ],
              [
                -6716698.2855228055,
                6623928.02917751
              ],
              [
                -6716698.2855228055,
                6623815.400125407
              ],
              [
                -6716585.656470701,
                6623815.400125407
              ],
              [
                -6716585.656470701,
                6623702.771073302
              ],
              [
                -6716473.027418598,
                6623702.771073302
              ],
              [
                -6716473.027418598,
                6623590.142021198
              ],
              [
                -6716135.140262284,
                6623590.142021198
              ],
              [
                -6716135.140262284,
                6623477.512969093
              ],
              [
                -6716022.51121018,
                6623477.512969093
              ],
              [
                -6716022.51121018,
                6623364.883916989
              ],
              [
                -6715797.253105972,
                6623364.883916989
              ],
              [
                -6715797.253105972,
                6623252.254864885
              ],
              [
                -6715684.6240538675,
                6623252.254864885
              ],
              [
                -6715684.6240538675,
                6623139.62581278
              ],
              [
                -6715571.995001763,
                6623139.62581278
              ],
              [
                -6715571.995001763,
                6623026.996760677
              ],
              [
                -6715459.365949659,
                6623026.996760677
              ],
              [
                -6715459.365949659,
                6622914.367708572
              ],
              [
                -6715346.736897554,
                6622914.367708572
              ],
              [
                -6715346.736897554,
                6622801.738656468
              ],
              [
                -6715234.10784545,
                6622801.738656468
              ],
              [
                -6715234.10784545,
                6622689.109604363
              ],
              [
                -6715121.478793345,
                6622689.109604363
              ],
              [
                -6715121.478793345,
                6622463.8515001545
              ],
              [
                -6715008.849741242,
                6622463.8515001545
              ],
              [
                -6715008.849741242,
                6622351.222448051
              ],
              [
                -6714896.2206891375,
                6622351.222448051
              ],
              [
                -6714896.2206891375,
                6622125.964343842
              ],
              [
                -6714783.591637033,
                6622125.964343842
              ],
              [
                -6714783.591637033,
                6621900.706239633
              ],
              [
                -6714670.962584929,
                6621900.706239633
              ],
              [
                -6714670.962584929,
                6621788.077187529
              ],
              [
                -6714558.333532824,
                6621788.077187529
              ],
              [
                -6714558.333532824,
                6621675.448135424
              ],
              [
                -6714445.70448072,
                6621675.448135424
              ],
              [
                -6714445.70448072,
                6621450.1900312165
              ],
              [
                -6714333.075428615,
                6621450.1900312165
              ],
              [
                -6714333.075428615,
                6621112.302874903
              ],
              [
                -6714220.446376512,
                6621112.302874903
              ],
              [
                -6714220.446376512,
                6620999.673822799
              ],
              [
                -6714107.817324407,
                6620999.673822799
              ],
              [
                -6714107.817324407,
                6620887.044770694
              ],
              [
                -6713882.559220199,
                6620887.044770694
              ],
              [
                -6713882.559220199,
                6620774.415718591
              ],
              [
                -6713769.930168094,
                6620774.415718591
              ],
              [
                -6713769.930168094,
                6620436.528562278
              ],
              [
                -6713657.30111599,
                6620436.528562278
              ],
              [
                -6713657.30111599,
                6620211.270458069
              ],
              [
                -6713544.672063886,
                6620211.270458069
              ],
              [
                -6713544.672063886,
                6619873.383301756
              ],
              [
                -6713432.043011782,
                6619873.383301756
              ],
              [
                -6713432.043011782,
                6619760.754249652
              ],
              [
                -6713319.413959677,
                6619760.754249652
              ],
              [
                -6713319.413959677,
                6619535.496145443
              ],
              [
                -6713206.784907573,
                6619535.496145443
              ],
              [
                -6713206.784907573,
                6619197.608989131
              ],
              [
                -6713319.413959677,
                6619197.608989131
              ],
              [
                -6713319.413959677,
                6618634.463728609
              ],
              [
                -6713206.784907573,
                6618634.463728609
              ],
              [
                -6713206.784907573,
                6618409.205624401
              ],
              [
                -6713094.1558554685,
                6618409.205624401
              ],
              [
                -6713094.1558554685,
                6618183.947520192
              ],
              [
                -6712981.526803364,
                6618183.947520192
              ],
              [
                -6712981.526803364,
                6618071.318468087
              ],
              [
                -6712868.89775126,
                6618071.318468087
              ],
              [
                -6712868.89775126,
                6617958.689415983
              ],
              [
                -6712643.639647052,
                6617958.689415983
              ],
              [
                -6712643.639647052,
                6617733.431311775
              ],
              [
                -6712531.010594947,
                6617733.431311775
              ],
              [
                -6712531.010594947,
                6618071.318468087
              ],
              [
                -6712418.381542843,
                6618071.318468087
              ],
              [
                -6712418.381542843,
                6618183.947520192
              ],
              [
                -6711292.0910218,
                6618183.947520192
              ],
              [
                -6711292.0910218,
                6618296.576572296
              ],
              [
                -6711179.461969696,
                6618296.576572296
              ],
              [
                -6711179.461969696,
                6618409.205624401
              ],
              [
                -6710728.945761278,
                6618409.205624401
              ],
              [
                -6710728.945761278,
                6618521.834676505
              ],
              [
                -6710278.4295528615,
                6618521.834676505
              ],
              [
                -6710278.4295528615,
                6618634.463728609
              ],
              [
                -6709715.28429234,
                6618634.463728609
              ],
              [
                -6709715.28429234,
                6618747.092780713
              ],
              [
                -6709602.655240236,
                6618747.092780713
              ],
              [
                -6709602.655240236,
                6618859.721832817
              ],
              [
                -6709490.026188131,
                6618859.721832817
              ],
              [
                -6709490.026188131,
                6618972.350884922
              ],
              [
                -6709377.397136027,
                6618972.350884922
              ],
              [
                -6709377.397136027,
                6619084.979937026
              ],
              [
                -6709152.139031818,
                6619084.979937026
              ],
              [
                -6709152.139031818,
                6619310.238041235
              ],
              [
                -6709039.509979715,
                6619310.238041235
              ],
              [
                -6709039.509979715,
                6619535.496145443
              ],
              [
                -6708926.88092761,
                6619535.496145443
              ],
              [
                -6708926.88092761,
                6619422.867093339
              ],
              [
                -6708251.106614985,
                6619422.867093339
              ],
              [
                -6708251.106614985,
                6619310.238041235
              ],
              [
                -6708025.848510776,
                6619310.238041235
              ],
              [
                -6708025.848510776,
                6619197.608989131
              ],
              [
                -6707913.219458671,
                6619197.608989131
              ],
              [
                -6707913.219458671,
                6618972.350884922
              ],
              [
                -6707575.332302359,
                6618972.350884922
              ],
              [
                -6707575.332302359,
                6618859.721832817
              ],
              [
                -6707350.07419815,
                6618859.721832817
              ],
              [
                -6707350.07419815,
                6618747.092780713
              ],
              [
                -6707124.816093941,
                6618747.092780713
              ],
              [
                -6707124.816093941,
                6618859.721832817
              ],
              [
                -6706786.928937629,
                6618859.721832817
              ],
              [
                -6706786.928937629,
                6618972.350884922
              ],
              [
                -6706449.041781316,
                6618972.350884922
              ],
              [
                -6706449.041781316,
                6618859.721832817
              ],
              [
                -6705885.896520794,
                6618859.721832817
              ],
              [
                -6705885.896520794,
                6618972.350884922
              ],
              [
                -6705660.6384165855,
                6618972.350884922
              ],
              [
                -6705660.6384165855,
                6618747.092780713
              ],
              [
                -6705773.26746869,
                6618747.092780713
              ],
              [
                -6705773.26746869,
                6618634.463728609
              ],
              [
                -6705998.525572899,
                6618634.463728609
              ],
              [
                -6705998.525572899,
                6618521.834676505
              ],
              [
                -6706336.412729211,
                6618521.834676505
              ],
              [
                -6706336.412729211,
                6618409.205624401
              ],
              [
                -6706561.67083342,
                6618409.205624401
              ],
              [
                -6706561.67083342,
                6618296.576572296
              ],
              [
                -6706899.557989732,
                6618296.576572296
              ],
              [
                -6706899.557989732,
                6618183.947520192
              ],
              [
                -6707124.816093941,
                6618183.947520192
              ],
              [
                -6707124.816093941,
                6618071.318468087
              ],
              [
                -6707237.445146046,
                6618071.318468087
              ],
              [
                -6707237.445146046,
                6617958.689415983
              ],
              [
                -6707350.07419815,
                6617958.689415983
              ],
              [
                -6707350.07419815,
                6617282.915103357
              ],
              [
                -6707462.7032502545,
                6617282.915103357
              ],
              [
                -6707462.7032502545,
                6617170.286051253
              ],
              [
                -6707575.332302359,
                6617170.286051253
              ],
              [
                -6707575.332302359,
                6617057.656999149
              ],
              [
                -6707800.590406567,
                6617057.656999149
              ],
              [
                -6707800.590406567,
                6616832.3988949405
              ],
              [
                -6708025.848510776,
                6616832.3988949405
              ],
              [
                -6708025.848510776,
                6616719.769842836
              ],
              [
                -6708363.735667088,
                6616719.769842836
              ],
              [
                -6708363.735667088,
                6616607.140790732
              ],
              [
                -6708476.3647191925,
                6616607.140790732
              ],
              [
                -6708476.3647191925,
                6616494.511738627
              ],
              [
                -6708588.993771297,
                6616494.511738627
              ],
              [
                -6708588.993771297,
                6616269.253634419
              ],
              [
                -6708701.622823401,
                6616269.253634419
              ],
              [
                -6708701.622823401,
                6616156.624582315
              ],
              [
                -6708814.251875506,
                6616156.624582315
              ],
              [
                -6708814.251875506,
                6616043.99553021
              ],
              [
                -6708926.88092761,
                6616043.99553021
              ],
              [
                -6708926.88092761,
                6615931.366478106
              ],
              [
                -6709039.509979715,
                6615931.366478106
              ],
              [
                -6709039.509979715,
                6615706.108373897
              ],
              [
                -6709264.768083923,
                6615706.108373897
              ],
              [
                -6709264.768083923,
                6615480.850269689
              ],
              [
                -6709377.397136027,
                6615480.850269689
              ],
              [
                -6709377.397136027,
                6615368.221217585
              ],
              [
                -6709827.913344445,
                6615368.221217585
              ],
              [
                -6709827.913344445,
                6615255.59216548
              ],
              [
                -6710278.4295528615,
                6615255.59216548
              ],
              [
                -6710278.4295528615,
                6615142.963113376
              ],
              [
                -6710391.058604966,
                6615142.963113376
              ],
              [
                -6710391.058604966,
                6615030.3340612715
              ],
              [
                -6710503.68765707,
                6615030.3340612715
              ],
              [
                -6710503.68765707,
                6614917.705009167
              ],
              [
                -6711179.461969696,
                6614917.705009167
              ],
              [
                -6711179.461969696,
                6614805.075957064
              ],
              [
                -6711517.349126008,
                6614805.075957064
              ],
              [
                -6711517.349126008,
                6614917.705009167
              ],
              [
                -6711629.978178113,
                6614917.705009167
              ],
              [
                -6711629.978178113,
                6614467.18880075
              ],
              [
                -6711517.349126008,
                6614467.18880075
              ],
              [
                -6711517.349126008,
                6614354.559748646
              ],
              [
                -6711404.720073904,
                6614354.559748646
              ],
              [
                -6711404.720073904,
                6614241.930696541
              ],
              [
                -6711292.0910218,
                6614241.930696541
              ],
              [
                -6711292.0910218,
                6614129.301644438
              ],
              [
                -6711179.461969696,
                6614129.301644438
              ],
              [
                -6711179.461969696,
                6614016.6725923335
              ],
              [
                -6711066.832917592,
                6614016.6725923335
              ],
              [
                -6711066.832917592,
                6613904.043540229
              ],
              [
                -6710954.203865487,
                6613904.043540229
              ],
              [
                -6710954.203865487,
                6613791.414488125
              ],
              [
                -6710841.574813383,
                6613791.414488125
              ],
              [
                -6710841.574813383,
                6613678.78543602
              ],
              [
                -6710616.316709174,
                6613678.78543602
              ],
              [
                -6710616.316709174,
                6613566.156383916
              ],
              [
                -6710503.68765707,
                6613566.156383916
              ],
              [
                -6710503.68765707,
                6613453.527331811
              ],
              [
                -6710278.4295528615,
                6613453.527331811
              ],
              [
                -6710278.4295528615,
                6613340.898279708
              ],
              [
                -6710165.800500757,
                6613340.898279708
              ],
              [
                -6710165.800500757,
                6613115.640175499
              ],
              [
                -6710053.171448653,
                6613115.640175499
              ],
              [
                -6710053.171448653,
                6613003.011123395
              ],
              [
                -6709940.542396548,
                6613003.011123395
              ],
              [
                -6709940.542396548,
                6612890.38207129
              ],
              [
                -6709602.655240236,
                6612890.38207129
              ],
              [
                -6709602.655240236,
                6612101.97870656
              ],
              [
                -6709490.026188131,
                6612101.97870656
              ],
              [
                -6709490.026188131,
                6611989.349654456
              ],
              [
                -6709377.397136027,
                6611989.349654456
              ],
              [
                -6709377.397136027,
                6611764.091550248
              ],
              [
                -6709264.768083923,
                6611764.091550248
              ],
              [
                -6709264.768083923,
                6611426.204393934
              ],
              [
                -6709152.139031818,
                6611426.204393934
              ],
              [
                -6709152.139031818,
                6611200.946289726
              ],
              [
                -6709039.509979715,
                6611200.946289726
              ],
              [
                -6709039.509979715,
                6610975.688185518
              ],
              [
                -6708926.88092761,
                6610975.688185518
              ],
              [
                -6708926.88092761,
                6610750.430081309
              ],
              [
                -6708814.251875506,
                6610750.430081309
              ],
              [
                -6708814.251875506,
                6610299.913872892
              ],
              [
                -6708926.88092761,
                6610299.913872892
              ],
              [
                -6708926.88092761,
                6610187.284820788
              ],
              [
                -6709039.509979715,
                6610187.284820788
              ],
              [
                -6709039.509979715,
                6610074.655768683
              ],
              [
                -6709152.139031818,
                6610074.655768683
              ],
              [
                -6709152.139031818,
                6609736.76861237
              ],
              [
                -6709264.768083923,
                6609736.76861237
              ],
              [
                -6709264.768083923,
                6609511.510508162
              ],
              [
                -6709377.397136027,
                6609511.510508162
              ],
              [
                -6709377.397136027,
                6609173.623351849
              ],
              [
                -6709264.768083923,
                6609173.623351849
              ],
              [
                -6709264.768083923,
                6608497.849039223
              ],
              [
                -6709377.397136027,
                6608497.849039223
              ],
              [
                -6709377.397136027,
                6607822.074726597
              ],
              [
                -6709827.913344445,
                6607822.074726597
              ],
              [
                -6709827.913344445,
                6607709.445674493
              ],
              [
                -6710391.058604966,
                6607709.445674493
              ],
              [
                -6710391.058604966,
                6607934.703778702
              ],
              [
                -6710616.316709174,
                6607934.703778702
              ],
              [
                -6710616.316709174,
                6607822.074726597
              ],
              [
                -6711179.461969696,
                6607822.074726597
              ],
              [
                -6711179.461969696,
                6607709.445674493
              ],
              [
                -6711292.0910218,
                6607709.445674493
              ],
              [
                -6711292.0910218,
                6607484.187570284
              ],
              [
                -6711404.720073904,
                6607484.187570284
              ],
              [
                -6711404.720073904,
                6607371.558518181
              ],
              [
                -6711517.349126008,
                6607371.558518181
              ],
              [
                -6711517.349126008,
                6607258.929466076
              ],
              [
                -6711629.978178113,
                6607258.929466076
              ],
              [
                -6711629.978178113,
                6607146.300413972
              ],
              [
                -6711742.607230217,
                6607146.300413972
              ],
              [
                -6711742.607230217,
                6607033.671361867
              ],
              [
                -6711855.236282322,
                6607033.671361867
              ],
              [
                -6711855.236282322,
                6606921.042309763
              ],
              [
                -6712080.4943865305,
                6606921.042309763
              ],
              [
                -6712080.4943865305,
                6606808.4132576585
              ],
              [
                -6712531.010594947,
                6606808.4132576585
              ],
              [
                -6712531.010594947,
                6606695.784205554
              ],
              [
                -6712756.268699156,
                6606695.784205554
              ],
              [
                -6712756.268699156,
                6606583.155153451
              ],
              [
                -6713206.784907573,
                6606583.155153451
              ],
              [
                -6713206.784907573,
                6606470.526101346
              ],
              [
                -6713769.930168094,
                6606470.526101346
              ],
              [
                -6713769.930168094,
                6606245.267997137
              ],
              [
                -6713882.559220199,
                6606245.267997137
              ],
              [
                -6713882.559220199,
                6606132.638945033
              ],
              [
                -6713995.188272303,
                6606132.638945033
              ],
              [
                -6713995.188272303,
                6605907.380840825
              ],
              [
                -6714107.817324407,
                6605907.380840825
              ],
              [
                -6714107.817324407,
                6605456.864632407
              ],
              [
                -6714220.446376512,
                6605456.864632407
              ],
              [
                -6714220.446376512,
                6605118.977476095
              ],
              [
                -6714333.075428615,
                6605118.977476095
              ],
              [
                -6714333.075428615,
                6605006.34842399
              ],
              [
                -6714445.70448072,
                6605006.34842399
              ],
              [
                -6714445.70448072,
                6604893.719371886
              ],
              [
                -6714333.075428615,
                6604893.719371886
              ],
              [
                -6714333.075428615,
                6604781.090319782
              ],
              [
                -6714220.446376512,
                6604781.090319782
              ],
              [
                -6714220.446376512,
                6604668.461267677
              ],
              [
                -6714107.817324407,
                6604668.461267677
              ],
              [
                -6714107.817324407,
                6604555.832215573
              ],
              [
                -6713657.30111599,
                6604555.832215573
              ],
              [
                -6713657.30111599,
                6604443.203163468
              ],
              [
                -6713544.672063886,
                6604443.203163468
              ],
              [
                -6713544.672063886,
                6604330.574111365
              ],
              [
                -6713432.043011782,
                6604330.574111365
              ],
              [
                -6713432.043011782,
                6604443.203163468
              ],
              [
                -6713206.784907573,
                6604443.203163468
              ],
              [
                -6713206.784907573,
                6604555.832215573
              ],
              [
                -6713094.1558554685,
                6604555.832215573
              ],
              [
                -6713094.1558554685,
                6604668.461267677
              ],
              [
                -6712868.89775126,
                6604668.461267677
              ],
              [
                -6712868.89775126,
                6604781.090319782
              ],
              [
                -6712756.268699156,
                6604781.090319782
              ],
              [
                -6712756.268699156,
                6604893.719371886
              ],
              [
                -6712193.123438634,
                6604893.719371886
              ],
              [
                -6712193.123438634,
                6605006.34842399
              ],
              [
                -6710616.316709174,
                6605006.34842399
              ],
              [
                -6710616.316709174,
                6605118.977476095
              ],
              [
                -6710391.058604966,
                6605118.977476095
              ],
              [
                -6710391.058604966,
                6605006.34842399
              ],
              [
                -6710053.171448653,
                6605006.34842399
              ],
              [
                -6710053.171448653,
                6604893.719371886
              ],
              [
                -6709940.542396548,
                6604893.719371886
              ],
              [
                -6709940.542396548,
                6604781.090319782
              ],
              [
                -6709827.913344445,
                6604781.090319782
              ],
              [
                -6709827.913344445,
                6604555.832215573
              ],
              [
                -6709715.28429234,
                6604555.832215573
              ],
              [
                -6709715.28429234,
                6604217.94505926
              ],
              [
                -6707350.07419815,
                6604217.94505926
              ],
              [
                -6707350.07419815,
                6604330.574111365
              ],
              [
                -6707237.445146046,
                6604330.574111365
              ],
              [
                -6707237.445146046,
                6604443.203163468
              ],
              [
                -6707012.187041837,
                6604443.203163468
              ],
              [
                -6707012.187041837,
                6604555.832215573
              ],
              [
                -6706899.557989732,
                6604555.832215573
              ],
              [
                -6706899.557989732,
                6604668.461267677
              ],
              [
                -6706561.67083342,
                6604668.461267677
              ],
              [
                -6706561.67083342,
                6604555.832215573
              ],
              [
                -6706336.412729211,
                6604555.832215573
              ],
              [
                -6706336.412729211,
                6604443.203163468
              ],
              [
                -6706223.783677107,
                6604443.203163468
              ],
              [
                -6706223.783677107,
                6604330.574111365
              ],
              [
                -6703182.799270291,
                6604330.574111365
              ],
              [
                -6703182.799270291,
                6604217.94505926
              ],
              [
                -6703070.170218187,
                6604217.94505926
              ],
              [
                -6703070.170218187,
                6604105.316007156
              ],
              [
                -6702957.541166083,
                6604105.316007156
              ],
              [
                -6702957.541166083,
                6603992.6869550515
              ],
              [
                -6702844.9121139785,
                6603992.6869550515
              ],
              [
                -6702844.9121139785,
                6603880.057902947
              ],
              [
                -6702732.283061874,
                6603880.057902947
              ],
              [
                -6702732.283061874,
                6603767.428850843
              ],
              [
                -6702619.65400977,
                6603767.428850843
              ],
              [
                -6702619.65400977,
                6603654.799798739
              ],
              [
                -6702507.024957665,
                6603654.799798739
              ],
              [
                -6702507.024957665,
                6603542.170746635
              ],
              [
                -6702394.395905561,
                6603542.170746635
              ],
              [
                -6702394.395905561,
                6603429.54169453
              ],
              [
                -6702281.766853457,
                6603429.54169453
              ],
              [
                -6702281.766853457,
                6602415.880225591
              ],
              [
                -6702056.508749248,
                6602415.880225591
              ],
              [
                -6702056.508749248,
                6602303.251173487
              ],
              [
                -6701831.25064504,
                6602303.251173487
              ],
              [
                -6701831.25064504,
                6602190.6221213825
              ],
              [
                -6701718.621592935,
                6602190.6221213825
              ],
              [
                -6701718.621592935,
                6602077.993069279
              ],
              [
                -6701605.992540832,
                6602077.993069279
              ],
              [
                -6701605.992540832,
                6601965.364017175
              ],
              [
                -6701493.363488727,
                6601965.364017175
              ],
              [
                -6701493.363488727,
                6601852.73496507
              ],
              [
                -6701042.84728031,
                6601852.73496507
              ],
              [
                -6701042.84728031,
                6601965.364017175
              ],
              [
                -6700817.589176102,
                6601965.364017175
              ],
              [
                -6700817.589176102,
                6602077.993069279
              ],
              [
                -6700704.960123997,
                6602077.993069279
              ],
              [
                -6700704.960123997,
                6602190.6221213825
              ],
              [
                -6700479.702019788,
                6602190.6221213825
              ],
              [
                -6700479.702019788,
                6602303.251173487
              ],
              [
                -6700367.072967684,
                6602303.251173487
              ],
              [
                -6700367.072967684,
                6602415.880225591
              ],
              [
                -6700141.814863475,
                6602415.880225591
              ],
              [
                -6700141.814863475,
                6602528.509277696
              ],
              [
                -6700029.185811372,
                6602528.509277696
              ],
              [
                -6700029.185811372,
                6602641.1383298
              ],
              [
                -6698902.895290328,
                6602641.1383298
              ],
              [
                -6698902.895290328,
                6602866.396434009
              ],
              [
                -6698790.266238224,
                6602866.396434009
              ],
              [
                -6698790.266238224,
                6602979.025486113
              ],
              [
                -6698677.637186119,
                6602979.025486113
              ],
              [
                -6698677.637186119,
                6603204.283590321
              ],
              [
                -6698565.008134016,
                6603204.283590321
              ],
              [
                -6698565.008134016,
                6603429.54169453
              ],
              [
                -6698452.379081911,
                6603429.54169453
              ],
              [
                -6698452.379081911,
                6603542.170746635
              ],
              [
                -6698339.750029807,
                6603542.170746635
              ],
              [
                -6698339.750029807,
                6603767.428850843
              ],
              [
                -6698452.379081911,
                6603767.428850843
              ],
              [
                -6698452.379081911,
                6603992.6869550515
              ],
              [
                -6698565.008134016,
                6603992.6869550515
              ],
              [
                -6698565.008134016,
                6604217.94505926
              ],
              [
                -6698452.379081911,
                6604217.94505926
              ],
              [
                -6698452.379081911,
                6604668.461267677
              ],
              [
                -6698565.008134016,
                6604668.461267677
              ],
              [
                -6698565.008134016,
                6605344.235580303
              ],
              [
                -6698452.379081911,
                6605344.235580303
              ],
              [
                -6698452.379081911,
                6606020.009892928
              ],
              [
                -6698565.008134016,
                6606020.009892928
              ],
              [
                -6698565.008134016,
                6606695.784205554
              ],
              [
                -6698677.637186119,
                6606695.784205554
              ],
              [
                -6698677.637186119,
                6607371.558518181
              ],
              [
                -6698565.008134016,
                6607371.558518181
              ],
              [
                -6698565.008134016,
                6607484.187570284
              ],
              [
                -6698452.379081911,
                6607484.187570284
              ],
              [
                -6698452.379081911,
                6607596.816622389
              ],
              [
                -6698227.120977703,
                6607596.816622389
              ],
              [
                -6698227.120977703,
                6607934.703778702
              ],
              [
                -6698114.491925598,
                6607934.703778702
              ],
              [
                -6698114.491925598,
                6608159.96188291
              ],
              [
                -6698001.862873494,
                6608159.96188291
              ],
              [
                -6698001.862873494,
                6608385.219987119
              ],
              [
                -6697889.23382139,
                6608385.219987119
              ],
              [
                -6697889.23382139,
                6608723.107143432
              ],
              [
                -6697776.604769286,
                6608723.107143432
              ],
              [
                -6697776.604769286,
                6608948.36524764
              ],
              [
                -6697663.975717181,
                6608948.36524764
              ],
              [
                -6697663.975717181,
                6609060.994299744
              ],
              [
                -6697551.346665077,
                6609060.994299744
              ],
              [
                -6697551.346665077,
                6609173.623351849
              ],
              [
                -6697438.7176129725,
                6609173.623351849
              ],
              [
                -6697438.7176129725,
                6609286.252403953
              ],
              [
                -6697326.088560868,
                6609286.252403953
              ],
              [
                -6697326.088560868,
                6609398.881456058
              ],
              [
                -6697438.7176129725,
                6609398.881456058
              ],
              [
                -6697438.7176129725,
                6609511.510508162
              ],
              [
                -6697551.346665077,
                6609511.510508162
              ],
              [
                -6697551.346665077,
                6610412.5429249955
              ],
              [
                -6697438.7176129725,
                6610412.5429249955
              ],
              [
                -6697438.7176129725,
                6610863.059133413
              ],
              [
                -6697551.346665077,
                6610863.059133413
              ],
              [
                -6697551.346665077,
                6611313.57534183
              ],
              [
                -6697663.975717181,
                6611313.57534183
              ],
              [
                -6697663.975717181,
                6611651.462498143
              ],
              [
                -6697776.604769286,
                6611651.462498143
              ],
              [
                -6697776.604769286,
                6611764.091550248
              ],
              [
                -6697889.23382139,
                6611764.091550248
              ],
              [
                -6697889.23382139,
                6611876.720602352
              ],
              [
                -6698001.862873494,
                6611876.720602352
              ],
              [
                -6698001.862873494,
                6611989.349654456
              ],
              [
                -6698114.491925598,
                6611989.349654456
              ],
              [
                -6698114.491925598,
                6612101.97870656
              ],
              [
                -6698227.120977703,
                6612101.97870656
              ],
              [
                -6698227.120977703,
                6612214.6077586645
              ],
              [
                -6698339.750029807,
                6612214.6077586645
              ],
              [
                -6698339.750029807,
                6612327.236810769
              ],
              [
                -6698452.379081911,
                6612327.236810769
              ],
              [
                -6698452.379081911,
                6612439.865862873
              ],
              [
                -6698565.008134016,
                6612439.865862873
              ],
              [
                -6698565.008134016,
                6612665.123967081
              ],
              [
                -6698677.637186119,
                6612665.123967081
              ],
              [
                -6698677.637186119,
                6612890.38207129
              ],
              [
                -6698790.266238224,
                6612890.38207129
              ],
              [
                -6698790.266238224,
                6613340.898279708
              ],
              [
                -6698902.895290328,
                6613340.898279708
              ],
              [
                -6698902.895290328,
                6613453.527331811
              ],
              [
                -6699015.524342433,
                6613453.527331811
              ],
              [
                -6699015.524342433,
                6613566.156383916
              ],
              [
                -6699240.7824466415,
                6613566.156383916
              ],
              [
                -6699240.7824466415,
                6613904.043540229
              ],
              [
                -6699128.153394537,
                6613904.043540229
              ],
              [
                -6699128.153394537,
                6614016.6725923335
              ],
              [
                -6699015.524342433,
                6614016.6725923335
              ],
              [
                -6699015.524342433,
                6614467.18880075
              ],
              [
                -6699128.153394537,
                6614467.18880075
              ],
              [
                -6699128.153394537,
                6614579.817852855
              ],
              [
                -6699240.7824466415,
                6614579.817852855
              ],
              [
                -6699240.7824466415,
                6614692.446904959
              ],
              [
                -6699353.411498746,
                6614692.446904959
              ],
              [
                -6699353.411498746,
                6614917.705009167
              ],
              [
                -6699466.040550849,
                6614917.705009167
              ],
              [
                -6699466.040550849,
                6615030.3340612715
              ],
              [
                -6699691.298655058,
                6615030.3340612715
              ],
              [
                -6699691.298655058,
                6615142.963113376
              ],
              [
                -6699803.927707163,
                6615142.963113376
              ],
              [
                -6699803.927707163,
                6615255.59216548
              ],
              [
                -6699916.556759267,
                6615255.59216548
              ],
              [
                -6699916.556759267,
                6615368.221217585
              ],
              [
                -6700029.185811372,
                6615368.221217585
              ],
              [
                -6700029.185811372,
                6615480.850269689
              ],
              [
                -6700254.4439155795,
                6615480.850269689
              ],
              [
                -6700254.4439155795,
                6615593.479321794
              ],
              [
                -6700367.072967684,
                6615593.479321794
              ],
              [
                -6700367.072967684,
                6615818.737426002
              ],
              [
                -6700479.702019788,
                6615818.737426002
              ],
              [
                -6700479.702019788,
                6615931.366478106
              ],
              [
                -6700592.331071893,
                6615931.366478106
              ],
              [
                -6700592.331071893,
                6616043.99553021
              ],
              [
                -6700704.960123997,
                6616043.99553021
              ],
              [
                -6700704.960123997,
                6616156.624582315
              ],
              [
                -6700817.589176102,
                6616156.624582315
              ],
              [
                -6700817.589176102,
                6616269.253634419
              ],
              [
                -6700930.218228205,
                6616269.253634419
              ],
              [
                -6700930.218228205,
                6616381.882686524
              ],
              [
                -6701042.84728031,
                6616381.882686524
              ],
              [
                -6701042.84728031,
                6616719.769842836
              ],
              [
                -6701155.476332414,
                6616719.769842836
              ],
              [
                -6701155.476332414,
                6616832.3988949405
              ],
              [
                -6701268.105384518,
                6616832.3988949405
              ],
              [
                -6701268.105384518,
                6616945.027947045
              ],
              [
                -6701380.734436623,
                6616945.027947045
              ],
              [
                -6701380.734436623,
                6617057.656999149
              ],
              [
                -6701493.363488727,
                6617057.656999149
              ],
              [
                -6701493.363488727,
                6617395.544155462
              ],
              [
                -6701605.992540832,
                6617395.544155462
              ],
              [
                -6701605.992540832,
                6617846.060363879
              ],
              [
                -6701493.363488727,
                6617846.060363879
              ],
              [
                -6701493.363488727,
                6617958.689415983
              ],
              [
                -6701605.992540832,
                6617958.689415983
              ],
              [
                -6701605.992540832,
                6618071.318468087
              ],
              [
                -6701718.621592935,
                6618071.318468087
              ],
              [
                -6701718.621592935,
                6618296.576572296
              ],
              [
                -6701831.25064504,
                6618296.576572296
              ],
              [
                -6701831.25064504,
                6618521.834676505
              ],
              [
                -6701943.879697144,
                6618521.834676505
              ],
              [
                -6701943.879697144,
                6618634.463728609
              ],
              [
                -6702056.508749248,
                6618634.463728609
              ],
              [
                -6702056.508749248,
                6618747.092780713
              ],
              [
                -6702394.395905561,
                6618747.092780713
              ],
              [
                -6702394.395905561,
                6618859.721832817
              ],
              [
                -6702507.024957665,
                6618859.721832817
              ],
              [
                -6702507.024957665,
                6618972.350884922
              ],
              [
                -6702619.65400977,
                6618972.350884922
              ],
              [
                -6702619.65400977,
                6619084.979937026
              ],
              [
                -6702844.9121139785,
                6619084.979937026
              ],
              [
                -6702844.9121139785,
                6619197.608989131
              ],
              [
                -6703070.170218187,
                6619197.608989131
              ],
              [
                -6703070.170218187,
                6619422.867093339
              ],
              [
                -6703182.799270291,
                6619422.867093339
              ],
              [
                -6703182.799270291,
                6619873.383301756
              ],
              [
                -6703295.428322395,
                6619873.383301756
              ],
              [
                -6703295.428322395,
                6620211.270458069
              ],
              [
                -6703408.0573745,
                6620211.270458069
              ],
              [
                -6703408.0573745,
                6620661.786666486
              ],
              [
                -6703520.686426604,
                6620661.786666486
              ],
              [
                -6703520.686426604,
                6620774.415718591
              ],
              [
                -6703745.944530813,
                6620774.415718591
              ],
              [
                -6703745.944530813,
                6620887.044770694
              ],
              [
                -6703633.315478709,
                6620887.044770694
              ],
              [
                -6703633.315478709,
                6621675.448135424
              ],
              [
                -6703745.944530813,
                6621675.448135424
              ],
              [
                -6703745.944530813,
                6621788.077187529
              ],
              [
                -6703971.202635021,
                6621788.077187529
              ],
              [
                -6703971.202635021,
                6622125.964343842
              ],
              [
                -6703858.573582917,
                6622125.964343842
              ],
              [
                -6703858.573582917,
                6622576.480552259
              ],
              [
                -6703745.944530813,
                6622576.480552259
              ],
              [
                -6703745.944530813,
                6623364.883916989
              ],
              [
                -6703858.573582917,
                6623364.883916989
              ],
              [
                -6703858.573582917,
                6623477.512969093
              ],
              [
                -6703971.202635021,
                6623477.512969093
              ],
              [
                -6703971.202635021,
                6623590.142021198
              ],
              [
                -6704083.831687125,
                6623590.142021198
              ],
              [
                -6704083.831687125,
                6623928.02917751
              ],
              [
                -6704196.46073923,
                6623928.02917751
              ],
              [
                -6704196.46073923,
                6624153.287281719
              ],
              [
                -6704421.718843439,
                6624153.287281719
              ],
              [
                -6704421.718843439,
                6624265.916333823
              ],
              [
                -6705097.493156064,
                6624265.916333823
              ],
              [
                -6705097.493156064,
                6624378.545385928
              ],
              [
                -6705210.122208169,
                6624378.545385928
              ],
              [
                -6705210.122208169,
                6624491.174438032
              ],
              [
                -6705322.751260273,
                6624491.174438032
              ],
              [
                -6705322.751260273,
                6624603.803490137
              ],
              [
                -6705435.380312377,
                6624603.803490137
              ],
              [
                -6705435.380312377,
                6624716.43254224
              ],
              [
                -6705548.009364481,
                6624716.43254224
              ],
              [
                -6705548.009364481,
                6624941.690646449
              ],
              [
                -6705660.6384165855,
                6624941.690646449
              ],
              [
                -6705660.6384165855,
                6625054.3196985535
              ],
              [
                -6705773.26746869,
                6625054.3196985535
              ],
              [
                -6705773.26746869,
                6625166.948750658
              ],
              [
                -6705885.896520794,
                6625166.948750658
              ],
              [
                -6705885.896520794,
                6625279.577802762
              ],
              [
                -6705998.525572899,
                6625279.577802762
              ],
              [
                -6705998.525572899,
                6625392.206854866
              ],
              [
                -6706111.154625002,
                6625392.206854866
              ],
              [
                -6706111.154625002,
                6625504.83590697
              ],
              [
                -6706336.412729211,
                6625504.83590697
              ],
              [
                -6706336.412729211,
                6625617.464959075
              ],
              [
                -6706449.041781316,
                6625617.464959075
              ],
              [
                -6706449.041781316,
                6625730.094011179
              ],
              [
                -6706561.67083342,
                6625730.094011179
              ],
              [
                -6706561.67083342,
                6625842.723063284
              ],
              [
                -6707462.7032502545,
                6625842.723063284
              ],
              [
                -6707462.7032502545,
                6625730.094011179
              ],
              [
                -6708025.848510776,
                6625730.094011179
              ],
              [
                -6708025.848510776,
                6625617.464959075
              ],
              [
                -6708138.47756288,
                6625617.464959075
              ],
              [
                -6708138.47756288,
                6625504.83590697
              ],
              [
                -6709039.509979715,
                6625504.83590697
              ],
              [
                -6709039.509979715,
                6625392.206854866
              ],
              [
                -6709490.026188131,
                6625392.206854866
              ],
              [
                -6709490.026188131,
                6625279.577802762
              ],
              [
                -6710053.171448653,
                6625279.577802762
              ],
              [
                -6710053.171448653,
                6625504.83590697
              ],
              [
                -6710165.800500757,
                6625504.83590697
              ],
              [
                -6710165.800500757,
                6625617.464959075
              ],
              [
                -6710954.203865487,
                6625617.464959075
              ],
              [
                -6710954.203865487,
                6625504.83590697
              ],
              [
                -6711066.832917592,
                6625504.83590697
              ],
              [
                -6711066.832917592,
                6625392.206854866
              ],
              [
                -6711179.461969696,
                6625392.206854866
              ],
              [
                -6711179.461969696,
                6625279.577802762
              ],
              [
                -6711292.0910218,
                6625279.577802762
              ],
              [
                -6711292.0910218,
                6625166.948750658
              ],
              [
                -6711404.720073904,
                6625166.948750658
              ],
              [
                -6711404.720073904,
                6625054.3196985535
              ],
              [
                -6711517.349126008,
                6625054.3196985535
              ],
              [
                -6711517.349126008,
                6624941.690646449
              ],
              [
                -6711967.865334426,
                6624941.690646449
              ],
              [
                -6711967.865334426,
                6624829.061594345
              ],
              [
                -6712193.123438634,
                6624829.061594345
              ],
              [
                -6712193.123438634,
                6624716.43254224
              ],
              [
                -6712305.752490738,
                6624716.43254224
              ],
              [
                -6712305.752490738,
                6624603.803490137
              ],
              [
                -6713094.1558554685,
                6624603.803490137
              ],
              [
                -6713094.1558554685,
                6624491.174438032
              ],
              [
                -6713206.784907573,
                6624491.174438032
              ],
              [
                -6713206.784907573,
                6624716.43254224
              ],
              [
                -6713319.413959677,
                6624716.43254224
              ],
              [
                -6713319.413959677,
                6624829.061594345
              ],
              [
                -6713432.043011782,
                6624829.061594345
              ],
              [
                -6713432.043011782,
                6625054.3196985535
              ],
              [
                -6713544.672063886,
                6625054.3196985535
              ],
              [
                -6713544.672063886,
                6625166.948750658
              ],
              [
                -6713769.930168094,
                6625166.948750658
              ],
              [
                -6713769.930168094,
                6625279.577802762
              ],
              [
                -6713882.559220199,
                6625279.577802762
              ],
              [
                -6713882.559220199,
                6625392.206854866
              ],
              [
                -6714107.817324407,
                6625392.206854866
              ],
              [
                -6714107.817324407,
                6625504.83590697
              ],
              [
                -6714220.446376512,
                6625504.83590697
              ],
              [
                -6714220.446376512,
                6625617.464959075
              ],
              [
                -6714333.075428615,
                6625617.464959075
              ],
              [
                -6714333.075428615,
                6625730.094011179
              ],
              [
                -6714445.70448072,
                6625730.094011179
              ],
              [
                -6714445.70448072,
                6625842.723063284
              ],
              [
                -6714558.333532824,
                6625842.723063284
              ],
              [
                -6714558.333532824,
                6625955.352115388
              ],
              [
                -6714670.962584929,
                6625955.352115388
              ],
              [
                -6714670.962584929,
                6626067.981167492
              ],
              [
                -6714783.591637033,
                6626067.981167492
              ],
              [
                -6714783.591637033,
                6626180.610219596
              ],
              [
                -6714896.2206891375,
                6626180.610219596
              ],
              [
                -6714896.2206891375,
                6626293.2392717
              ],
              [
                -6715008.849741242,
                6626293.2392717
              ]
            ]
          ]
        ]
      },
      "properties": {
        "zone_id": "30",
        "downstream_id": null,
        "area_km2": 241.37595267488007,
        "runoff_method": "hbv",
        "routing_method": "muskingum"
      }
    }
  ]
}