{
  "type": "FeatureCollection",
  "features": [
    {
      "type": "Feature",
      "geometry": {
        "type": "LineString",
        "coordinates": [
          [
            -6716191.4547883365,
            6577919.061392909
          ],
          [
            -6716078.825736232,
            6578031.690445013
          ],
          [
            -6716078.825736232,
            6578144.319497118
          ],
          [
            -6715966.196684128,
            6578256.948549221
          ],
          [
            -6715966.196684128,
            6578369.577601326
          ],
          [
            -6715853.567632023,
            6578482.20665343
          ],
          [
            -6715740.93857992,
            6578594.835705535
          ],
          [
            -6715628.309527815,
            6578707.464757639
          ],
          [
            -6715515.680475711,
            6578820.093809743
          ],
          [
            -6715403.051423606,
            6578932.722861848
          ],
          [
            -6715403.051423606,
            6579045.351913951
          ],
          [
            -6715290.422371502,
            6579157.980966056
          ],
          [
            -6715290.422371502,
            6579270.61001816
          ],
          [
            -6715177.793319398,
            6579383.239070265
          ],
          [
            -6715065.164267294,
            6579495.868122369
          ],
          [
            -6715065.164267294,
            6579608.4971744735
          ],
          [
            -6715065.164267294,
            6579721.126226577
          ],
          [
            -6714952.53521519,
            6579833.755278681
          ],
          [
            -6714839.906163085,
            6579946.384330786
          ]
        ]
      },
      "properties": {
        "segment_id": "11_sub24",
        "zone_id": "11",
        "subzone_id": "11_sub24",
        "length_m": 2587.1527086624355,
        "slope": 0.07586842572832854,
        "drop_m": 196.283203125,
        "downstream_id": "11_sub15",
        "upstream_ids": []
      }
    },
    {
      "type": "Feature",
      "geometry": {
        "type": "LineString",
        "coordinates": [
          [
            -6718106.148674109,
            6585577.836936001
          ],
          [
            -6717993.5196220055,
            6585465.207883896
          ],
          [
            -6717880.890569901,
            6585352.578831792
          ],
          [
            -6717768.261517797,
            6585352.578831792
          ]
        ]
      },
      "properties": {
        "segment_id": "11_sub27",
        "zone_id": "11",
        "subzone_id": "11_sub27",
        "length_m": 431.1921181103871,
        "slope": 0.035815495521294365,
        "drop_m": 15.443359375,
        "downstream_id": "11_sub13",
        "upstream_ids": []
      }
    },
    {
      "type": "Feature",
      "geometry": {
        "type": "LineString",
        "coordinates": [
          [
            -6712024.179860478,
            6571161.318266652
          ],
          [
            -6712024.179860478,
            6571273.947318756
          ],
          [
            -6712024.179860478,
            6571386.57637086
          ],
          [
            -6712136.808912582,
            6571499.205422964
          ],
          [
            -6712249.437964686,
            6571611.834475068
          ],
          [
            -6712249.437964686,
            6571724.463527173
          ],
          [
            -6712362.067016791,
            6571837.092579277
          ],
          [
            -6712362.067016791,
            6571949.721631382
          ],
          [
            -6712474.696068895,
            6572062.350683486
          ],
          [
            -6712587.3251209995,
            6572174.9797355905
          ],
          [
            -6712699.954173104,
            6572174.9797355905
          ],
          [
            -6712812.583225208,
            6572287.608787694
          ],
          [
            -6712925.212277312,
            6572400.237839798
          ],
          [
            -6713037.841329416,
            6572400.237839798
          ],
          [
            -6713150.470381521,
            6572400.237839798
          ],
          [
            -6713263.099433625,
            6572512.866891903
          ],
          [
            -6713375.72848573,
            6572625.495944007
          ],
          [
            -6713375.72848573,
            6572738.124996112
          ],
          [
            -6713488.357537834,
            6572850.754048216
          ],
          [
            -6713488.357537834,
            6572963.38310032
          ],
          [
            -6713600.9865899375,
            6573076.012152424
          ],
          [
            -6713713.615642042,
            6573188.6412045285
          ],
          [
            -6713713.615642042,
            6573301.270256633
          ],
          [
            -6713826.244694146,
            6573413.899308737
          ],
          [
            -6713826.244694146,
            6573526.528360842
          ],
          [
            -6713938.873746251,
            6573639.157412946
          ],
          [
            -6713938.873746251,
            6573751.78646505
          ],
          [
            -6713826.244694146,
            6573864.415517154
          ],
          [
            -6713826.244694146,
            6573977.044569259
          ],
          [
            -6713826.244694146,
            6574089.673621363
          ],
          [
            -6713826.244694146,
            6574202.302673467
          ],
          [
            -6713938.873746251,
            6574314.931725572
          ],
          [
            -6714051.502798355,
            6574427.560777676
          ],
          [
            -6714164.13185046,
            6574540.18982978
          ],
          [
            -6714164.13185046,
            6574652.818881884
          ],
          [
            -6714164.13185046,
            6574765.447933989
          ],
          [
            -6714276.760902564,
            6574878.076986093
          ],
          [
            -6714389.389954668,
            6574990.7060381975
          ],
          [
            -6714502.019006772,
            6575103.335090302
          ],
          [
            -6714614.648058876,
            6575215.964142406
          ],
          [
            -6714614.648058876,
            6575328.59319451
          ],
          [
            -6714502.019006772,
            6575441.222246614
          ],
          [
            -6714502.019006772,
            6575553.851298719
          ],
          [
            -6714502.019006772,
            6575666.480350823
          ],
          [
            -6714502.019006772,
            6575779.109402928
          ],
          [
            -6714614.648058876,
            6575891.738455032
          ],
          [
            -6714614.648058876,
            6576004.3675071355
          ],
          [
            -6714614.648058876,
            6576116.99655924
          ],
          [
            -6714502.019006772,
            6576229.625611344
          ],
          [
            -6714389.389954668,
            6576342.254663449
          ],
          [
            -6714276.760902564,
            6576454.883715553
          ],
          [
            -6714276.760902564,
            6576567.512767658
          ],
          [
            -6714164.13185046,
            6576680.141819762
          ],
          [
            -6714164.13185046,
            6576792.770871866
          ],
          [
            -6714051.502798355,
            6576905.39992397
          ],
          [
            -6713938.873746251,
            6577018.028976074
          ],
          [
            -6713826.244694146,
            6577130.658028179
          ],
          [
            -6713713.615642042,
            6577243.287080283
          ],
          [
            -6713600.9865899375,
            6577130.658028179
          ],
          [
            -6713488.357537834,
            6577243.287080283
          ],
          [
            -6713375.72848573,
            6577355.916132388
          ],
          [
            -6713263.099433625,
            6577468.545184491
          ],
          [
            -6713263.099433625,
            6577581.174236596
          ],
          [
            -6713263.099433625,
            6577693.8032887
          ],
          [
            -6713263.099433625,
            6577806.4323408045
          ],
          [
            -6713375.72848573,
            6577806.4323408045
          ],
          [
            -6713488.357537834,
            6577919.061392909
          ],
          [
            -6713600.9865899375,
            6578031.690445013
          ],
          [
            -6713600.9865899375,
            6578144.319497118
          ],
          [
            -6713600.9865899375,
            6578256.948549221
          ],
          [
            -6713713.615642042,
            6578369.577601326
          ],
          [
            -6713713.615642042,
            6578482.20665343
          ],
          [
            -6713713.615642042,
            6578594.835705535
          ],
          [
            -6713713.615642042,
            6578707.464757639
          ],
          [
            -6713713.615642042,
            6578820.093809743
          ],
          [
            -6713826.244694146,
            6578932.722861848
          ],
          [
            -6713938.873746251,
            6578820.093809743
          ],
          [
            -6714051.502798355,
            6578932.722861848
          ],
          [
            -6714164.13185046,
            6579045.351913951
          ],
          [
            -6714276.760902564,
            6579045.351913951
          ],
          [
            -6714389.389954668,
            6578932.722861848
          ],
          [
            -6714502.019006772,
            6579045.351913951
          ],
          [
            -6714614.648058876,
            6579157.980966056
          ],
          [
            -6714727.277110981,
            6579270.61001816
          ],
          [
            -6714727.277110981,
            6579383.239070265
          ],
          [
            -6714727.277110981,
            6579495.868122369
          ],
          [
            -6714727.277110981,
            6579608.4971744735
          ],
          [
            -6714727.277110981,
            6579721.126226577
          ],
          [
            -6714614.648058876,
            6579833.755278681
          ],
          [
            -6714727.277110981,
            6579946.384330786
          ],
          [
            -6714727.277110981,
            6580059.01338289
          ],
          [
            -6714727.277110981,
            6580171.642434995
          ],
          [
            -6714727.277110981,
            6580284.271487099
          ],
          [
            -6714614.648058876,
            6580396.900539204
          ],
          [
            -6714727.277110981,
            6580509.529591307
          ],
          [
            -6714614.648058876,
            6580622.1586434115
          ],
          [
            -6714614.648058876,
            6580734.787695516
          ],
          [
            -6714502.019006772,
            6580734.787695516
          ],
          [
            -6714502.019006772,
            6580847.41674762
          ],
          [
            -6714502.019006772,
            6580960.045799725
          ],
          [
            -6714502.019006772,
            6581072.674851829
          ],
          [
            -6714389.389954668,
            6581185.303903934
          ],
          [
            -6714276.760902564,
            6581297.932956037
          ],
          [
            -6714276.760902564,
            6581410.562008142
          ],
          [
            -6714389.389954668,
            6581523.191060246
          ],
          [
            -6714502.019006772,
            6581635.82011235
          ],
          [
            -6714614.648058876,
            6581748.449164455
          ],
          [
            -6714502.019006772,
            6581861.078216559
          ],
          [
            -6714502.019006772,
            6581973.707268663
          ],
          [
            -6714502.019006772,
            6582086.336320767
          ],
          [
            -6714614.648058876,
            6582086.336320767
          ],
          [
            -6714727.277110981,
            6582086.336320767
          ]
        ]
      },
      "properties": {
        "segment_id": "11_sub11",
        "zone_id": "11",
        "subzone_id": "11_sub11",
        "length_m": 15207.668675706636,
        "slope": 0.020682667603907728,
        "drop_m": 314.53515625,
        "downstream_id": "11_sub5",
        "upstream_ids": []
      }
    },
    {
      "type": "Feature",
      "geometry": {
        "type": "LineString",
        "coordinates": [
          [
            -6713150.470381521,
            6577806.4323408045
          ],
          [
            -6713263.099433625,
            6577806.4323408045
          ],
          [
            -6713375.72848573,
            6577806.4323408045
          ],
          [
            -6713488.357537834,
            6577919.061392909
          ],
          [
            -6713600.9865899375,
            6578031.690445013
          ],
          [
            -6713600.9865899375,
            6578144.319497118
          ],
          [
            -6713600.9865899375,
            6578256.948549221
          ],
          [
            -6713713.615642042,
            6578369.577601326
          ],
          [
            -6713713.615642042,
            6578482.20665343
          ],
          [
            -6713713.615642042,
            6578594.835705535
          ],
          [
            -6713713.615642042,
            6578707.464757639
          ],
          [
            -6713713.615642042,
            6578820.093809743
          ],
          [
            -6713826.244694146,
            6578932.722861848
          ],
          [
            -6713938.873746251,
            6578820.093809743
          ],
          [
            -6714051.502798355,
            6578932.722861848
          ],
          [
            -6714164.13185046,
            6579045.351913951
          ],
          [
            -6714276.760902564,
            6579045.351913951
          ],
          [
            -6714389.389954668,
            6578932.722861848
          ],
          [
            -6714502.019006772,
            6579045.351913951
          ],
          [
            -6714614.648058876,
            6579157.980966056
          ],
          [
            -6714727.277110981,
            6579270.61001816
          ],
          [
            -6714727.277110981,
            6579383.239070265
          ],
          [
            -6714727.277110981,
            6579495.868122369
          ],
          [
            -6714727.277110981,
            6579608.4971744735
          ],
          [
            -6714727.277110981,
            6579721.126226577
          ],
          [
            -6714614.648058876,
            6579833.755278681
          ],
          [
            -6714727.277110981,
            6579946.384330786
          ],
          [
            -6714727.277110981,
            6580059.01338289
          ],
          [
            -6714727.277110981,
            6580171.642434995
          ],
          [
            -6714727.277110981,
            6580284.271487099
          ],
          [
            -6714614.648058876,
            6580396.900539204
          ],
          [
            -6714727.277110981,
            6580509.529591307
          ],
          [
            -6714614.648058876,
            6580622.1586434115
          ],
          [
            -6714614.648058876,
            6580734.787695516
          ],
          [
            -6714502.019006772,
            6580734.787695516
          ],
          [
            -6714502.019006772,
            6580847.41674762
          ],
          [
            -6714502.019006772,
            6580960.045799725
          ],
          [
            -6714502.019006772,
            6581072.674851829
          ],
          [
            -6714389.389954668,
            6581185.303903934
          ],
          [
            -6714276.760902564,
            6581297.932956037
          ],
          [
            -6714276.760902564,
            6581410.562008142
          ],
          [
            -6714389.389954668,
            6581523.191060246
          ],
          [
            -6714502.019006772,
            6581635.82011235
          ],
          [
            -6714614.648058876,
            6581748.449164455
          ],
          [
            -6714502.019006772,
            6581861.078216559
          ],
          [
            -6714502.019006772,
            6581973.707268663
          ],
          [
            -6714502.019006772,
            6582086.336320767
          ],
          [
            -6714614.648058876,
            6582086.336320767
          ],
          [
            -6714727.277110981,
            6582086.336320767
          ]
        ]
      },
      "properties": {
        "segment_id": "11_sub12",
        "zone_id": "11",
        "subzone_id": "11_sub12",
        "length_m": 6432.549080779208,
        "slope": 0.02932261196243396,
        "drop_m": 188.619140625,
        "downstream_id": "11_sub5",
        "upstream_ids": []
      }
    },
    {
      "type": "Feature",
      "geometry": {
        "type": "LineString",
        "coordinates": [
          [
            -6717768.261517797,
            6585352.578831792
          ],
          [
            -6717655.632465692,
            6585239.949779687
          ],
          [
            -6717543.003413588,
            6585239.949779687
          ],
          [
            -6717430.374361483,
            6585239.949779687
          ],
          [
            -6717317.745309379,
            6585127.320727583
          ],
          [
            -6717205.116257275,
            6585127.320727583
          ],
          [
            -6717092.487205171,
            6585127.320727583
          ],
          [
            -6716979.858153067,
            6585127.320727583
          ],
          [
            -6716867.229100962,
            6585127.320727583
          ],
          [
            -6716754.600048858,
            6585127.320727583
          ],
          [
            -6716641.970996753,
            6585127.320727583
          ],
          [
            -6716529.34194465,
            6585239.949779687
          ],
          [
            -6716416.712892545,
            6585239.949779687
          ]
        ]
      },
      "properties": {
        "segment_id": "11_sub13",
        "zone_id": "11",
        "subzone_id": "11_sub13",
        "length_m": 1491.5060679481917,
        "slope": 0.07008534332518787,
        "drop_m": 104.53271484375,
        "downstream_id": "11_sub9",
        "upstream_ids": [
          "11_sub27"
        ]
      }
    },
    {
      "type": "Feature",
      "geometry": {
        "type": "LineString",
        "coordinates": [
          [
            -6712249.437964686,
            6571949.721631382
          ],
          [
            -6712362.067016791,
            6571949.721631382
          ],
          [
            -6712474.696068895,
            6572062.350683486
          ],
          [
            -6712587.3251209995,
            6572174.9797355905
          ],
          [
            -6712699.954173104,
            6572174.9797355905
          ],
          [
            -6712812.583225208,
            6572287.608787694
          ],
          [
            -6712925.212277312,
            6572400.237839798
          ],
          [
            -6713037.841329416,
            6572400.237839798
          ],
          [
            -6713150.470381521,
            6572400.237839798
          ],
          [
            -6713263.099433625,
            6572512.866891903
          ],
          [
            -6713375.72848573,
            6572625.495944007
          ],
          [
            -6713375.72848573,
            6572738.124996112
          ],
          [
            -6713488.357537834,
            6572850.754048216
          ],
          [
            -6713488.357537834,
            6572963.38310032
          ],
          [
            -6713600.9865899375,
            6573076.012152424
          ],
          [
            -6713713.615642042,
            6573188.6412045285
          ],
          [
            -6713713.615642042,
            6573301.270256633
          ],
          [
            -6713826.244694146,
            6573413.899308737
          ],
          [
            -6713826.244694146,
            6573526.528360842
          ],
          [
            -6713938.873746251,
            6573639.157412946
          ],
          [
            -6713938.873746251,
            6573751.78646505
          ],
          [
            -6713826.244694146,
            6573864.415517154
          ],
          [
            -6713826.244694146,
            6573977.044569259
          ],
          [
            -6713826.244694146,
            6574089.673621363
          ],
          [
            -6713826.244694146,
            6574202.302673467
          ],
          [
            -6713938.873746251,
            6574314.931725572
          ],
          [
            -6714051.502798355,
            6574427.560777676
          ],
          [
            -6714164.13185046,
            6574540.18982978
          ],
          [
            -6714164.13185046,
            6574652.818881884
          ],
          [
            -6714164.13185046,
            6574765.447933989
          ],
          [
            -6714276.760902564,
            6574878.076986093
          ],
          [
            -6714389.389954668,
            6574990.7060381975
          ],
          [
            -6714502.019006772,
            6575103.335090302
          ],
          [
            -6714614.648058876,
            6575215.964142406
          ],
          [
            -6714614.648058876,
            6575328.59319451
          ],
          [
            -6714502.019006772,
            6575441.222246614
          ],
          [
            -6714502.019006772,
            6575553.851298719
          ],
          [
            -6714502.019006772,
            6575666.480350823
          ],
          [
            -6714502.019006772,
            6575779.109402928
          ],
          [
            -6714614.648058876,
            6575891.738455032
          ],
          [
            -6714614.648058876,
            6576004.3675071355
          ],
          [
            -6714614.648058876,
            6576116.99655924
          ],
          [
            -6714502.019006772,
            6576229.625611344
          ],
          [
            -6714389.389954668,
            6576342.254663449
          ],
          [
            -6714276.760902564,
            6576454.883715553
          ],
          [
            -6714276.760902564,
            6576567.512767658
          ],
          [
            -6714164.13185046,
            6576680.141819762
          ],
          [
            -6714164.13185046,
            6576792.770871866
          ],
          [
            -6714051.502798355,
            6576905.39992397
          ],
          [
            -6713938.873746251,
            6577018.028976074
          ],
          [
            -6713826.244694146,
            6577130.658028179
          ],
          [
            -6713713.615642042,
            6577243.287080283
          ],
          [
            -6713600.9865899375,
            6577130.658028179
          ],
          [
            -6713488.357537834,
            6577243.287080283
          ],
          [
            -6713375.72848573,
            6577355.916132388
          ],
          [
            -6713263.099433625,
            6577468.545184491
          ],
          [
            -6713263.099433625,
            6577581.174236596
          ],
          [
            -6713263.099433625,
            6577693.8032887
          ],
          [
            -6713263.099433625,
            6577806.4323408045
          ],
          [
            -6713375.72848573,
            6577806.4323408045
          ],
          [
            -6713488.357537834,
            6577919.061392909
          ],
          [
            -6713600.9865899375,
            6578031.690445013
          ],
          [
            -6713600.9865899375,
            6578144.319497118
          ],
          [
            -6713600.9865899375,
            6578256.948549221
          ],
          [
            -6713713.615642042,
            6578369.577601326
          ],
          [
            -6713713.615642042,
            6578482.20665343
          ],
          [
            -6713713.615642042,
            6578594.835705535
          ],
          [
            -6713713.615642042,
            6578707.464757639
          ],
          [
            -6713713.615642042,
            6578820.093809743
          ],
          [
            -6713826.244694146,
            6578932.722861848
          ],
          [
            -6713938.873746251,
            6578820.093809743
          ],
          [
            -6714051.502798355,
            6578932.722861848
          ],
          [
            -6714164.13185046,
            6579045.351913951
          ],
          [
            -6714276.760902564,
            6579045.351913951
          ],
          [
            -6714389.389954668,
            6578932.722861848
          ],
          [
            -6714502.019006772,
            6579045.351913951
          ],
          [
            -6714614.648058876,
            6579157.980966056
          ],
          [
            -6714727.277110981,
            6579270.61001816
          ],
          [
            -6714727.277110981,
            6579383.239070265
          ],
          [
            -6714727.277110981,
            6579495.868122369
          ],
          [
            -6714727.277110981,
            6579608.4971744735
          ],
          [
            -6714727.277110981,
            6579721.126226577
          ],
          [
            -6714614.648058876,
            6579833.755278681
          ],
          [
            -6714727.277110981,
            6579946.384330786
          ],
          [
            -6714727.277110981,
            6580059.01338289
          ],
          [
            -6714727.277110981,
            6580171.642434995
          ],
          [
            -6714727.277110981,
            6580284.271487099
          ],
          [
            -6714614.648058876,
            6580396.900539204
          ],
          [
            -6714727.277110981,
            6580509.529591307
          ],
          [
            -6714614.648058876,
            6580622.1586434115
          ],
          [
            -6714614.648058876,
            6580734.787695516
          ],
          [
            -6714502.019006772,
            6580734.787695516
          ],
          [
            -6714502.019006772,
            6580847.41674762
          ],
          [
            -6714502.019006772,
            6580960.045799725
          ],
          [
            -6714502.019006772,
            6581072.674851829
          ],
          [
            -6714389.389954668,
            6581185.303903934
          ],
          [
            -6714276.760902564,
            6581297.932956037
          ],
          [
            -6714276.760902564,
            6581410.562008142
          ],
          [
            -6714389.389954668,
            6581523.191060246
          ],
          [
            -6714502.019006772,
            6581635.82011235
          ],
          [
            -6714614.648058876,
            6581748.449164455
          ],
          [
            -6714502.019006772,
            6581861.078216559
          ],
          [
            -6714502.019006772,
            6581973.707268663
          ],
          [
            -6714502.019006772,
            6582086.336320767
          ],
          [
            -6714614.648058876,
            6582086.336320767
          ],
          [
            -6714727.277110981,
            6582086.336320767
          ]
        ]
      },
      "properties": {
        "segment_id": "11_sub14",
        "zone_id": "11",
        "subzone_id": "11_sub14",
        "length_m": 14391.936920384744,
        "slope": 0.020546308221805,
        "drop_m": 295.701171875,
        "downstream_id": "11_sub5",
        "upstream_ids": []
      }
    },
    {
      "type": "Feature",
      "geometry": {
        "type": "LineString",
        "coordinates": [
          [
            -6714839.906163085,
            6579946.384330786
          ],
          [
            -6714727.277110981,
            6580059.01338289
          ],
          [
            -6714727.277110981,
            6580171.642434995
          ],
          [
            -6714727.277110981,
            6580284.271487099
          ],
          [
            -6714614.648058876,
            6580396.900539204
          ],
          [
            -6714727.277110981,
            6580509.529591307
          ],
          [
            -6714614.648058876,
            6580622.1586434115
          ],
          [
            -6714614.648058876,
            6580734.787695516
          ],
          [
            -6714502.019006772,
            6580734.787695516
          ],
          [
            -6714502.019006772,
            6580847.41674762
          ],
          [
            -6714502.019006772,
            6580960.045799725
          ],
          [
            -6714502.019006772,
            6581072.674851829
          ],
          [
            -6714389.389954668,
            6581185.303903934
          ],
          [
            -6714276.760902564,
            6581297.932956037
          ],
          [
            -6714276.760902564,
            6581410.562008142
          ],
          [
            -6714389.389954668,
            6581523.191060246
          ],
          [
            -6714502.019006772,
            6581635.82011235
          ],
          [
            -6714614.648058876,
            6581748.449164455
          ],
          [
            -6714502.019006772,
            6581861.078216559
          ],
          [
            -6714502.019006772,
            6581973.707268663
          ],
          [
            -6714502.019006772,
            6582086.336320767
          ],
          [
            -6714614.648058876,
            6582086.336320767
          ],
          [
            -6714727.277110981,
            6582086.336320767
          ]
        ]
      },
      "properties": {
        "segment_id": "11_sub15",
        "zone_id": "11",
        "subzone_id": "11_sub15",
        "length_m": 2944.363955282662,
        "slope": 0.04879290219615805,
        "drop_m": 143.6640625,
        "downstream_id": "11_sub5",
        "upstream_ids": [
          "11_sub24"
        ]
      }
    },
    {
      "type": "Feature",
      "geometry": {
        "type": "LineString",
        "coordinates": [
          [
            -6713488.357537834,
            6572512.866891903
          ],
          [
            -6713375.72848573,
            6572625.495944007
          ],
          [
            -6713375.72848573,
            6572738.124996112
          ],
          [
            -6713488.357537834,
            6572850.754048216
          ],
          [
            -6713488.357537834,
            6572963.38310032
          ],
          [
            -6713600.9865899375,
            6573076.012152424
          ],
          [
            -6713713.615642042,
            6573188.6412045285
          ],
          [
            -6713713.615642042,
            6573301.270256633
          ],
          [
            -6713826.244694146,
            6573413.899308737
          ],
          [
            -6713826.244694146,
            6573526.528360842
          ],
          [
            -6713938.873746251,
            6573639.157412946
          ],
          [
            -6713938.873746251,
            6573751.78646505
          ],
          [
            -6713826.244694146,
            6573864.415517154
          ],
          [
            -6713826.244694146,
            6573977.044569259
          ],
          [
            -6713826.244694146,
            6574089.673621363
          ],
          [
            -6713826.244694146,
            6574202.302673467
          ],
          [
            -6713938.873746251,
            6574314.931725572
          ],
          [
            -6714051.502798355,
            6574427.560777676
          ],
          [
            -6714164.13185046,
            6574540.18982978
          ],
          [
            -6714164.13185046,
            6574652.818881884
          ],
          [
            -6714164.13185046,
            6574765.447933989
          ],
          [
            -6714276.760902564,
            6574878.076986093
          ],
          [
            -6714389.389954668,
            6574990.7060381975
          ],
          [
            -6714502.019006772,
            6575103.335090302
          ],
          [
            -6714614.648058876,
            6575215.964142406
          ],
          [
            -6714614.648058876,
            6575328.59319451
          ],
          [
            -6714502.019006772,
            6575441.222246614
          ],
          [
            -6714502.019006772,
            6575553.851298719
          ],
          [
            -6714502.019006772,
            6575666.480350823
          ],
          [
            -6714502.019006772,
            6575779.109402928
          ],
          [
            -6714614.648058876,
            6575891.738455032
          ],
          [
            -6714614.648058876,
            6576004.3675071355
          ],
          [
            -6714614.648058876,
            6576116.99655924
          ],
          [
            -6714502.019006772,
            6576229.625611344
          ],
          [
            -6714389.389954668,
            6576342.254663449
          ],
          [
            -6714276.760902564,
            6576454.883715553
          ],
          [
            -6714276.760902564,
            6576567.512767658
          ],
          [
            -6714164.13185046,
            6576680.141819762
          ],
          [
            -6714164.13185046,
            6576792.770871866
          ],
          [
            -6714051.502798355,
            6576905.39992397
          ],
          [
            -6713938.873746251,
            6577018.028976074
          ],
          [
            -6713826.244694146,
            6577130.658028179
          ],
          [
            -6713713.615642042,
            6577243.287080283
          ],
          [
            -6713600.9865899375,
            6577130.658028179
          ],
          [
            -6713488.357537834,
            6577243.287080283
          ],
          [
            -6713375.72848573,
            6577355.916132388
          ],
          [
            -6713263.099433625,
            6577468.545184491
          ],
          [
            -6713263.099433625,
            6577581.174236596
          ],
          [
            -6713263.099433625,
            6577693.8032887
          ],
          [
            -6713263.099433625,
            6577806.4323408045
          ],
          [
            -6713375.72848573,
            6577806.4323408045
          ],
          [
            -6713488.357537834,
            6577919.061392909
          ],
          [
            -6713600.9865899375,
            6578031.690445013
          ],
          [
            -6713600.9865899375,
            6578144.319497118
          ],
          [
            -6713600.9865899375,
            6578256.948549221
          ],
          [
            -6713713.615642042,
            6578369.577601326
          ],
          [
            -6713713.615642042,
            6578482.20665343
          ],
          [
            -6713713.615642042,
            6578594.835705535
          ],
          [
            -6713713.615642042,
            6578707.464757639
          ],
          [
            -6713713.615642042,
            6578820.093809743
          ],
          [
            -6713826.244694146,
            6578932.722861848
          ],
          [
            -6713938.873746251,
            6578820.093809743
          ],
          [
            -6714051.502798355,
            6578932.722861848
          ],
          [
            -6714164.13185046,
            6579045.351913951
          ],
          [
            -6714276.760902564,
            6579045.351913951
          ],
          [
            -6714389.389954668,
            6578932.722861848
          ],
          [
            -6714502.019006772,
            6579045.351913951
          ],
          [
            -6714614.648058876,
            6579157.980966056
          ],
          [
            -6714727.277110981,
            6579270.61001816
          ],
          [
            -6714727.277110981,
            6579383.239070265
          ],
          [
            -6714727.277110981,
            6579495.868122369
          ],
          [
            -6714727.277110981,
            6579608.4971744735
          ],
          [
            -6714727.277110981,
            6579721.126226577
          ],
          [
            -6714614.648058876,
            6579833.755278681
          ],
          [
            -6714727.277110981,
            6579946.384330786
          ],
          [
            -6714727.277110981,
            6580059.01338289
          ],
          [
            -6714727.277110981,
            6580171.642434995
          ],
          [
            -6714727.277110981,
            6580284.271487099
          ],
          [
            -6714614.648058876,
            6580396.900539204
          ],
          [
            -6714727.277110981,
            6580509.529591307
          ],
          [
            -6714614.648058876,
            6580622.1586434115
          ],
          [
            -6714614.648058876,
            6580734.787695516
          ],
          [
            -6714502.019006772,
            6580734.787695516
          ],
          [
            -6714502.019006772,
            6580847.41674762
          ],
          [
            -6714502.019006772,
            6580960.045799725
          ],
          [
            -6714502.019006772,
            6581072.674851829
          ],
          [
            -6714389.389954668,
            6581185.303903934
          ],
          [
            -6714276.760902564,
            6581297.932956037
          ],
          [
            -6714276.760902564,
            6581410.562008142
          ],
          [
            -6714389.389954668,
            6581523.191060246
          ],
          [
            -6714502.019006772,
            6581635.82011235
          ],
          [
            -6714614.648058876,
            6581748.449164455
          ],
          [
            -6714502.019006772,
            6581861.078216559
          ],
          [
            -6714502.019006772,
            6581973.707268663
          ],
          [
            -6714502.019006772,
            6582086.336320767
          ],
          [
            -6714614.648058876,
            6582086.336320767
          ],
          [
            -6714727.277110981,
            6582086.336320767
          ]
        ]
      },
      "properties": {
        "segment_id": "11_sub16",
        "zone_id": "11",
        "subzone_id": "11_sub16",
        "length_m": 13145.013046951804,
        "slope": 0.02043966685619259,
        "drop_m": 268.6796875,
        "downstream_id": "11_sub5",
        "upstream_ids": []
      }
    },
    {
      "type": "Feature",
      "geometry": {
        "type": "LineString",
        "coordinates": [
          [
            -6714389.389954668,
            6580847.41674762
          ],
          [
            -6714502.019006772,
            6580847.41674762
          ],
          [
            -6714502.019006772,
            6580960.045799725
          ],
          [
            -6714502.019006772,
            6581072.674851829
          ],
          [
            -6714389.389954668,
            6581185.303903934
          ],
          [
            -6714276.760902564,
            6581297.932956037
          ],
          [
            -6714276.760902564,
            6581410.562008142
          ],
          [
            -6714389.389954668,
            6581523.191060246
          ],
          [
            -6714502.019006772,
            6581635.82011235
          ],
          [
            -6714614.648058876,
            6581748.449164455
          ],
          [
            -6714502.019006772,
            6581861.078216559
          ],
          [
            -6714502.019006772,
            6581973.707268663
          ],
          [
            -6714502.019006772,
            6582086.336320767
          ],
          [
            -6714614.648058876,
            6582086.336320767
          ],
          [
            -6714727.277110981,
            6582086.336320767
          ]
        ]
      },
      "properties": {
        "segment_id": "11_sub17",
        "zone_id": "11",
        "subzone_id": "11_sub17",
        "length_m": 1856.721614852372,
        "slope": 0.05172665165269608,
        "drop_m": 96.0419921875,
        "downstream_id": "11_sub5",
        "upstream_ids": []
      }
    },
    {
      "type": "Feature",
      "geometry": {
        "type": "LineString",
        "coordinates": [
          [
            -6712136.808912582,
            6571724.463527173
          ],
          [
            -6712249.437964686,
            6571724.463527173
          ],
          [
            -6712362.067016791,
            6571837.092579277
          ],
          [
            -6712362.067016791,
            6571949.721631382
          ],
          [
            -6712474.696068895,
            6572062.350683486
          ],
          [
            -6712587.3251209995,
            6572174.9797355905
          ],
          [
            -6712699.954173104,
            6572174.9797355905
          ],
          [
            -6712812.583225208,
            6572287.608787694
          ],
          [
            -6712925.212277312,
            6572400.237839798
          ],
          [
            -6713037.841329416,
            6572400.237839798
          ],
          [
            -6713150.470381521,
            6572400.237839798
          ],
          [
            -6713263.099433625,
            6572512.866891903
          ],
          [
            -6713375.72848573,
            6572625.495944007
          ],
          [
            -6713375.72848573,
            6572738.124996112
          ],
          [
            -6713488.357537834,
            6572850.754048216
          ],
          [
            -6713488.357537834,
            6572963.38310032
          ],
          [
            -6713600.9865899375,
            6573076.012152424
          ],
          [
            -6713713.615642042,
            6573188.6412045285
          ],
          [
            -6713713.615642042,
            6573301.270256633
          ],
          [
            -6713826.244694146,
            6573413.899308737
          ],
          [
            -6713826.244694146,
            6573526.528360842
          ],
          [
            -6713938.873746251,
            6573639.157412946
          ],
          [
            -6713938.873746251,
            6573751.78646505
          ],
          [
            -6713826.244694146,
            6573864.415517154
          ],
          [
            -6713826.244694146,
            6573977.044569259
          ],
          [
            -6713826.244694146,
            6574089.673621363
          ],
          [
            -6713826.244694146,
            6574202.302673467
          ],
          [
            -6713938.873746251,
            6574314.931725572
          ],
          [
            -6714051.502798355,
            6574427.560777676
          ],
          [
            -6714164.13185046,
            6574540.18982978
          ],
          [
            -6714164.13185046,
            6574652.818881884
          ],
          [
            -6714164.13185046,
            6574765.447933989
          ],
          [
            -6714276.760902564,
            6574878.076986093
          ],
          [
            -6714389.389954668,
            6574990.7060381975
          ],
          [
            -6714502.019006772,
            6575103.335090302
          ],
          [
            -6714614.648058876,
            6575215.964142406
          ],
          [
            -6714614.648058876,
            6575328.59319451
          ],
          [
            -6714502.019006772,
            6575441.222246614
          ],
          [
            -6714502.019006772,
            6575553.851298719
          ],
          [
            -6714502.019006772,
            6575666.480350823
          ],
          [
            -6714502.019006772,
            6575779.109402928
          ],
          [
            -6714614.648058876,
            6575891.738455032
          ],
          [
            -6714614.648058876,
            6576004.3675071355
          ],
          [
            -6714614.648058876,
            6576116.99655924
          ],
          [
            -6714502.019006772,
            6576229.625611344
          ],
          [
            -6714389.389954668,
            6576342.254663449
          ],
          [
            -6714276.760902564,
            6576454.883715553
          ],
          [
            -6714276.760902564,
            6576567.512767658
          ],
          [
            -6714164.13185046,
            6576680.141819762
          ],
          [
            -6714164.13185046,
            6576792.770871866
          ],
          [
            -6714051.502798355,
            6576905.39992397
          ],
          [
            -6713938.873746251,
            6577018.028976074
          ],
          [
            -6713826.244694146,
            6577130.658028179
          ],
          [
            -6713713.615642042,
            6577243.287080283
          ],
          [
            -6713600.9865899375,
            6577130.658028179
          ],
          [
            -6713488.357537834,
            6577243.287080283
          ],
          [
            -6713375.72848573,
            6577355.916132388
          ],
          [
            -6713263.099433625,
            6577468.545184491
          ],
          [
            -6713263.099433625,
            6577581.174236596
          ],
          [
            -6713263.099433625,
            6577693.8032887
          ],
          [
            -6713263.099433625,
            6577806.4323408045
          ],
          [
            -6713375.72848573,
            6577806.4323408045
          ],
          [
            -6713488.357537834,
            6577919.061392909
          ],
          [
            -6713600.9865899375,
            6578031.690445013
          ],
          [
            -6713600.9865899375,
            6578144.319497118
          ],
          [
            -6713600.9865899375,
            6578256.948549221
          ],
          [
            -6713713.615642042,
            6578369.577601326
          ],
          [
            -6713713.615642042,
            6578482.20665343
          ],
          [
            -6713713.615642042,
            6578594.835705535
          ],
          [
            -6713713.615642042,
            6578707.464757639
          ],
          [
            -6713713.615642042,
            6578820.093809743
          ],
          [
            -6713826.244694146,
            6578932.722861848
          ],
          [
            -6713938.873746251,
            6578820.093809743
          ],
          [
            -6714051.502798355,
            6578932.722861848
          ],
          [
            -6714164.13185046,
            6579045.351913951
          ],
          [
            -6714276.760902564,
            6579045.351913951
          ],
          [
            -6714389.389954668,
            6578932.722861848
          ],
          [
            -6714502.019006772,
            6579045.351913951
          ],
          [
            -6714614.648058876,
            6579157.980966056
          ],
          [
            -6714727.277110981,
            6579270.61001816
          ],
          [
            -6714727.277110981,
            6579383.239070265
          ],
          [
            -6714727.277110981,
            6579495.868122369
          ],
          [
            -6714727.277110981,
            6579608.4971744735
          ],
          [
            -6714727.277110981,
            6579721.126226577
          ],
          [
            -6714614.648058876,
            6579833.755278681
          ],
          [
            -6714727.277110981,
            6579946.384330786
          ],
          [
            -6714727.277110981,
            6580059.01338289
          ],
          [
            -6714727.277110981,
            6580171.642434995
          ],
          [
            -6714727.277110981,
            6580284.271487099
          ],
          [
            -6714614.648058876,
            6580396.900539204
          ],
          [
            -6714727.277110981,
            6580509.529591307
          ],
          [
            -6714614.648058876,
            6580622.1586434115
          ],
          [
            -6714614.648058876,
            6580734.787695516
          ],
          [
            -6714502.019006772,
            6580734.787695516
          ],
          [
            -6714502.019006772,
            6580847.41674762
          ],
          [
            -6714502.019006772,
            6580960.045799725
          ],
          [
            -6714502.019006772,
            6581072.674851829
          ],
          [
            -6714389.389954668,
            6581185.303903934
          ],
          [
            -6714276.760902564,
            6581297.932956037
          ],
          [
            -6714276.760902564,
            6581410.562008142
          ],
          [
            -6714389.389954668,
            6581523.191060246
          ],
          [
            -6714502.019006772,
            6581635.82011235
          ],
          [
            -6714614.648058876,
            6581748.449164455
          ],
          [
            -6714502.019006772,
            6581861.078216559
          ],
          [
            -6714502.019006772,
            6581973.707268663
          ],
          [
            -6714502.019006772,
            6582086.336320767
          ],
          [
            -6714614.648058876,
            6582086.336320767
          ],
          [
            -6714727.277110981,
            6582086.336320767
          ]
        ]
      },
      "properties": {
        "segment_id": "11_sub19",
        "zone_id": "11",
        "subzone_id": "11_sub19",
        "length_m": 14663.84750549248,
        "slope": 0.020550647596896107,
        "drop_m": 301.3515625,
        "downstream_id": "11_sub5",
        "upstream_ids": []
      }
    },
    {
      "type": "Feature",
      "geometry": {
        "type": "LineString",
        "coordinates": [
          [
            -6714614.648058876,
            6574990.7060381975
          ],
          [
            -6714502.019006772,
            6575103.335090302
          ],
          [
            -6714614.648058876,
            6575215.964142406
          ],
          [
            -6714614.648058876,
            6575328.59319451
          ],
          [
            -6714502.019006772,
            6575441.222246614
          ],
          [
            -6714502.019006772,
            6575553.851298719
          ],
          [
            -6714502.019006772,
            6575666.480350823
          ],
          [
            -6714502.019006772,
            6575779.109402928
          ],
          [
            -6714614.648058876,
            6575891.738455032
          ],
          [
            -6714614.648058876,
            6576004.3675071355
          ],
          [
            -6714614.648058876,
            6576116.99655924
          ],
          [
            -6714502.019006772,
            6576229.625611344
          ],
          [
            -6714389.389954668,
            6576342.254663449
          ],
          [
            -6714276.760902564,
            6576454.883715553
          ],
          [
            -6714276.760902564,
            6576567.512767658
          ],
          [
            -6714164.13185046,
            6576680.141819762
          ],
          [
            -6714164.13185046,
            6576792.770871866
          ],
          [
            -6714051.502798355,
            6576905.39992397
          ],
          [
            -6713938.873746251,
            6577018.028976074
          ],
          [
            -6713826.244694146,
            6577130.658028179
          ],
          [
            -6713713.615642042,
            6577243.287080283
          ],
          [
            -6713600.9865899375,
            6577130.658028179
          ],
          [
            -6713488.357537834,
            6577243.287080283
          ],
          [
            -6713375.72848573,
            6577355.916132388
          ],
          [
            -6713263.099433625,
            6577468.545184491
          ],
          [
            -6713263.099433625,
            6577581.174236596
          ],
          [
            -6713263.099433625,
            6577693.8032887
          ],
          [
            -6713263.099433625,
            6577806.4323408045
          ],
          [
            -6713375.72848573,
            6577806.4323408045
          ],
          [
            -6713488.357537834,
            6577919.061392909
          ],
          [
            -6713600.9865899375,
            6578031.690445013
          ],
          [
            -6713600.9865899375,
            6578144.319497118
          ],
          [
            -6713600.9865899375,
            6578256.948549221
          ],
          [
            -6713713.615642042,
            6578369.577601326
          ],
          [
            -6713713.615642042,
            6578482.20665343
          ],
          [
            -6713713.615642042,
            6578594.835705535
          ],
          [
            -6713713.615642042,
            6578707.464757639
          ],
          [
            -6713713.615642042,
            6578820.093809743
          ],
          [
            -6713826.244694146,
            6578932.722861848
          ],
          [
            -6713938.873746251,
            6578820.093809743
          ],
          [
            -6714051.502798355,
            6578932.722861848
          ],
          [
            -6714164.13185046,
            6579045.351913951
          ],
          [
            -6714276.760902564,
            6579045.351913951
          ],
          [
            -6714389.389954668,
            6578932.722861848
          ],
          [
            -6714502.019006772,
            6579045.351913951
          ],
          [
            -6714614.648058876,
            6579157.980966056
          ],
          [
            -6714727.277110981,
            6579270.61001816
          ],
          [
            -6714727.277110981,
            6579383.239070265
          ],
          [
            -6714727.277110981,
            6579495.868122369
          ],
          [
            -6714727.277110981,
            6579608.4971744735
          ],
          [
            -6714727.277110981,
            6579721.126226577
          ],
          [
            -6714614.648058876,
            6579833.755278681
          ],
          [
            -6714727.277110981,
            6579946.384330786
          ],
          [
            -6714727.277110981,
            6580059.01338289
          ],
          [
            -6714727.277110981,
            6580171.642434995
          ],
          [
            -6714727.277110981,
            6580284.271487099
          ],
          [
            -6714614.648058876,
            6580396.900539204
          ],
          [
            -6714727.277110981,
            6580509.529591307
          ],
          [
            -6714614.648058876,
            6580622.1586434115
          ],
          [
            -6714614.648058876,
            6580734.787695516
          ],
          [
            -6714502.019006772,
            6580734.787695516
          ],
          [
            -6714502.019006772,
            6580847.41674762
          ],
          [
            -6714502.019006772,
            6580960.045799725
          ],
          [
            -6714502.019006772,
            6581072.674851829
          ],
          [
            -6714389.389954668,
            6581185.303903934
          ],
          [
            -6714276.760902564,
            6581297.932956037
          ],
          [
            -6714276.760902564,
            6581410.562008142
          ],
          [
            -6714389.389954668,
            6581523.191060246
          ],
          [
            -6714502.019006772,
            6581635.82011235
          ],
          [
            -6714614.648058876,
            6581748.449164455
          ],
          [
            -6714502.019006772,
            6581861.078216559
          ],
          [
            -6714502.019006772,
            6581973.707268663
          ],
          [
            -6714502.019006772,
            6582086.336320767
          ],
          [
            -6714614.648058876,
            6582086.336320767
          ],
          [
            -6714727.277110981,
            6582086.336320767
          ]
        ]
      },
      "properties": {
        "segment_id": "11_sub20",
        "zone_id": "11",
        "subzone_id": "11_sub20",
        "length_m": 10107.34412987166,
        "slope": 0.021931473042198144,
        "drop_m": 221.6689453125,
        "downstream_id": "11_sub5",
        "upstream_ids": []
      }
    },
    {
      "type": "Feature",
      "geometry": {
        "type": "LineString",
        "coordinates": [
          [
            -6714614.648058876,
            6576229.625611344
          ],
          [
            -6714502.019006772,
            6576229.625611344
          ],
          [
            -6714389.389954668,
            6576342.254663449
          ],
          [
            -6714276.760902564,
            6576454.883715553
          ],
          [
            -6714276.760902564,
            6576567.512767658
          ],
          [
            -6714164.13185046,
            6576680.141819762
          ],
          [
            -6714164.13185046,
            6576792.770871866
          ],
          [
            -6714051.502798355,
            6576905.39992397
          ],
          [
            -6713938.873746251,
            6577018.028976074
          ],
          [
            -6713826.244694146,
            6577130.658028179
          ],
          [
            -6713713.615642042,
            6577243.287080283
          ],
          [
            -6713600.9865899375,
            6577130.658028179
          ],
          [
            -6713488.357537834,
            6577243.287080283
          ],
          [
            -6713375.72848573,
            6577355.916132388
          ],
          [
            -6713263.099433625,
            6577468.545184491
          ],
          [
            -6713263.099433625,
            6577581.174236596
          ],
          [
            -6713263.099433625,
            6577693.8032887
          ],
          [
            -6713263.099433625,
            6577806.4323408045
          ],
          [
            -6713375.72848573,
            6577806.4323408045
          ],
          [
            -6713488.357537834,
            6577919.061392909
          ],
          [
            -6713600.9865899375,
            6578031.690445013
          ],
          [
            -6713600.9865899375,
            6578144.319497118
          ],
          [
            -6713600.9865899375,
            6578256.948549221
          ],
          [
            -6713713.615642042,
            6578369.577601326
          ],
          [
            -6713713.615642042,
            6578482.20665343
          ],
          [
            -6713713.615642042,
            6578594.835705535
          ],
          [
            -6713713.615642042,
            6578707.464757639
          ],
          [
            -6713713.615642042,
            6578820.093809743
          ],
          [
            -6713826.244694146,
            6578932.722861848
          ],
          [
            -6713938.873746251,
            6578820.093809743
          ],
          [
            -6714051.502798355,
            6578932.722861848
          ],
          [
            -6714164.13185046,
            6579045.351913951
          ],
          [
            -6714276.760902564,
            6579045.351913951
          ],
          [
            -6714389.389954668,
            6578932.722861848
          ],
          [
            -6714502.019006772,
            6579045.351913951
          ],
          [
            -6714614.648058876,
            6579157.980966056
          ],
          [
            -6714727.277110981,
            6579270.61001816
          ],
          [
            -6714727.277110981,
            6579383.239070265
          ],
          [
            -6714727.277110981,
            6579495.868122369
          ],
          [
            -6714727.277110981,
            6579608.4971744735
          ],
          [
            -6714727.277110981,
            6579721.126226577
          ],
          [
            -6714614.648058876,
            6579833.755278681
          ],
          [
            -6714727.277110981,
            6579946.384330786
          ],
          [
            -6714727.277110981,
            6580059.01338289
          ],
          [
            -6714727.277110981,
            6580171.642434995
          ],
          [
            -6714727.277110981,
            6580284.271487099
          ],
          [
            -6714614.648058876,
            6580396.900539204
          ],
          [
            -6714727.277110981,
            6580509.529591307
          ],
          [
            -6714614.648058876,
            6580622.1586434115
          ],
          [
            -6714614.648058876,
            6580734.787695516
          ],
          [
            -6714502.019006772,
            6580734.787695516
          ],
          [
            -6714502.019006772,
            6580847.41674762
          ],
          [
            -6714502.019006772,
            6580960.045799725
          ],
          [
            -6714502.019006772,
            6581072.674851829
          ],
          [
            -6714389.389954668,
            6581185.303903934
          ],
          [
            -6714276.760902564,
            6581297.932956037
          ],
          [
            -6714276.760902564,
            6581410.562008142
          ],
          [
            -6714389.389954668,
            6581523.191060246
          ],
          [
            -6714502.019006772,
            6581635.82011235
          ],
          [
            -6714614.648058876,
            6581748.449164455
          ],
          [
            -6714502.019006772,
            6581861.078216559
          ],
          [
            -6714502.019006772,
            6581973.707268663
          ],
          [
            -6714502.019006772,
            6582086.336320767
          ],
          [
            -6714614.648058876,
            6582086.336320767
          ],
          [
            -6714727.277110981,
            6582086.336320767
          ]
        ]
      },
      "properties": {
        "segment_id": "11_sub23",
        "zone_id": "11",
        "subzone_id": "11_sub23",
        "length_m": 8747.791204334839,
        "slope": 0.023765709089453288,
        "drop_m": 207.8974609375,
        "downstream_id": "11_sub5",
        "upstream_ids": []
      }
    },
    {
      "type": "Feature",
      "geometry": {
        "type": "LineString",
        "coordinates": [
          [
            -6714727.277110981,
            6582086.336320767
          ],
          [
            -6714839.906163085,
            6582086.336320767
          ],
          [
            -6714839.906163085,
            6582198.965372872
          ],
          [
            -6714952.53521519,
            6582311.594424976
          ],
          [
            -6714952.53521519,
            6582424.22347708
          ],
          [
            -6714952.53521519,
            6582536.852529185
          ],
          [
            -6714952.53521519,
            6582649.481581289
          ],
          [
            -6714952.53521519,
            6582762.110633393
          ],
          [
            -6715065.164267294,
            6582874.739685497
          ],
          [
            -6715177.793319398,
            6582987.368737602
          ],
          [
            -6715065.164267294,
            6583099.997789706
          ],
          [
            -6715065.164267294,
            6583212.6268418105
          ],
          [
            -6714952.53521519,
            6583325.255893915
          ],
          [
            -6714952.53521519,
            6583437.884946019
          ],
          [
            -6714952.53521519,
            6583550.513998123
          ],
          [
            -6714839.906163085,
            6583663.143050227
          ],
          [
            -6714839.906163085,
            6583775.772102332
          ],
          [
            -6714727.277110981,
            6583888.401154436
          ],
          [
            -6714727.277110981,
            6584001.030206541
          ],
          [
            -6714727.277110981,
            6584113.659258645
          ],
          [
            -6714614.648058876,
            6584226.2883107485
          ],
          [
            -6714614.648058876,
            6584338.917362853
          ],
          [
            -6714727.277110981,
            6584451.546414957
          ],
          [
            -6714727.277110981,
            6584564.175467062
          ],
          [
            -6714727.277110981,
            6584676.804519166
          ],
          [
            -6714839.906163085,
            6584789.433571271
          ],
          [
            -6714952.53521519,
            6584902.062623375
          ],
          [
            -6714952.53521519,
            6585014.691675479
          ],
          [
            -6714952.53521519,
            6585127.320727583
          ],
          [
            -6714952.53521519,
            6585239.949779687
          ],
          [
            -6714952.53521519,
            6585352.578831792
          ],
          [
            -6714839.906163085,
            6585465.207883896
          ],
          [
            -6714839.906163085,
            6585577.836936001
          ],
          [
            -6714839.906163085,
            6585690.465988105
          ],
          [
            -6714727.277110981,
            6585803.095040209
          ],
          [
            -6714727.277110981,
            6585915.724092313
          ],
          [
            -6714727.277110981,
            6586028.3531444175
          ],
          [
            -6714727.277110981,
            6586140.982196522
          ],
          [
            -6714614.648058876,
            6586253.611248626
          ],
          [
            -6714614.648058876,
            6586366.240300731
          ],
          [
            -6714614.648058876,
            6586478.869352834
          ],
          [
            -6714614.648058876,
            6586591.498404939
          ],
          [
            -6714614.648058876,
            6586704.127457043
          ],
          [
            -6714614.648058876,
            6586816.756509148
          ],
          [
            -6714614.648058876,
            6586929.385561252
          ],
          [
            -6714614.648058876,
            6587042.014613356
          ],
          [
            -6714727.277110981,
            6587154.643665461
          ],
          [
            -6714839.906163085,
            6587267.272717564
          ]
        ]
      },
      "properties": {
        "segment_id": "11_sub5",
        "zone_id": "11",
        "subzone_id": "11_sub5",
        "length_m": 6040.005143283201,
        "slope": 0.0744151309104979,
        "drop_m": 449.4677734375,
        "downstream_id": "11_sub4",
        "upstream_ids": [
          "11_sub11",
          "11_sub12",
          "11_sub14",
          "11_sub15",
          "11_sub16",
          "11_sub17",
          "11_sub19",
          "11_sub20",
          "11_sub23"
        ]
      }
    },
    {
      "type": "Feature",
      "geometry": {
        "type": "LineString",
        "coordinates": [
          [
            -6716416.712892545,
            6585239.949779687
          ],
          [
            -6716304.083840441,
            6585239.949779687
          ],
          [
            -6716191.4547883365,
            6585352.578831792
          ],
          [
            -6716078.825736232,
            6585465.207883896
          ],
          [
            -6716078.825736232,
            6585577.836936001
          ],
          [
            -6716078.825736232,
            6585690.465988105
          ],
          [
            -6716078.825736232,
            6585803.095040209
          ],
          [
            -6715966.196684128,
            6585915.724092313
          ],
          [
            -6715966.196684128,
            6586028.3531444175
          ],
          [
            -6715853.567632023,
            6586140.982196522
          ],
          [
            -6715853.567632023,
            6586253.611248626
          ],
          [
            -6715853.567632023,
            6586366.240300731
          ],
          [
            -6715853.567632023,
            6586478.869352834
          ],
          [
            -6715853.567632023,
            6586591.498404939
          ],
          [
            -6715853.567632023,
            6586704.127457043
          ],
          [
            -6715853.567632023,
            6586816.756509148
          ],
          [
            -6715853.567632023,
            6586929.385561252
          ],
          [
            -6715853.567632023,
            6587042.014613356
          ],
          [
            -6715853.567632023,
            6587154.643665461
          ],
          [
            -6715853.567632023,
            6587267.272717564
          ],
          [
            -6715740.93857992,
            6587379.901769669
          ],
          [
            -6715628.309527815,
            6587492.530821773
          ],
          [
            -6715628.309527815,
            6587605.159873878
          ],
          [
            -6715515.680475711,
            6587717.788925982
          ],
          [
            -6715515.680475711,
            6587830.4179780865
          ],
          [
            -6715515.680475711,
            6587943.04703019
          ]
        ]
      },
      "properties": {
        "segment_id": "11_sub9",
        "zone_id": "11",
        "subzone_id": "11_sub9",
        "length_m": 3142.293668898488,
        "slope": 0.07368193359173254,
        "drop_m": 231.5302734375,
        "downstream_id": "11_sub7",
        "upstream_ids": [
          "11_sub13"
        ]
      }
    },
    {
      "type": "Feature",
      "geometry": {
        "type": "LineString",
        "coordinates": [
          [
            -6717430.374361483,
            6588280.934186503
          ],
          [
            -6717317.745309379,
            6588393.563238608
          ],
          [
            -6717205.116257275,
            6588506.192290712
          ],
          [
            -6717092.487205171,
            6588506.192290712
          ],
          [
            -6716979.858153067,
            6588506.192290712
          ],
          [
            -6716867.229100962,
            6588618.821342817
          ],
          [
            -6716867.229100962,
            6588731.45039492
          ],
          [
            -6716754.600048858,
            6588844.0794470245
          ],
          [
            -6716641.970996753,
            6588956.708499129
          ],
          [
            -6716529.34194465,
            6589069.337551233
          ],
          [
            -6716416.712892545,
            6589181.966603338
          ],
          [
            -6716304.083840441,
            6589294.595655442
          ],
          [
            -6716191.4547883365,
            6589294.595655442
          ],
          [
            -6716078.825736232,
            6589181.966603338
          ],
          [
            -6715966.196684128,
            6589069.337551233
          ],
          [
            -6715853.567632023,
            6588956.708499129
          ],
          [
            -6715740.93857992,
            6588956.708499129
          ],
          [
            -6715628.309527815,
            6588956.708499129
          ],
          [
            -6715515.680475711,
            6588956.708499129
          ],
          [
            -6715403.051423606,
            6588956.708499129
          ],
          [
            -6715290.422371502,
            6588844.0794470245
          ]
        ]
      },
      "properties": {
        "segment_id": "11_sub21",
        "zone_id": "11",
        "subzone_id": "11_sub21",
        "length_m": 2812.410812871951,
        "slope": 0.10423594431271564,
        "drop_m": 293.154296875,
        "downstream_id": "11_sub10",
        "upstream_ids": []
      }
    },
    {
      "type": "Feature",
      "geometry": {
        "type": "LineString",
        "coordinates": [
          [
            -6714839.906163085,
            6587267.272717564
          ],
          [
            -6714952.53521519,
            6587267.272717564
          ],
          [
            -6715065.164267294,
            6587267.272717564
          ],
          [
            -6715177.793319398,
            6587379.901769669
          ],
          [
            -6715290.422371502,
            6587492.530821773
          ],
          [
            -6715403.051423606,
            6587605.159873878
          ],
          [
            -6715403.051423606,
            6587717.788925982
          ],
          [
            -6715403.051423606,
            6587830.4179780865
          ],
          [
            -6715403.051423606,
            6587943.04703019
          ],
          [
            -6715403.051423606,
            6588055.676082294
          ],
          [
            -6715403.051423606,
            6588168.305134399
          ],
          [
            -6715290.422371502,
            6588280.934186503
          ],
          [
            -6715290.422371502,
            6588393.563238608
          ],
          [
            -6715290.422371502,
            6588506.192290712
          ],
          [
            -6715290.422371502,
            6588618.821342817
          ],
          [
            -6715290.422371502,
            6588731.45039492
          ],
          [
            -6715177.793319398,
            6588844.0794470245
          ],
          [
            -6715065.164267294,
            6588956.708499129
          ],
          [
            -6715065.164267294,
            6589069.337551233
          ],
          [
            -6714952.53521519,
            6589181.966603338
          ],
          [
            -6714839.906163085,
            6589181.966603338
          ],
          [
            -6714727.277110981,
            6589181.966603338
          ],
          [
            -6714614.648058876,
            6589294.595655442
          ],
          [
            -6714502.019006772,
            6589407.224707547
          ],
          [
            -6714502.019006772,
            6589519.85375965
          ],
          [
            -6714389.389954668,
            6589632.482811755
          ],
          [
            -6714389.389954668,
            6589745.111863859
          ],
          [
            -6714389.389954668,
            6589857.740915963
          ],
          [
            -6714276.760902564,
            6589970.369968068
          ],
          [
            -6714276.760902564,
            6590082.999020172
          ],
          [
            -6714276.760902564,
            6590195.628072276
          ],
          [
            -6714276.760902564,
            6590308.25712438
          ],
          [
            -6714276.760902564,
            6590420.886176485
          ],
          [
            -6714276.760902564,
            6590533.515228589
          ],
          [
            -6714164.13185046,
            6590646.1442806935
          ],
          [
            -6714164.13185046,
            6590758.773332798
          ],
          [
            -6714051.502798355,
            6590871.402384902
          ]
        ]
      },
      "properties": {
        "segment_id": "11_sub4",
        "zone_id": "11",
        "subzone_id": "11_sub4",
        "length_m": 4661.128127439166,
        "slope": 0.062135092833281044,
        "drop_m": 289.61962890625,
        "downstream_id": "11_sub3",
        "upstream_ids": [
          "11_sub5"
        ]
      }
    },
    {
      "type": "Feature",
      "geometry": {
        "type": "LineString",
        "coordinates": [
          [
            -6715515.680475711,
            6587943.04703019
          ],
          [
            -6715403.051423606,
            6588055.676082294
          ],
          [
            -6715403.051423606,
            6588168.305134399
          ],
          [
            -6715290.422371502,
            6588280.934186503
          ],
          [
            -6715290.422371502,
            6588393.563238608
          ],
          [
            -6715290.422371502,
            6588506.192290712
          ],
          [
            -6715290.422371502,
            6588618.821342817
          ],
          [
            -6715290.422371502,
            6588731.45039492
          ],
          [
            -6715177.793319398,
            6588844.0794470245
          ],
          [
            -6715065.164267294,
            6588956.708499129
          ],
          [
            -6715065.164267294,
            6589069.337551233
          ],
          [
            -6714952.53521519,
            6589181.966603338
          ],
          [
            -6714839.906163085,
            6589181.966603338
          ],
          [
            -6714727.277110981,
            6589181.966603338
          ],
          [
            -6714614.648058876,
            6589294.595655442
          ],
          [
            -6714502.019006772,
            6589407.224707547
          ],
          [
            -6714502.019006772,
            6589519.85375965
          ],
          [
            -6714389.389954668,
            6589632.482811755
          ],
          [
            -6714389.389954668,
            6589745.111863859
          ],
          [
            -6714389.389954668,
            6589857.740915963
          ],
          [
            -6714276.760902564,
            6589970.369968068
          ],
          [
            -6714276.760902564,
            6590082.999020172
          ],
          [
            -6714276.760902564,
            6590195.628072276
          ],
          [
            -6714276.760902564,
            6590308.25712438
          ],
          [
            -6714276.760902564,
            6590420.886176485
          ],
          [
            -6714276.760902564,
            6590533.515228589
          ],
          [
            -6714164.13185046,
            6590646.1442806935
          ],
          [
            -6714164.13185046,
            6590758.773332798
          ],
          [
            -6714051.502798355,
            6590871.402384902
          ]
        ]
      },
      "properties": {
        "segment_id": "11_sub7",
        "zone_id": "11",
        "subzone_id": "11_sub7",
        "length_m": 3666.790748807567,
        "slope": 0.04864062137354052,
        "drop_m": 178.35498046875,
        "downstream_id": "11_sub3",
        "upstream_ids": [
          "11_sub9"
        ]
      }
    },
    {
      "type": "Feature",
      "geometry": {
        "type": "LineString",
        "coordinates": [
          [
            -6715290.422371502,
            6588844.0794470245
          ],
          [
            -6715177.793319398,
            6588844.0794470245
          ],
          [
            -6715065.164267294,
            6588956.708499129
          ],
          [
            -6715065.164267294,
            6589069.337551233
          ],
          [
            -6714952.53521519,
            6589181.966603338
          ],
          [
            -6714839.906163085,
            6589181.966603338
          ],
          [
            -6714727.277110981,
            6589181.966603338
          ],
          [
            -6714614.648058876,
            6589294.595655442
          ],
          [
            -6714502.019006772,
            6589407.224707547
          ],
          [
            -6714502.019006772,
            6589519.85375965
          ],
          [
            -6714389.389954668,
            6589632.482811755
          ],
          [
            -6714389.389954668,
            6589745.111863859
          ],
          [
            -6714389.389954668,
            6589857.740915963
          ],
          [
            -6714276.760902564,
            6589970.369968068
          ],
          [
            -6714276.760902564,
            6590082.999020172
          ],
          [
            -6714276.760902564,
            6590195.628072276
          ],
          [
            -6714276.760902564,
            6590308.25712438
          ],
          [
            -6714276.760902564,
            6590420.886176485
          ],
          [
            -6714276.760902564,
            6590533.515228589
          ],
          [
            -6714164.13185046,
            6590646.1442806935
          ],
          [
            -6714164.13185046,
            6590758.773332798
          ],
          [
            -6714051.502798355,
            6590871.402384902
          ]
        ]
      },
      "properties": {
        "segment_id": "11_sub10",
        "zone_id": "11",
        "subzone_id": "11_sub10",
        "length_m": 2738.4299413808585,
        "slope": 0.04754823834039465,
        "drop_m": 130.20751953125,
        "downstream_id": "11_sub3",
        "upstream_ids": [
          "11_sub21"
        ]
      }
    },
    {
      "type": "Feature",
      "geometry": {
        "type": "LineString",
        "coordinates": [
          [
            -6708194.792088932,
            6574540.18982978
          ],
          [
            -6708307.421141037,
            6574427.560777676
          ],
          [
            -6708420.05019314,
            6574427.560777676
          ],
          [
            -6708532.679245245,
            6574427.560777676
          ],
          [
            -6708645.308297349,
            6574427.560777676
          ],
          [
            -6708757.937349454,
            6574540.18982978
          ],
          [
            -6708870.566401558,
            6574652.818881884
          ],
          [
            -6708983.195453662,
            6574765.447933989
          ],
          [
            -6709095.824505767,
            6574878.076986093
          ],
          [
            -6709208.45355787,
            6574990.7060381975
          ],
          [
            -6709321.082609975,
            6575103.335090302
          ],
          [
            -6709433.711662079,
            6575215.964142406
          ],
          [
            -6709433.711662079,
            6575328.59319451
          ],
          [
            -6709433.711662079,
            6575441.222246614
          ],
          [
            -6709546.340714184,
            6575553.851298719
          ],
          [
            -6709546.340714184,
            6575666.480350823
          ],
          [
            -6709658.969766288,
            6575779.109402928
          ],
          [
            -6709771.5988183925,
            6575891.738455032
          ],
          [
            -6709771.5988183925,
            6576004.3675071355
          ],
          [
            -6709771.5988183925,
            6576116.99655924
          ],
          [
            -6709884.227870496,
            6576229.625611344
          ],
          [
            -6709996.8569226,
            6576342.254663449
          ],
          [
            -6710109.485974705,
            6576454.883715553
          ],
          [
            -6710109.485974705,
            6576567.512767658
          ],
          [
            -6710109.485974705,
            6576680.141819762
          ],
          [
            -6710222.115026809,
            6576792.770871866
          ],
          [
            -6710334.744078914,
            6576905.39992397
          ],
          [
            -6710447.373131018,
            6577018.028976074
          ],
          [
            -6710447.373131018,
            6577130.658028179
          ],
          [
            -6710447.373131018,
            6577243.287080283
          ],
          [
            -6710334.744078914,
            6577355.916132388
          ],
          [
            -6710334.744078914,
            6577468.545184491
          ],
          [
            -6710334.744078914,
            6577581.174236596
          ],
          [
            -6710334.744078914,
            6577693.8032887
          ],
          [
            -6710447.373131018,
            6577806.4323408045
          ],
          [
            -6710447.373131018,
            6577919.061392909
          ],
          [
            -6710560.002183123,
            6578031.690445013
          ],
          [
            -6710560.002183123,
            6578144.319497118
          ],
          [
            -6710672.631235226,
            6578256.948549221
          ],
          [
            -6710672.631235226,
            6578369.577601326
          ],
          [
            -6710672.631235226,
            6578482.20665343
          ],
          [
            -6710785.2602873305,
            6578594.835705535
          ],
          [
            -6710785.2602873305,
            6578707.464757639
          ],
          [
            -6710672.631235226,
            6578820.093809743
          ],
          [
            -6710672.631235226,
            6578932.722861848
          ],
          [
            -6710672.631235226,
            6579045.351913951
          ],
          [
            -6710672.631235226,
            6579157.980966056
          ],
          [
            -6710672.631235226,
            6579270.61001816
          ],
          [
            -6710672.631235226,
            6579383.239070265
          ],
          [
            -6710672.631235226,
            6579495.868122369
          ],
          [
            -6710672.631235226,
            6579608.4971744735
          ],
          [
            -6710672.631235226,
            6579721.126226577
          ],
          [
            -6710785.2602873305,
            6579833.755278681
          ],
          [
            -6710672.631235226,
            6579946.384330786
          ],
          [
            -6710560.002183123,
            6579946.384330786
          ]
        ]
      },
      "properties": {
        "segment_id": "11_sub18",
        "zone_id": "11",
        "subzone_id": "11_sub18",
        "length_m": 7248.2808361000125,
        "slope": 0.06173985564565744,
        "drop_m": 447.5078125,
        "downstream_id": "11_sub8",
        "upstream_ids": []
      }
    },
    {
      "type": "Feature",
      "geometry": {
        "type": "LineString",
        "coordinates": [
          [
            -6710109.485974705,
            6576342.254663449
          ],
          [
            -6710109.485974705,
            6576454.883715553
          ],
          [
            -6710109.485974705,
            6576567.512767658
          ],
          [
            -6710109.485974705,
            6576680.141819762
          ],
          [
            -6710222.115026809,
            6576792.770871866
          ],
          [
            -6710334.744078914,
            6576905.39992397
          ],
          [
            -6710447.373131018,
            6577018.028976074
          ],
          [
            -6710447.373131018,
            6577130.658028179
          ],
          [
            -6710447.373131018,
            6577243.287080283
          ],
          [
            -6710334.744078914,
            6577355.916132388
          ],
          [
            -6710334.744078914,
            6577468.545184491
          ],
          [
            -6710334.744078914,
            6577581.174236596
          ],
          [
            -6710334.744078914,
            6577693.8032887
          ],
          [
            -6710447.373131018,
            6577806.4323408045
          ],
          [
            -6710447.373131018,
            6577919.061392909
          ],
          [
            -6710560.002183123,
            6578031.690445013
          ],
          [
            -6710560.002183123,
            6578144.319497118
          ],
          [
            -6710672.631235226,
            6578256.948549221
          ],
          [
            -6710672.631235226,
            6578369.577601326
          ],
          [
            -6710672.631235226,
            6578482.20665343
          ],
          [
            -6710785.2602873305,
            6578594.835705535
          ],
          [
            -6710785.2602873305,
            6578707.464757639
          ],
          [
            -6710672.631235226,
            6578820.093809743
          ],
          [
            -6710672.631235226,
            6578932.722861848
          ],
          [
            -6710672.631235226,
            6579045.351913951
          ],
          [
            -6710672.631235226,
            6579157.980966056
          ],
          [
            -6710672.631235226,
            6579270.61001816
          ],
          [
            -6710672.631235226,
            6579383.239070265
          ],
          [
            -6710672.631235226,
            6579495.868122369
          ],
          [
            -6710672.631235226,
            6579608.4971744735
          ],
          [
            -6710672.631235226,
            6579721.126226577
          ],
          [
            -6710785.2602873305,
            6579833.755278681
          ],
          [
            -6710672.631235226,
            6579946.384330786
          ],
          [
            -6710560.002183123,
            6579946.384330786
          ]
        ]
      },
      "properties": {
        "segment_id": "11_sub22",
        "zone_id": "11",
        "subzone_id": "11_sub22",
        "length_m": 4229.936009328119,
        "slope": 0.03985820491804082,
        "drop_m": 168.59765625,
        "downstream_id": "11_sub8",
        "upstream_ids": []
      }
    },
    {
      "type": "Feature",
      "geometry": {
        "type": "LineString",
        "coordinates": [
          [
            -6713600.9865899375,
            6591885.06385384
          ],
          [
            -6713600.9865899375,
            6591772.434801736
          ]
        ]
      },
      "properties": {
        "segment_id": "11_sub26",
        "zone_id": "11",
        "subzone_id": "11_sub26",
        "length_m": 112.62905210442841,
        "slope": 0.10513113704909212,
        "drop_m": 11.8408203125,
        "downstream_id": "11_sub25",
        "upstream_ids": []
      }
    },
    {
      "type": "Feature",
      "geometry": {
        "type": "LineString",
        "coordinates": [
          [
            -6686119.497876491,
            6599205.952240619
          ],
          [
            -6686119.497876491,
            6599093.323188515
          ],
          [
            -6686119.497876491,
            6598980.694136411
          ],
          [
            -6686232.126928596,
            6598868.0650843065
          ],
          [
            -6686344.7559807,
            6598755.436032202
          ],
          [
            -6686457.385032805,
            6598642.806980098
          ],
          [
            -6686570.014084909,
            6598642.806980098
          ],
          [
            -6686682.643137014,
            6598530.177927993
          ],
          [
            -6686795.272189117,
            6598530.177927993
          ],
          [
            -6686907.901241221,
            6598530.177927993
          ],
          [
            -6687020.530293326,
            6598530.177927993
          ],
          [
            -6687133.15934543,
            6598417.54887589
          ],
          [
            -6687245.788397535,
            6598304.919823785
          ],
          [
            -6687358.417449639,
            6598192.290771681
          ],
          [
            -6687471.046501743,
            6598192.290771681
          ],
          [
            -6687583.675553847,
            6598079.661719576
          ],
          [
            -6687696.3046059515,
            6597967.032667472
          ],
          [
            -6687808.933658056,
            6597967.032667472
          ],
          [
            -6687921.56271016,
            6597967.032667472
          ],
          [
            -6688034.191762265,
            6597967.032667472
          ],
          [
            -6688146.820814369,
            6597967.032667472
          ],
          [
            -6688259.449866473,
            6597967.032667472
          ],
          [
            -6688372.078918577,
            6597854.403615368
          ],
          [
            -6688484.707970682,
            6597854.403615368
          ],
          [
            -6688597.337022786,
            6597741.774563263
          ],
          [
            -6688597.337022786,
            6597629.14551116
          ],
          [
            -6688709.96607489,
            6597516.516459055
          ],
          [
            -6688822.595126995,
            6597403.887406951
          ],
          [
            -6688822.595126995,
            6597291.258354846
          ],
          [
            -6688935.224179099,
            6597178.629302742
          ],
          [
            -6688935.224179099,
            6597066.0002506375
          ],
          [
            -6689047.853231203,
            6596953.371198533
          ],
          [
            -6689047.853231203,
            6596840.74214643
          ],
          [
            -6689160.482283307,
            6596728.113094325
          ],
          [
            -6689273.111335412,
            6596615.484042221
          ],
          [
            -6689385.740387516,
            6596502.854990116
          ],
          [
            -6689498.3694396205,
            6596390.225938012
          ],
          [
            -6689610.998491725,
            6596390.225938012
          ],
          [
            -6689723.627543828,
            6596390.225938012
          ],
          [
            -6689836.256595933,
            6596277.596885907
          ],
          [
            -6689948.885648037,
            6596164.967833804
          ],
          [
            -6690061.514700142,
            6596052.3387817
          ]
        ]
      },
      "properties": {
        "segment_id": "21_sub16",
        "zone_id": "21",
        "subzone_id": "21_sub16",
        "length_m": 5644.145716048437,
        "slope": 0.1589697680208776,
        "drop_m": 897.24853515625,
        "downstream_id": "21_sub7",
        "upstream_ids": []
      }
    },
    {
      "type": "Feature",
      "geometry": {
        "type": "LineString",
        "coordinates": [
          [
            -6714051.502798355,
            6590871.402384902
          ],
          [
            -6713938.873746251,
            6590984.031437006
          ],
          [
            -6713826.244694146,
            6591096.66048911
          ],
          [
            -6713826.244694146,
            6591209.289541215
          ],
          [
            -6713713.615642042,
            6591321.918593319
          ],
          [
            -6713600.9865899375,
            6591434.547645424
          ],
          [
            -6713600.9865899375,
            6591547.176697528
          ],
          [
            -6713600.9865899375,
            6591659.805749632
          ],
          [
            -6713488.357537834,
            6591772.434801736
          ],
          [
            -6713375.72848573,
            6591885.06385384
          ]
        ]
      },
      "properties": {
        "segment_id": "11_sub3",
        "zone_id": "11",
        "subzone_id": "11_sub3",
        "length_m": 1293.5763543311614,
        "slope": 0.04823337600335184,
        "drop_m": 62.3935546875,
        "downstream_id": "11_sub2",
        "upstream_ids": [
          "11_sub4",
          "11_sub7",
          "11_sub10"
        ]
      }
    },
    {
      "type": "Feature",
      "geometry": {
        "type": "LineString",
        "coordinates": [
          [
            -6710560.002183123,
            6579946.384330786
          ],
          [
            -6710447.373131018,
            6579946.384330786
          ],
          [
            -6710447.373131018,
            6580059.01338289
          ],
          [
            -6710447.373131018,
            6580171.642434995
          ],
          [
            -6710447.373131018,
            6580284.271487099
          ],
          [
            -6710447.373131018,
            6580396.900539204
          ],
          [
            -6710334.744078914,
            6580509.529591307
          ],
          [
            -6710222.115026809,
            6580396.900539204
          ],
          [
            -6710109.485974705,
            6580396.900539204
          ],
          [
            -6710109.485974705,
            6580509.529591307
          ],
          [
            -6709996.8569226,
            6580622.1586434115
          ],
          [
            -6709996.8569226,
            6580734.787695516
          ],
          [
            -6709996.8569226,
            6580847.41674762
          ],
          [
            -6710109.485974705,
            6580960.045799725
          ],
          [
            -6710109.485974705,
            6581072.674851829
          ],
          [
            -6710222.115026809,
            6581185.303903934
          ],
          [
            -6710222.115026809,
            6581297.932956037
          ],
          [
            -6710222.115026809,
            6581410.562008142
          ],
          [
            -6710222.115026809,
            6581523.191060246
          ],
          [
            -6710109.485974705,
            6581635.82011235
          ],
          [
            -6710109.485974705,
            6581748.449164455
          ],
          [
            -6710109.485974705,
            6581861.078216559
          ],
          [
            -6710109.485974705,
            6581973.707268663
          ],
          [
            -6709996.8569226,
            6582086.336320767
          ],
          [
            -6709884.227870496,
            6582198.965372872
          ],
          [
            -6709771.5988183925,
            6582311.594424976
          ],
          [
            -6709771.5988183925,
            6582424.22347708
          ],
          [
            -6709658.969766288,
            6582536.852529185
          ],
          [
            -6709546.340714184,
            6582649.481581289
          ],
          [
            -6709433.711662079,
            6582762.110633393
          ],
          [
            -6709321.082609975,
            6582874.739685497
          ],
          [
            -6709208.45355787,
            6582987.368737602
          ],
          [
            -6709095.824505767,
            6583099.997789706
          ],
          [
            -6708983.195453662,
            6583212.6268418105
          ]
        ]
      },
      "properties": {
        "segment_id": "11_sub8",
        "zone_id": "11",
        "subzone_id": "11_sub8",
        "length_m": 4463.198413822134,
        "slope": 0.041527223550549566,
        "drop_m": 185.34423828125,
        "downstream_id": "11_sub6",
        "upstream_ids": [
          "11_sub18",
          "11_sub22"
        ]
      }
    },
    {
      "type": "Feature",
      "geometry": {
        "type": "LineString",
        "coordinates": [
          [
            -6713600.9865899375,
            6591772.434801736
          ],
          [
            -6713488.357537834,
            6591772.434801736
          ],
          [
            -6713375.72848573,
            6591885.06385384
          ]
        ]
      },
      "properties": {
        "segment_id": "11_sub25",
        "zone_id": "11",
        "subzone_id": "11_sub25",
        "length_m": 271.91058510680574,
        "slope": 0.007653452279846213,
        "drop_m": 2.0810546875,
        "downstream_id": "11_sub2",
        "upstream_ids": [
          "11_sub26"
        ]
      }
    },
    {
      "type": "Feature",
      "geometry": {
        "type": "LineString",
        "coordinates": [
          [
            -6716304.083840441,
            6594362.903000135
          ],
          [
            -6716304.083840441,
            6594250.273948031
          ],
          [
            -6716191.4547883365,
            6594250.273948031
          ],
          [
            -6716078.825736232,
            6594250.273948031
          ],
          [
            -6715966.196684128,
            6594250.273948031
          ],
          [
            -6715853.567632023,
            6594362.903000135
          ],
          [
            -6715740.93857992,
            6594362.903000135
          ],
          [
            -6715628.309527815,
            6594362.903000135
          ],
          [
            -6715515.680475711,
            6594362.903000135
          ],
          [
            -6715403.051423606,
            6594475.532052239
          ],
          [
            -6715290.422371502,
            6594475.532052239
          ],
          [
            -6715177.793319398,
            6594475.532052239
          ],
          [
            -6715065.164267294,
            6594475.532052239
          ],
          [
            -6714952.53521519,
            6594475.532052239
          ],
          [
            -6714839.906163085,
            6594475.532052239
          ],
          [
            -6714727.277110981,
            6594362.903000135
          ],
          [
            -6714614.648058876,
            6594362.903000135
          ],
          [
            -6714502.019006772,
            6594362.903000135
          ],
          [
            -6714389.389954668,
            6594362.903000135
          ],
          [
            -6714276.760902564,
            6594362.903000135
          ],
          [
            -6714164.13185046,
            6594362.903000135
          ],
          [
            -6714051.502798355,
            6594250.273948031
          ],
          [
            -6713938.873746251,
            6594250.273948031
          ],
          [
            -6713826.244694146,
            6594250.273948031
          ],
          [
            -6713713.615642042,
            6594250.273948031
          ],
          [
            -6713600.9865899375,
            6594250.273948031
          ],
          [
            -6713488.357537834,
            6594250.273948031
          ],
          [
            -6713375.72848573,
            6594137.644895926
          ],
          [
            -6713263.099433625,
            6594025.015843822
          ],
          [
            -6713150.470381521,
            6593912.386791718
          ],
          [
            -6713037.841329416,
            6593912.386791718
          ]
        ]
      },
      "properties": {
        "segment_id": "10_sub6",
        "zone_id": "10",
        "subzone_id": "10_sub6",
        "length_m": 3705.43892942063,
        "slope": 0.20814762704322712,
        "drop_m": 771.2783203125,
        "downstream_id": "10_sub5",
        "upstream_ids": []
      }
    },
    {
      "type": "Feature",
      "geometry": {
        "type": "LineString",
        "coordinates": [
          [
            -6705379.065786324,
            6584113.659258645
          ],
          [
            -6705266.436734221,
            6584226.2883107485
          ],
          [
            -6705266.436734221,
            6584338.917362853
          ],
          [
            -6705266.436734221,
            6584451.546414957
          ],
          [
            -6705266.436734221,
            6584564.175467062
          ],
          [
            -6705153.8076821165,
            6584676.804519166
          ],
          [
            -6705153.8076821165,
            6584789.433571271
          ],
          [
            -6705153.8076821165,
            6584902.062623375
          ],
          [
            -6705153.8076821165,
            6585014.691675479
          ],
          [
            -6705153.8076821165,
            6585127.320727583
          ],
          [
            -6705153.8076821165,
            6585239.949779687
          ],
          [
            -6705153.8076821165,
            6585352.578831792
          ],
          [
            -6705153.8076821165,
            6585465.207883896
          ],
          [
            -6705041.178630012,
            6585577.836936001
          ],
          [
            -6705041.178630012,
            6585690.465988105
          ],
          [
            -6705041.178630012,
            6585803.095040209
          ],
          [
            -6705041.178630012,
            6585915.724092313
          ],
          [
            -6705041.178630012,
            6586028.3531444175
          ],
          [
            -6705153.8076821165,
            6586140.982196522
          ],
          [
            -6705153.8076821165,
            6586253.611248626
          ],
          [
            -6705153.8076821165,
            6586366.240300731
          ],
          [
            -6705153.8076821165,
            6586478.869352834
          ],
          [
            -6705153.8076821165,
            6586591.498404939
          ],
          [
            -6705153.8076821165,
            6586704.127457043
          ]
        ]
      },
      "properties": {
        "segment_id": "20_sub21",
        "zone_id": "20",
        "subzone_id": "20_sub21",
        "length_m": 2777.0781219932633,
        "slope": 0.089927201292415,
        "drop_m": 249.73486328125,
        "downstream_id": "20_sub10",
        "upstream_ids": []
      }
    },
    {
      "type": "Feature",
      "geometry": {
        "type": "LineString",
        "coordinates": [
          [
            -6690061.514700142,
            6596052.3387817
          ],
          [
            -6690174.143752246,
            6595939.709729595
          ],
          [
            -6690286.772804351,
            6595939.709729595
          ],
          [
            -6690399.401856455,
            6595939.709729595
          ],
          [
            -6690512.0309085585,
            6595827.080677491
          ],
          [
            -6690624.659960663,
            6595714.451625386
          ],
          [
            -6690737.289012767,
            6595601.822573282
          ],
          [
            -6690849.918064872,
            6595489.193521177
          ],
          [
            -6690962.547116976,
            6595376.564469074
          ],
          [
            -6690962.547116976,
            6595263.9354169695
          ],
          [
            -6690962.547116976,
            6595151.306364865
          ],
          [
            -6691075.176169081,
            6595038.677312761
          ],
          [
            -6691187.805221184,
            6594926.048260656
          ],
          [
            -6691300.434273289,
            6594813.419208552
          ],
          [
            -6691300.434273289,
            6594700.790156447
          ],
          [
            -6691413.063325393,
            6594588.161104344
          ],
          [
            -6691413.063325393,
            6594475.532052239
          ],
          [
            -6691525.692377497,
            6594362.903000135
          ],
          [
            -6691638.321429602,
            6594362.903000135
          ]
        ]
      },
      "properties": {
        "segment_id": "21_sub7",
        "zone_id": "21",
        "subzone_id": "21_sub7",
        "length_m": 2540.5002277647595,
        "slope": 0.18968028706849638,
        "drop_m": 481.8828125,
        "downstream_id": "21_sub6",
        "upstream_ids": [
          "21_sub16"
        ]
      }
    },
    {
      "type": "Feature",
      "geometry": {
        "type": "LineString",
        "coordinates": [
          [
            -6692088.837638019,
            6600444.871813767
          ],
          [
            -6692201.466690123,
            6600332.242761662
          ],
          [
            -6692314.0957422275,
            6600219.613709558
          ],
          [
            -6692426.724794332,
            6600219.613709558
          ],
          [
            -6692539.353846436,
            6600219.613709558
          ],
          [
            -6692651.982898541,
            6600219.613709558
          ],
          [
            -6692764.611950644,
            6600219.613709558
          ],
          [
            -6692877.241002749,
            6600106.984657453
          ],
          [
            -6692989.870054853,
            6599994.355605349
          ],
          [
            -6693102.499106958,
            6599881.726553245
          ],
          [
            -6693215.128159062,
            6599769.097501141
          ],
          [
            -6693327.757211166,
            6599656.468449037
          ],
          [
            -6693440.38626327,
            6599543.839396932
          ],
          [
            -6693553.015315374,
            6599543.839396932
          ],
          [
            -6693665.644367479,
            6599431.210344828
          ],
          [
            -6693778.273419583,
            6599431.210344828
          ],
          [
            -6693890.902471688,
            6599318.581292723
          ],
          [
            -6693890.902471688,
            6599205.952240619
          ],
          [
            -6694003.531523792,
            6599093.323188515
          ],
          [
            -6694116.1605758965,
            6598980.694136411
          ],
          [
            -6694228.789628,
            6598868.0650843065
          ],
          [
            -6694228.789628,
            6598755.436032202
          ],
          [
            -6694341.418680104,
            6598642.806980098
          ],
          [
            -6694341.418680104,
            6598530.177927993
          ],
          [
            -6694454.047732209,
            6598417.54887589
          ],
          [
            -6694454.047732209,
            6598304.919823785
          ],
          [
            -6694454.047732209,
            6598192.290771681
          ],
          [
            -6694454.047732209,
            6598079.661719576
          ],
          [
            -6694454.047732209,
            6597967.032667472
          ],
          [
            -6694454.047732209,
            6597854.403615368
          ],
          [
            -6694566.676784313,
            6597741.774563263
          ],
          [
            -6694566.676784313,
            6597629.14551116
          ],
          [
            -6694566.676784313,
            6597516.516459055
          ],
          [
            -6694566.676784313,
            6597403.887406951
          ],
          [
            -6694566.676784313,
            6597291.258354846
          ],
          [
            -6694566.676784313,
            6597178.629302742
          ],
          [
            -6694454.047732209,
            6597066.0002506375
          ],
          [
            -6694341.418680104,
            6596953.371198533
          ],
          [
            -6694341.418680104,
            6596840.74214643
          ],
          [
            -6694341.418680104,
            6596728.113094325
          ],
          [
            -6694228.789628,
            6596728.113094325
          ],
          [
            -6694228.789628,
            6596615.484042221
          ],
          [
            -6694228.789628,
            6596502.854990116
          ],
          [
            -6694116.1605758965,
            6596390.225938012
          ],
          [
            -6694003.531523792,
            6596277.596885907
          ],
          [
            -6694003.531523792,
            6596164.967833804
          ]
        ]
      },
      "properties": {
        "segment_id": "21_sub17",
        "zone_id": "21",
        "subzone_id": "21_sub17",
        "length_m": 6001.356962669208,
        "slope": 0.18591034701133935,
        "drop_m": 1115.71435546875,
        "downstream_id": "21_sub8",
        "upstream_ids": []
      }
    },
    {
      "type": "Feature",
      "geometry": {
        "type": "LineString",
        "coordinates": [
          [
            -6713375.72848573,
            6591885.06385384
          ],
          [
            -6713263.099433625,
            6591885.06385384
          ]
        ]
      },
      "properties": {
        "segment_id": "11_sub2",
        "zone_id": "11",
        "subzone_id": "11_sub2",
        "length_m": 112.62905210442841,
        "slope": 0.023163532587764914,
        "drop_m": 2.60888671875,
        "downstream_id": "11_sub1",
        "upstream_ids": [
          "11_sub3",
          "11_sub25"
        ]
      }
    },
    {
      "type": "Feature",
      "geometry": {
        "type": "LineString",
        "coordinates": [
          [
            -6708983.195453662,
            6583212.6268418105
          ],
          [
            -6708870.566401558,
            6583325.255893915
          ],
          [
            -6708870.566401558,
            6583437.884946019
          ],
          [
            -6708870.566401558,
            6583550.513998123
          ],
          [
            -6708870.566401558,
            6583663.143050227
          ],
          [
            -6708870.566401558,
            6583775.772102332
          ],
          [
            -6708870.566401558,
            6583888.401154436
          ],
          [
            -6708983.195453662,
            6584001.030206541
          ],
          [
            -6708983.195453662,
            6584113.659258645
          ],
          [
            -6709095.824505767,
            6584226.2883107485
          ],
          [
            -6709095.824505767,
            6584338.917362853
          ],
          [
            -6708983.195453662,
            6584451.546414957
          ],
          [
            -6708870.566401558,
            6584564.175467062
          ],
          [
            -6708870.566401558,
            6584676.804519166
          ],
          [
            -6708757.937349454,
            6584789.433571271
          ],
          [
            -6708757.937349454,
            6584902.062623375
          ],
          [
            -6708645.308297349,
            6585014.691675479
          ],
          [
            -6708645.308297349,
            6585127.320727583
          ],
          [
            -6708645.308297349,
            6585239.949779687
          ],
          [
            -6708645.308297349,
            6585352.578831792
          ],
          [
            -6708532.679245245,
            6585465.207883896
          ],
          [
            -6708532.679245245,
            6585577.836936001
          ],
          [
            -6708532.679245245,
            6585690.465988105
          ],
          [
            -6708532.679245245,
            6585803.095040209
          ],
          [
            -6708532.679245245,
            6585915.724092313
          ],
          [
            -6708532.679245245,
            6586028.3531444175
          ],
          [
            -6708645.308297349,
            6586140.982196522
          ],
          [
            -6708645.308297349,
            6586253.611248626
          ],
          [
            -6708757.937349454,
            6586366.240300731
          ],
          [
            -6708757.937349454,
            6586478.869352834
          ],
          [
            -6708870.566401558,
            6586591.498404939
          ],
          [
            -6708870.566401558,
            6586704.127457043
          ],
          [
            -6708983.195453662,
            6586816.756509148
          ],
          [
            -6708983.195453662,
            6586929.385561252
          ],
          [
            -6709095.824505767,
            6587042.014613356
          ],
          [
            -6709095.824505767,
            6587154.643665461
          ],
          [
            -6709208.45355787,
            6587267.272717564
          ],
          [
            -6709321.082609975,
            6587379.901769669
          ],
          [
            -6709433.711662079,
            6587492.530821773
          ],
          [
            -6709546.340714184,
            6587605.159873878
          ],
          [
            -6709546.340714184,
            6587717.788925982
          ],
          [
            -6709658.969766288,
            6587830.4179780865
          ],
          [
            -6709658.969766288,
            6587943.04703019
          ],
          [
            -6709771.5988183925,
            6588055.676082294
          ],
          [
            -6709884.227870496,
            6588168.305134399
          ],
          [
            -6709884.227870496,
            6588280.934186503
          ],
          [
            -6709884.227870496,
            6588393.563238608
          ],
          [
            -6709996.8569226,
            6588506.192290712
          ],
          [
            -6710109.485974705,
            6588618.821342817
          ],
          [
            -6710222.115026809,
            6588731.45039492
          ],
          [
            -6710334.744078914,
            6588844.0794470245
          ],
          [
            -6710447.373131018,
            6588844.0794470245
          ],
          [
            -6710560.002183123,
            6588956.708499129
          ],
          [
            -6710672.631235226,
            6588956.708499129
          ],
          [
            -6710785.2602873305,
            6588956.708499129
          ],
          [
            -6710897.889339435,
            6589069.337551233
          ],
          [
            -6711010.518391539,
            6589181.966603338
          ],
          [
            -6711123.147443644,
            6589294.595655442
          ],
          [
            -6711235.776495748,
            6589294.595655442
          ],
          [
            -6711348.405547852,
            6589294.595655442
          ],
          [
            -6711461.034599956,
            6589407.224707547
          ],
          [
            -6711573.663652061,
            6589519.85375965
          ],
          [
            -6711573.663652061,
            6589632.482811755
          ],
          [
            -6711686.292704165,
            6589745.111863859
          ],
          [
            -6711798.921756269,
            6589857.740915963
          ],
          [
            -6711911.550808374,
            6589970.369968068
          ],
          [
            -6712024.179860478,
            6590082.999020172
          ],
          [
            -6712136.808912582,
            6590195.628072276
          ],
          [
            -6712249.437964686,
            6590195.628072276
          ],
          [
            -6712362.067016791,
            6590308.25712438
          ],
          [
            -6712474.696068895,
            6590308.25712438
          ],
          [
            -6712587.3251209995,
            6590420.886176485
          ],
          [
            -6712587.3251209995,
            6590533.515228589
          ],
          [
            -6712587.3251209995,
            6590646.1442806935
          ],
          [
            -6712699.954173104,
            6590758.773332798
          ],
          [
            -6712699.954173104,
            6590871.402384902
          ],
          [
            -6712812.583225208,
            6590984.031437006
          ],
          [
            -6712925.212277312,
            6591096.66048911
          ],
          [
            -6712925.212277312,
            6591209.289541215
          ],
          [
            -6713037.841329416,
            6591321.918593319
          ],
          [
            -6713037.841329416,
            6591434.547645424
          ],
          [
            -6713150.470381521,
            6591547.176697528
          ],
          [
            -6713263.099433625,
            6591547.176697528
          ],
          [
            -6713375.72848573,
            6591547.176697528
          ],
          [
            -6713375.72848573,
            6591659.805749632
          ],
          [
            -6713263.099433625,
            6591772.434801736
          ],
          [
            -6713263.099433625,
            6591885.06385384
          ]
        ]
      },
      "properties": {
        "segment_id": "11_sub6",
        "zone_id": "11",
        "subzone_id": "11_sub6",
        "length_m": 11692.1551596192,
        "slope": 0.06190837149135341,
        "drop_m": 723.84228515625,
        "downstream_id": "11_sub1",
        "upstream_ids": [
          "11_sub8"
        ]
      }
    },
    {
      "type": "Feature",
      "geometry": {
        "type": "LineString",
        "coordinates": [
          [
            -6708983.195453662,
            6583437.884946019
          ],
          [
            -6708870.566401558,
            6583437.884946019
          ],
          [
            -6708870.566401558,
            6583550.513998123
          ],
          [
            -6708870.566401558,
            6583663.143050227
          ],
          [
            -6708870.566401558,
            6583775.772102332
          ],
          [
            -6708870.566401558,
            6583888.401154436
          ],
          [
            -6708983.195453662,
            6584001.030206541
          ],
          [
            -6708983.195453662,
            6584113.659258645
          ],
          [
            -6709095.824505767,
            6584226.2883107485
          ],
          [
            -6709095.824505767,
            6584338.917362853
          ],
          [
            -6708983.195453662,
            6584451.546414957
          ],
          [
            -6708870.566401558,
            6584564.175467062
          ],
          [
            -6708870.566401558,
            6584676.804519166
          ],
          [
            -6708757.937349454,
            6584789.433571271
          ],
          [
            -6708757.937349454,
            6584902.062623375
          ],
          [
            -6708645.308297349,
            6585014.691675479
          ],
          [
            -6708645.308297349,
            6585127.320727583
          ],
          [
            -6708645.308297349,
            6585239.949779687
          ],
          [
            -6708645.308297349,
            6585352.578831792
          ],
          [
            -6708532.679245245,
            6585465.207883896
          ],
          [
            -6708532.679245245,
            6585577.836936001
          ],
          [
            -6708532.679245245,
            6585690.465988105
          ],
          [
            -6708532.679245245,
            6585803.095040209
          ],
          [
            -6708532.679245245,
            6585915.724092313
          ],
          [
            -6708532.679245245,
            6586028.3531444175
          ],
          [
            -6708645.308297349,
            6586140.982196522
          ],
          [
            -6708645.308297349,
            6586253.611248626
          ],
          [
            -6708757.937349454,
            6586366.240300731
          ],
          [
            -6708757.937349454,
            6586478.869352834
          ],
          [
            -6708870.566401558,
            6586591.498404939
          ],
          [
            -6708870.566401558,
            6586704.127457043
          ],
          [
            -6708983.195453662,
            6586816.756509148
          ],
          [
            -6708983.195453662,
            6586929.385561252
          ],
          [
            -6709095.824505767,
            6587042.014613356
          ],
          [
            -6709095.824505767,
            6587154.643665461
          ],
          [
            -6709208.45355787,
            6587267.272717564
          ],
          [
            -6709321.082609975,
            6587379.901769669
          ],
          [
            -6709433.711662079,
            6587492.530821773
          ],
          [
            -6709546.340714184,
            6587605.159873878
          ],
          [
            -6709546.340714184,
            6587717.788925982
          ],
          [
            -6709658.969766288,
            6587830.4179780865
          ],
          [
            -6709658.969766288,
            6587943.04703019
          ],
          [
            -6709771.5988183925,
            6588055.676082294
          ],
          [
            -6709884.227870496,
            6588168.305134399
          ],
          [
            -6709884.227870496,
            6588280.934186503
          ],
          [
            -6709884.227870496,
            6588393.563238608
          ],
          [
            -6709996.8569226,
            6588506.192290712
          ],
          [
            -6710109.485974705,
            6588618.821342817
          ],
          [
            -6710222.115026809,
            6588731.45039492
          ],
          [
            -6710334.744078914,
            6588844.0794470245
          ],
          [
            -6710447.373131018,
            6588844.0794470245
          ],
          [
            -6710560.002183123,
            6588956.708499129
          ],
          [
            -6710672.631235226,
            6588956.708499129
          ],
          [
            -6710785.2602873305,
            6588956.708499129
          ],
          [
            -6710897.889339435,
            6589069.337551233
          ],
          [
            -6711010.518391539,
            6589181.966603338
          ],
          [
            -6711123.147443644,
            6589294.595655442
          ],
          [
            -6711235.776495748,
            6589294.595655442
          ],
          [
            -6711348.405547852,
            6589294.595655442
          ],
          [
            -6711461.034599956,
            6589407.224707547
          ],
          [
            -6711573.663652061,
            6589519.85375965
          ],
          [
            -6711573.663652061,
            6589632.482811755
          ],
          [
            -6711686.292704165,
            6589745.111863859
          ],
          [
            -6711798.921756269,
            6589857.740915963
          ],
          [
            -6711911.550808374,
            6589970.369968068
          ],
          [
            -6712024.179860478,
            6590082.999020172
          ],
          [
            -6712136.808912582,
            6590195.628072276
          ],
          [
            -6712249.437964686,
            6590195.628072276
          ],
          [
            -6712362.067016791,
            6590308.25712438
          ],
          [
            -6712474.696068895,
            6590308.25712438
          ],
          [
            -6712587.3251209995,
            6590420.886176485
          ],
          [
            -6712587.3251209995,
            6590533.515228589
          ],
          [
            -6712587.3251209995,
            6590646.1442806935
          ],
          [
            -6712699.954173104,
            6590758.773332798
          ],
          [
            -6712699.954173104,
            6590871.402384902
          ],
          [
            -6712812.583225208,
            6590984.031437006
          ],
          [
            -6712925.212277312,
            6591096.66048911
          ],
          [
            -6712925.212277312,
            6591209.289541215
          ],
          [
            -6713037.841329416,
            6591321.918593319
          ],
          [
            -6713037.841329416,
            6591434.547645424
          ],
          [
            -6713150.470381521,
            6591547.176697528
          ],
          [
            -6713263.099433625,
            6591547.176697528
          ],
          [
            -6713375.72848573,
            6591547.176697528
          ],
          [
            -6713375.72848573,
            6591659.805749632
          ],
          [
            -6713263.099433625,
            6591772.434801736
          ],
          [
            -6713263.099433625,
            6591885.06385384
          ]
        ]
      },
      "properties": {
        "segment_id": "11_sub28",
        "zone_id": "11",
        "subzone_id": "11_sub28",
        "length_m": 11532.873626615892,
        "slope": 0.06276339346039016,
        "drop_m": 723.84228515625,
        "downstream_id": "11_sub1",
        "upstream_ids": []
      }
    },
    {
      "type": "Feature",
      "geometry": {
        "type": "LineString",
        "coordinates": [
          [
            -6709433.711662079,
            6587379.901769669
          ],
          [
            -6709433.711662079,
            6587492.530821773
          ],
          [
            -6709546.340714184,
            6587605.159873878
          ],
          [
            -6709546.340714184,
            6587717.788925982
          ],
          [
            -6709658.969766288,
            6587830.4179780865
          ],
          [
            -6709658.969766288,
            6587943.04703019
          ],
          [
            -6709771.5988183925,
            6588055.676082294
          ],
          [
            -6709884.227870496,
            6588168.305134399
          ],
          [
            -6709884.227870496,
            6588280.934186503
          ],
          [
            -6709884.227870496,
            6588393.563238608
          ],
          [
            -6709996.8569226,
            6588506.192290712
          ],
          [
            -6710109.485974705,
            6588618.821342817
          ],
          [
            -6710222.115026809,
            6588731.45039492
          ],
          [
            -6710334.744078914,
            6588844.0794470245
          ],
          [
            -6710447.373131018,
            6588844.0794470245
          ],
          [
            -6710560.002183123,
            6588956.708499129
          ],
          [
            -6710672.631235226,
            6588956.708499129
          ],
          [
            -6710785.2602873305,
            6588956.708499129
          ],
          [
            -6710897.889339435,
            6589069.337551233
          ],
          [
            -6711010.518391539,
            6589181.966603338
          ],
          [
            -6711123.147443644,
            6589294.595655442
          ],
          [
            -6711235.776495748,
            6589294.595655442
          ],
          [
            -6711348.405547852,
            6589294.595655442
          ],
          [
            -6711461.034599956,
            6589407.224707547
          ],
          [
            -6711573.663652061,
            6589519.85375965
          ],
          [
            -6711573.663652061,
            6589632.482811755
          ],
          [
            -6711686.292704165,
            6589745.111863859
          ],
          [
            -6711798.921756269,
            6589857.740915963
          ],
          [
            -6711911.550808374,
            6589970.369968068
          ],
          [
            -6712024.179860478,
            6590082.999020172
          ],
          [
            -6712136.808912582,
            6590195.628072276
          ],
          [
            -6712249.437964686,
            6590195.628072276
          ],
          [
            -6712362.067016791,
            6590308.25712438
          ],
          [
            -6712474.696068895,
            6590308.25712438
          ],
          [
            -6712587.3251209995,
            6590420.886176485
          ],
          [
            -6712587.3251209995,
            6590533.515228589
          ],
          [
            -6712587.3251209995,
            6590646.1442806935
          ],
          [
            -6712699.954173104,
            6590758.773332798
          ],
          [
            -6712699.954173104,
            6590871.402384902
          ],
          [
            -6712812.583225208,
            6590984.031437006
          ],
          [
            -6712925.212277312,
            6591096.66048911
          ],
          [
            -6712925.212277312,
            6591209.289541215
          ],
          [
            -6713037.841329416,
            6591321.918593319
          ],
          [
            -6713037.841329416,
            6591434.547645424
          ],
          [
            -6713150.470381521,
            6591547.176697528
          ],
          [
            -6713263.099433625,
            6591547.176697528
          ],
          [
            -6713375.72848573,
            6591547.176697528
          ],
          [
            -6713375.72848573,
            6591659.805749632
          ],
          [
            -6713263.099433625,
            6591772.434801736
          ],
          [
            -6713263.099433625,
            6591885.06385384
          ]
        ]
      },
      "properties": {
        "segment_id": "11_sub29",
        "zone_id": "11",
        "subzone_id": "11_sub29",
        "length_m": 6778.440537378697,
        "slope": 0.06289918692749613,
        "drop_m": 426.3583984375,
        "downstream_id": "11_sub1",
        "upstream_ids": []
      }
    },
    {
      "type": "Feature",
      "geometry": {
        "type": "LineString",
        "coordinates": [
          [
            -6713037.841329416,
            6593912.386791718
          ],
          [
            -6712925.212277312,
            6593912.386791718
          ],
          [
            -6712925.212277312,
            6594025.015843822
          ],
          [
            -6712925.212277312,
            6594137.644895926
          ],
          [
            -6712812.583225208,
            6594250.273948031
          ],
          [
            -6712925.212277312,
            6594362.903000135
          ],
          [
            -6712925.212277312,
            6594475.532052239
          ],
          [
            -6712925.212277312,
            6594588.161104344
          ],
          [
            -6712812.583225208,
            6594700.790156447
          ],
          [
            -6712812.583225208,
            6594813.419208552
          ],
          [
            -6712699.954173104,
            6594813.419208552
          ],
          [
            -6712587.3251209995,
            6594813.419208552
          ],
          [
            -6712587.3251209995,
            6594926.048260656
          ],
          [
            -6712474.696068895,
            6595038.677312761
          ],
          [
            -6712474.696068895,
            6595151.306364865
          ],
          [
            -6712474.696068895,
            6595263.9354169695
          ],
          [
            -6712474.696068895,
            6595376.564469074
          ],
          [
            -6712474.696068895,
            6595489.193521177
          ],
          [
            -6712362.067016791,
            6595601.822573282
          ],
          [
            -6712362.067016791,
            6595714.451625386
          ],
          [
            -6712249.437964686,
            6595827.080677491
          ],
          [
            -6712249.437964686,
            6595939.709729595
          ],
          [
            -6712136.808912582,
            6596052.3387817
          ],
          [
            -6712024.179860478,
            6596164.967833804
          ],
          [
            -6711911.550808374,
            6596164.967833804
          ],
          [
            -6711798.921756269,
            6596277.596885907
          ],
          [
            -6711686.292704165,
            6596390.225938012
          ],
          [
            -6711573.663652061,
            6596502.854990116
          ],
          [
            -6711461.034599956,
            6596502.854990116
          ]
        ]
      },
      "properties": {
        "segment_id": "10_sub5",
        "zone_id": "10",
        "subzone_id": "10_sub5",
        "length_m": 3666.790748805864,
        "slope": 0.05228769255681923,
        "drop_m": 191.72802734375,
        "downstream_id": "10_sub3",
        "upstream_ids": [
          "10_sub6"
        ]
      }
    },
    {
      "type": "Feature",
      "geometry": {
        "type": "LineString",
        "coordinates": [
          [
            -6712474.696068895,
            6595601.822573282
          ],
          [
            -6712362.067016791,
            6595601.822573282
          ],
          [
            -6712362.067016791,
            6595714.451625386
          ],
          [
            -6712249.437964686,
            6595827.080677491
          ],
          [
            -6712249.437964686,
            6595939.709729595
          ],
          [
            -6712136.808912582,
            6596052.3387817
          ],
          [
            -6712024.179860478,
            6596164.967833804
          ],
          [
            -6711911.550808374,
            6596164.967833804
          ],
          [
            -6711798.921756269,
            6596277.596885907
          ],
          [
            -6711686.292704165,
            6596390.225938012
          ],
          [
            -6711573.663652061,
            6596502.854990116
          ],
          [
            -6711461.034599956,
            6596502.854990116
          ]
        ]
      },
      "properties": {
        "segment_id": "10_sub8",
        "zone_id": "10",
        "subzone_id": "10_sub8",
        "length_m": 1518.8344585406767,
        "slope": 0.09862748852098693,
        "drop_m": 149.798828125,
        "downstream_id": "10_sub3",
        "upstream_ids": []
      }
    },
    {
      "type": "Feature",
      "geometry": {
        "type": "LineString",
        "coordinates": [
          [
            -6711573.663652061,
            6596615.484042221
          ],
          [
            -6711461.034599956,
            6596502.854990116
          ]
        ]
      },
      "properties": {
        "segment_id": "10_sub10",
        "zone_id": "10",
        "subzone_id": "10_sub10",
        "length_m": 159.28153300330865,
        "slope": 0.11562540766805299,
        "drop_m": 18.4169921875,
        "downstream_id": "10_sub3",
        "upstream_ids": []
      }
    },
    {
      "type": "Feature",
      "geometry": {
        "type": "LineString",
        "coordinates": [
          [
            -6705153.8076821165,
            6586704.127457043
          ],
          [
            -6705153.8076821165,
            6586816.756509148
          ],
          [
            -6705153.8076821165,
            6586929.385561252
          ],
          [
            -6705153.8076821165,
            6587042.014613356
          ],
          [
            -6705153.8076821165,
            6587154.643665461
          ],
          [
            -6705153.8076821165,
            6587267.272717564
          ],
          [
            -6705153.8076821165,
            6587379.901769669
          ],
          [
            -6705153.8076821165,
            6587492.530821773
          ],
          [
            -6705153.8076821165,
            6587605.159873878
          ],
          [
            -6705153.8076821165,
            6587717.788925982
          ],
          [
            -6705153.8076821165,
            6587830.4179780865
          ],
          [
            -6705153.8076821165,
            6587943.04703019
          ],
          [
            -6705153.8076821165,
            6588055.676082294
          ],
          [
            -6705153.8076821165,
            6588168.305134399
          ],
          [
            -6705153.8076821165,
            6588280.934186503
          ],
          [
            -6705153.8076821165,
            6588393.563238608
          ],
          [
            -6705153.8076821165,
            6588506.192290712
          ],
          [
            -6705153.8076821165,
            6588618.821342817
          ],
          [
            -6705153.8076821165,
            6588731.45039492
          ],
          [
            -6705153.8076821165,
            6588844.0794470245
          ],
          [
            -6705153.8076821165,
            6588956.708499129
          ]
        ]
      },
      "properties": {
        "segment_id": "20_sub10",
        "zone_id": "20",
        "subzone_id": "20_sub10",
        "length_m": 2252.5810420857742,
        "slope": 0.1406697966764803,
        "drop_m": 316.8701171875,
        "downstream_id": "20_sub9",
        "upstream_ids": [
          "20_sub21"
        ]
      }
    },
    {
      "type": "Feature",
      "geometry": {
        "type": "LineString",
        "coordinates": [
          [
            -6705266.436734221,
            6588956.708499129
          ],
          [
            -6705153.8076821165,
            6588956.708499129
          ]
        ]
      },
      "properties": {
        "segment_id": "20_sub19",
        "zone_id": "20",
        "subzone_id": "20_sub19",
        "length_m": 112.62905210442841,
        "slope": 0.11511534359029044,
        "drop_m": 12.96533203125,
        "downstream_id": "20_sub9",
        "upstream_ids": []
      }
    },
    {
      "type": "Feature",
      "geometry": {
        "type": "LineString",
        "coordinates": [
          [
            -6691638.321429602,
            6594362.903000135
          ],
          [
            -6691750.950481706,
            6594362.903000135
          ],
          [
            -6691863.579533811,
            6594475.532052239
          ],
          [
            -6691976.208585914,
            6594588.161104344
          ],
          [
            -6691976.208585914,
            6594700.790156447
          ],
          [
            -6692088.837638019,
            6594700.790156447
          ],
          [
            -6692201.466690123,
            6594700.790156447
          ],
          [
            -6692314.0957422275,
            6594700.790156447
          ],
          [
            -6692426.724794332,
            6594813.419208552
          ],
          [
            -6692426.724794332,
            6594926.048260656
          ],
          [
            -6692539.353846436,
            6595038.677312761
          ],
          [
            -6692651.982898541,
            6595151.306364865
          ],
          [
            -6692764.611950644,
            6595263.9354169695
          ],
          [
            -6692877.241002749,
            6595376.564469074
          ],
          [
            -6692877.241002749,
            6595489.193521177
          ],
          [
            -6692989.870054853,
            6595489.193521177
          ],
          [
            -6693102.499106958,
            6595601.822573282
          ],
          [
            -6693215.128159062,
            6595489.193521177
          ],
          [
            -6693327.757211166,
            6595601.822573282
          ],
          [
            -6693440.38626327,
            6595714.451625386
          ],
          [
            -6693553.015315374,
            6595827.080677491
          ],
          [
            -6693665.644367479,
            6595939.709729595
          ],
          [
            -6693778.273419583,
            6595939.709729595
          ],
          [
            -6693890.902471688,
            6596052.3387817
          ],
          [
            -6694003.531523792,
            6596052.3387817
          ],
          [
            -6694116.1605758965,
            6596052.3387817
          ],
          [
            -6694228.789628,
            6595939.709729595
          ]
        ]
      },
      "properties": {
        "segment_id": "21_sub6",
        "zone_id": "21",
        "subzone_id": "21_sub6",
        "length_m": 3628.142568193845,
        "slope": 0.0009393796029070229,
        "drop_m": 3.408203125,
        "downstream_id": "21_sub4",
        "upstream_ids": [
          "21_sub7"
        ]
      }
    },
    {
      "type": "Feature",
      "geometry": {
        "type": "LineString",
        "coordinates": [
          [
            -6694003.531523792,
            6596164.967833804
          ],
          [
            -6694003.531523792,
            6596052.3387817
          ],
          [
            -6694116.1605758965,
            6596052.3387817
          ],
          [
            -6694228.789628,
            6595939.709729595
          ]
        ]
      },
      "properties": {
        "segment_id": "21_sub8",
        "zone_id": "21",
        "subzone_id": "21_sub8",
        "length_m": 384.53963721150694,
        "slope": -0.0011250262538268561,
        "drop_m": -0.4326171875,
        "downstream_id": "21_sub4",
        "upstream_ids": [
          "21_sub17"
        ]
      }
    },
    {
      "type": "Feature",
      "geometry": {
        "type": "LineString",
        "coordinates": [
          [
            -6691300.434273289,
            6593912.386791718
          ],
          [
            -6691413.063325393,
            6593912.386791718
          ],
          [
            -6691525.692377497,
            6593912.386791718
          ],
          [
            -6691638.321429602,
            6593912.386791718
          ],
          [
            -6691638.321429602,
            6594025.015843822
          ],
          [
            -6691750.950481706,
            6594137.644895926
          ],
          [
            -6691750.950481706,
            6594250.273948031
          ],
          [
            -6691750.950481706,
            6594362.903000135
          ],
          [
            -6691863.579533811,
            6594475.532052239
          ],
          [
            -6691976.208585914,
            6594588.161104344
          ],
          [
            -6691976.208585914,
            6594700.790156447
          ],
          [
            -6692088.837638019,
            6594700.790156447
          ],
          [
            -6692201.466690123,
            6594700.790156447
          ],
          [
            -6692314.0957422275,
            6594700.790156447
          ],
          [
            -6692426.724794332,
            6594813.419208552
          ],
          [
            -6692426.724794332,
            6594926.048260656
          ],
          [
            -6692539.353846436,
            6595038.677312761
          ],
          [
            -6692651.982898541,
            6595151.306364865
          ],
          [
            -6692764.611950644,
            6595263.9354169695
          ],
          [
            -6692877.241002749,
            6595376.564469074
          ],
          [
            -6692877.241002749,
            6595489.193521177
          ],
          [
            -6692989.870054853,
            6595489.193521177
          ],
          [
            -6693102.499106958,
            6595601.822573282
          ],
          [
            -6693215.128159062,
            6595489.193521177
          ],
          [
            -6693327.757211166,
            6595601.822573282
          ],
          [
            -6693440.38626327,
            6595714.451625386
          ],
          [
            -6693553.015315374,
            6595827.080677491
          ],
          [
            -6693665.644367479,
            6595939.709729595
          ],
          [
            -6693778.273419583,
            6595939.709729595
          ],
          [
            -6693890.902471688,
            6596052.3387817
          ],
          [
            -6694003.531523792,
            6596052.3387817
          ],
          [
            -6694116.1605758965,
            6596052.3387817
          ],
          [
            -6694228.789628,
            6595939.709729595
          ]
        ]
      },
      "properties": {
        "segment_id": "21_sub9",
        "zone_id": "21",
        "subzone_id": "21_sub9",
        "length_m": 4350.569361718364,
        "slope": 0.0007903509349272595,
        "drop_m": 3.4384765625,
        "downstream_id": "21_sub4",
        "upstream_ids": []
      }
    },
    {
      "type": "Feature",
      "geometry": {
        "type": "LineString",
        "coordinates": [
          [
            -6692651.982898541,
            6595263.9354169695
          ],
          [
            -6692764.611950644,
            6595263.9354169695
          ],
          [
            -6692877.241002749,
            6595376.564469074
          ],
          [
            -6692877.241002749,
            6595489.193521177
          ],
          [
            -6692989.870054853,
            6595489.193521177
          ],
          [
            -6693102.499106958,
            6595601.822573282
          ],
          [
            -6693215.128159062,
            6595489.193521177
          ],
          [
            -6693327.757211166,
            6595601.822573282
          ],
          [
            -6693440.38626327,
            6595714.451625386
          ],
          [
            -6693553.015315374,
            6595827.080677491
          ],
          [
            -6693665.644367479,
            6595939.709729595
          ],
          [
            -6693778.273419583,
            6595939.709729595
          ],
          [
            -6693890.902471688,
            6596052.3387817
          ],
          [
            -6694003.531523792,
            6596052.3387817
          ],
          [
            -6694116.1605758965,
            6596052.3387817
          ],
          [
            -6694228.789628,
            6595939.709729595
          ]
        ]
      },
      "properties": {
        "segment_id": "21_sub12",
        "zone_id": "21",
        "subzone_id": "21_sub12",
        "length_m": 2109.3081096531682,
        "slope": 2.5463770444058855e-05,
        "drop_m": 0.0537109375,
        "downstream_id": "21_sub4",
        "upstream_ids": []
      }
    },
    {
      "type": "Feature",
      "geometry": {
        "type": "LineString",
        "coordinates": [
          [
            -6693440.38626327,
            6595601.822573282
          ],
          [
            -6693440.38626327,
            6595714.451625386
          ],
          [
            -6693553.015315374,
            6595827.080677491
          ],
          [
            -6693665.644367479,
            6595939.709729595
          ],
          [
            -6693778.273419583,
            6595939.709729595
          ],
          [
            -6693890.902471688,
            6596052.3387817
          ],
          [
            -6694003.531523792,
            6596052.3387817
          ],
          [
            -6694116.1605758965,
            6596052.3387817
          ],
          [
            -6694228.789628,
            6595939.709729595
          ]
        ]
      },
      "properties": {
        "segment_id": "21_sub13",
        "zone_id": "21",
        "subzone_id": "21_sub13",
        "length_m": 1087.6423404302898,
        "slope": -6.105522700939406e-05,
        "drop_m": -0.06640625,
        "downstream_id": "21_sub4",
        "upstream_ids": []
      }
    },
    {
      "type": "Feature",
      "geometry": {
        "type": "LineString",
        "coordinates": [
          [
            -6713263.099433625,
            6591885.06385384
          ],
          [
            -6713263.099433625,
            6591997.692905945
          ],
          [
            -6713263.099433625,
            6592110.321958049
          ],
          [
            -6713263.099433625,
            6592222.951010154
          ],
          [
            -6713263.099433625,
            6592335.580062258
          ],
          [
            -6713263.099433625,
            6592448.209114362
          ],
          [
            -6713263.099433625,
            6592560.838166466
          ],
          [
            -6713263.099433625,
            6592673.46721857
          ],
          [
            -6713263.099433625,
            6592786.096270675
          ],
          [
            -6713263.099433625,
            6592898.725322779
          ],
          [
            -6713263.099433625,
            6593011.354374884
          ],
          [
            -6713150.470381521,
            6593123.983426988
          ],
          [
            -6713150.470381521,
            6593236.612479092
          ],
          [
            -6713037.841329416,
            6593349.241531196
          ],
          [
            -6712925.212277312,
            6593461.8705833005
          ],
          [
            -6712925.212277312,
            6593574.499635405
          ],
          [
            -6712925.212277312,
            6593687.128687509
          ],
          [
            -6712925.212277312,
            6593799.757739614
          ],
          [
            -6712925.212277312,
            6593912.386791718
          ],
          [
            -6712925.212277312,
            6594025.015843822
          ],
          [
            -6712925.212277312,
            6594137.644895926
          ],
          [
            -6712812.583225208,
            6594250.273948031
          ],
          [
            -6712925.212277312,
            6594362.903000135
          ],
          [
            -6712925.212277312,
            6594475.532052239
          ],
          [
            -6712925.212277312,
            6594588.161104344
          ],
          [
            -6712812.583225208,
            6594700.790156447
          ],
          [
            -6712812.583225208,
            6594813.419208552
          ],
          [
            -6712699.954173104,
            6594813.419208552
          ],
          [
            -6712587.3251209995,
            6594813.419208552
          ],
          [
            -6712587.3251209995,
            6594926.048260656
          ],
          [
            -6712474.696068895,
            6595038.677312761
          ],
          [
            -6712474.696068895,
            6595151.306364865
          ],
          [
            -6712474.696068895,
            6595263.9354169695
          ],
          [
            -6712474.696068895,
            6595376.564469074
          ],
          [
            -6712474.696068895,
            6595489.193521177
          ],
          [
            -6712362.067016791,
            6595601.822573282
          ],
          [
            -6712362.067016791,
            6595714.451625386
          ],
          [
            -6712249.437964686,
            6595827.080677491
          ],
          [
            -6712249.437964686,
            6595939.709729595
          ],
          [
            -6712136.808912582,
            6596052.3387817
          ],
          [
            -6712024.179860478,
            6596164.967833804
          ],
          [
            -6711911.550808374,
            6596164.967833804
          ],
          [
            -6711798.921756269,
            6596277.596885907
          ],
          [
            -6711686.292704165,
            6596390.225938012
          ],
          [
            -6711573.663652061,
            6596502.854990116
          ],
          [
            -6711461.034599956,
            6596502.854990116
          ]
        ]
      },
      "properties": {
        "segment_id": "11_sub1",
        "zone_id": "11",
        "subzone_id": "11_sub1",
        "length_m": 5721.442077275927,
        "slope": 0.03629848641216687,
        "drop_m": 207.6796875,
        "downstream_id": "10_sub3",
        "upstream_ids": [
          "11_sub2",
          "11_sub6",
          "11_sub28",
          "11_sub29"
        ]
      }
    },
    {
      "type": "Feature",
      "geometry": {
        "type": "LineString",
        "coordinates": [
          [
            -6711461.034599956,
            6596502.854990116
          ],
          [
            -6711348.405547852,
            6596502.854990116
          ],
          [
            -6711235.776495748,
            6596615.484042221
          ],
          [
            -6711123.147443644,
            6596728.113094325
          ],
          [
            -6711010.518391539,
            6596840.74214643
          ],
          [
            -6710897.889339435,
            6596953.371198533
          ],
          [
            -6710785.2602873305,
            6597066.0002506375
          ],
          [
            -6710785.2602873305,
            6597178.629302742
          ],
          [
            -6710785.2602873305,
            6597291.258354846
          ],
          [
            -6710785.2602873305,
            6597403.887406951
          ],
          [
            -6710785.2602873305,
            6597516.516459055
          ],
          [
            -6710672.631235226,
            6597629.14551116
          ],
          [
            -6710560.002183123,
            6597741.774563263
          ],
          [
            -6710560.002183123,
            6597854.403615368
          ],
          [
            -6710447.373131018,
            6597967.032667472
          ],
          [
            -6710334.744078914,
            6597967.032667472
          ],
          [
            -6710222.115026809,
            6598079.661719576
          ],
          [
            -6710109.485974705,
            6598192.290771681
          ],
          [
            -6709996.8569226,
            6598304.919823785
          ],
          [
            -6709884.227870496,
            6598304.919823785
          ],
          [
            -6709771.5988183925,
            6598417.54887589
          ],
          [
            -6709658.969766288,
            6598417.54887589
          ],
          [
            -6709546.340714184,
            6598530.177927993
          ],
          [
            -6709433.711662079,
            6598642.806980098
          ]
        ]
      },
      "properties": {
        "segment_id": "10_sub3",
        "zone_id": "10",
        "subzone_id": "10_sub3",
        "length_m": 3243.602930982225,
        "slope": 0.15928513009676437,
        "drop_m": 516.65771484375,
        "downstream_id": "10_sub2",
        "upstream_ids": [
          "10_sub5",
          "10_sub8",
          "10_sub10",
          "11_sub1"
        ]
      }
    },
    {
      "type": "Feature",
      "geometry": {
        "type": "LineString",
        "coordinates": [
          [
            -6708082.163036828,
            6588055.676082294
          ],
          [
            -6707969.5339847235,
            6588168.305134399
          ],
          [
            -6708082.163036828,
            6588280.934186503
          ],
          [
            -6708082.163036828,
            6588393.563238608
          ],
          [
            -6708082.163036828,
            6588506.192290712
          ],
          [
            -6708082.163036828,
            6588618.821342817
          ],
          [
            -6708082.163036828,
            6588731.45039492
          ],
          [
            -6708082.163036828,
            6588844.0794470245
          ],
          [
            -6708082.163036828,
            6588956.708499129
          ],
          [
            -6708082.163036828,
            6589069.337551233
          ],
          [
            -6707969.5339847235,
            6589181.966603338
          ],
          [
            -6707969.5339847235,
            6589294.595655442
          ],
          [
            -6707969.5339847235,
            6589407.224707547
          ],
          [
            -6707969.5339847235,
            6589519.85375965
          ],
          [
            -6707969.5339847235,
            6589632.482811755
          ],
          [
            -6707969.5339847235,
            6589745.111863859
          ],
          [
            -6707969.5339847235,
            6589857.740915963
          ],
          [
            -6708082.163036828,
            6589970.369968068
          ],
          [
            -6708194.792088932,
            6590082.999020172
          ],
          [
            -6708307.421141037,
            6590195.628072276
          ],
          [
            -6708420.05019314,
            6590195.628072276
          ],
          [
            -6708532.679245245,
            6590308.25712438
          ],
          [
            -6708645.308297349,
            6590308.25712438
          ],
          [
            -6708757.937349454,
            6590420.886176485
          ],
          [
            -6708870.566401558,
            6590533.515228589
          ],
          [
            -6708870.566401558,
            6590646.1442806935
          ],
          [
            -6708870.566401558,
            6590758.773332798
          ],
          [
            -6708870.566401558,
            6590871.402384902
          ],
          [
            -6708870.566401558,
            6590984.031437006
          ],
          [
            -6708870.566401558,
            6591096.66048911
          ],
          [
            -6708757.937349454,
            6591209.289541215
          ],
          [
            -6708757.937349454,
            6591321.918593319
          ],
          [
            -6708757.937349454,
            6591434.547645424
          ],
          [
            -6708757.937349454,
            6591547.176697528
          ],
          [
            -6708870.566401558,
            6591659.805749632
          ],
          [
            -6708870.566401558,
            6591772.434801736
          ],
          [
            -6708870.566401558,
            6591885.06385384
          ],
          [
            -6708983.195453662,
            6591997.692905945
          ],
          [
            -6708983.195453662,
            6592110.321958049
          ],
          [
            -6708983.195453662,
            6592222.951010154
          ],
          [
            -6708983.195453662,
            6592335.580062258
          ],
          [
            -6708983.195453662,
            6592448.209114362
          ],
          [
            -6708983.195453662,
            6592560.838166466
          ],
          [
            -6708983.195453662,
            6592673.46721857
          ],
          [
            -6708983.195453662,
            6592786.096270675
          ],
          [
            -6708983.195453662,
            6592898.725322779
          ],
          [
            -6709095.824505767,
            6593011.354374884
          ],
          [
            -6709095.824505767,
            6593123.983426988
          ],
          [
            -6709095.824505767,
            6593236.612479092
          ],
          [
            -6709208.45355787,
            6593349.241531196
          ],
          [
            -6709321.082609975,
            6593461.8705833005
          ],
          [
            -6709321.082609975,
            6593574.499635405
          ],
          [
            -6709321.082609975,
            6593687.128687509
          ],
          [
            -6709321.082609975,
            6593799.757739614
          ],
          [
            -6709208.45355787,
            6593912.386791718
          ],
          [
            -6709095.824505767,
            6594025.015843822
          ],
          [
            -6708983.195453662,
            6594137.644895926
          ],
          [
            -6708870.566401558,
            6594250.273948031
          ],
          [
            -6708870.566401558,
            6594362.903000135
          ],
          [
            -6708870.566401558,
            6594475.532052239
          ],
          [
            -6708870.566401558,
            6594588.161104344
          ],
          [
            -6708870.566401558,
            6594700.790156447
          ],
          [
            -6708870.566401558,
            6594813.419208552
          ],
          [
            -6708870.566401558,
            6594926.048260656
          ],
          [
            -6708870.566401558,
            6595038.677312761
          ]
        ]
      },
      "properties": {
        "segment_id": "10_sub7",
        "zone_id": "10",
        "subzone_id": "10_sub7",
        "length_m": 8094.65647175206,
        "slope": 0.07455258183821104,
        "drop_m": 603.4775390625,
        "downstream_id": "10_sub4",
        "upstream_ids": []
      }
    },
    {
      "type": "Feature",
      "geometry": {
        "type": "LineString",
        "coordinates": [
          [
            -6709095.824505767,
            6592448.209114362
          ],
          [
            -6708983.195453662,
            6592560.838166466
          ],
          [
            -6708983.195453662,
            6592673.46721857
          ],
          [
            -6708983.195453662,
            6592786.096270675
          ],
          [
            -6708983.195453662,
            6592898.725322779
          ],
          [
            -6709095.824505767,
            6593011.354374884
          ],
          [
            -6709095.824505767,
            6593123.983426988
          ],
          [
            -6709095.824505767,
            6593236.612479092
          ],
          [
            -6709208.45355787,
            6593349.241531196
          ],
          [
            -6709321.082609975,
            6593461.8705833005
          ],
          [
            -6709321.082609975,
            6593574.499635405
          ],
          [
            -6709321.082609975,
            6593687.128687509
          ],
          [
            -6709321.082609975,
            6593799.757739614
          ],
          [
            -6709208.45355787,
            6593912.386791718
          ],
          [
            -6709095.824505767,
            6594025.015843822
          ],
          [
            -6708983.195453662,
            6594137.644895926
          ],
          [
            -6708870.566401558,
            6594250.273948031
          ],
          [
            -6708870.566401558,
            6594362.903000135
          ],
          [
            -6708870.566401558,
            6594475.532052239
          ],
          [
            -6708870.566401558,
            6594588.161104344
          ],
          [
            -6708870.566401558,
            6594700.790156447
          ],
          [
            -6708870.566401558,
            6594813.419208552
          ],
          [
            -6708870.566401558,
            6594926.048260656
          ],
          [
            -6708870.566401558,
            6595038.677312761
          ]
        ]
      },
      "properties": {
        "segment_id": "10_sub11",
        "zone_id": "10",
        "subzone_id": "10_sub11",
        "length_m": 2963.688045589057,
        "slope": 0.08041771068558243,
        "drop_m": 238.3330078125,
        "downstream_id": "10_sub4",
        "upstream_ids": []
      }
    },
    {
      "type": "Feature",
      "geometry": {
        "type": "LineString",
        "coordinates": [
          [
            -6705153.8076821165,
            6588956.708499129
          ],
          [
            -6705041.178630012,
            6589069.337551233
          ],
          [
            -6705041.178630012,
            6589181.966603338
          ],
          [
            -6704928.549577908,
            6589294.595655442
          ],
          [
            -6704928.549577908,
            6589407.224707547
          ],
          [
            -6704815.920525803,
            6589519.85375965
          ],
          [
            -6704703.291473699,
            6589632.482811755
          ],
          [
            -6704703.291473699,
            6589745.111863859
          ],
          [
            -6704590.662421595,
            6589857.740915963
          ],
          [
            -6704590.662421595,
            6589970.369968068
          ],
          [
            -6704478.033369491,
            6590082.999020172
          ],
          [
            -6704478.033369491,
            6590195.628072276
          ],
          [
            -6704478.033369491,
            6590308.25712438
          ],
          [
            -6704478.033369491,
            6590420.886176485
          ],
          [
            -6704365.404317386,
            6590533.515228589
          ],
          [
            -6704365.404317386,
            6590646.1442806935
          ],
          [
            -6704365.404317386,
            6590758.773332798
          ],
          [
            -6704365.404317386,
            6590871.402384902
          ],
          [
            -6704365.404317386,
            6590984.031437006
          ]
        ]
      },
      "properties": {
        "segment_id": "20_sub9",
        "zone_id": "20",
        "subzone_id": "20_sub9",
        "length_m": 2353.8903041686935,
        "slope": 0.09629193175647924,
        "drop_m": 226.66064453125,
        "downstream_id": "20_sub6",
        "upstream_ids": [
          "20_sub10",
          "20_sub19"
        ]
      }
    },
    {
      "type": "Feature",
      "geometry": {
        "type": "LineString",
        "coordinates": [
          [
            -6694228.789628,
            6595939.709729595
          ],
          [
            -6694341.418680104,
            6595939.709729595
          ],
          [
            -6694454.047732209,
            6595939.709729595
          ],
          [
            -6694566.676784313,
            6595939.709729595
          ],
          [
            -6694679.305836418,
            6595939.709729595
          ],
          [
            -6694791.934888522,
            6595939.709729595
          ],
          [
            -6694904.563940627,
            6596052.3387817
          ],
          [
            -6695017.19299273,
            6596052.3387817
          ],
          [
            -6695129.8220448345,
            6596164.967833804
          ],
          [
            -6695242.451096939,
            6596164.967833804
          ],
          [
            -6695355.080149043,
            6596164.967833804
          ],
          [
            -6695467.709201148,
            6596277.596885907
          ],
          [
            -6695580.338253252,
            6596390.225938012
          ],
          [
            -6695692.967305356,
            6596502.854990116
          ],
          [
            -6695805.59635746,
            6596615.484042221
          ],
          [
            -6695918.225409565,
            6596728.113094325
          ],
          [
            -6696030.854461669,
            6596840.74214643
          ],
          [
            -6696143.483513773,
            6596840.74214643
          ],
          [
            -6696256.112565878,
            6596840.74214643
          ],
          [
            -6696368.741617982,
            6596953.371198533
          ],
          [
            -6696481.370670086,
            6596953.371198533
          ]
        ]
      },
      "properties": {
        "segment_id": "21_sub4",
        "zone_id": "21",
        "subzone_id": "21_sub4",
        "length_m": 2672.453370174652,
        "slope": 0.00042680819531959024,
        "drop_m": 1.140625,
        "downstream_id": "21_sub3",
        "upstream_ids": [
          "21_sub6",
          "21_sub8",
          "21_sub9",
          "21_sub12",
          "21_sub13"
        ]
      }
    },
    {
      "type": "Feature",
      "geometry": {
        "type": "LineString",
        "coordinates": [
          [
            -6694791.934888522,
            6601120.646126392
          ],
          [
            -6694791.934888522,
            6601008.017074288
          ],
          [
            -6694904.563940627,
            6600895.388022183
          ],
          [
            -6695017.19299273,
            6600782.758970079
          ],
          [
            -6695129.8220448345,
            6600782.758970079
          ],
          [
            -6695242.451096939,
            6600782.758970079
          ],
          [
            -6695355.080149043,
            6600670.129917975
          ],
          [
            -6695355.080149043,
            6600557.500865871
          ],
          [
            -6695467.709201148,
            6600444.871813767
          ],
          [
            -6695580.338253252,
            6600444.871813767
          ],
          [
            -6695692.967305356,
            6600332.242761662
          ],
          [
            -6695805.59635746,
            6600219.613709558
          ],
          [
            -6695918.225409565,
            6600106.984657453
          ],
          [
            -6696030.854461669,
            6599994.355605349
          ],
          [
            -6696143.483513773,
            6599994.355605349
          ],
          [
            -6696256.112565878,
            6599881.726553245
          ],
          [
            -6696368.741617982,
            6599881.726553245
          ],
          [
            -6696481.370670086,
            6599769.097501141
          ],
          [
            -6696593.99972219,
            6599656.468449037
          ],
          [
            -6696706.628774295,
            6599543.839396932
          ],
          [
            -6696819.257826399,
            6599431.210344828
          ],
          [
            -6696931.8868785035,
            6599431.210344828
          ],
          [
            -6697044.515930608,
            6599318.581292723
          ],
          [
            -6697157.144982711,
            6599205.952240619
          ],
          [
            -6697157.144982711,
            6599093.323188515
          ],
          [
            -6697269.774034816,
            6598980.694136411
          ],
          [
            -6697269.774034816,
            6598868.0650843065
          ],
          [
            -6697269.774034816,
            6598755.436032202
          ],
          [
            -6697382.40308692,
            6598642.806980098
          ],
          [
            -6697382.40308692,
            6598530.177927993
          ],
          [
            -6697382.40308692,
            6598417.54887589
          ],
          [
            -6697382.40308692,
            6598304.919823785
          ],
          [
            -6697382.40308692,
            6598192.290771681
          ],
          [
            -6697382.40308692,
            6598079.661719576
          ]
        ]
      },
      "properties": {
        "segment_id": "21_sub10",
        "zone_id": "21",
        "subzone_id": "21_sub10",
        "length_m": 4509.850894721014,
        "slope": 0.09361007499447849,
        "drop_m": 422.16748046875,
        "downstream_id": "21_sub5",
        "upstream_ids": []
      }
    },
    {
      "type": "Feature",
      "geometry": {
        "type": "LineString",
        "coordinates": [
          [
            -6698396.064555859,
            6598868.0650843065
          ],
          [
            -6698283.435503755,
            6598755.436032202
          ],
          [
            -6698396.064555859,
            6598642.806980098
          ],
          [
            -6698396.064555859,
            6598530.177927993
          ],
          [
            -6698508.693607964,
            6598417.54887589
          ],
          [
            -6698621.322660068,
            6598304.919823785
          ]
        ]
      },
      "properties": {
        "segment_id": "21_sub14",
        "zone_id": "21",
        "subzone_id": "21_sub14",
        "length_m": 749.7551841170045,
        "slope": 0.20647104235406252,
        "drop_m": 154.802734375,
        "downstream_id": "21_sub11",
        "upstream_ids": []
      }
    },
    {
      "type": "Feature",
      "geometry": {
        "type": "LineString",
        "coordinates": [
          [
            -6709433.711662079,
            6598642.806980098
          ],
          [
            -6709321.082609975,
            6598755.436032202
          ],
          [
            -6709208.45355787,
            6598868.0650843065
          ],
          [
            -6709208.45355787,
            6598980.694136411
          ],
          [
            -6709095.824505767,
            6599093.323188515
          ],
          [
            -6709095.824505767,
            6599205.952240619
          ],
          [
            -6709095.824505767,
            6599318.581292723
          ],
          [
            -6709095.824505767,
            6599431.210344828
          ],
          [
            -6708983.195453662,
            6599543.839396932
          ]
        ]
      },
      "properties": {
        "segment_id": "10_sub2",
        "zone_id": "10",
        "subzone_id": "10_sub2",
        "length_m": 1087.6423404293585,
        "slope": 0.07733677052379627,
        "drop_m": 84.11474609375,
        "downstream_id": "10_sub1",
        "upstream_ids": [
          "10_sub3"
        ]
      }
    },
    {
      "type": "Feature",
      "geometry": {
        "type": "LineString",
        "coordinates": [
          [
            -6708870.566401558,
            6595038.677312761
          ],
          [
            -6708870.566401558,
            6595151.306364865
          ],
          [
            -6708870.566401558,
            6595263.9354169695
          ],
          [
            -6708870.566401558,
            6595376.564469074
          ],
          [
            -6708870.566401558,
            6595489.193521177
          ],
          [
            -6708870.566401558,
            6595601.822573282
          ],
          [
            -6708983.195453662,
            6595714.451625386
          ],
          [
            -6708983.195453662,
            6595827.080677491
          ],
          [
            -6708983.195453662,
            6595939.709729595
          ],
          [
            -6708983.195453662,
            6596052.3387817
          ],
          [
            -6709095.824505767,
            6596164.967833804
          ],
          [
            -6709095.824505767,
            6596277.596885907
          ],
          [
            -6709095.824505767,
            6596390.225938012
          ],
          [
            -6709095.824505767,
            6596502.854990116
          ],
          [
            -6709208.45355787,
            6596615.484042221
          ],
          [
            -6709208.45355787,
            6596728.113094325
          ],
          [
            -6709321.082609975,
            6596840.74214643
          ],
          [
            -6709321.082609975,
            6596953.371198533
          ],
          [
            -6709321.082609975,
            6597066.0002506375
          ],
          [
            -6709321.082609975,
            6597178.629302742
          ],
          [
            -6709321.082609975,
            6597291.258354846
          ],
          [
            -6709321.082609975,
            6597403.887406951
          ],
          [
            -6709321.082609975,
            6597516.516459055
          ],
          [
            -6709321.082609975,
            6597629.14551116
          ],
          [
            -6709321.082609975,
            6597741.774563263
          ],
          [
            -6709321.082609975,
            6597854.403615368
          ],
          [
            -6709321.082609975,
            6597967.032667472
          ],
          [
            -6709321.082609975,
            6598079.661719576
          ],
          [
            -6709321.082609975,
            6598192.290771681
          ],
          [
            -6709321.082609975,
            6598304.919823785
          ],
          [
            -6709321.082609975,
            6598417.54887589
          ],
          [
            -6709321.082609975,
            6598530.177927993
          ],
          [
            -6709321.082609975,
            6598642.806980098
          ],
          [
            -6709321.082609975,
            6598755.436032202
          ],
          [
            -6709208.45355787,
            6598868.0650843065
          ],
          [
            -6709208.45355787,
            6598980.694136411
          ],
          [
            -6709095.824505767,
            6599093.323188515
          ],
          [
            -6709095.824505767,
            6599205.952240619
          ],
          [
            -6709095.824505767,
            6599318.581292723
          ],
          [
            -6709095.824505767,
            6599431.210344828
          ],
          [
            -6708983.195453662,
            6599543.839396932
          ]
        ]
      },
      "properties": {
        "segment_id": "10_sub4",
        "zone_id": "10",
        "subzone_id": "10_sub4",
        "length_m": 4831.729450462392,
        "slope": 0.13257355919446173,
        "drop_m": 640.5595703125,
        "downstream_id": "10_sub1",
        "upstream_ids": [
          "10_sub7",
          "10_sub11"
        ]
      }
    },
    {
      "type": "Feature",
      "geometry": {
        "type": "LineString",
        "coordinates": [
          [
            -6709321.082609975,
            6598868.0650843065
          ],
          [
            -6709208.45355787,
            6598980.694136411
          ],
          [
            -6709095.824505767,
            6599093.323188515
          ],
          [
            -6709095.824505767,
            6599205.952240619
          ],
          [
            -6709095.824505767,
            6599318.581292723
          ],
          [
            -6709095.824505767,
            6599431.210344828
          ],
          [
            -6708983.195453662,
            6599543.839396932
          ]
        ]
      },
      "properties": {
        "segment_id": "10_sub9",
        "zone_id": "10",
        "subzone_id": "10_sub9",
        "length_m": 815.7317553216212,
        "slope": 0.06006577318352842,
        "drop_m": 48.99755859375,
        "downstream_id": "10_sub1",
        "upstream_ids": []
      }
    },
    {
      "type": "Feature",
      "geometry": {
        "type": "LineString",
        "coordinates": [
          [
            -6704365.404317386,
            6590984.031437006
          ],
          [
            -6704252.775265282,
            6591096.66048911
          ],
          [
            -6704252.775265282,
            6591209.289541215
          ],
          [
            -6704252.775265282,
            6591321.918593319
          ],
          [
            -6704252.775265282,
            6591434.547645424
          ],
          [
            -6704252.775265282,
            6591547.176697528
          ],
          [
            -6704140.146213178,
            6591659.805749632
          ],
          [
            -6704027.517161073,
            6591772.434801736
          ],
          [
            -6704027.517161073,
            6591885.06385384
          ],
          [
            -6704027.517161073,
            6591997.692905945
          ],
          [
            -6704027.517161073,
            6592110.321958049
          ],
          [
            -6704027.517161073,
            6592222.951010154
          ],
          [
            -6704027.517161073,
            6592335.580062258
          ],
          [
            -6704027.517161073,
            6592448.209114362
          ]
        ]
      },
      "properties": {
        "segment_id": "20_sub6",
        "zone_id": "20",
        "subzone_id": "20_sub6",
        "length_m": 1604.13512005262,
        "slope": 0.04210584020443015,
        "drop_m": 67.54345703125,
        "downstream_id": "20_sub5",
        "upstream_ids": [
          "20_sub9"
        ]
      }
    },
    {
      "type": "Feature",
      "geometry": {
        "type": "LineString",
        "coordinates": [
          [
            -6713826.244694146,
            6601571.162334809
          ],
          [
            -6713713.615642042,
            6601571.162334809
          ],
          [
            -6713600.9865899375,
            6601683.7913869135
          ],
          [
            -6713488.357537834,
            6601796.420439018
          ],
          [
            -6713375.72848573,
            6601909.049491122
          ],
          [
            -6713263.099433625,
            6602021.678543227
          ],
          [
            -6713150.470381521,
            6602134.307595331
          ],
          [
            -6713037.841329416,
            6602246.936647435
          ],
          [
            -6712925.212277312,
            6602359.565699539
          ],
          [
            -6712812.583225208,
            6602472.194751644
          ],
          [
            -6712699.954173104,
            6602584.823803748
          ],
          [
            -6712587.3251209995,
            6602584.823803748
          ],
          [
            -6712474.696068895,
            6602697.452855852
          ],
          [
            -6712362.067016791,
            6602810.081907957
          ],
          [
            -6712249.437964686,
            6602810.081907957
          ],
          [
            -6712136.808912582,
            6602922.71096006
          ],
          [
            -6712024.179860478,
            6602922.71096006
          ],
          [
            -6711911.550808374,
            6602922.71096006
          ],
          [
            -6711798.921756269,
            6602922.71096006
          ],
          [
            -6711686.292704165,
            6602922.71096006
          ],
          [
            -6711573.663652061,
            6603035.340012165
          ],
          [
            -6711461.034599956,
            6603035.340012165
          ],
          [
            -6711348.405547852,
            6603035.340012165
          ],
          [
            -6711235.776495748,
            6603035.340012165
          ],
          [
            -6711123.147443644,
            6603035.340012165
          ],
          [
            -6711010.518391539,
            6603147.969064269
          ],
          [
            -6710897.889339435,
            6603260.598116374
          ],
          [
            -6710785.2602873305,
            6603260.598116374
          ],
          [
            -6710672.631235226,
            6603147.969064269
          ],
          [
            -6710560.002183123,
            6603035.340012165
          ],
          [
            -6710447.373131018,
            6602922.71096006
          ],
          [
            -6710334.744078914,
            6602810.081907957
          ],
          [
            -6710222.115026809,
            6602810.081907957
          ],
          [
            -6710109.485974705,
            6602810.081907957
          ],
          [
            -6709996.8569226,
            6602922.71096006
          ],
          [
            -6709884.227870496,
            6603035.340012165
          ],
          [
            -6709771.5988183925,
            6603147.969064269
          ],
          [
            -6709658.969766288,
            6603147.969064269
          ],
          [
            -6709546.340714184,
            6603035.340012165
          ]
        ]
      },
      "properties": {
        "segment_id": "20_sub13",
        "zone_id": "20",
        "subzone_id": "20_sub13",
        "length_m": 5352.911040635393,
        "slope": 0.09922116513437436,
        "drop_m": 531.1220703125,
        "downstream_id": "20_sub8",
        "upstream_ids": []
      }
    },
    {
      "type": "Feature",
      "geometry": {
        "type": "LineString",
        "coordinates": [
          [
            -6712024.179860478,
            6603035.340012165
          ],
          [
            -6711911.550808374,
            6602922.71096006
          ],
          [
            -6711798.921756269,
            6602922.71096006
          ],
          [
            -6711686.292704165,
            6602922.71096006
          ],
          [
            -6711573.663652061,
            6603035.340012165
          ],
          [
            -6711461.034599956,
            6603035.340012165
          ],
          [
            -6711348.405547852,
            6603035.340012165
          ],
          [
            -6711235.776495748,
            6603035.340012165
          ],
          [
            -6711123.147443644,
            6603035.340012165
          ],
          [
            -6711010.518391539,
            6603147.969064269
          ],
          [
            -6710897.889339435,
            6603260.598116374
          ],
          [
            -6710785.2602873305,
            6603260.598116374
          ],
          [
            -6710672.631235226,
            6603147.969064269
          ],
          [
            -6710560.002183123,
            6603035.340012165
          ],
          [
            -6710447.373131018,
            6602922.71096006
          ],
          [
            -6710334.744078914,
            6602810.081907957
          ],
          [
            -6710222.115026809,
            6602810.081907957
          ],
          [
            -6710109.485974705,
            6602810.081907957
          ],
          [
            -6709996.8569226,
            6602922.71096006
          ],
          [
            -6709884.227870496,
            6603035.340012165
          ],
          [
            -6709771.5988183925,
            6603147.969064269
          ],
          [
            -6709658.969766288,
            6603147.969064269
          ],
          [
            -6709546.340714184,
            6603035.340012165
          ]
        ]
      },
      "properties": {
        "segment_id": "20_sub17",
        "zone_id": "20",
        "subzone_id": "20_sub17",
        "length_m": 3037.668917080422,
        "slope": 0.0855885724187587,
        "drop_m": 259.98974609375,
        "downstream_id": "20_sub8",
        "upstream_ids": []
      }
    },
    {
      "type": "Feature",
      "geometry": {
        "type": "LineString",
        "coordinates": [
          [
            -6700310.758441632,
            6589407.224707547
          ],
          [
            -6700423.387493736,
            6589407.224707547
          ],
          [
            -6700536.016545841,
            6589407.224707547
          ],
          [
            -6700648.645597945,
            6589519.85375965
          ],
          [
            -6700761.274650049,
            6589632.482811755
          ],
          [
            -6700873.903702154,
            6589632.482811755
          ]
        ]
      },
      "properties": {
        "segment_id": "20_sub18",
        "zone_id": "20",
        "subzone_id": "20_sub18",
        "length_m": 656.450222319244,
        "slope": 0.020381430421305198,
        "drop_m": 13.37939453125,
        "downstream_id": "20_sub12",
        "upstream_ids": []
      }
    },
    {
      "type": "Feature",
      "geometry": {
        "type": "LineString",
        "coordinates": [
          [
            -6725764.924217201,
            6624434.85991198
          ],
          [
            -6725652.295165096,
            6624322.230859876
          ],
          [
            -6725539.666112992,
            6624209.601807771
          ],
          [
            -6725427.0370608885,
            6624096.972755667
          ],
          [
            -6725314.408008784,
            6624096.972755667
          ],
          [
            -6725314.408008784,
            6623984.343703562
          ],
          [
            -6725201.77895668,
            6623871.714651459
          ],
          [
            -6725089.149904575,
            6623759.0855993545
          ],
          [
            -6724976.520852471,
            6623646.45654725
          ],
          [
            -6724863.891800366,
            6623646.45654725
          ],
          [
            -6724751.262748263,
            6623533.827495146
          ],
          [
            -6724638.633696158,
            6623421.198443041
          ],
          [
            -6724526.004644054,
            6623308.569390937
          ],
          [
            -6724413.37559195,
            6623195.940338832
          ],
          [
            -6724300.746539845,
            6623195.940338832
          ],
          [
            -6724188.117487741,
            6623195.940338832
          ],
          [
            -6724075.488435636,
            6623083.311286729
          ],
          [
            -6724075.488435636,
            6622970.682234624
          ],
          [
            -6724075.488435636,
            6622858.05318252
          ],
          [
            -6723962.859383533,
            6622745.424130416
          ]
        ]
      },
      "properties": {
        "segment_id": "31_sub10",
        "zone_id": "31",
        "subzone_id": "31_sub10",
        "length_m": 2699.7817607674097,
        "slope": 0.08984432079606412,
        "drop_m": 242.56005859375,
        "downstream_id": "31_sub9",
        "upstream_ids": []
      }
    },
    {
      "type": "Feature",
      "geometry": {
        "type": "LineString",
        "coordinates": [
          [
            -6696481.370670086,
            6596953.371198533
          ],
          [
            -6696593.99972219,
            6596953.371198533
          ],
          [
            -6696706.628774295,
            6597066.0002506375
          ],
          [
            -6696819.257826399,
            6597178.629302742
          ],
          [
            -6696931.8868785035,
            6597291.258354846
          ],
          [
            -6696931.8868785035,
            6597403.887406951
          ],
          [
            -6697044.515930608,
            6597516.516459055
          ],
          [
            -6697044.515930608,
            6597629.14551116
          ],
          [
            -6697157.144982711,
            6597741.774563263
          ],
          [
            -6697269.774034816,
            6597854.403615368
          ],
          [
            -6697382.40308692,
            6597967.032667472
          ],
          [
            -6697495.032139025,
            6597967.032667472
          ],
          [
            -6697607.661191129,
            6597967.032667472
          ],
          [
            -6697720.290243234,
            6597967.032667472
          ],
          [
            -6697832.919295338,
            6597967.032667472
          ],
          [
            -6697945.5483474415,
            6597967.032667472
          ],
          [
            -6698058.177399546,
            6598079.661719576
          ],
          [
            -6698170.80645165,
            6598079.661719576
          ],
          [
            -6698283.435503755,
            6598079.661719576
          ],
          [
            -6698396.064555859,
            6598079.661719576
          ],
          [
            -6698508.693607964,
            6598079.661719576
          ],
          [
            -6698621.322660068,
            6598192.290771681
          ],
          [
            -6698733.951712172,
            6598192.290771681
          ],
          [
            -6698846.580764276,
            6598192.290771681
          ],
          [
            -6698959.20981638,
            6598192.290771681
          ],
          [
            -6699071.838868485,
            6598192.290771681
          ],
          [
            -6699184.467920589,
            6598079.661719576
          ],
          [
            -6699297.096972694,
            6598079.661719576
          ],
          [
            -6699409.726024797,
            6597967.032667472
          ],
          [
            -6699522.355076902,
            6597967.032667472
          ],
          [
            -6699634.984129006,
            6597967.032667472
          ],
          [
            -6699747.6131811105,
            6597967.032667472
          ],
          [
            -6699860.242233215,
            6598079.661719576
          ],
          [
            -6699972.871285319,
            6598079.661719576
          ],
          [
            -6700085.500337424,
            6598079.661719576
          ],
          [
            -6700198.129389527,
            6598079.661719576
          ],
          [
            -6700310.758441632,
            6598079.661719576
          ],
          [
            -6700423.387493736,
            6598079.661719576
          ],
          [
            -6700536.016545841,
            6598079.661719576
          ],
          [
            -6700648.645597945,
            6598192.290771681
          ],
          [
            -6700761.274650049,
            6598079.661719576
          ],
          [
            -6700873.903702154,
            6598079.661719576
          ],
          [
            -6700986.532754257,
            6598079.661719576
          ]
        ]
      },
      "properties": {
        "segment_id": "21_sub3",
        "zone_id": "21",
        "subzone_id": "21_sub3",
        "length_m": 5383.554920964617,
        "slope": 0.03613525554553892,
        "drop_m": 194.5361328125,
        "downstream_id": "21_sub2",
        "upstream_ids": [
          "21_sub4"
        ]
      }
    },
    {
      "type": "Feature",
      "geometry": {
        "type": "LineString",
        "coordinates": [
          [
            -6697382.40308692,
            6598079.661719576
          ],
          [
            -6697495.032139025,
            6597967.032667472
          ],
          [
            -6697607.661191129,
            6597967.032667472
          ],
          [
            -6697720.290243234,
            6597967.032667472
          ],
          [
            -6697832.919295338,
            6597967.032667472
          ],
          [
            -6697945.5483474415,
            6597967.032667472
          ],
          [
            -6698058.177399546,
            6598079.661719576
          ],
          [
            -6698170.80645165,
            6598079.661719576
          ],
          [
            -6698283.435503755,
            6598079.661719576
          ],
          [
            -6698396.064555859,
            6598079.661719576
          ],
          [
            -6698508.693607964,
            6598079.661719576
          ],
          [
            -6698621.322660068,
            6598192.290771681
          ],
          [
            -6698733.951712172,
            6598192.290771681
          ],
          [
            -6698846.580764276,
            6598192.290771681
          ],
          [
            -6698959.20981638,
            6598192.290771681
          ],
          [
            -6699071.838868485,
            6598192.290771681
          ],
          [
            -6699184.467920589,
            6598079.661719576
          ],
          [
            -6699297.096972694,
            6598079.661719576
          ],
          [
            -6699409.726024797,
            6597967.032667472
          ],
          [
            -6699522.355076902,
            6597967.032667472
          ],
          [
            -6699634.984129006,
            6597967.032667472
          ],
          [
            -6699747.6131811105,
            6597967.032667472
          ],
          [
            -6699860.242233215,
            6598079.661719576
          ],
          [
            -6699972.871285319,
            6598079.661719576
          ],
          [
            -6700085.500337424,
            6598079.661719576
          ],
          [
            -6700198.129389527,
            6598079.661719576
          ],
          [
            -6700310.758441632,
            6598079.661719576
          ],
          [
            -6700423.387493736,
            6598079.661719576
          ],
          [
            -6700536.016545841,
            6598079.661719576
          ],
          [
            -6700648.645597945,
            6598192.290771681
          ],
          [
            -6700761.274650049,
            6598079.661719576
          ],
          [
            -6700873.903702154,
            6598079.661719576
          ],
          [
            -6700986.532754257,
            6598079.661719576
          ]
        ]
      },
      "properties": {
        "segment_id": "21_sub5",
        "zone_id": "21",
        "subzone_id": "21_sub5",
        "length_m": 3977.349514528367,
        "slope": 0.049167209234926616,
        "drop_m": 195.55517578125,
        "downstream_id": "21_sub2",
        "upstream_ids": [
          "21_sub10"
        ]
      }
    },
    {
      "type": "Feature",
      "geometry": {
        "type": "LineString",
        "coordinates": [
          [
            -6698621.322660068,
            6598304.919823785
          ],
          [
            -6698621.322660068,
            6598192.290771681
          ],
          [
            -6698733.951712172,
            6598192.290771681
          ],
          [
            -6698846.580764276,
            6598192.290771681
          ],
          [
            -6698959.20981638,
            6598192.290771681
          ],
          [
            -6699071.838868485,
            6598192.290771681
          ],
          [
            -6699184.467920589,
            6598079.661719576
          ],
          [
            -6699297.096972694,
            6598079.661719576
          ],
          [
            -6699409.726024797,
            6597967.032667472
          ],
          [
            -6699522.355076902,
            6597967.032667472
          ],
          [
            -6699634.984129006,
            6597967.032667472
          ],
          [
            -6699747.6131811105,
            6597967.032667472
          ],
          [
            -6699860.242233215,
            6598079.661719576
          ],
          [
            -6699972.871285319,
            6598079.661719576
          ],
          [
            -6700085.500337424,
            6598079.661719576
          ],
          [
            -6700198.129389527,
            6598079.661719576
          ],
          [
            -6700310.758441632,
            6598079.661719576
          ],
          [
            -6700423.387493736,
            6598079.661719576
          ],
          [
            -6700536.016545841,
            6598079.661719576
          ],
          [
            -6700648.645597945,
            6598192.290771681
          ],
          [
            -6700761.274650049,
            6598079.661719576
          ],
          [
            -6700873.903702154,
            6598079.661719576
          ],
          [
            -6700986.532754257,
            6598079.661719576
          ]
        ]
      },
      "properties": {
        "segment_id": "21_sub11",
        "zone_id": "21",
        "subzone_id": "21_sub11",
        "length_m": 2711.1015507883735,
        "slope": 0.05152588050072428,
        "drop_m": 139.69189453125,
        "downstream_id": "21_sub2",
        "upstream_ids": [
          "21_sub14"
        ]
      }
    },
    {
      "type": "Feature",
      "geometry": {
        "type": "LineString",
        "coordinates": [
          [
            -6708983.195453662,
            6599543.839396932
          ],
          [
            -6708983.195453662,
            6599656.468449037
          ],
          [
            -6708870.566401558,
            6599769.097501141
          ],
          [
            -6708757.937349454,
            6599881.726553245
          ],
          [
            -6708645.308297349,
            6599881.726553245
          ],
          [
            -6708645.308297349,
            6599994.355605349
          ],
          [
            -6708532.679245245,
            6600106.984657453
          ],
          [
            -6708645.308297349,
            6600219.613709558
          ]
        ]
      },
      "properties": {
        "segment_id": "10_sub1",
        "zone_id": "10",
        "subzone_id": "10_sub1",
        "length_m": 975.0132883255885,
        "slope": 0.010084998768977229,
        "drop_m": 9.8330078125,
        "downstream_id": "20_sub3",
        "upstream_ids": [
          "10_sub2",
          "10_sub4",
          "10_sub9"
        ]
      }
    },
    {
      "type": "Feature",
      "geometry": {
        "type": "LineString",
        "coordinates": [
          [
            -6704027.517161073,
            6592448.209114362
          ],
          [
            -6704027.517161073,
            6592560.838166466
          ],
          [
            -6704027.517161073,
            6592673.46721857
          ],
          [
            -6704027.517161073,
            6592786.096270675
          ],
          [
            -6704140.146213178,
            6592898.725322779
          ],
          [
            -6704140.146213178,
            6593011.354374884
          ],
          [
            -6704140.146213178,
            6593123.983426988
          ],
          [
            -6704252.775265282,
            6593236.612479092
          ],
          [
            -6704365.404317386,
            6593349.241531196
          ],
          [
            -6704365.404317386,
            6593461.8705833005
          ],
          [
            -6704478.033369491,
            6593574.499635405
          ],
          [
            -6704590.662421595,
            6593687.128687509
          ],
          [
            -6704703.291473699,
            6593799.757739614
          ],
          [
            -6704703.291473699,
            6593912.386791718
          ],
          [
            -6704703.291473699,
            6594025.015843822
          ],
          [
            -6704703.291473699,
            6594137.644895926
          ],
          [
            -6704703.291473699,
            6594250.273948031
          ],
          [
            -6704703.291473699,
            6594362.903000135
          ],
          [
            -6704703.291473699,
            6594475.532052239
          ],
          [
            -6704703.291473699,
            6594588.161104344
          ],
          [
            -6704703.291473699,
            6594700.790156447
          ],
          [
            -6704703.291473699,
            6594813.419208552
          ],
          [
            -6704815.920525803,
            6594926.048260656
          ],
          [
            -6704815.920525803,
            6595038.677312761
          ],
          [
            -6704815.920525803,
            6595151.306364865
          ],
          [
            -6704815.920525803,
            6595263.9354169695
          ],
          [
            -6704815.920525803,
            6595376.564469074
          ],
          [
            -6704815.920525803,
            6595489.193521177
          ],
          [
            -6704815.920525803,
            6595601.822573282
          ],
          [
            -6704815.920525803,
            6595714.451625386
          ]
        ]
      },
      "properties": {
        "segment_id": "20_sub5",
        "zone_id": "20",
        "subzone_id": "20_sub5",
        "length_m": 3592.8098773164743,
        "slope": 0.07312143830373603,
        "drop_m": 262.71142578125,
        "downstream_id": "20_sub4",
        "upstream_ids": [
          "20_sub6"
        ]
      }
    },
    {
      "type": "Feature",
      "geometry": {
        "type": "LineString",
        "coordinates": [
          [
            -6709546.340714184,
            6603035.340012165
          ],
          [
            -6709433.711662079,
            6602922.71096006
          ],
          [
            -6709321.082609975,
            6602810.081907957
          ],
          [
            -6709208.45355787,
            6602810.081907957
          ],
          [
            -6709095.824505767,
            6602697.452855852
          ],
          [
            -6708983.195453662,
            6602697.452855852
          ],
          [
            -6708870.566401558,
            6602697.452855852
          ],
          [
            -6708757.937349454,
            6602697.452855852
          ],
          [
            -6708645.308297349,
            6602697.452855852
          ],
          [
            -6708532.679245245,
            6602697.452855852
          ],
          [
            -6708420.05019314,
            6602697.452855852
          ],
          [
            -6708307.421141037,
            6602697.452855852
          ],
          [
            -6708194.792088932,
            6602810.081907957
          ],
          [
            -6708082.163036828,
            6602810.081907957
          ],
          [
            -6707969.5339847235,
            6602810.081907957
          ],
          [
            -6707856.904932619,
            6602810.081907957
          ],
          [
            -6707744.275880515,
            6602810.081907957
          ],
          [
            -6707631.64682841,
            6602810.081907957
          ],
          [
            -6707519.017776307,
            6602697.452855852
          ],
          [
            -6707519.017776307,
            6602584.823803748
          ]
        ]
      },
      "properties": {
        "segment_id": "20_sub8",
        "zone_id": "20",
        "subzone_id": "20_sub8",
        "length_m": 2373.214394475634,
        "slope": 0.32259965484509473,
        "drop_m": 765.59814453125,
        "downstream_id": "20_sub7",
        "upstream_ids": [
          "20_sub13",
          "20_sub17"
        ]
      }
    },
    {
      "type": "Feature",
      "geometry": {
        "type": "LineString",
        "coordinates": [
          [
            -6700873.903702154,
            6589632.482811755
          ],
          [
            -6700986.532754257,
            6589632.482811755
          ],
          [
            -6701099.161806362,
            6589632.482811755
          ],
          [
            -6701211.790858466,
            6589745.111863859
          ],
          [
            -6701324.419910571,
            6589745.111863859
          ],
          [
            -6701437.048962675,
            6589857.740915963
          ],
          [
            -6701549.678014779,
            6589970.369968068
          ],
          [
            -6701662.307066883,
            6589970.369968068
          ],
          [
            -6701774.936118987,
            6590082.999020172
          ],
          [
            -6701887.565171092,
            6590195.628072276
          ],
          [
            -6702000.194223196,
            6590308.25712438
          ],
          [
            -6702112.823275301,
            6590308.25712438
          ],
          [
            -6702225.452327405,
            6590420.886176485
          ],
          [
            -6702338.0813795095,
            6590533.515228589
          ],
          [
            -6702450.710431613,
            6590646.1442806935
          ],
          [
            -6702563.339483717,
            6590646.1442806935
          ],
          [
            -6702675.968535822,
            6590758.773332798
          ],
          [
            -6702788.597587926,
            6590758.773332798
          ],
          [
            -6702901.226640031,
            6590871.402384902
          ],
          [
            -6703013.855692135,
            6590984.031437006
          ],
          [
            -6703013.855692135,
            6591096.66048911
          ],
          [
            -6703126.48474424,
            6591209.289541215
          ],
          [
            -6703239.113796343,
            6591321.918593319
          ],
          [
            -6703351.7428484475,
            6591434.547645424
          ],
          [
            -6703464.371900552,
            6591547.176697528
          ],
          [
            -6703577.000952656,
            6591659.805749632
          ],
          [
            -6703689.630004761,
            6591772.434801736
          ],
          [
            -6703802.259056865,
            6591885.06385384
          ],
          [
            -6703802.259056865,
            6591997.692905945
          ],
          [
            -6703689.630004761,
            6592110.321958049
          ],
          [
            -6703689.630004761,
            6592222.951010154
          ],
          [
            -6703802.259056865,
            6592335.580062258
          ],
          [
            -6703914.888108969,
            6592448.209114362
          ],
          [
            -6704027.517161073,
            6592560.838166466
          ],
          [
            -6704027.517161073,
            6592673.46721857
          ],
          [
            -6704027.517161073,
            6592786.096270675
          ],
          [
            -6704140.146213178,
            6592898.725322779
          ],
          [
            -6704140.146213178,
            6593011.354374884
          ],
          [
            -6704140.146213178,
            6593123.983426988
          ],
          [
            -6704252.775265282,
            6593236.612479092
          ],
          [
            -6704365.404317386,
            6593349.241531196
          ],
          [
            -6704365.404317386,
            6593461.8705833005
          ],
          [
            -6704478.033369491,
            6593574.499635405
          ],
          [
            -6704590.662421595,
            6593687.128687509
          ],
          [
            -6704703.291473699,
            6593799.757739614
          ],
          [
            -6704703.291473699,
            6593912.386791718
          ],
          [
            -6704703.291473699,
            6594025.015843822
          ],
          [
            -6704703.291473699,
            6594137.644895926
          ],
          [
            -6704703.291473699,
            6594250.273948031
          ],
          [
            -6704703.291473699,
            6594362.903000135
          ],
          [
            -6704703.291473699,
            6594475.532052239
          ],
          [
            -6704703.291473699,
            6594588.161104344
          ],
          [
            -6704703.291473699,
            6594700.790156447
          ],
          [
            -6704703.291473699,
            6594813.419208552
          ],
          [
            -6704815.920525803,
            6594926.048260656
          ],
          [
            -6704815.920525803,
            6595038.677312761
          ],
          [
            -6704815.920525803,
            6595151.306364865
          ],
          [
            -6704815.920525803,
            6595263.9354169695
          ],
          [
            -6704815.920525803,
            6595376.564469074
          ],
          [
            -6704815.920525803,
            6595489.193521177
          ],
          [
            -6704815.920525803,
            6595601.822573282
          ],
          [
            -6704815.920525803,
            6595714.451625386
          ]
        ]
      },
      "properties": {
        "segment_id": "20_sub12",
        "zone_id": "20",
        "subzone_id": "20_sub12",
        "length_m": 8269.946605325958,
        "slope": 0.06394925612375284,
        "drop_m": 528.85693359375,
        "downstream_id": "20_sub4",
        "upstream_ids": [
          "20_sub18"
        ]
      }
    },
    {
      "type": "Feature",
      "geometry": {
        "type": "LineString",
        "coordinates": [
          [
            -6705153.8076821165,
            6597741.774563263
          ],
          [
            -6705266.436734221,
            6597629.14551116
          ],
          [
            -6705379.065786324,
            6597629.14551116
          ],
          [
            -6705491.694838429,
            6597629.14551116
          ],
          [
            -6705604.323890533,
            6597629.14551116
          ],
          [
            -6705716.952942638,
            6597741.774563263
          ],
          [
            -6705829.581994742,
            6597854.403615368
          ],
          [
            -6705942.211046847,
            6597967.032667472
          ],
          [
            -6706054.840098951,
            6598079.661719576
          ],
          [
            -6706167.4691510545,
            6598079.661719576
          ],
          [
            -6706280.098203159,
            6598079.661719576
          ]
        ]
      },
      "properties": {
        "segment_id": "20_sub14",
        "zone_id": "20",
        "subzone_id": "20_sub14",
        "length_m": 1359.5529255355054,
        "slope": 0.013369658121503784,
        "drop_m": 18.1767578125,
        "downstream_id": "20_sub11",
        "upstream_ids": []
      }
    },
    {
      "type": "Feature",
      "geometry": {
        "type": "LineString",
        "coordinates": [
          [
            -6704815.920525803,
            6593799.757739614
          ],
          [
            -6704703.291473699,
            6593912.386791718
          ],
          [
            -6704703.291473699,
            6594025.015843822
          ],
          [
            -6704703.291473699,
            6594137.644895926
          ],
          [
            -6704703.291473699,
            6594250.273948031
          ],
          [
            -6704703.291473699,
            6594362.903000135
          ],
          [
            -6704703.291473699,
            6594475.532052239
          ],
          [
            -6704703.291473699,
            6594588.161104344
          ],
          [
            -6704703.291473699,
            6594700.790156447
          ],
          [
            -6704703.291473699,
            6594813.419208552
          ],
          [
            -6704815.920525803,
            6594926.048260656
          ],
          [
            -6704815.920525803,
            6595038.677312761
          ],
          [
            -6704815.920525803,
            6595151.306364865
          ],
          [
            -6704815.920525803,
            6595263.9354169695
          ],
          [
            -6704815.920525803,
            6595376.564469074
          ],
          [
            -6704815.920525803,
            6595489.193521177
          ],
          [
            -6704815.920525803,
            6595601.822573282
          ],
          [
            -6704815.920525803,
            6595714.451625386
          ]
        ]
      },
      "properties": {
        "segment_id": "20_sub15",
        "zone_id": "20",
        "subzone_id": "20_sub15",
        "length_m": 2007.9988475702494,
        "slope": 0.12272645007276506,
        "drop_m": 246.4345703125,
        "downstream_id": "20_sub4",
        "upstream_ids": []
      }
    },
    {
      "type": "Feature",
      "geometry": {
        "type": "LineString",
        "coordinates": [
          [
            -6701437.048962675,
            6590082.999020172
          ],
          [
            -6701549.678014779,
            6589970.369968068
          ],
          [
            -6701662.307066883,
            6589970.369968068
          ],
          [
            -6701774.936118987,
            6590082.999020172
          ],
          [
            -6701887.565171092,
            6590195.628072276
          ],
          [
            -6702000.194223196,
            6590308.25712438
          ],
          [
            -6702112.823275301,
            6590308.25712438
          ],
          [
            -6702225.452327405,
            6590420.886176485
          ],
          [
            -6702338.0813795095,
            6590533.515228589
          ],
          [
            -6702450.710431613,
            6590646.1442806935
          ],
          [
            -6702563.339483717,
            6590646.1442806935
          ],
          [
            -6702675.968535822,
            6590758.773332798
          ],
          [
            -6702788.597587926,
            6590758.773332798
          ],
          [
            -6702901.226640031,
            6590871.402384902
          ],
          [
            -6703013.855692135,
            6590984.031437006
          ],
          [
            -6703013.855692135,
            6591096.66048911
          ],
          [
            -6703126.48474424,
            6591209.289541215
          ],
          [
            -6703239.113796343,
            6591321.918593319
          ],
          [
            -6703351.7428484475,
            6591434.547645424
          ],
          [
            -6703464.371900552,
            6591547.176697528
          ],
          [
            -6703577.000952656,
            6591659.805749632
          ],
          [
            -6703689.630004761,
            6591772.434801736
          ],
          [
            -6703802.259056865,
            6591885.06385384
          ],
          [
            -6703802.259056865,
            6591997.692905945
          ],
          [
            -6703689.630004761,
            6592110.321958049
          ],
          [
            -6703689.630004761,
            6592222.951010154
          ],
          [
            -6703802.259056865,
            6592335.580062258
          ],
          [
            -6703914.888108969,
            6592448.209114362
          ],
          [
            -6704027.517161073,
            6592560.838166466
          ],
          [
            -6704027.517161073,
            6592673.46721857
          ],
          [
            -6704027.517161073,
            6592786.096270675
          ],
          [
            -6704140.146213178,
            6592898.725322779
          ],
          [
            -6704140.146213178,
            6593011.354374884
          ],
          [
            -6704140.146213178,
            6593123.983426988
          ],
          [
            -6704252.775265282,
            6593236.612479092
          ],
          [
            -6704365.404317386,
            6593349.241531196
          ],
          [
            -6704365.404317386,
            6593461.8705833005
          ],
          [
            -6704478.033369491,
            6593574.499635405
          ],
          [
            -6704590.662421595,
            6593687.128687509
          ],
          [
            -6704703.291473699,
            6593799.757739614
          ],
          [
            -6704703.291473699,
            6593912.386791718
          ],
          [
            -6704703.291473699,
            6594025.015843822
          ],
          [
            -6704703.291473699,
            6594137.644895926
          ],
          [
            -6704703.291473699,
            6594250.273948031
          ],
          [
            -6704703.291473699,
            6594362.903000135
          ],
          [
            -6704703.291473699,
            6594475.532052239
          ],
          [
            -6704703.291473699,
            6594588.161104344
          ],
          [
            -6704703.291473699,
            6594700.790156447
          ],
          [
            -6704703.291473699,
            6594813.419208552
          ],
          [
            -6704815.920525803,
            6594926.048260656
          ],
          [
            -6704815.920525803,
            6595038.677312761
          ],
          [
            -6704815.920525803,
            6595151.306364865
          ],
          [
            -6704815.920525803,
            6595263.9354169695
          ],
          [
            -6704815.920525803,
            6595376.564469074
          ],
          [
            -6704815.920525803,
            6595489.193521177
          ],
          [
            -6704815.920525803,
            6595601.822573282
          ],
          [
            -6704815.920525803,
            6595714.451625386
          ]
        ]
      },
      "properties": {
        "segment_id": "20_sub16",
        "zone_id": "20",
        "subzone_id": "20_sub16",
        "length_m": 7613.496383006986,
        "slope": 0.06816995669800448,
        "drop_m": 519.01171875,
        "downstream_id": "20_sub4",
        "upstream_ids": []
      }
    },
    {
      "type": "Feature",
      "geometry": {
        "type": "LineString",
        "coordinates": [
          [
            -6723962.859383533,
            6622745.424130416
          ],
          [
            -6723850.230331428,
            6622632.795078311
          ],
          [
            -6723737.601279324,
            6622632.795078311
          ],
          [
            -6723624.9722272195,
            6622632.795078311
          ],
          [
            -6723512.343175115,
            6622632.795078311
          ]
        ]
      },
      "properties": {
        "segment_id": "31_sub9",
        "zone_id": "31",
        "subzone_id": "31_sub9",
        "length_m": 497.1686893165939,
        "slope": 0.030972259176591816,
        "drop_m": 15.3984375,
        "downstream_id": "31_sub8",
        "upstream_ids": [
          "31_sub10"
        ]
      }
    },
    {
      "type": "Feature",
      "geometry": {
        "type": "LineString",
        "coordinates": [
          [
            -6723850.230331428,
            6622745.424130416
          ],
          [
            -6723850.230331428,
            6622632.795078311
          ],
          [
            -6723737.601279324,
            6622632.795078311
          ],
          [
            -6723624.9722272195,
            6622632.795078311
          ],
          [
            -6723512.343175115,
            6622632.795078311
          ]
        ]
      },
      "properties": {
        "segment_id": "31_sub14",
        "zone_id": "31",
        "subzone_id": "31_sub14",
        "length_m": 450.51620841771364,
        "slope": 0.026822529687535377,
        "drop_m": 12.083984375,
        "downstream_id": "31_sub8",
        "upstream_ids": []
      }
    },
    {
      "type": "Feature",
      "geometry": {
        "type": "LineString",
        "coordinates": [
          [
            -6700986.532754257,
            6598079.661719576
          ],
          [
            -6701099.161806362,
            6598079.661719576
          ],
          [
            -6701211.790858466,
            6598079.661719576
          ],
          [
            -6701324.419910571,
            6597967.032667472
          ],
          [
            -6701437.048962675,
            6597967.032667472
          ],
          [
            -6701549.678014779,
            6597967.032667472
          ],
          [
            -6701662.307066883,
            6598079.661719576
          ],
          [
            -6701774.936118987,
            6598192.290771681
          ],
          [
            -6701887.565171092,
            6598192.290771681
          ],
          [
            -6702000.194223196,
            6598304.919823785
          ],
          [
            -6702112.823275301,
            6598304.919823785
          ],
          [
            -6702225.452327405,
            6598417.54887589
          ],
          [
            -6702338.0813795095,
            6598530.177927993
          ],
          [
            -6702450.710431613,
            6598530.177927993
          ],
          [
            -6702563.339483717,
            6598642.806980098
          ],
          [
            -6702675.968535822,
            6598642.806980098
          ],
          [
            -6702788.597587926,
            6598642.806980098
          ],
          [
            -6702901.226640031,
            6598642.806980098
          ],
          [
            -6703013.855692135,
            6598642.806980098
          ],
          [
            -6703126.48474424,
            6598530.177927993
          ],
          [
            -6703239.113796343,
            6598417.54887589
          ],
          [
            -6703351.7428484475,
            6598304.919823785
          ],
          [
            -6703464.371900552,
            6598417.54887589
          ],
          [
            -6703577.000952656,
            6598417.54887589
          ],
          [
            -6703689.630004761,
            6598530.177927993
          ],
          [
            -6703802.259056865,
            6598530.177927993
          ],
          [
            -6703914.888108969,
            6598530.177927993
          ],
          [
            -6704027.517161073,
            6598530.177927993
          ],
          [
            -6704140.146213178,
            6598530.177927993
          ],
          [
            -6704252.775265282,
            6598530.177927993
          ],
          [
            -6704365.404317386,
            6598530.177927993
          ],
          [
            -6704478.033369491,
            6598530.177927993
          ],
          [
            -6704590.662421595,
            6598530.177927993
          ],
          [
            -6704703.291473699,
            6598642.806980098
          ],
          [
            -6704703.291473699,
            6598755.436032202
          ],
          [
            -6704703.291473699,
            6598868.0650843065
          ],
          [
            -6704703.291473699,
            6598980.694136411
          ],
          [
            -6704703.291473699,
            6599093.323188515
          ],
          [
            -6704815.920525803,
            6599205.952240619
          ],
          [
            -6704928.549577908,
            6599318.581292723
          ],
          [
            -6704928.549577908,
            6599431.210344828
          ],
          [
            -6704928.549577908,
            6599543.839396932
          ],
          [
            -6704928.549577908,
            6599656.468449037
          ],
          [
            -6705041.178630012,
            6599769.097501141
          ],
          [
            -6705153.8076821165,
            6599881.726553245
          ],
          [
            -6705266.436734221,
            6599994.355605349
          ],
          [
            -6705379.065786324,
            6600106.984657453
          ],
          [
            -6705491.694838429,
            6600219.613709558
          ],
          [
            -6705604.323890533,
            6600332.242761662
          ],
          [
            -6705716.952942638,
            6600444.871813767
          ],
          [
            -6705829.581994742,
            6600557.500865871
          ],
          [
            -6705942.211046847,
            6600670.129917975
          ],
          [
            -6706054.840098951,
            6600782.758970079
          ],
          [
            -6706054.840098951,
            6600895.388022183
          ],
          [
            -6706167.4691510545,
            6601008.017074288
          ],
          [
            -6706280.098203159,
            6601120.646126392
          ],
          [
            -6706392.727255263,
            6601233.275178497
          ],
          [
            -6706505.356307368,
            6601233.275178497
          ],
          [
            -6706617.985359472,
            6601345.904230601
          ],
          [
            -6706730.614411577,
            6601458.533282705
          ],
          [
            -6706843.243463681,
            6601571.162334809
          ],
          [
            -6706955.872515785,
            6601571.162334809
          ],
          [
            -6707068.501567889,
            6601683.7913869135
          ],
          [
            -6707181.130619993,
            6601796.420439018
          ],
          [
            -6707181.130619993,
            6601909.049491122
          ],
          [
            -6707181.130619993,
            6602021.678543227
          ],
          [
            -6707068.501567889,
            6602134.307595331
          ],
          [
            -6707068.501567889,
            6602246.936647435
          ],
          [
            -6707068.501567889,
            6602359.565699539
          ],
          [
            -6707181.130619993,
            6602472.194751644
          ]
        ]
      },
      "properties": {
        "segment_id": "21_sub2",
        "zone_id": "21",
        "subzone_id": "21_sub2",
        "length_m": 9404.24142665474,
        "slope": 0.11127303405849899,
        "drop_m": 1046.4384765625,
        "downstream_id": "21_sub1",
        "upstream_ids": [
          "21_sub3",
          "21_sub5",
          "21_sub11"
        ]
      }
    },
    {
      "type": "Feature",
      "geometry": {
        "type": "LineString",
        "coordinates": [
          [
            -6702225.452327405,
            6598530.177927993
          ],
          [
            -6702338.0813795095,
            6598530.177927993
          ],
          [
            -6702450.710431613,
            6598530.177927993
          ],
          [
            -6702563.339483717,
            6598642.806980098
          ],
          [
            -6702675.968535822,
            6598642.806980098
          ],
          [
            -6702788.597587926,
            6598642.806980098
          ],
          [
            -6702901.226640031,
            6598642.806980098
          ],
          [
            -6703013.855692135,
            6598642.806980098
          ],
          [
            -6703126.48474424,
            6598530.177927993
          ],
          [
            -6703239.113796343,
            6598417.54887589
          ],
          [
            -6703351.7428484475,
            6598304.919823785
          ],
          [
            -6703464.371900552,
            6598417.54887589
          ],
          [
            -6703577.000952656,
            6598417.54887589
          ],
          [
            -6703689.630004761,
            6598530.177927993
          ],
          [
            -6703802.259056865,
            6598530.177927993
          ],
          [
            -6703914.888108969,
            6598530.177927993
          ],
          [
            -6704027.517161073,
            6598530.177927993
          ],
          [
            -6704140.146213178,
            6598530.177927993
          ],
          [
            -6704252.775265282,
            6598530.177927993
          ],
          [
            -6704365.404317386,
            6598530.177927993
          ],
          [
            -6704478.033369491,
            6598530.177927993
          ],
          [
            -6704590.662421595,
            6598530.177927993
          ],
          [
            -6704703.291473699,
            6598642.806980098
          ],
          [
            -6704703.291473699,
            6598755.436032202
          ],
          [
            -6704703.291473699,
            6598868.0650843065
          ],
          [
            -6704703.291473699,
            6598980.694136411
          ],
          [
            -6704703.291473699,
            6599093.323188515
          ],
          [
            -6704815.920525803,
            6599205.952240619
          ],
          [
            -6704928.549577908,
            6599318.581292723
          ],
          [
            -6704928.549577908,
            6599431.210344828
          ],
          [
            -6704928.549577908,
            6599543.839396932
          ],
          [
            -6704928.549577908,
            6599656.468449037
          ],
          [
            -6705041.178630012,
            6599769.097501141
          ],
          [
            -6705153.8076821165,
            6599881.726553245
          ],
          [
            -6705266.436734221,
            6599994.355605349
          ],
          [
            -6705379.065786324,
            6600106.984657453
          ],
          [
            -6705491.694838429,
            6600219.613709558
          ],
          [
            -6705604.323890533,
            6600332.242761662
          ],
          [
            -6705716.952942638,
            6600444.871813767
          ],
          [
            -6705829.581994742,
            6600557.500865871
          ],
          [
            -6705942.211046847,
            6600670.129917975
          ],
          [
            -6706054.840098951,
            6600782.758970079
          ],
          [
            -6706054.840098951,
            6600895.388022183
          ],
          [
            -6706167.4691510545,
            6601008.017074288
          ],
          [
            -6706280.098203159,
            6601120.646126392
          ],
          [
            -6706392.727255263,
            6601233.275178497
          ],
          [
            -6706505.356307368,
            6601233.275178497
          ],
          [
            -6706617.985359472,
            6601345.904230601
          ],
          [
            -6706730.614411577,
            6601458.533282705
          ],
          [
            -6706843.243463681,
            6601571.162334809
          ],
          [
            -6706955.872515785,
            6601571.162334809
          ],
          [
            -6707068.501567889,
            6601683.7913869135
          ],
          [
            -6707181.130619993,
            6601796.420439018
          ],
          [
            -6707181.130619993,
            6601909.049491122
          ],
          [
            -6707181.130619993,
            6602021.678543227
          ],
          [
            -6707068.501567889,
            6602134.307595331
          ],
          [
            -6707068.501567889,
            6602246.936647435
          ],
          [
            -6707068.501567889,
            6602359.565699539
          ],
          [
            -6707181.130619993,
            6602472.194751644
          ]
        ]
      },
      "properties": {
        "segment_id": "21_sub15",
        "zone_id": "21",
        "subzone_id": "21_sub15",
        "length_m": 7885.406968114067,
        "slope": 0.11970093982679349,
        "drop_m": 943.890625,
        "downstream_id": "21_sub1",
        "upstream_ids": []
      }
    },
    {
      "type": "Feature",
      "geometry": {
        "type": "LineString",
        "coordinates": [
          [
            -6707181.130619993,
            6601683.7913869135
          ],
          [
            -6707181.130619993,
            6601796.420439018
          ],
          [
            -6707181.130619993,
            6601909.049491122
          ],
          [
            -6707181.130619993,
            6602021.678543227
          ],
          [
            -6707068.501567889,
            6602134.307595331
          ],
          [
            -6707068.501567889,
            6602246.936647435
          ],
          [
            -6707068.501567889,
            6602359.565699539
          ],
          [
            -6707181.130619993,
            6602472.194751644
          ]
        ]
      },
      "properties": {
        "segment_id": "21_sub18",
        "zone_id": "21",
        "subzone_id": "21_sub18",
        "length_m": 881.7083265278279,
        "slope": 0.03957217169384278,
        "drop_m": 34.89111328125,
        "downstream_id": "21_sub1",
        "upstream_ids": []
      }
    },
    {
      "type": "Feature",
      "geometry": {
        "type": "LineString",
        "coordinates": [
          [
            -6708645.308297349,
            6600219.613709558
          ],
          [
            -6708532.679245245,
            6600332.242761662
          ],
          [
            -6708532.679245245,
            6600444.871813767
          ],
          [
            -6708420.05019314,
            6600557.500865871
          ],
          [
            -6708307.421141037,
            6600670.129917975
          ],
          [
            -6708307.421141037,
            6600782.758970079
          ],
          [
            -6708307.421141037,
            6600895.388022183
          ],
          [
            -6708307.421141037,
            6601008.017074288
          ],
          [
            -6708194.792088932,
            6601120.646126392
          ],
          [
            -6708082.163036828,
            6601233.275178497
          ],
          [
            -6707969.5339847235,
            6601345.904230601
          ],
          [
            -6707856.904932619,
            6601458.533282705
          ],
          [
            -6707744.275880515,
            6601571.162334809
          ],
          [
            -6707744.275880515,
            6601683.7913869135
          ],
          [
            -6707631.64682841,
            6601796.420439018
          ],
          [
            -6707631.64682841,
            6601909.049491122
          ],
          [
            -6707631.64682841,
            6602021.678543227
          ],
          [
            -6707519.017776307,
            6602134.307595331
          ],
          [
            -6707519.017776307,
            6602246.936647435
          ],
          [
            -6707519.017776307,
            6602359.565699539
          ],
          [
            -6707519.017776307,
            6602472.194751644
          ],
          [
            -6707406.388724202,
            6602584.823803748
          ],
          [
            -6707293.759672098,
            6602584.823803748
          ]
        ]
      },
      "properties": {
        "segment_id": "20_sub3",
        "zone_id": "20",
        "subzone_id": "20_sub3",
        "length_m": 2991.016436181542,
        "slope": 0.01731340133819542,
        "drop_m": 51.78466796875,
        "downstream_id": "20_sub2",
        "upstream_ids": [
          "10_sub1"
        ]
      }
    },
    {
      "type": "Feature",
      "geometry": {
        "type": "LineString",
        "coordinates": [
          [
            -6704815.920525803,
            6595714.451625386
          ],
          [
            -6704815.920525803,
            6595827.080677491
          ],
          [
            -6704928.549577908,
            6595939.709729595
          ],
          [
            -6705041.178630012,
            6596052.3387817
          ],
          [
            -6705153.8076821165,
            6596164.967833804
          ],
          [
            -6705266.436734221,
            6596164.967833804
          ],
          [
            -6705379.065786324,
            6596277.596885907
          ],
          [
            -6705491.694838429,
            6596390.225938012
          ],
          [
            -6705604.323890533,
            6596390.225938012
          ],
          [
            -6705716.952942638,
            6596390.225938012
          ],
          [
            -6705829.581994742,
            6596502.854990116
          ],
          [
            -6705942.211046847,
            6596615.484042221
          ],
          [
            -6706054.840098951,
            6596728.113094325
          ],
          [
            -6706054.840098951,
            6596840.74214643
          ],
          [
            -6706054.840098951,
            6596953.371198533
          ],
          [
            -6706054.840098951,
            6597066.0002506375
          ],
          [
            -6706054.840098951,
            6597178.629302742
          ],
          [
            -6706054.840098951,
            6597291.258354846
          ],
          [
            -6706054.840098951,
            6597403.887406951
          ],
          [
            -6706054.840098951,
            6597516.516459055
          ],
          [
            -6706167.4691510545,
            6597629.14551116
          ],
          [
            -6706280.098203159,
            6597629.14551116
          ],
          [
            -6706280.098203159,
            6597741.774563263
          ],
          [
            -6706392.727255263,
            6597854.403615368
          ],
          [
            -6706392.727255263,
            6597967.032667472
          ],
          [
            -6706392.727255263,
            6598079.661719576
          ],
          [
            -6706505.356307368,
            6598192.290771681
          ],
          [
            -6706617.985359472,
            6598192.290771681
          ],
          [
            -6706617.985359472,
            6598304.919823785
          ],
          [
            -6706730.614411577,
            6598417.54887589
          ],
          [
            -6706730.614411577,
            6598530.177927993
          ],
          [
            -6706843.243463681,
            6598642.806980098
          ],
          [
            -6706955.872515785,
            6598755.436032202
          ],
          [
            -6707068.501567889,
            6598868.0650843065
          ],
          [
            -6707181.130619993,
            6598980.694136411
          ],
          [
            -6707181.130619993,
            6599093.323188515
          ],
          [
            -6707181.130619993,
            6599205.952240619
          ],
          [
            -6707068.501567889,
            6599318.581292723
          ],
          [
            -6707068.501567889,
            6599431.210344828
          ],
          [
            -6707068.501567889,
            6599543.839396932
          ],
          [
            -6707068.501567889,
            6599656.468449037
          ],
          [
            -6707181.130619993,
            6599769.097501141
          ],
          [
            -6707293.759672098,
            6599881.726553245
          ],
          [
            -6707406.388724202,
            6599994.355605349
          ],
          [
            -6707519.017776307,
            6599994.355605349
          ],
          [
            -6707631.64682841,
            6600106.984657453
          ],
          [
            -6707744.275880515,
            6600106.984657453
          ],
          [
            -6707856.904932619,
            6600106.984657453
          ],
          [
            -6707969.5339847235,
            6600219.613709558
          ],
          [
            -6708082.163036828,
            6600219.613709558
          ],
          [
            -6708194.792088932,
            6600219.613709558
          ],
          [
            -6708307.421141037,
            6600219.613709558
          ],
          [
            -6708420.05019314,
            6600219.613709558
          ],
          [
            -6708532.679245245,
            6600332.242761662
          ],
          [
            -6708532.679245245,
            6600444.871813767
          ],
          [
            -6708420.05019314,
            6600557.500865871
          ],
          [
            -6708307.421141037,
            6600670.129917975
          ],
          [
            -6708307.421141037,
            6600782.758970079
          ],
          [
            -6708307.421141037,
            6600895.388022183
          ],
          [
            -6708307.421141037,
            6601008.017074288
          ],
          [
            -6708194.792088932,
            6601120.646126392
          ],
          [
            -6708082.163036828,
            6601233.275178497
          ],
          [
            -6707969.5339847235,
            6601345.904230601
          ],
          [
            -6707856.904932619,
            6601458.533282705
          ],
          [
            -6707744.275880515,
            6601571.162334809
          ],
          [
            -6707744.275880515,
            6601683.7913869135
          ],
          [
            -6707631.64682841,
            6601796.420439018
          ],
          [
            -6707631.64682841,
            6601909.049491122
          ],
          [
            -6707631.64682841,
            6602021.678543227
          ],
          [
            -6707519.017776307,
            6602134.307595331
          ],
          [
            -6707519.017776307,
            6602246.936647435
          ],
          [
            -6707519.017776307,
            6602359.565699539
          ],
          [
            -6707519.017776307,
            6602472.194751644
          ],
          [
            -6707406.388724202,
            6602584.823803748
          ],
          [
            -6707293.759672098,
            6602584.823803748
          ]
        ]
      },
      "properties": {
        "segment_id": "20_sub4",
        "zone_id": "20",
        "subzone_id": "20_sub4",
        "length_m": 9874.081725378577,
        "slope": 0.08291826237516371,
        "drop_m": 818.74169921875,
        "downstream_id": "20_sub2",
        "upstream_ids": [
          "20_sub5",
          "20_sub12",
          "20_sub15",
          "20_sub16"
        ]
      }
    },
    {
      "type": "Feature",
      "geometry": {
        "type": "LineString",
        "coordinates": [
          [
            -6707519.017776307,
            6602584.823803748
          ],
          [
            -6707406.388724202,
            6602584.823803748
          ],
          [
            -6707293.759672098,
            6602584.823803748
          ]
        ]
      },
      "properties": {
        "segment_id": "20_sub7",
        "zone_id": "20",
        "subzone_id": "20_sub7",
        "length_m": 225.25810420885682,
        "slope": 0.020495152593797236,
        "drop_m": 4.61669921875,
        "downstream_id": "20_sub2",
        "upstream_ids": [
          "20_sub8"
        ]
      }
    },
    {
      "type": "Feature",
      "geometry": {
        "type": "LineString",
        "coordinates": [
          [
            -6706280.098203159,
            6598079.661719576
          ],
          [
            -6706392.727255263,
            6598079.661719576
          ],
          [
            -6706505.356307368,
            6598192.290771681
          ],
          [
            -6706617.985359472,
            6598192.290771681
          ],
          [
            -6706617.985359472,
            6598304.919823785
          ],
          [
            -6706730.614411577,
            6598417.54887589
          ],
          [
            -6706730.614411577,
            6598530.177927993
          ],
          [
            -6706843.243463681,
            6598642.806980098
          ],
          [
            -6706955.872515785,
            6598755.436032202
          ],
          [
            -6707068.501567889,
            6598868.0650843065
          ],
          [
            -6707181.130619993,
            6598980.694136411
          ],
          [
            -6707181.130619993,
            6599093.323188515
          ],
          [
            -6707181.130619993,
            6599205.952240619
          ],
          [
            -6707068.501567889,
            6599318.581292723
          ],
          [
            -6707068.501567889,
            6599431.210344828
          ],
          [
            -6707068.501567889,
            6599543.839396932
          ],
          [
            -6707068.501567889,
            6599656.468449037
          ],
          [
            -6707181.130619993,
            6599769.097501141
          ],
          [
            -6707293.759672098,
            6599881.726553245
          ],
          [
            -6707406.388724202,
            6599994.355605349
          ],
          [
            -6707519.017776307,
            6599994.355605349
          ],
          [
            -6707631.64682841,
            6600106.984657453
          ],
          [
            -6707744.275880515,
            6600106.984657453
          ],
          [
            -6707856.904932619,
            6600106.984657453
          ],
          [
            -6707969.5339847235,
            6600219.613709558
          ],
          [
            -6708082.163036828,
            6600219.613709558
          ],
          [
            -6708194.792088932,
            6600219.613709558
          ],
          [
            -6708307.421141037,
            6600219.613709558
          ],
          [
            -6708420.05019314,
            6600219.613709558
          ],
          [
            -6708532.679245245,
            6600332.242761662
          ],
          [
            -6708532.679245245,
            6600444.871813767
          ],
          [
            -6708420.05019314,
            6600557.500865871
          ],
          [
            -6708307.421141037,
            6600670.129917975
          ],
          [
            -6708307.421141037,
            6600782.758970079
          ],
          [
            -6708307.421141037,
            6600895.388022183
          ],
          [
            -6708307.421141037,
            6601008.017074288
          ],
          [
            -6708194.792088932,
            6601120.646126392
          ],
          [
            -6708082.163036828,
            6601233.275178497
          ],
          [
            -6707969.5339847235,
            6601345.904230601
          ],
          [
            -6707856.904932619,
            6601458.533282705
          ],
          [
            -6707744.275880515,
            6601571.162334809
          ],
          [
            -6707744.275880515,
            6601683.7913869135
          ],
          [
            -6707631.64682841,
            6601796.420439018
          ],
          [
            -6707631.64682841,
            6601909.049491122
          ],
          [
            -6707631.64682841,
            6602021.678543227
          ],
          [
            -6707519.017776307,
            6602134.307595331
          ],
          [
            -6707519.017776307,
            6602246.936647435
          ],
          [
            -6707519.017776307,
            6602359.565699539
          ],
          [
            -6707519.017776307,
            6602472.194751644
          ],
          [
            -6707406.388724202,
            6602584.823803748
          ],
          [
            -6707293.759672098,
            6602584.823803748
          ]
        ]
      },
      "properties": {
        "segment_id": "20_sub11",
        "zone_id": "20",
        "subzone_id": "20_sub11",
        "length_m": 6704.459665887332,
        "slope": 0.08747668208115457,
        "drop_m": 586.48388671875,
        "downstream_id": "20_sub2",
        "upstream_ids": [
          "20_sub14"
        ]
      }
    },
    {
      "type": "Feature",
      "geometry": {
        "type": "LineString",
        "coordinates": [
          [
            -6723512.343175115,
            6622632.795078311
          ],
          [
            -6723399.714123011,
            6622520.166026207
          ],
          [
            -6723287.085070906,
            6622520.166026207
          ],
          [
            -6723174.456018803,
            6622520.166026207
          ],
          [
            -6723061.826966698,
            6622520.166026207
          ],
          [
            -6722949.197914594,
            6622520.166026207
          ]
        ]
      },
      "properties": {
        "segment_id": "31_sub8",
        "zone_id": "31",
        "subzone_id": "31_sub8",
        "length_m": 609.7977414200909,
        "slope": 0.055925946110558025,
        "drop_m": 34.103515625,
        "downstream_id": "31_sub7",
        "upstream_ids": [
          "31_sub9",
          "31_sub14"
        ]
      }
    },
    {
      "type": "Feature",
      "geometry": {
        "type": "LineString",
        "coordinates": [
          [
            -6707181.130619993,
            6602472.194751644
          ],
          [
            -6707293.759672098,
            6602584.823803748
          ]
        ]
      },
      "properties": {
        "segment_id": "21_sub1",
        "zone_id": "21",
        "subzone_id": "21_sub1",
        "length_m": 159.28153300330865,
        "slope": 0.052353006844345115,
        "drop_m": 8.3388671875,
        "downstream_id": "20_sub2",
        "upstream_ids": [
          "21_sub2",
          "21_sub15",
          "21_sub18"
        ]
      }
    },
    {
      "type": "Feature",
      "geometry": {
        "type": "LineString",
        "coordinates": [
          [
            -6707293.759672098,
            6602584.823803748
          ],
          [
            -6707181.130619993,
            6602697.452855852
          ],
          [
            -6707068.501567889,
            6602810.081907957
          ],
          [
            -6707068.501567889,
            6602922.71096006
          ],
          [
            -6706955.872515785,
            6603035.340012165
          ],
          [
            -6706843.243463681,
            6603147.969064269
          ],
          [
            -6706843.243463681,
            6603260.598116374
          ],
          [
            -6706843.243463681,
            6603373.227168478
          ],
          [
            -6706843.243463681,
            6603485.8562205825
          ],
          [
            -6706843.243463681,
            6603598.485272687
          ],
          [
            -6706955.872515785,
            6603711.11432479
          ],
          [
            -6706843.243463681,
            6603823.743376895
          ],
          [
            -6706730.614411577,
            6603936.372428999
          ],
          [
            -6706730.614411577,
            6604049.001481104
          ],
          [
            -6706730.614411577,
            6604161.630533208
          ],
          [
            -6706843.243463681,
            6604274.259585313
          ],
          [
            -6706843.243463681,
            6604386.888637417
          ],
          [
            -6706730.614411577,
            6604499.5176895205
          ],
          [
            -6706730.614411577,
            6604612.146741625
          ]
        ]
      },
      "properties": {
        "segment_id": "20_sub2",
        "zone_id": "20",
        "subzone_id": "20_sub2",
        "length_m": 2447.19526596541,
        "slope": 0.006461877718720431,
        "drop_m": 15.8134765625,
        "downstream_id": "20_sub1",
        "upstream_ids": [
          "20_sub3",
          "20_sub4",
          "20_sub7",
          "20_sub11",
          "21_sub1"
        ]
      }
    },
    {
      "type": "Feature",
      "geometry": {
        "type": "LineString",
        "coordinates": [
          [
            -6706730.614411577,
            6603147.969064269
          ],
          [
            -6706843.243463681,
            6603147.969064269
          ],
          [
            -6706843.243463681,
            6603260.598116374
          ],
          [
            -6706843.243463681,
            6603373.227168478
          ],
          [
            -6706843.243463681,
            6603485.8562205825
          ],
          [
            -6706843.243463681,
            6603598.485272687
          ],
          [
            -6706955.872515785,
            6603711.11432479
          ],
          [
            -6706843.243463681,
            6603823.743376895
          ],
          [
            -6706730.614411577,
            6603936.372428999
          ],
          [
            -6706730.614411577,
            6604049.001481104
          ],
          [
            -6706730.614411577,
            6604161.630533208
          ],
          [
            -6706843.243463681,
            6604274.259585313
          ],
          [
            -6706843.243463681,
            6604386.888637417
          ],
          [
            -6706730.614411577,
            6604499.5176895205
          ],
          [
            -6706730.614411577,
            6604612.146741625
          ]
        ]
      },
      "properties": {
        "segment_id": "20_sub20",
        "zone_id": "20",
        "subzone_id": "20_sub20",
        "length_m": 1810.0691339537648,
        "slope": 0.008668144830456389,
        "drop_m": 15.68994140625,
        "downstream_id": "20_sub1",
        "upstream_ids": []
      }
    },
    {
      "type": "Feature",
      "geometry": {
        "type": "LineString",
        "coordinates": [
          [
            -6722949.197914594,
            6622520.166026207
          ],
          [
            -6722836.568862489,
            6622520.166026207
          ],
          [
            -6722723.939810385,
            6622520.166026207
          ],
          [
            -6722611.310758281,
            6622520.166026207
          ],
          [
            -6722498.681706177,
            6622520.166026207
          ],
          [
            -6722386.052654073,
            6622407.536974102
          ],
          [
            -6722273.423601968,
            6622407.536974102
          ],
          [
            -6722160.794549864,
            6622407.536974102
          ],
          [
            -6722048.165497759,
            6622407.536974102
          ],
          [
            -6721935.536445655,
            6622407.536974102
          ],
          [
            -6721822.9073935505,
            6622407.536974102
          ],
          [
            -6721710.278341447,
            6622520.166026207
          ],
          [
            -6721597.649289343,
            6622520.166026207
          ],
          [
            -6721485.020237238,
            6622520.166026207
          ],
          [
            -6721372.391185134,
            6622520.166026207
          ],
          [
            -6721259.762133029,
            6622520.166026207
          ],
          [
            -6721147.133080925,
            6622407.536974102
          ],
          [
            -6721034.504028821,
            6622407.536974102
          ],
          [
            -6720921.874976717,
            6622294.907921999
          ],
          [
            -6720809.2459246125,
            6622407.536974102
          ],
          [
            -6720696.616872508,
            6622407.536974102
          ],
          [
            -6720583.987820404,
            6622294.907921999
          ],
          [
            -6720471.358768299,
            6622294.907921999
          ],
          [
            -6720358.729716195,
            6622182.278869894
          ],
          [
            -6720246.100664091,
            6622069.64981779
          ],
          [
            -6720133.471611987,
            6622069.64981779
          ],
          [
            -6720020.842559882,
            6621957.0207656855
          ],
          [
            -6719908.213507778,
            6621844.391713581
          ],
          [
            -6719795.584455674,
            6621731.762661477
          ]
        ]
      },
      "properties": {
        "segment_id": "31_sub7",
        "zone_id": "31",
        "subzone_id": "31_sub7",
        "length_m": 3666.7907488065225,
        "slope": 0.03186340148242117,
        "drop_m": 116.83642578125,
        "downstream_id": "31_sub6",
        "upstream_ids": [
          "31_sub8"
        ]
      }
    },
    {
      "type": "Feature",
      "geometry": {
        "type": "LineString",
        "coordinates": [
          [
            -6720133.471611987,
            6622182.278869894
          ],
          [
            -6720133.471611987,
            6622069.64981779
          ],
          [
            -6720020.842559882,
            6621957.0207656855
          ],
          [
            -6719908.213507778,
            6621844.391713581
          ],
          [
            -6719795.584455674,
            6621731.762661477
          ]
        ]
      },
      "properties": {
        "segment_id": "31_sub12",
        "zone_id": "31",
        "subzone_id": "31_sub12",
        "length_m": 590.4736511143544,
        "slope": -0.0006541028003893106,
        "drop_m": -0.38623046875,
        "downstream_id": "31_sub6",
        "upstream_ids": []
      }
    },
    {
      "type": "Feature",
      "geometry": {
        "type": "LineString",
        "coordinates": [
          [
            -6720246.100664091,
            6622182.278869894
          ],
          [
            -6720133.471611987,
            6622069.64981779
          ],
          [
            -6720020.842559882,
            6621957.0207656855
          ],
          [
            -6719908.213507778,
            6621844.391713581
          ],
          [
            -6719795.584455674,
            6621731.762661477
          ]
        ]
      },
      "properties": {
        "segment_id": "31_sub13",
        "zone_id": "31",
        "subzone_id": "31_sub13",
        "length_m": 637.1261320132346,
        "slope": -0.000606207231729081,
        "drop_m": -0.38623046875,
        "downstream_id": "31_sub6",
        "upstream_ids": []
      }
    },
    {
      "type": "Feature",
      "geometry": {
        "type": "LineString",
        "coordinates": [
          [
            -6706730.614411577,
            6604612.146741625
          ],
          [
            -6706730.614411577,
            6604724.775793729
          ],
          [
            -6706843.243463681,
            6604837.404845834
          ],
          [
            -6706843.243463681,
            6604950.033897938
          ],
          [
            -6706843.243463681,
            6605062.662950043
          ],
          [
            -6706843.243463681,
            6605175.292002146
          ],
          [
            -6706843.243463681,
            6605287.921054251
          ],
          [
            -6706730.614411577,
            6605400.550106355
          ],
          [
            -6706617.985359472,
            6605513.179158459
          ],
          [
            -6706617.985359472,
            6605625.808210564
          ],
          [
            -6706730.614411577,
            6605738.437262668
          ],
          [
            -6706730.614411577,
            6605851.066314773
          ],
          [
            -6706617.985359472,
            6605963.695366876
          ],
          [
            -6706505.356307368,
            6605963.695366876
          ],
          [
            -6706505.356307368,
            6606076.324418981
          ],
          [
            -6706505.356307368,
            6606188.953471085
          ],
          [
            -6706505.356307368,
            6606301.5825231895
          ],
          [
            -6706392.727255263,
            6606414.211575294
          ]
        ]
      },
      "properties": {
        "segment_id": "20_sub1",
        "zone_id": "20",
        "subzone_id": "20_sub1",
        "length_m": 2194.6087711669743,
        "slope": 0.004858318947358652,
        "drop_m": 10.662109375,
        "downstream_id": "30_sub7",
        "upstream_ids": [
          "20_sub2",
          "20_sub20"
        ]
      }
    },
    {
      "type": "Feature",
      "geometry": {
        "type": "LineString",
        "coordinates": [
          [
            -6703802.259056865,
            6604837.404845834
          ],
          [
            -6703914.888108969,
            6604724.775793729
          ],
          [
            -6704027.517161073,
            6604724.775793729
          ],
          [
            -6704140.146213178,
            6604724.775793729
          ],
          [
            -6704252.775265282,
            6604724.775793729
          ],
          [
            -6704365.404317386,
            6604612.146741625
          ],
          [
            -6704478.033369491,
            6604612.146741625
          ],
          [
            -6704590.662421595,
            6604612.146741625
          ],
          [
            -6704703.291473699,
            6604612.146741625
          ],
          [
            -6704815.920525803,
            6604612.146741625
          ],
          [
            -6704928.549577908,
            6604612.146741625
          ],
          [
            -6705041.178630012,
            6604612.146741625
          ],
          [
            -6705153.8076821165,
            6604612.146741625
          ],
          [
            -6705266.436734221,
            6604612.146741625
          ],
          [
            -6705379.065786324,
            6604612.146741625
          ],
          [
            -6705491.694838429,
            6604612.146741625
          ],
          [
            -6705604.323890533,
            6604612.146741625
          ],
          [
            -6705716.952942638,
            6604612.146741625
          ],
          [
            -6705829.581994742,
            6604612.146741625
          ],
          [
            -6705942.211046847,
            6604724.775793729
          ],
          [
            -6706054.840098951,
            6604724.775793729
          ],
          [
            -6706167.4691510545,
            6604724.775793729
          ],
          [
            -6706280.098203159,
            6604724.775793729
          ],
          [
            -6706392.727255263,
            6604724.775793729
          ],
          [
            -6706505.356307368,
            6604612.146741625
          ],
          [
            -6706617.985359472,
            6604724.775793729
          ],
          [
            -6706730.614411577,
            6604724.775793729
          ],
          [
            -6706843.243463681,
            6604837.404845834
          ],
          [
            -6706843.243463681,
            6604950.033897938
          ],
          [
            -6706843.243463681,
            6605062.662950043
          ],
          [
            -6706843.243463681,
            6605175.292002146
          ],
          [
            -6706843.243463681,
            6605287.921054251
          ],
          [
            -6706730.614411577,
            6605400.550106355
          ],
          [
            -6706617.985359472,
            6605513.179158459
          ],
          [
            -6706617.985359472,
            6605625.808210564
          ],
          [
            -6706730.614411577,
            6605738.437262668
          ],
          [
            -6706730.614411577,
            6605851.066314773
          ],
          [
            -6706617.985359472,
            6605963.695366876
          ],
          [
            -6706505.356307368,
            6605963.695366876
          ],
          [
            -6706505.356307368,
            6606076.324418981
          ],
          [
            -6706505.356307368,
            6606188.953471085
          ],
          [
            -6706505.356307368,
            6606301.5825231895
          ],
          [
            -6706392.727255263,
            6606414.211575294
          ]
        ]
      },
      "properties": {
        "segment_id": "30_sub21",
        "zone_id": "30",
        "subzone_id": "30_sub21",
        "length_m": 5243.5974782686335,
        "slope": 0.1580005357716849,
        "drop_m": 828.4912109375,
        "downstream_id": "30_sub7",
        "upstream_ids": []
      }
    },
    {
      "type": "Feature",
      "geometry": {
        "type": "LineString",
        "coordinates": [
          [
            -6710447.373131018,
            6606752.098731606
          ],
          [
            -6710447.373131018,
            6606864.727783711
          ],
          [
            -6710447.373131018,
            6606977.356835815
          ],
          [
            -6710447.373131018,
            6607089.98588792
          ],
          [
            -6710447.373131018,
            6607202.614940024
          ],
          [
            -6710447.373131018,
            6607315.243992128
          ],
          [
            -6710447.373131018,
            6607427.873044232
          ],
          [
            -6710334.744078914,
            6607540.502096336
          ],
          [
            -6710222.115026809,
            6607653.131148441
          ],
          [
            -6710109.485974705,
            6607653.131148441
          ],
          [
            -6710109.485974705,
            6607540.502096336
          ],
          [
            -6709996.8569226,
            6607427.873044232
          ],
          [
            -6709884.227870496,
            6607427.873044232
          ],
          [
            -6709771.5988183925,
            6607315.243992128
          ],
          [
            -6709658.969766288,
            6607315.243992128
          ],
          [
            -6709546.340714184,
            6607202.614940024
          ],
          [
            -6709433.711662079,
            6607202.614940024
          ],
          [
            -6709321.082609975,
            6607202.614940024
          ],
          [
            -6709208.45355787,
            6607089.98588792
          ],
          [
            -6709095.824505767,
            6606977.356835815
          ],
          [
            -6708983.195453662,
            6606977.356835815
          ],
          [
            -6708870.566401558,
            6606977.356835815
          ],
          [
            -6708757.937349454,
            6606864.727783711
          ],
          [
            -6708645.308297349,
            6606864.727783711
          ],
          [
            -6708532.679245245,
            6606864.727783711
          ],
          [
            -6708420.05019314,
            6606752.098731606
          ],
          [
            -6708307.421141037,
            6606752.098731606
          ],
          [
            -6708194.792088932,
            6606752.098731606
          ],
          [
            -6708082.163036828,
            6606752.098731606
          ],
          [
            -6707969.5339847235,
            6606752.098731606
          ],
          [
            -6707856.904932619,
            6606752.098731606
          ],
          [
            -6707744.275880515,
            6606752.098731606
          ],
          [
            -6707631.64682841,
            6606864.727783711
          ],
          [
            -6707519.017776307,
            6606977.356835815
          ],
          [
            -6707406.388724202,
            6607089.98588792
          ],
          [
            -6707293.759672098,
            6607202.614940024
          ],
          [
            -6707181.130619993,
            6607202.614940024
          ],
          [
            -6707068.501567889,
            6607315.243992128
          ],
          [
            -6706955.872515785,
            6607427.873044232
          ],
          [
            -6706843.243463681,
            6607540.502096336
          ],
          [
            -6706843.243463681,
            6607653.131148441
          ],
          [
            -6706843.243463681,
            6607765.760200545
          ],
          [
            -6706843.243463681,
            6607878.38925265
          ],
          [
            -6706843.243463681,
            6607991.018304754
          ],
          [
            -6706730.614411577,
            6608103.6473568585
          ],
          [
            -6706617.985359472,
            6608103.6473568585
          ],
          [
            -6706505.356307368,
            6608103.6473568585
          ],
          [
            -6706392.727255263,
            6608103.6473568585
          ]
        ]
      },
      "properties": {
        "segment_id": "30_sub22",
        "zone_id": "30",
        "subzone_id": "30_sub22",
        "length_m": 6086.657624183285,
        "slope": 0.16038193729308642,
        "drop_m": 976.18994140625,
        "downstream_id": "30_sub11",
        "upstream_ids": []
      }
    },
    {
      "type": "Feature",
      "geometry": {
        "type": "LineString",
        "coordinates": [
          [
            -6704365.404317386,
            6607315.243992128
          ],
          [
            -6704365.404317386,
            6607427.873044232
          ],
          [
            -6704365.404317386,
            6607540.502096336
          ],
          [
            -6704365.404317386,
            6607653.131148441
          ],
          [
            -6704365.404317386,
            6607765.760200545
          ],
          [
            -6704365.404317386,
            6607878.38925265
          ],
          [
            -6704365.404317386,
            6607991.018304754
          ],
          [
            -6704365.404317386,
            6608103.6473568585
          ],
          [
            -6704365.404317386,
            6608216.276408962
          ],
          [
            -6704365.404317386,
            6608328.905461066
          ],
          [
            -6704365.404317386,
            6608441.534513171
          ],
          [
            -6704478.033369491,
            6608554.163565275
          ],
          [
            -6704590.662421595,
            6608666.79261738
          ],
          [
            -6704703.291473699,
            6608779.421669484
          ],
          [
            -6704815.920525803,
            6608892.050721589
          ],
          [
            -6704928.549577908,
            6609004.679773692
          ],
          [
            -6705041.178630012,
            6609004.679773692
          ],
          [
            -6705153.8076821165,
            6609117.3088257965
          ],
          [
            -6705266.436734221,
            6609229.937877901
          ],
          [
            -6705379.065786324,
            6609342.566930005
          ],
          [
            -6705491.694838429,
            6609455.19598211
          ],
          [
            -6705604.323890533,
            6609455.19598211
          ],
          [
            -6705716.952942638,
            6609455.19598211
          ],
          [
            -6705829.581994742,
            6609455.19598211
          ],
          [
            -6705942.211046847,
            6609455.19598211
          ]
        ]
      },
      "properties": {
        "segment_id": "30_sub23",
        "zone_id": "30",
        "subzone_id": "30_sub23",
        "length_m": 3122.9695785923655,
        "slope": 0.13652307880218756,
        "drop_m": 426.357421875,
        "downstream_id": "30_sub13",
        "upstream_ids": []
      }
    },
    {
      "type": "Feature",
      "geometry": {
        "type": "LineString",
        "coordinates": [
          [
            -6719795.584455674,
            6621731.762661477
          ],
          [
            -6719682.955403569,
            6621619.133609373
          ],
          [
            -6719570.326351465,
            6621506.504557269
          ],
          [
            -6719457.697299361,
            6621393.875505164
          ],
          [
            -6719345.068247257,
            6621281.24645306
          ],
          [
            -6719232.439195152,
            6621168.617400955
          ],
          [
            -6719119.810143048,
            6621055.988348851
          ],
          [
            -6719007.1810909435,
            6620943.359296747
          ],
          [
            -6718894.552038839,
            6620830.730244643
          ],
          [
            -6718781.922986736,
            6620718.101192539
          ]
        ]
      },
      "properties": {
        "segment_id": "31_sub6",
        "zone_id": "31",
        "subzone_id": "31_sub6",
        "length_m": 1433.5337970271435,
        "slope": 0.00026942543632453114,
        "drop_m": 0.38623046875,
        "downstream_id": "31_sub5",
        "upstream_ids": [
          "31_sub7",
          "31_sub12",
          "31_sub13"
        ]
      }
    },
    {
      "type": "Feature",
      "geometry": {
        "type": "LineString",
        "coordinates": [
          [
            -6706392.727255263,
            6606414.211575294
          ],
          [
            -6706280.098203159,
            6606526.840627398
          ],
          [
            -6706280.098203159,
            6606639.469679503
          ],
          [
            -6706280.098203159,
            6606752.098731606
          ],
          [
            -6706280.098203159,
            6606864.727783711
          ],
          [
            -6706392.727255263,
            6606977.356835815
          ],
          [
            -6706280.098203159,
            6607089.98588792
          ],
          [
            -6706280.098203159,
            6607202.614940024
          ],
          [
            -6706280.098203159,
            6607315.243992128
          ],
          [
            -6706280.098203159,
            6607427.873044232
          ],
          [
            -6706167.4691510545,
            6607540.502096336
          ],
          [
            -6706167.4691510545,
            6607653.131148441
          ],
          [
            -6706280.098203159,
            6607765.760200545
          ],
          [
            -6706280.098203159,
            6607878.38925265
          ],
          [
            -6706280.098203159,
            6607991.018304754
          ],
          [
            -6706280.098203159,
            6608103.6473568585
          ],
          [
            -6706280.098203159,
            6608216.276408962
          ],
          [
            -6706392.727255263,
            6608328.905461066
          ],
          [
            -6706392.727255263,
            6608441.534513171
          ],
          [
            -6706280.098203159,
            6608554.163565275
          ],
          [
            -6706280.098203159,
            6608666.79261738
          ],
          [
            -6706280.098203159,
            6608779.421669484
          ],
          [
            -6706280.098203159,
            6608892.050721589
          ],
          [
            -6706167.4691510545,
            6609004.679773692
          ],
          [
            -6706167.4691510545,
            6609117.3088257965
          ],
          [
            -6706167.4691510545,
            6609229.937877901
          ],
          [
            -6706167.4691510545,
            6609342.566930005
          ],
          [
            -6706054.840098951,
            6609455.19598211
          ],
          [
            -6706054.840098951,
            6609567.825034214
          ],
          [
            -6706167.4691510545,
            6609680.454086318
          ],
          [
            -6706167.4691510545,
            6609793.083138422
          ],
          [
            -6706280.098203159,
            6609905.712190527
          ],
          [
            -6706280.098203159,
            6610018.341242631
          ]
        ]
      },
      "properties": {
        "segment_id": "30_sub7",
        "zone_id": "30",
        "subzone_id": "30_sub7",
        "length_m": 4117.306957223964,
        "slope": 0.009593768133304943,
        "drop_m": 39.50048828125,
        "downstream_id": "30_sub6",
        "upstream_ids": [
          "20_sub1",
          "30_sub21"
        ]
      }
    },
    {
      "type": "Feature",
      "geometry": {
        "type": "LineString",
        "coordinates": [
          [
            -6706392.727255263,
            6608103.6473568585
          ],
          [
            -6706280.098203159,
            6608103.6473568585
          ],
          [
            -6706280.098203159,
            6608216.276408962
          ],
          [
            -6706392.727255263,
            6608328.905461066
          ],
          [
            -6706392.727255263,
            6608441.534513171
          ],
          [
            -6706280.098203159,
            6608554.163565275
          ],
          [
            -6706280.098203159,
            6608666.79261738
          ],
          [
            -6706280.098203159,
            6608779.421669484
          ],
          [
            -6706280.098203159,
            6608892.050721589
          ],
          [
            -6706167.4691510545,
            6609004.679773692
          ],
          [
            -6706167.4691510545,
            6609117.3088257965
          ],
          [
            -6706167.4691510545,
            6609229.937877901
          ],
          [
            -6706167.4691510545,
            6609342.566930005
          ],
          [
            -6706054.840098951,
            6609455.19598211
          ],
          [
            -6706054.840098951,
            6609567.825034214
          ],
          [
            -6706167.4691510545,
            6609680.454086318
          ],
          [
            -6706167.4691510545,
            6609793.083138422
          ],
          [
            -6706280.098203159,
            6609905.712190527
          ],
          [
            -6706280.098203159,
            6610018.341242631
          ]
        ]
      },
      "properties": {
        "segment_id": "30_sub11",
        "zone_id": "30",
        "subzone_id": "30_sub11",
        "length_m": 2307.2378232694273,
        "slope": 0.011775528746317432,
        "drop_m": 27.1689453125,
        "downstream_id": "30_sub6",
        "upstream_ids": [
          "30_sub22"
        ]
      }
    },
    {
      "type": "Feature",
      "geometry": {
        "type": "LineString",
        "coordinates": [
          [
            -6705942.211046847,
            6609455.19598211
          ],
          [
            -6706054.840098951,
            6609455.19598211
          ],
          [
            -6706054.840098951,
            6609567.825034214
          ],
          [
            -6706167.4691510545,
            6609680.454086318
          ],
          [
            -6706167.4691510545,
            6609793.083138422
          ],
          [
            -6706280.098203159,
            6609905.712190527
          ],
          [
            -6706280.098203159,
            6610018.341242631
          ]
        ]
      },
      "properties": {
        "segment_id": "30_sub13",
        "zone_id": "30",
        "subzone_id": "30_sub13",
        "length_m": 769.0792744230139,
        "slope": 0.01580750771319473,
        "drop_m": 12.1572265625,
        "downstream_id": "30_sub6",
        "upstream_ids": [
          "30_sub23"
        ]
      }
    },
    {
      "type": "Feature",
      "geometry": {
        "type": "LineString",
        "coordinates": [
          [
            -6718781.922986736,
            6620718.101192539
          ],
          [
            -6718669.293934631,
            6620605.472140434
          ],
          [
            -6718556.664882527,
            6620492.84308833
          ],
          [
            -6718444.035830422,
            6620380.214036225
          ],
          [
            -6718444.035830422,
            6620267.584984121
          ],
          [
            -6718331.406778318,
            6620154.9559320165
          ],
          [
            -6718218.777726213,
            6620154.9559320165
          ],
          [
            -6718106.148674109,
            6620042.326879913
          ],
          [
            -6717993.5196220055,
            6620042.326879913
          ],
          [
            -6717880.890569901,
            6619929.697827809
          ],
          [
            -6717768.261517797,
            6619817.068775704
          ],
          [
            -6717655.632465692,
            6619817.068775704
          ],
          [
            -6717543.003413588,
            6619817.068775704
          ],
          [
            -6717430.374361483,
            6619929.697827809
          ],
          [
            -6717317.745309379,
            6619929.697827809
          ],
          [
            -6717205.116257275,
            6619929.697827809
          ],
          [
            -6717092.487205171,
            6619929.697827809
          ],
          [
            -6716979.858153067,
            6619929.697827809
          ],
          [
            -6716867.229100962,
            6619929.697827809
          ],
          [
            -6716754.600048858,
            6619929.697827809
          ]
        ]
      },
      "properties": {
        "segment_id": "31_sub5",
        "zone_id": "31",
        "subzone_id": "31_sub5",
        "length_m": 2513.17183717266,
        "slope": 0.0,
        "drop_m": 0.0,
        "downstream_id": "31_sub4",
        "upstream_ids": [
          "31_sub6"
        ]
      }
    },
    {
      "type": "Feature",
      "geometry": {
        "type": "LineString",
        "coordinates": [
          [
            -6706280.098203159,
            6610018.341242631
          ],
          [
            -6706167.4691510545,
            6610130.970294735
          ],
          [
            -6706280.098203159,
            6610243.59934684
          ],
          [
            -6706167.4691510545,
            6610356.228398944
          ],
          [
            -6706167.4691510545,
            6610468.857451048
          ],
          [
            -6706167.4691510545,
            6610581.486503152
          ],
          [
            -6706167.4691510545,
            6610694.115555257
          ],
          [
            -6706167.4691510545,
            6610806.744607361
          ],
          [
            -6706054.840098951,
            6610919.373659465
          ],
          [
            -6706054.840098951,
            6611032.00271157
          ],
          [
            -6706054.840098951,
            6611144.631763674
          ],
          [
            -6705942.211046847,
            6611257.260815778
          ],
          [
            -6705829.581994742,
            6611257.260815778
          ],
          [
            -6705716.952942638,
            6611369.889867882
          ],
          [
            -6705829.581994742,
            6611482.518919987
          ],
          [
            -6705829.581994742,
            6611595.147972091
          ]
        ]
      },
      "properties": {
        "segment_id": "30_sub6",
        "zone_id": "30",
        "subzone_id": "30_sub6",
        "length_m": 2016.0031478563394,
        "slope": 0.005025946625888914,
        "drop_m": 10.13232421875,
        "downstream_id": "30_sub5",
        "upstream_ids": [
          "30_sub7",
          "30_sub11",
          "30_sub13"
        ]
      }
    },
    {
      "type": "Feature",
      "geometry": {
        "type": "LineString",
        "coordinates": [
          [
            -6716754.600048858,
            6619929.697827809
          ],
          [
            -6716641.970996753,
            6619929.697827809
          ],
          [
            -6716529.34194465,
            6619929.697827809
          ],
          [
            -6716416.712892545,
            6619929.697827809
          ],
          [
            -6716304.083840441,
            6619817.068775704
          ],
          [
            -6716191.4547883365,
            6619817.068775704
          ],
          [
            -6716078.825736232,
            6619817.068775704
          ],
          [
            -6715966.196684128,
            6619817.068775704
          ],
          [
            -6715853.567632023,
            6619704.4397236
          ],
          [
            -6715740.93857992,
            6619704.4397236
          ],
          [
            -6715628.309527815,
            6619591.810671495
          ],
          [
            -6715515.680475711,
            6619479.181619391
          ],
          [
            -6715515.680475711,
            6619366.552567287
          ],
          [
            -6715403.051423606,
            6619253.923515183
          ],
          [
            -6715290.422371502,
            6619141.2944630785
          ],
          [
            -6715177.793319398,
            6619141.2944630785
          ],
          [
            -6715065.164267294,
            6619028.665410974
          ],
          [
            -6715065.164267294,
            6618916.03635887
          ],
          [
            -6714952.53521519,
            6618916.03635887
          ],
          [
            -6714839.906163085,
            6618803.407306765
          ],
          [
            -6714727.277110981,
            6618690.778254661
          ],
          [
            -6714614.648058876,
            6618578.149202557
          ]
        ]
      },
      "properties": {
        "segment_id": "31_sub4",
        "zone_id": "31",
        "subzone_id": "31_sub4",
        "length_m": 2831.7349031776876,
        "slope": 0.0,
        "drop_m": 0.0,
        "downstream_id": "31_sub3",
        "upstream_ids": [
          "31_sub5"
        ]
      }
    },
    {
      "type": "Feature",
      "geometry": {
        "type": "LineString",
        "coordinates": [
          [
            -6716078.825736232,
            6619929.697827809
          ],
          [
            -6715966.196684128,
            6619817.068775704
          ],
          [
            -6715853.567632023,
            6619704.4397236
          ],
          [
            -6715740.93857992,
            6619704.4397236
          ],
          [
            -6715628.309527815,
            6619591.810671495
          ],
          [
            -6715515.680475711,
            6619479.181619391
          ],
          [
            -6715515.680475711,
            6619366.552567287
          ],
          [
            -6715403.051423606,
            6619253.923515183
          ],
          [
            -6715290.422371502,
            6619141.2944630785
          ],
          [
            -6715177.793319398,
            6619141.2944630785
          ],
          [
            -6715065.164267294,
            6619028.665410974
          ],
          [
            -6715065.164267294,
            6618916.03635887
          ],
          [
            -6714952.53521519,
            6618916.03635887
          ],
          [
            -6714839.906163085,
            6618803.407306765
          ],
          [
            -6714727.277110981,
            6618690.778254661
          ],
          [
            -6714614.648058876,
            6618578.149202557
          ]
        ]
      },
      "properties": {
        "segment_id": "31_sub11",
        "zone_id": "31",
        "subzone_id": "31_sub11",
        "length_m": 2155.9605905520484,
        "slope": 0.0,
        "drop_m": 0.0,
        "downstream_id": "31_sub3",
        "upstream_ids": []
      }
    },
    {
      "type": "Feature",
      "geometry": {
        "type": "LineString",
        "coordinates": [
          [
            -6705829.581994742,
            6611595.147972091
          ],
          [
            -6705716.952942638,
            6611707.7770241955
          ],
          [
            -6705716.952942638,
            6611820.4060763
          ],
          [
            -6705604.323890533,
            6611933.035128403
          ],
          [
            -6705604.323890533,
            6612045.664180508
          ],
          [
            -6705491.694838429,
            6612158.293232612
          ],
          [
            -6705491.694838429,
            6612270.922284717
          ]
        ]
      },
      "properties": {
        "segment_id": "30_sub5",
        "zone_id": "30",
        "subzone_id": "30_sub5",
        "length_m": 815.7317553225525,
        "slope": -0.0006458685288544068,
        "drop_m": -0.52685546875,
        "downstream_id": "30_sub4",
        "upstream_ids": [
          "30_sub6"
        ]
      }
    },
    {
      "type": "Feature",
      "geometry": {
        "type": "LineString",
        "coordinates": [
          [
            -6713375.72848573,
            6624434.85991198
          ],
          [
            -6713375.72848573,
            6624322.230859876
          ],
          [
            -6713263.099433625,
            6624322.230859876
          ],
          [
            -6713150.470381521,
            6624322.230859876
          ],
          [
            -6713037.841329416,
            6624322.230859876
          ],
          [
            -6712925.212277312,
            6624322.230859876
          ],
          [
            -6712812.583225208,
            6624434.85991198
          ],
          [
            -6712699.954173104,
            6624434.85991198
          ],
          [
            -6712587.3251209995,
            6624547.488964085
          ],
          [
            -6712474.696068895,
            6624547.488964085
          ],
          [
            -6712362.067016791,
            6624547.488964085
          ],
          [
            -6712249.437964686,
            6624660.118016188
          ],
          [
            -6712136.808912582,
            6624772.747068292
          ],
          [
            -6712024.179860478,
            6624772.747068292
          ],
          [
            -6711911.550808374,
            6624772.747068292
          ],
          [
            -6711798.921756269,
            6624772.747068292
          ],
          [
            -6711686.292704165,
            6624772.747068292
          ],
          [
            -6711573.663652061,
            6624772.747068292
          ],
          [
            -6711461.034599956,
            6624660.118016188
          ],
          [
            -6711348.405547852,
            6624547.488964085
          ],
          [
            -6711235.776495748,
            6624547.488964085
          ],
          [
            -6711123.147443644,
            6624547.488964085
          ],
          [
            -6711010.518391539,
            6624434.85991198
          ],
          [
            -6710897.889339435,
            6624322.230859876
          ],
          [
            -6710785.2602873305,
            6624209.601807771
          ],
          [
            -6710672.631235226,
            6624096.972755667
          ],
          [
            -6710560.002183123,
            6623984.343703562
          ],
          [
            -6710447.373131018,
            6623871.714651459
          ],
          [
            -6710334.744078914,
            6623759.0855993545
          ],
          [
            -6710222.115026809,
            6623646.45654725
          ]
        ]
      },
      "properties": {
        "segment_id": "30_sub16",
        "zone_id": "30",
        "subzone_id": "30_sub16",
        "length_m": 3919.3772436075915,
        "slope": 0.18736646605757917,
        "drop_m": 734.35986328125,
        "downstream_id": "30_sub10",
        "upstream_ids": []
      }
    },
    {
      "type": "Feature",
      "geometry": {
        "type": "LineString",
        "coordinates": [
          [
            -6714614.648058876,
            6618578.149202557
          ],
          [
            -6714614.648058876,
            6618465.520150453
          ],
          [
            -6714502.019006772,
            6618352.891098348
          ],
          [
            -6714389.389954668,
            6618240.262046244
          ],
          [
            -6714276.760902564,
            6618240.262046244
          ],
          [
            -6714164.13185046,
            6618127.63299414
          ],
          [
            -6714164.13185046,
            6618015.003942035
          ],
          [
            -6714051.502798355,
            6618015.003942035
          ],
          [
            -6713938.873746251,
            6617902.374889931
          ],
          [
            -6713826.244694146,
            6617789.745837827
          ],
          [
            -6713826.244694146,
            6617677.116785723
          ],
          [
            -6713713.615642042,
            6617564.487733618
          ],
          [
            -6713600.9865899375,
            6617564.487733618
          ],
          [
            -6713488.357537834,
            6617451.858681514
          ],
          [
            -6713375.72848573,
            6617339.2296294095
          ],
          [
            -6713263.099433625,
            6617226.600577305
          ],
          [
            -6713150.470381521,
            6617226.600577305
          ],
          [
            -6713037.841329416,
            6617113.971525202
          ],
          [
            -6713037.841329416,
            6617001.342473097
          ],
          [
            -6712925.212277312,
            6617001.342473097
          ],
          [
            -6712812.583225208,
            6616888.713420993
          ],
          [
            -6712699.954173104,
            6616888.713420993
          ],
          [
            -6712587.3251209995,
            6616776.084368888
          ],
          [
            -6712587.3251209995,
            6616663.455316784
          ],
          [
            -6712474.696068895,
            6616550.826264679
          ],
          [
            -6712362.067016791,
            6616550.826264679
          ],
          [
            -6712249.437964686,
            6616438.197212575
          ],
          [
            -6712136.808912582,
            6616438.197212575
          ],
          [
            -6712024.179860478,
            6616325.5681604715
          ],
          [
            -6711911.550808374,
            6616325.5681604715
          ]
        ]
      },
      "properties": {
        "segment_id": "31_sub3",
        "zone_id": "31",
        "subzone_id": "31_sub3",
        "length_m": 3966.029724506745,
        "slope": 0.0,
        "drop_m": 0.0,
        "downstream_id": "31_sub2",
        "upstream_ids": [
          "31_sub4",
          "31_sub11"
        ]
      }
    },
    {
      "type": "Feature",
      "geometry": {
        "type": "LineString",
        "coordinates": [
          [
            -6705491.694838429,
            6612270.922284717
          ],
          [
            -6705491.694838429,
            6612383.551336821
          ],
          [
            -6705491.694838429,
            6612496.180388926
          ],
          [
            -6705604.323890533,
            6612608.80944103
          ],
          [
            -6705716.952942638,
            6612721.4384931335
          ],
          [
            -6705604.323890533,
            6612834.067545238
          ],
          [
            -6705491.694838429,
            6612946.696597342
          ],
          [
            -6705491.694838429,
            6613059.325649447
          ],
          [
            -6705379.065786324,
            6613171.954701551
          ],
          [
            -6705266.436734221,
            6613284.583753656
          ],
          [
            -6705153.8076821165,
            6613171.954701551
          ],
          [
            -6705041.178630012,
            6613284.583753656
          ],
          [
            -6705041.178630012,
            6613397.212805759
          ],
          [
            -6705041.178630012,
            6613509.841857864
          ],
          [
            -6705041.178630012,
            6613622.470909968
          ],
          [
            -6705153.8076821165,
            6613735.099962072
          ],
          [
            -6705266.436734221,
            6613847.729014177
          ],
          [
            -6705266.436734221,
            6613960.358066281
          ],
          [
            -6705266.436734221,
            6614072.987118386
          ],
          [
            -6705266.436734221,
            6614185.616170489
          ],
          [
            -6705266.436734221,
            6614298.245222594
          ],
          [
            -6705266.436734221,
            6614410.874274698
          ],
          [
            -6705153.8076821165,
            6614523.5033268025
          ],
          [
            -6705153.8076821165,
            6614636.132378907
          ],
          [
            -6705041.178630012,
            6614748.761431011
          ],
          [
            -6705041.178630012,
            6614861.390483116
          ]
        ]
      },
      "properties": {
        "segment_id": "30_sub4",
        "zone_id": "30",
        "subzone_id": "30_sub4",
        "length_m": 3375.556073394093,
        "slope": 0.0037982746497848287,
        "drop_m": 12.8212890625,
        "downstream_id": "30_sub3",
        "upstream_ids": [
          "30_sub5"
        ]
      }
    },
    {
      "type": "Feature",
      "geometry": {
        "type": "LineString",
        "coordinates": [
          [
            -6710222.115026809,
            6623646.45654725
          ],
          [
            -6710109.485974705,
            6623533.827495146
          ],
          [
            -6709996.8569226,
            6623421.198443041
          ],
          [
            -6709884.227870496,
            6623308.569390937
          ],
          [
            -6709771.5988183925,
            6623195.940338832
          ],
          [
            -6709658.969766288,
            6623083.311286729
          ],
          [
            -6709546.340714184,
            6622970.682234624
          ],
          [
            -6709433.711662079,
            6622970.682234624
          ],
          [
            -6709321.082609975,
            6622858.05318252
          ],
          [
            -6709208.45355787,
            6622858.05318252
          ],
          [
            -6709095.824505767,
            6622858.05318252
          ],
          [
            -6708983.195453662,
            6622745.424130416
          ],
          [
            -6708870.566401558,
            6622632.795078311
          ],
          [
            -6708757.937349454,
            6622520.166026207
          ],
          [
            -6708757.937349454,
            6622407.536974102
          ],
          [
            -6708645.308297349,
            6622294.907921999
          ],
          [
            -6708645.308297349,
            6622182.278869894
          ],
          [
            -6708532.679245245,
            6622069.64981779
          ]
        ]
      },
      "properties": {
        "segment_id": "30_sub10",
        "zone_id": "30",
        "subzone_id": "30_sub10",
        "length_m": 2474.5236565589385,
        "slope": 0.029107559169654858,
        "drop_m": 72.02734375,
        "downstream_id": "30_sub9",
        "upstream_ids": [
          "30_sub16"
        ]
      }
    },
    {
      "type": "Feature",
      "geometry": {
        "type": "LineString",
        "coordinates": [
          [
            -6701324.419910571,
            6611933.035128403
          ],
          [
            -6701437.048962675,
            6611820.4060763
          ],
          [
            -6701549.678014779,
            6611820.4060763
          ],
          [
            -6701662.307066883,
            6611820.4060763
          ],
          [
            -6701774.936118987,
            6611820.4060763
          ],
          [
            -6701887.565171092,
            6611820.4060763
          ],
          [
            -6702000.194223196,
            6611820.4060763
          ],
          [
            -6702112.823275301,
            6611820.4060763
          ],
          [
            -6702225.452327405,
            6611820.4060763
          ],
          [
            -6702338.0813795095,
            6611820.4060763
          ],
          [
            -6702450.710431613,
            6611933.035128403
          ],
          [
            -6702563.339483717,
            6611933.035128403
          ],
          [
            -6702675.968535822,
            6611933.035128403
          ],
          [
            -6702788.597587926,
            6611933.035128403
          ],
          [
            -6702901.226640031,
            6611933.035128403
          ],
          [
            -6703013.855692135,
            6611933.035128403
          ],
          [
            -6703126.48474424,
            6612045.664180508
          ],
          [
            -6703239.113796343,
            6612045.664180508
          ],
          [
            -6703351.7428484475,
            6612045.664180508
          ],
          [
            -6703464.371900552,
            6612158.293232612
          ],
          [
            -6703577.000952656,
            6612158.293232612
          ],
          [
            -6703689.630004761,
            6612158.293232612
          ],
          [
            -6703802.259056865,
            6612158.293232612
          ],
          [
            -6703914.888108969,
            6612158.293232612
          ],
          [
            -6704027.517161073,
            6612158.293232612
          ],
          [
            -6704140.146213178,
            6612158.293232612
          ],
          [
            -6704252.775265282,
            6612158.293232612
          ],
          [
            -6704365.404317386,
            6612270.922284717
          ],
          [
            -6704478.033369491,
            6612270.922284717
          ],
          [
            -6704590.662421595,
            6612270.922284717
          ],
          [
            -6704703.291473699,
            6612270.922284717
          ],
          [
            -6704815.920525803,
            6612270.922284717
          ],
          [
            -6704928.549577908,
            6612270.922284717
          ],
          [
            -6705041.178630012,
            6612270.922284717
          ],
          [
            -6705153.8076821165,
            6612270.922284717
          ],
          [
            -6705266.436734221,
            6612270.922284717
          ],
          [
            -6705379.065786324,
            6612270.922284717
          ],
          [
            -6705491.694838429,
            6612383.551336821
          ],
          [
            -6705491.694838429,
            6612496.180388926
          ],
          [
            -6705604.323890533,
            6612608.80944103
          ],
          [
            -6705716.952942638,
            6612721.4384931335
          ],
          [
            -6705604.323890533,
            6612834.067545238
          ],
          [
            -6705491.694838429,
            6612946.696597342
          ],
          [
            -6705491.694838429,
            6613059.325649447
          ],
          [
            -6705379.065786324,
            6613171.954701551
          ],
          [
            -6705266.436734221,
            6613284.583753656
          ],
          [
            -6705153.8076821165,
            6613171.954701551
          ],
          [
            -6705041.178630012,
            6613284.583753656
          ],
          [
            -6705041.178630012,
            6613397.212805759
          ],
          [
            -6705041.178630012,
            6613509.841857864
          ],
          [
            -6705041.178630012,
            6613622.470909968
          ],
          [
            -6705153.8076821165,
            6613735.099962072
          ],
          [
            -6705266.436734221,
            6613847.729014177
          ],
          [
            -6705266.436734221,
            6613960.358066281
          ],
          [
            -6705266.436734221,
            6614072.987118386
          ],
          [
            -6705266.436734221,
            6614185.616170489
          ],
          [
            -6705266.436734221,
            6614298.245222594
          ],
          [
            -6705266.436734221,
            6614410.874274698
          ],
          [
            -6705153.8076821165,
            6614523.5033268025
          ],
          [
            -6705153.8076821165,
            6614636.132378907
          ],
          [
            -6705041.178630012,
            6614748.761431011
          ],
          [
            -6705041.178630012,
            6614861.390483116
          ]
        ]
      },
      "properties": {
        "segment_id": "30_sub14",
        "zone_id": "30",
        "subzone_id": "30_sub14",
        "length_m": 7710.116834540168,
        "slope": 0.11427754995509072,
        "drop_m": 881.09326171875,
        "downstream_id": "30_sub3",
        "upstream_ids": []
      }
    },
    {
      "type": "Feature",
      "geometry": {
        "type": "LineString",
        "coordinates": [
          [
            -6704928.549577908,
            6613622.470909968
          ],
          [
            -6705041.178630012,
            6613622.470909968
          ],
          [
            -6705153.8076821165,
            6613735.099962072
          ],
          [
            -6705266.436734221,
            6613847.729014177
          ],
          [
            -6705266.436734221,
            6613960.358066281
          ],
          [
            -6705266.436734221,
            6614072.987118386
          ],
          [
            -6705266.436734221,
            6614185.616170489
          ],
          [
            -6705266.436734221,
            6614298.245222594
          ],
          [
            -6705266.436734221,
            6614410.874274698
          ],
          [
            -6705153.8076821165,
            6614523.5033268025
          ],
          [
            -6705153.8076821165,
            6614636.132378907
          ],
          [
            -6705041.178630012,
            6614748.761431011
          ],
          [
            -6705041.178630012,
            6614861.390483116
          ]
        ]
      },
      "properties": {
        "segment_id": "30_sub15",
        "zone_id": "30",
        "subzone_id": "30_sub15",
        "length_m": 1538.1585488477306,
        "slope": -0.000605685691958032,
        "drop_m": -0.931640625,
        "downstream_id": "30_sub3",
        "upstream_ids": []
      }
    },
    {
      "type": "Feature",
      "geometry": {
        "type": "LineString",
        "coordinates": [
          [
            -6707969.5339847235,
            6615311.906691533
          ],
          [
            -6707856.904932619,
            6615311.906691533
          ],
          [
            -6707744.275880515,
            6615311.906691533
          ],
          [
            -6707631.64682841,
            6615311.906691533
          ],
          [
            -6707519.017776307,
            6615311.906691533
          ],
          [
            -6707406.388724202,
            6615311.906691533
          ],
          [
            -6707293.759672098,
            6615311.906691533
          ],
          [
            -6707181.130619993,
            6615311.906691533
          ],
          [
            -6707068.501567889,
            6615424.535743637
          ],
          [
            -6706955.872515785,
            6615424.535743637
          ],
          [
            -6706843.243463681,
            6615537.164795741
          ],
          [
            -6706730.614411577,
            6615649.793847845
          ],
          [
            -6706617.985359472,
            6615762.422899949
          ],
          [
            -6706505.356307368,
            6615875.051952054
          ],
          [
            -6706392.727255263,
            6615987.681004158
          ],
          [
            -6706280.098203159,
            6616100.310056263
          ],
          [
            -6706167.4691510545,
            6616100.310056263
          ],
          [
            -6706054.840098951,
            6616100.310056263
          ],
          [
            -6705942.211046847,
            6616212.939108367
          ],
          [
            -6705942.211046847,
            6616325.5681604715
          ],
          [
            -6705829.581994742,
            6616438.197212575
          ],
          [
            -6705716.952942638,
            6616550.826264679
          ],
          [
            -6705716.952942638,
            6616663.455316784
          ],
          [
            -6705716.952942638,
            6616776.084368888
          ]
        ]
      },
      "properties": {
        "segment_id": "30_sub18",
        "zone_id": "30",
        "subzone_id": "30_sub18",
        "length_m": 3056.993007386817,
        "slope": 0.05660273977381888,
        "drop_m": 173.0341796875,
        "downstream_id": "30_sub12",
        "upstream_ids": []
      }
    },
    {
      "type": "Feature",
      "geometry": {
        "type": "LineString",
        "coordinates": [
          [
            -6705379.065786324,
            6614072.987118386
          ],
          [
            -6705266.436734221,
            6614072.987118386
          ],
          [
            -6705266.436734221,
            6614185.616170489
          ],
          [
            -6705266.436734221,
            6614298.245222594
          ],
          [
            -6705266.436734221,
            6614410.874274698
          ],
          [
            -6705153.8076821165,
            6614523.5033268025
          ],
          [
            -6705153.8076821165,
            6614636.132378907
          ],
          [
            -6705041.178630012,
            6614748.761431011
          ],
          [
            -6705041.178630012,
            6614861.390483116
          ]
        ]
      },
      "properties": {
        "segment_id": "30_sub20",
        "zone_id": "30",
        "subzone_id": "30_sub20",
        "length_m": 994.337378631325,
        "slope": 0.0010960502676668322,
        "drop_m": 1.08984375,
        "downstream_id": "30_sub3",
        "upstream_ids": []
      }
    },
    {
      "type": "Feature",
      "geometry": {
        "type": "LineString",
        "coordinates": [
          [
            -6711911.550808374,
            6616325.5681604715
          ],
          [
            -6711798.921756269,
            6616212.939108367
          ],
          [
            -6711686.292704165,
            6616100.310056263
          ],
          [
            -6711573.663652061,
            6616100.310056263
          ],
          [
            -6711461.034599956,
            6615987.681004158
          ],
          [
            -6711348.405547852,
            6615987.681004158
          ],
          [
            -6711235.776495748,
            6616100.310056263
          ],
          [
            -6711123.147443644,
            6616100.310056263
          ],
          [
            -6711010.518391539,
            6616212.939108367
          ],
          [
            -6710897.889339435,
            6616212.939108367
          ],
          [
            -6710785.2602873305,
            6616325.5681604715
          ],
          [
            -6710672.631235226,
            6616438.197212575
          ],
          [
            -6710560.002183123,
            6616550.826264679
          ],
          [
            -6710447.373131018,
            6616663.455316784
          ],
          [
            -6710334.744078914,
            6616776.084368888
          ],
          [
            -6710222.115026809,
            6616888.713420993
          ],
          [
            -6710222.115026809,
            6617001.342473097
          ],
          [
            -6710109.485974705,
            6617113.971525202
          ],
          [
            -6710109.485974705,
            6617226.600577305
          ],
          [
            -6709996.8569226,
            6617339.2296294095
          ],
          [
            -6709996.8569226,
            6617451.858681514
          ],
          [
            -6709996.8569226,
            6617564.487733618
          ],
          [
            -6709996.8569226,
            6617677.116785723
          ],
          [
            -6709996.8569226,
            6617789.745837827
          ],
          [
            -6709884.227870496,
            6617902.374889931
          ],
          [
            -6709771.5988183925,
            6617902.374889931
          ],
          [
            -6709658.969766288,
            6618015.003942035
          ],
          [
            -6709546.340714184,
            6618127.63299414
          ],
          [
            -6709433.711662079,
            6618240.262046244
          ],
          [
            -6709321.082609975,
            6618240.262046244
          ],
          [
            -6709208.45355787,
            6618240.262046244
          ],
          [
            -6709095.824505767,
            6618240.262046244
          ],
          [
            -6708983.195453662,
            6618240.262046244
          ],
          [
            -6708870.566401558,
            6618240.262046244
          ],
          [
            -6708757.937349454,
            6618240.262046244
          ],
          [
            -6708645.308297349,
            6618240.262046244
          ],
          [
            -6708532.679245245,
            6618240.262046244
          ],
          [
            -6708420.05019314,
            6618352.891098348
          ],
          [
            -6708307.421141037,
            6618352.891098348
          ],
          [
            -6708194.792088932,
            6618465.520150453
          ],
          [
            -6708082.163036828,
            6618465.520150453
          ],
          [
            -6707969.5339847235,
            6618352.891098348
          ],
          [
            -6707856.904932619,
            6618240.262046244
          ],
          [
            -6707744.275880515,
            6618352.891098348
          ],
          [
            -6707631.64682841,
            6618240.262046244
          ],
          [
            -6707519.017776307,
            6618240.262046244
          ],
          [
            -6707406.388724202,
            6618240.262046244
          ],
          [
            -6707293.759672098,
            6618352.891098348
          ],
          [
            -6707181.130619993,
            6618352.891098348
          ],
          [
            -6707068.501567889,
            6618352.891098348
          ],
          [
            -6706955.872515785,
            6618465.520150453
          ],
          [
            -6706843.243463681,
            6618578.149202557
          ],
          [
            -6706730.614411577,
            6618578.149202557
          ],
          [
            -6706617.985359472,
            6618578.149202557
          ],
          [
            -6706505.356307368,
            6618578.149202557
          ],
          [
            -6706392.727255263,
            6618578.149202557
          ],
          [
            -6706280.098203159,
            6618690.778254661
          ],
          [
            -6706167.4691510545,
            6618803.407306765
          ],
          [
            -6706054.840098951,
            6618803.407306765
          ],
          [
            -6705942.211046847,
            6618803.407306765
          ],
          [
            -6705829.581994742,
            6618803.407306765
          ],
          [
            -6705716.952942638,
            6618916.03635887
          ],
          [
            -6705604.323890533,
            6619028.665410974
          ],
          [
            -6705491.694838429,
            6619028.665410974
          ],
          [
            -6705379.065786324,
            6619028.665410974
          ]
        ]
      },
      "properties": {
        "segment_id": "31_sub2",
        "zone_id": "31",
        "subzone_id": "31_sub2",
        "length_m": 8607.833761640288,
        "slope": 0.12645662175492278,
        "drop_m": 1088.517578125,
        "downstream_id": "31_sub1",
        "upstream_ids": [
          "31_sub3"
        ]
      }
    },
    {
      "type": "Feature",
      "geometry": {
        "type": "LineString",
        "coordinates": [
          [
            -6709658.969766288,
            6618240.262046244
          ],
          [
            -6709546.340714184,
            6618127.63299414
          ],
          [
            -6709433.711662079,
            6618240.262046244
          ],
          [
            -6709321.082609975,
            6618240.262046244
          ],
          [
            -6709208.45355787,
            6618240.262046244
          ],
          [
            -6709095.824505767,
            6618240.262046244
          ],
          [
            -6708983.195453662,
            6618240.262046244
          ],
          [
            -6708870.566401558,
            6618240.262046244
          ],
          [
            -6708757.937349454,
            6618240.262046244
          ],
          [
            -6708645.308297349,
            6618240.262046244
          ],
          [
            -6708532.679245245,
            6618240.262046244
          ],
          [
            -6708420.05019314,
            6618352.891098348
          ],
          [
            -6708307.421141037,
            6618352.891098348
          ],
          [
            -6708194.792088932,
            6618465.520150453
          ],
          [
            -6708082.163036828,
            6618465.520150453
          ],
          [
            -6707969.5339847235,
            6618352.891098348
          ],
          [
            -6707856.904932619,
            6618240.262046244
          ],
          [
            -6707744.275880515,
            6618352.891098348
          ],
          [
            -6707631.64682841,
            6618240.262046244
          ],
          [
            -6707519.017776307,
            6618240.262046244
          ],
          [
            -6707406.388724202,
            6618240.262046244
          ],
          [
            -6707293.759672098,
            6618352.891098348
          ],
          [
            -6707181.130619993,
            6618352.891098348
          ],
          [
            -6707068.501567889,
            6618352.891098348
          ],
          [
            -6706955.872515785,
            6618465.520150453
          ],
          [
            -6706843.243463681,
            6618578.149202557
          ],
          [
            -6706730.614411577,
            6618578.149202557
          ],
          [
            -6706617.985359472,
            6618578.149202557
          ],
          [
            -6706505.356307368,
            6618578.149202557
          ],
          [
            -6706392.727255263,
            6618578.149202557
          ],
          [
            -6706280.098203159,
            6618690.778254661
          ],
          [
            -6706167.4691510545,
            6618803.407306765
          ],
          [
            -6706054.840098951,
            6618803.407306765
          ],
          [
            -6705942.211046847,
            6618803.407306765
          ],
          [
            -6705829.581994742,
            6618803.407306765
          ],
          [
            -6705716.952942638,
            6618916.03635887
          ],
          [
            -6705604.323890533,
            6619028.665410974
          ],
          [
            -6705491.694838429,
            6619028.665410974
          ],
          [
            -6705379.065786324,
            6619028.665410974
          ]
        ]
      },
      "properties": {
        "segment_id": "31_sub15",
        "zone_id": "31",
        "subzone_id": "31_sub15",
        "length_m": 4979.6911934464415,
        "slope": 0.04625280927748501,
        "drop_m": 230.32470703125,
        "downstream_id": "31_sub1",
        "upstream_ids": []
      }
    },
    {
      "type": "Feature",
      "geometry": {
        "type": "LineString",
        "coordinates": [
          [
            -6705041.178630012,
            6614861.390483116
          ],
          [
            -6704928.549577908,
            6614974.019535219
          ],
          [
            -6704928.549577908,
            6615086.648587324
          ],
          [
            -6705041.178630012,
            6615199.277639428
          ],
          [
            -6705041.178630012,
            6615311.906691533
          ],
          [
            -6705041.178630012,
            6615424.535743637
          ],
          [
            -6705041.178630012,
            6615537.164795741
          ],
          [
            -6705041.178630012,
            6615649.793847845
          ],
          [
            -6705041.178630012,
            6615762.422899949
          ],
          [
            -6705153.8076821165,
            6615875.051952054
          ],
          [
            -6705041.178630012,
            6615987.681004158
          ],
          [
            -6705041.178630012,
            6616100.310056263
          ],
          [
            -6705153.8076821165,
            6616212.939108367
          ],
          [
            -6705266.436734221,
            6616212.939108367
          ],
          [
            -6705379.065786324,
            6616325.5681604715
          ],
          [
            -6705491.694838429,
            6616325.5681604715
          ],
          [
            -6705491.694838429,
            6616438.197212575
          ],
          [
            -6705379.065786324,
            6616550.826264679
          ],
          [
            -6705491.694838429,
            6616663.455316784
          ],
          [
            -6705604.323890533,
            6616776.084368888
          ],
          [
            -6705716.952942638,
            6616888.713420993
          ],
          [
            -6705716.952942638,
            6617001.342473097
          ],
          [
            -6705716.952942638,
            6617113.971525202
          ],
          [
            -6705604.323890533,
            6617226.600577305
          ],
          [
            -6705604.323890533,
            6617339.2296294095
          ],
          [
            -6705604.323890533,
            6617451.858681514
          ],
          [
            -6705491.694838429,
            6617564.487733618
          ],
          [
            -6705379.065786324,
            6617677.116785723
          ],
          [
            -6705379.065786324,
            6617789.745837827
          ],
          [
            -6705491.694838429,
            6617902.374889931
          ],
          [
            -6705379.065786324,
            6618015.003942035
          ],
          [
            -6705379.065786324,
            6618127.63299414
          ],
          [
            -6705379.065786324,
            6618240.262046244
          ],
          [
            -6705266.436734221,
            6618352.891098348
          ],
          [
            -6705266.436734221,
            6618465.520150453
          ],
          [
            -6705153.8076821165,
            6618578.149202557
          ],
          [
            -6705153.8076821165,
            6618690.778254661
          ],
          [
            -6705266.436734221,
            6618803.407306765
          ],
          [
            -6705266.436734221,
            6618916.03635887
          ],
          [
            -6705266.436734221,
            6619028.665410974
          ],
          [
            -6705266.436734221,
            6619141.2944630785
          ],
          [
            -6705153.8076821165,
            6619253.923515183
          ],
          [
            -6705266.436734221,
            6619366.552567287
          ],
          [
            -6705379.065786324,
            6619366.552567287
          ],
          [
            -6705379.065786324,
            6619479.181619391
          ],
          [
            -6705491.694838429,
            6619591.810671495
          ]
        ]
      },
      "properties": {
        "segment_id": "30_sub3",
        "zone_id": "30",
        "subzone_id": "30_sub3",
        "length_m": 6048.009443567816,
        "slope": 0.006910686702374582,
        "drop_m": 41.7958984375,
        "downstream_id": "30_sub2",
        "upstream_ids": [
          "30_sub4",
          "30_sub14",
          "30_sub15",
          "30_sub20"
        ]
      }
    },
    {
      "type": "Feature",
      "geometry": {
        "type": "LineString",
        "coordinates": [
          [
            -6708532.679245245,
            6622069.64981779
          ],
          [
            -6708420.05019314,
            6621957.0207656855
          ],
          [
            -6708307.421141037,
            6621957.0207656855
          ],
          [
            -6708194.792088932,
            6621957.0207656855
          ],
          [
            -6708082.163036828,
            6621957.0207656855
          ],
          [
            -6707969.5339847235,
            6621957.0207656855
          ],
          [
            -6707856.904932619,
            6621957.0207656855
          ],
          [
            -6707744.275880515,
            6622069.64981779
          ],
          [
            -6707631.64682841,
            6622069.64981779
          ],
          [
            -6707519.017776307,
            6622182.278869894
          ],
          [
            -6707406.388724202,
            6622294.907921999
          ],
          [
            -6707293.759672098,
            6622294.907921999
          ],
          [
            -6707181.130619993,
            6622407.536974102
          ],
          [
            -6707068.501567889,
            6622520.166026207
          ],
          [
            -6706955.872515785,
            6622520.166026207
          ],
          [
            -6706843.243463681,
            6622520.166026207
          ],
          [
            -6706730.614411577,
            6622520.166026207
          ],
          [
            -6706617.985359472,
            6622520.166026207
          ],
          [
            -6706505.356307368,
            6622520.166026207
          ],
          [
            -6706392.727255263,
            6622632.795078311
          ],
          [
            -6706280.098203159,
            6622520.166026207
          ],
          [
            -6706167.4691510545,
            6622520.166026207
          ],
          [
            -6706054.840098951,
            6622520.166026207
          ],
          [
            -6705942.211046847,
            6622407.536974102
          ],
          [
            -6705829.581994742,
            6622294.907921999
          ],
          [
            -6705716.952942638,
            6622182.278869894
          ]
        ]
      },
      "properties": {
        "segment_id": "30_sub9",
        "zone_id": "30",
        "subzone_id": "30_sub9",
        "length_m": 3328.903592493623,
        "slope": 0.0420211260125335,
        "drop_m": 139.88427734375,
        "downstream_id": "30_sub8",
        "upstream_ids": [
          "30_sub10"
        ]
      }
    },
    {
      "type": "Feature",
      "geometry": {
        "type": "LineString",
        "coordinates": [
          [
            -6705716.952942638,
            6616776.084368888
          ],
          [
            -6705716.952942638,
            6616888.713420993
          ],
          [
            -6705716.952942638,
            6617001.342473097
          ],
          [
            -6705716.952942638,
            6617113.971525202
          ],
          [
            -6705604.323890533,
            6617226.600577305
          ],
          [
            -6705604.323890533,
            6617339.2296294095
          ],
          [
            -6705604.323890533,
            6617451.858681514
          ],
          [
            -6705491.694838429,
            6617564.487733618
          ],
          [
            -6705379.065786324,
            6617677.116785723
          ],
          [
            -6705379.065786324,
            6617789.745837827
          ],
          [
            -6705491.694838429,
            6617902.374889931
          ],
          [
            -6705379.065786324,
            6618015.003942035
          ],
          [
            -6705379.065786324,
            6618127.63299414
          ],
          [
            -6705379.065786324,
            6618240.262046244
          ],
          [
            -6705266.436734221,
            6618352.891098348
          ],
          [
            -6705266.436734221,
            6618465.520150453
          ],
          [
            -6705153.8076821165,
            6618578.149202557
          ],
          [
            -6705153.8076821165,
            6618690.778254661
          ],
          [
            -6705266.436734221,
            6618803.407306765
          ],
          [
            -6705266.436734221,
            6618916.03635887
          ],
          [
            -6705266.436734221,
            6619028.665410974
          ],
          [
            -6705266.436734221,
            6619141.2944630785
          ],
          [
            -6705153.8076821165,
            6619253.923515183
          ],
          [
            -6705266.436734221,
            6619366.552567287
          ],
          [
            -6705379.065786324,
            6619366.552567287
          ],
          [
            -6705379.065786324,
            6619479.181619391
          ],
          [
            -6705491.694838429,
            6619591.810671495
          ]
        ]
      },
      "properties": {
        "segment_id": "30_sub12",
        "zone_id": "30",
        "subzone_id": "30_sub12",
        "length_m": 3441.5326445980513,
        "slope": 0.0058896815294824404,
        "drop_m": 20.26953125,
        "downstream_id": "30_sub2",
        "upstream_ids": [
          "30_sub18"
        ]
      }
    },
    {
      "type": "Feature",
      "geometry": {
        "type": "LineString",
        "coordinates": [
          [
            -6709996.8569226,
            6620380.214036225
          ],
          [
            -6709884.227870496,
            6620267.584984121
          ],
          [
            -6709771.5988183925,
            6620380.214036225
          ],
          [
            -6709658.969766288,
            6620492.84308833
          ],
          [
            -6709546.340714184,
            6620605.472140434
          ],
          [
            -6709433.711662079,
            6620718.101192539
          ],
          [
            -6709321.082609975,
            6620830.730244643
          ],
          [
            -6709208.45355787,
            6620943.359296747
          ],
          [
            -6709095.824505767,
            6621055.988348851
          ],
          [
            -6709095.824505767,
            6621168.617400955
          ],
          [
            -6709095.824505767,
            6621281.24645306
          ],
          [
            -6708983.195453662,
            6621393.875505164
          ],
          [
            -6708870.566401558,
            6621506.504557269
          ],
          [
            -6708870.566401558,
            6621619.133609373
          ],
          [
            -6708757.937349454,
            6621731.762661477
          ],
          [
            -6708645.308297349,
            6621844.391713581
          ],
          [
            -6708532.679245245,
            6621957.0207656855
          ],
          [
            -6708420.05019314,
            6621957.0207656855
          ],
          [
            -6708307.421141037,
            6621957.0207656855
          ],
          [
            -6708194.792088932,
            6621957.0207656855
          ],
          [
            -6708082.163036828,
            6621957.0207656855
          ],
          [
            -6707969.5339847235,
            6621957.0207656855
          ],
          [
            -6707856.904932619,
            6621957.0207656855
          ],
          [
            -6707744.275880515,
            6622069.64981779
          ],
          [
            -6707631.64682841,
            6622069.64981779
          ],
          [
            -6707519.017776307,
            6622182.278869894
          ],
          [
            -6707406.388724202,
            6622294.907921999
          ],
          [
            -6707293.759672098,
            6622294.907921999
          ],
          [
            -6707181.130619993,
            6622407.536974102
          ],
          [
            -6707068.501567889,
            6622520.166026207
          ],
          [
            -6706955.872515785,
            6622520.166026207
          ],
          [
            -6706843.243463681,
            6622520.166026207
          ],
          [
            -6706730.614411577,
            6622520.166026207
          ],
          [
            -6706617.985359472,
            6622520.166026207
          ],
          [
            -6706505.356307368,
            6622520.166026207
          ],
          [
            -6706392.727255263,
            6622632.795078311
          ],
          [
            -6706280.098203159,
            6622520.166026207
          ],
          [
            -6706167.4691510545,
            6622520.166026207
          ],
          [
            -6706054.840098951,
            6622520.166026207
          ],
          [
            -6705942.211046847,
            6622407.536974102
          ],
          [
            -6705829.581994742,
            6622294.907921999
          ],
          [
            -6705716.952942638,
            6622182.278869894
          ]
        ]
      },
      "properties": {
        "segment_id": "30_sub17",
        "zone_id": "30",
        "subzone_id": "30_sub17",
        "length_m": 5690.798196948407,
        "slope": 0.042040781835673134,
        "drop_m": 239.24560546875,
        "downstream_id": "30_sub8",
        "upstream_ids": []
      }
    },
    {
      "type": "Feature",
      "geometry": {
        "type": "LineString",
        "coordinates": [
          [
            -6705041.178630012,
            6618578.149202557
          ],
          [
            -6705153.8076821165,
            6618578.149202557
          ],
          [
            -6705153.8076821165,
            6618690.778254661
          ],
          [
            -6705266.436734221,
            6618803.407306765
          ],
          [
            -6705266.436734221,
            6618916.03635887
          ],
          [
            -6705266.436734221,
            6619028.665410974
          ],
          [
            -6705266.436734221,
            6619141.2944630785
          ],
          [
            -6705153.8076821165,
            6619253.923515183
          ],
          [
            -6705266.436734221,
            6619366.552567287
          ],
          [
            -6705379.065786324,
            6619366.552567287
          ],
          [
            -6705379.065786324,
            6619479.181619391
          ],
          [
            -6705491.694838429,
            6619591.810671495
          ]
        ]
      },
      "properties": {
        "segment_id": "30_sub24",
        "zone_id": "30",
        "subzone_id": "30_sub24",
        "length_m": 1425.5294967414393,
        "slope": 0.011237600685652879,
        "drop_m": 16.01953125,
        "downstream_id": "30_sub2",
        "upstream_ids": []
      }
    },
    {
      "type": "Feature",
      "geometry": {
        "type": "LineString",
        "coordinates": [
          [
            -6705379.065786324,
            6619028.665410974
          ],
          [
            -6705266.436734221,
            6619028.665410974
          ],
          [
            -6705266.436734221,
            6619141.2944630785
          ],
          [
            -6705153.8076821165,
            6619253.923515183
          ],
          [
            -6705266.436734221,
            6619366.552567287
          ],
          [
            -6705379.065786324,
            6619366.552567287
          ],
          [
            -6705379.065786324,
            6619479.181619391
          ],
          [
            -6705491.694838429,
            6619591.810671495
          ]
        ]
      },
      "properties": {
        "segment_id": "31_sub1",
        "zone_id": "31",
        "subzone_id": "31_sub1",
        "length_m": 928.3608074248457,
        "slope": 0.005650921180690506,
        "drop_m": 5.24609375,
        "downstream_id": "30_sub2",
        "upstream_ids": [
          "31_sub2",
          "31_sub15"
        ]
      }
    },
    {
      "type": "Feature",
      "geometry": {
        "type": "LineString",
        "coordinates": [
          [
            -6705491.694838429,
            6619591.810671495
          ],
          [
            -6705604.323890533,
            6619591.810671495
          ],
          [
            -6705604.323890533,
            6619704.4397236
          ],
          [
            -6705716.952942638,
            6619817.068775704
          ],
          [
            -6705829.581994742,
            6619817.068775704
          ],
          [
            -6705942.211046847,
            6619929.697827809
          ],
          [
            -6705942.211046847,
            6620042.326879913
          ],
          [
            -6705942.211046847,
            6620154.9559320165
          ],
          [
            -6705942.211046847,
            6620267.584984121
          ],
          [
            -6705942.211046847,
            6620380.214036225
          ],
          [
            -6705829.581994742,
            6620492.84308833
          ],
          [
            -6705829.581994742,
            6620605.472140434
          ],
          [
            -6705942.211046847,
            6620718.101192539
          ],
          [
            -6706054.840098951,
            6620830.730244643
          ],
          [
            -6706054.840098951,
            6620943.359296747
          ],
          [
            -6705942.211046847,
            6621055.988348851
          ],
          [
            -6705829.581994742,
            6621168.617400955
          ],
          [
            -6705829.581994742,
            6621281.24645306
          ],
          [
            -6705829.581994742,
            6621393.875505164
          ],
          [
            -6705829.581994742,
            6621506.504557269
          ],
          [
            -6705942.211046847,
            6621619.133609373
          ],
          [
            -6705942.211046847,
            6621731.762661477
          ],
          [
            -6705942.211046847,
            6621844.391713581
          ],
          [
            -6705942.211046847,
            6621957.0207656855
          ],
          [
            -6705829.581994742,
            6622069.64981779
          ],
          [
            -6705716.952942638,
            6622069.64981779
          ],
          [
            -6705604.323890533,
            6622069.64981779
          ],
          [
            -6705491.694838429,
            6622069.64981779
          ],
          [
            -6705379.065786324,
            6622182.278869894
          ],
          [
            -6705266.436734221,
            6622294.907921999
          ],
          [
            -6705153.8076821165,
            6622407.536974102
          ],
          [
            -6705041.178630012,
            6622520.166026207
          ],
          [
            -6704928.549577908,
            6622632.795078311
          ],
          [
            -6704928.549577908,
            6622745.424130416
          ],
          [
            -6704928.549577908,
            6622858.05318252
          ],
          [
            -6705041.178630012,
            6622970.682234624
          ],
          [
            -6705041.178630012,
            6623083.311286729
          ],
          [
            -6704928.549577908,
            6623195.940338832
          ],
          [
            -6704815.920525803,
            6623308.569390937
          ],
          [
            -6704703.291473699,
            6623421.198443041
          ],
          [
            -6704703.291473699,
            6623533.827495146
          ],
          [
            -6704703.291473699,
            6623646.45654725
          ],
          [
            -6704590.662421595,
            6623759.0855993545
          ],
          [
            -6704478.033369491,
            6623871.714651459
          ],
          [
            -6704365.404317386,
            6623871.714651459
          ],
          [
            -6704252.775265282,
            6623984.343703562
          ],
          [
            -6704252.775265282,
            6624096.972755667
          ]
        ]
      },
      "properties": {
        "segment_id": "30_sub2",
        "zone_id": "30",
        "subzone_id": "30_sub2",
        "length_m": 6160.638495674106,
        "slope": 0.004863205208321785,
        "drop_m": 29.96044921875,
        "downstream_id": "30_sub1",
        "upstream_ids": [
          "30_sub3",
          "30_sub12",
          "30_sub24",
          "31_sub1"
        ]
      }
    },
    {
      "type": "Feature",
      "geometry": {
        "type": "LineString",
        "coordinates": [
          [
            -6705716.952942638,
            6622182.278869894
          ],
          [
            -6705716.952942638,
            6622069.64981779
          ],
          [
            -6705604.323890533,
            6622069.64981779
          ],
          [
            -6705491.694838429,
            6622069.64981779
          ],
          [
            -6705379.065786324,
            6622182.278869894
          ],
          [
            -6705266.436734221,
            6622294.907921999
          ],
          [
            -6705153.8076821165,
            6622407.536974102
          ],
          [
            -6705041.178630012,
            6622520.166026207
          ],
          [
            -6704928.549577908,
            6622632.795078311
          ],
          [
            -6704928.549577908,
            6622745.424130416
          ],
          [
            -6704928.549577908,
            6622858.05318252
          ],
          [
            -6705041.178630012,
            6622970.682234624
          ],
          [
            -6705041.178630012,
            6623083.311286729
          ],
          [
            -6704928.549577908,
            6623195.940338832
          ],
          [
            -6704815.920525803,
            6623308.569390937
          ],
          [
            -6704703.291473699,
            6623421.198443041
          ],
          [
            -6704703.291473699,
            6623533.827495146
          ],
          [
            -6704703.291473699,
            6623646.45654725
          ],
          [
            -6704590.662421595,
            6623759.0855993545
          ],
          [
            -6704478.033369491,
            6623871.714651459
          ],
          [
            -6704365.404317386,
            6623871.714651459
          ],
          [
            -6704252.775265282,
            6623984.343703562
          ],
          [
            -6704252.775265282,
            6624096.972755667
          ]
        ]
      },
      "properties": {
        "segment_id": "30_sub8",
        "zone_id": "30",
        "subzone_id": "30_sub8",
        "length_m": 3037.668917080695,
        "slope": 0.004351449114294262,
        "drop_m": 13.21826171875,
        "downstream_id": "30_sub1",
        "upstream_ids": [
          "30_sub9",
          "30_sub17"
        ]
      }
    },
    {
      "type": "Feature",
      "geometry": {
        "type": "LineString",
        "coordinates": [
          [
            -6705153.8076821165,
            6623195.940338832
          ],
          [
            -6705041.178630012,
            6623083.311286729
          ],
          [
            -6704928.549577908,
            6623195.940338832
          ],
          [
            -6704815.920525803,
            6623308.569390937
          ],
          [
            -6704703.291473699,
            6623421.198443041
          ],
          [
            -6704703.291473699,
            6623533.827495146
          ],
          [
            -6704703.291473699,
            6623646.45654725
          ],
          [
            -6704590.662421595,
            6623759.0855993545
          ],
          [
            -6704478.033369491,
            6623871.714651459
          ],
          [
            -6704365.404317386,
            6623871.714651459
          ],
          [
            -6704252.775265282,
            6623984.343703562
          ],
          [
            -6704252.775265282,
            6624096.972755667
          ]
        ]
      },
      "properties": {
        "segment_id": "30_sub19",
        "zone_id": "30",
        "subzone_id": "30_sub19",
        "length_m": 1565.48693943824,
        "slope": 0.005788309828219737,
        "drop_m": 9.0615234375,
        "downstream_id": "30_sub1",
        "upstream_ids": []
      }
    },
    {
      "type": "Feature",
      "geometry": {
        "type": "LineString",
        "coordinates": [
          [
            -6704252.775265282,
            6624096.972755667
          ],
          [
            -6704140.146213178,
            6624209.601807771
          ]
        ]
      },
      "properties": {
        "segment_id": "30_sub1",
        "zone_id": "30",
        "subzone_id": "30_sub1",
        "length_m": 159.28153300330865,
        "slope": -0.0015910065904798639,
        "drop_m": -0.25341796875,
        "downstream_id": "",
        "upstream_ids": [
          "30_sub2",
          "30_sub8",
          "30_sub19"
        ]
      }
    }
  ]
}