{
  "type": "FeatureCollection",
  "features": [
    {
      "type": "Feature",
      "geometry": {
        "type": "Polygon",
        "coordinates": [
          [
            [
              -6688678.962892881,
              6633050.982397958
            ],
            [
              -6688766.280600943,
              6633050.982397958
            ],
            [
              -6688766.280600943,
              6632938.353345853
            ],
            [
              -6688878.909653047,
              6632938.353345853
            ],
            [
              -6688878.909653047,
              6632825.72429375
            ],
            [
              -6689216.796809359,
              6632825.72429375
            ],
            [
              -6689216.796809359,
              6632713.095241645
            ],
            [
              -6689442.054913568,
              6632713.095241645
            ],
            [
              -6689554.683965673,
              6632713.095241645
            ],
            [
              -6689554.683965673,
              6632600.466189541
            ],
            [
              -6689779.942069881,
              6632600.466189541
            ],
            [
              -6689779.942069881,
              6632487.8371374365
            ],
            [
              -6689892.571121985,
              6632487.8371374365
            ],
            [
              -6689892.571121985,
              6632375.208085332
            ],
            [
              -6690117.829226194,
              6632375.208085332
            ],
            [
              -6690117.829226194,
              6632262.579033228
            ],
            [
              -6690230.458278298,
              6632262.579033228
            ],
            [
              -6690230.458278298,
              6632149.949981123
            ],
            [
              -6690343.087330403,
              6632149.949981123
            ],
            [
              -6690343.087330403,
              6631699.433772706
            ],
            [
              -6690455.716382506,
              6631699.433772706
            ],
            [
              -6690455.716382506,
              6631136.288512185
            ],
            [
              -6690568.345434611,
              6631136.288512185
            ],
            [
              -6690568.345434611,
              6630911.030407976
            ],
            [
              -6690680.974486715,
              6630911.030407976
            ],
            [
              -6690680.974486715,
              6630685.7723037675
            ],
            [
              -6690793.60353882,
              6630685.7723037675
            ],
            [
              -6690793.60353882,
              6630573.143251664
            ],
            [
              -6690906.232590924,
              6630573.143251664
            ],
            [
              -6690906.232590924,
              6630460.51419956
            ],
            [
              -6691131.490695133,
              6630460.51419956
            ],
            [
              -6691131.490695133,
              6630122.627043246
            ],
            [
              -6691018.861643028,
              6630122.627043246
            ],
            [
              -6691018.861643028,
              6630009.997991142
            ],
            [
              -6690906.232590924,
              6630009.997991142
            ],
            [
              -6690906.232590924,
              6629784.739886934
            ],
            [
              -6691018.861643028,
              6629784.739886934
            ],
            [
              -6691018.861643028,
              6629672.1108348295
            ],
            [
              -6691244.119747236,
              6629672.1108348295
            ],
            [
              -6691244.119747236,
              6629559.481782725
            ],
            [
              -6691356.748799341,
              6629559.481782725
            ],
            [
              -6691356.748799341,
              6629446.852730621
            ],
            [
              -6691469.377851445,
              6629446.852730621
            ],
            [
              -6691469.377851445,
              6629334.223678516
            ],
            [
              -6691582.00690355,
              6629334.223678516
            ],
            [
              -6691582.00690355,
              6629221.594626412
            ],
            [
              -6691647.372398726,
              6629221.594626412
            ],
            [
              -6694091.363423006,
              6640033.983628424
            ],
            [
              -6694059.846049844,
              6640033.983628424
            ],
            [
              -6694059.846049844,
              6640146.612680528
            ],
            [
              -6693947.21699774,
              6640146.612680528
            ],
            [
              -6693947.21699774,
              6640709.7579410495
            ],
            [
              -6693834.587945635,
              6640709.7579410495
            ],
            [
              -6693834.587945635,
              6640935.016045258
            ],
            [
              -6693721.958893531,
              6640935.016045258
            ],
            [
              -6693721.958893531,
              6641047.645097363
            ],
            [
              -6693665.158251811,
              6641047.645097363
            ],
            [
              -6688678.962892881,
              6633050.982397958
            ]
          ]
        ]
      },
      "properties": {
        "station_id": "station_01"
      }
    },
    {
      "type": "Feature",
      "geometry": {
        "type": "MultiPolygon",
        "coordinates": [
          [
            [
              [
                -6715906.58125126,
                6583252.280226795
              ],
              [
                -6716665.778302226,
                6583606.828524175
              ],
              [
                -6716585.656470701,
                6583606.828524175
              ],
              [
                -6716585.656470701,
                6584169.973784697
              ],
              [
                -6716473.027418598,
                6584169.973784697
              ],
              [
                -6716473.027418598,
                6584395.231888905
              ],
              [
                -6716360.398366493,
                6584395.231888905
              ],
              [
                -6716360.398366493,
                6585296.26430574
              ],
              [
                -6716247.769314389,
                6585296.26430574
              ],
              [
                -6716247.769314389,
                6585408.893357844
              ],
              [
                -6716135.140262284,
                6585408.893357844
              ],
              [
                -6716135.140262284,
                6585859.409566261
              ],
              [
                -6716022.51121018,
                6585859.409566261
              ],
              [
                -6716022.51121018,
                6586084.66767047
              ],
              [
                -6715909.882158075,
                6586084.66767047
              ],
              [
                -6715909.882158075,
                6587323.587243617
              ],
              [
                -6715797.253105972,
                6587323.587243617
              ],
              [
                -6715797.253105972,
                6587436.216295721
              ],
              [
                -6715684.6240538675,
                6587436.216295721
              ],
              [
                -6715684.6240538675,
                6587661.47439993
              ],
              [
                -6715571.995001763,
                6587661.47439993
              ],
              [
                -6715571.995001763,
                6587999.361556242
              ],
              [
                -6715459.365949659,
                6587999.361556242
              ],
              [
                -6715459.365949659,
                6588224.619660451
              ],
              [
                -6715346.736897554,
                6588224.619660451
              ],
              [
                -6715346.736897554,
                6588787.764920972
              ],
              [
                -6715234.10784545,
                6588787.764920972
              ],
              [
                -6715234.10784545,
                6588900.393973077
              ],
              [
                -6715121.478793345,
                6588900.393973077
              ],
              [
                -6715121.478793345,
                6589125.652077286
              ],
              [
                -6715008.849741242,
                6589125.652077286
              ],
              [
                -6715008.849741242,
                6589238.28112939
              ],
              [
                -6714670.962584929,
                6589238.28112939
              ],
              [
                -6714670.962584929,
                6589350.910181494
              ],
              [
                -6714558.333532824,
                6589350.910181494
              ],
              [
                -6714558.333532824,
                6589576.168285702
              ],
              [
                -6714445.70448072,
                6589576.168285702
              ],
              [
                -6714445.70448072,
                6589914.055442016
              ],
              [
                -6714333.075428615,
                6589914.055442016
              ],
              [
                -6714333.075428615,
                6590589.829754641
              ],
              [
                -6714220.446376512,
                6590589.829754641
              ],
              [
                -6714220.446376512,
                6590815.08785885
              ],
              [
                -6714107.817324407,
                6590815.08785885
              ],
              [
                -6714107.817324407,
                6590927.716910955
              ],
              [
                -6713995.188272303,
                6590927.716910955
              ],
              [
                -6713995.188272303,
                6591040.345963058
              ],
              [
                -6713882.559220199,
                6591040.345963058
              ],
              [
                -6713882.559220199,
                6591265.604067267
              ],
              [
                -6713769.930168094,
                6591265.604067267
              ],
              [
                -6713769.930168094,
                6591378.233119371
              ],
              [
                -6713657.30111599,
                6591378.233119371
              ],
              [
                -6713657.30111599,
                6591716.120275684
              ],
              [
                -6713544.672063886,
                6591716.120275684
              ],
              [
                -6713544.672063886,
                6591828.749327788
              ],
              [
                -6713432.043011782,
                6591828.749327788
              ],
              [
                -6713432.043011782,
                6591896.907329619
              ],
              [
                -6711179.461969696,
                6592676.79100799
              ],
              [
                -6711179.461969696,
                6592504.523640414
              ],
              [
                -6711066.832917592,
                6592504.523640414
              ],
              [
                -6711066.832917592,
                6592279.265536206
              ],
              [
                -6711179.461969696,
                6592279.265536206
              ],
              [
                -6711179.461969696,
                6592166.636484101
              ],
              [
                -6711066.832917592,
                6592166.636484101
              ],
              [
                -6711066.832917592,
                6591941.378379893
              ],
              [
                -6711179.461969696,
                6591941.378379893
              ],
              [
                -6711179.461969696,
                6591490.862171476
              ],
              [
                -6711066.832917592,
                6591490.862171476
              ],
              [
                -6711066.832917592,
                6591040.345963058
              ],
              [
                -6710954.203865487,
                6591040.345963058
              ],
              [
                -6710954.203865487,
                6590927.716910955
              ],
              [
                -6710841.574813383,
                6590927.716910955
              ],
              [
                -6710841.574813383,
                6590815.08785885
              ],
              [
                -6710616.316709174,
                6590815.08785885
              ],
              [
                -6710616.316709174,
                6590702.458806746
              ],
              [
                -6710053.171448653,
                6590702.458806746
              ],
              [
                -6710053.171448653,
                6590251.942598328
              ],
              [
                -6710165.800500757,
                6590251.942598328
              ],
              [
                -6710165.800500757,
                6590139.3135462245
              ],
              [
                -6710503.68765707,
                6590139.3135462245
              ],
              [
                -6710503.68765707,
                6590026.68449412
              ],
              [
                -6710841.574813383,
                6590026.68449412
              ],
              [
                -6710841.574813383,
                6590139.3135462245
              ],
              [
                -6711179.461969696,
                6590139.3135462245
              ],
              [
                -6711179.461969696,
                6590026.68449412
              ],
              [
                -6711404.720073904,
                6590026.68449412
              ],
              [
                -6711404.720073904,
                6590139.3135462245
              ],
              [
                -6711967.865334426,
                6590139.3135462245
              ],
              [
                -6711967.865334426,
                6590026.68449412
              ],
              [
                -6712080.4943865305,
                6590026.68449412
              ],
              [
                -6712080.4943865305,
                6589125.652077286
              ],
              [
                -6711404.720073904,
                6589125.652077286
              ],
              [
                -6711404.720073904,
                6589350.910181494
              ],
              [
                -6711066.832917592,
                6589350.910181494
              ],
              [
                -6711066.832917592,
                6589238.28112939
              ],
              [
                -6710954.203865487,
                6589238.28112939
              ],
              [
                -6710954.203865487,
                6589125.652077286
              ],
              [
                -6710841.574813383,
                6589125.652077286
              ],
              [
                -6710841.574813383,
                6589013.023025181
              ],
              [
                -6710503.68765707,
                6589013.023025181
              ],
              [
                -6710503.68765707,
                6588900.393973077
              ],
              [
                -6710278.4295528615,
                6588900.393973077
              ],
              [
                -6710278.4295528615,
                6588787.764920972
              ],
              [
                -6710165.800500757,
                6588787.764920972
              ],
              [
                -6710165.800500757,
                6588675.135868869
              ],
              [
                -6710278.4295528615,
                6588675.135868869
              ],
              [
                -6710278.4295528615,
                6588562.506816764
              ],
              [
                -6710165.800500757,
                6588562.506816764
              ],
              [
                -6710165.800500757,
                6588449.87776466
              ],
              [
                -6710053.171448653,
                6588449.87776466
              ],
              [
                -6710053.171448653,
                6588111.990608347
              ],
              [
                -6710165.800500757,
                6588111.990608347
              ],
              [
                -6710165.800500757,
                6587999.361556242
              ],
              [
                -6710053.171448653,
                6587999.361556242
              ],
              [
                -6710053.171448653,
                6587774.103452034
              ],
              [
                -6710165.800500757,
                6587774.103452034
              ],
              [
                -6710165.800500757,
                6587210.958191512
              ],
              [
                -6710278.4295528615,
                6587210.958191512
              ],
              [
                -6710278.4295528615,
                6586422.554826783
              ],
              [
                -6710053.171448653,
                6586422.554826783
              ],
              [
                -6710053.171448653,
                6586309.925774679
              ],
              [
                -6710165.800500757,
                6586309.925774679
              ],
              [
                -6710165.800500757,
                6585296.26430574
              ],
              [
                -6710053.171448653,
                6585296.26430574
              ],
              [
                -6710053.171448653,
                6584960.778701363
              ],
              [
                -6715906.58125126,
                6583252.280226795
              ]
            ],
            [
              [
                -6712193.123438634,
                6589125.652077286
              ],
              [
                -6712193.123438634,
                6589013.023025181
              ],
              [
                -6712080.4943865305,
                6589013.023025181
              ],
              [
                -6712080.4943865305,
                6589125.652077286
              ],
              [
                -6712193.123438634,
                6589125.652077286
              ]
            ],
            [
              [
                -6714558.333532824,
                6587098.329139409
              ],
              [
                -6714445.70448072,
                6587098.329139409
              ],
              [
                -6714445.70448072,
                6586985.700087304
              ],
              [
                -6714333.075428615,
                6586985.700087304
              ],
              [
                -6714333.075428615,
                6586873.0710352
              ],
              [
                -6714220.446376512,
                6586873.0710352
              ],
              [
                -6714220.446376512,
                6586760.441983095
              ],
              [
                -6714107.817324407,
                6586760.441983095
              ],
              [
                -6714107.817324407,
                6586535.1838788865
              ],
              [
                -6713769.930168094,
                6586535.1838788865
              ],
              [
                -6713769.930168094,
                6586422.554826783
              ],
              [
                -6713319.413959677,
                6586422.554826783
              ],
              [
                -6713319.413959677,
                6586760.441983095
              ],
              [
                -6713432.043011782,
                6586760.441983095
              ],
              [
                -6713432.043011782,
                6586873.0710352
              ],
              [
                -6713544.672063886,
                6586873.0710352
              ],
              [
                -6713544.672063886,
                6586985.700087304
              ],
              [
                -6713657.30111599,
                6586985.700087304
              ],
              [
                -6713657.30111599,
                6587210.958191512
              ],
              [
                -6713769.930168094,
                6587210.958191512
              ],
              [
                -6713769.930168094,
                6587774.103452034
              ],
              [
                -6713882.559220199,
                6587774.103452034
              ],
              [
                -6713882.559220199,
                6587886.732504139
              ],
              [
                -6713995.188272303,
                6587886.732504139
              ],
              [
                -6713995.188272303,
                6587999.361556242
              ],
              [
                -6714107.817324407,
                6587999.361556242
              ],
              [
                -6714107.817324407,
                6588111.990608347
              ],
              [
                -6714220.446376512,
                6588111.990608347
              ],
              [
                -6714220.446376512,
                6588224.619660451
              ],
              [
                -6714333.075428615,
                6588224.619660451
              ],
              [
                -6714333.075428615,
                6588337.2487125555
              ],
              [
                -6714445.70448072,
                6588337.2487125555
              ],
              [
                -6714445.70448072,
                6588449.87776466
              ],
              [
                -6714670.962584929,
                6588449.87776466
              ],
              [
                -6714670.962584929,
                6588562.506816764
              ],
              [
                -6715121.478793345,
                6588562.506816764
              ],
              [
                -6715121.478793345,
                6588675.135868869
              ],
              [
                -6715234.10784545,
                6588675.135868869
              ],
              [
                -6715234.10784545,
                6588224.619660451
              ],
              [
                -6715121.478793345,
                6588224.619660451
              ],
              [
                -6715121.478793345,
                6587323.587243617
              ],
              [
                -6714783.591637033,
                6587323.587243617
              ],
              [
                -6714670.962584929,
                6587323.587243617
              ],
              [
                -6714670.962584929,
                6587210.958191512
              ],
              [
                -6714558.333532824,
                6587210.958191512
              ],
              [
                -6714558.333532824,
                6587098.329139409
              ]
            ]
          ],
          [
            [
              [
                -6708701.622823401,
                6585355.269919715
              ],
              [
                -6708701.622823401,
                6585408.893357844
              ],
              [
                -6708588.993771297,
                6585408.893357844
              ],
              [
                -6708588.993771297,
                6586084.66767047
              ],
              [
                -6708701.622823401,
                6586084.66767047
              ],
              [
                -6708701.622823401,
                6586309.925774679
              ],
              [
                -6708814.251875506,
                6586309.925774679
              ],
              [
                -6708814.251875506,
                6586535.1838788865
              ],
              [
                -6708926.88092761,
                6586535.1838788865
              ],
              [
                -6708926.88092761,
                6586760.441983095
              ],
              [
                -6709039.509979715,
                6586760.441983095
              ],
              [
                -6709039.509979715,
                6586985.700087304
              ],
              [
                -6708926.88092761,
                6586985.700087304
              ],
              [
                -6708926.88092761,
                6586873.0710352
              ],
              [
                -6708476.3647191925,
                6586873.0710352
              ],
              [
                -6708476.3647191925,
                6586760.441983095
              ],
              [
                -6708814.251875506,
                6586760.441983095
              ],
              [
                -6708814.251875506,
                6586647.812930991
              ],
              [
                -6708476.3647191925,
                6586647.812930991
              ],
              [
                -6708476.3647191925,
                6586535.1838788865
              ],
              [
                -6708701.622823401,
                6586535.1838788865
              ],
              [
                -6708701.622823401,
                6586422.554826783
              ],
              [
                -6708476.3647191925,
                6586422.554826783
              ],
              [
                -6708476.3647191925,
                6586309.925774679
              ],
              [
                -6708363.735667088,
                6586309.925774679
              ],
              [
                -6708363.735667088,
                6586084.66767047
              ],
              [
                -6708476.3647191925,
                6586084.66767047
              ],
              [
                -6708476.3647191925,
                6585972.038618365
              ],
              [
                -6708363.735667088,
                6585972.038618365
              ],
              [
                -6708363.735667088,
                6585634.151462053
              ],
              [
                -6708476.3647191925,
                6585634.151462053
              ],
              [
                -6708476.3647191925,
                6585421.018456107
              ],
              [
                -6708701.622823401,
                6585355.269919715
              ]
            ]
          ],
          [
            [
              [
                -6706588.5393174095,
                6585972.038618365
              ],
              [
                -6706674.299885524,
                6585972.038618365
              ],
              [
                -6706674.299885524,
                6586647.812930991
              ],
              [
                -6706786.928937629,
                6586647.812930991
              ],
              [
                -6706786.928937629,
                6587210.958191512
              ],
              [
                -6706899.557989732,
                6587210.958191512
              ],
              [
                -6706899.557989732,
                6588337.2487125555
              ],
              [
                -6706786.928937629,
                6588337.2487125555
              ],
              [
                -6706786.928937629,
                6588675.135868869
              ],
              [
                -6706674.299885524,
                6588675.135868869
              ],
              [
                -6706674.299885524,
                6589463.539233598
              ],
              [
                -6706561.67083342,
                6589463.539233598
              ],
              [
                -6706561.67083342,
                6589576.168285702
              ],
              [
                -6706449.041781316,
                6589576.168285702
              ],
              [
                -6706449.041781316,
                6589688.797337807
              ],
              [
                -6706336.412729211,
                6589688.797337807
              ],
              [
                -6706336.412729211,
                6589801.426389911
              ],
              [
                -6706223.783677107,
                6589801.426389911
              ],
              [
                -6706223.783677107,
                6589914.055442016
              ],
              [
                -6706111.154625002,
                6589914.055442016
              ],
              [
                -6706111.154625002,
                6590026.68449412
              ],
              [
                -6705998.525572899,
                6590026.68449412
              ],
              [
                -6705998.525572899,
                6590139.3135462245
              ],
              [
                -6705885.896520794,
                6590139.3135462245
              ],
              [
                -6705885.896520794,
                6590251.942598328
              ],
              [
                -6705773.26746869,
                6590251.942598328
              ],
              [
                -6705773.26746869,
                6590364.571650432
              ],
              [
                -6705660.6384165855,
                6590364.571650432
              ],
              [
                -6705660.6384165855,
                6590477.200702537
              ],
              [
                -6705548.009364481,
                6590477.200702537
              ],
              [
                -6705548.009364481,
                6590589.829754641
              ],
              [
                -6705435.380312377,
                6590589.829754641
              ],
              [
                -6705435.380312377,
                6590702.458806746
              ],
              [
                -6705210.122208169,
                6590702.458806746
              ],
              [
                -6705210.122208169,
                6590815.08785885
              ],
              [
                -6705097.493156064,
                6590815.08785885
              ],
              [
                -6705097.493156064,
                6590927.716910955
              ],
              [
                -6704984.86410396,
                6590927.716910955
              ],
              [
                -6704984.86410396,
                6591040.345963058
              ],
              [
                -6704872.235051855,
                6591040.345963058
              ],
              [
                -6704872.235051855,
                6591265.604067267
              ],
              [
                -6704759.605999751,
                6591265.604067267
              ],
              [
                -6704759.605999751,
                6591378.233119371
              ],
              [
                -6704646.976947647,
                6591378.233119371
              ],
              [
                -6704646.976947647,
                6591490.862171476
              ],
              [
                -6704534.347895543,
                6591490.862171476
              ],
              [
                -6704534.347895543,
                6591828.749327788
              ],
              [
                -6704421.718843439,
                6591828.749327788
              ],
              [
                -6704421.718843439,
                6592166.636484101
              ],
              [
                -6704534.347895543,
                6592166.636484101
              ],
              [
                -6704534.347895543,
                6592279.265536206
              ],
              [
                -6704646.976947647,
                6592279.265536206
              ],
              [
                -6704646.976947647,
                6592391.89458831
              ],
              [
                -6704759.605999751,
                6592391.89458831
              ],
              [
                -6704759.605999751,
                6592504.523640414
              ],
              [
                -6704872.235051855,
                6592504.523640414
              ],
              [
                -6704872.235051855,
                6592617.152692518
              ],
              [
                -6704984.86410396,
                6592617.152692518
              ],
              [
                -6704984.86410396,
                6592729.781744623
              ],
              [
                -6705210.122208169,
                6592729.781744623
              ],
              [
                -6705210.122208169,
                6592391.89458831
              ],
              [
                -6705097.493156064,
                6592391.89458831
              ],
              [
                -6705097.493156064,
                6592279.265536206
              ],
              [
                -6705210.122208169,
                6592279.265536206
              ],
              [
                -6705210.122208169,
                6592166.636484101
              ],
              [
                -6705322.751260273,
                6592166.636484101
              ],
              [
                -6705322.751260273,
                6592955.0398488315
              ],
              [
                -6705210.122208169,
                6592955.0398488315
              ],
              [
                -6705210.122208169,
                6593067.668900936
              ],
              [
                -6705097.493156064,
                6593067.668900936
              ],
              [
                -6705097.493156064,
                6593630.814161457
              ],
              [
                -6704984.86410396,
                6593630.814161457
              ],
              [
                -6704984.86410396,
                6593743.443213562
              ],
              [
                -6704872.235051855,
                6593743.443213562
              ],
              [
                -6704872.235051855,
                6593856.072265666
              ],
              [
                -6704759.605999751,
                6593856.072265666
              ],
              [
                -6704759.605999751,
                6594869.733734604
              ],
              [
                -6704845.464542457,
                6594869.733734604
              ],
              [
                -6703544.213729831,
                6595320.249943022
              ],
              [
                -6703408.0573745,
                6595320.249943022
              ],
              [
                -6703408.0573745,
                6595207.620890917
              ],
              [
                -6703182.799270291,
                6595207.620890917
              ],
              [
                -6703182.799270291,
                6595320.249943022
              ],
              [
                -6703295.428322395,
                6595320.249943022
              ],
              [
                -6703295.428322395,
                6595406.38388229
              ],
              [
                -6701706.3692484,
                6595956.544437059
              ],
              [
                -6701268.105384518,
                6595398.929123033
              ],
              [
                -6701268.105384518,
                6593856.072265666
              ],
              [
                -6701155.476332414,
                6593856.072265666
              ],
              [
                -6701155.476332414,
                6593743.443213562
              ],
              [
                -6701155.476332414,
                6593630.814161457
              ],
              [
                -6700930.218228205,
                6593630.814161457
              ],
              [
                -6700930.218228205,
                6593518.185109353
              ],
              [
                -6700817.589176102,
                6593518.185109353
              ],
              [
                -6700817.589176102,
                6593405.556057248
              ],
              [
                -6700704.960123997,
                6593405.556057248
              ],
              [
                -6700592.331071893,
                6593405.556057248
              ],
              [
                -6700479.702019788,
                6593405.556057248
              ],
              [
                -6700479.702019788,
                6593292.927005144
              ],
              [
                -6700029.185811372,
                6593292.927005144
              ],
              [
                -6700029.185811372,
                6593180.297953039
              ],
              [
                -6699524.34791475,
                6593180.297953039
              ],
              [
                -6696425.056144034,
                6589236.982757762
              ],
              [
                -6696425.056144034,
                6589125.652077286
              ],
              [
                -6696537.685196138,
                6589125.652077286
              ],
              [
                -6696537.685196138,
                6589013.023025181
              ],
              [
                -6696650.314248242,
                6589013.023025181
              ],
              [
                -6696650.314248242,
                6588900.393973077
              ],
              [
                -6696762.943300347,
                6588900.393973077
              ],
              [
                -6696762.943300347,
                6588839.942348494
              ],
              [
                -6705210.122208169,
                6586374.372233792
              ],
              [
                -6705210.122208169,
                6588787.764920972
              ],
              [
                -6705322.751260273,
                6588787.764920972
              ],
              [
                -6705322.751260273,
                6588675.135868869
              ],
              [
                -6705435.380312377,
                6588675.135868869
              ],
              [
                -6705435.380312377,
                6588562.506816764
              ],
              [
                -6705548.009364481,
                6588562.506816764
              ],
              [
                -6705548.009364481,
                6588337.2487125555
              ],
              [
                -6705435.380312377,
                6588337.2487125555
              ],
              [
                -6705435.380312377,
                6588111.990608347
              ],
              [
                -6705548.009364481,
                6588111.990608347
              ],
              [
                -6705548.009364481,
                6587999.361556242
              ],
              [
                -6705660.6384165855,
                6587999.361556242
              ],
              [
                -6705660.6384165855,
                6587774.103452034
              ],
              [
                -6705773.26746869,
                6587774.103452034
              ],
              [
                -6705773.26746869,
                6586422.554826783
              ],
              [
                -6705885.896520794,
                6586422.554826783
              ],
              [
                -6705885.896520794,
                6586309.925774679
              ],
              [
                -6705998.525572899,
                6586309.925774679
              ],
              [
                -6705998.525572899,
                6586197.296722574
              ],
              [
                -6706111.154625002,
                6586197.296722574
              ],
              [
                -6706111.154625002,
                6586111.378088224
              ],
              [
                -6706202.6659862595,
                6586084.66767047
              ],
              [
                -6706223.783677107,
                6586084.66767047
              ],
              [
                -6706223.783677107,
                6586078.503820028
              ],
              [
                -6706588.5393174095,
                6585972.038618365
              ]
            ],
            [
              [
                -6703182.799270291,
                6595094.991838813
              ],
              [
                -6703070.170218187,
                6595094.991838813
              ],
              [
                -6703070.170218187,
                6595207.620890917
              ],
              [
                -6703182.799270291,
                6595207.620890917
              ],
              [
                -6703182.799270291,
                6595094.991838813
              ]
            ]
          ],
          [
            [
              [
                -6704984.86410396,
                6594821.471123512
              ],
              [
                -6704984.86410396,
                6594757.1046825
              ],
              [
                -6705097.493156064,
                6594757.1046825
              ],
              [
                -6705097.493156064,
                6594644.475630396
              ],
              [
                -6705496.089948767,
                6594644.475630396
              ],
              [
                -6704984.86410396,
                6594821.471123512
              ]
            ]
          ],
          [
            [
              [
                -6705548.009364481,
                6594626.500203919
              ],
              [
                -6705548.009364481,
                6594531.846578292
              ],
              [
                -6705773.26746869,
                6594531.846578292
              ],
              [
                -6705773.26746869,
                6594548.511836082
              ],
              [
                -6705548.009364481,
                6594626.500203919
              ]
            ]
          ],
          [
            [
              [
                -6707124.816093941,
                6594080.581629058
              ],
              [
                -6707124.816093941,
                6593968.7013177695
              ],
              [
                -6707447.966167705,
                6593968.7013177695
              ],
              [
                -6707124.816093941,
                6594080.581629058
              ]
            ]
          ],
          [
            [
              [
                -6707687.961354462,
                6593885.610709466
              ],
              [
                -6707687.961354462,
                6593630.814161457
              ],
              [
                -6707575.332302359,
                6593630.814161457
              ],
              [
                -6707575.332302359,
                6593518.185109353
              ],
              [
                -6707462.7032502545,
                6593518.185109353
              ],
              [
                -6707462.7032502545,
                6593067.668900936
              ],
              [
                -6707012.187041837,
                6593067.668900936
              ],
              [
                -6707012.187041837,
                6592955.0398488315
              ],
              [
                -6706899.557989732,
                6592955.0398488315
              ],
              [
                -6706899.557989732,
                6592842.410796727
              ],
              [
                -6706786.928937629,
                6592842.410796727
              ],
              [
                -6706786.928937629,
                6592729.781744623
              ],
              [
                -6706674.299885524,
                6592729.781744623
              ],
              [
                -6706674.299885524,
                6592279.265536206
              ],
              [
                -6706786.928937629,
                6592279.265536206
              ],
              [
                -6706786.928937629,
                6592391.89458831
              ],
              [
                -6706899.557989732,
                6592391.89458831
              ],
              [
                -6706899.557989732,
                6592504.523640414
              ],
              [
                -6707012.187041837,
                6592504.523640414
              ],
              [
                -6707012.187041837,
                6592617.152692518
              ],
              [
                -6707124.816093941,
                6592617.152692518
              ],
              [
                -6707124.816093941,
                6592729.781744623
              ],
              [
                -6707237.445146046,
                6592729.781744623
              ],
              [
                -6707237.445146046,
                6592842.410796727
              ],
              [
                -6707462.7032502545,
                6592842.410796727
              ],
              [
                -6707462.7032502545,
                6592955.0398488315
              ],
              [
                -6707575.332302359,
                6592955.0398488315
              ],
              [
                -6707575.332302359,
                6592729.781744623
              ],
              [
                -6707687.961354462,
                6592729.781744623
              ],
              [
                -6707687.961354462,
                6592955.0398488315
              ],
              [
                -6707800.590406567,
                6592955.0398488315
              ],
              [
                -6707800.590406567,
                6593405.556057248
              ],
              [
                -6707913.219458671,
                6593405.556057248
              ],
              [
                -6707913.219458671,
                6593630.814161457
              ],
              [
                -6707800.590406567,
                6593630.814161457
              ],
              [
                -6707800.590406567,
                6593846.616525548
              ],
              [
                -6707687.961354462,
                6593885.610709466
              ]
            ]
          ],
          [
            [
              [
                -6707913.219458671,
                6593807.622341629
              ],
              [
                -6707913.219458671,
                6593743.443213562
              ],
              [
                -6708025.848510776,
                6593743.443213562
              ],
              [
                -6708025.848510776,
                6593180.297953039
              ],
              [
                -6707913.219458671,
                6593180.297953039
              ],
              [
                -6707913.219458671,
                6593067.668900936
              ],
              [
                -6708025.848510776,
                6593067.668900936
              ],
              [
                -6708025.848510776,
                6592842.410796727
              ],
              [
                -6708138.47756288,
                6592842.410796727
              ],
              [
                -6708138.47756288,
                6592955.0398488315
              ],
              [
                -6708251.106614985,
                6592955.0398488315
              ],
              [
                -6708251.106614985,
                6593690.639789873
              ],
              [
                -6707913.219458671,
                6593807.622341629
              ]
            ]
          ],
          [
            [
              [
                -6709264.768083923,
                6593339.692134606
              ],
              [
                -6709264.768083923,
                6593292.927005144
              ],
              [
                -6709152.139031818,
                6593292.927005144
              ],
              [
                -6709152.139031818,
                6592729.781744623
              ],
              [
                -6709602.655240236,
                6592729.781744623
              ],
              [
                -6709602.655240236,
                6592842.410796727
              ],
              [
                -6709715.28429234,
                6592842.410796727
              ],
              [
                -6709715.28429234,
                6592955.0398488315
              ],
              [
                -6710165.800500757,
                6592955.0398488315
              ],
              [
                -6710165.800500757,
                6592842.410796727
              ],
              [
                -6710701.093199263,
                6592842.410796727
              ],
              [
                -6709264.768083923,
                6593339.692134606
              ]
            ]
          ],
          [
            [
              [
                -6708363.735667088,
                6585521.5224099485
              ],
              [
                -6708363.735667088,
                6585634.151462053
              ],
              [
                -6708251.106614985,
                6585634.151462053
              ],
              [
                -6708251.106614985,
                6585521.5224099485
              ],
              [
                -6708363.735667088,
                6585521.5224099485
              ]
            ]
          ],
          [
            [
              [
                -6709039.509979715,
                6586985.700087304
              ],
              [
                -6709152.139031818,
                6586985.700087304
              ],
              [
                -6709152.139031818,
                6587210.958191512
              ],
              [
                -6709039.509979715,
                6587210.958191512
              ],
              [
                -6709039.509979715,
                6586985.700087304
              ]
            ]
          ],
          [
            [
              [
                -6709264.768083923,
                6587210.958191512
              ],
              [
                -6709264.768083923,
                6587323.587243617
              ],
              [
                -6709152.139031818,
                6587323.587243617
              ],
              [
                -6709152.139031818,
                6587210.958191512
              ],
              [
                -6709264.768083923,
                6587210.958191512
              ]
            ]
          ],
          [
            [
              [
                -6709264.768083923,
                6587323.587243617
              ],
              [
                -6709377.397136027,
                6587323.587243617
              ],
              [
                -6709377.397136027,
                6587436.216295721
              ],
              [
                -6709264.768083923,
                6587436.216295721
              ],
              [
                -6709264.768083923,
                6587323.587243617
              ]
            ]
          ],
          [
            [
              [
                -6709039.509979715,
                6587661.47439993
              ],
              [
                -6709039.509979715,
                6587548.845347825
              ],
              [
                -6709377.397136027,
                6587548.845347825
              ],
              [
                -6709377.397136027,
                6587436.216295721
              ],
              [
                -6709490.026188131,
                6587436.216295721
              ],
              [
                -6709490.026188131,
                6587548.845347825
              ],
              [
                -6709602.655240236,
                6587548.845347825
              ],
              [
                -6709602.655240236,
                6587774.103452034
              ],
              [
                -6709715.28429234,
                6587774.103452034
              ],
              [
                -6709715.28429234,
                6587999.361556242
              ],
              [
                -6709602.655240236,
                6587999.361556242
              ],
              [
                -6709602.655240236,
                6587886.732504139
              ],
              [
                -6709377.397136027,
                6587886.732504139
              ],
              [
                -6709377.397136027,
                6587774.103452034
              ],
              [
                -6709490.026188131,
                6587774.103452034
              ],
              [
                -6709490.026188131,
                6587661.47439993
              ],
              [
                -6709264.768083923,
                6587661.47439993
              ],
              [
                -6709264.768083923,
                6587774.103452034
              ],
              [
                -6709039.509979715,
                6587774.103452034
              ],
              [
                -6709039.509979715,
                6587886.732504139
              ],
              [
                -6708814.251875506,
                6587886.732504139
              ],
              [
                -6708814.251875506,
                6587661.47439993
              ],
              [
                -6709039.509979715,
                6587661.47439993
              ]
            ]
          ],
          [
            [
              [
                -6709377.397136027,
                6587886.732504139
              ],
              [
                -6709377.397136027,
                6587999.361556242
              ],
              [
                -6709264.768083923,
                6587999.361556242
              ],
              [
                -6709264.768083923,
                6587886.732504139
              ],
              [
                -6709377.397136027,
                6587886.732504139
              ]
            ]
          ],
          [
            [
              [
                -6709715.28429234,
                6587999.361556242
              ],
              [
                -6709827.913344445,
                6587999.361556242
              ],
              [
                -6709827.913344445,
                6588111.990608347
              ],
              [
                -6709715.28429234,
                6588111.990608347
              ],
              [
                -6709715.28429234,
                6587999.361556242
              ]
            ]
          ],
          [
            [
              [
                -6709152.139031818,
                6587999.361556242
              ],
              [
                -6709264.768083923,
                6587999.361556242
              ],
              [
                -6709264.768083923,
                6588111.990608347
              ],
              [
                -6709152.139031818,
                6588111.990608347
              ],
              [
                -6709152.139031818,
                6587999.361556242
              ]
            ]
          ],
          [
            [
              [
                -6709827.913344445,
                6588111.990608347
              ],
              [
                -6709940.542396548,
                6588111.990608347
              ],
              [
                -6709940.542396548,
                6588449.87776466
              ],
              [
                -6709827.913344445,
                6588449.87776466
              ],
              [
                -6709827.913344445,
                6588337.2487125555
              ],
              [
                -6709602.655240236,
                6588337.2487125555
              ],
              [
                -6709602.655240236,
                6588449.87776466
              ],
              [
                -6709490.026188131,
                6588449.87776466
              ],
              [
                -6709490.026188131,
                6588337.2487125555
              ],
              [
                -6709377.397136027,
                6588337.2487125555
              ],
              [
                -6709377.397136027,
                6588224.619660451
              ],
              [
                -6709827.913344445,
                6588224.619660451
              ],
              [
                -6709827.913344445,
                6588111.990608347
              ]
            ]
          ],
          [
            [
              [
                -6709940.542396548,
                6588449.87776466
              ],
              [
                -6710053.171448653,
                6588449.87776466
              ],
              [
                -6710053.171448653,
                6588562.506816764
              ],
              [
                -6709940.542396548,
                6588562.506816764
              ],
              [
                -6709940.542396548,
                6588449.87776466
              ]
            ]
          ],
          [
            [
              [
                -6710165.800500757,
                6588675.135868869
              ],
              [
                -6710053.171448653,
                6588675.135868869
              ],
              [
                -6710053.171448653,
                6588562.506816764
              ],
              [
                -6710165.800500757,
                6588562.506816764
              ],
              [
                -6710165.800500757,
                6588675.135868869
              ]
            ]
          ],
          [
            [
              [
                -6711517.349126008,
                6589576.168285702
              ],
              [
                -6711404.720073904,
                6589576.168285702
              ],
              [
                -6711404.720073904,
                6589350.910181494
              ],
              [
                -6711517.349126008,
                6589350.910181494
              ],
              [
                -6711517.349126008,
                6589463.539233598
              ],
              [
                -6711629.978178113,
                6589463.539233598
              ],
              [
                -6711629.978178113,
                6589688.797337807
              ],
              [
                -6711517.349126008,
                6589688.797337807
              ],
              [
                -6711517.349126008,
                6589576.168285702
              ]
            ]
          ],
          [
            [
              [
                -6711742.607230217,
                6589688.797337807
              ],
              [
                -6711742.607230217,
                6589801.426389911
              ],
              [
                -6711629.978178113,
                6589801.426389911
              ],
              [
                -6711629.978178113,
                6589688.797337807
              ],
              [
                -6711742.607230217,
                6589688.797337807
              ]
            ]
          ],
          [
            [
              [
                -6711742.607230217,
                6589914.055442016
              ],
              [
                -6711742.607230217,
                6589801.426389911
              ],
              [
                -6711855.236282322,
                6589801.426389911
              ],
              [
                -6711855.236282322,
                6589914.055442016
              ],
              [
                -6711742.607230217,
                6589914.055442016
              ]
            ]
          ],
          [
            [
              [
                -6711855.236282322,
                6589914.055442016
              ],
              [
                -6711967.865334426,
                6589914.055442016
              ],
              [
                -6711967.865334426,
                6590026.68449412
              ],
              [
                -6711855.236282322,
                6590026.68449412
              ],
              [
                -6711855.236282322,
                6589914.055442016
              ]
            ]
          ],
          [
            [
              [
                -6707350.07419815,
                6592391.89458831
              ],
              [
                -6707350.07419815,
                6592504.523640414
              ],
              [
                -6707237.445146046,
                6592504.523640414
              ],
              [
                -6707237.445146046,
                6592391.89458831
              ],
              [
                -6707350.07419815,
                6592391.89458831
              ]
            ]
          ],
          [
            [
              [
                -6707350.07419815,
                6592617.152692518
              ],
              [
                -6707350.07419815,
                6592504.523640414
              ],
              [
                -6707462.7032502545,
                6592504.523640414
              ],
              [
                -6707462.7032502545,
                6592617.152692518
              ],
              [
                -6707350.07419815,
                6592617.152692518
              ]
            ]
          ],
          [
            [
              [
                -6707462.7032502545,
                6592617.152692518
              ],
              [
                -6707575.332302359,
                6592617.152692518
              ],
              [
                -6707575.332302359,
                6592729.781744623
              ],
              [
                -6707462.7032502545,
                6592729.781744623
              ],
              [
                -6707462.7032502545,
                6592617.152692518
              ]
            ]
          ],
          [
            [
              [
                -6704984.86410396,
                6591828.749327788
              ],
              [
                -6705210.122208169,
                6591828.749327788
              ],
              [
                -6705210.122208169,
                6592166.636484101
              ],
              [
                -6705097.493156064,
                6592166.636484101
              ],
              [
                -6705097.493156064,
                6591941.378379893
              ],
              [
                -6704984.86410396,
                6591941.378379893
              ],
              [
                -6704984.86410396,
                6591828.749327788
              ]
            ]
          ],
          [
            [
              [
                -6706899.557989732,
                6592054.007431997
              ],
              [
                -6707012.187041837,
                6592054.007431997
              ],
              [
                -6707012.187041837,
                6592166.636484101
              ],
              [
                -6706899.557989732,
                6592166.636484101
              ],
              [
                -6706899.557989732,
                6592054.007431997
              ]
            ]
          ],
          [
            [
              [
                -6707124.816093941,
                6592166.636484101
              ],
              [
                -6707124.816093941,
                6592279.265536206
              ],
              [
                -6707012.187041837,
                6592279.265536206
              ],
              [
                -6707012.187041837,
                6592166.636484101
              ],
              [
                -6707124.816093941,
                6592166.636484101
              ]
            ]
          ],
          [
            [
              [
                -6707124.816093941,
                6592391.89458831
              ],
              [
                -6707124.816093941,
                6592279.265536206
              ],
              [
                -6707237.445146046,
                6592279.265536206
              ],
              [
                -6707237.445146046,
                6592391.89458831
              ],
              [
                -6707124.816093941,
                6592391.89458831
              ]
            ]
          ]
        ]
      },
      "properties": {
        "station_id": "station_02"
      }
    },
    {
      "type": "Feature",
      "geometry": {
        "type": "MultiPolygon",
        "coordinates": [
          [
            [
              [
                -6696682.558750967,
                6599600.153922984
              ],
              [
                -6696650.314248242,
                6599600.153922984
              ],
              [
                -6696650.314248242,
                6599712.782975089
              ],
              [
                -6696537.685196138,
                6599712.782975089
              ],
              [
                -6696537.685196138,
                6599825.412027193
              ],
              [
                -6696425.056144034,
                6599825.412027193
              ],
              [
                -6696425.056144034,
                6599938.041079297
              ],
              [
                -6696199.798039826,
                6599938.041079297
              ],
              [
                -6696199.798039826,
                6600050.670131401
              ],
              [
                -6695974.539935617,
                6600050.670131401
              ],
              [
                -6695974.539935617,
                6600163.299183506
              ],
              [
                -6695861.910883512,
                6600163.299183506
              ],
              [
                -6695861.910883512,
                6600275.92823561
              ],
              [
                -6695749.281831408,
                6600275.92823561
              ],
              [
                -6695749.281831408,
                6600388.557287714
              ],
              [
                -6695636.652779304,
                6600388.557287714
              ],
              [
                -6695636.652779304,
                6600501.186339819
              ],
              [
                -6695411.394675096,
                6600501.186339819
              ],
              [
                -6695411.394675096,
                6600726.444444027
              ],
              [
                -6695298.765622991,
                6600726.444444027
              ],
              [
                -6695298.765622991,
                6600839.073496131
              ],
              [
                -6694960.878466678,
                6600839.073496131
              ],
              [
                -6694960.878466678,
                6600951.702548236
              ],
              [
                -6694848.249414574,
                6600951.702548236
              ],
              [
                -6694848.249414574,
                6601064.33160034
              ],
              [
                -6694848.249414574,
                6601176.9606524445
              ],
              [
                -6694735.62036247,
                6601176.9606524445
              ],
              [
                -6694735.62036247,
                6601289.589704549
              ],
              [
                -6694622.9913103655,
                6601289.589704549
              ],
              [
                -6694622.9913103655,
                6601402.218756653
              ],
              [
                -6694397.733206157,
                6601402.218756653
              ],
              [
                -6694397.733206157,
                6601514.847808757
              ],
              [
                -6694285.104154052,
                6601514.847808757
              ],
              [
                -6694285.104154052,
                6601627.476860861
              ],
              [
                -6694172.475101948,
                6601627.476860861
              ],
              [
                -6694172.475101948,
                6601965.364017175
              ],
              [
                -6694735.62036247,
                6601965.364017175
              ],
              [
                -6694735.62036247,
                6602077.993069279
              ],
              [
                -6694848.249414574,
                6602077.993069279
              ],
              [
                -6694848.249414574,
                6602190.6221213825
              ],
              [
                -6694397.733206157,
                6602190.6221213825
              ],
              [
                -6694397.733206157,
                6602303.251173487
              ],
              [
                -6694510.362258261,
                6602303.251173487
              ],
              [
                -6694510.362258261,
                6602528.509277696
              ],
              [
                -6695186.136570887,
                6602528.509277696
              ],
              [
                -6695186.136570887,
                6602866.396434009
              ],
              [
                -6695298.765622991,
                6602866.396434009
              ],
              [
                -6695298.765622991,
                6603091.654538217
              ],
              [
                -6694848.249414574,
                6603091.654538217
              ],
              [
                -6694848.249414574,
                6603316.912642426
              ],
              [
                -6695186.136570887,
                6603316.912642426
              ],
              [
                -6695186.136570887,
                6603429.54169453
              ],
              [
                -6694960.878466678,
                6603429.54169453
              ],
              [
                -6694960.878466678,
                6603542.170746635
              ],
              [
                -6695073.507518782,
                6603542.170746635
              ],
              [
                -6695073.507518782,
                6603654.799798739
              ],
              [
                -6695186.136570887,
                6603654.799798739
              ],
              [
                -6695186.136570887,
                6603767.428850843
              ],
              [
                -6695298.765622991,
                6603767.428850843
              ],
              [
                -6695298.765622991,
                6603880.057902947
              ],
              [
                -6694960.878466678,
                6603880.057902947
              ],
              [
                -6694960.878466678,
                6603992.6869550515
              ],
              [
                -6694848.249414574,
                6603992.6869550515
              ],
              [
                -6694848.249414574,
                6604105.316007156
              ],
              [
                -6694735.62036247,
                6604105.316007156
              ],
              [
                -6694735.62036247,
                6604217.94505926
              ],
              [
                -6694622.9913103655,
                6604217.94505926
              ],
              [
                -6694622.9913103655,
                6604330.574111365
              ],
              [
                -6694510.362258261,
                6604330.574111365
              ],
              [
                -6694510.362258261,
                6604443.203163468
              ],
              [
                -6693947.21699774,
                6604443.203163468
              ],
              [
                -6693947.21699774,
                6604330.574111365
              ],
              [
                -6693834.587945635,
                6604330.574111365
              ],
              [
                -6693834.587945635,
                6604217.94505926
              ],
              [
                -6693721.958893531,
                6604217.94505926
              ],
              [
                -6693721.958893531,
                6604105.316007156
              ],
              [
                -6693609.329841427,
                6604105.316007156
              ],
              [
                -6693609.329841427,
                6603992.6869550515
              ],
              [
                -6693496.700789322,
                6603992.6869550515
              ],
              [
                -6693496.700789322,
                6603880.057902947
              ],
              [
                -6693384.071737219,
                6603880.057902947
              ],
              [
                -6693384.071737219,
                6603767.428850843
              ],
              [
                -6693271.442685114,
                6603767.428850843
              ],
              [
                -6693271.442685114,
                6603654.799798739
              ],
              [
                -6693046.184580905,
                6603654.799798739
              ],
              [
                -6693046.184580905,
                6603767.428850843
              ],
              [
                -6692820.9264766965,
                6603767.428850843
              ],
              [
                -6692820.9264766965,
                6603880.057902947
              ],
              [
                -6692708.297424592,
                6603880.057902947
              ],
              [
                -6692708.297424592,
                6603767.428850843
              ],
              [
                -6692483.039320384,
                6603767.428850843
              ],
              [
                -6692483.039320384,
                6603654.799798739
              ],
              [
                -6691807.2650077585,
                6603654.799798739
              ],
              [
                -6691807.2650077585,
                6603542.170746635
              ],
              [
                -6691582.00690355,
                6603542.170746635
              ],
              [
                -6691582.00690355,
                6603316.912642426
              ],
              [
                -6691469.377851445,
                6603316.912642426
              ],
              [
                -6691469.377851445,
                6602866.396434009
              ],
              [
                -6691356.748799341,
                6602866.396434009
              ],
              [
                -6691356.748799341,
                6602641.1383298
              ],
              [
                -6691244.119747236,
                6602641.1383298
              ],
              [
                -6691244.119747236,
                6602528.509277696
              ],
              [
                -6691131.490695133,
                6602528.509277696
              ],
              [
                -6691131.490695133,
                6602415.880225591
              ],
              [
                -6691018.861643028,
                6602415.880225591
              ],
              [
                -6691018.861643028,
                6602303.251173487
              ],
              [
                -6690906.232590924,
                6602303.251173487
              ],
              [
                -6690906.232590924,
                6602190.6221213825
              ],
              [
                -6690793.60353882,
                6602190.6221213825
              ],
              [
                -6690793.60353882,
                6602077.993069279
              ],
              [
                -6690680.974486715,
                6602077.993069279
              ],
              [
                -6690680.974486715,
                6601965.364017175
              ],
              [
                -6690906.232590924,
                6601965.364017175
              ],
              [
                -6690906.232590924,
                6601852.73496507
              ],
              [
                -6691018.861643028,
                6601852.73496507
              ],
              [
                -6691018.861643028,
                6601627.476860861
              ],
              [
                -6691131.490695133,
                6601627.476860861
              ],
              [
                -6691131.490695133,
                6601514.847808757
              ],
              [
                -6691469.377851445,
                6601514.847808757
              ],
              [
                -6691469.377851445,
                6601402.218756653
              ],
              [
                -6691694.635955654,
                6601402.218756653
              ],
              [
                -6691694.635955654,
                6601289.589704549
              ],
              [
                -6691807.2650077585,
                6601289.589704549
              ],
              [
                -6691807.2650077585,
                6601176.9606524445
              ],
              [
                -6691919.894059863,
                6601176.9606524445
              ],
              [
                -6691919.894059863,
                6601064.33160034
              ],
              [
                -6692032.523111966,
                6601064.33160034
              ],
              [
                -6692032.523111966,
                6600951.702548236
              ],
              [
                -6692257.781216175,
                6600951.702548236
              ],
              [
                -6692257.781216175,
                6600839.073496131
              ],
              [
                -6692370.41026828,
                6600839.073496131
              ],
              [
                -6692370.41026828,
                6600726.444444027
              ],
              [
                -6692483.039320384,
                6600726.444444027
              ],
              [
                -6692483.039320384,
                6600613.815391923
              ],
              [
                -6692708.297424592,
                6600613.815391923
              ],
              [
                -6692708.297424592,
                6600501.186339819
              ],
              [
                -6692933.555528801,
                6600501.186339819
              ],
              [
                -6692933.555528801,
                6600388.557287714
              ],
              [
                -6693158.81363301,
                6600388.557287714
              ],
              [
                -6693158.81363301,
                6600275.92823561
              ],
              [
                -6693384.071737219,
                6600275.92823561
              ],
              [
                -6693384.071737219,
                6600163.299183506
              ],
              [
                -6693496.700789322,
                6600163.299183506
              ],
              [
                -6693496.700789322,
                6600050.670131401
              ],
              [
                -6693609.329841427,
                6600050.670131401
              ],
              [
                -6693609.329841427,
                6599938.041079297
              ],
              [
                -6693721.958893531,
                6599938.041079297
              ],
              [
                -6693721.958893531,
                6599825.412027193
              ],
              [
                -6693834.587945635,
                6599825.412027193
              ],
              [
                -6693834.587945635,
                6599712.782975089
              ],
              [
                -6693947.21699774,
                6599712.782975089
              ],
              [
                -6693947.21699774,
                6599374.8958187755
              ],
              [
                -6694059.846049844,
                6599374.8958187755
              ],
              [
                -6694059.846049844,
                6599262.266766671
              ],
              [
                -6694285.104154052,
                6599262.266766671
              ],
              [
                -6694285.104154052,
                6599149.637714568
              ],
              [
                -6694397.733206157,
                6599149.637714568
              ],
              [
                -6694397.733206157,
                6599037.008662463
              ],
              [
                -6694510.362258261,
                6599037.008662463
              ],
              [
                -6694510.362258261,
                6598924.379610359
              ],
              [
                -6694960.878466678,
                6598924.379610359
              ],
              [
                -6694960.878466678,
                6598811.750558254
              ],
              [
                -6695073.507518782,
                6598811.750558254
              ],
              [
                -6695073.507518782,
                6598699.12150615
              ],
              [
                -6695124.63488957,
                6598699.12150615
              ],
              [
                -6696682.558750967,
                6599600.153922984
              ]
            ]
          ],
          [
            [
              [
                -6694510.362258261,
                6598343.854110035
              ],
              [
                -6694510.362258261,
                6598473.863401941
              ],
              [
                -6694397.733206157,
                6598473.863401941
              ],
              [
                -6694397.733206157,
                6598699.12150615
              ],
              [
                -6694285.104154052,
                6598699.12150615
              ],
              [
                -6694285.104154052,
                6598924.379610359
              ],
              [
                -6694172.475101948,
                6598924.379610359
              ],
              [
                -6694172.475101948,
                6599037.008662463
              ],
              [
                -6694059.846049844,
                6599037.008662463
              ],
              [
                -6694059.846049844,
                6599149.637714568
              ],
              [
                -6693947.21699774,
                6599149.637714568
              ],
              [
                -6693947.21699774,
                6599374.8958187755
              ],
              [
                -6693834.587945635,
                6599374.8958187755
              ],
              [
                -6693834.587945635,
                6599487.52487088
              ],
              [
                -6693609.329841427,
                6599487.52487088
              ],
              [
                -6693609.329841427,
                6599600.153922984
              ],
              [
                -6693384.071737219,
                6599600.153922984
              ],
              [
                -6693384.071737219,
                6599712.782975089
              ],
              [
                -6693271.442685114,
                6599712.782975089
              ],
              [
                -6693271.442685114,
                6599825.412027193
              ],
              [
                -6693158.81363301,
                6599825.412027193
              ],
              [
                -6693158.81363301,
                6599938.041079297
              ],
              [
                -6693046.184580905,
                6599938.041079297
              ],
              [
                -6693046.184580905,
                6600050.670131401
              ],
              [
                -6692933.555528801,
                6600050.670131401
              ],
              [
                -6692933.555528801,
                6600163.299183506
              ],
              [
                -6692820.9264766965,
                6600163.299183506
              ],
              [
                -6692820.9264766965,
                6600275.92823561
              ],
              [
                -6692257.781216175,
                6600275.92823561
              ],
              [
                -6692257.781216175,
                6600388.557287714
              ],
              [
                -6691919.894059863,
                6600388.557287714
              ],
              [
                -6691919.894059863,
                6600275.92823561
              ],
              [
                -6691807.2650077585,
                6600275.92823561
              ],
              [
                -6691807.2650077585,
                6600163.299183506
              ],
              [
                -6691694.635955654,
                6600163.299183506
              ],
              [
                -6691694.635955654,
                6600050.670131401
              ],
              [
                -6691582.00690355,
                6600050.670131401
              ],
              [
                -6691582.00690355,
                6599938.041079297
              ],
              [
                -6691469.377851445,
                6599938.041079297
              ],
              [
                -6691469.377851445,
                6599825.412027193
              ],
              [
                -6691018.861643028,
                6599825.412027193
              ],
              [
                -6691018.861643028,
                6599600.153922984
              ],
              [
                -6690568.345434611,
                6599600.153922984
              ],
              [
                -6690568.345434611,
                6599037.008662463
              ],
              [
                -6690680.974486715,
                6599037.008662463
              ],
              [
                -6690680.974486715,
                6598924.379610359
              ],
              [
                -6690793.60353882,
                6598924.379610359
              ],
              [
                -6690793.60353882,
                6598811.750558254
              ],
              [
                -6690906.232590924,
                6598811.750558254
              ],
              [
                -6690906.232590924,
                6598699.12150615
              ],
              [
                -6691131.490695133,
                6598699.12150615
              ],
              [
                -6691131.490695133,
                6598586.492454045
              ],
              [
                -6691244.119747236,
                6598586.492454045
              ],
              [
                -6691244.119747236,
                6598473.863401941
              ],
              [
                -6691356.748799341,
                6598473.863401941
              ],
              [
                -6691356.748799341,
                6598361.2343498375
              ],
              [
                -6691469.377851445,
                6598361.2343498375
              ],
              [
                -6691469.377851445,
                6598248.605297733
              ],
              [
                -6691582.00690355,
                6598248.605297733
              ],
              [
                -6691582.00690355,
                6598135.976245629
              ],
              [
                -6691807.2650077585,
                6598135.976245629
              ],
              [
                -6691807.2650077585,
                6598023.347193524
              ],
              [
                -6691919.894059863,
                6598023.347193524
              ],
              [
                -6691919.894059863,
                6597910.71814142
              ],
              [
                -6692032.523111966,
                6597910.71814142
              ],
              [
                -6692032.523111966,
                6597347.572880899
              ],
              [
                -6692145.152164071,
                6597347.572880899
              ],
              [
                -6692145.152164071,
                6597234.943828794
              ],
              [
                -6692257.781216175,
                6597234.943828794
              ],
              [
                -6692257.781216175,
                6597122.31477669
              ],
              [
                -6692370.41026828,
                6597122.31477669
              ],
              [
                -6692370.41026828,
                6597106.203053254
              ],
              [
                -6694510.362258261,
                6598343.854110035
              ]
            ]
          ],
          [
            [
              [
                -6690450.863305381,
                6595996.024255647
              ],
              [
                -6690117.829226194,
                6595996.024255647
              ],
              [
                -6690117.829226194,
                6596108.653307752
              ],
              [
                -6690005.2001740895,
                6596108.653307752
              ],
              [
                -6690005.2001740895,
                6596221.282359855
              ],
              [
                -6689892.571121985,
                6596221.282359855
              ],
              [
                -6689892.571121985,
                6596333.91141196
              ],
              [
                -6689779.942069881,
                6596333.91141196
              ],
              [
                -6689779.942069881,
                6596446.540464064
              ],
              [
                -6689442.054913568,
                6596446.540464064
              ],
              [
                -6689442.054913568,
                6596559.169516169
              ],
              [
                -6689329.425861464,
                6596559.169516169
              ],
              [
                -6689329.425861464,
                6596671.798568273
              ],
              [
                -6689216.796809359,
                6596671.798568273
              ],
              [
                -6689216.796809359,
                6596784.427620377
              ],
              [
                -6689104.167757255,
                6596784.427620377
              ],
              [
                -6689104.167757255,
                6597009.685724585
              ],
              [
                -6688991.538705151,
                6597009.685724585
              ],
              [
                -6688991.538705151,
                6597122.31477669
              ],
              [
                -6689104.167757255,
                6597122.31477669
              ],
              [
                -6689104.167757255,
                6597234.943828794
              ],
              [
                -6688878.909653047,
                6597234.943828794
              ],
              [
                -6688878.909653047,
                6597460.201933003
              ],
              [
                -6688766.280600943,
                6597460.201933003
              ],
              [
                -6688766.280600943,
                6597572.830985107
              ],
              [
                -6688653.651548838,
                6597572.830985107
              ],
              [
                -6688653.651548838,
                6597798.089089315
              ],
              [
                -6688541.022496734,
                6597798.089089315
              ],
              [
                -6688541.022496734,
                6597910.71814142
              ],
              [
                -6688315.764392525,
                6597910.71814142
              ],
              [
                -6688315.764392525,
                6598023.347193524
              ],
              [
                -6687639.990079899,
                6598023.347193524
              ],
              [
                -6687639.990079899,
                6598135.976245629
              ],
              [
                -6687527.361027795,
                6598135.976245629
              ],
              [
                -6687527.361027795,
                6598248.605297733
              ],
              [
                -6687302.102923587,
                6598248.605297733
              ],
              [
                -6687302.102923587,
                6598361.2343498375
              ],
              [
                -6687189.473871483,
                6598361.2343498375
              ],
              [
                -6687189.473871483,
                6598473.863401941
              ],
              [
                -6687076.844819378,
                6598473.863401941
              ],
              [
                -6687076.844819378,
                6598586.492454045
              ],
              [
                -6686626.328610961,
                6598586.492454045
              ],
              [
                -6686626.328610961,
                6598699.12150615
              ],
              [
                -6686401.0705067525,
                6598699.12150615
              ],
              [
                -6686401.0705067525,
                6598811.750558254
              ],
              [
                -6686288.441454648,
                6598811.750558254
              ],
              [
                -6686288.441454648,
                6598924.379610359
              ],
              [
                -6686175.812402544,
                6598924.379610359
              ],
              [
                -6686175.812402544,
                6599149.637714568
              ],
              [
                -6686063.183350439,
                6599149.637714568
              ],
              [
                -6686063.183350439,
                6599262.266766671
              ],
              [
                -6685950.554298336,
                6599262.266766671
              ],
              [
                -6685950.554298336,
                6599374.8958187755
              ],
              [
                -6685837.925246231,
                6599374.8958187755
              ],
              [
                -6685837.925246231,
                6599712.782975089
              ],
              [
                -6685725.296194127,
                6599712.782975089
              ],
              [
                -6685725.296194127,
                6600050.670131401
              ],
              [
                -6685837.925246231,
                6600050.670131401
              ],
              [
                -6685837.925246231,
                6600501.186339819
              ],
              [
                -6685950.554298336,
                6600501.186339819
              ],
              [
                -6685950.554298336,
                6600726.444444027
              ],
              [
                -6685837.925246231,
                6600726.444444027
              ],
              [
                -6685837.925246231,
                6601289.589704549
              ],
              [
                -6685725.296194127,
                6601289.589704549
              ],
              [
                -6685725.296194127,
                6601176.9606524445
              ],
              [
                -6685612.667142022,
                6601176.9606524445
              ],
              [
                -6685612.667142022,
                6601064.33160034
              ],
              [
                -6685274.779985709,
                6601064.33160034
              ],
              [
                -6685274.779985709,
                6600951.702548236
              ],
              [
                -6685162.150933606,
                6600951.702548236
              ],
              [
                -6685162.150933606,
                6600839.073496131
              ],
              [
                -6684824.263777292,
                6600839.073496131
              ],
              [
                -6684824.263777292,
                6600726.444444027
              ],
              [
                -6684711.634725188,
                6600726.444444027
              ],
              [
                -6684711.634725188,
                6600613.815391923
              ],
              [
                -6684599.0056730835,
                6600613.815391923
              ],
              [
                -6684599.0056730835,
                6600388.557287714
              ],
              [
                -6684486.376620979,
                6600388.557287714
              ],
              [
                -6684486.376620979,
                6600275.92823561
              ],
              [
                -6684148.489464667,
                6600275.92823561
              ],
              [
                -6684148.489464667,
                6600163.299183506
              ],
              [
                -6683923.231360458,
                6600163.299183506
              ],
              [
                -6683923.231360458,
                6600050.670131401
              ],
              [
                -6683585.3442041455,
                6600050.670131401
              ],
              [
                -6683585.3442041455,
                6599938.041079297
              ],
              [
                -6683697.97325625,
                6599938.041079297
              ],
              [
                -6683697.97325625,
                6599825.412027193
              ],
              [
                -6683810.602308353,
                6599825.412027193
              ],
              [
                -6683810.602308353,
                6599600.153922984
              ],
              [
                -6683923.231360458,
                6599600.153922984
              ],
              [
                -6683923.231360458,
                6599487.52487088
              ],
              [
                -6684148.489464667,
                6599487.52487088
              ],
              [
                -6684148.489464667,
                6599374.8958187755
              ],
              [
                -6684373.747568876,
                6599374.8958187755
              ],
              [
                -6684373.747568876,
                6599262.266766671
              ],
              [
                -6684486.376620979,
                6599262.266766671
              ],
              [
                -6684486.376620979,
                6598924.379610359
              ],
              [
                -6684599.0056730835,
                6598924.379610359
              ],
              [
                -6684599.0056730835,
                6598811.750558254
              ],
              [
                -6684711.634725188,
                6598811.750558254
              ],
              [
                -6684711.634725188,
                6598699.12150615
              ],
              [
                -6684824.263777292,
                6598699.12150615
              ],
              [
                -6684824.263777292,
                6598586.492454045
              ],
              [
                -6684936.892829397,
                6598586.492454045
              ],
              [
                -6684936.892829397,
                6598473.863401941
              ],
              [
                -6685274.779985709,
                6598473.863401941
              ],
              [
                -6685274.779985709,
                6598361.2343498375
              ],
              [
                -6685612.667142022,
                6598361.2343498375
              ],
              [
                -6685612.667142022,
                6598248.605297733
              ],
              [
                -6685837.925246231,
                6598248.605297733
              ],
              [
                -6685837.925246231,
                6598135.976245629
              ],
              [
                -6685950.554298336,
                6598135.976245629
              ],
              [
                -6685950.554298336,
                6597910.71814142
              ],
              [
                -6686063.183350439,
                6597910.71814142
              ],
              [
                -6686063.183350439,
                6597798.089089315
              ],
              [
                -6686288.441454648,
                6597798.089089315
              ],
              [
                -6686288.441454648,
                6597685.460037211
              ],
              [
                -6686401.0705067525,
                6597685.460037211
              ],
              [
                -6686401.0705067525,
                6597572.830985107
              ],
              [
                -6686851.586715169,
                6597572.830985107
              ],
              [
                -6686851.586715169,
                6597460.201933003
              ],
              [
                -6686964.215767274,
                6597460.201933003
              ],
              [
                -6686964.215767274,
                6597347.572880899
              ],
              [
                -6687076.844819378,
                6597347.572880899
              ],
              [
                -6687076.844819378,
                6597122.31477669
              ],
              [
                -6687189.473871483,
                6597122.31477669
              ],
              [
                -6687189.473871483,
                6597009.685724585
              ],
              [
                -6687302.102923587,
                6597009.685724585
              ],
              [
                -6687302.102923587,
                6596897.056672482
              ],
              [
                -6687189.473871483,
                6596897.056672482
              ],
              [
                -6687189.473871483,
                6596671.798568273
              ],
              [
                -6687302.102923587,
                6596671.798568273
              ],
              [
                -6687302.102923587,
                6596446.540464064
              ],
              [
                -6687414.731975691,
                6596446.540464064
              ],
              [
                -6687414.731975691,
                6596333.91141196
              ],
              [
                -6687527.361027795,
                6596333.91141196
              ],
              [
                -6687527.361027795,
                6595770.7661514385
              ],
              [
                -6687639.990079899,
                6595770.7661514385
              ],
              [
                -6687639.990079899,
                6595545.50804723
              ],
              [
                -6687865.248184108,
                6595545.50804723
              ],
              [
                -6687865.248184108,
                6595432.878995125
              ],
              [
                -6687865.248184108,
                6594500.621881083
              ],
              [
                -6690450.863305381,
                6595996.024255647
              ]
            ]
          ],
          [
            [
              [
                -6698711.365572373,
                6612890.38207129
              ],
              [
                -6698677.637186119,
                6612890.38207129
              ],
              [
                -6698677.637186119,
                6612665.123967081
              ],
              [
                -6698565.008134016,
                6612665.123967081
              ],
              [
                -6698565.008134016,
                6612439.865862873
              ],
              [
                -6698452.379081911,
                6612439.865862873
              ],
              [
                -6698452.379081911,
                6612327.236810769
              ],
              [
                -6698339.750029807,
                6612327.236810769
              ],
              [
                -6698339.750029807,
                6612214.6077586645
              ],
              [
                -6698227.120977703,
                6612214.6077586645
              ],
              [
                -6698227.120977703,
                6612101.97870656
              ],
              [
                -6698114.491925598,
                6612101.97870656
              ],
              [
                -6698114.491925598,
                6611989.349654456
              ],
              [
                -6698001.862873494,
                6611989.349654456
              ],
              [
                -6698001.862873494,
                6611876.720602352
              ],
              [
                -6697889.23382139,
                6611876.720602352
              ],
              [
                -6697889.23382139,
                6611764.091550248
              ],
              [
                -6697776.604769286,
                6611764.091550248
              ],
              [
                -6697776.604769286,
                6611651.462498143
              ],
              [
                -6697663.975717181,
                6611651.462498143
              ],
              [
                -6697663.975717181,
                6611313.57534183
              ],
              [
                -6697551.346665077,
                6611313.57534183
              ],
              [
                -6697551.346665077,
                6610863.059133413
              ],
              [
                -6697438.7176129725,
                6610863.059133413
              ],
              [
                -6697438.7176129725,
                6610412.5429249955
              ],
              [
                -6697551.346665077,
                6610412.5429249955
              ],
              [
                -6697551.346665077,
                6610525.1719771
              ],
              [
                -6697663.975717181,
                6610525.1719771
              ],
              [
                -6697663.975717181,
                6610750.430081309
              ],
              [
                -6698790.266238224,
                6610750.430081309
              ],
              [
                -6698790.266238224,
                6610863.059133413
              ],
              [
                -6698888.581686361,
                6610863.059133413
              ],
              [
                -6698711.365572373,
                6612890.38207129
              ]
            ]
          ],
          [
            [
              [
                -6699371.003329991,
                6605344.235580303
              ],
              [
                -6699353.411498746,
                6605344.235580303
              ],
              [
                -6699353.411498746,
                6605231.606528198
              ],
              [
                -6699240.7824466415,
                6605231.606528198
              ],
              [
                -6699240.7824466415,
                6605118.977476095
              ],
              [
                -6699128.153394537,
                6605118.977476095
              ],
              [
                -6699128.153394537,
                6605006.34842399
              ],
              [
                -6699015.524342433,
                6605006.34842399
              ],
              [
                -6699015.524342433,
                6604781.090319782
              ],
              [
                -6699420.230028321,
                6604781.090319782
              ],
              [
                -6699371.003329991,
                6605344.235580303
              ]
            ]
          ]
        ]
      },
      "properties": {
        "station_id": "station_03"
      }
    },
    {
      "type": "Feature",
      "geometry": {
        "type": "MultiPolygon",
        "coordinates": [
          [
            [
              [
                -6705210.122208169,
                6613853.433550205
              ],
              [
                -6705210.122208169,
                6613791.414488125
              ],
              [
                -6705322.751260273,
                6613791.414488125
              ],
              [
                -6705322.751260273,
                6613837.739989832
              ],
              [
                -6705210.122208169,
                6613853.433550205
              ]
            ]
          ],
          [
            [
              [
                -6704984.86410396,
                6613884.820670951
              ],
              [
                -6704984.86410396,
                6613791.414488125
              ],
              [
                -6705097.493156064,
                6613791.414488125
              ],
              [
                -6705097.493156064,
                6613869.127110578
              ],
              [
                -6704984.86410396,
                6613884.820670951
              ]
            ]
          ],
          [
            [
              [
                -6700930.218228205,
                6614449.78884438
              ],
              [
                -6700930.218228205,
                6614354.559748646
              ],
              [
                -6701042.84728031,
                6614354.559748646
              ],
              [
                -6701042.84728031,
                6614241.930696541
              ],
              [
                -6701155.476332414,
                6614241.930696541
              ],
              [
                -6701155.476332414,
                6614129.301644438
              ],
              [
                -6701268.105384518,
                6614129.301644438
              ],
              [
                -6701268.105384518,
                6614016.6725923335
              ],
              [
                -6701380.734436623,
                6614016.6725923335
              ],
              [
                -6701380.734436623,
                6613904.043540229
              ],
              [
                -6701493.363488727,
                6613904.043540229
              ],
              [
                -6701493.363488727,
                6613791.414488125
              ],
              [
                -6701605.992540832,
                6613791.414488125
              ],
              [
                -6701605.992540832,
                6613678.78543602
              ],
              [
                -6701718.621592935,
                6613678.78543602
              ],
              [
                -6701718.621592935,
                6613566.156383916
              ],
              [
                -6701831.25064504,
                6613566.156383916
              ],
              [
                -6701831.25064504,
                6613453.527331811
              ],
              [
                -6702281.766853457,
                6613453.527331811
              ],
              [
                -6702281.766853457,
                6613566.156383916
              ],
              [
                -6704421.718843439,
                6613566.156383916
              ],
              [
                -6704421.718843439,
                6613904.043540229
              ],
              [
                -6704646.976947647,
                6613904.043540229
              ],
              [
                -6704646.976947647,
                6613931.90135207
              ],
              [
                -6700930.218228205,
                6614449.78884438
              ]
            ]
          ],
          [
            [
              [
                -6698888.581686361,
                6610863.059133413
              ],
              [
                -6698902.895290328,
                6610863.059133413
              ],
              [
                -6698902.895290328,
                6610975.688185518
              ],
              [
                -6699015.524342433,
                6610975.688185518
              ],
              [
                -6699015.524342433,
                6611088.317237622
              ],
              [
                -6699128.153394537,
                6611088.317237622
              ],
              [
                -6699128.153394537,
                6611200.946289726
              ],
              [
                -6699240.7824466415,
                6611200.946289726
              ],
              [
                -6699240.7824466415,
                6611313.57534183
              ],
              [
                -6699353.411498746,
                6611313.57534183
              ],
              [
                -6699353.411498746,
                6611426.204393934
              ],
              [
                -6699466.040550849,
                6611426.204393934
              ],
              [
                -6699466.040550849,
                6611538.833446039
              ],
              [
                -6699578.669602954,
                6611538.833446039
              ],
              [
                -6699578.669602954,
                6611651.462498143
              ],
              [
                -6699691.298655058,
                6611651.462498143
              ],
              [
                -6699691.298655058,
                6611764.091550248
              ],
              [
                -6699916.556759267,
                6611764.091550248
              ],
              [
                -6699916.556759267,
                6611876.720602352
              ],
              [
                -6701155.476332414,
                6611876.720602352
              ],
              [
                -6701155.476332414,
                6611989.349654456
              ],
              [
                -6701380.734436623,
                6611989.349654456
              ],
              [
                -6701380.734436623,
                6611876.720602352
              ],
              [
                -6701380.734436623,
                6611764.091550248
              ],
              [
                -6701155.476332414,
                6611764.091550248
              ],
              [
                -6701155.476332414,
                6611651.462498143
              ],
              [
                -6700930.218228205,
                6611651.462498143
              ],
              [
                -6700930.218228205,
                6611538.833446039
              ],
              [
                -6700817.589176102,
                6611538.833446039
              ],
              [
                -6700817.589176102,
                6611426.204393934
              ],
              [
                -6700704.960123997,
                6611426.204393934
              ],
              [
                -6700704.960123997,
                6611313.57534183
              ],
              [
                -6700592.331071893,
                6611313.57534183
              ],
              [
                -6700592.331071893,
                6611200.946289726
              ],
              [
                -6700479.702019788,
                6611200.946289726
              ],
              [
                -6700479.702019788,
                6611088.317237622
              ],
              [
                -6700367.072967684,
                6611088.317237622
              ],
              [
                -6700367.072967684,
                6610975.688185518
              ],
              [
                -6700254.4439155795,
                6610975.688185518
              ],
              [
                -6700254.4439155795,
                6610863.059133413
              ],
              [
                -6700141.814863475,
                6610863.059133413
              ],
              [
                -6700141.814863475,
                6609962.026716579
              ],
              [
                -6700367.072967684,
                6609962.026716579
              ],
              [
                -6700367.072967684,
                6610299.913872892
              ],
              [
                -6700479.702019788,
                6610299.913872892
              ],
              [
                -6700479.702019788,
                6610412.5429249955
              ],
              [
                -6700592.331071893,
                6610412.5429249955
              ],
              [
                -6700592.331071893,
                6610525.1719771
              ],
              [
                -6700704.960123997,
                6610525.1719771
              ],
              [
                -6700704.960123997,
                6611200.946289726
              ],
              [
                -6700817.589176102,
                6611200.946289726
              ],
              [
                -6700817.589176102,
                6610525.1719771
              ],
              [
                -6700817.589176102,
                6610187.284820788
              ],
              [
                -6700704.960123997,
                6610187.284820788
              ],
              [
                -6700704.960123997,
                6610074.655768683
              ],
              [
                -6700592.331071893,
                6610074.655768683
              ],
              [
                -6700592.331071893,
                6609962.026716579
              ],
              [
                -6700479.702019788,
                6609962.026716579
              ],
              [
                -6700479.702019788,
                6609849.397664474
              ],
              [
                -6700367.072967684,
                6609849.397664474
              ],
              [
                -6700367.072967684,
                6609736.76861237
              ],
              [
                -6700254.4439155795,
                6609736.76861237
              ],
              [
                -6700254.4439155795,
                6608272.590935014
              ],
              [
                -6700367.072967684,
                6608272.590935014
              ],
              [
                -6700367.072967684,
                6608385.219987119
              ],
              [
                -6700479.702019788,
                6608385.219987119
              ],
              [
                -6700479.702019788,
                6608497.849039223
              ],
              [
                -6700592.331071893,
                6608497.849039223
              ],
              [
                -6700592.331071893,
                6608610.4780913275
              ],
              [
                -6700817.589176102,
                6608610.4780913275
              ],
              [
                -6700817.589176102,
                6608723.107143432
              ],
              [
                -6700930.218228205,
                6608723.107143432
              ],
              [
                -6700930.218228205,
                6608835.736195536
              ],
              [
                -6701268.105384518,
                6608835.736195536
              ],
              [
                -6701268.105384518,
                6608948.36524764
              ],
              [
                -6702169.137801353,
                6608948.36524764
              ],
              [
                -6702169.137801353,
                6609060.994299744
              ],
              [
                -6702281.766853457,
                6609060.994299744
              ],
              [
                -6702281.766853457,
                6609173.623351849
              ],
              [
                -6702507.024957665,
                6609173.623351849
              ],
              [
                -6702507.024957665,
                6609286.252403953
              ],
              [
                -6703520.686426604,
                6609286.252403953
              ],
              [
                -6703520.686426604,
                6609398.881456058
              ],
              [
                -6704759.605999751,
                6609398.881456058
              ],
              [
                -6704759.605999751,
                6609286.252403953
              ],
              [
                -6704646.976947647,
                6609286.252403953
              ],
              [
                -6704646.976947647,
                6609173.623351849
              ],
              [
                -6703408.0573745,
                6609173.623351849
              ],
              [
                -6703408.0573745,
                6609060.994299744
              ],
              [
                -6703295.428322395,
                6609060.994299744
              ],
              [
                -6703295.428322395,
                6608948.36524764
              ],
              [
                -6702844.9121139785,
                6608948.36524764
              ],
              [
                -6702844.9121139785,
                6608835.736195536
              ],
              [
                -6702619.65400977,
                6608835.736195536
              ],
              [
                -6702619.65400977,
                6608723.107143432
              ],
              [
                -6702507.024957665,
                6608723.107143432
              ],
              [
                -6702507.024957665,
                6608610.4780913275
              ],
              [
                -6702394.395905561,
                6608610.4780913275
              ],
              [
                -6702394.395905561,
                6608497.849039223
              ],
              [
                -6702281.766853457,
                6608497.849039223
              ],
              [
                -6702281.766853457,
                6608385.219987119
              ],
              [
                -6702394.395905561,
                6608385.219987119
              ],
              [
                -6702394.395905561,
                6608159.96188291
              ],
              [
                -6702507.024957665,
                6608159.96188291
              ],
              [
                -6702507.024957665,
                6608272.590935014
              ],
              [
                -6702619.65400977,
                6608272.590935014
              ],
              [
                -6702619.65400977,
                6608385.219987119
              ],
              [
                -6702732.283061874,
                6608385.219987119
              ],
              [
                -6702732.283061874,
                6608497.849039223
              ],
              [
                -6702844.9121139785,
                6608497.849039223
              ],
              [
                -6702844.9121139785,
                6608610.4780913275
              ],
              [
                -6703070.170218187,
                6608610.4780913275
              ],
              [
                -6703070.170218187,
                6608723.107143432
              ],
              [
                -6703295.428322395,
                6608723.107143432
              ],
              [
                -6703295.428322395,
                6608835.736195536
              ],
              [
                -6703408.0573745,
                6608835.736195536
              ],
              [
                -6704534.347895543,
                6608835.736195536
              ],
              [
                -6704534.347895543,
                6608948.36524764
              ],
              [
                -6704646.976947647,
                6608948.36524764
              ],
              [
                -6704646.976947647,
                6609060.994299744
              ],
              [
                -6705097.493156064,
                6609060.994299744
              ],
              [
                -6705097.493156064,
                6609173.623351849
              ],
              [
                -6705210.122208169,
                6609173.623351849
              ],
              [
                -6705210.122208169,
                6609286.252403953
              ],
              [
                -6705322.751260273,
                6609286.252403953
              ],
              [
                -6705322.751260273,
                6609398.881456058
              ],
              [
                -6705435.380312377,
                6609398.881456058
              ],
              [
                -6705435.380312377,
                6609511.510508162
              ],
              [
                -6705435.380312377,
                6609624.139560266
              ],
              [
                -6705548.009364481,
                6609624.139560266
              ],
              [
                -6705548.009364481,
                6609849.397664474
              ],
              [
                -6705660.6384165855,
                6609849.397664474
              ],
              [
                -6705998.525572899,
                6609849.397664474
              ],
              [
                -6706111.154625002,
                6609849.397664474
              ],
              [
                -6706111.154625002,
                6609624.139560266
              ],
              [
                -6706223.783677107,
                6609624.139560266
              ],
              [
                -6706223.783677107,
                6609849.397664474
              ],
              [
                -6706336.412729211,
                6609849.397664474
              ],
              [
                -6706336.412729211,
                6610074.655768683
              ],
              [
                -6706223.783677107,
                6610074.655768683
              ],
              [
                -6706223.783677107,
                6610187.284820788
              ],
              [
                -6706336.412729211,
                6610187.284820788
              ],
              [
                -6706336.412729211,
                6610299.913872892
              ],
              [
                -6706223.783677107,
                6610299.913872892
              ],
              [
                -6706223.783677107,
                6610863.059133413
              ],
              [
                -6706111.154625002,
                6610863.059133413
              ],
              [
                -6706111.154625002,
                6611200.946289726
              ],
              [
                -6705998.525572899,
                6611200.946289726
              ],
              [
                -6705998.525572899,
                6611313.57534183
              ],
              [
                -6705773.26746869,
                6611313.57534183
              ],
              [
                -6705773.26746869,
                6611426.204393934
              ],
              [
                -6705885.896520794,
                6611426.204393934
              ],
              [
                -6705885.896520794,
                6611651.462498143
              ],
              [
                -6705773.26746869,
                6611651.462498143
              ],
              [
                -6705773.26746869,
                6611876.720602352
              ],
              [
                -6705660.6384165855,
                6611876.720602352
              ],
              [
                -6705660.6384165855,
                6612101.97870656
              ],
              [
                -6705548.009364481,
                6612101.97870656
              ],
              [
                -6705548.009364481,
                6612327.236810769
              ],
              [
                -6705548.009364481,
                6612552.494914978
              ],
              [
                -6705660.6384165855,
                6612552.494914978
              ],
              [
                -6705660.6384165855,
                6612665.123967081
              ],
              [
                -6705773.26746869,
                6612665.123967081
              ],
              [
                -6705773.26746869,
                6612777.753019186
              ],
              [
                -6705660.6384165855,
                6612777.753019186
              ],
              [
                -6705660.6384165855,
                6612890.38207129
              ],
              [
                -6705548.009364481,
                6612890.38207129
              ],
              [
                -6705548.009364481,
                6613115.640175499
              ],
              [
                -6705435.380312377,
                6613115.640175499
              ],
              [
                -6705435.380312377,
                6613228.269227603
              ],
              [
                -6705322.751260273,
                6613228.269227603
              ],
              [
                -6705322.751260273,
                6613340.898279708
              ],
              [
                -6705210.122208169,
                6613340.898279708
              ],
              [
                -6705210.122208169,
                6613228.269227603
              ],
              [
                -6705097.493156064,
                6613228.269227603
              ],
              [
                -6705097.493156064,
                6613678.78543602
              ],
              [
                -6704984.86410396,
                6613678.78543602
              ],
              [
                -6704984.86410396,
                6613228.269227603
              ],
              [
                -6704872.235051855,
                6613228.269227603
              ],
              [
                -6704872.235051855,
                6613115.640175499
              ],
              [
                -6704759.605999751,
                6613115.640175499
              ],
              [
                -6704759.605999751,
                6613003.011123395
              ],
              [
                -6704646.976947647,
                6613003.011123395
              ],
              [
                -6704646.976947647,
                6612777.753019186
              ],
              [
                -6704534.347895543,
                6612777.753019186
              ],
              [
                -6704534.347895543,
                6612665.123967081
              ],
              [
                -6703633.315478709,
                6612665.123967081
              ],
              [
                -6703633.315478709,
                6612552.494914978
              ],
              [
                -6703520.686426604,
                6612552.494914978
              ],
              [
                -6703520.686426604,
                6612439.865862873
              ],
              [
                -6703408.0573745,
                6612439.865862873
              ],
              [
                -6703408.0573745,
                6612327.236810769
              ],
              [
                -6703295.428322395,
                6612327.236810769
              ],
              [
                -6703295.428322395,
                6612214.6077586645
              ],
              [
                -6702507.024957665,
                6612214.6077586645
              ],
              [
                -6702507.024957665,
                6612101.97870656
              ],
              [
                -6701380.734436623,
                6612101.97870656
              ],
              [
                -6701380.734436623,
                6612214.6077586645
              ],
              [
                -6701268.105384518,
                6612214.6077586645
              ],
              [
                -6701268.105384518,
                6612327.236810769
              ],
              [
                -6701155.476332414,
                6612327.236810769
              ],
              [
                -6701155.476332414,
                6612439.865862873
              ],
              [
                -6701042.84728031,
                6612439.865862873
              ],
              [
                -6701042.84728031,
                6612552.494914978
              ],
              [
                -6700930.218228205,
                6612552.494914978
              ],
              [
                -6700930.218228205,
                6612665.123967081
              ],
              [
                -6700817.589176102,
                6612665.123967081
              ],
              [
                -6700817.589176102,
                6612777.753019186
              ],
              [
                -6700592.331071893,
                6612777.753019186
              ],
              [
                -6700592.331071893,
                6612890.38207129
              ],
              [
                -6700367.072967684,
                6612890.38207129
              ],
              [
                -6700367.072967684,
                6613003.011123395
              ],
              [
                -6700029.185811372,
                6613003.011123395
              ],
              [
                -6700029.185811372,
                6613115.640175499
              ],
              [
                -6699916.556759267,
                6613115.640175499
              ],
              [
                -6699916.556759267,
                6613228.269227603
              ],
              [
                -6699691.298655058,
                6613228.269227603
              ],
              [
                -6699691.298655058,
                6613340.898279708
              ],
              [
                -6699578.669602954,
                6613340.898279708
              ],
              [
                -6699578.669602954,
                6613453.527331811
              ],
              [
                -6699353.411498746,
                6613453.527331811
              ],
              [
                -6699353.411498746,
                6613566.156383916
              ],
              [
                -6699015.524342433,
                6613566.156383916
              ],
              [
                -6699015.524342433,
                6613453.527331811
              ],
              [
                -6698902.895290328,
                6613453.527331811
              ],
              [
                -6698902.895290328,
                6613340.898279708
              ],
              [
                -6698790.266238224,
                6613340.898279708
              ],
              [
                -6698790.266238224,
                6612890.38207129
              ],
              [
                -6698711.365572373,
                6612890.38207129
              ],
              [
                -6698888.581686361,
                6610863.059133413
              ]
            ],
            [
              [
                -6705435.380312377,
                6612101.97870656
              ],
              [
                -6705210.122208169,
                6612101.97870656
              ],
              [
                -6705210.122208169,
                6611989.349654456
              ],
              [
                -6705097.493156064,
                6611989.349654456
              ],
              [
                -6705097.493156064,
                6611876.720602352
              ],
              [
                -6704759.605999751,
                6611876.720602352
              ],
              [
                -6704759.605999751,
                6611764.091550248
              ],
              [
                -6703070.170218187,
                6611764.091550248
              ],
              [
                -6703070.170218187,
                6611876.720602352
              ],
              [
                -6703971.202635021,
                6611876.720602352
              ],
              [
                -6703971.202635021,
                6611989.349654456
              ],
              [
                -6704196.46073923,
                6611989.349654456
              ],
              [
                -6704196.46073923,
                6612101.97870656
              ],
              [
                -6704309.089791334,
                6612101.97870656
              ],
              [
                -6704309.089791334,
                6612214.6077586645
              ],
              [
                -6705435.380312377,
                6612214.6077586645
              ],
              [
                -6705435.380312377,
                6612101.97870656
              ]
            ],
            [
              [
                -6705210.122208169,
                6611764.091550248
              ],
              [
                -6705210.122208169,
                6611651.462498143
              ],
              [
                -6705097.493156064,
                6611651.462498143
              ],
              [
                -6705097.493156064,
                6611764.091550248
              ],
              [
                -6705210.122208169,
                6611764.091550248
              ]
            ],
            [
              [
                -6705660.6384165855,
                6611764.091550248
              ],
              [
                -6705660.6384165855,
                6611651.462498143
              ],
              [
                -6705548.009364481,
                6611651.462498143
              ],
              [
                -6705435.380312377,
                6611651.462498143
              ],
              [
                -6705435.380312377,
                6611764.091550248
              ],
              [
                -6705660.6384165855,
                6611764.091550248
              ]
            ],
            [
              [
                -6705322.751260273,
                6611088.317237622
              ],
              [
                -6705322.751260273,
                6611200.946289726
              ],
              [
                -6705435.380312377,
                6611200.946289726
              ],
              [
                -6705435.380312377,
                6611088.317237622
              ],
              [
                -6705322.751260273,
                6611088.317237622
              ]
            ],
            [
              [
                -6705435.380312377,
                6611313.57534183
              ],
              [
                -6705548.009364481,
                6611313.57534183
              ],
              [
                -6705548.009364481,
                6611200.946289726
              ],
              [
                -6705435.380312377,
                6611200.946289726
              ],
              [
                -6705435.380312377,
                6611313.57534183
              ]
            ],
            [
              [
                -6705548.009364481,
                6611426.204393934
              ],
              [
                -6705660.6384165855,
                6611426.204393934
              ],
              [
                -6705660.6384165855,
                6611313.57534183
              ],
              [
                -6705548.009364481,
                6611313.57534183
              ],
              [
                -6705548.009364481,
                6611426.204393934
              ]
            ],
            [
              [
                -6705885.896520794,
                6610637.801029204
              ],
              [
                -6705885.896520794,
                6610750.430081309
              ],
              [
                -6706111.154625002,
                6610750.430081309
              ],
              [
                -6706111.154625002,
                6610299.913872892
              ],
              [
                -6705998.525572899,
                6610299.913872892
              ],
              [
                -6705998.525572899,
                6610187.284820788
              ],
              [
                -6706111.154625002,
                6610187.284820788
              ],
              [
                -6706111.154625002,
                6610074.655768683
              ],
              [
                -6705773.26746869,
                6610074.655768683
              ],
              [
                -6705773.26746869,
                6610187.284820788
              ],
              [
                -6705660.6384165855,
                6610187.284820788
              ],
              [
                -6705435.380312377,
                6610187.284820788
              ],
              [
                -6705435.380312377,
                6610299.913872892
              ],
              [
                -6705548.009364481,
                6610299.913872892
              ],
              [
                -6705548.009364481,
                6610637.801029204
              ],
              [
                -6705885.896520794,
                6610637.801029204
              ]
            ]
          ],
          [
            [
              [
                -6699420.230028321,
                6604781.090319782
              ],
              [
                -6699916.556759267,
                6604781.090319782
              ],
              [
                -6699916.556759267,
                6604893.719371886
              ],
              [
                -6700029.185811372,
                6604893.719371886
              ],
              [
                -6700029.185811372,
                6605006.34842399
              ],
              [
                -6700141.814863475,
                6605006.34842399
              ],
              [
                -6700141.814863475,
                6605118.977476095
              ],
              [
                -6700254.4439155795,
                6605118.977476095
              ],
              [
                -6700254.4439155795,
                6605231.606528198
              ],
              [
                -6700367.072967684,
                6605231.606528198
              ],
              [
                -6700367.072967684,
                6605344.235580303
              ],
              [
                -6700479.702019788,
                6605344.235580303
              ],
              [
                -6700479.702019788,
                6605456.864632407
              ],
              [
                -6700592.331071893,
                6605456.864632407
              ],
              [
                -6700592.331071893,
                6605569.493684512
              ],
              [
                -6700704.960123997,
                6605569.493684512
              ],
              [
                -6700704.960123997,
                6605682.122736616
              ],
              [
                -6700817.589176102,
                6605682.122736616
              ],
              [
                -6700817.589176102,
                6605794.7517887205
              ],
              [
                -6700930.218228205,
                6605794.7517887205
              ],
              [
                -6700930.218228205,
                6605907.380840825
              ],
              [
                -6701042.84728031,
                6605907.380840825
              ],
              [
                -6701042.84728031,
                6606020.009892928
              ],
              [
                -6701155.476332414,
                6606020.009892928
              ],
              [
                -6701155.476332414,
                6606132.638945033
              ],
              [
                -6701268.105384518,
                6606132.638945033
              ],
              [
                -6701268.105384518,
                6606245.267997137
              ],
              [
                -6701042.84728031,
                6606245.267997137
              ],
              [
                -6701042.84728031,
                6606132.638945033
              ],
              [
                -6700141.814863475,
                6606132.638945033
              ],
              [
                -6700141.814863475,
                6606020.009892928
              ],
              [
                -6700029.185811372,
                6606020.009892928
              ],
              [
                -6700029.185811372,
                6605907.380840825
              ],
              [
                -6699916.556759267,
                6605907.380840825
              ],
              [
                -6699916.556759267,
                6605794.7517887205
              ],
              [
                -6699803.927707163,
                6605794.7517887205
              ],
              [
                -6699803.927707163,
                6605682.122736616
              ],
              [
                -6699691.298655058,
                6605682.122736616
              ],
              [
                -6699691.298655058,
                6605569.493684512
              ],
              [
                -6699578.669602954,
                6605569.493684512
              ],
              [
                -6699578.669602954,
                6605456.864632407
              ],
              [
                -6699466.040550849,
                6605456.864632407
              ],
              [
                -6699466.040550849,
                6605344.235580303
              ],
              [
                -6699371.003329991,
                6605344.235580303
              ],
              [
                -6699420.230028321,
                6604781.090319782
              ]
            ]
          ],
          [
            [
              [
                -6701268.105384518,
                6597147.740547951
              ],
              [
                -6701268.105384518,
                6597234.943828794
              ],
              [
                -6701831.25064504,
                6597234.943828794
              ],
              [
                -6701831.25064504,
                6597122.31477669
              ],
              [
                -6702056.508749248,
                6597122.31477669
              ],
              [
                -6702056.508749248,
                6597234.943828794
              ],
              [
                -6702619.65400977,
                6597234.943828794
              ],
              [
                -6702619.65400977,
                6597347.572880899
              ],
              [
                -6702957.541166083,
                6597347.572880899
              ],
              [
                -6702957.541166083,
                6597460.201933003
              ],
              [
                -6703070.170218187,
                6597460.201933003
              ],
              [
                -6703070.170218187,
                6597572.830985107
              ],
              [
                -6703633.315478709,
                6597572.830985107
              ],
              [
                -6703633.315478709,
                6597685.460037211
              ],
              [
                -6703745.944530813,
                6597685.460037211
              ],
              [
                -6703745.944530813,
                6597798.089089315
              ],
              [
                -6703858.573582917,
                6597798.089089315
              ],
              [
                -6703858.573582917,
                6597910.71814142
              ],
              [
                -6703971.202635021,
                6597910.71814142
              ],
              [
                -6703971.202635021,
                6598023.347193524
              ],
              [
                -6704196.46073923,
                6598023.347193524
              ],
              [
                -6704196.46073923,
                6598135.976245629
              ],
              [
                -6704534.347895543,
                6598135.976245629
              ],
              [
                -6704534.347895543,
                6598248.605297733
              ],
              [
                -6704646.976947647,
                6598248.605297733
              ],
              [
                -6704646.976947647,
                6598586.492454045
              ],
              [
                -6703633.315478709,
                6598586.492454045
              ],
              [
                -6703633.315478709,
                6598473.863401941
              ],
              [
                -6703408.0573745,
                6598473.863401941
              ],
              [
                -6703408.0573745,
                6598361.2343498375
              ],
              [
                -6703295.428322395,
                6598361.2343498375
              ],
              [
                -6703295.428322395,
                6598473.863401941
              ],
              [
                -6703182.799270291,
                6598473.863401941
              ],
              [
                -6703182.799270291,
                6598586.492454045
              ],
              [
                -6703070.170218187,
                6598586.492454045
              ],
              [
                -6703070.170218187,
                6598699.12150615
              ],
              [
                -6702507.024957665,
                6598699.12150615
              ],
              [
                -6702507.024957665,
                6598586.492454045
              ],
              [
                -6702281.766853457,
                6598586.492454045
              ],
              [
                -6702281.766853457,
                6598473.863401941
              ],
              [
                -6702394.395905561,
                6598473.863401941
              ],
              [
                -6702394.395905561,
                6598361.2343498375
              ],
              [
                -6702281.766853457,
                6598361.2343498375
              ],
              [
                -6702281.766853457,
                6598248.605297733
              ],
              [
                -6702169.137801353,
                6598248.605297733
              ],
              [
                -6702169.137801353,
                6598361.2343498375
              ],
              [
                -6701943.879697144,
                6598361.2343498375
              ],
              [
                -6701943.879697144,
                6598248.605297733
              ],
              [
                -6701718.621592935,
                6598248.605297733
              ],
              [
                -6701718.621592935,
                6598135.976245629
              ],
              [
                -6701605.992540832,
                6598135.976245629
              ],
              [
                -6701605.992540832,
                6598023.347193524
              ],
              [
                -6701268.105384518,
                6598023.347193524
              ],
              [
                -6701268.105384518,
                6598135.976245629
              ],
              [
                -6701042.84728031,
                6598135.976245629
              ],
              [
                -6700904.514543909,
                6598135.976245629
              ],
              [
                -6701268.105384518,
                6597147.740547951
              ]
            ]
          ],
          [
            [
              [
                -6701706.3692484,
                6595956.544437059
              ],
              [
                -6703295.428322395,
                6595406.38388229
              ],
              [
                -6703295.428322395,
                6595432.878995125
              ],
              [
                -6703408.0573745,
                6595432.878995125
              ],
              [
                -6703408.0573745,
                6595545.50804723
              ],
              [
                -6703520.686426604,
                6595545.50804723
              ],
              [
                -6703520.686426604,
                6595658.137099334
              ],
              [
                -6703633.315478709,
                6595658.137099334
              ],
              [
                -6703633.315478709,
                6595770.7661514385
              ],
              [
                -6703745.944530813,
                6595770.7661514385
              ],
              [
                -6703745.944530813,
                6595883.395203543
              ],
              [
                -6703858.573582917,
                6595883.395203543
              ],
              [
                -6703858.573582917,
                6595996.024255647
              ],
              [
                -6703971.202635021,
                6595996.024255647
              ],
              [
                -6703971.202635021,
                6596108.653307752
              ],
              [
                -6704083.831687125,
                6596108.653307752
              ],
              [
                -6704083.831687125,
                6596221.282359855
              ],
              [
                -6704196.46073923,
                6596221.282359855
              ],
              [
                -6704196.46073923,
                6596333.91141196
              ],
              [
                -6704421.718843439,
                6596333.91141196
              ],
              [
                -6705322.751260273,
                6596333.91141196
              ],
              [
                -6705322.751260273,
                6596221.282359855
              ],
              [
                -6705097.493156064,
                6596221.282359855
              ],
              [
                -6705097.493156064,
                6596108.653307752
              ],
              [
                -6704984.86410396,
                6596108.653307752
              ],
              [
                -6704984.86410396,
                6595996.024255647
              ],
              [
                -6704872.235051855,
                6595996.024255647
              ],
              [
                -6704872.235051855,
                6595883.395203543
              ],
              [
                -6704759.605999751,
                6595883.395203543
              ],
              [
                -6704759.605999751,
                6595770.7661514385
              ],
              [
                -6704646.976947647,
                6595770.7661514385
              ],
              [
                -6704646.976947647,
                6595658.137099334
              ],
              [
                -6704534.347895543,
                6595658.137099334
              ],
              [
                -6704534.347895543,
                6595545.50804723
              ],
              [
                -6704421.718843439,
                6595545.50804723
              ],
              [
                -6704421.718843439,
                6595432.878995125
              ],
              [
                -6704083.831687125,
                6595432.878995125
              ],
              [
                -6704083.831687125,
                6595320.249943022
              ],
              [
                -6703544.213729831,
                6595320.249943022
              ],
              [
                -6704845.464542457,
                6594869.733734604
              ],
              [
                -6704984.86410396,
                6594869.733734604
              ],
              [
                -6704984.86410396,
                6594821.471123512
              ],
              [
                -6705496.089948767,
                6594644.475630396
              ],
              [
                -6705548.009364481,
                6594644.475630396
              ],
              [
                -6705548.009364481,
                6594626.500203919
              ],
              [
                -6705773.26746869,
                6594548.511836082
              ],
              [
                -6705773.26746869,
                6595207.620890917
              ],
              [
                -6705885.896520794,
                6595207.620890917
              ],
              [
                -6705885.896520794,
                6595883.395203543
              ],
              [
                -6705773.26746869,
                6595883.395203543
              ],
              [
                -6705773.26746869,
                6596446.540464064
              ],
              [
                -6705885.896520794,
                6596446.540464064
              ],
              [
                -6705885.896520794,
                6596559.169516169
              ],
              [
                -6705998.525572899,
                6596559.169516169
              ],
              [
                -6705998.525572899,
                6596671.798568273
              ],
              [
                -6706111.154625002,
                6596671.798568273
              ],
              [
                -6706111.154625002,
                6596333.91141196
              ],
              [
                -6706223.783677107,
                6596333.91141196
              ],
              [
                -6706223.783677107,
                6595883.395203543
              ],
              [
                -6706336.412729211,
                6595883.395203543
              ],
              [
                -6706336.412729211,
                6595658.137099334
              ],
              [
                -6706449.041781316,
                6595658.137099334
              ],
              [
                -6706449.041781316,
                6595545.50804723
              ],
              [
                -6706561.67083342,
                6595545.50804723
              ],
              [
                -6706561.67083342,
                6595094.991838813
              ],
              [
                -6706449.041781316,
                6595094.991838813
              ],
              [
                -6706449.041781316,
                6594644.475630396
              ],
              [
                -6706561.67083342,
                6594644.475630396
              ],
              [
                -6706561.67083342,
                6594757.1046825
              ],
              [
                -6706674.299885524,
                6594757.1046825
              ],
              [
                -6706674.299885524,
                6594869.733734604
              ],
              [
                -6706899.557989732,
                6594869.733734604
              ],
              [
                -6706899.557989732,
                6594982.362786708
              ],
              [
                -6707012.187041837,
                6594982.362786708
              ],
              [
                -6707012.187041837,
                6595094.991838813
              ],
              [
                -6707575.332302359,
                6595094.991838813
              ],
              [
                -6707687.961354462,
                6595094.991838813
              ],
              [
                -6707687.961354462,
                6594982.362786708
              ],
              [
                -6707687.961354462,
                6594869.733734604
              ],
              [
                -6707575.332302359,
                6594869.733734604
              ],
              [
                -6707575.332302359,
                6594644.475630396
              ],
              [
                -6707687.961354462,
                6594644.475630396
              ],
              [
                -6707687.961354462,
                6594531.846578292
              ],
              [
                -6707800.590406567,
                6594531.846578292
              ],
              [
                -6707800.590406567,
                6594419.217526187
              ],
              [
                -6708251.106614985,
                6594419.217526187
              ],
              [
                -6708251.106614985,
                6594306.588474083
              ],
              [
                -6708025.848510776,
                6594306.588474083
              ],
              [
                -6708025.848510776,
                6594193.959421978
              ],
              [
                -6707800.590406567,
                6594193.959421978
              ],
              [
                -6707800.590406567,
                6594081.330369874
              ],
              [
                -6707124.816093941,
                6594081.330369874
              ],
              [
                -6707124.816093941,
                6594080.581629058
              ],
              [
                -6707447.966167705,
                6593968.7013177695
              ],
              [
                -6707687.961354462,
                6593968.7013177695
              ],
              [
                -6707687.961354462,
                6593885.610709466
              ],
              [
                -6707800.590406567,
                6593846.616525548
              ],
              [
                -6707800.590406567,
                6593968.7013177695
              ],
              [
                -6707913.219458671,
                6593968.7013177695
              ],
              [
                -6707913.219458671,
                6593807.622341629
              ],
              [
                -6708251.106614985,
                6593690.639789873
              ],
              [
                -6708251.106614985,
                6593743.443213562
              ],
              [
                -6708138.47756288,
                6593743.443213562
              ],
              [
                -6708138.47756288,
                6593968.7013177695
              ],
              [
                -6708251.106614985,
                6593968.7013177695
              ],
              [
                -6708251.106614985,
                6594081.330369874
              ],
              [
                -6708363.735667088,
                6594081.330369874
              ],
              [
                -6708363.735667088,
                6594193.959421978
              ],
              [
                -6708476.3647191925,
                6594193.959421978
              ],
              [
                -6708476.3647191925,
                6594306.588474083
              ],
              [
                -6708588.993771297,
                6594306.588474083
              ],
              [
                -6708588.993771297,
                6594419.217526187
              ],
              [
                -6708701.622823401,
                6594419.217526187
              ],
              [
                -6708701.622823401,
                6594531.846578292
              ],
              [
                -6708814.251875506,
                6594531.846578292
              ],
              [
                -6708814.251875506,
                6594644.475630396
              ],
              [
                -6708701.622823401,
                6594644.475630396
              ],
              [
                -6708701.622823401,
                6594869.733734604
              ],
              [
                -6708814.251875506,
                6594869.733734604
              ],
              [
                -6708814.251875506,
                6595094.991838813
              ],
              [
                -6708926.88092761,
                6595094.991838813
              ],
              [
                -6708926.88092761,
                6594193.959421978
              ],
              [
                -6709039.509979715,
                6594193.959421978
              ],
              [
                -6709039.509979715,
                6594081.330369874
              ],
              [
                -6709152.139031818,
                6594081.330369874
              ],
              [
                -6709152.139031818,
                6593968.7013177695
              ],
              [
                -6709264.768083923,
                6593968.7013177695
              ],
              [
                -6709264.768083923,
                6593856.072265666
              ],
              [
                -6709377.397136027,
                6593856.072265666
              ],
              [
                -6709377.397136027,
                6593405.556057248
              ],
              [
                -6709264.768083923,
                6593405.556057248
              ],
              [
                -6709264.768083923,
                6593339.692134606
              ],
              [
                -6710701.093199263,
                6592842.410796727
              ],
              [
                -6711066.832917592,
                6592842.410796727
              ],
              [
                -6711066.832917592,
                6592729.781744623
              ],
              [
                -6711179.461969696,
                6592729.781744623
              ],
              [
                -6711179.461969696,
                6592676.79100799
              ],
              [
                -6713432.043011782,
                6591896.907329619
              ],
              [
                -6713432.043011782,
                6591941.378379893
              ],
              [
                -6713319.413959677,
                6591941.378379893
              ],
              [
                -6713319.413959677,
                6593067.668900936
              ],
              [
                -6713206.784907573,
                6593067.668900936
              ],
              [
                -6713206.784907573,
                6593292.927005144
              ],
              [
                -6713094.1558554685,
                6593292.927005144
              ],
              [
                -6713094.1558554685,
                6593405.556057248
              ],
              [
                -6712981.526803364,
                6593405.556057248
              ],
              [
                -6712981.526803364,
                6594193.959421978
              ],
              [
                -6712868.89775126,
                6594193.959421978
              ],
              [
                -6712868.89775126,
                6594306.588474083
              ],
              [
                -6712981.526803364,
                6594306.588474083
              ],
              [
                -6712981.526803364,
                6594644.475630396
              ],
              [
                -6712868.89775126,
                6594644.475630396
              ],
              [
                -6712868.89775126,
                6594869.733734604
              ],
              [
                -6712643.639647052,
                6594869.733734604
              ],
              [
                -6712643.639647052,
                6594982.362786708
              ],
              [
                -6712531.010594947,
                6594982.362786708
              ],
              [
                -6712531.010594947,
                6595545.50804723
              ],
              [
                -6712418.381542843,
                6595545.50804723
              ],
              [
                -6712418.381542843,
                6595770.7661514385
              ],
              [
                -6712305.752490738,
                6595770.7661514385
              ],
              [
                -6712305.752490738,
                6595996.024255647
              ],
              [
                -6712193.123438634,
                6595996.024255647
              ],
              [
                -6712193.123438634,
                6596108.653307752
              ],
              [
                -6712080.4943865305,
                6596108.653307752
              ],
              [
                -6712080.4943865305,
                6596221.282359855
              ],
              [
                -6711855.236282322,
                6596221.282359855
              ],
              [
                -6711855.236282322,
                6596333.91141196
              ],
              [
                -6711742.607230217,
                6596333.91141196
              ],
              [
                -6711742.607230217,
                6596446.540464064
              ],
              [
                -6711629.978178113,
                6596446.540464064
              ],
              [
                -6711629.978178113,
                6596559.169516169
              ],
              [
                -6711292.0910218,
                6596559.169516169
              ],
              [
                -6711292.0910218,
                6596671.798568273
              ],
              [
                -6711179.461969696,
                6596671.798568273
              ],
              [
                -6711179.461969696,
                6596784.427620377
              ],
              [
                -6711066.832917592,
                6596784.427620377
              ],
              [
                -6711066.832917592,
                6596897.056672482
              ],
              [
                -6710954.203865487,
                6596897.056672482
              ],
              [
                -6710954.203865487,
                6597009.685724585
              ],
              [
                -6710841.574813383,
                6597009.685724585
              ],
              [
                -6710841.574813383,
                6597572.830985107
              ],
              [
                -6710728.945761278,
                6597572.830985107
              ],
              [
                -6710728.945761278,
                6597685.460037211
              ],
              [
                -6710616.316709174,
                6597685.460037211
              ],
              [
                -6710616.316709174,
                6597910.71814142
              ],
              [
                -6710503.68765707,
                6597910.71814142
              ],
              [
                -6710503.68765707,
                6598023.347193524
              ],
              [
                -6710278.4295528615,
                6598023.347193524
              ],
              [
                -6710278.4295528615,
                6598135.976245629
              ],
              [
                -6710165.800500757,
                6598135.976245629
              ],
              [
                -6710165.800500757,
                6598248.605297733
              ],
              [
                -6710053.171448653,
                6598248.605297733
              ],
              [
                -6710053.171448653,
                6598361.2343498375
              ],
              [
                -6709827.913344445,
                6598361.2343498375
              ],
              [
                -6709827.913344445,
                6598473.863401941
              ],
              [
                -6709602.655240236,
                6598473.863401941
              ],
              [
                -6709602.655240236,
                6598586.492454045
              ],
              [
                -6709490.026188131,
                6598586.492454045
              ],
              [
                -6709490.026188131,
                6598699.12150615
              ],
              [
                -6709377.397136027,
                6598699.12150615
              ],
              [
                -6709377.397136027,
                6598811.750558254
              ],
              [
                -6709264.768083923,
                6598811.750558254
              ],
              [
                -6709264.768083923,
                6599037.008662463
              ],
              [
                -6709152.139031818,
                6599037.008662463
              ],
              [
                -6709152.139031818,
                6599487.52487088
              ],
              [
                -6709039.509979715,
                6599487.52487088
              ],
              [
                -6709039.509979715,
                6599712.782975089
              ],
              [
                -6708926.88092761,
                6599712.782975089
              ],
              [
                -6708926.88092761,
                6599825.412027193
              ],
              [
                -6708814.251875506,
                6599825.412027193
              ],
              [
                -6708814.251875506,
                6599938.041079297
              ],
              [
                -6708701.622823401,
                6599938.041079297
              ],
              [
                -6708701.622823401,
                6600050.670131401
              ],
              [
                -6708588.993771297,
                6600050.670131401
              ],
              [
                -6708588.993771297,
                6600163.299183506
              ],
              [
                -6708701.622823401,
                6600163.299183506
              ],
              [
                -6708701.622823401,
                6600275.92823561
              ],
              [
                -6709039.509979715,
                6600275.92823561
              ],
              [
                -6709039.509979715,
                6600388.557287714
              ],
              [
                -6709152.139031818,
                6600388.557287714
              ],
              [
                -6709152.139031818,
                6600501.186339819
              ],
              [
                -6709940.542396548,
                6600501.186339819
              ],
              [
                -6709940.542396548,
                6600613.815391923
              ],
              [
                -6710053.171448653,
                6600613.815391923
              ],
              [
                -6710053.171448653,
                6600726.444444027
              ],
              [
                -6710165.800500757,
                6600726.444444027
              ],
              [
                -6710165.800500757,
                6600839.073496131
              ],
              [
                -6710278.4295528615,
                6600839.073496131
              ],
              [
                -6710278.4295528615,
                6600951.702548236
              ],
              [
                -6710391.058604966,
                6600951.702548236
              ],
              [
                -6710391.058604966,
                6601064.33160034
              ],
              [
                -6710503.68765707,
                6601064.33160034
              ],
              [
                -6710503.68765707,
                6601176.9606524445
              ],
              [
                -6710841.574813383,
                6601176.9606524445
              ],
              [
                -6710841.574813383,
                6601064.33160034
              ],
              [
                -6710954.203865487,
                6601064.33160034
              ],
              [
                -6710954.203865487,
                6600951.702548236
              ],
              [
                -6711179.461969696,
                6600951.702548236
              ],
              [
                -6711179.461969696,
                6600839.073496131
              ],
              [
                -6711292.0910218,
                6600839.073496131
              ],
              [
                -6711292.0910218,
                6600726.444444027
              ],
              [
                -6712080.4943865305,
                6600726.444444027
              ],
              [
                -6712080.4943865305,
                6600613.815391923
              ],
              [
                -6712305.752490738,
                6600613.815391923
              ],
              [
                -6712305.752490738,
                6600501.186339819
              ],
              [
                -6712418.381542843,
                6600501.186339819
              ],
              [
                -6712418.381542843,
                6600388.557287714
              ],
              [
                -6712643.639647052,
                6600388.557287714
              ],
              [
                -6712643.639647052,
                6600275.92823561
              ],
              [
                -6712756.268699156,
                6600275.92823561
              ],
              [
                -6712756.268699156,
                6600163.299183506
              ],
              [
                -6712868.89775126,
                6600163.299183506
              ],
              [
                -6712868.89775126,
                6600050.670131401
              ],
              [
                -6713094.1558554685,
                6600050.670131401
              ],
              [
                -6713094.1558554685,
                6599938.041079297
              ],
              [
                -6713206.784907573,
                6599938.041079297
              ],
              [
                -6713206.784907573,
                6600163.299183506
              ],
              [
                -6713094.1558554685,
                6600163.299183506
              ],
              [
                -6713094.1558554685,
                6600501.186339819
              ],
              [
                -6712981.526803364,
                6600501.186339819
              ],
              [
                -6712981.526803364,
                6600613.815391923
              ],
              [
                -6712868.89775126,
                6600613.815391923
              ],
              [
                -6712868.89775126,
                6600726.444444027
              ],
              [
                -6712756.268699156,
                6600726.444444027
              ],
              [
                -6712756.268699156,
                6600839.073496131
              ],
              [
                -6712643.639647052,
                6600839.073496131
              ],
              [
                -6712643.639647052,
                6600951.702548236
              ],
              [
                -6712531.010594947,
                6600951.702548236
              ],
              [
                -6712531.010594947,
                6601514.847808757
              ],
              [
                -6712418.381542843,
                6601514.847808757
              ],
              [
                -6712418.381542843,
                6601627.476860861
              ],
              [
                -6712305.752490738,
                6601627.476860861
              ],
              [
                -6712305.752490738,
                6601740.105912966
              ],
              [
                -6711855.236282322,
                6601740.105912966
              ],
              [
                -6711855.236282322,
                6601852.73496507
              ],
              [
                -6711742.607230217,
                6601852.73496507
              ],
              [
                -6711742.607230217,
                6602077.993069279
              ],
              [
                -6711404.720073904,
                6602077.993069279
              ],
              [
                -6711404.720073904,
                6601965.364017175
              ],
              [
                -6710841.574813383,
                6601965.364017175
              ],
              [
                -6710841.574813383,
                6602077.993069279
              ],
              [
                -6710503.68765707,
                6602077.993069279
              ],
              [
                -6710503.68765707,
                6602190.6221213825
              ],
              [
                -6710278.4295528615,
                6602190.6221213825
              ],
              [
                -6710278.4295528615,
                6602303.251173487
              ],
              [
                -6710165.800500757,
                6602303.251173487
              ],
              [
                -6710165.800500757,
                6602415.880225591
              ],
              [
                -6710053.171448653,
                6602415.880225591
              ],
              [
                -6710053.171448653,
                6602528.509277696
              ],
              [
                -6709715.28429234,
                6602528.509277696
              ],
              [
                -6709715.28429234,
                6602641.1383298
              ],
              [
                -6709377.397136027,
                6602641.1383298
              ],
              [
                -6709377.397136027,
                6602753.767381905
              ],
              [
                -6708251.106614985,
                6602753.767381905
              ],
              [
                -6708251.106614985,
                6602866.396434009
              ],
              [
                -6707575.332302359,
                6602866.396434009
              ],
              [
                -6707575.332302359,
                6602753.767381905
              ],
              [
                -6707462.7032502545,
                6602753.767381905
              ],
              [
                -6707462.7032502545,
                6602641.1383298
              ],
              [
                -6707237.445146046,
                6602641.1383298
              ],
              [
                -6707237.445146046,
                6602753.767381905
              ],
              [
                -6707124.816093941,
                6602753.767381905
              ],
              [
                -6707124.816093941,
                6602979.025486113
              ],
              [
                -6707012.187041837,
                6602979.025486113
              ],
              [
                -6707012.187041837,
                6603091.654538217
              ],
              [
                -6706899.557989732,
                6603091.654538217
              ],
              [
                -6706899.557989732,
                6603654.799798739
              ],
              [
                -6707012.187041837,
                6603654.799798739
              ],
              [
                -6707012.187041837,
                6603767.428850843
              ],
              [
                -6706899.557989732,
                6603767.428850843
              ],
              [
                -6706899.557989732,
                6603880.057902947
              ],
              [
                -6706786.928937629,
                6603880.057902947
              ],
              [
                -6706786.928937629,
                6604217.94505926
              ],
              [
                -6706899.557989732,
                6604217.94505926
              ],
              [
                -6706899.557989732,
                6604443.203163468
              ],
              [
                -6706786.928937629,
                6604443.203163468
              ],
              [
                -6706786.928937629,
                6604781.090319782
              ],
              [
                -6706674.299885524,
                6604781.090319782
              ],
              [
                -6706674.299885524,
                6604443.203163468
              ],
              [
                -6706223.783677107,
                6604443.203163468
              ],
              [
                -6706223.783677107,
                6604330.574111365
              ],
              [
                -6705435.380312377,
                6604330.574111365
              ],
              [
                -6703182.799270291,
                6604330.574111365
              ],
              [
                -6703182.799270291,
                6604217.94505926
              ],
              [
                -6703070.170218187,
                6604217.94505926
              ],
              [
                -6703070.170218187,
                6604105.316007156
              ],
              [
                -6702957.541166083,
                6604105.316007156
              ],
              [
                -6702957.541166083,
                6603992.6869550515
              ],
              [
                -6702844.9121139785,
                6603992.6869550515
              ],
              [
                -6702844.9121139785,
                6603880.057902947
              ],
              [
                -6702732.283061874,
                6603880.057902947
              ],
              [
                -6702732.283061874,
                6603767.428850843
              ],
              [
                -6702619.65400977,
                6603767.428850843
              ],
              [
                -6702619.65400977,
                6603654.799798739
              ],
              [
                -6702507.024957665,
                6603654.799798739
              ],
              [
                -6702507.024957665,
                6603542.170746635
              ],
              [
                -6702394.395905561,
                6603542.170746635
              ],
              [
                -6702394.395905561,
                6603429.54169453
              ],
              [
                -6702281.766853457,
                6603429.54169453
              ],
              [
                -6702281.766853457,
                6603316.912642426
              ],
              [
                -6702281.766853457,
                6602866.396434009
              ],
              [
                -6702281.766853457,
                6602528.509277696
              ],
              [
                -6703070.170218187,
                6602528.509277696
              ],
              [
                -6703070.170218187,
                6602415.880225591
              ],
              [
                -6703182.799270291,
                6602415.880225591
              ],
              [
                -6703182.799270291,
                6602303.251173487
              ],
              [
                -6705660.6384165855,
                6602303.251173487
              ],
              [
                -6705660.6384165855,
                6602415.880225591
              ],
              [
                -6705773.26746869,
                6602415.880225591
              ],
              [
                -6705773.26746869,
                6602528.509277696
              ],
              [
                -6705885.896520794,
                6602528.509277696
              ],
              [
                -6705885.896520794,
                6602641.1383298
              ],
              [
                -6705998.525572899,
                6602641.1383298
              ],
              [
                -6705998.525572899,
                6602753.767381905
              ],
              [
                -6706111.154625002,
                6602753.767381905
              ],
              [
                -6706111.154625002,
                6602866.396434009
              ],
              [
                -6706223.783677107,
                6602866.396434009
              ],
              [
                -6706223.783677107,
                6602979.025486113
              ],
              [
                -6706336.412729211,
                6602979.025486113
              ],
              [
                -6706336.412729211,
                6603091.654538217
              ],
              [
                -6706674.299885524,
                6603091.654538217
              ],
              [
                -6706674.299885524,
                6602979.025486113
              ],
              [
                -6706561.67083342,
                6602979.025486113
              ],
              [
                -6706561.67083342,
                6602866.396434009
              ],
              [
                -6706449.041781316,
                6602866.396434009
              ],
              [
                -6706449.041781316,
                6602753.767381905
              ],
              [
                -6706336.412729211,
                6602753.767381905
              ],
              [
                -6706336.412729211,
                6602641.1383298
              ],
              [
                -6706223.783677107,
                6602641.1383298
              ],
              [
                -6706223.783677107,
                6602528.509277696
              ],
              [
                -6706111.154625002,
                6602528.509277696
              ],
              [
                -6706111.154625002,
                6602415.880225591
              ],
              [
                -6705998.525572899,
                6602415.880225591
              ],
              [
                -6705998.525572899,
                6602303.251173487
              ],
              [
                -6705773.26746869,
                6602303.251173487
              ],
              [
                -6705773.26746869,
                6602190.6221213825
              ],
              [
                -6705660.6384165855,
                6602190.6221213825
              ],
              [
                -6705660.6384165855,
                6602077.993069279
              ],
              [
                -6705435.380312377,
                6602077.993069279
              ],
              [
                -6705435.380312377,
                6601965.364017175
              ],
              [
                -6705322.751260273,
                6601965.364017175
              ],
              [
                -6705322.751260273,
                6601852.73496507
              ],
              [
                -6705210.122208169,
                6601852.73496507
              ],
              [
                -6705210.122208169,
                6601740.105912966
              ],
              [
                -6705097.493156064,
                6601740.105912966
              ],
              [
                -6705097.493156064,
                6601627.476860861
              ],
              [
                -6702844.9121139785,
                6601627.476860861
              ],
              [
                -6702844.9121139785,
                6601514.847808757
              ],
              [
                -6702732.283061874,
                6601514.847808757
              ],
              [
                -6702732.283061874,
                6601402.218756653
              ],
              [
                -6702619.65400977,
                6601402.218756653
              ],
              [
                -6702619.65400977,
                6601514.847808757
              ],
              [
                -6702507.024957665,
                6601514.847808757
              ],
              [
                -6702507.024957665,
                6601176.9606524445
              ],
              [
                -6702619.65400977,
                6601176.9606524445
              ],
              [
                -6702619.65400977,
                6601064.33160034
              ],
              [
                -6702507.024957665,
                6601064.33160034
              ],
              [
                -6702507.024957665,
                6600839.073496131
              ],
              [
                -6702507.024957665,
                6600726.444444027
              ],
              [
                -6702394.395905561,
                6600726.444444027
              ],
              [
                -6702394.395905561,
                6600163.299183506
              ],
              [
                -6702507.024957665,
                6600163.299183506
              ],
              [
                -6702507.024957665,
                6599825.412027193
              ],
              [
                -6702619.65400977,
                6599825.412027193
              ],
              [
                -6702619.65400977,
                6599712.782975089
              ],
              [
                -6702732.283061874,
                6599712.782975089
              ],
              [
                -6702732.283061874,
                6599600.153922984
              ],
              [
                -6702844.9121139785,
                6599600.153922984
              ],
              [
                -6702844.9121139785,
                6599487.52487088
              ],
              [
                -6702957.541166083,
                6599487.52487088
              ],
              [
                -6702957.541166083,
                6599374.8958187755
              ],
              [
                -6703182.799270291,
                6599374.8958187755
              ],
              [
                -6703182.799270291,
                6599262.266766671
              ],
              [
                -6703295.428322395,
                6599262.266766671
              ],
              [
                -6703295.428322395,
                6599149.637714568
              ],
              [
                -6703408.0573745,
                6599149.637714568
              ],
              [
                -6703408.0573745,
                6599037.008662463
              ],
              [
                -6703520.686426604,
                6599037.008662463
              ],
              [
                -6703520.686426604,
                6598924.379610359
              ],
              [
                -6703633.315478709,
                6598924.379610359
              ],
              [
                -6703633.315478709,
                6598811.750558254
              ],
              [
                -6703745.944530813,
                6598811.750558254
              ],
              [
                -6703745.944530813,
                6598699.12150615
              ],
              [
                -6704534.347895543,
                6598699.12150615
              ],
              [
                -6704534.347895543,
                6598811.750558254
              ],
              [
                -6704646.976947647,
                6598811.750558254
              ],
              [
                -6704646.976947647,
                6598586.492454045
              ],
              [
                -6704759.605999751,
                6598586.492454045
              ],
              [
                -6704759.605999751,
                6599149.637714568
              ],
              [
                -6704872.235051855,
                6599149.637714568
              ],
              [
                -6704872.235051855,
                6599262.266766671
              ],
              [
                -6704984.86410396,
                6599262.266766671
              ],
              [
                -6704984.86410396,
                6599712.782975089
              ],
              [
                -6705097.493156064,
                6599712.782975089
              ],
              [
                -6705097.493156064,
                6599825.412027193
              ],
              [
                -6705210.122208169,
                6599825.412027193
              ],
              [
                -6705210.122208169,
                6599938.041079297
              ],
              [
                -6705322.751260273,
                6599938.041079297
              ],
              [
                -6705322.751260273,
                6600050.670131401
              ],
              [
                -6705435.380312377,
                6600050.670131401
              ],
              [
                -6705435.380312377,
                6600163.299183506
              ],
              [
                -6705548.009364481,
                6600163.299183506
              ],
              [
                -6705548.009364481,
                6600275.92823561
              ],
              [
                -6705660.6384165855,
                6600275.92823561
              ],
              [
                -6705660.6384165855,
                6600388.557287714
              ],
              [
                -6705773.26746869,
                6600388.557287714
              ],
              [
                -6705773.26746869,
                6600501.186339819
              ],
              [
                -6705885.896520794,
                6600501.186339819
              ],
              [
                -6705885.896520794,
                6600613.815391923
              ],
              [
                -6705998.525572899,
                6600613.815391923
              ],
              [
                -6705998.525572899,
                6600726.444444027
              ],
              [
                -6706111.154625002,
                6600726.444444027
              ],
              [
                -6706111.154625002,
                6600613.815391923
              ],
              [
                -6706223.783677107,
                6600613.815391923
              ],
              [
                -6706223.783677107,
                6600726.444444027
              ],
              [
                -6706336.412729211,
                6600726.444444027
              ],
              [
                -6706336.412729211,
                6600839.073496131
              ],
              [
                -6706449.041781316,
                6600839.073496131
              ],
              [
                -6706449.041781316,
                6600951.702548236
              ],
              [
                -6706561.67083342,
                6600951.702548236
              ],
              [
                -6706561.67083342,
                6601064.33160034
              ],
              [
                -6706674.299885524,
                6601064.33160034
              ],
              [
                -6706674.299885524,
                6601176.9606524445
              ],
              [
                -6706786.928937629,
                6601176.9606524445
              ],
              [
                -6706786.928937629,
                6601289.589704549
              ],
              [
                -6706899.557989732,
                6601289.589704549
              ],
              [
                -6706899.557989732,
                6601402.218756653
              ],
              [
                -6707012.187041837,
                6601402.218756653
              ],
              [
                -6707012.187041837,
                6601627.476860861
              ],
              [
                -6707124.816093941,
                6601627.476860861
              ],
              [
                -6707124.816093941,
                6601740.105912966
              ],
              [
                -6707237.445146046,
                6601740.105912966
              ],
              [
                -6707237.445146046,
                6601514.847808757
              ],
              [
                -6707124.816093941,
                6601514.847808757
              ],
              [
                -6707124.816093941,
                6601289.589704549
              ],
              [
                -6707012.187041837,
                6601289.589704549
              ],
              [
                -6707012.187041837,
                6601064.33160034
              ],
              [
                -6706899.557989732,
                6601064.33160034
              ],
              [
                -6706899.557989732,
                6600951.702548236
              ],
              [
                -6706786.928937629,
                6600951.702548236
              ],
              [
                -6706786.928937629,
                6600839.073496131
              ],
              [
                -6706786.928937629,
                6600726.444444027
              ],
              [
                -6706674.299885524,
                6600726.444444027
              ],
              [
                -6706674.299885524,
                6600275.92823561
              ],
              [
                -6706674.299885524,
                6600163.299183506
              ],
              [
                -6706674.299885524,
                6599938.041079297
              ],
              [
                -6706561.67083342,
                6599938.041079297
              ],
              [
                -6706561.67083342,
                6599825.412027193
              ],
              [
                -6706449.041781316,
                6599825.412027193
              ],
              [
                -6706449.041781316,
                6599712.782975089
              ],
              [
                -6706336.412729211,
                6599712.782975089
              ],
              [
                -6706336.412729211,
                6599600.153922984
              ],
              [
                -6706223.783677107,
                6599600.153922984
              ],
              [
                -6706223.783677107,
                6599487.52487088
              ],
              [
                -6706111.154625002,
                6599487.52487088
              ],
              [
                -6706111.154625002,
                6599374.8958187755
              ],
              [
                -6705998.525572899,
                6599374.8958187755
              ],
              [
                -6705998.525572899,
                6599262.266766671
              ],
              [
                -6705885.896520794,
                6599262.266766671
              ],
              [
                -6705885.896520794,
                6598924.379610359
              ],
              [
                -6705998.525572899,
                6598924.379610359
              ],
              [
                -6705998.525572899,
                6598811.750558254
              ],
              [
                -6706111.154625002,
                6598811.750558254
              ],
              [
                -6706111.154625002,
                6598699.12150615
              ],
              [
                -6706111.154625002,
                6598473.863401941
              ],
              [
                -6706223.783677107,
                6598473.863401941
              ],
              [
                -6706223.783677107,
                6598248.605297733
              ],
              [
                -6706449.041781316,
                6598248.605297733
              ],
              [
                -6706449.041781316,
                6598135.976245629
              ],
              [
                -6706336.412729211,
                6598135.976245629
              ],
              [
                -6705998.525572899,
                6598135.976245629
              ],
              [
                -6705998.525572899,
                6598023.347193524
              ],
              [
                -6705885.896520794,
                6598023.347193524
              ],
              [
                -6705885.896520794,
                6597910.71814142
              ],
              [
                -6705773.26746869,
                6597910.71814142
              ],
              [
                -6705773.26746869,
                6597798.089089315
              ],
              [
                -6705885.896520794,
                6597798.089089315
              ],
              [
                -6705885.896520794,
                6597572.830985107
              ],
              [
                -6705773.26746869,
                6597572.830985107
              ],
              [
                -6705773.26746869,
                6597460.201933003
              ],
              [
                -6705548.009364481,
                6597460.201933003
              ],
              [
                -6705548.009364481,
                6597572.830985107
              ],
              [
                -6705660.6384165855,
                6597572.830985107
              ],
              [
                -6705660.6384165855,
                6597685.460037211
              ],
              [
                -6705210.122208169,
                6597685.460037211
              ],
              [
                -6705210.122208169,
                6597798.089089315
              ],
              [
                -6704534.347895543,
                6597798.089089315
              ],
              [
                -6704534.347895543,
                6597685.460037211
              ],
              [
                -6704309.089791334,
                6597685.460037211
              ],
              [
                -6704309.089791334,
                6597572.830985107
              ],
              [
                -6704196.46073923,
                6597572.830985107
              ],
              [
                -6704196.46073923,
                6597460.201933003
              ],
              [
                -6703745.944530813,
                6597460.201933003
              ],
              [
                -6703745.944530813,
                6597347.572880899
              ],
              [
                -6703633.315478709,
                6597347.572880899
              ],
              [
                -6703633.315478709,
                6597234.943828794
              ],
              [
                -6703520.686426604,
                6597234.943828794
              ],
              [
                -6703520.686426604,
                6597122.31477669
              ],
              [
                -6703408.0573745,
                6597122.31477669
              ],
              [
                -6703408.0573745,
                6597009.685724585
              ],
              [
                -6702844.9121139785,
                6597009.685724585
              ],
              [
                -6702844.9121139785,
                6597122.31477669
              ],
              [
                -6702507.024957665,
                6597122.31477669
              ],
              [
                -6702507.024957665,
                6597009.685724585
              ],
              [
                -6702169.137801353,
                6597009.685724585
              ],
              [
                -6702169.137801353,
                6596897.056672482
              ],
              [
                -6702056.508749248,
                6596897.056672482
              ],
              [
                -6702056.508749248,
                6596784.427620377
              ],
              [
                -6701605.992540832,
                6596784.427620377
              ],
              [
                -6701605.992540832,
                6596671.798568273
              ],
              [
                -6701493.363488727,
                6596671.798568273
              ],
              [
                -6701493.363488727,
                6596559.169516169
              ],
              [
                -6701484.651939867,
                6596559.169516169
              ],
              [
                -6701706.3692484,
                6595956.544437059
              ]
            ],
            [
              [
                -6706674.299885524,
                6604217.94505926
              ],
              [
                -6706674.299885524,
                6604330.574111365
              ],
              [
                -6706786.928937629,
                6604330.574111365
              ],
              [
                -6706786.928937629,
                6604217.94505926
              ],
              [
                -6706674.299885524,
                6604217.94505926
              ]
            ],
            [
              [
                -6706674.299885524,
                6604105.316007156
              ],
              [
                -6706336.412729211,
                6604105.316007156
              ],
              [
                -6706336.412729211,
                6604217.94505926
              ],
              [
                -6706674.299885524,
                6604217.94505926
              ],
              [
                -6706674.299885524,
                6604105.316007156
              ]
            ],
            [
              [
                -6707012.187041837,
                6599262.266766671
              ],
              [
                -6707124.816093941,
                6599262.266766671
              ],
              [
                -6707124.816093941,
                6599037.008662463
              ],
              [
                -6707012.187041837,
                6599037.008662463
              ],
              [
                -6707012.187041837,
                6598811.750558254
              ],
              [
                -6707124.816093941,
                6598811.750558254
              ],
              [
                -6707124.816093941,
                6598924.379610359
              ],
              [
                -6707237.445146046,
                6598924.379610359
              ],
              [
                -6707237.445146046,
                6599149.637714568
              ],
              [
                -6707350.07419815,
                6599149.637714568
              ],
              [
                -6707350.07419815,
                6598924.379610359
              ],
              [
                -6707350.07419815,
                6597798.089089315
              ],
              [
                -6707237.445146046,
                6597798.089089315
              ],
              [
                -6707237.445146046,
                6597910.71814142
              ],
              [
                -6707124.816093941,
                6597910.71814142
              ],
              [
                -6707124.816093941,
                6598023.347193524
              ],
              [
                -6707012.187041837,
                6598023.347193524
              ],
              [
                -6707012.187041837,
                6598135.976245629
              ],
              [
                -6706674.299885524,
                6598135.976245629
              ],
              [
                -6706674.299885524,
                6598361.2343498375
              ],
              [
                -6706786.928937629,
                6598361.2343498375
              ],
              [
                -6706786.928937629,
                6598586.492454045
              ],
              [
                -6706899.557989732,
                6598586.492454045
              ],
              [
                -6706899.557989732,
                6598699.12150615
              ],
              [
                -6706786.928937629,
                6598699.12150615
              ],
              [
                -6706786.928937629,
                6599037.008662463
              ],
              [
                -6706899.557989732,
                6599037.008662463
              ],
              [
                -6706899.557989732,
                6599712.782975089
              ],
              [
                -6707012.187041837,
                6599712.782975089
              ],
              [
                -6707012.187041837,
                6599262.266766671
              ]
            ],
            [
              [
                -6707012.187041837,
                6599825.412027193
              ],
              [
                -6707124.816093941,
                6599825.412027193
              ],
              [
                -6707124.816093941,
                6599712.782975089
              ],
              [
                -6707012.187041837,
                6599712.782975089
              ],
              [
                -6707012.187041837,
                6599825.412027193
              ]
            ],
            [
              [
                -6707124.816093941,
                6599938.041079297
              ],
              [
                -6707237.445146046,
                6599938.041079297
              ],
              [
                -6707237.445146046,
                6599825.412027193
              ],
              [
                -6707124.816093941,
                6599825.412027193
              ],
              [
                -6707124.816093941,
                6599938.041079297
              ]
            ],
            [
              [
                -6707237.445146046,
                6600050.670131401
              ],
              [
                -6707350.07419815,
                6600050.670131401
              ],
              [
                -6707350.07419815,
                6599938.041079297
              ],
              [
                -6707237.445146046,
                6599938.041079297
              ],
              [
                -6707237.445146046,
                6600050.670131401
              ]
            ],
            [
              [
                -6708476.3647191925,
                6600050.670131401
              ],
              [
                -6708363.735667088,
                6600050.670131401
              ],
              [
                -6708363.735667088,
                6600163.299183506
              ],
              [
                -6708476.3647191925,
                6600163.299183506
              ],
              [
                -6708476.3647191925,
                6600050.670131401
              ]
            ],
            [
              [
                -6708363.735667088,
                6599712.782975089
              ],
              [
                -6708251.106614985,
                6599712.782975089
              ],
              [
                -6708251.106614985,
                6599600.153922984
              ],
              [
                -6708138.47756288,
                6599600.153922984
              ],
              [
                -6708138.47756288,
                6599487.52487088
              ],
              [
                -6708025.848510776,
                6599487.52487088
              ],
              [
                -6708025.848510776,
                6599938.041079297
              ],
              [
                -6708138.47756288,
                6599938.041079297
              ],
              [
                -6708138.47756288,
                6600050.670131401
              ],
              [
                -6708363.735667088,
                6600050.670131401
              ],
              [
                -6708363.735667088,
                6599712.782975089
              ]
            ],
            [
              [
                -6707800.590406567,
                6600163.299183506
              ],
              [
                -6707800.590406567,
                6600275.92823561
              ],
              [
                -6707913.219458671,
                6600275.92823561
              ],
              [
                -6707913.219458671,
                6600163.299183506
              ],
              [
                -6707800.590406567,
                6600163.299183506
              ]
            ],
            [
              [
                -6706111.154625002,
                6603992.6869550515
              ],
              [
                -6706674.299885524,
                6603992.6869550515
              ],
              [
                -6706674.299885524,
                6603880.057902947
              ],
              [
                -6706111.154625002,
                6603880.057902947
              ],
              [
                -6706111.154625002,
                6603992.6869550515
              ]
            ],
            [
              [
                -6706111.154625002,
                6603767.428850843
              ],
              [
                -6705998.525572899,
                6603767.428850843
              ],
              [
                -6705998.525572899,
                6603880.057902947
              ],
              [
                -6706111.154625002,
                6603880.057902947
              ],
              [
                -6706111.154625002,
                6603767.428850843
              ]
            ],
            [
              [
                -6705998.525572899,
                6603654.799798739
              ],
              [
                -6705885.896520794,
                6603654.799798739
              ],
              [
                -6705885.896520794,
                6603767.428850843
              ],
              [
                -6705998.525572899,
                6603767.428850843
              ],
              [
                -6705998.525572899,
                6603654.799798739
              ]
            ],
            [
              [
                -6705885.896520794,
                6603542.170746635
              ],
              [
                -6705773.26746869,
                6603542.170746635
              ],
              [
                -6705773.26746869,
                6603429.54169453
              ],
              [
                -6705435.380312377,
                6603429.54169453
              ],
              [
                -6705435.380312377,
                6603316.912642426
              ],
              [
                -6705322.751260273,
                6603316.912642426
              ],
              [
                -6705322.751260273,
                6603204.283590321
              ],
              [
                -6705210.122208169,
                6603204.283590321
              ],
              [
                -6705210.122208169,
                6603091.654538217
              ],
              [
                -6705097.493156064,
                6603091.654538217
              ],
              [
                -6705097.493156064,
                6602979.025486113
              ],
              [
                -6704984.86410396,
                6602979.025486113
              ],
              [
                -6704984.86410396,
                6602866.396434009
              ],
              [
                -6702844.9121139785,
                6602866.396434009
              ],
              [
                -6702844.9121139785,
                6602979.025486113
              ],
              [
                -6702844.9121139785,
                6603091.654538217
              ],
              [
                -6702957.541166083,
                6603091.654538217
              ],
              [
                -6702957.541166083,
                6602979.025486113
              ],
              [
                -6704872.235051855,
                6602979.025486113
              ],
              [
                -6704872.235051855,
                6603091.654538217
              ],
              [
                -6704984.86410396,
                6603091.654538217
              ],
              [
                -6704984.86410396,
                6603204.283590321
              ],
              [
                -6705097.493156064,
                6603204.283590321
              ],
              [
                -6705097.493156064,
                6603316.912642426
              ],
              [
                -6705210.122208169,
                6603316.912642426
              ],
              [
                -6705210.122208169,
                6603429.54169453
              ],
              [
                -6705322.751260273,
                6603429.54169453
              ],
              [
                -6705322.751260273,
                6603542.170746635
              ],
              [
                -6705435.380312377,
                6603542.170746635
              ],
              [
                -6705435.380312377,
                6603654.799798739
              ],
              [
                -6705773.26746869,
                6603654.799798739
              ],
              [
                -6705885.896520794,
                6603654.799798739
              ],
              [
                -6705885.896520794,
                6603542.170746635
              ]
            ]
          ],
          [
            [
              [
                -6705773.26746869,
                6597685.460037211
              ],
              [
                -6705773.26746869,
                6597798.089089315
              ],
              [
                -6705660.6384165855,
                6597798.089089315
              ],
              [
                -6705660.6384165855,
                6597685.460037211
              ],
              [
                -6705773.26746869,
                6597685.460037211
              ]
            ]
          ],
          [
            [
              [
                -6706899.557989732,
                6598699.12150615
              ],
              [
                -6707012.187041837,
                6598699.12150615
              ],
              [
                -6707012.187041837,
                6598811.750558254
              ],
              [
                -6706899.557989732,
                6598811.750558254
              ],
              [
                -6706899.557989732,
                6598699.12150615
              ]
            ]
          ],
          [
            [
              [
                -6706111.154625002,
                6600501.186339819
              ],
              [
                -6706111.154625002,
                6600613.815391923
              ],
              [
                -6705998.525572899,
                6600613.815391923
              ],
              [
                -6705998.525572899,
                6600501.186339819
              ],
              [
                -6706111.154625002,
                6600501.186339819
              ]
            ]
          ],
          [
            [
              [
                -6704421.718843439,
                6606921.042309763
              ],
              [
                -6704534.347895543,
                6606921.042309763
              ],
              [
                -6704534.347895543,
                6607033.671361867
              ],
              [
                -6705885.896520794,
                6607033.671361867
              ],
              [
                -6705885.896520794,
                6606921.042309763
              ],
              [
                -6706223.783677107,
                6606921.042309763
              ],
              [
                -6706223.783677107,
                6606695.784205554
              ],
              [
                -6706111.154625002,
                6606695.784205554
              ],
              [
                -6706111.154625002,
                6606583.155153451
              ],
              [
                -6704421.718843439,
                6606583.155153451
              ],
              [
                -6704421.718843439,
                6606470.526101346
              ],
              [
                -6704309.089791334,
                6606470.526101346
              ],
              [
                -6704309.089791334,
                6606245.267997137
              ],
              [
                -6704196.46073923,
                6606245.267997137
              ],
              [
                -6704196.46073923,
                6606132.638945033
              ],
              [
                -6704083.831687125,
                6606132.638945033
              ],
              [
                -6704083.831687125,
                6605794.7517887205
              ],
              [
                -6703971.202635021,
                6605794.7517887205
              ],
              [
                -6703971.202635021,
                6605682.122736616
              ],
              [
                -6704083.831687125,
                6605682.122736616
              ],
              [
                -6704083.831687125,
                6605569.493684512
              ],
              [
                -6705660.6384165855,
                6605569.493684512
              ],
              [
                -6705660.6384165855,
                6605456.864632407
              ],
              [
                -6706223.783677107,
                6605456.864632407
              ],
              [
                -6706223.783677107,
                6605569.493684512
              ],
              [
                -6706336.412729211,
                6605569.493684512
              ],
              [
                -6706336.412729211,
                6605682.122736616
              ],
              [
                -6706561.67083342,
                6605682.122736616
              ],
              [
                -6706561.67083342,
                6605456.864632407
              ],
              [
                -6706449.041781316,
                6605456.864632407
              ],
              [
                -6706449.041781316,
                6605344.235580303
              ],
              [
                -6706336.412729211,
                6605344.235580303
              ],
              [
                -6706336.412729211,
                6605118.977476095
              ],
              [
                -6706111.154625002,
                6605118.977476095
              ],
              [
                -6706111.154625002,
                6605006.34842399
              ],
              [
                -6705998.525572899,
                6605006.34842399
              ],
              [
                -6705998.525572899,
                6604893.719371886
              ],
              [
                -6705435.380312377,
                6604893.719371886
              ],
              [
                -6705435.380312377,
                6605006.34842399
              ],
              [
                -6703858.573582917,
                6605006.34842399
              ],
              [
                -6703858.573582917,
                6605118.977476095
              ],
              [
                -6703745.944530813,
                6605118.977476095
              ],
              [
                -6703745.944530813,
                6605231.606528198
              ],
              [
                -6703520.686426604,
                6605231.606528198
              ],
              [
                -6703520.686426604,
                6605118.977476095
              ],
              [
                -6703633.315478709,
                6605118.977476095
              ],
              [
                -6703633.315478709,
                6605006.34842399
              ],
              [
                -6703745.944530813,
                6605006.34842399
              ],
              [
                -6703745.944530813,
                6604893.719371886
              ],
              [
                -6703858.573582917,
                6604893.719371886
              ],
              [
                -6703858.573582917,
                6604781.090319782
              ],
              [
                -6704309.089791334,
                6604781.090319782
              ],
              [
                -6704309.089791334,
                6604668.461267677
              ],
              [
                -6705885.896520794,
                6604668.461267677
              ],
              [
                -6705885.896520794,
                6604781.090319782
              ],
              [
                -6706336.412729211,
                6604781.090319782
              ],
              [
                -6706336.412729211,
                6604893.719371886
              ],
              [
                -6706449.041781316,
                6604893.719371886
              ],
              [
                -6706449.041781316,
                6605006.34842399
              ],
              [
                -6706674.299885524,
                6605006.34842399
              ],
              [
                -6706674.299885524,
                6605118.977476095
              ],
              [
                -6706786.928937629,
                6605118.977476095
              ],
              [
                -6706786.928937629,
                6604781.090319782
              ],
              [
                -6706899.557989732,
                6604781.090319782
              ],
              [
                -6706899.557989732,
                6605344.235580303
              ],
              [
                -6706786.928937629,
                6605344.235580303
              ],
              [
                -6706786.928937629,
                6605456.864632407
              ],
              [
                -6706674.299885524,
                6605456.864632407
              ],
              [
                -6706674.299885524,
                6605682.122736616
              ],
              [
                -6706786.928937629,
                6605682.122736616
              ],
              [
                -6706786.928937629,
                6605907.380840825
              ],
              [
                -6706674.299885524,
                6605907.380840825
              ],
              [
                -6706674.299885524,
                6606020.009892928
              ],
              [
                -6706561.67083342,
                6606020.009892928
              ],
              [
                -6706561.67083342,
                6606357.897049242
              ],
              [
                -6706449.041781316,
                6606357.897049242
              ],
              [
                -6706449.041781316,
                6606470.526101346
              ],
              [
                -6706336.412729211,
                6606470.526101346
              ],
              [
                -6706336.412729211,
                6606921.042309763
              ],
              [
                -6706449.041781316,
                6606921.042309763
              ],
              [
                -6706449.041781316,
                6607033.671361867
              ],
              [
                -6706336.412729211,
                6607033.671361867
              ],
              [
                -6706336.412729211,
                6607484.187570284
              ],
              [
                -6706223.783677107,
                6607484.187570284
              ],
              [
                -6706223.783677107,
                6607709.445674493
              ],
              [
                -6706111.154625002,
                6607709.445674493
              ],
              [
                -6706111.154625002,
                6607484.187570284
              ],
              [
                -6705998.525572899,
                6607484.187570284
              ],
              [
                -6705998.525572899,
                6607371.558518181
              ],
              [
                -6704646.976947647,
                6607371.558518181
              ],
              [
                -6704646.976947647,
                6607258.929466076
              ],
              [
                -6704534.347895543,
                6607258.929466076
              ],
              [
                -6704534.347895543,
                6607146.300413972
              ],
              [
                -6704421.718843439,
                6607146.300413972
              ],
              [
                -6704421.718843439,
                6606921.042309763
              ]
            ]
          ],
          [
            [
              [
                -6706336.412729211,
                6608272.590935014
              ],
              [
                -6706223.783677107,
                6608272.590935014
              ],
              [
                -6706223.783677107,
                6607709.445674493
              ],
              [
                -6706336.412729211,
                6607709.445674493
              ],
              [
                -6706336.412729211,
                6608272.590935014
              ]
            ]
          ],
          [
            [
              [
                -6705885.896520794,
                6608385.219987119
              ],
              [
                -6706336.412729211,
                6608385.219987119
              ],
              [
                -6706336.412729211,
                6608272.590935014
              ],
              [
                -6706449.041781316,
                6608272.590935014
              ],
              [
                -6706449.041781316,
                6608497.849039223
              ],
              [
                -6706336.412729211,
                6608497.849039223
              ],
              [
                -6706336.412729211,
                6608948.36524764
              ],
              [
                -6706223.783677107,
                6608948.36524764
              ],
              [
                -6706223.783677107,
                6609398.881456058
              ],
              [
                -6706111.154625002,
                6609398.881456058
              ],
              [
                -6706111.154625002,
                6609624.139560266
              ],
              [
                -6705998.525572899,
                6609624.139560266
              ],
              [
                -6705998.525572899,
                6609398.881456058
              ],
              [
                -6705885.896520794,
                6609398.881456058
              ],
              [
                -6705885.896520794,
                6609286.252403953
              ],
              [
                -6705773.26746869,
                6609286.252403953
              ],
              [
                -6705773.26746869,
                6609060.994299744
              ],
              [
                -6705998.525572899,
                6609060.994299744
              ],
              [
                -6705998.525572899,
                6609173.623351849
              ],
              [
                -6706111.154625002,
                6609173.623351849
              ],
              [
                -6706111.154625002,
                6608948.36524764
              ],
              [
                -6705998.525572899,
                6608948.36524764
              ],
              [
                -6705998.525572899,
                6608610.4780913275
              ],
              [
                -6706223.783677107,
                6608610.4780913275
              ],
              [
                -6706223.783677107,
                6608497.849039223
              ],
              [
                -6705885.896520794,
                6608497.849039223
              ],
              [
                -6705885.896520794,
                6608385.219987119
              ]
            ]
          ],
          [
            [
              [
                -6705773.26746869,
                6608948.36524764
              ],
              [
                -6705773.26746869,
                6609060.994299744
              ],
              [
                -6705660.6384165855,
                6609060.994299744
              ],
              [
                -6705660.6384165855,
                6608948.36524764
              ],
              [
                -6705773.26746869,
                6608948.36524764
              ]
            ]
          ],
          [
            [
              [
                -6705885.896520794,
                6610299.913872892
              ],
              [
                -6705998.525572899,
                6610299.913872892
              ],
              [
                -6705998.525572899,
                6610412.5429249955
              ],
              [
                -6705885.896520794,
                6610412.5429249955
              ],
              [
                -6705885.896520794,
                6610299.913872892
              ]
            ]
          ],
          [
            [
              [
                -6705210.122208169,
                6613678.78543602
              ],
              [
                -6705210.122208169,
                6613791.414488125
              ],
              [
                -6705097.493156064,
                6613791.414488125
              ],
              [
                -6705097.493156064,
                6613678.78543602
              ],
              [
                -6705210.122208169,
                6613678.78543602
              ]
            ]
          ],
          [
            [
              [
                -6702169.137801353,
                6598361.2343498375
              ],
              [
                -6702281.766853457,
                6598361.2343498375
              ],
              [
                -6702281.766853457,
                6598473.863401941
              ],
              [
                -6702169.137801353,
                6598473.863401941
              ],
              [
                -6702169.137801353,
                6598361.2343498375
              ]
            ]
          ],
          [
            [
              [
                -6701268.105384518,
                6606245.267997137
              ],
              [
                -6701380.734436623,
                6606245.267997137
              ],
              [
                -6701380.734436623,
                6606357.897049242
              ],
              [
                -6701268.105384518,
                6606357.897049242
              ],
              [
                -6701268.105384518,
                6606245.267997137
              ]
            ]
          ],
          [
            [
              [
                -6701380.734436623,
                6607709.445674493
              ],
              [
                -6701380.734436623,
                6607822.074726597
              ],
              [
                -6701831.25064504,
                6607822.074726597
              ],
              [
                -6701831.25064504,
                6607709.445674493
              ],
              [
                -6701718.621592935,
                6607709.445674493
              ],
              [
                -6701718.621592935,
                6607596.816622389
              ],
              [
                -6701605.992540832,
                6607596.816622389
              ],
              [
                -6701605.992540832,
                6607484.187570284
              ],
              [
                -6701493.363488727,
                6607484.187570284
              ],
              [
                -6701493.363488727,
                6607371.558518181
              ],
              [
                -6701380.734436623,
                6607371.558518181
              ],
              [
                -6701380.734436623,
                6607258.929466076
              ],
              [
                -6701268.105384518,
                6607258.929466076
              ],
              [
                -6701268.105384518,
                6607146.300413972
              ],
              [
                -6701155.476332414,
                6607146.300413972
              ],
              [
                -6701155.476332414,
                6607033.671361867
              ],
              [
                -6701042.84728031,
                6607033.671361867
              ],
              [
                -6701042.84728031,
                6606921.042309763
              ],
              [
                -6700930.218228205,
                6606921.042309763
              ],
              [
                -6700930.218228205,
                6606808.4132576585
              ],
              [
                -6700817.589176102,
                6606808.4132576585
              ],
              [
                -6700817.589176102,
                6606583.155153451
              ],
              [
                -6700930.218228205,
                6606583.155153451
              ],
              [
                -6700930.218228205,
                6606470.526101346
              ],
              [
                -6701380.734436623,
                6606470.526101346
              ],
              [
                -6701380.734436623,
                6606357.897049242
              ],
              [
                -6701493.363488727,
                6606357.897049242
              ],
              [
                -6701493.363488727,
                6606470.526101346
              ],
              [
                -6701605.992540832,
                6606470.526101346
              ],
              [
                -6701605.992540832,
                6606695.784205554
              ],
              [
                -6701718.621592935,
                6606695.784205554
              ],
              [
                -6701718.621592935,
                6607033.671361867
              ],
              [
                -6701831.25064504,
                6607033.671361867
              ],
              [
                -6701831.25064504,
                6607596.816622389
              ],
              [
                -6701943.879697144,
                6607596.816622389
              ],
              [
                -6701943.879697144,
                6607822.074726597
              ],
              [
                -6702056.508749248,
                6607822.074726597
              ],
              [
                -6702056.508749248,
                6608047.332830806
              ],
              [
                -6702169.137801353,
                6608047.332830806
              ],
              [
                -6702169.137801353,
                6608272.590935014
              ],
              [
                -6702056.508749248,
                6608272.590935014
              ],
              [
                -6702056.508749248,
                6608159.96188291
              ],
              [
                -6701380.734436623,
                6608159.96188291
              ],
              [
                -6701380.734436623,
                6608047.332830806
              ],
              [
                -6701268.105384518,
                6608047.332830806
              ],
              [
                -6701268.105384518,
                6607934.703778702
              ],
              [
                -6701155.476332414,
                6607934.703778702
              ],
              [
                -6701155.476332414,
                6607822.074726597
              ],
              [
                -6701042.84728031,
                6607822.074726597
              ],
              [
                -6701042.84728031,
                6607709.445674493
              ],
              [
                -6701380.734436623,
                6607709.445674493
              ]
            ]
          ],
          [
            [
              [
                -6702169.137801353,
                6608385.219987119
              ],
              [
                -6702169.137801353,
                6608272.590935014
              ],
              [
                -6702281.766853457,
                6608272.590935014
              ],
              [
                -6702281.766853457,
                6608385.219987119
              ],
              [
                -6702169.137801353,
                6608385.219987119
              ]
            ]
          ],
          [
            [
              [
                -6700704.960123997,
                6606357.897049242
              ],
              [
                -6700704.960123997,
                6606470.526101346
              ],
              [
                -6700592.331071893,
                6606470.526101346
              ],
              [
                -6700592.331071893,
                6606357.897049242
              ],
              [
                -6700704.960123997,
                6606357.897049242
              ]
            ]
          ],
          [
            [
              [
                -6700704.960123997,
                6606583.155153451
              ],
              [
                -6700704.960123997,
                6606470.526101346
              ],
              [
                -6700817.589176102,
                6606470.526101346
              ],
              [
                -6700817.589176102,
                6606583.155153451
              ],
              [
                -6700704.960123997,
                6606583.155153451
              ]
            ]
          ]
        ]
      },
      "properties": {
        "station_id": "station_04"
      }
    },
    {
      "type": "Feature",
      "geometry": {
        "type": "MultiPolygon",
        "coordinates": [
          [
            [
              [
                -6715906.58125126,
                6583252.280226795
              ],
              [
                -6710053.171448653,
                6584960.778701363
              ],
              [
                -6710053.171448653,
                6584733.119045218
              ],
              [
                -6710165.800500757,
                6584733.119045218
              ],
              [
                -6710165.800500757,
                6584169.973784697
              ],
              [
                -6710278.4295528615,
                6584169.973784697
              ],
              [
                -6710278.4295528615,
                6584057.344732593
              ],
              [
                -6710391.058604966,
                6584057.344732593
              ],
              [
                -6710391.058604966,
                6583944.715680488
              ],
              [
                -6710503.68765707,
                6583944.715680488
              ],
              [
                -6710503.68765707,
                6583832.086628384
              ],
              [
                -6710728.945761278,
                6583832.086628384
              ],
              [
                -6710728.945761278,
                6583719.4575762795
              ],
              [
                -6710841.574813383,
                6583719.4575762795
              ],
              [
                -6710841.574813383,
                6583494.199472071
              ],
              [
                -6710954.203865487,
                6583494.199472071
              ],
              [
                -6710954.203865487,
                6583381.570419967
              ],
              [
                -6711066.832917592,
                6583381.570419967
              ],
              [
                -6711066.832917592,
                6583268.941367863
              ],
              [
                -6711292.0910218,
                6583268.941367863
              ],
              [
                -6711292.0910218,
                6583381.570419967
              ],
              [
                -6711629.978178113,
                6583381.570419967
              ],
              [
                -6711629.978178113,
                6583268.941367863
              ],
              [
                -6711855.236282322,
                6583268.941367863
              ],
              [
                -6711855.236282322,
                6583156.312315758
              ],
              [
                -6711967.865334426,
                6583156.312315758
              ],
              [
                -6712080.4943865305,
                6583156.312315758
              ],
              [
                -6712080.4943865305,
                6582931.054211549
              ],
              [
                -6712305.752490738,
                6582931.054211549
              ],
              [
                -6712305.752490738,
                6583043.683263654
              ],
              [
                -6712418.381542843,
                6583043.683263654
              ],
              [
                -6712418.381542843,
                6582931.054211549
              ],
              [
                -6712756.268699156,
                6582931.054211549
              ],
              [
                -6712756.268699156,
                6582818.425159445
              ],
              [
                -6713206.784907573,
                6582818.425159445
              ],
              [
                -6713206.784907573,
                6582931.054211549
              ],
              [
                -6713432.043011782,
                6582931.054211549
              ],
              [
                -6713432.043011782,
                6582818.425159445
              ],
              [
                -6713657.30111599,
                6582818.425159445
              ],
              [
                -6713657.30111599,
                6582705.796107341
              ],
              [
                -6713882.559220199,
                6582705.796107341
              ],
              [
                -6713882.559220199,
                6582593.167055237
              ],
              [
                -6713995.188272303,
                6582593.167055237
              ],
              [
                -6713995.188272303,
                6582480.538003133
              ],
              [
                -6714333.075428615,
                6582480.538003133
              ],
              [
                -6714333.075428615,
                6582705.796107341
              ],
              [
                -6714445.70448072,
                6582705.796107341
              ],
              [
                -6714445.70448072,
                6582818.425159445
              ],
              [
                -6714558.333532824,
                6582818.425159445
              ],
              [
                -6714558.333532824,
                6582931.054211549
              ],
              [
                -6715008.849741242,
                6582931.054211549
              ],
              [
                -6715008.849741242,
                6582818.425159445
              ],
              [
                -6715121.478793345,
                6582818.425159445
              ],
              [
                -6715121.478793345,
                6582931.054211549
              ],
              [
                -6715234.10784545,
                6582931.054211549
              ],
              [
                -6715234.10784545,
                6583043.683263654
              ],
              [
                -6715121.478793345,
                6583043.683263654
              ],
              [
                -6715121.478793345,
                6583156.312315758
              ],
              [
                -6715684.6240538675,
                6583156.312315758
              ],
              [
                -6715684.6240538675,
                6583113.69270298
              ],
              [
                -6715906.58125126,
                6583252.280226795
              ]
            ]
          ],
          [
            [
              [
                -6715008.849741242,
                6582691.746986668
              ],
              [
                -6715008.849741242,
                6582818.425159445
              ],
              [
                -6714896.2206891375,
                6582818.425159445
              ],
              [
                -6714896.2206891375,
                6582621.422700616
              ],
              [
                -6715008.849741242,
                6582691.746986668
              ]
            ]
          ],
          [
            [
              [
                -6714850.967381436,
                6582593.167055237
              ],
              [
                -6714670.962584929,
                6582593.167055237
              ],
              [
                -6714670.962584929,
                6582480.774128512
              ],
              [
                -6714850.967381436,
                6582593.167055237
              ]
            ]
          ],
          [
            [
              [
                -6714670.584414327,
                6582480.538003133
              ],
              [
                -6714445.70448072,
                6582480.538003133
              ],
              [
                -6714445.70448072,
                6582367.908951028
              ],
              [
                -6714490.201447218,
                6582367.908951028
              ],
              [
                -6714670.584414327,
                6582480.538003133
              ]
            ]
          ],
          [
            [
              [
                -6710702.159137923,
                6580002.698856838
              ],
              [
                -6710503.68765707,
                6580002.698856838
              ],
              [
                -6710503.68765707,
                6580453.215065256
              ],
              [
                -6710391.058604966,
                6580453.215065256
              ],
              [
                -6710391.058604966,
                6580565.844117359
              ],
              [
                -6710278.4295528615,
                6580565.844117359
              ],
              [
                -6710278.4295528615,
                6580453.215065256
              ],
              [
                -6710165.800500757,
                6580453.215065256
              ],
              [
                -6710165.800500757,
                6580565.844117359
              ],
              [
                -6710053.171448653,
                6580565.844117359
              ],
              [
                -6710053.171448653,
                6580903.731273673
              ],
              [
                -6709940.542396548,
                6580903.731273673
              ],
              [
                -6709940.542396548,
                6580565.844117359
              ],
              [
                -6709715.28429234,
                6580565.844117359
              ],
              [
                -6709715.28429234,
                6580340.586013151
              ],
              [
                -6709602.655240236,
                6580340.586013151
              ],
              [
                -6709602.655240236,
                6580227.956961047
              ],
              [
                -6709490.026188131,
                6580227.956961047
              ],
              [
                -6709490.026188131,
                6579439.553596317
              ],
              [
                -6709377.397136027,
                6579439.553596317
              ],
              [
                -6709377.397136027,
                6579326.924544212
              ],
              [
                -6709264.768083923,
                6579326.924544212
              ],
              [
                -6709264.768083923,
                6579214.295492108
              ],
              [
                -6709152.139031818,
                6579214.295492108
              ],
              [
                -6709152.139031818,
                6579101.666440004
              ],
              [
                -6709039.509979715,
                6579101.666440004
              ],
              [
                -6709039.509979715,
                6578989.037387899
              ],
              [
                -6707124.816093941,
                6578989.037387899
              ],
              [
                -6707124.816093941,
                6579101.666440004
              ],
              [
                -6707012.187041837,
                6579101.666440004
              ],
              [
                -6707012.187041837,
                6578989.037387899
              ],
              [
                -6706899.557989732,
                6578989.037387899
              ],
              [
                -6706899.557989732,
                6578538.521179482
              ],
              [
                -6707012.187041837,
                6578538.521179482
              ],
              [
                -6707012.187041837,
                6578425.892127378
              ],
              [
                -6708176.797598395,
                6578425.892127378
              ],
              [
                -6710702.159137923,
                6580002.698856838
              ]
            ]
          ],
          [
            [
              [
                -6696762.943300347,
                6588839.942348494
              ],
              [
                -6696762.943300347,
                6588787.764920972
              ],
              [
                -6696875.572352451,
                6588787.764920972
              ],
              [
                -6696875.572352451,
                6588675.135868869
              ],
              [
                -6696988.201404556,
                6588675.135868869
              ],
              [
                -6696988.201404556,
                6588224.619660451
              ],
              [
                -6697100.83045666,
                6588224.619660451
              ],
              [
                -6697100.83045666,
                6587886.732504139
              ],
              [
                -6696988.201404556,
                6587886.732504139
              ],
              [
                -6696988.201404556,
                6586985.700087304
              ],
              [
                -6697100.83045666,
                6586985.700087304
              ],
              [
                -6697100.83045666,
                6586873.0710352
              ],
              [
                -6697213.459508764,
                6586873.0710352
              ],
              [
                -6697213.459508764,
                6586760.441983095
              ],
              [
                -6697326.088560868,
                6586760.441983095
              ],
              [
                -6697326.088560868,
                6586647.812930991
              ],
              [
                -6697438.7176129725,
                6586647.812930991
              ],
              [
                -6697438.7176129725,
                6586535.1838788865
              ],
              [
                -6697551.346665077,
                6586535.1838788865
              ],
              [
                -6697551.346665077,
                6586422.554826783
              ],
              [
                -6697776.604769286,
                6586422.554826783
              ],
              [
                -6697776.604769286,
                6586309.925774679
              ],
              [
                -6697889.23382139,
                6586309.925774679
              ],
              [
                -6697889.23382139,
                6586084.66767047
              ],
              [
                -6698001.862873494,
                6586084.66767047
              ],
              [
                -6698001.862873494,
                6585859.409566261
              ],
              [
                -6698114.491925598,
                6585859.409566261
              ],
              [
                -6698114.491925598,
                6585746.780514156
              ],
              [
                -6698227.120977703,
                6585746.780514156
              ],
              [
                -6698227.120977703,
                6585634.151462053
              ],
              [
                -6698677.637186119,
                6585634.151462053
              ],
              [
                -6698677.637186119,
                6585521.5224099485
              ],
              [
                -6699128.153394537,
                6585521.5224099485
              ],
              [
                -6699803.927707163,
                6585521.5224099485
              ],
              [
                -6699803.927707163,
                6585634.151462053
              ],
              [
                -6700254.4439155795,
                6585634.151462053
              ],
              [
                -6700254.4439155795,
                6585746.780514156
              ],
              [
                -6700479.702019788,
                6585746.780514156
              ],
              [
                -6700479.702019788,
                6585972.038618365
              ],
              [
                -6700592.331071893,
                6585972.038618365
              ],
              [
                -6700592.331071893,
                6586084.66767047
              ],
              [
                -6700704.960123997,
                6586084.66767047
              ],
              [
                -6700817.589176102,
                6586084.66767047
              ],
              [
                -6700817.589176102,
                6585972.038618365
              ],
              [
                -6700930.218228205,
                6585972.038618365
              ],
              [
                -6700930.218228205,
                6585859.409566261
              ],
              [
                -6701042.84728031,
                6585859.409566261
              ],
              [
                -6701042.84728031,
                6585746.780514156
              ],
              [
                -6701155.476332414,
                6585746.780514156
              ],
              [
                -6701155.476332414,
                6585634.151462053
              ],
              [
                -6701268.105384518,
                6585634.151462053
              ],
              [
                -6701268.105384518,
                6585521.5224099485
              ],
              [
                -6701380.734436623,
                6585521.5224099485
              ],
              [
                -6701380.734436623,
                6585408.893357844
              ],
              [
                -6701493.363488727,
                6585408.893357844
              ],
              [
                -6701493.363488727,
                6585071.006201531
              ],
              [
                -6701605.992540832,
                6585071.006201531
              ],
              [
                -6701605.992540832,
                6583719.4575762795
              ],
              [
                -6701718.621592935,
                6583719.4575762795
              ],
              [
                -6701718.621592935,
                6583043.683263654
              ],
              [
                -6701605.992540832,
                6583043.683263654
              ],
              [
                -6701605.992540832,
                6582593.167055237
              ],
              [
                -6701831.25064504,
                6582593.167055237
              ],
              [
                -6701831.25064504,
                6582480.538003133
              ],
              [
                -6702169.137801353,
                6582480.538003133
              ],
              [
                -6702169.137801353,
                6582593.167055237
              ],
              [
                -6702844.9121139785,
                6582593.167055237
              ],
              [
                -6702844.9121139785,
                6582030.021794715
              ],
              [
                -6704872.235051855,
                6582030.021794715
              ],
              [
                -6704872.235051855,
                6581804.763690507
              ],
              [
                -6703182.799270291,
                6581804.763690507
              ],
              [
                -6703182.799270291,
                6581692.134638403
              ],
              [
                -6703070.170218187,
                6581692.134638403
              ],
              [
                -6703070.170218187,
                6581579.505586298
              ],
              [
                -6702957.541166083,
                6581579.505586298
              ],
              [
                -6702957.541166083,
                6580565.844117359
              ],
              [
                -6703070.170218187,
                6580565.844117359
              ],
              [
                -6703070.170218187,
                6580453.215065256
              ],
              [
                -6703182.799270291,
                6580453.215065256
              ],
              [
                -6703182.799270291,
                6580115.3279089425
              ],
              [
                -6703295.428322395,
                6580115.3279089425
              ],
              [
                -6703295.428322395,
                6580002.698856838
              ],
              [
                -6703408.0573745,
                6580002.698856838
              ],
              [
                -6703408.0573745,
                6579777.440752629
              ],
              [
                -6703520.686426604,
                6579777.440752629
              ],
              [
                -6703520.686426604,
                6579890.069804734
              ],
              [
                -6703633.315478709,
                6579890.069804734
              ],
              [
                -6703633.315478709,
                6580002.698856838
              ],
              [
                -6703745.944530813,
                6580002.698856838
              ],
              [
                -6703745.944530813,
                6580115.3279089425
              ],
              [
                -6703858.573582917,
                6580115.3279089425
              ],
              [
                -6703858.573582917,
                6580227.956961047
              ],
              [
                -6703971.202635021,
                6580227.956961047
              ],
              [
                -6703971.202635021,
                6580340.586013151
              ],
              [
                -6704083.831687125,
                6580340.586013151
              ],
              [
                -6704083.831687125,
                6580453.215065256
              ],
              [
                -6704196.46073923,
                6580453.215065256
              ],
              [
                -6704196.46073923,
                6580340.586013151
              ],
              [
                -6704309.089791334,
                6580340.586013151
              ],
              [
                -6704309.089791334,
                6580453.215065256
              ],
              [
                -6704421.718843439,
                6580453.215065256
              ],
              [
                -6704421.718843439,
                6580565.844117359
              ],
              [
                -6704534.347895543,
                6580565.844117359
              ],
              [
                -6704534.347895543,
                6580678.473169464
              ],
              [
                -6704646.976947647,
                6580678.473169464
              ],
              [
                -6704646.976947647,
                6580791.102221568
              ],
              [
                -6704759.605999751,
                6580791.102221568
              ],
              [
                -6704759.605999751,
                6581016.360325777
              ],
              [
                -6704872.235051855,
                6581016.360325777
              ],
              [
                -6704872.235051855,
                6581241.618429985
              ],
              [
                -6704984.86410396,
                6581241.618429985
              ],
              [
                -6704984.86410396,
                6582030.021794715
              ],
              [
                -6705097.493156064,
                6582030.021794715
              ],
              [
                -6705097.493156064,
                6583381.570419967
              ],
              [
                -6705210.122208169,
                6583381.570419967
              ],
              [
                -6705210.122208169,
                6583832.086628384
              ],
              [
                -6705322.751260273,
                6583832.086628384
              ],
              [
                -6705322.751260273,
                6584620.489993114
              ],
              [
                -6705210.122208169,
                6584620.489993114
              ],
              [
                -6705210.122208169,
                6585521.5224099485
              ],
              [
                -6705097.493156064,
                6585521.5224099485
              ],
              [
                -6705097.493156064,
                6586084.66767047
              ],
              [
                -6705210.122208169,
                6586084.66767047
              ],
              [
                -6705210.122208169,
                6586374.372233792
              ],
              [
                -6696762.943300347,
                6588839.942348494
              ]
            ],
            [
              [
                -6704984.86410396,
                6582593.167055237
              ],
              [
                -6703633.315478709,
                6582593.167055237
              ],
              [
                -6703633.315478709,
                6582480.538003133
              ],
              [
                -6703520.686426604,
                6582480.538003133
              ],
              [
                -6703520.686426604,
                6582593.167055237
              ],
              [
                -6703408.0573745,
                6582593.167055237
              ],
              [
                -6703408.0573745,
                6582705.796107341
              ],
              [
                -6703295.428322395,
                6582705.796107341
              ],
              [
                -6703295.428322395,
                6582818.425159445
              ],
              [
                -6703182.799270291,
                6582818.425159445
              ],
              [
                -6703182.799270291,
                6582931.054211549
              ],
              [
                -6703295.428322395,
                6582931.054211549
              ],
              [
                -6703295.428322395,
                6583043.683263654
              ],
              [
                -6704984.86410396,
                6583043.683263654
              ],
              [
                -6704984.86410396,
                6582593.167055237
              ]
            ]
          ],
          [
            [
              [
                -6706111.154625002,
                6586111.378088224
              ],
              [
                -6706111.154625002,
                6586084.66767047
              ],
              [
                -6706202.6659862595,
                6586084.66767047
              ],
              [
                -6706111.154625002,
                6586111.378088224
              ]
            ]
          ],
          [
            [
              [
                -6706223.783677107,
                6586078.503820028
              ],
              [
                -6706223.783677107,
                6585972.038618365
              ],
              [
                -6706336.412729211,
                6585972.038618365
              ],
              [
                -6706336.412729211,
                6585859.409566261
              ],
              [
                -6706449.041781316,
                6585859.409566261
              ],
              [
                -6706449.041781316,
                6585746.780514156
              ],
              [
                -6706561.67083342,
                6585746.780514156
              ],
              [
                -6706561.67083342,
                6585972.038618365
              ],
              [
                -6706588.5393174095,
                6585972.038618365
              ],
              [
                -6706223.783677107,
                6586078.503820028
              ]
            ]
          ],
          [
            [
              [
                -6708476.3647191925,
                6585421.018456107
              ],
              [
                -6708476.3647191925,
                6585408.893357844
              ],
              [
                -6708363.735667088,
                6585408.893357844
              ],
              [
                -6708363.735667088,
                6584958.377149426
              ],
              [
                -6708251.106614985,
                6584958.377149426
              ],
              [
                -6708251.106614985,
                6584845.748097323
              ],
              [
                -6708138.47756288,
                6584845.748097323
              ],
              [
                -6708138.47756288,
                6584733.119045218
              ],
              [
                -6708025.848510776,
                6584733.119045218
              ],
              [
                -6708025.848510776,
                6584282.602836801
              ],
              [
                -6708138.47756288,
                6584282.602836801
              ],
              [
                -6708138.47756288,
                6583944.715680488
              ],
              [
                -6708025.848510776,
                6583944.715680488
              ],
              [
                -6708025.848510776,
                6583719.4575762795
              ],
              [
                -6707913.219458671,
                6583719.4575762795
              ],
              [
                -6707913.219458671,
                6583606.828524175
              ],
              [
                -6707800.590406567,
                6583606.828524175
              ],
              [
                -6707800.590406567,
                6583494.199472071
              ],
              [
                -6707687.961354462,
                6583494.199472071
              ],
              [
                -6707687.961354462,
                6583381.570419967
              ],
              [
                -6707575.332302359,
                6583381.570419967
              ],
              [
                -6707575.332302359,
                6583268.941367863
              ],
              [
                -6707462.7032502545,
                6583268.941367863
              ],
              [
                -6707462.7032502545,
                6583156.312315758
              ],
              [
                -6707350.07419815,
                6583156.312315758
              ],
              [
                -6707350.07419815,
                6583043.683263654
              ],
              [
                -6707237.445146046,
                6583043.683263654
              ],
              [
                -6707237.445146046,
                6582480.538003133
              ],
              [
                -6707124.816093941,
                6582480.538003133
              ],
              [
                -6707124.816093941,
                6582367.908951028
              ],
              [
                -6707012.187041837,
                6582367.908951028
              ],
              [
                -6707012.187041837,
                6581466.876534194
              ],
              [
                -6706899.557989732,
                6581466.876534194
              ],
              [
                -6706899.557989732,
                6580903.731273673
              ],
              [
                -6707012.187041837,
                6580903.731273673
              ],
              [
                -6707012.187041837,
                6579890.069804734
              ],
              [
                -6707124.816093941,
                6579890.069804734
              ],
              [
                -6707124.816093941,
                6579664.811700526
              ],
              [
                -6707237.445146046,
                6579664.811700526
              ],
              [
                -6707237.445146046,
                6579552.182648421
              ],
              [
                -6707462.7032502545,
                6579552.182648421
              ],
              [
                -6707462.7032502545,
                6579664.811700526
              ],
              [
                -6707687.961354462,
                6579664.811700526
              ],
              [
                -6707687.961354462,
                6579777.440752629
              ],
              [
                -6707800.590406567,
                6579777.440752629
              ],
              [
                -6707800.590406567,
                6579890.069804734
              ],
              [
                -6707913.219458671,
                6579890.069804734
              ],
              [
                -6707913.219458671,
                6580002.698856838
              ],
              [
                -6708025.848510776,
                6580002.698856838
              ],
              [
                -6708025.848510776,
                6580115.3279089425
              ],
              [
                -6708138.47756288,
                6580115.3279089425
              ],
              [
                -6708138.47756288,
                6580002.698856838
              ],
              [
                -6708251.106614985,
                6580002.698856838
              ],
              [
                -6708251.106614985,
                6580115.3279089425
              ],
              [
                -6708701.622823401,
                6580115.3279089425
              ],
              [
                -6708701.622823401,
                6580227.956961047
              ],
              [
                -6708926.88092761,
                6580227.956961047
              ],
              [
                -6708926.88092761,
                6580340.586013151
              ],
              [
                -6709039.509979715,
                6580340.586013151
              ],
              [
                -6709039.509979715,
                6580453.215065256
              ],
              [
                -6709152.139031818,
                6580453.215065256
              ],
              [
                -6709152.139031818,
                6580565.844117359
              ],
              [
                -6709264.768083923,
                6580565.844117359
              ],
              [
                -6709264.768083923,
                6580678.473169464
              ],
              [
                -6709377.397136027,
                6580678.473169464
              ],
              [
                -6709377.397136027,
                6580791.102221568
              ],
              [
                -6709490.026188131,
                6580791.102221568
              ],
              [
                -6709490.026188131,
                6580903.731273673
              ],
              [
                -6709602.655240236,
                6580903.731273673
              ],
              [
                -6709602.655240236,
                6581016.360325777
              ],
              [
                -6709715.28429234,
                6581016.360325777
              ],
              [
                -6709715.28429234,
                6581128.989377881
              ],
              [
                -6710053.171448653,
                6581128.989377881
              ],
              [
                -6710053.171448653,
                6580903.731273673
              ],
              [
                -6710165.800500757,
                6580903.731273673
              ],
              [
                -6710165.800500757,
                6581128.989377881
              ],
              [
                -6710278.4295528615,
                6581128.989377881
              ],
              [
                -6710278.4295528615,
                6581579.505586298
              ],
              [
                -6710165.800500757,
                6581579.505586298
              ],
              [
                -6710165.800500757,
                6582030.021794715
              ],
              [
                -6710053.171448653,
                6582030.021794715
              ],
              [
                -6710053.171448653,
                6582142.650846819
              ],
              [
                -6709940.542396548,
                6582142.650846819
              ],
              [
                -6709940.542396548,
                6582255.279898924
              ],
              [
                -6709827.913344445,
                6582255.279898924
              ],
              [
                -6709827.913344445,
                6582480.538003133
              ],
              [
                -6709715.28429234,
                6582480.538003133
              ],
              [
                -6709715.28429234,
                6582593.167055237
              ],
              [
                -6709602.655240236,
                6582593.167055237
              ],
              [
                -6709602.655240236,
                6582705.796107341
              ],
              [
                -6709490.026188131,
                6582705.796107341
              ],
              [
                -6709490.026188131,
                6582818.425159445
              ],
              [
                -6709377.397136027,
                6582818.425159445
              ],
              [
                -6709377.397136027,
                6582931.054211549
              ],
              [
                -6709264.768083923,
                6582931.054211549
              ],
              [
                -6709264.768083923,
                6583043.683263654
              ],
              [
                -6709152.139031818,
                6583043.683263654
              ],
              [
                -6709152.139031818,
                6583156.312315758
              ],
              [
                -6709039.509979715,
                6583156.312315758
              ],
              [
                -6709039.509979715,
                6583268.941367863
              ],
              [
                -6708926.88092761,
                6583268.941367863
              ],
              [
                -6708926.88092761,
                6583944.715680488
              ],
              [
                -6708814.251875506,
                6583944.715680488
              ],
              [
                -6708814.251875506,
                6583832.086628384
              ],
              [
                -6708363.735667088,
                6583832.086628384
              ],
              [
                -6708363.735667088,
                6584057.344732593
              ],
              [
                -6708476.3647191925,
                6584057.344732593
              ],
              [
                -6708476.3647191925,
                6584282.602836801
              ],
              [
                -6709039.509979715,
                6584282.602836801
              ],
              [
                -6709039.509979715,
                6584169.973784697
              ],
              [
                -6709152.139031818,
                6584169.973784697
              ],
              [
                -6709152.139031818,
                6584395.231888905
              ],
              [
                -6709039.509979715,
                6584395.231888905
              ],
              [
                -6709039.509979715,
                6584507.86094101
              ],
              [
                -6708926.88092761,
                6584507.86094101
              ],
              [
                -6708926.88092761,
                6584733.119045218
              ],
              [
                -6708814.251875506,
                6584733.119045218
              ],
              [
                -6708814.251875506,
                6584958.377149426
              ],
              [
                -6708701.622823401,
                6584958.377149426
              ],
              [
                -6708701.622823401,
                6585355.269919715
              ],
              [
                -6708476.3647191925,
                6585421.018456107
              ]
            ]
          ],
          [
            [
              [
                -6709039.509979715,
                6584169.973784697
              ],
              [
                -6708926.88092761,
                6584169.973784697
              ],
              [
                -6708926.88092761,
                6583944.715680488
              ],
              [
                -6709039.509979715,
                6583944.715680488
              ],
              [
                -6709039.509979715,
                6584169.973784697
              ]
            ]
          ],
          [
            [
              [
                -6703633.315478709,
                6582593.167055237
              ],
              [
                -6703633.315478709,
                6582705.796107341
              ],
              [
                -6703520.686426604,
                6582705.796107341
              ],
              [
                -6703520.686426604,
                6582593.167055237
              ],
              [
                -6703633.315478709,
                6582593.167055237
              ]
            ]
          ],
          [
            [
              [
                -6703520.686426604,
                6582818.425159445
              ],
              [
                -6703408.0573745,
                6582818.425159445
              ],
              [
                -6703408.0573745,
                6582705.796107341
              ],
              [
                -6703520.686426604,
                6582705.796107341
              ],
              [
                -6703520.686426604,
                6582818.425159445
              ]
            ]
          ],
          [
            [
              [
                -6703295.428322395,
                6582818.425159445
              ],
              [
                -6703408.0573745,
                6582818.425159445
              ],
              [
                -6703408.0573745,
                6582931.054211549
              ],
              [
                -6703295.428322395,
                6582931.054211549
              ],
              [
                -6703295.428322395,
                6582818.425159445
              ]
            ]
          ]
        ]
      },
      "properties": {
        "station_id": "station_05"
      }
    },
    {
      "type": "Feature",
      "geometry": {
        "type": "MultiPolygon",
        "coordinates": [
          [
            [
              [
                -6705322.751260273,
                6613837.739989832
              ],
              [
                -6705322.751260273,
                6614467.18880075
              ],
              [
                -6705210.122208169,
                6614467.18880075
              ],
              [
                -6705210.122208169,
                6614692.446904959
              ],
              [
                -6705097.493156064,
                6614692.446904959
              ],
              [
                -6705097.493156064,
                6614917.705009167
              ],
              [
                -6704984.86410396,
                6614917.705009167
              ],
              [
                -6704984.86410396,
                6615142.963113376
              ],
              [
                -6705097.493156064,
                6615142.963113376
              ],
              [
                -6705097.493156064,
                6615818.737426002
              ],
              [
                -6705210.122208169,
                6615818.737426002
              ],
              [
                -6705210.122208169,
                6615931.366478106
              ],
              [
                -6705097.493156064,
                6615931.366478106
              ],
              [
                -6705097.493156064,
                6616156.624582315
              ],
              [
                -6704984.86410396,
                6616156.624582315
              ],
              [
                -6704984.86410396,
                6615931.366478106
              ],
              [
                -6704872.235051855,
                6615931.366478106
              ],
              [
                -6704872.235051855,
                6615818.737426002
              ],
              [
                -6704984.86410396,
                6615818.737426002
              ],
              [
                -6704984.86410396,
                6615706.108373897
              ],
              [
                -6704646.976947647,
                6615706.108373897
              ],
              [
                -6704646.976947647,
                6615818.737426002
              ],
              [
                -6704421.718843439,
                6615818.737426002
              ],
              [
                -6704421.718843439,
                6615706.108373897
              ],
              [
                -6704309.089791334,
                6615706.108373897
              ],
              [
                -6704309.089791334,
                6615593.479321794
              ],
              [
                -6704083.831687125,
                6615593.479321794
              ],
              [
                -6704083.831687125,
                6615480.850269689
              ],
              [
                -6703971.202635021,
                6615480.850269689
              ],
              [
                -6703971.202635021,
                6615368.221217585
              ],
              [
                -6702056.508749248,
                6615368.221217585
              ],
              [
                -6702056.508749248,
                6615255.59216548
              ],
              [
                -6702169.137801353,
                6615255.59216548
              ],
              [
                -6702169.137801353,
                6615142.963113376
              ],
              [
                -6704196.46073923,
                6615142.963113376
              ],
              [
                -6704196.46073923,
                6615255.59216548
              ],
              [
                -6704309.089791334,
                6615255.59216548
              ],
              [
                -6704309.089791334,
                6615368.221217585
              ],
              [
                -6704421.718843439,
                6615368.221217585
              ],
              [
                -6704421.718843439,
                6615480.850269689
              ],
              [
                -6704534.347895543,
                6615480.850269689
              ],
              [
                -6704534.347895543,
                6615593.479321794
              ],
              [
                -6704984.86410396,
                6615593.479321794
              ],
              [
                -6704984.86410396,
                6615255.59216548
              ],
              [
                -6704759.605999751,
                6615255.59216548
              ],
              [
                -6704759.605999751,
                6615142.963113376
              ],
              [
                -6704872.235051855,
                6615142.963113376
              ],
              [
                -6704872.235051855,
                6614917.705009167
              ],
              [
                -6704759.605999751,
                6614917.705009167
              ],
              [
                -6704759.605999751,
                6615030.3340612715
              ],
              [
                -6704646.976947647,
                6615030.3340612715
              ],
              [
                -6704646.976947647,
                6614917.705009167
              ],
              [
                -6704534.347895543,
                6614917.705009167
              ],
              [
                -6704534.347895543,
                6614805.075957064
              ],
              [
                -6704421.718843439,
                6614805.075957064
              ],
              [
                -6704421.718843439,
                6614692.446904959
              ],
              [
                -6704309.089791334,
                6614692.446904959
              ],
              [
                -6704309.089791334,
                6614579.817852855
              ],
              [
                -6702394.395905561,
                6614579.817852855
              ],
              [
                -6702394.395905561,
                6614692.446904959
              ],
              [
                -6701493.363488727,
                6614692.446904959
              ],
              [
                -6701493.363488727,
                6614917.705009167
              ],
              [
                -6701380.734436623,
                6614917.705009167
              ],
              [
                -6701380.734436623,
                6615142.963113376
              ],
              [
                -6701493.363488727,
                6615142.963113376
              ],
              [
                -6701493.363488727,
                6615255.59216548
              ],
              [
                -6701605.992540832,
                6615255.59216548
              ],
              [
                -6701605.992540832,
                6615480.850269689
              ],
              [
                -6701718.621592935,
                6615480.850269689
              ],
              [
                -6702056.508749248,
                6615480.850269689
              ],
              [
                -6702056.508749248,
                6615593.479321794
              ],
              [
                -6702732.283061874,
                6615593.479321794
              ],
              [
                -6702732.283061874,
                6615706.108373897
              ],
              [
                -6702844.9121139785,
                6615706.108373897
              ],
              [
                -6702844.9121139785,
                6615818.737426002
              ],
              [
                -6702957.541166083,
                6615818.737426002
              ],
              [
                -6702957.541166083,
                6615931.366478106
              ],
              [
                -6703408.0573745,
                6615931.366478106
              ],
              [
                -6703408.0573745,
                6616043.99553021
              ],
              [
                -6703520.686426604,
                6616043.99553021
              ],
              [
                -6703520.686426604,
                6616156.624582315
              ],
              [
                -6703633.315478709,
                6616156.624582315
              ],
              [
                -6703633.315478709,
                6616269.253634419
              ],
              [
                -6703745.944530813,
                6616269.253634419
              ],
              [
                -6703745.944530813,
                6616381.882686524
              ],
              [
                -6703858.573582917,
                6616381.882686524
              ],
              [
                -6703858.573582917,
                6616607.140790732
              ],
              [
                -6703971.202635021,
                6616607.140790732
              ],
              [
                -6703971.202635021,
                6616719.769842836
              ],
              [
                -6704196.46073923,
                6616719.769842836
              ],
              [
                -6704196.46073923,
                6616607.140790732
              ],
              [
                -6704421.718843439,
                6616607.140790732
              ],
              [
                -6704421.718843439,
                6616719.769842836
              ],
              [
                -6704534.347895543,
                6616719.769842836
              ],
              [
                -6704534.347895543,
                6616832.3988949405
              ],
              [
                -6704646.976947647,
                6616832.3988949405
              ],
              [
                -6704759.605999751,
                6616832.3988949405
              ],
              [
                -6704759.605999751,
                6616945.027947045
              ],
              [
                -6704872.235051855,
                6616945.027947045
              ],
              [
                -6704872.235051855,
                6617057.656999149
              ],
              [
                -6704984.86410396,
                6617057.656999149
              ],
              [
                -6704984.86410396,
                6616945.027947045
              ],
              [
                -6705548.009364481,
                6616945.027947045
              ],
              [
                -6705548.009364481,
                6617057.656999149
              ],
              [
                -6705660.6384165855,
                6617057.656999149
              ],
              [
                -6705660.6384165855,
                6616832.3988949405
              ],
              [
                -6705773.26746869,
                6616832.3988949405
              ],
              [
                -6705773.26746869,
                6617170.286051253
              ],
              [
                -6705773.26746869,
                6617282.915103357
              ],
              [
                -6705998.525572899,
                6617282.915103357
              ],
              [
                -6705998.525572899,
                6617395.544155462
              ],
              [
                -6706111.154625002,
                6617395.544155462
              ],
              [
                -6706111.154625002,
                6617282.915103357
              ],
              [
                -6706223.783677107,
                6617282.915103357
              ],
              [
                -6706223.783677107,
                6617170.286051253
              ],
              [
                -6706336.412729211,
                6617170.286051253
              ],
              [
                -6706336.412729211,
                6617057.656999149
              ],
              [
                -6706449.041781316,
                6617057.656999149
              ],
              [
                -6706449.041781316,
                6616945.027947045
              ],
              [
                -6706561.67083342,
                6616945.027947045
              ],
              [
                -6706561.67083342,
                6616832.3988949405
              ],
              [
                -6706674.299885524,
                6616832.3988949405
              ],
              [
                -6706674.299885524,
                6616719.769842836
              ],
              [
                -6706786.928937629,
                6616719.769842836
              ],
              [
                -6706786.928937629,
                6616607.140790732
              ],
              [
                -6707350.07419815,
                6616607.140790732
              ],
              [
                -6707350.07419815,
                6616719.769842836
              ],
              [
                -6707462.7032502545,
                6616719.769842836
              ],
              [
                -6707462.7032502545,
                6616832.3988949405
              ],
              [
                -6707687.961354462,
                6616832.3988949405
              ],
              [
                -6707687.961354462,
                6616945.027947045
              ],
              [
                -6707800.590406567,
                6616945.027947045
              ],
              [
                -6707800.590406567,
                6616832.3988949405
              ],
              [
                -6708025.848510776,
                6616832.3988949405
              ],
              [
                -6708025.848510776,
                6616719.769842836
              ],
              [
                -6708363.735667088,
                6616719.769842836
              ],
              [
                -6708363.735667088,
                6616607.140790732
              ],
              [
                -6708476.3647191925,
                6616607.140790732
              ],
              [
                -6708476.3647191925,
                6616494.511738627
              ],
              [
                -6708588.993771297,
                6616494.511738627
              ],
              [
                -6708588.993771297,
                6616269.253634419
              ],
              [
                -6708701.622823401,
                6616269.253634419
              ],
              [
                -6708701.622823401,
                6616156.624582315
              ],
              [
                -6708814.251875506,
                6616156.624582315
              ],
              [
                -6708814.251875506,
                6616043.99553021
              ],
              [
                -6708926.88092761,
                6616043.99553021
              ],
              [
                -6708926.88092761,
                6615931.366478106
              ],
              [
                -6709039.509979715,
                6615931.366478106
              ],
              [
                -6709039.509979715,
                6615706.108373897
              ],
              [
                -6709264.768083923,
                6615706.108373897
              ],
              [
                -6709264.768083923,
                6615480.850269689
              ],
              [
                -6709377.397136027,
                6615480.850269689
              ],
              [
                -6709377.397136027,
                6615368.221217585
              ],
              [
                -6709827.913344445,
                6615368.221217585
              ],
              [
                -6709827.913344445,
                6615255.59216548
              ],
              [
                -6710278.4295528615,
                6615255.59216548
              ],
              [
                -6710278.4295528615,
                6615142.963113376
              ],
              [
                -6710391.058604966,
                6615142.963113376
              ],
              [
                -6710391.058604966,
                6615030.3340612715
              ],
              [
                -6710503.68765707,
                6615030.3340612715
              ],
              [
                -6710503.68765707,
                6614917.705009167
              ],
              [
                -6711179.461969696,
                6614917.705009167
              ],
              [
                -6711179.461969696,
                6614805.075957064
              ],
              [
                -6711517.349126008,
                6614805.075957064
              ],
              [
                -6711517.349126008,
                6614917.705009167
              ],
              [
                -6712868.89775126,
                6614917.705009167
              ],
              [
                -6712868.89775126,
                6615030.3340612715
              ],
              [
                -6713206.784907573,
                6615030.3340612715
              ],
              [
                -6713206.784907573,
                6615142.963113376
              ],
              [
                -6713432.043011782,
                6615142.963113376
              ],
              [
                -6713432.043011782,
                6615255.59216548
              ],
              [
                -6713882.559220199,
                6615255.59216548
              ],
              [
                -6713882.559220199,
                6615368.221217585
              ],
              [
                -6714220.446376512,
                6615368.221217585
              ],
              [
                -6714220.446376512,
                6615480.850269689
              ],
              [
                -6714558.333532824,
                6615480.850269689
              ],
              [
                -6714558.333532824,
                6615593.479321794
              ],
              [
                -6714783.591637033,
                6615593.479321794
              ],
              [
                -6715121.478793345,
                6615593.479321794
              ],
              [
                -6715121.478793345,
                6615706.108373897
              ],
              [
                -6715459.365949659,
                6615706.108373897
              ],
              [
                -6715459.365949659,
                6615818.737426002
              ],
              [
                -6715797.253105972,
                6615818.737426002
              ],
              [
                -6715797.253105972,
                6615931.366478106
              ],
              [
                -6716022.51121018,
                6615931.366478106
              ],
              [
                -6716022.51121018,
                6616043.99553021
              ],
              [
                -6716135.140262284,
                6616043.99553021
              ],
              [
                -6716135.140262284,
                6616156.624582315
              ],
              [
                -6716473.027418598,
                6616156.624582315
              ],
              [
                -6716473.027418598,
                6616043.99553021
              ],
              [
                -6717261.430783328,
                6616043.99553021
              ],
              [
                -6717261.430783328,
                6616156.624582315
              ],
              [
                -6717486.688887536,
                6616156.624582315
              ],
              [
                -6717486.688887536,
                6616269.253634419
              ],
              [
                -6717937.205095953,
                6616269.253634419
              ],
              [
                -6717937.205095953,
                6616381.882686524
              ],
              [
                -6718049.834148058,
                6616381.882686524
              ],
              [
                -6718049.834148058,
                6616494.511738627
              ],
              [
                -6718162.463200161,
                6616494.511738627
              ],
              [
                -6718162.463200161,
                6616607.140790732
              ],
              [
                -6718275.092252266,
                6616607.140790732
              ],
              [
                -6718275.092252266,
                6616719.769842836
              ],
              [
                -6718387.72130437,
                6616719.769842836
              ],
              [
                -6718387.72130437,
                6616945.027947045
              ],
              [
                -6718612.979408579,
                6616945.027947045
              ],
              [
                -6718612.979408579,
                6617057.656999149
              ],
              [
                -6718950.866564891,
                6617057.656999149
              ],
              [
                -6718950.866564891,
                6617508.173207566
              ],
              [
                -6719063.495616996,
                6617508.173207566
              ],
              [
                -6719063.495616996,
                6618521.834676505
              ],
              [
                -6718950.866564891,
                6618521.834676505
              ],
              [
                -6718950.866564891,
                6618747.092780713
              ],
              [
                -6718838.237512787,
                6618747.092780713
              ],
              [
                -6718838.237512787,
                6619084.979937026
              ],
              [
                -6718725.608460683,
                6619084.979937026
              ],
              [
                -6718725.608460683,
                6619197.608989131
              ],
              [
                -6718612.979408579,
                6619197.608989131
              ],
              [
                -6718612.979408579,
                6619310.238041235
              ],
              [
                -6718500.3503564745,
                6619310.238041235
              ],
              [
                -6718500.3503564745,
                6619422.867093339
              ],
              [
                -6718387.72130437,
                6619422.867093339
              ],
              [
                -6718387.72130437,
                6619760.754249652
              ],
              [
                -6718500.3503564745,
                6619760.754249652
              ],
              [
                -6718500.3503564745,
                6619986.012353861
              ],
              [
                -6718387.72130437,
                6619986.012353861
              ],
              [
                -6718387.72130437,
                6620098.641405965
              ],
              [
                -6717824.576043849,
                6620098.641405965
              ],
              [
                -6717824.576043849,
                6619873.383301756
              ],
              [
                -6717486.688887536,
                6619873.383301756
              ],
              [
                -6717486.688887536,
                6619986.012353861
              ],
              [
                -6716360.398366493,
                6619986.012353861
              ],
              [
                -6716360.398366493,
                6619873.383301756
              ],
              [
                -6715909.882158075,
                6619873.383301756
              ],
              [
                -6715909.882158075,
                6620098.641405965
              ],
              [
                -6715797.253105972,
                6620098.641405965
              ],
              [
                -6715797.253105972,
                6620211.270458069
              ],
              [
                -6715684.6240538675,
                6620211.270458069
              ],
              [
                -6715684.6240538675,
                6620323.899510173
              ],
              [
                -6715571.995001763,
                6620323.899510173
              ],
              [
                -6715571.995001763,
                6620436.528562278
              ],
              [
                -6715234.10784545,
                6620436.528562278
              ],
              [
                -6715234.10784545,
                6620549.157614382
              ],
              [
                -6715121.478793345,
                6620549.157614382
              ],
              [
                -6715121.478793345,
                6620661.786666486
              ],
              [
                -6715008.849741242,
                6620661.786666486
              ],
              [
                -6715008.849741242,
                6620774.415718591
              ],
              [
                -6714896.2206891375,
                6620774.415718591
              ],
              [
                -6714896.2206891375,
                6620887.044770694
              ],
              [
                -6714783.591637033,
                6620887.044770694
              ],
              [
                -6714783.591637033,
                6620999.673822799
              ],
              [
                -6714670.962584929,
                6620999.673822799
              ],
              [
                -6714670.962584929,
                6621112.302874903
              ],
              [
                -6714558.333532824,
                6621112.302874903
              ],
              [
                -6714558.333532824,
                6621224.931927008
              ],
              [
                -6714445.70448072,
                6621224.931927008
              ],
              [
                -6714445.70448072,
                6621337.560979112
              ],
              [
                -6714333.075428615,
                6621337.560979112
              ],
              [
                -6714333.075428615,
                6621450.1900312165
              ],
              [
                -6714445.70448072,
                6621450.1900312165
              ],
              [
                -6714445.70448072,
                6621675.448135424
              ],
              [
                -6714558.333532824,
                6621675.448135424
              ],
              [
                -6714558.333532824,
                6621788.077187529
              ],
              [
                -6714670.962584929,
                6621788.077187529
              ],
              [
                -6714670.962584929,
                6621900.706239633
              ],
              [
                -6714783.591637033,
                6621900.706239633
              ],
              [
                -6714783.591637033,
                6622125.964343842
              ],
              [
                -6714896.2206891375,
                6622125.964343842
              ],
              [
                -6714896.2206891375,
                6622351.222448051
              ],
              [
                -6715008.849741242,
                6622351.222448051
              ],
              [
                -6715008.849741242,
                6622463.8515001545
              ],
              [
                -6715121.478793345,
                6622463.8515001545
              ],
              [
                -6715121.478793345,
                6622689.109604363
              ],
              [
                -6715234.10784545,
                6622689.109604363
              ],
              [
                -6715234.10784545,
                6622801.738656468
              ],
              [
                -6715346.736897554,
                6622801.738656468
              ],
              [
                -6715346.736897554,
                6622914.367708572
              ],
              [
                -6715459.365949659,
                6622914.367708572
              ],
              [
                -6715459.365949659,
                6623026.996760677
              ],
              [
                -6715571.995001763,
                6623026.996760677
              ],
              [
                -6715571.995001763,
                6623139.62581278
              ],
              [
                -6715684.6240538675,
                6623139.62581278
              ],
              [
                -6715684.6240538675,
                6623252.254864885
              ],
              [
                -6715797.253105972,
                6623252.254864885
              ],
              [
                -6715797.253105972,
                6623364.883916989
              ],
              [
                -6716022.51121018,
                6623364.883916989
              ],
              [
                -6716022.51121018,
                6623477.512969093
              ],
              [
                -6716135.140262284,
                6623477.512969093
              ],
              [
                -6716135.140262284,
                6623590.142021198
              ],
              [
                -6716247.769314389,
                6623590.142021198
              ],
              [
                -6716473.027418598,
                6623590.142021198
              ],
              [
                -6716473.027418598,
                6623702.771073302
              ],
              [
                -6716585.656470701,
                6623702.771073302
              ],
              [
                -6716585.656470701,
                6623815.400125407
              ],
              [
                -6716698.2855228055,
                6623815.400125407
              ],
              [
                -6716698.2855228055,
                6623928.02917751
              ],
              [
                -6716810.91457491,
                6623928.02917751
              ],
              [
                -6716810.91457491,
                6624040.658229615
              ],
              [
                -6716923.543627014,
                6624040.658229615
              ],
              [
                -6716923.543627014,
                6624153.287281719
              ],
              [
                -6717148.801731223,
                6624153.287281719
              ],
              [
                -6717148.801731223,
                6624265.916333823
              ],
              [
                -6717261.430783328,
                6624265.916333823
              ],
              [
                -6717261.430783328,
                6624491.174438032
              ],
              [
                -6717374.059835431,
                6624491.174438032
              ],
              [
                -6717374.059835431,
                6625392.206854866
              ],
              [
                -6717486.688887536,
                6625392.206854866
              ],
              [
                -6717486.688887536,
                6625504.83590697
              ],
              [
                -6717486.688887536,
                6625730.094011179
              ],
              [
                -6717711.946991744,
                6625730.094011179
              ],
              [
                -6717711.946991744,
                6625842.723063284
              ],
              [
                -6717824.576043849,
                6625842.723063284
              ],
              [
                -6717824.576043849,
                6625955.352115388
              ],
              [
                -6717937.205095953,
                6625955.352115388
              ],
              [
                -6717937.205095953,
                6626067.981167492
              ],
              [
                -6718049.834148058,
                6626067.981167492
              ],
              [
                -6718049.834148058,
                6627306.900740639
              ],
              [
                -6718162.463200161,
                6627306.900740639
              ],
              [
                -6718162.463200161,
                6627532.158844848
              ],
              [
                -6718049.834148058,
                6627532.158844848
              ],
              [
                -6718049.834148058,
                6627757.416949056
              ],
              [
                -6717937.205095953,
                6627757.416949056
              ],
              [
                -6717937.205095953,
                6627982.675053265
              ],
              [
                -6717824.576043849,
                6627982.675053265
              ],
              [
                -6717824.576043849,
                6628095.304105369
              ],
              [
                -6717711.946991744,
                6628095.304105369
              ],
              [
                -6717711.946991744,
                6628883.707470099
              ],
              [
                -6717599.31793964,
                6628883.707470099
              ],
              [
                -6717599.31793964,
                6629108.965574308
              ],
              [
                -6717486.688887536,
                6629108.965574308
              ],
              [
                -6717486.688887536,
                6629221.594626412
              ],
              [
                -6717148.801731223,
                6629221.594626412
              ],
              [
                -6717148.801731223,
                6629334.223678516
              ],
              [
                -6716810.91457491,
                6629334.223678516
              ],
              [
                -6716810.91457491,
                6629446.852730621
              ],
              [
                -6716698.2855228055,
                6629446.852730621
              ],
              [
                -6716698.2855228055,
                6629559.481782725
              ],
              [
                -6716360.398366493,
                6629559.481782725
              ],
              [
                -6716360.398366493,
                6629446.852730621
              ],
              [
                -6716247.769314389,
                6629446.852730621
              ],
              [
                -6716247.769314389,
                6629108.965574308
              ],
              [
                -6716135.140262284,
                6629108.965574308
              ],
              [
                -6716135.140262284,
                6628996.336522204
              ],
              [
                -6716022.51121018,
                6628996.336522204
              ],
              [
                -6716022.51121018,
                6628883.707470099
              ],
              [
                -6715909.882158075,
                6628883.707470099
              ],
              [
                -6715909.882158075,
                6628545.820313786
              ],
              [
                -6715797.253105972,
                6628545.820313786
              ],
              [
                -6715797.253105972,
                6628433.191261682
              ],
              [
                -6715684.6240538675,
                6628433.191261682
              ],
              [
                -6715684.6240538675,
                6628095.304105369
              ],
              [
                -6715571.995001763,
                6628095.304105369
              ],
              [
                -6715571.995001763,
                6628320.562209578
              ],
              [
                -6715459.365949659,
                6628320.562209578
              ],
              [
                -6715459.365949659,
                6627870.0460011605
              ],
              [
                -6715234.10784545,
                6627870.0460011605
              ],
              [
                -6715234.10784545,
                6627644.787896952
              ],
              [
                -6715121.478793345,
                6627644.787896952
              ],
              [
                -6715121.478793345,
                6627757.416949056
              ],
              [
                -6715008.849741242,
                6627757.416949056
              ],
              [
                -6715008.849741242,
                6627870.0460011605
              ],
              [
                -6714783.591637033,
                6627870.0460011605
              ],
              [
                -6714783.591637033,
                6627982.675053265
              ],
              [
                -6714670.962584929,
                6627982.675053265
              ],
              [
                -6714670.962584929,
                6628658.449365891
              ],
              [
                -6714558.333532824,
                6628658.449365891
              ],
              [
                -6714558.333532824,
                6628771.078417995
              ],
              [
                -6714445.70448072,
                6628771.078417995
              ],
              [
                -6714445.70448072,
                6628883.707470099
              ],
              [
                -6714333.075428615,
                6628883.707470099
              ],
              [
                -6714333.075428615,
                6628996.336522204
              ],
              [
                -6714220.446376512,
                6628996.336522204
              ],
              [
                -6714220.446376512,
                6629221.594626412
              ],
              [
                -6713995.188272303,
                6629221.594626412
              ],
              [
                -6713995.188272303,
                6629334.223678516
              ],
              [
                -6713769.930168094,
                6629334.223678516
              ],
              [
                -6713769.930168094,
                6629446.852730621
              ],
              [
                -6713657.30111599,
                6629446.852730621
              ],
              [
                -6713657.30111599,
                6629559.481782725
              ],
              [
                -6713544.672063886,
                6629559.481782725
              ],
              [
                -6713544.672063886,
                6629672.1108348295
              ],
              [
                -6713432.043011782,
                6629672.1108348295
              ],
              [
                -6713432.043011782,
                6629784.739886934
              ],
              [
                -6713319.413959677,
                6629784.739886934
              ],
              [
                -6713319.413959677,
                6629897.368939037
              ],
              [
                -6713206.784907573,
                6629897.368939037
              ],
              [
                -6713206.784907573,
                6630009.997991142
              ],
              [
                -6713094.1558554685,
                6630009.997991142
              ],
              [
                -6713094.1558554685,
                6630122.627043246
              ],
              [
                -6712418.381542843,
                6630122.627043246
              ],
              [
                -6712418.381542843,
                6630235.256095351
              ],
              [
                -6712193.123438634,
                6630235.256095351
              ],
              [
                -6712193.123438634,
                6630347.885147455
              ],
              [
                -6711967.865334426,
                6630347.885147455
              ],
              [
                -6711967.865334426,
                6630460.51419956
              ],
              [
                -6711292.0910218,
                6630460.51419956
              ],
              [
                -6711292.0910218,
                6630573.143251664
              ],
              [
                -6711066.832917592,
                6630573.143251664
              ],
              [
                -6711066.832917592,
                6630685.7723037675
              ],
              [
                -6710391.058604966,
                6630685.7723037675
              ],
              [
                -6710391.058604966,
                6630573.143251664
              ],
              [
                -6709152.139031818,
                6630573.143251664
              ],
              [
                -6709152.139031818,
                6630460.51419956
              ],
              [
                -6709039.509979715,
                6630460.51419956
              ],
              [
                -6709039.509979715,
                6630347.885147455
              ],
              [
                -6708926.88092761,
                6630347.885147455
              ],
              [
                -6708926.88092761,
                6630235.256095351
              ],
              [
                -6708814.251875506,
                6630235.256095351
              ],
              [
                -6708814.251875506,
                6630122.627043246
              ],
              [
                -6708701.622823401,
                6630122.627043246
              ],
              [
                -6708701.622823401,
                6630009.997991142
              ],
              [
                -6708363.735667088,
                6630009.997991142
              ],
              [
                -6708251.106614985,
                6630009.997991142
              ],
              [
                -6708251.106614985,
                6630122.627043246
              ],
              [
                -6708138.47756288,
                6630122.627043246
              ],
              [
                -6708138.47756288,
                6630235.256095351
              ],
              [
                -6708025.848510776,
                6630235.256095351
              ],
              [
                -6708025.848510776,
                6630347.885147455
              ],
              [
                -6707913.219458671,
                6630347.885147455
              ],
              [
                -6707913.219458671,
                6630573.143251664
              ],
              [
                -6707800.590406567,
                6630573.143251664
              ],
              [
                -6707800.590406567,
                6630685.7723037675
              ],
              [
                -6707687.961354462,
                6630685.7723037675
              ],
              [
                -6707687.961354462,
                6630798.401355872
              ],
              [
                -6707462.7032502545,
                6630798.401355872
              ],
              [
                -6707462.7032502545,
                6630911.030407976
              ],
              [
                -6707350.07419815,
                6630911.030407976
              ],
              [
                -6707350.07419815,
                6631023.659460081
              ],
              [
                -6707237.445146046,
                6631023.659460081
              ],
              [
                -6707237.445146046,
                6631136.288512185
              ],
              [
                -6707124.816093941,
                6631136.288512185
              ],
              [
                -6707124.816093941,
                6631474.175668498
              ],
              [
                -6707012.187041837,
                6631474.175668498
              ],
              [
                -6707012.187041837,
                6631586.804720602
              ],
              [
                -6706899.557989732,
                6631586.804720602
              ],
              [
                -6706899.557989732,
                6631924.691876915
              ],
              [
                -6706786.928937629,
                6631924.691876915
              ],
              [
                -6706786.928937629,
                6632037.32092902
              ],
              [
                -6706899.557989732,
                6632037.32092902
              ],
              [
                -6706899.557989732,
                6632149.949981123
              ],
              [
                -6707012.187041837,
                6632149.949981123
              ],
              [
                -6707012.187041837,
                6632262.579033228
              ],
              [
                -6707124.816093941,
                6632262.579033228
              ],
              [
                -6707124.816093941,
                6632375.208085332
              ],
              [
                -6707350.07419815,
                6632375.208085332
              ],
              [
                -6707350.07419815,
                6632262.579033228
              ],
              [
                -6708138.47756288,
                6632262.579033228
              ],
              [
                -6708138.47756288,
                6632375.208085332
              ],
              [
                -6708588.993771297,
                6632375.208085332
              ],
              [
                -6708588.993771297,
                6632487.8371374365
              ],
              [
                -6708701.622823401,
                6632487.8371374365
              ],
              [
                -6708701.622823401,
                6632600.466189541
              ],
              [
                -6708814.251875506,
                6632600.466189541
              ],
              [
                -6708814.251875506,
                6632713.095241645
              ],
              [
                -6708926.88092761,
                6632713.095241645
              ],
              [
                -6708926.88092761,
                6632825.72429375
              ],
              [
                -6709039.509979715,
                6632825.72429375
              ],
              [
                -6709039.509979715,
                6632938.353345853
              ],
              [
                -6709152.139031818,
                6632938.353345853
              ],
              [
                -6709152.139031818,
                6633839.385762688
              ],
              [
                -6709264.768083923,
                6633839.385762688
              ],
              [
                -6709264.768083923,
                6633952.014814792
              ],
              [
                -6709377.397136027,
                6633952.014814792
              ],
              [
                -6709377.397136027,
                6634064.643866897
              ],
              [
                -6709490.026188131,
                6634064.643866897
              ],
              [
                -6709490.026188131,
                6634177.272919001
              ],
              [
                -6709602.655240236,
                6634177.272919001
              ],
              [
                -6709602.655240236,
                6634289.9019711055
              ],
              [
                -6709490.026188131,
                6634289.9019711055
              ],
              [
                -6709490.026188131,
                6634402.531023209
              ],
              [
                -6709377.397136027,
                6634402.531023209
              ],
              [
                -6709377.397136027,
                6634515.160075313
              ],
              [
                -6709264.768083923,
                6634515.160075313
              ],
              [
                -6709264.768083923,
                6634627.789127418
              ],
              [
                -6709039.509979715,
                6634627.789127418
              ],
              [
                -6709039.509979715,
                6634740.418179522
              ],
              [
                -6708926.88092761,
                6634740.418179522
              ],
              [
                -6708926.88092761,
                6634853.047231627
              ],
              [
                -6708814.251875506,
                6634853.047231627
              ],
              [
                -6708814.251875506,
                6634965.676283731
              ],
              [
                -6708701.622823401,
                6634965.676283731
              ],
              [
                -6708701.622823401,
                6635078.305335836
              ],
              [
                -6708588.993771297,
                6635078.305335836
              ],
              [
                -6708588.993771297,
                6635190.934387939
              ],
              [
                -6708476.3647191925,
                6635190.934387939
              ],
              [
                -6708476.3647191925,
                6635303.5634400435
              ],
              [
                -6708251.106614985,
                6635303.5634400435
              ],
              [
                -6708251.106614985,
                6635416.192492148
              ],
              [
                -6708138.47756288,
                6635416.192492148
              ],
              [
                -6708138.47756288,
                6635528.821544252
              ],
              [
                -6707913.219458671,
                6635528.821544252
              ],
              [
                -6707913.219458671,
                6635641.450596357
              ],
              [
                -6707800.590406567,
                6635641.450596357
              ],
              [
                -6707800.590406567,
                6635754.079648461
              ],
              [
                -6707687.961354462,
                6635754.079648461
              ],
              [
                -6707687.961354462,
                6635866.708700565
              ],
              [
                -6707462.7032502545,
                6635866.708700565
              ],
              [
                -6707462.7032502545,
                6635979.337752669
              ],
              [
                -6707350.07419815,
                6635979.337752669
              ],
              [
                -6707350.07419815,
                6636091.966804774
              ],
              [
                -6707237.445146046,
                6636091.966804774
              ],
              [
                -6707124.816093941,
                6636091.966804774
              ],
              [
                -6707124.816093941,
                6636204.595856878
              ],
              [
                -6707012.187041837,
                6636204.595856878
              ],
              [
                -6707012.187041837,
                6636317.224908982
              ],
              [
                -6706786.928937629,
                6636317.224908982
              ],
              [
                -6706786.928937629,
                6636429.853961087
              ],
              [
                -6706561.67083342,
                6636429.853961087
              ],
              [
                -6706561.67083342,
                6636542.483013191
              ],
              [
                -6706111.154625002,
                6636542.483013191
              ],
              [
                -6706111.154625002,
                6636429.853961087
              ],
              [
                -6705998.525572899,
                6636429.853961087
              ],
              [
                -6705998.525572899,
                6636317.224908982
              ],
              [
                -6705885.896520794,
                6636317.224908982
              ],
              [
                -6705885.896520794,
                6636204.595856878
              ],
              [
                -6705773.26746869,
                6636204.595856878
              ],
              [
                -6705773.26746869,
                6636091.966804774
              ],
              [
                -6705660.6384165855,
                6636091.966804774
              ],
              [
                -6705660.6384165855,
                6635979.337752669
              ],
              [
                -6705548.009364481,
                6635979.337752669
              ],
              [
                -6705548.009364481,
                6635866.708700565
              ],
              [
                -6705454.422917307,
                6635866.708700565
              ],
              [
                -6705435.380312377,
                6635832.083975182
              ],
              [
                -6705435.380312377,
                6635754.079648461
              ],
              [
                -6705392.48017208,
                6635754.079648461
              ],
              [
                -6701799.800948848,
                6629221.594626412
              ],
              [
                -6701831.25064504,
                6629221.594626412
              ],
              [
                -6701831.25064504,
                6628996.336522204
              ],
              [
                -6701831.25064504,
                6628883.707470099
              ],
              [
                -6701613.972713164,
                6628883.707470099
              ],
              [
                -6698001.862873494,
                6622315.892210373
              ],
              [
                -6698001.862873494,
                6622238.593395947
              ],
              [
                -6698452.379081911,
                6622238.593395947
              ],
              [
                -6698452.379081911,
                6622125.964343842
              ],
              [
                -6698902.895290328,
                6622125.964343842
              ],
              [
                -6698902.895290328,
                6622013.335291738
              ],
              [
                -6699015.524342433,
                6622013.335291738
              ],
              [
                -6699015.524342433,
                6621900.706239633
              ],
              [
                -6699128.153394537,
                6621900.706239633
              ],
              [
                -6699128.153394537,
                6621337.560979112
              ],
              [
                -6699240.7824466415,
                6621337.560979112
              ],
              [
                -6699240.7824466415,
                6621224.931927008
              ],
              [
                -6699353.411498746,
                6621224.931927008
              ],
              [
                -6699353.411498746,
                6621112.302874903
              ],
              [
                -6699240.7824466415,
                6621112.302874903
              ],
              [
                -6699240.7824466415,
                6620999.673822799
              ],
              [
                -6698902.895290328,
                6620999.673822799
              ],
              [
                -6698902.895290328,
                6620887.044770694
              ],
              [
                -6698790.266238224,
                6620887.044770694
              ],
              [
                -6698790.266238224,
                6620774.415718591
              ],
              [
                -6698677.637186119,
                6620774.415718591
              ],
              [
                -6698677.637186119,
                6620549.157614382
              ],
              [
                -6698790.266238224,
                6620549.157614382
              ],
              [
                -6698790.266238224,
                6620436.528562278
              ],
              [
                -6698902.895290328,
                6620436.528562278
              ],
              [
                -6698902.895290328,
                6620323.899510173
              ],
              [
                -6699015.524342433,
                6620323.899510173
              ],
              [
                -6699015.524342433,
                6619873.383301756
              ],
              [
                -6698902.895290328,
                6619873.383301756
              ],
              [
                -6698902.895290328,
                6617620.802259671
              ],
              [
                -6699015.524342433,
                6617620.802259671
              ],
              [
                -6699015.524342433,
                6617282.915103357
              ],
              [
                -6699128.153394537,
                6617282.915103357
              ],
              [
                -6699128.153394537,
                6617170.286051253
              ],
              [
                -6699240.7824466415,
                6617170.286051253
              ],
              [
                -6699240.7824466415,
                6616832.3988949405
              ],
              [
                -6699353.411498746,
                6616832.3988949405
              ],
              [
                -6699353.411498746,
                6616719.769842836
              ],
              [
                -6699466.040550849,
                6616719.769842836
              ],
              [
                -6699466.040550849,
                6616607.140790732
              ],
              [
                -6699578.669602954,
                6616607.140790732
              ],
              [
                -6699578.669602954,
                6616381.882686524
              ],
              [
                -6699691.298655058,
                6616381.882686524
              ],
              [
                -6699691.298655058,
                6616269.253634419
              ],
              [
                -6699803.927707163,
                6616269.253634419
              ],
              [
                -6699803.927707163,
                6615818.737426002
              ],
              [
                -6699916.556759267,
                6615818.737426002
              ],
              [
                -6699916.556759267,
                6615480.850269689
              ],
              [
                -6700254.4439155795,
                6615480.850269689
              ],
              [
                -6700254.4439155795,
                6615368.221217585
              ],
              [
                -6700367.072967684,
                6615368.221217585
              ],
              [
                -6700479.702019788,
                6615368.221217585
              ],
              [
                -6700479.702019788,
                6615255.59216548
              ],
              [
                -6700704.960123997,
                6615255.59216548
              ],
              [
                -6700704.960123997,
                6615142.963113376
              ],
              [
                -6700817.589176102,
                6615142.963113376
              ],
              [
                -6700817.589176102,
                6615030.3340612715
              ],
              [
                -6700817.589176102,
                6614917.705009167
              ],
              [
                -6700930.218228205,
                6614917.705009167
              ],
              [
                -6700930.218228205,
                6614449.78884438
              ],
              [
                -6704646.976947647,
                6613931.90135207
              ],
              [
                -6704646.976947647,
                6614129.301644438
              ],
              [
                -6704759.605999751,
                6614129.301644438
              ],
              [
                -6704759.605999751,
                6614354.559748646
              ],
              [
                -6704872.235051855,
                6614354.559748646
              ],
              [
                -6704872.235051855,
                6614467.18880075
              ],
              [
                -6704984.86410396,
                6614467.18880075
              ],
              [
                -6704984.86410396,
                6614354.559748646
              ],
              [
                -6705210.122208169,
                6614354.559748646
              ],
              [
                -6705210.122208169,
                6614016.6725923335
              ],
              [
                -6704872.235051855,
                6614016.6725923335
              ],
              [
                -6704872.235051855,
                6613904.043540229
              ],
              [
                -6704984.86410396,
                6613904.043540229
              ],
              [
                -6704984.86410396,
                6613884.820670951
              ],
              [
                -6705097.493156064,
                6613869.127110578
              ],
              [
                -6705097.493156064,
                6613904.043540229
              ],
              [
                -6705210.122208169,
                6613904.043540229
              ],
              [
                -6705210.122208169,
                6613853.433550205
              ],
              [
                -6705322.751260273,
                6613837.739989832
              ]
            ],
            [
              [
                -6704083.831687125,
                6630460.51419956
              ],
              [
                -6704421.718843439,
                6630460.51419956
              ],
              [
                -6704421.718843439,
                6630347.885147455
              ],
              [
                -6706223.783677107,
                6630347.885147455
              ],
              [
                -6706336.412729211,
                6630347.885147455
              ],
              [
                -6706336.412729211,
                6630235.256095351
              ],
              [
                -6706561.67083342,
                6630235.256095351
              ],
              [
                -6706561.67083342,
                6630122.627043246
              ],
              [
                -6706674.299885524,
                6630122.627043246
              ],
              [
                -6706674.299885524,
                6630009.997991142
              ],
              [
                -6706899.557989732,
                6630009.997991142
              ],
              [
                -6706899.557989732,
                6629897.368939037
              ],
              [
                -6707012.187041837,
                6629897.368939037
              ],
              [
                -6707012.187041837,
                6629784.739886934
              ],
              [
                -6707124.816093941,
                6629784.739886934
              ],
              [
                -6707124.816093941,
                6629672.1108348295
              ],
              [
                -6707237.445146046,
                6629672.1108348295
              ],
              [
                -6707237.445146046,
                6629559.481782725
              ],
              [
                -6707350.07419815,
                6629559.481782725
              ],
              [
                -6707350.07419815,
                6629334.223678516
              ],
              [
                -6707462.7032502545,
                6629334.223678516
              ],
              [
                -6707462.7032502545,
                6629221.594626412
              ],
              [
                -6707575.332302359,
                6629221.594626412
              ],
              [
                -6707575.332302359,
                6629108.965574308
              ],
              [
                -6707687.961354462,
                6629108.965574308
              ],
              [
                -6707687.961354462,
                6628883.707470099
              ],
              [
                -6707800.590406567,
                6628883.707470099
              ],
              [
                -6707800.590406567,
                6628545.820313786
              ],
              [
                -6707913.219458671,
                6628545.820313786
              ],
              [
                -6707913.219458671,
                6627419.529792744
              ],
              [
                -6708025.848510776,
                6627419.529792744
              ],
              [
                -6708025.848510776,
                6627194.271688535
              ],
              [
                -6707913.219458671,
                6627194.271688535
              ],
              [
                -6707913.219458671,
                6627306.900740639
              ],
              [
                -6707575.332302359,
                6627306.900740639
              ],
              [
                -6707575.332302359,
                6627419.529792744
              ],
              [
                -6707462.7032502545,
                6627419.529792744
              ],
              [
                -6707462.7032502545,
                6627532.158844848
              ],
              [
                -6707350.07419815,
                6627532.158844848
              ],
              [
                -6707350.07419815,
                6627644.787896952
              ],
              [
                -6707237.445146046,
                6627644.787896952
              ],
              [
                -6707237.445146046,
                6627757.416949056
              ],
              [
                -6706786.928937629,
                6627757.416949056
              ],
              [
                -6706786.928937629,
                6627870.0460011605
              ],
              [
                -6706674.299885524,
                6627870.0460011605
              ],
              [
                -6706674.299885524,
                6627982.675053265
              ],
              [
                -6706449.041781316,
                6627982.675053265
              ],
              [
                -6706449.041781316,
                6628095.304105369
              ],
              [
                -6706223.783677107,
                6628095.304105369
              ],
              [
                -6706223.783677107,
                6628207.933157474
              ],
              [
                -6705885.896520794,
                6628207.933157474
              ],
              [
                -6705885.896520794,
                6628320.562209578
              ],
              [
                -6704759.605999751,
                6628320.562209578
              ],
              [
                -6704534.347895543,
                6628320.562209578
              ],
              [
                -6704534.347895543,
                6628433.191261682
              ],
              [
                -6704421.718843439,
                6628433.191261682
              ],
              [
                -6704421.718843439,
                6628545.820313786
              ],
              [
                -6704309.089791334,
                6628545.820313786
              ],
              [
                -6704309.089791334,
                6628658.449365891
              ],
              [
                -6704421.718843439,
                6628658.449365891
              ],
              [
                -6704421.718843439,
                6628771.078417995
              ],
              [
                -6704309.089791334,
                6628771.078417995
              ],
              [
                -6704309.089791334,
                6628883.707470099
              ],
              [
                -6704196.46073923,
                6628883.707470099
              ],
              [
                -6704196.46073923,
                6628996.336522204
              ],
              [
                -6704083.831687125,
                6628996.336522204
              ],
              [
                -6704083.831687125,
                6629108.965574308
              ],
              [
                -6703971.202635021,
                6629108.965574308
              ],
              [
                -6703971.202635021,
                6629221.594626412
              ],
              [
                -6703858.573582917,
                6629221.594626412
              ],
              [
                -6703858.573582917,
                6629334.223678516
              ],
              [
                -6703408.0573745,
                6629334.223678516
              ],
              [
                -6703408.0573745,
                6629221.594626412
              ],
              [
                -6703182.799270291,
                6629221.594626412
              ],
              [
                -6703182.799270291,
                6629334.223678516
              ],
              [
                -6702957.541166083,
                6629334.223678516
              ],
              [
                -6702957.541166083,
                6629446.852730621
              ],
              [
                -6702844.9121139785,
                6629446.852730621
              ],
              [
                -6702844.9121139785,
                6629559.481782725
              ],
              [
                -6702619.65400977,
                6629559.481782725
              ],
              [
                -6702619.65400977,
                6629672.1108348295
              ],
              [
                -6702844.9121139785,
                6629672.1108348295
              ],
              [
                -6702844.9121139785,
                6629784.739886934
              ],
              [
                -6702957.541166083,
                6629784.739886934
              ],
              [
                -6702957.541166083,
                6629897.368939037
              ],
              [
                -6703070.170218187,
                6629897.368939037
              ],
              [
                -6703070.170218187,
                6630009.997991142
              ],
              [
                -6703182.799270291,
                6630009.997991142
              ],
              [
                -6703182.799270291,
                6630122.627043246
              ],
              [
                -6703295.428322395,
                6630122.627043246
              ],
              [
                -6703295.428322395,
                6630235.256095351
              ],
              [
                -6703408.0573745,
                6630235.256095351
              ],
              [
                -6703408.0573745,
                6630347.885147455
              ],
              [
                -6703520.686426604,
                6630347.885147455
              ],
              [
                -6703520.686426604,
                6630460.51419956
              ],
              [
                -6703633.315478709,
                6630460.51419956
              ],
              [
                -6703633.315478709,
                6630573.143251664
              ],
              [
                -6704083.831687125,
                6630573.143251664
              ],
              [
                -6704083.831687125,
                6630460.51419956
              ]
            ],
            [
              [
                -6708138.47756288,
                6627194.271688535
              ],
              [
                -6708138.47756288,
                6627081.64263643
              ],
              [
                -6708025.848510776,
                6627081.64263643
              ],
              [
                -6708025.848510776,
                6627194.271688535
              ],
              [
                -6708138.47756288,
                6627194.271688535
              ]
            ],
            [
              [
                -6712193.123438634,
                6617170.286051253
              ],
              [
                -6712193.123438634,
                6617057.656999149
              ],
              [
                -6712080.4943865305,
                6617057.656999149
              ],
              [
                -6712080.4943865305,
                6616832.3988949405
              ],
              [
                -6712193.123438634,
                6616832.3988949405
              ],
              [
                -6712193.123438634,
                6616719.769842836
              ],
              [
                -6712418.381542843,
                6616719.769842836
              ],
              [
                -6712418.381542843,
                6616607.140790732
              ],
              [
                -6712193.123438634,
                6616607.140790732
              ],
              [
                -6712193.123438634,
                6616494.511738627
              ],
              [
                -6711967.865334426,
                6616494.511738627
              ],
              [
                -6711967.865334426,
                6616381.882686524
              ],
              [
                -6711855.236282322,
                6616381.882686524
              ],
              [
                -6711855.236282322,
                6616494.511738627
              ],
              [
                -6711629.978178113,
                6616494.511738627
              ],
              [
                -6711629.978178113,
                6616381.882686524
              ],
              [
                -6711742.607230217,
                6616381.882686524
              ],
              [
                -6711742.607230217,
                6616156.624582315
              ],
              [
                -6711517.349126008,
                6616156.624582315
              ],
              [
                -6711517.349126008,
                6616043.99553021
              ],
              [
                -6711292.0910218,
                6616043.99553021
              ],
              [
                -6711292.0910218,
                6616156.624582315
              ],
              [
                -6711066.832917592,
                6616156.624582315
              ],
              [
                -6711066.832917592,
                6616269.253634419
              ],
              [
                -6710841.574813383,
                6616269.253634419
              ],
              [
                -6710841.574813383,
                6616381.882686524
              ],
              [
                -6710728.945761278,
                6616381.882686524
              ],
              [
                -6710728.945761278,
                6616494.511738627
              ],
              [
                -6710616.316709174,
                6616494.511738627
              ],
              [
                -6710616.316709174,
                6616607.140790732
              ],
              [
                -6710503.68765707,
                6616607.140790732
              ],
              [
                -6710503.68765707,
                6616719.769842836
              ],
              [
                -6710391.058604966,
                6616719.769842836
              ],
              [
                -6710391.058604966,
                6616832.3988949405
              ],
              [
                -6710278.4295528615,
                6616832.3988949405
              ],
              [
                -6710278.4295528615,
                6617057.656999149
              ],
              [
                -6710165.800500757,
                6617057.656999149
              ],
              [
                -6710165.800500757,
                6617282.915103357
              ],
              [
                -6710053.171448653,
                6617282.915103357
              ],
              [
                -6710053.171448653,
                6617846.060363879
              ],
              [
                -6709940.542396548,
                6617846.060363879
              ],
              [
                -6709940.542396548,
                6617958.689415983
              ],
              [
                -6709715.28429234,
                6617958.689415983
              ],
              [
                -6709715.28429234,
                6618071.318468087
              ],
              [
                -6709602.655240236,
                6618071.318468087
              ],
              [
                -6709602.655240236,
                6618183.947520192
              ],
              [
                -6709490.026188131,
                6618183.947520192
              ],
              [
                -6709490.026188131,
                6618296.576572296
              ],
              [
                -6708476.3647191925,
                6618296.576572296
              ],
              [
                -6708476.3647191925,
                6618409.205624401
              ],
              [
                -6708251.106614985,
                6618409.205624401
              ],
              [
                -6708251.106614985,
                6618521.834676505
              ],
              [
                -6707913.219458671,
                6618521.834676505
              ],
              [
                -6707913.219458671,
                6618296.576572296
              ],
              [
                -6707800.590406567,
                6618296.576572296
              ],
              [
                -6707800.590406567,
                6618409.205624401
              ],
              [
                -6707687.961354462,
                6618409.205624401
              ],
              [
                -6707687.961354462,
                6618296.576572296
              ],
              [
                -6707350.07419815,
                6618296.576572296
              ],
              [
                -6707350.07419815,
                6618409.205624401
              ],
              [
                -6707012.187041837,
                6618409.205624401
              ],
              [
                -6707012.187041837,
                6618521.834676505
              ],
              [
                -6706899.557989732,
                6618521.834676505
              ],
              [
                -6706899.557989732,
                6618634.463728609
              ],
              [
                -6706336.412729211,
                6618634.463728609
              ],
              [
                -6706336.412729211,
                6618747.092780713
              ],
              [
                -6706223.783677107,
                6618747.092780713
              ],
              [
                -6706223.783677107,
                6618859.721832817
              ],
              [
                -6706449.041781316,
                6618859.721832817
              ],
              [
                -6706449.041781316,
                6618972.350884922
              ],
              [
                -6706674.299885524,
                6618972.350884922
              ],
              [
                -6706786.928937629,
                6618972.350884922
              ],
              [
                -6706786.928937629,
                6618859.721832817
              ],
              [
                -6707124.816093941,
                6618859.721832817
              ],
              [
                -6707124.816093941,
                6618747.092780713
              ],
              [
                -6707350.07419815,
                6618747.092780713
              ],
              [
                -6707350.07419815,
                6618859.721832817
              ],
              [
                -6707575.332302359,
                6618859.721832817
              ],
              [
                -6707575.332302359,
                6618972.350884922
              ],
              [
                -6707913.219458671,
                6618972.350884922
              ],
              [
                -6707913.219458671,
                6619197.608989131
              ],
              [
                -6708025.848510776,
                6619197.608989131
              ],
              [
                -6708025.848510776,
                6619310.238041235
              ],
              [
                -6708251.106614985,
                6619310.238041235
              ],
              [
                -6708251.106614985,
                6619422.867093339
              ],
              [
                -6708926.88092761,
                6619422.867093339
              ],
              [
                -6708926.88092761,
                6619535.496145443
              ],
              [
                -6709039.509979715,
                6619535.496145443
              ],
              [
                -6709039.509979715,
                6619310.238041235
              ],
              [
                -6709152.139031818,
                6619310.238041235
              ],
              [
                -6709152.139031818,
                6619084.979937026
              ],
              [
                -6709377.397136027,
                6619084.979937026
              ],
              [
                -6709377.397136027,
                6618972.350884922
              ],
              [
                -6709490.026188131,
                6618972.350884922
              ],
              [
                -6709490.026188131,
                6618859.721832817
              ],
              [
                -6709602.655240236,
                6618859.721832817
              ],
              [
                -6709602.655240236,
                6618747.092780713
              ],
              [
                -6709715.28429234,
                6618747.092780713
              ],
              [
                -6709715.28429234,
                6618634.463728609
              ],
              [
                -6710278.4295528615,
                6618634.463728609
              ],
              [
                -6710278.4295528615,
                6618521.834676505
              ],
              [
                -6710728.945761278,
                6618521.834676505
              ],
              [
                -6710728.945761278,
                6618409.205624401
              ],
              [
                -6711179.461969696,
                6618409.205624401
              ],
              [
                -6711179.461969696,
                6618296.576572296
              ],
              [
                -6711292.0910218,
                6618296.576572296
              ],
              [
                -6711292.0910218,
                6618183.947520192
              ],
              [
                -6712418.381542843,
                6618183.947520192
              ],
              [
                -6712418.381542843,
                6618071.318468087
              ],
              [
                -6712531.010594947,
                6618071.318468087
              ],
              [
                -6712531.010594947,
                6617733.431311775
              ],
              [
                -6712531.010594947,
                6617508.173207566
              ],
              [
                -6712756.268699156,
                6617508.173207566
              ],
              [
                -6712756.268699156,
                6617395.544155462
              ],
              [
                -6712868.89775126,
                6617395.544155462
              ],
              [
                -6712868.89775126,
                6617282.915103357
              ],
              [
                -6712981.526803364,
                6617282.915103357
              ],
              [
                -6712981.526803364,
                6617057.656999149
              ],
              [
                -6712756.268699156,
                6617057.656999149
              ],
              [
                -6712756.268699156,
                6616945.027947045
              ],
              [
                -6712643.639647052,
                6616945.027947045
              ],
              [
                -6712643.639647052,
                6617057.656999149
              ],
              [
                -6712531.010594947,
                6617057.656999149
              ],
              [
                -6712531.010594947,
                6617282.915103357
              ],
              [
                -6712305.752490738,
                6617282.915103357
              ],
              [
                -6712305.752490738,
                6617170.286051253
              ],
              [
                -6712193.123438634,
                6617170.286051253
              ]
            ],
            [
              [
                -6705885.896520794,
                6618972.350884922
              ],
              [
                -6705885.896520794,
                6618859.721832817
              ],
              [
                -6705773.26746869,
                6618859.721832817
              ],
              [
                -6705773.26746869,
                6618972.350884922
              ],
              [
                -6705885.896520794,
                6618972.350884922
              ]
            ],
            [
              [
                -6708814.251875506,
                6628996.336522204
              ],
              [
                -6708926.88092761,
                6628996.336522204
              ],
              [
                -6708926.88092761,
                6628883.707470099
              ],
              [
                -6708814.251875506,
                6628883.707470099
              ],
              [
                -6708814.251875506,
                6628996.336522204
              ]
            ],
            [
              [
                -6708814.251875506,
                6628771.078417995
              ],
              [
                -6708701.622823401,
                6628771.078417995
              ],
              [
                -6708701.622823401,
                6628883.707470099
              ],
              [
                -6708814.251875506,
                6628883.707470099
              ],
              [
                -6708814.251875506,
                6628771.078417995
              ]
            ],
            [
              [
                -6714558.333532824,
                6620887.044770694
              ],
              [
                -6714670.962584929,
                6620887.044770694
              ],
              [
                -6714670.962584929,
                6620774.415718591
              ],
              [
                -6714783.591637033,
                6620774.415718591
              ],
              [
                -6714783.591637033,
                6620661.786666486
              ],
              [
                -6714896.2206891375,
                6620661.786666486
              ],
              [
                -6714896.2206891375,
                6620549.157614382
              ],
              [
                -6715008.849741242,
                6620549.157614382
              ],
              [
                -6715008.849741242,
                6620436.528562278
              ],
              [
                -6715121.478793345,
                6620436.528562278
              ],
              [
                -6715121.478793345,
                6620323.899510173
              ],
              [
                -6715459.365949659,
                6620323.899510173
              ],
              [
                -6715459.365949659,
                6620211.270458069
              ],
              [
                -6715571.995001763,
                6620211.270458069
              ],
              [
                -6715571.995001763,
                6620098.641405965
              ],
              [
                -6715684.6240538675,
                6620098.641405965
              ],
              [
                -6715684.6240538675,
                6619986.012353861
              ],
              [
                -6715797.253105972,
                6619986.012353861
              ],
              [
                -6715797.253105972,
                6619760.754249652
              ],
              [
                -6715571.995001763,
                6619760.754249652
              ],
              [
                -6715571.995001763,
                6619873.383301756
              ],
              [
                -6715459.365949659,
                6619873.383301756
              ],
              [
                -6715459.365949659,
                6619986.012353861
              ],
              [
                -6715346.736897554,
                6619986.012353861
              ],
              [
                -6715346.736897554,
                6620098.641405965
              ],
              [
                -6714896.2206891375,
                6620098.641405965
              ],
              [
                -6714896.2206891375,
                6620211.270458069
              ],
              [
                -6714783.591637033,
                6620211.270458069
              ],
              [
                -6714783.591637033,
                6620323.899510173
              ],
              [
                -6714670.962584929,
                6620323.899510173
              ],
              [
                -6714670.962584929,
                6620436.528562278
              ],
              [
                -6714558.333532824,
                6620436.528562278
              ],
              [
                -6714558.333532824,
                6620549.157614382
              ],
              [
                -6714445.70448072,
                6620549.157614382
              ],
              [
                -6714445.70448072,
                6620661.786666486
              ],
              [
                -6714333.075428615,
                6620661.786666486
              ],
              [
                -6714333.075428615,
                6620774.415718591
              ],
              [
                -6714220.446376512,
                6620774.415718591
              ],
              [
                -6714220.446376512,
                6620887.044770694
              ],
              [
                -6714107.817324407,
                6620887.044770694
              ],
              [
                -6714107.817324407,
                6620999.673822799
              ],
              [
                -6714220.446376512,
                6620999.673822799
              ],
              [
                -6714220.446376512,
                6621112.302874903
              ],
              [
                -6714333.075428615,
                6621112.302874903
              ],
              [
                -6714445.70448072,
                6621112.302874903
              ],
              [
                -6714445.70448072,
                6620999.673822799
              ],
              [
                -6714558.333532824,
                6620999.673822799
              ],
              [
                -6714558.333532824,
                6620887.044770694
              ]
            ],
            [
              [
                -6714220.446376512,
                6620549.157614382
              ],
              [
                -6714220.446376512,
                6620436.528562278
              ],
              [
                -6714333.075428615,
                6620436.528562278
              ],
              [
                -6714333.075428615,
                6620323.899510173
              ],
              [
                -6714445.70448072,
                6620323.899510173
              ],
              [
                -6714445.70448072,
                6620211.270458069
              ],
              [
                -6714558.333532824,
                6620211.270458069
              ],
              [
                -6714558.333532824,
                6620098.641405965
              ],
              [
                -6714670.962584929,
                6620098.641405965
              ],
              [
                -6714670.962584929,
                6619986.012353861
              ],
              [
                -6714783.591637033,
                6619986.012353861
              ],
              [
                -6714783.591637033,
                6619873.383301756
              ],
              [
                -6715008.849741242,
                6619873.383301756
              ],
              [
                -6715008.849741242,
                6619760.754249652
              ],
              [
                -6715121.478793345,
                6619760.754249652
              ],
              [
                -6715121.478793345,
                6619648.1251975475
              ],
              [
                -6715234.10784545,
                6619648.1251975475
              ],
              [
                -6715234.10784545,
                6619535.496145443
              ],
              [
                -6715346.736897554,
                6619535.496145443
              ],
              [
                -6715346.736897554,
                6619197.608989131
              ],
              [
                -6715008.849741242,
                6619197.608989131
              ],
              [
                -6715008.849741242,
                6618972.350884922
              ],
              [
                -6714896.2206891375,
                6618972.350884922
              ],
              [
                -6714896.2206891375,
                6619084.979937026
              ],
              [
                -6714783.591637033,
                6619084.979937026
              ],
              [
                -6714783.591637033,
                6619197.608989131
              ],
              [
                -6714670.962584929,
                6619197.608989131
              ],
              [
                -6714670.962584929,
                6619310.238041235
              ],
              [
                -6714558.333532824,
                6619310.238041235
              ],
              [
                -6714558.333532824,
                6619422.867093339
              ],
              [
                -6714445.70448072,
                6619422.867093339
              ],
              [
                -6714445.70448072,
                6619535.496145443
              ],
              [
                -6714107.817324407,
                6619535.496145443
              ],
              [
                -6714107.817324407,
                6619648.1251975475
              ],
              [
                -6713995.188272303,
                6619648.1251975475
              ],
              [
                -6713995.188272303,
                6619760.754249652
              ],
              [
                -6713882.559220199,
                6619760.754249652
              ],
              [
                -6713882.559220199,
                6619873.383301756
              ],
              [
                -6713769.930168094,
                6619873.383301756
              ],
              [
                -6713769.930168094,
                6619986.012353861
              ],
              [
                -6713657.30111599,
                6619986.012353861
              ],
              [
                -6713657.30111599,
                6620211.270458069
              ],
              [
                -6713657.30111599,
                6620436.528562278
              ],
              [
                -6713769.930168094,
                6620436.528562278
              ],
              [
                -6713769.930168094,
                6620774.415718591
              ],
              [
                -6713882.559220199,
                6620774.415718591
              ],
              [
                -6713882.559220199,
                6620887.044770694
              ],
              [
                -6713995.188272303,
                6620887.044770694
              ],
              [
                -6713995.188272303,
                6620774.415718591
              ],
              [
                -6714107.817324407,
                6620774.415718591
              ],
              [
                -6714107.817324407,
                6620549.157614382
              ],
              [
                -6714220.446376512,
                6620549.157614382
              ]
            ],
            [
              [
                -6714107.817324407,
                6618634.463728609
              ],
              [
                -6714220.446376512,
                6618634.463728609
              ],
              [
                -6714220.446376512,
                6618521.834676505
              ],
              [
                -6714333.075428615,
                6618521.834676505
              ],
              [
                -6714333.075428615,
                6618296.576572296
              ],
              [
                -6714107.817324407,
                6618296.576572296
              ],
              [
                -6714107.817324407,
                6618071.318468087
              ],
              [
                -6713882.559220199,
                6618071.318468087
              ],
              [
                -6713882.559220199,
                6618183.947520192
              ],
              [
                -6713769.930168094,
                6618183.947520192
              ],
              [
                -6713769.930168094,
                6618296.576572296
              ],
              [
                -6713544.672063886,
                6618296.576572296
              ],
              [
                -6713544.672063886,
                6618409.205624401
              ],
              [
                -6713432.043011782,
                6618409.205624401
              ],
              [
                -6713432.043011782,
                6618521.834676505
              ],
              [
                -6713319.413959677,
                6618521.834676505
              ],
              [
                -6713319.413959677,
                6618634.463728609
              ],
              [
                -6713319.413959677,
                6618859.721832817
              ],
              [
                -6713432.043011782,
                6618859.721832817
              ],
              [
                -6713432.043011782,
                6618747.092780713
              ],
              [
                -6714107.817324407,
                6618747.092780713
              ],
              [
                -6714107.817324407,
                6618634.463728609
              ]
            ],
            [
              [
                -6713319.413959677,
                6617846.060363879
              ],
              [
                -6713657.30111599,
                6617846.060363879
              ],
              [
                -6713657.30111599,
                6617620.802259671
              ],
              [
                -6713206.784907573,
                6617620.802259671
              ],
              [
                -6713206.784907573,
                6617733.431311775
              ],
              [
                -6713094.1558554685,
                6617733.431311775
              ],
              [
                -6713094.1558554685,
                6617846.060363879
              ],
              [
                -6712981.526803364,
                6617846.060363879
              ],
              [
                -6712981.526803364,
                6617958.689415983
              ],
              [
                -6712868.89775126,
                6617958.689415983
              ],
              [
                -6712868.89775126,
                6618071.318468087
              ],
              [
                -6712981.526803364,
                6618071.318468087
              ],
              [
                -6713094.1558554685,
                6618071.318468087
              ],
              [
                -6713094.1558554685,
                6617958.689415983
              ],
              [
                -6713319.413959677,
                6617958.689415983
              ],
              [
                -6713319.413959677,
                6617846.060363879
              ]
            ],
            [
              [
                -6712643.639647052,
                6617846.060363879
              ],
              [
                -6712756.268699156,
                6617846.060363879
              ],
              [
                -6712756.268699156,
                6617733.431311775
              ],
              [
                -6712643.639647052,
                6617733.431311775
              ],
              [
                -6712643.639647052,
                6617846.060363879
              ]
            ],
            [
              [
                -6712643.639647052,
                6616719.769842836
              ],
              [
                -6712643.639647052,
                6616832.3988949405
              ],
              [
                -6712756.268699156,
                6616832.3988949405
              ],
              [
                -6712756.268699156,
                6616719.769842836
              ],
              [
                -6712643.639647052,
                6616719.769842836
              ]
            ],
            [
              [
                -6715121.478793345,
                6618972.350884922
              ],
              [
                -6715121.478793345,
                6619084.979937026
              ],
              [
                -6715234.10784545,
                6619084.979937026
              ],
              [
                -6715234.10784545,
                6618972.350884922
              ],
              [
                -6715121.478793345,
                6618972.350884922
              ]
            ],
            [
              [
                -6714220.446376512,
                6627532.158844848
              ],
              [
                -6714220.446376512,
                6627306.900740639
              ],
              [
                -6714333.075428615,
                6627306.900740639
              ],
              [
                -6714333.075428615,
                6627081.64263643
              ],
              [
                -6714558.333532824,
                6627081.64263643
              ],
              [
                -6714558.333532824,
                6626969.013584326
              ],
              [
                -6714783.591637033,
                6626969.013584326
              ],
              [
                -6714783.591637033,
                6626856.3845322225
              ],
              [
                -6714896.2206891375,
                6626856.3845322225
              ],
              [
                -6714896.2206891375,
                6626743.755480118
              ],
              [
                -6715008.849741242,
                6626743.755480118
              ],
              [
                -6715008.849741242,
                6626405.868323805
              ],
              [
                -6714896.2206891375,
                6626405.868323805
              ],
              [
                -6714896.2206891375,
                6626293.2392717
              ],
              [
                -6714896.2206891375,
                6626180.610219596
              ],
              [
                -6714783.591637033,
                6626180.610219596
              ],
              [
                -6714783.591637033,
                6626067.981167492
              ],
              [
                -6714670.962584929,
                6626067.981167492
              ],
              [
                -6714670.962584929,
                6625955.352115388
              ],
              [
                -6714558.333532824,
                6625955.352115388
              ],
              [
                -6714220.446376512,
                6625955.352115388
              ],
              [
                -6714220.446376512,
                6626067.981167492
              ],
              [
                -6713882.559220199,
                6626067.981167492
              ],
              [
                -6713882.559220199,
                6626180.610219596
              ],
              [
                -6713432.043011782,
                6626180.610219596
              ],
              [
                -6713432.043011782,
                6626293.2392717
              ],
              [
                -6713094.1558554685,
                6626293.2392717
              ],
              [
                -6713094.1558554685,
                6626405.868323805
              ],
              [
                -6712531.010594947,
                6626405.868323805
              ],
              [
                -6712531.010594947,
                6626293.2392717
              ],
              [
                -6710841.574813383,
                6626293.2392717
              ],
              [
                -6710841.574813383,
                6626405.868323805
              ],
              [
                -6710728.945761278,
                6626405.868323805
              ],
              [
                -6710728.945761278,
                6626518.497375909
              ],
              [
                -6710616.316709174,
                6626518.497375909
              ],
              [
                -6710616.316709174,
                6626631.126428014
              ],
              [
                -6710503.68765707,
                6626631.126428014
              ],
              [
                -6710503.68765707,
                6626743.755480118
              ],
              [
                -6710391.058604966,
                6626743.755480118
              ],
              [
                -6710391.058604966,
                6626856.3845322225
              ],
              [
                -6710278.4295528615,
                6626856.3845322225
              ],
              [
                -6710278.4295528615,
                6626969.013584326
              ],
              [
                -6710053.171448653,
                6626969.013584326
              ],
              [
                -6710053.171448653,
                6627081.64263643
              ],
              [
                -6709940.542396548,
                6627081.64263643
              ],
              [
                -6709940.542396548,
                6627194.271688535
              ],
              [
                -6709827.913344445,
                6627194.271688535
              ],
              [
                -6709827.913344445,
                6627306.900740639
              ],
              [
                -6709715.28429234,
                6627306.900740639
              ],
              [
                -6709715.28429234,
                6627870.0460011605
              ],
              [
                -6709827.913344445,
                6627870.0460011605
              ],
              [
                -6709827.913344445,
                6627982.675053265
              ],
              [
                -6709715.28429234,
                6627982.675053265
              ],
              [
                -6709715.28429234,
                6628095.304105369
              ],
              [
                -6709602.655240236,
                6628095.304105369
              ],
              [
                -6709602.655240236,
                6628207.933157474
              ],
              [
                -6709490.026188131,
                6628207.933157474
              ],
              [
                -6709490.026188131,
                6628320.562209578
              ],
              [
                -6709377.397136027,
                6628320.562209578
              ],
              [
                -6709377.397136027,
                6628433.191261682
              ],
              [
                -6709264.768083923,
                6628433.191261682
              ],
              [
                -6709264.768083923,
                6628658.449365891
              ],
              [
                -6709152.139031818,
                6628658.449365891
              ],
              [
                -6709152.139031818,
                6628771.078417995
              ],
              [
                -6709039.509979715,
                6628771.078417995
              ],
              [
                -6709039.509979715,
                6629108.965574308
              ],
              [
                -6709152.139031818,
                6629108.965574308
              ],
              [
                -6709152.139031818,
                6628996.336522204
              ],
              [
                -6709602.655240236,
                6628996.336522204
              ],
              [
                -6709602.655240236,
                6628883.707470099
              ],
              [
                -6709940.542396548,
                6628883.707470099
              ],
              [
                -6709940.542396548,
                6628771.078417995
              ],
              [
                -6710053.171448653,
                6628771.078417995
              ],
              [
                -6710053.171448653,
                6628658.449365891
              ],
              [
                -6710165.800500757,
                6628658.449365891
              ],
              [
                -6710165.800500757,
                6628545.820313786
              ],
              [
                -6710278.4295528615,
                6628545.820313786
              ],
              [
                -6710278.4295528615,
                6628433.191261682
              ],
              [
                -6710954.203865487,
                6628433.191261682
              ],
              [
                -6710954.203865487,
                6628320.562209578
              ],
              [
                -6711967.865334426,
                6628320.562209578
              ],
              [
                -6711967.865334426,
                6628433.191261682
              ],
              [
                -6712193.123438634,
                6628433.191261682
              ],
              [
                -6712193.123438634,
                6628545.820313786
              ],
              [
                -6712418.381542843,
                6628545.820313786
              ],
              [
                -6712418.381542843,
                6628658.449365891
              ],
              [
                -6712643.639647052,
                6628658.449365891
              ],
              [
                -6712643.639647052,
                6628771.078417995
              ],
              [
                -6712868.89775126,
                6628771.078417995
              ],
              [
                -6712868.89775126,
                6628658.449365891
              ],
              [
                -6712981.526803364,
                6628658.449365891
              ],
              [
                -6712981.526803364,
                6628545.820313786
              ],
              [
                -6713094.1558554685,
                6628545.820313786
              ],
              [
                -6713094.1558554685,
                6628433.191261682
              ],
              [
                -6713206.784907573,
                6628433.191261682
              ],
              [
                -6713206.784907573,
                6628320.562209578
              ],
              [
                -6713319.413959677,
                6628320.562209578
              ],
              [
                -6713319.413959677,
                6628207.933157474
              ],
              [
                -6713544.672063886,
                6628207.933157474
              ],
              [
                -6713544.672063886,
                6628095.304105369
              ],
              [
                -6713657.30111599,
                6628095.304105369
              ],
              [
                -6713657.30111599,
                6627982.675053265
              ],
              [
                -6713769.930168094,
                6627982.675053265
              ],
              [
                -6713769.930168094,
                6627870.0460011605
              ],
              [
                -6713882.559220199,
                6627870.0460011605
              ],
              [
                -6713882.559220199,
                6627757.416949056
              ],
              [
                -6713995.188272303,
                6627757.416949056
              ],
              [
                -6713995.188272303,
                6627644.787896952
              ],
              [
                -6714107.817324407,
                6627644.787896952
              ],
              [
                -6714107.817324407,
                6627532.158844848
              ],
              [
                -6714220.446376512,
                6627532.158844848
              ]
            ]
          ],
          [
            [
              [
                -6711967.865334426,
                6616494.511738627
              ],
              [
                -6711967.865334426,
                6616607.140790732
              ],
              [
                -6711855.236282322,
                6616607.140790732
              ],
              [
                -6711855.236282322,
                6616494.511738627
              ],
              [
                -6711967.865334426,
                6616494.511738627
              ]
            ]
          ],
          [
            [
              [
                -6711742.607230217,
                6616607.140790732
              ],
              [
                -6711855.236282322,
                6616607.140790732
              ],
              [
                -6711855.236282322,
                6616719.769842836
              ],
              [
                -6711742.607230217,
                6616719.769842836
              ],
              [
                -6711742.607230217,
                6616607.140790732
              ]
            ]
          ],
          [
            [
              [
                -6705210.122208169,
                6616043.99553021
              ],
              [
                -6705435.380312377,
                6616043.99553021
              ],
              [
                -6705435.380312377,
                6615931.366478106
              ],
              [
                -6705773.26746869,
                6615931.366478106
              ],
              [
                -6705773.26746869,
                6616156.624582315
              ],
              [
                -6705660.6384165855,
                6616156.624582315
              ],
              [
                -6705660.6384165855,
                6616269.253634419
              ],
              [
                -6705548.009364481,
                6616269.253634419
              ],
              [
                -6705548.009364481,
                6616494.511738627
              ],
              [
                -6705435.380312377,
                6616494.511738627
              ],
              [
                -6705435.380312377,
                6616607.140790732
              ],
              [
                -6705322.751260273,
                6616607.140790732
              ],
              [
                -6705322.751260273,
                6616494.511738627
              ],
              [
                -6705097.493156064,
                6616494.511738627
              ],
              [
                -6705097.493156064,
                6616381.882686524
              ],
              [
                -6705210.122208169,
                6616381.882686524
              ],
              [
                -6705210.122208169,
                6616269.253634419
              ],
              [
                -6705097.493156064,
                6616269.253634419
              ],
              [
                -6705097.493156064,
                6616156.624582315
              ],
              [
                -6705210.122208169,
                6616156.624582315
              ],
              [
                -6705210.122208169,
                6616043.99553021
              ]
            ]
          ],
          [
            [
              [
                -6705548.009364481,
                6616719.769842836
              ],
              [
                -6705435.380312377,
                6616719.769842836
              ],
              [
                -6705435.380312377,
                6616607.140790732
              ],
              [
                -6705548.009364481,
                6616607.140790732
              ],
              [
                -6705548.009364481,
                6616719.769842836
              ]
            ]
          ],
          [
            [
              [
                -6705548.009364481,
                6616719.769842836
              ],
              [
                -6705660.6384165855,
                6616719.769842836
              ],
              [
                -6705660.6384165855,
                6616832.3988949405
              ],
              [
                -6705548.009364481,
                6616832.3988949405
              ],
              [
                -6705548.009364481,
                6616719.769842836
              ]
            ]
          ],
          [
            [
              [
                -6704759.605999751,
                6614016.6725923335
              ],
              [
                -6704872.235051855,
                6614016.6725923335
              ],
              [
                -6704872.235051855,
                6614129.301644438
              ],
              [
                -6704759.605999751,
                6614129.301644438
              ],
              [
                -6704759.605999751,
                6614016.6725923335
              ]
            ]
          ]
        ]
      },
      "properties": {
        "station_id": "station_06"
      }
    },
    {
      "type": "Feature",
      "geometry": {
        "type": "MultiPolygon",
        "coordinates": [
          [
            [
              [
                -6687865.248184108,
                6594500.621881083
              ],
              [
                -6687865.248184108,
                6593405.556057248
              ],
              [
                -6687977.877236213,
                6593405.556057248
              ],
              [
                -6687977.877236213,
                6593292.927005144
              ],
              [
                -6688090.506288317,
                6593292.927005144
              ],
              [
                -6688090.506288317,
                6593180.297953039
              ],
              [
                -6688203.1353404205,
                6593180.297953039
              ],
              [
                -6688203.1353404205,
                6592729.781744623
              ],
              [
                -6688315.764392525,
                6592729.781744623
              ],
              [
                -6688315.764392525,
                6592617.152692518
              ],
              [
                -6688766.280600943,
                6592617.152692518
              ],
              [
                -6688766.280600943,
                6592504.523640414
              ],
              [
                -6689104.167757255,
                6592504.523640414
              ],
              [
                -6689104.167757255,
                6592391.89458831
              ],
              [
                -6689216.796809359,
                6592391.89458831
              ],
              [
                -6689216.796809359,
                6592279.265536206
              ],
              [
                -6689329.425861464,
                6592279.265536206
              ],
              [
                -6689329.425861464,
                6592166.636484101
              ],
              [
                -6689442.054913568,
                6592166.636484101
              ],
              [
                -6689442.054913568,
                6592054.007431997
              ],
              [
                -6689554.683965673,
                6592054.007431997
              ],
              [
                -6689554.683965673,
                6591941.378379893
              ],
              [
                -6689667.313017777,
                6591941.378379893
              ],
              [
                -6689667.313017777,
                6591828.749327788
              ],
              [
                -6689779.942069881,
                6591828.749327788
              ],
              [
                -6689779.942069881,
                6591716.120275684
              ],
              [
                -6690005.2001740895,
                6591716.120275684
              ],
              [
                -6690005.2001740895,
                6591265.604067267
              ],
              [
                -6690117.829226194,
                6591265.604067267
              ],
              [
                -6690117.829226194,
                6590927.716910955
              ],
              [
                -6690230.458278298,
                6590927.716910955
              ],
              [
                -6690230.458278298,
                6590702.458806746
              ],
              [
                -6690793.60353882,
                6590702.458806746
              ],
              [
                -6690793.60353882,
                6590589.829754641
              ],
              [
                -6690906.232590924,
                6590589.829754641
              ],
              [
                -6690906.232590924,
                6590477.200702537
              ],
              [
                -6691694.635955654,
                6590477.200702537
              ],
              [
                -6691694.635955654,
                6590364.571650432
              ],
              [
                -6691807.2650077585,
                6590364.571650432
              ],
              [
                -6691807.2650077585,
                6590251.942598328
              ],
              [
                -6692032.523111966,
                6590251.942598328
              ],
              [
                -6692032.523111966,
                6590139.3135462245
              ],
              [
                -6692257.781216175,
                6590139.3135462245
              ],
              [
                -6692257.781216175,
                6590026.68449412
              ],
              [
                -6692595.668372489,
                6590026.68449412
              ],
              [
                -6692595.668372489,
                6589914.055442016
              ],
              [
                -6692820.9264766965,
                6589914.055442016
              ],
              [
                -6693271.442685114,
                6589914.055442016
              ],
              [
                -6693271.442685114,
                6590026.68449412
              ],
              [
                -6693609.329841427,
                6590026.68449412
              ],
              [
                -6693609.329841427,
                6590139.3135462245
              ],
              [
                -6693721.958893531,
                6590139.3135462245
              ],
              [
                -6693721.958893531,
                6589914.055442016
              ],
              [
                -6693947.21699774,
                6589914.055442016
              ],
              [
                -6693947.21699774,
                6589801.426389911
              ],
              [
                -6694059.846049844,
                6589801.426389911
              ],
              [
                -6694059.846049844,
                6589688.797337807
              ],
              [
                -6694285.104154052,
                6589688.797337807
              ],
              [
                -6694285.104154052,
                6589576.168285702
              ],
              [
                -6695411.394675096,
                6589576.168285702
              ],
              [
                -6695411.394675096,
                6589688.797337807
              ],
              [
                -6695524.0237272,
                6589688.797337807
              ],
              [
                -6695524.0237272,
                6589801.426389911
              ],
              [
                -6695861.910883512,
                6589801.426389911
              ],
              [
                -6695861.910883512,
                6590477.200702537
              ],
              [
                -6695749.281831408,
                6590477.200702537
              ],
              [
                -6695749.281831408,
                6590589.829754641
              ],
              [
                -6695636.652779304,
                6590589.829754641
              ],
              [
                -6695636.652779304,
                6590702.458806746
              ],
              [
                -6695524.0237272,
                6590702.458806746
              ],
              [
                -6695524.0237272,
                6590815.08785885
              ],
              [
                -6695411.394675096,
                6590815.08785885
              ],
              [
                -6695411.394675096,
                6590927.716910955
              ],
              [
                -6695298.765622991,
                6590927.716910955
              ],
              [
                -6695298.765622991,
                6591040.345963058
              ],
              [
                -6695186.136570887,
                6591040.345963058
              ],
              [
                -6695186.136570887,
                6591152.9750151625
              ],
              [
                -6695073.507518782,
                6591152.9750151625
              ],
              [
                -6695073.507518782,
                6591378.233119371
              ],
              [
                -6694960.878466678,
                6591378.233119371
              ],
              [
                -6694960.878466678,
                6591603.49122358
              ],
              [
                -6694848.249414574,
                6591603.49122358
              ],
              [
                -6694848.249414574,
                6591828.749327788
              ],
              [
                -6694735.62036247,
                6591828.749327788
              ],
              [
                -6694735.62036247,
                6591941.378379893
              ],
              [
                -6694622.9913103655,
                6591941.378379893
              ],
              [
                -6694622.9913103655,
                6592166.636484101
              ],
              [
                -6694510.362258261,
                6592166.636484101
              ],
              [
                -6694510.362258261,
                6592279.265536206
              ],
              [
                -6694397.733206157,
                6592279.265536206
              ],
              [
                -6694397.733206157,
                6592729.781744623
              ],
              [
                -6694285.104154052,
                6592729.781744623
              ],
              [
                -6694285.104154052,
                6592955.0398488315
              ],
              [
                -6694172.475101948,
                6592955.0398488315
              ],
              [
                -6694172.475101948,
                6593067.668900936
              ],
              [
                -6694059.846049844,
                6593067.668900936
              ],
              [
                -6694059.846049844,
                6593180.297953039
              ],
              [
                -6693947.21699774,
                6593180.297953039
              ],
              [
                -6693947.21699774,
                6593292.927005144
              ],
              [
                -6693834.587945635,
                6593292.927005144
              ],
              [
                -6693834.587945635,
                6593405.556057248
              ],
              [
                -6693721.958893531,
                6593405.556057248
              ],
              [
                -6693721.958893531,
                6593518.185109353
              ],
              [
                -6693609.329841427,
                6593518.185109353
              ],
              [
                -6693609.329841427,
                6593630.814161457
              ],
              [
                -6693496.700789322,
                6593630.814161457
              ],
              [
                -6693496.700789322,
                6593743.443213562
              ],
              [
                -6693384.071737219,
                6593743.443213562
              ],
              [
                -6693384.071737219,
                6593856.072265666
              ],
              [
                -6693271.442685114,
                6593856.072265666
              ],
              [
                -6693271.442685114,
                6593968.7013177695
              ],
              [
                -6693046.184580905,
                6593968.7013177695
              ],
              [
                -6693046.184580905,
                6594081.330369874
              ],
              [
                -6692820.9264766965,
                6594081.330369874
              ],
              [
                -6692820.9264766965,
                6594193.959421978
              ],
              [
                -6692370.41026828,
                6594193.959421978
              ],
              [
                -6692370.41026828,
                6594757.1046825
              ],
              [
                -6691919.894059863,
                6594757.1046825
              ],
              [
                -6691919.894059863,
                6594644.475630396
              ],
              [
                -6691469.377851445,
                6594644.475630396
              ],
              [
                -6691356.748799341,
                6594644.475630396
              ],
              [
                -6691356.748799341,
                6594869.733734604
              ],
              [
                -6691244.119747236,
                6594869.733734604
              ],
              [
                -6691244.119747236,
                6594982.362786708
              ],
              [
                -6691131.490695133,
                6594982.362786708
              ],
              [
                -6691131.490695133,
                6595094.991838813
              ],
              [
                -6691018.861643028,
                6595094.991838813
              ],
              [
                -6691018.861643028,
                6595432.878995125
              ],
              [
                -6690906.232590924,
                6595432.878995125
              ],
              [
                -6690906.232590924,
                6595545.50804723
              ],
              [
                -6690793.60353882,
                6595545.50804723
              ],
              [
                -6690793.60353882,
                6595658.137099334
              ],
              [
                -6690680.974486715,
                6595658.137099334
              ],
              [
                -6690680.974486715,
                6595770.7661514385
              ],
              [
                -6690568.345434611,
                6595770.7661514385
              ],
              [
                -6690568.345434611,
                6595883.395203543
              ],
              [
                -6690455.716382506,
                6595883.395203543
              ],
              [
                -6690455.716382506,
                6595996.024255647
              ],
              [
                -6690450.863305381,
                6595996.024255647
              ],
              [
                -6687865.248184108,
                6594500.621881083
              ]
            ],
            [
              [
                -6691694.635955654,
                6594419.217526187
              ],
              [
                -6691469.377851445,
                6594419.217526187
              ],
              [
                -6691469.377851445,
                6594531.846578292
              ],
              [
                -6691807.2650077585,
                6594531.846578292
              ],
              [
                -6691807.2650077585,
                6594419.217526187
              ],
              [
                -6691694.635955654,
                6594419.217526187
              ]
            ]
          ],
          [
            [
              [
                -6692370.41026828,
                6597106.203053254
              ],
              [
                -6692370.41026828,
                6597009.685724585
              ],
              [
                -6692483.039320384,
                6597009.685724585
              ],
              [
                -6692483.039320384,
                6596897.056672482
              ],
              [
                -6692595.668372489,
                6596897.056672482
              ],
              [
                -6692595.668372489,
                6596784.427620377
              ],
              [
                -6692708.297424592,
                6596784.427620377
              ],
              [
                -6692708.297424592,
                6596671.798568273
              ],
              [
                -6692820.9264766965,
                6596671.798568273
              ],
              [
                -6692820.9264766965,
                6596559.169516169
              ],
              [
                -6692933.555528801,
                6596559.169516169
              ],
              [
                -6692933.555528801,
                6596446.540464064
              ],
              [
                -6693046.184580905,
                6596446.540464064
              ],
              [
                -6693046.184580905,
                6596333.91141196
              ],
              [
                -6693158.81363301,
                6596333.91141196
              ],
              [
                -6693158.81363301,
                6596108.653307752
              ],
              [
                -6693271.442685114,
                6596108.653307752
              ],
              [
                -6693271.442685114,
                6595658.137099334
              ],
              [
                -6693271.442685114,
                6595545.50804723
              ],
              [
                -6693384.071737219,
                6595545.50804723
              ],
              [
                -6693384.071737219,
                6595658.137099334
              ],
              [
                -6693496.700789322,
                6595658.137099334
              ],
              [
                -6693496.700789322,
                6595432.878995125
              ],
              [
                -6693384.071737219,
                6595432.878995125
              ],
              [
                -6693384.071737219,
                6595094.991838813
              ],
              [
                -6693271.442685114,
                6595094.991838813
              ],
              [
                -6693271.442685114,
                6594869.733734604
              ],
              [
                -6693384.071737219,
                6594869.733734604
              ],
              [
                -6693384.071737219,
                6594757.1046825
              ],
              [
                -6693947.21699774,
                6594757.1046825
              ],
              [
                -6693947.21699774,
                6594644.475630396
              ],
              [
                -6694059.846049844,
                6594644.475630396
              ],
              [
                -6694059.846049844,
                6594531.846578292
              ],
              [
                -6694172.475101948,
                6594531.846578292
              ],
              [
                -6694172.475101948,
                6594419.217526187
              ],
              [
                -6694285.104154052,
                6594419.217526187
              ],
              [
                -6694285.104154052,
                6594306.588474083
              ],
              [
                -6694397.733206157,
                6594306.588474083
              ],
              [
                -6694397.733206157,
                6593968.7013177695
              ],
              [
                -6694510.362258261,
                6593968.7013177695
              ],
              [
                -6694510.362258261,
                6593856.072265666
              ],
              [
                -6694622.9913103655,
                6593856.072265666
              ],
              [
                -6694622.9913103655,
                6593743.443213562
              ],
              [
                -6694735.62036247,
                6593743.443213562
              ],
              [
                -6694735.62036247,
                6593292.927005144
              ],
              [
                -6694848.249414574,
                6593292.927005144
              ],
              [
                -6694848.249414574,
                6593180.297953039
              ],
              [
                -6694960.878466678,
                6593180.297953039
              ],
              [
                -6694960.878466678,
                6593067.668900936
              ],
              [
                -6695073.507518782,
                6593067.668900936
              ],
              [
                -6695073.507518782,
                6592955.0398488315
              ],
              [
                -6695411.394675096,
                6592955.0398488315
              ],
              [
                -6695411.394675096,
                6592842.410796727
              ],
              [
                -6695749.281831408,
                6592842.410796727
              ],
              [
                -6695749.281831408,
                6592729.781744623
              ],
              [
                -6696312.42709193,
                6592729.781744623
              ],
              [
                -6696312.42709193,
                6592617.152692518
              ],
              [
                -6696537.685196138,
                6592617.152692518
              ],
              [
                -6696537.685196138,
                6592504.523640414
              ],
              [
                -6697438.7176129725,
                6592504.523640414
              ],
              [
                -6697551.346665077,
                6592504.523640414
              ],
              [
                -6697551.346665077,
                6592054.007431997
              ],
              [
                -6697438.7176129725,
                6592054.007431997
              ],
              [
                -6697438.7176129725,
                6591941.378379893
              ],
              [
                -6697326.088560868,
                6591941.378379893
              ],
              [
                -6697326.088560868,
                6591828.749327788
              ],
              [
                -6697213.459508764,
                6591828.749327788
              ],
              [
                -6697213.459508764,
                6591716.120275684
              ],
              [
                -6697100.83045666,
                6591716.120275684
              ],
              [
                -6697100.83045666,
                6591603.49122358
              ],
              [
                -6696988.201404556,
                6591603.49122358
              ],
              [
                -6696988.201404556,
                6591490.862171476
              ],
              [
                -6696875.572352451,
                6591490.862171476
              ],
              [
                -6696875.572352451,
                6591378.233119371
              ],
              [
                -6696762.943300347,
                6591378.233119371
              ],
              [
                -6696762.943300347,
                6591265.604067267
              ],
              [
                -6696650.314248242,
                6591265.604067267
              ],
              [
                -6696650.314248242,
                6591152.9750151625
              ],
              [
                -6696537.685196138,
                6591152.9750151625
              ],
              [
                -6696537.685196138,
                6590815.08785885
              ],
              [
                -6696425.056144034,
                6590815.08785885
              ],
              [
                -6696425.056144034,
                6590026.68449412
              ],
              [
                -6696312.42709193,
                6590026.68449412
              ],
              [
                -6696312.42709193,
                6589914.055442016
              ],
              [
                -6696199.798039826,
                6589914.055442016
              ],
              [
                -6696199.798039826,
                6589801.426389911
              ],
              [
                -6696312.42709193,
                6589801.426389911
              ],
              [
                -6696312.42709193,
                6589688.797337807
              ],
              [
                -6696425.056144034,
                6589688.797337807
              ],
              [
                -6696425.056144034,
                6589236.982757762
              ],
              [
                -6699524.34791475,
                6593180.297953039
              ],
              [
                -6699353.411498746,
                6593180.297953039
              ],
              [
                -6699353.411498746,
                6593067.668900936
              ],
              [
                -6699015.524342433,
                6593067.668900936
              ],
              [
                -6699015.524342433,
                6592955.0398488315
              ],
              [
                -6698565.008134016,
                6592955.0398488315
              ],
              [
                -6698565.008134016,
                6593067.668900936
              ],
              [
                -6698677.637186119,
                6593067.668900936
              ],
              [
                -6698677.637186119,
                6593292.927005144
              ],
              [
                -6698790.266238224,
                6593292.927005144
              ],
              [
                -6698790.266238224,
                6593630.814161457
              ],
              [
                -6698902.895290328,
                6593630.814161457
              ],
              [
                -6698902.895290328,
                6593743.443213562
              ],
              [
                -6699015.524342433,
                6593743.443213562
              ],
              [
                -6699015.524342433,
                6594982.362786708
              ],
              [
                -6699128.153394537,
                6594982.362786708
              ],
              [
                -6699128.153394537,
                6595094.991838813
              ],
              [
                -6699240.7824466415,
                6595094.991838813
              ],
              [
                -6699240.7824466415,
                6595207.620890917
              ],
              [
                -6699353.411498746,
                6595207.620890917
              ],
              [
                -6699353.411498746,
                6595320.249943022
              ],
              [
                -6699466.040550849,
                6595320.249943022
              ],
              [
                -6699466.040550849,
                6595432.878995125
              ],
              [
                -6699578.669602954,
                6595432.878995125
              ],
              [
                -6699578.669602954,
                6595545.50804723
              ],
              [
                -6699691.298655058,
                6595545.50804723
              ],
              [
                -6699691.298655058,
                6595658.137099334
              ],
              [
                -6699803.927707163,
                6595658.137099334
              ],
              [
                -6699803.927707163,
                6595770.7661514385
              ],
              [
                -6699916.556759267,
                6595770.7661514385
              ],
              [
                -6699916.556759267,
                6595883.395203543
              ],
              [
                -6700029.185811372,
                6595883.395203543
              ],
              [
                -6700029.185811372,
                6595996.024255647
              ],
              [
                -6700141.814863475,
                6595996.024255647
              ],
              [
                -6700141.814863475,
                6596108.653307752
              ],
              [
                -6700254.4439155795,
                6596108.653307752
              ],
              [
                -6700254.4439155795,
                6596221.282359855
              ],
              [
                -6700367.072967684,
                6596221.282359855
              ],
              [
                -6700367.072967684,
                6596333.91141196
              ],
              [
                -6700479.702019788,
                6596333.91141196
              ],
              [
                -6700479.702019788,
                6596446.540464064
              ],
              [
                -6700592.331071893,
                6596446.540464064
              ],
              [
                -6700592.331071893,
                6596559.169516169
              ],
              [
                -6700704.960123997,
                6596559.169516169
              ],
              [
                -6700704.960123997,
                6596671.798568273
              ],
              [
                -6700817.589176102,
                6596671.798568273
              ],
              [
                -6700817.589176102,
                6596784.427620377
              ],
              [
                -6700930.218228205,
                6596784.427620377
              ],
              [
                -6700930.218228205,
                6596897.056672482
              ],
              [
                -6701042.84728031,
                6596897.056672482
              ],
              [
                -6701042.84728031,
                6597009.685724585
              ],
              [
                -6701155.476332414,
                6597009.685724585
              ],
              [
                -6701155.476332414,
                6597122.31477669
              ],
              [
                -6701268.105384518,
                6597122.31477669
              ],
              [
                -6701268.105384518,
                6597147.740547951
              ],
              [
                -6700904.514543909,
                6598135.976245629
              ],
              [
                -6700704.960123997,
                6598135.976245629
              ],
              [
                -6700704.960123997,
                6598248.605297733
              ],
              [
                -6700592.331071893,
                6598248.605297733
              ],
              [
                -6700592.331071893,
                6598135.976245629
              ],
              [
                -6699803.927707163,
                6598135.976245629
              ],
              [
                -6699803.927707163,
                6598023.347193524
              ],
              [
                -6699353.411498746,
                6598023.347193524
              ],
              [
                -6699353.411498746,
                6598135.976245629
              ],
              [
                -6699128.153394537,
                6598135.976245629
              ],
              [
                -6699128.153394537,
                6598248.605297733
              ],
              [
                -6698565.008134016,
                6598248.605297733
              ],
              [
                -6698565.008134016,
                6598135.976245629
              ],
              [
                -6698001.862873494,
                6598135.976245629
              ],
              [
                -6698001.862873494,
                6598023.347193524
              ],
              [
                -6697438.7176129725,
                6598023.347193524
              ],
              [
                -6697438.7176129725,
                6598699.12150615
              ],
              [
                -6697326.088560868,
                6598699.12150615
              ],
              [
                -6697326.088560868,
                6599037.008662463
              ],
              [
                -6697213.459508764,
                6599037.008662463
              ],
              [
                -6697213.459508764,
                6599262.266766671
              ],
              [
                -6697100.83045666,
                6599262.266766671
              ],
              [
                -6697100.83045666,
                6599374.8958187755
              ],
              [
                -6696988.201404556,
                6599374.8958187755
              ],
              [
                -6696988.201404556,
                6599487.52487088
              ],
              [
                -6696762.943300347,
                6599487.52487088
              ],
              [
                -6696762.943300347,
                6599600.153922984
              ],
              [
                -6696682.558750967,
                6599600.153922984
              ],
              [
                -6695124.63488957,
                6598699.12150615
              ],
              [
                -6695186.136570887,
                6598699.12150615
              ],
              [
                -6695186.136570887,
                6598586.492454045
              ],
              [
                -6695298.765622991,
                6598586.492454045
              ],
              [
                -6695298.765622991,
                6597460.201933003
              ],
              [
                -6695411.394675096,
                6597460.201933003
              ],
              [
                -6695411.394675096,
                6597122.31477669
              ],
              [
                -6695524.0237272,
                6597122.31477669
              ],
              [
                -6695524.0237272,
                6597009.685724585
              ],
              [
                -6695636.652779304,
                6597009.685724585
              ],
              [
                -6695636.652779304,
                6596897.056672482
              ],
              [
                -6695974.539935617,
                6596897.056672482
              ],
              [
                -6695974.539935617,
                6596784.427620377
              ],
              [
                -6696087.168987721,
                6596784.427620377
              ],
              [
                -6696087.168987721,
                6596671.798568273
              ],
              [
                -6695974.539935617,
                6596671.798568273
              ],
              [
                -6695974.539935617,
                6596559.169516169
              ],
              [
                -6695861.910883512,
                6596559.169516169
              ],
              [
                -6695861.910883512,
                6596446.540464064
              ],
              [
                -6695749.281831408,
                6596446.540464064
              ],
              [
                -6695749.281831408,
                6595658.137099334
              ],
              [
                -6695861.910883512,
                6595658.137099334
              ],
              [
                -6695861.910883512,
                6594757.1046825
              ],
              [
                -6695974.539935617,
                6594757.1046825
              ],
              [
                -6695974.539935617,
                6594644.475630396
              ],
              [
                -6696087.168987721,
                6594644.475630396
              ],
              [
                -6696087.168987721,
                6594531.846578292
              ],
              [
                -6696199.798039826,
                6594531.846578292
              ],
              [
                -6696199.798039826,
                6594419.217526187
              ],
              [
                -6696312.42709193,
                6594419.217526187
              ],
              [
                -6696312.42709193,
                6594306.588474083
              ],
              [
                -6696425.056144034,
                6594306.588474083
              ],
              [
                -6696425.056144034,
                6594193.959421978
              ],
              [
                -6696537.685196138,
                6594193.959421978
              ],
              [
                -6696537.685196138,
                6593968.7013177695
              ],
              [
                -6696312.42709193,
                6593968.7013177695
              ],
              [
                -6696312.42709193,
                6594081.330369874
              ],
              [
                -6696087.168987721,
                6594081.330369874
              ],
              [
                -6696087.168987721,
                6594193.959421978
              ],
              [
                -6695974.539935617,
                6594193.959421978
              ],
              [
                -6695974.539935617,
                6594419.217526187
              ],
              [
                -6695861.910883512,
                6594419.217526187
              ],
              [
                -6695861.910883512,
                6594531.846578292
              ],
              [
                -6695749.281831408,
                6594531.846578292
              ],
              [
                -6695749.281831408,
                6594644.475630396
              ],
              [
                -6695636.652779304,
                6594644.475630396
              ],
              [
                -6695636.652779304,
                6594757.1046825
              ],
              [
                -6695524.0237272,
                6594757.1046825
              ],
              [
                -6695524.0237272,
                6594869.733734604
              ],
              [
                -6695411.394675096,
                6594869.733734604
              ],
              [
                -6695411.394675096,
                6594982.362786708
              ],
              [
                -6695298.765622991,
                6594982.362786708
              ],
              [
                -6695298.765622991,
                6595094.991838813
              ],
              [
                -6695186.136570887,
                6595094.991838813
              ],
              [
                -6695186.136570887,
                6595207.620890917
              ],
              [
                -6695073.507518782,
                6595207.620890917
              ],
              [
                -6695073.507518782,
                6596108.653307752
              ],
              [
                -6694848.249414574,
                6596108.653307752
              ],
              [
                -6694848.249414574,
                6595996.024255647
              ],
              [
                -6694285.104154052,
                6595996.024255647
              ],
              [
                -6694172.475101948,
                6595996.024255647
              ],
              [
                -6694172.475101948,
                6596108.653307752
              ],
              [
                -6694059.846049844,
                6596108.653307752
              ],
              [
                -6694059.846049844,
                6596221.282359855
              ],
              [
                -6694285.104154052,
                6596221.282359855
              ],
              [
                -6694285.104154052,
                6596108.653307752
              ],
              [
                -6694735.62036247,
                6596108.653307752
              ],
              [
                -6694735.62036247,
                6596559.169516169
              ],
              [
                -6694285.104154052,
                6596559.169516169
              ],
              [
                -6694285.104154052,
                6596671.798568273
              ],
              [
                -6694397.733206157,
                6596671.798568273
              ],
              [
                -6694397.733206157,
                6597009.685724585
              ],
              [
                -6694510.362258261,
                6597009.685724585
              ],
              [
                -6694510.362258261,
                6597122.31477669
              ],
              [
                -6694622.9913103655,
                6597122.31477669
              ],
              [
                -6694622.9913103655,
                6597798.089089315
              ],
              [
                -6694510.362258261,
                6597798.089089315
              ],
              [
                -6694510.362258261,
                6598343.854110035
              ],
              [
                -6692370.41026828,
                6597106.203053254
              ]
            ]
          ],
          [
            [
              [
                -6701706.3692484,
                6595956.544437059
              ],
              [
                -6701484.651939867,
                6596559.169516169
              ],
              [
                -6701380.734436623,
                6596559.169516169
              ],
              [
                -6701380.734436623,
                6596446.540464064
              ],
              [
                -6701268.105384518,
                6596446.540464064
              ],
              [
                -6701268.105384518,
                6595398.929123033
              ],
              [
                -6701706.3692484,
                6595956.544437059
              ]
            ]
          ],
          [
            [
              [
                -6695524.0237272,
                6596333.91141196
              ],
              [
                -6695636.652779304,
                6596333.91141196
              ],
              [
                -6695636.652779304,
                6596446.540464064
              ],
              [
                -6695524.0237272,
                6596446.540464064
              ],
              [
                -6695524.0237272,
                6596333.91141196
              ]
            ]
          ],
          [
            [
              [
                -6695749.281831408,
                6596446.540464064
              ],
              [
                -6695749.281831408,
                6596559.169516169
              ],
              [
                -6695636.652779304,
                6596559.169516169
              ],
              [
                -6695636.652779304,
                6596446.540464064
              ],
              [
                -6695749.281831408,
                6596446.540464064
              ]
            ]
          ],
          [
            [
              [
                -6695749.281831408,
                6596671.798568273
              ],
              [
                -6695749.281831408,
                6596559.169516169
              ],
              [
                -6695861.910883512,
                6596559.169516169
              ],
              [
                -6695861.910883512,
                6596671.798568273
              ],
              [
                -6695749.281831408,
                6596671.798568273
              ]
            ]
          ],
          [
            [
              [
                -6695861.910883512,
                6596671.798568273
              ],
              [
                -6695974.539935617,
                6596671.798568273
              ],
              [
                -6695974.539935617,
                6596784.427620377
              ],
              [
                -6695861.910883512,
                6596784.427620377
              ],
              [
                -6695861.910883512,
                6596671.798568273
              ]
            ]
          ],
          [
            [
              [
                -6692370.41026828,
                6594757.1046825
              ],
              [
                -6692483.039320384,
                6594757.1046825
              ],
              [
                -6692483.039320384,
                6594982.362786708
              ],
              [
                -6692370.41026828,
                6594982.362786708
              ],
              [
                -6692370.41026828,
                6594757.1046825
              ]
            ]
          ],
          [
            [
              [
                -6692483.039320384,
                6594982.362786708
              ],
              [
                -6692595.668372489,
                6594982.362786708
              ],
              [
                -6692595.668372489,
                6595094.991838813
              ],
              [
                -6692483.039320384,
                6595094.991838813
              ],
              [
                -6692483.039320384,
                6594982.362786708
              ]
            ]
          ],
          [
            [
              [
                -6692708.297424592,
                6595094.991838813
              ],
              [
                -6692708.297424592,
                6595207.620890917
              ],
              [
                -6692595.668372489,
                6595207.620890917
              ],
              [
                -6692595.668372489,
                6595094.991838813
              ],
              [
                -6692708.297424592,
                6595094.991838813
              ]
            ]
          ],
          [
            [
              [
                -6692708.297424592,
                6595207.620890917
              ],
              [
                -6692820.9264766965,
                6595207.620890917
              ],
              [
                -6692820.9264766965,
                6595320.249943022
              ],
              [
                -6692708.297424592,
                6595320.249943022
              ],
              [
                -6692708.297424592,
                6595207.620890917
              ]
            ]
          ],
          [
            [
              [
                -6693271.442685114,
                6595545.50804723
              ],
              [
                -6693158.81363301,
                6595545.50804723
              ],
              [
                -6693158.81363301,
                6595658.137099334
              ],
              [
                -6693046.184580905,
                6595658.137099334
              ],
              [
                -6693046.184580905,
                6595545.50804723
              ],
              [
                -6692820.9264766965,
                6595545.50804723
              ],
              [
                -6692820.9264766965,
                6595320.249943022
              ],
              [
                -6693046.184580905,
                6595320.249943022
              ],
              [
                -6693046.184580905,
                6595094.991838813
              ],
              [
                -6693271.442685114,
                6595094.991838813
              ],
              [
                -6693271.442685114,
                6595545.50804723
              ]
            ]
          ],
          [
            [
              [
                -6695636.652779304,
                6595094.991838813
              ],
              [
                -6695636.652779304,
                6596108.653307752
              ],
              [
                -6695411.394675096,
                6596108.653307752
              ],
              [
                -6695411.394675096,
                6596221.282359855
              ],
              [
                -6695073.507518782,
                6596221.282359855
              ],
              [
                -6695073.507518782,
                6596108.653307752
              ],
              [
                -6695186.136570887,
                6596108.653307752
              ],
              [
                -6695186.136570887,
                6595432.878995125
              ],
              [
                -6695298.765622991,
                6595432.878995125
              ],
              [
                -6695298.765622991,
                6595320.249943022
              ],
              [
                -6695411.394675096,
                6595320.249943022
              ],
              [
                -6695411.394675096,
                6595207.620890917
              ],
              [
                -6695524.0237272,
                6595207.620890917
              ],
              [
                -6695524.0237272,
                6595094.991838813
              ],
              [
                -6695636.652779304,
                6595094.991838813
              ]
            ]
          ],
          [
            [
              [
                -6695524.0237272,
                6596221.282359855
              ],
              [
                -6695524.0237272,
                6596333.91141196
              ],
              [
                -6695411.394675096,
                6596333.91141196
              ],
              [
                -6695411.394675096,
                6596221.282359855
              ],
              [
                -6695524.0237272,
                6596221.282359855
              ]
            ]
          ]
        ]
      },
      "properties": {
        "station_id": "station_07"
      }
    },
    {
      "type": "Feature",
      "geometry": {
        "type": "Polygon",
        "coordinates": [
          [
            [
              -6693665.158251811,
              6641047.645097363
            ],
            [
              -6693609.329841427,
              6641047.645097363
            ],
            [
              -6693609.329841427,
              6641160.274149466
            ],
            [
              -6693496.700789322,
              6641160.274149466
            ],
            [
              -6693496.700789322,
              6641272.903201571
            ],
            [
              -6693384.071737219,
              6641272.903201571
            ],
            [
              -6693384.071737219,
              6641385.532253675
            ],
            [
              -6693271.442685114,
              6641385.532253675
            ],
            [
              -6693271.442685114,
              6641498.16130578
            ],
            [
              -6693158.81363301,
              6641498.16130578
            ],
            [
              -6693158.81363301,
              6641610.790357884
            ],
            [
              -6693046.184580905,
              6641610.790357884
            ],
            [
              -6693046.184580905,
              6641723.419409988
            ],
            [
              -6692933.555528801,
              6641723.419409988
            ],
            [
              -6692933.555528801,
              6641948.677514196
            ],
            [
              -6692820.9264766965,
              6641948.677514196
            ],
            [
              -6692820.9264766965,
              6642061.306566301
            ],
            [
              -6692708.297424592,
              6642061.306566301
            ],
            [
              -6692708.297424592,
              6642399.193722614
            ],
            [
              -6692595.668372489,
              6642399.193722614
            ],
            [
              -6692595.668372489,
              6642511.8227747185
            ],
            [
              -6692370.41026828,
              6642511.8227747185
            ],
            [
              -6692370.41026828,
              6642962.338983135
            ],
            [
              -6692257.781216175,
              6642962.338983135
            ],
            [
              -6692257.781216175,
              6643074.96803524
            ],
            [
              -6692145.152164071,
              6643074.96803524
            ],
            [
              -6692145.152164071,
              6643187.597087344
            ],
            [
              -6692032.523111966,
              6643187.597087344
            ],
            [
              -6692032.523111966,
              6643300.226139449
            ],
            [
              -6691807.2650077585,
              6643300.226139449
            ],
            [
              -6691807.2650077585,
              6643412.855191552
            ],
            [
              -6691694.635955654,
              6643412.855191552
            ],
            [
              -6691694.635955654,
              6643525.4842436565
            ],
            [
              -6691582.00690355,
              6643525.4842436565
            ],
            [
              -6691582.00690355,
              6643638.113295761
            ],
            [
              -6691582.00690355,
              6644989.661921012
            ],
            [
              -6691694.635955654,
              6644989.661921012
            ],
            [
              -6691694.635955654,
              6645102.290973117
            ],
            [
              -6691807.2650077585,
              6645102.290973117
            ],
            [
              -6691807.2650077585,
              6646003.323389951
            ],
            [
              -6691919.894059863,
              6646003.323389951
            ],
            [
              -6691919.894059863,
              6646341.2105462635
            ],
            [
              -6692032.523111966,
              6646341.2105462635
            ],
            [
              -6692032.523111966,
              6646453.839598368
            ],
            [
              -6692145.152164071,
              6646453.839598368
            ],
            [
              -6692145.152164071,
              6647016.98485889
            ],
            [
              -6692370.41026828,
              6647016.98485889
            ],
            [
              -6692370.41026828,
              6647354.872015202
            ],
            [
              -6692483.039320384,
              6647354.872015202
            ],
            [
              -6692483.039320384,
              6647692.759171516
            ],
            [
              -6692370.41026828,
              6647692.759171516
            ],
            [
              -6692370.41026828,
              6647805.38822362
            ],
            [
              -6692145.152164071,
              6647805.38822362
            ],
            [
              -6692145.152164071,
              6648255.904432037
            ],
            [
              -6692032.523111966,
              6648255.904432037
            ],
            [
              -6692032.523111966,
              6648368.533484141
            ],
            [
              -6691919.894059863,
              6648368.533484141
            ],
            [
              -6691919.894059863,
              6648931.678744663
            ],
            [
              -6692032.523111966,
              6648931.678744663
            ],
            [
              -6692032.523111966,
              6649382.194953079
            ],
            [
              -6692257.781216175,
              6649382.194953079
            ],
            [
              -6692257.781216175,
              6649607.453057288
            ],
            [
              -6692145.152164071,
              6649607.453057288
            ],
            [
              -6692145.152164071,
              6650283.227369914
            ],
            [
              -6692032.523111966,
              6650283.227369914
            ],
            [
              -6692032.523111966,
              6650170.598317809
            ],
            [
              -6691919.894059863,
              6650170.598317809
            ],
            [
              -6691919.894059863,
              6650283.227369914
            ],
            [
              -6691807.2650077585,
              6650283.227369914
            ],
            [
              -6691807.2650077585,
              6650395.856422018
            ],
            [
              -6691469.377851445,
              6650395.856422018
            ],
            [
              -6691469.377851445,
              6650508.485474123
            ],
            [
              -6691356.748799341,
              6650508.485474123
            ],
            [
              -6691356.748799341,
              6650621.114526227
            ],
            [
              -6691244.119747236,
              6650621.114526227
            ],
            [
              -6691244.119747236,
              6650508.485474123
            ],
            [
              -6690906.232590924,
              6650508.485474123
            ],
            [
              -6690906.232590924,
              6650621.114526227
            ],
            [
              -6690680.974486715,
              6650621.114526227
            ],
            [
              -6690680.974486715,
              6650733.743578332
            ],
            [
              -6690568.345434611,
              6650733.743578332
            ],
            [
              -6690568.345434611,
              6650846.372630435
            ],
            [
              -6690343.087330403,
              6650846.372630435
            ],
            [
              -6690343.087330403,
              6651184.259786748
            ],
            [
              -6690455.716382506,
              6651184.259786748
            ],
            [
              -6690455.716382506,
              6651296.888838853
            ],
            [
              -6690568.345434611,
              6651296.888838853
            ],
            [
              -6690568.345434611,
              6651409.517890957
            ],
            [
              -6690680.974486715,
              6651409.517890957
            ],
            [
              -6690680.974486715,
              6651522.146943062
            ],
            [
              -6690793.60353882,
              6651522.146943062
            ],
            [
              -6690793.60353882,
              6651634.775995165
            ],
            [
              -6690906.232590924,
              6651634.775995165
            ],
            [
              -6690906.232590924,
              6651860.034099374
            ],
            [
              -6691018.861643028,
              6651860.034099374
            ],
            [
              -6691018.861643028,
              6651972.663151478
            ],
            [
              -6691131.490695133,
              6651972.663151478
            ],
            [
              -6691131.490695133,
              6652085.292203583
            ],
            [
              -6691244.119747236,
              6652085.292203583
            ],
            [
              -6691244.119747236,
              6652197.921255687
            ],
            [
              -6691356.748799341,
              6652197.921255687
            ],
            [
              -6691356.748799341,
              6652310.550307792
            ],
            [
              -6691469.377851445,
              6652310.550307792
            ],
            [
              -6691469.377851445,
              6652423.179359895
            ],
            [
              -6691582.00690355,
              6652423.179359895
            ],
            [
              -6691582.00690355,
              6652535.808412
            ],
            [
              -6691694.635955654,
              6652535.808412
            ],
            [
              -6691694.635955654,
              6652648.437464104
            ],
            [
              -6691807.2650077585,
              6652648.437464104
            ],
            [
              -6691807.2650077585,
              6652761.066516208
            ],
            [
              -6691919.894059863,
              6652761.066516208
            ],
            [
              -6691919.894059863,
              6652873.695568313
            ],
            [
              -6692032.523111966,
              6652873.695568313
            ],
            [
              -6692032.523111966,
              6652986.324620417
            ],
            [
              -6692145.152164071,
              6652986.324620417
            ],
            [
              -6692145.152164071,
              6653098.953672521
            ],
            [
              -6692257.781216175,
              6653098.953672521
            ],
            [
              -6692257.781216175,
              6653211.582724625
            ],
            [
              -6692370.41026828,
              6653211.582724625
            ],
            [
              -6692370.41026828,
              6653324.21177673
            ],
            [
              -6692483.039320384,
              6653324.21177673
            ],
            [
              -6692483.039320384,
              6653549.4698809385
            ],
            [
              -6692483.039320384,
              6653662.098933043
            ],
            [
              -6692370.41026828,
              6653662.098933043
            ],
            [
              -6692370.41026828,
              6653549.4698809385
            ],
            [
              -6692257.781216175,
              6653549.4698809385
            ],
            [
              -6692257.781216175,
              6653436.840828834
            ],
            [
              -6692145.152164071,
              6653436.840828834
            ],
            [
              -6692145.152164071,
              6653324.21177673
            ],
            [
              -6692032.523111966,
              6653324.21177673
            ],
            [
              -6692032.523111966,
              6653211.582724625
            ],
            [
              -6691919.894059863,
              6653211.582724625
            ],
            [
              -6691919.894059863,
              6653098.953672521
            ],
            [
              -6691807.2650077585,
              6653098.953672521
            ],
            [
              -6691807.2650077585,
              6652986.324620417
            ],
            [
              -6691694.635955654,
              6652986.324620417
            ],
            [
              -6691694.635955654,
              6652873.695568313
            ],
            [
              -6691582.00690355,
              6652873.695568313
            ],
            [
              -6691582.00690355,
              6652761.066516208
            ],
            [
              -6691469.377851445,
              6652761.066516208
            ],
            [
              -6691469.377851445,
              6652648.437464104
            ],
            [
              -6691356.748799341,
              6652648.437464104
            ],
            [
              -6691356.748799341,
              6652535.808412
            ],
            [
              -6691244.119747236,
              6652535.808412
            ],
            [
              -6691244.119747236,
              6652423.179359895
            ],
            [
              -6691131.490695133,
              6652423.179359895
            ],
            [
              -6691131.490695133,
              6652310.550307792
            ],
            [
              -6691018.861643028,
              6652310.550307792
            ],
            [
              -6691018.861643028,
              6652197.921255687
            ],
            [
              -6690906.232590924,
              6652197.921255687
            ],
            [
              -6690906.232590924,
              6652085.292203583
            ],
            [
              -6690793.60353882,
              6652085.292203583
            ],
            [
              -6690793.60353882,
              6651972.663151478
            ],
            [
              -6690680.974486715,
              6651972.663151478
            ],
            [
              -6690680.974486715,
              6651860.034099374
            ],
            [
              -6690455.716382506,
              6651860.034099374
            ],
            [
              -6690455.716382506,
              6651747.40504727
            ],
            [
              -6690343.087330403,
              6651747.40504727
            ],
            [
              -6690117.829226194,
              6651747.40504727
            ],
            [
              -6690117.829226194,
              6651634.775995165
            ],
            [
              -6690005.2001740895,
              6651634.775995165
            ],
            [
              -6690005.2001740895,
              6651522.146943062
            ],
            [
              -6689892.571121985,
              6651522.146943062
            ],
            [
              -6689892.571121985,
              6651409.517890957
            ],
            [
              -6689892.571121985,
              6651184.259786748
            ],
            [
              -6689892.571121985,
              6650959.0016825395
            ],
            [
              -6689892.571121985,
              6650733.743578332
            ],
            [
              -6689779.942069881,
              6650733.743578332
            ],
            [
              -6689779.942069881,
              6650621.114526227
            ],
            [
              -6689667.313017777,
              6650621.114526227
            ],
            [
              -6689667.313017777,
              6650283.227369914
            ],
            [
              -6689442.054913568,
              6650283.227369914
            ],
            [
              -6689442.054913568,
              6650170.598317809
            ],
            [
              -6689329.425861464,
              6650170.598317809
            ],
            [
              -6689329.425861464,
              6650057.969265706
            ],
            [
              -6689216.796809359,
              6650057.969265706
            ],
            [
              -6689216.796809359,
              6649832.711161497
            ],
            [
              -6689104.167757255,
              6649832.711161497
            ],
            [
              -6689104.167757255,
              6649720.082109393
            ],
            [
              -6688878.909653047,
              6649720.082109393
            ],
            [
              -6688878.909653047,
              6649607.453057288
            ],
            [
              -6688766.280600943,
              6649607.453057288
            ],
            [
              -6688766.280600943,
              6648931.678744663
            ],
            [
              -6688541.022496734,
              6648931.678744663
            ],
            [
              -6688541.022496734,
              6648593.791588349
            ],
            [
              -6688653.651548838,
              6648593.791588349
            ],
            [
              -6688653.651548838,
              6648368.533484141
            ],
            [
              -6688541.022496734,
              6648368.533484141
            ],
            [
              -6688541.022496734,
              6648255.904432037
            ],
            [
              -6688428.393444629,
              6648255.904432037
            ],
            [
              -6688428.393444629,
              6648368.533484141
            ],
            [
              -6688203.1353404205,
              6648368.533484141
            ],
            [
              -6688203.1353404205,
              6648255.904432037
            ],
            [
              -6688090.506288317,
              6648255.904432037
            ],
            [
              -6688090.506288317,
              6648143.2753799325
            ],
            [
              -6687977.877236213,
              6648143.2753799325
            ],
            [
              -6687977.877236213,
              6647805.38822362
            ],
            [
              -6687865.248184108,
              6647805.38822362
            ],
            [
              -6687865.248184108,
              6647580.130119411
            ],
            [
              -6687527.361027795,
              6647580.130119411
            ],
            [
              -6687527.361027795,
              6647467.501067307
            ],
            [
              -6687302.102923587,
              6647467.501067307
            ],
            [
              -6687302.102923587,
              6647242.242963098
            ],
            [
              -6687189.473871483,
              6647242.242963098
            ],
            [
              -6687189.473871483,
              6647129.613910994
            ],
            [
              -6687076.844819378,
              6647129.613910994
            ],
            [
              -6687076.844819378,
              6646791.726754681
            ],
            [
              -6686964.215767274,
              6646791.726754681
            ],
            [
              -6686964.215767274,
              6646228.58149416
            ],
            [
              -6687076.844819378,
              6646228.58149416
            ],
            [
              -6687076.844819378,
              6646003.323389951
            ],
            [
              -6687189.473871483,
              6646003.323389951
            ],
            [
              -6687189.473871483,
              6645890.694337847
            ],
            [
              -6687302.102923587,
              6645890.694337847
            ],
            [
              -6687302.102923587,
              6645778.065285742
            ],
            [
              -6687414.731975691,
              6645778.065285742
            ],
            [
              -6687414.731975691,
              6645665.436233638
            ],
            [
              -6687302.102923587,
              6645665.436233638
            ],
            [
              -6687302.102923587,
              6645552.807181534
            ],
            [
              -6687527.361027795,
              6645552.807181534
            ],
            [
              -6687527.361027795,
              6645440.17812943
            ],
            [
              -6687639.990079899,
              6645440.17812943
            ],
            [
              -6687639.990079899,
              6645214.920025221
            ],
            [
              -6687752.619132004,
              6645214.920025221
            ],
            [
              -6687752.619132004,
              6645102.290973117
            ],
            [
              -6687865.248184108,
              6645102.290973117
            ],
            [
              -6687865.248184108,
              6645214.920025221
            ],
            [
              -6688428.393444629,
              6645214.920025221
            ],
            [
              -6688428.393444629,
              6645102.290973117
            ],
            [
              -6688653.651548838,
              6645102.290973117
            ],
            [
              -6688653.651548838,
              6644764.403816804
            ],
            [
              -6688428.393444629,
              6644764.403816804
            ],
            [
              -6688428.393444629,
              6644651.7747647
            ],
            [
              -6688315.764392525,
              6644651.7747647
            ],
            [
              -6688315.764392525,
              6644426.516660491
            ],
            [
              -6688203.1353404205,
              6644426.516660491
            ],
            [
              -6688203.1353404205,
              6644313.887608387
            ],
            [
              -6688090.506288317,
              6644313.887608387
            ],
            [
              -6688090.506288317,
              6644088.629504178
            ],
            [
              -6687977.877236213,
              6644088.629504178
            ],
            [
              -6687865.248184108,
              6644088.629504178
            ],
            [
              -6687865.248184108,
              6644201.258556282
            ],
            [
              -6687752.619132004,
              6644201.258556282
            ],
            [
              -6687752.619132004,
              6644313.887608387
            ],
            [
              -6687527.361027795,
              6644313.887608387
            ],
            [
              -6687527.361027795,
              6644426.516660491
            ],
            [
              -6687414.731975691,
              6644426.516660491
            ],
            [
              -6687414.731975691,
              6644539.145712595
            ],
            [
              -6687302.102923587,
              6644539.145712595
            ],
            [
              -6687302.102923587,
              6644651.7747647
            ],
            [
              -6687189.473871483,
              6644651.7747647
            ],
            [
              -6687189.473871483,
              6644764.403816804
            ],
            [
              -6687076.844819378,
              6644764.403816804
            ],
            [
              -6687076.844819378,
              6644877.032868908
            ],
            [
              -6686738.957663065,
              6644877.032868908
            ],
            [
              -6686738.957663065,
              6644989.661921012
            ],
            [
              -6686626.328610961,
              6644989.661921012
            ],
            [
              -6686626.328610961,
              6644877.032868908
            ],
            [
              -6686513.699558857,
              6644877.032868908
            ],
            [
              -6686513.699558857,
              6644764.403816804
            ],
            [
              -6686288.441454648,
              6644764.403816804
            ],
            [
              -6686288.441454648,
              6644651.7747647
            ],
            [
              -6686063.183350439,
              6644651.7747647
            ],
            [
              -6686063.183350439,
              6643300.226139449
            ],
            [
              -6685950.554298336,
              6643300.226139449
            ],
            [
              -6685950.554298336,
              6643074.96803524
            ],
            [
              -6686063.183350439,
              6643074.96803524
            ],
            [
              -6686063.183350439,
              6642962.338983135
            ],
            [
              -6686175.812402544,
              6642962.338983135
            ],
            [
              -6686175.812402544,
              6642849.709931031
            ],
            [
              -6686288.441454648,
              6642849.709931031
            ],
            [
              -6686288.441454648,
              6642737.080878926
            ],
            [
              -6686401.0705067525,
              6642737.080878926
            ],
            [
              -6686401.0705067525,
              6642624.451826822
            ],
            [
              -6686513.699558857,
              6642624.451826822
            ],
            [
              -6686513.699558857,
              6642511.8227747185
            ],
            [
              -6686626.328610961,
              6642511.8227747185
            ],
            [
              -6686626.328610961,
              6642173.935618405
            ],
            [
              -6686513.699558857,
              6642173.935618405
            ],
            [
              -6686513.699558857,
              6641836.048462093
            ],
            [
              -6686626.328610961,
              6641836.048462093
            ],
            [
              -6686738.957663065,
              6641836.048462093
            ],
            [
              -6686738.957663065,
              6641610.790357884
            ],
            [
              -6686851.586715169,
              6641610.790357884
            ],
            [
              -6686851.586715169,
              6641498.16130578
            ],
            [
              -6686964.215767274,
              6641498.16130578
            ],
            [
              -6686964.215767274,
              6641160.274149466
            ],
            [
              -6687076.844819378,
              6641160.274149466
            ],
            [
              -6687076.844819378,
              6640822.386993154
            ],
            [
              -6687189.473871483,
              6640822.386993154
            ],
            [
              -6687189.473871483,
              6640597.128888945
            ],
            [
              -6687302.102923587,
              6640597.128888945
            ],
            [
              -6687302.102923587,
              6640371.870784736
            ],
            [
              -6687414.731975691,
              6640371.870784736
            ],
            [
              -6687414.731975691,
              6640146.612680528
            ],
            [
              -6687527.361027795,
              6640146.612680528
            ],
            [
              -6687527.361027795,
              6640033.983628424
            ],
            [
              -6687639.990079899,
              6640033.983628424
            ],
            [
              -6687639.990079899,
              6639696.096472111
            ],
            [
              -6687752.619132004,
              6639696.096472111
            ],
            [
              -6687752.619132004,
              6639583.467420007
            ],
            [
              -6687865.248184108,
              6639583.467420007
            ],
            [
              -6687865.248184108,
              6639470.838367903
            ],
            [
              -6687752.619132004,
              6639470.838367903
            ],
            [
              -6687752.619132004,
              6639358.209315798
            ],
            [
              -6687639.990079899,
              6639358.209315798
            ],
            [
              -6687639.990079899,
              6638795.064055277
            ],
            [
              -6687527.361027795,
              6638795.064055277
            ],
            [
              -6687527.361027795,
              6638682.435003173
            ],
            [
              -6687639.990079899,
              6638682.435003173
            ],
            [
              -6687639.990079899,
              6638344.547846859
            ],
            [
              -6687752.619132004,
              6638344.547846859
            ],
            [
              -6687752.619132004,
              6638231.918794755
            ],
            [
              -6687865.248184108,
              6638231.918794755
            ],
            [
              -6687865.248184108,
              6638119.28974265
            ],
            [
              -6688090.506288317,
              6638119.28974265
            ],
            [
              -6688090.506288317,
              6638006.660690547
            ],
            [
              -6688203.1353404205,
              6638006.660690547
            ],
            [
              -6688203.1353404205,
              6637894.031638443
            ],
            [
              -6688315.764392525,
              6637894.031638443
            ],
            [
              -6688315.764392525,
              6637781.402586338
            ],
            [
              -6688428.393444629,
              6637781.402586338
            ],
            [
              -6688428.393444629,
              6637668.773534234
            ],
            [
              -6688541.022496734,
              6637668.773534234
            ],
            [
              -6688541.022496734,
              6637556.144482129
            ],
            [
              -6688653.651548838,
              6637556.144482129
            ],
            [
              -6688653.651548838,
              6637443.515430025
            ],
            [
              -6688653.651548838,
              6637330.886377921
            ],
            [
              -6688766.280600943,
              6637330.886377921
            ],
            [
              -6688766.280600943,
              6636880.370169504
            ],
            [
              -6688653.651548838,
              6636880.370169504
            ],
            [
              -6688653.651548838,
              6636655.112065295
            ],
            [
              -6688653.651548838,
              6636429.853961087
            ],
            [
              -6688766.280600943,
              6636429.853961087
            ],
            [
              -6688766.280600943,
              6636204.595856878
            ],
            [
              -6688653.651548838,
              6636204.595856878
            ],
            [
              -6688653.651548838,
              6636091.966804774
            ],
            [
              -6688541.022496734,
              6636091.966804774
            ],
            [
              -6688541.022496734,
              6636204.595856878
            ],
            [
              -6688428.393444629,
              6636204.595856878
            ],
            [
              -6688428.393444629,
              6636091.966804774
            ],
            [
              -6688315.764392525,
              6636091.966804774
            ],
            [
              -6688315.764392525,
              6635866.708700565
            ],
            [
              -6688203.1353404205,
              6635866.708700565
            ],
            [
              -6688203.1353404205,
              6635754.079648461
            ],
            [
              -6688315.764392525,
              6635754.079648461
            ],
            [
              -6688315.764392525,
              6635190.934387939
            ],
            [
              -6688203.1353404205,
              6635190.934387939
            ],
            [
              -6688203.1353404205,
              6635078.305335836
            ],
            [
              -6688090.506288317,
              6635078.305335836
            ],
            [
              -6688090.506288317,
              6634965.676283731
            ],
            [
              -6687977.877236213,
              6634965.676283731
            ],
            [
              -6687977.877236213,
              6634853.047231627
            ],
            [
              -6687865.248184108,
              6634853.047231627
            ],
            [
              -6687865.248184108,
              6634740.418179522
            ],
            [
              -6687752.619132004,
              6634740.418179522
            ],
            [
              -6687752.619132004,
              6634515.160075313
            ],
            [
              -6687639.990079899,
              6634515.160075313
            ],
            [
              -6687639.990079899,
              6634402.531023209
            ],
            [
              -6687527.361027795,
              6634402.531023209
            ],
            [
              -6687527.361027795,
              6634289.9019711055
            ],
            [
              -6687639.990079899,
              6634289.9019711055
            ],
            [
              -6687639.990079899,
              6634177.272919001
            ],
            [
              -6687752.619132004,
              6634177.272919001
            ],
            [
              -6687752.619132004,
              6634064.643866897
            ],
            [
              -6687865.248184108,
              6634064.643866897
            ],
            [
              -6687865.248184108,
              6633952.014814792
            ],
            [
              -6687977.877236213,
              6633952.014814792
            ],
            [
              -6687977.877236213,
              6633839.385762688
            ],
            [
              -6688090.506288317,
              6633839.385762688
            ],
            [
              -6688090.506288317,
              6633614.127658479
            ],
            [
              -6688203.1353404205,
              6633614.127658479
            ],
            [
              -6688203.1353404205,
              6633388.869554271
            ],
            [
              -6688315.764392525,
              6633388.869554271
            ],
            [
              -6688315.764392525,
              6633276.240502167
            ],
            [
              -6688428.393444629,
              6633276.240502167
            ],
            [
              -6688428.393444629,
              6633163.611450062
            ],
            [
              -6688653.651548838,
              6633163.611450062
            ],
            [
              -6688653.651548838,
              6633050.982397958
            ],
            [
              -6688678.962892881,
              6633050.982397958
            ],
            [
              -6693665.158251811,
              6641047.645097363
            ]
          ]
        ]
      },
      "properties": {
        "station_id": "station_08"
      }
    },
    {
      "type": "Feature",
      "geometry": {
        "type": "MultiPolygon",
        "coordinates": [
          [
            [
              [
                -6708176.797598395,
                6578425.892127378
              ],
              [
                -6708588.993771297,
                6578425.892127378
              ],
              [
                -6708588.993771297,
                6578538.521179482
              ],
              [
                -6708814.251875506,
                6578538.521179482
              ],
              [
                -6708814.251875506,
                6578763.779283691
              ],
              [
                -6709940.542396548,
                6578763.779283691
              ],
              [
                -6709940.542396548,
                6578651.150231587
              ],
              [
                -6710391.058604966,
                6578651.150231587
              ],
              [
                -6710391.058604966,
                6578763.779283691
              ],
              [
                -6710503.68765707,
                6578763.779283691
              ],
              [
                -6710503.68765707,
                6578651.150231587
              ],
              [
                -6710728.945761278,
                6578651.150231587
              ],
              [
                -6710728.945761278,
                6578538.521179482
              ],
              [
                -6710841.574813383,
                6578538.521179482
              ],
              [
                -6710841.574813383,
                6578763.779283691
              ],
              [
                -6710728.945761278,
                6578763.779283691
              ],
              [
                -6710728.945761278,
                6579777.440752629
              ],
              [
                -6710841.574813383,
                6579777.440752629
              ],
              [
                -6710841.574813383,
                6579890.069804734
              ],
              [
                -6710728.945761278,
                6579890.069804734
              ],
              [
                -6710728.945761278,
                6580002.698856838
              ],
              [
                -6710702.159137923,
                6580002.698856838
              ],
              [
                -6708176.797598395,
                6578425.892127378
              ]
            ]
          ],
          [
            [
              [
                -6714490.201447218,
                6582367.908951028
              ],
              [
                -6714558.333532824,
                6582367.908951028
              ],
              [
                -6714558.333532824,
                6582142.650846819
              ],
              [
                -6714445.70448072,
                6582142.650846819
              ],
              [
                -6714445.70448072,
                6582030.021794715
              ],
              [
                -6714333.075428615,
                6582030.021794715
              ],
              [
                -6714333.075428615,
                6581692.134638403
              ],
              [
                -6714445.70448072,
                6581692.134638403
              ],
              [
                -6714445.70448072,
                6581579.505586298
              ],
              [
                -6714558.333532824,
                6581579.505586298
              ],
              [
                -6714558.333532824,
                6581692.134638403
              ],
              [
                -6714670.962584929,
                6581692.134638403
              ],
              [
                -6714896.2206891375,
                6581692.134638403
              ],
              [
                -6714896.2206891375,
                6581354.247482089
              ],
              [
                -6714783.591637033,
                6581354.247482089
              ],
              [
                -6714783.591637033,
                6581241.618429985
              ],
              [
                -6714896.2206891375,
                6581241.618429985
              ],
              [
                -6714896.2206891375,
                6581128.989377881
              ],
              [
                -6714783.591637033,
                6581128.989377881
              ],
              [
                -6714783.591637033,
                6580903.731273673
              ],
              [
                -6714896.2206891375,
                6580903.731273673
              ],
              [
                -6714896.2206891375,
                6580791.102221568
              ],
              [
                -6715008.849741242,
                6580791.102221568
              ],
              [
                -6715008.849741242,
                6580678.473169464
              ],
              [
                -6715121.478793345,
                6580678.473169464
              ],
              [
                -6715121.478793345,
                6580565.844117359
              ],
              [
                -6715234.10784545,
                6580565.844117359
              ],
              [
                -6715234.10784545,
                6580453.215065256
              ],
              [
                -6715346.736897554,
                6580453.215065256
              ],
              [
                -6715346.736897554,
                6580340.586013151
              ],
              [
                -6715459.365949659,
                6580340.586013151
              ],
              [
                -6715459.365949659,
                6580227.956961047
              ],
              [
                -6715571.995001763,
                6580227.956961047
              ],
              [
                -6715571.995001763,
                6580115.3279089425
              ],
              [
                -6717824.576043849,
                6580115.3279089425
              ],
              [
                -6717824.576043849,
                6580227.956961047
              ],
              [
                -6718162.463200161,
                6580227.956961047
              ],
              [
                -6718162.463200161,
                6580115.3279089425
              ],
              [
                -6718612.979408579,
                6580115.3279089425
              ],
              [
                -6718612.979408579,
                6580002.698856838
              ],
              [
                -6718725.608460683,
                6580002.698856838
              ],
              [
                -6718725.608460683,
                6579890.069804734
              ],
              [
                -6718838.237512787,
                6579890.069804734
              ],
              [
                -6718838.237512787,
                6580002.698856838
              ],
              [
                -6718950.866564891,
                6580002.698856838
              ],
              [
                -6718950.866564891,
                6580227.956961047
              ],
              [
                -6718838.237512787,
                6580227.956961047
              ],
              [
                -6718838.237512787,
                6580340.586013151
              ],
              [
                -6718725.608460683,
                6580340.586013151
              ],
              [
                -6718725.608460683,
                6580453.215065256
              ],
              [
                -6718612.979408579,
                6580453.215065256
              ],
              [
                -6718612.979408579,
                6580565.844117359
              ],
              [
                -6718387.72130437,
                6580565.844117359
              ],
              [
                -6718387.72130437,
                6580678.473169464
              ],
              [
                -6718162.463200161,
                6580678.473169464
              ],
              [
                -6718162.463200161,
                6580791.102221568
              ],
              [
                -6718049.834148058,
                6580791.102221568
              ],
              [
                -6718049.834148058,
                6580903.731273673
              ],
              [
                -6717937.205095953,
                6580903.731273673
              ],
              [
                -6717937.205095953,
                6581128.989377881
              ],
              [
                -6717937.205095953,
                6581354.247482089
              ],
              [
                -6717824.576043849,
                6581354.247482089
              ],
              [
                -6717824.576043849,
                6581466.876534194
              ],
              [
                -6717711.946991744,
                6581466.876534194
              ],
              [
                -6717711.946991744,
                6581579.505586298
              ],
              [
                -6717824.576043849,
                6581579.505586298
              ],
              [
                -6717824.576043849,
                6581917.3927426115
              ],
              [
                -6717937.205095953,
                6581917.3927426115
              ],
              [
                -6717937.205095953,
                6582255.279898924
              ],
              [
                -6717824.576043849,
                6582255.279898924
              ],
              [
                -6717824.576043849,
                6582480.538003133
              ],
              [
                -6717711.946991744,
                6582480.538003133
              ],
              [
                -6717711.946991744,
                6582593.167055237
              ],
              [
                -6717599.31793964,
                6582593.167055237
              ],
              [
                -6717599.31793964,
                6582705.796107341
              ],
              [
                -6717711.946991744,
                6582705.796107341
              ],
              [
                -6717711.946991744,
                6582818.425159445
              ],
              [
                -6717599.31793964,
                6582818.425159445
              ],
              [
                -6717599.31793964,
                6582931.054211549
              ],
              [
                -6717486.688887536,
                6582931.054211549
              ],
              [
                -6717486.688887536,
                6583043.683263654
              ],
              [
                -6717374.059835431,
                6583043.683263654
              ],
              [
                -6717374.059835431,
                6583156.312315758
              ],
              [
                -6717261.430783328,
                6583156.312315758
              ],
              [
                -6717261.430783328,
                6583268.941367863
              ],
              [
                -6716923.543627014,
                6583268.941367863
              ],
              [
                -6716923.543627014,
                6583381.570419967
              ],
              [
                -6716810.91457491,
                6583381.570419967
              ],
              [
                -6716810.91457491,
                6583494.199472071
              ],
              [
                -6716698.2855228055,
                6583494.199472071
              ],
              [
                -6716698.2855228055,
                6583606.828524175
              ],
              [
                -6716665.778302226,
                6583606.828524175
              ],
              [
                -6715906.58125126,
                6583252.280226795
              ],
              [
                -6715684.6240538675,
                6583113.69270298
              ],
              [
                -6715684.6240538675,
                6583043.683263654
              ],
              [
                -6715797.253105972,
                6583043.683263654
              ],
              [
                -6715797.253105972,
                6582931.054211549
              ],
              [
                -6716247.769314389,
                6582931.054211549
              ],
              [
                -6716247.769314389,
                6582818.425159445
              ],
              [
                -6716585.656470701,
                6582818.425159445
              ],
              [
                -6716585.656470701,
                6582705.796107341
              ],
              [
                -6716810.91457491,
                6582705.796107341
              ],
              [
                -6716810.91457491,
                6582593.167055237
              ],
              [
                -6716923.543627014,
                6582593.167055237
              ],
              [
                -6716923.543627014,
                6582480.538003133
              ],
              [
                -6717148.801731223,
                6582480.538003133
              ],
              [
                -6717148.801731223,
                6582367.908951028
              ],
              [
                -6717261.430783328,
                6582367.908951028
              ],
              [
                -6717261.430783328,
                6582142.650846819
              ],
              [
                -6717148.801731223,
                6582142.650846819
              ],
              [
                -6717148.801731223,
                6582255.279898924
              ],
              [
                -6717036.172679119,
                6582255.279898924
              ],
              [
                -6717036.172679119,
                6582142.650846819
              ],
              [
                -6716923.543627014,
                6582142.650846819
              ],
              [
                -6716923.543627014,
                6582030.021794715
              ],
              [
                -6716810.91457491,
                6582030.021794715
              ],
              [
                -6716810.91457491,
                6581917.3927426115
              ],
              [
                -6716698.2855228055,
                6581917.3927426115
              ],
              [
                -6716698.2855228055,
                6581804.763690507
              ],
              [
                -6716585.656470701,
                6581804.763690507
              ],
              [
                -6716585.656470701,
                6581692.134638403
              ],
              [
                -6716473.027418598,
                6581692.134638403
              ],
              [
                -6716473.027418598,
                6581579.505586298
              ],
              [
                -6716247.769314389,
                6581579.505586298
              ],
              [
                -6716247.769314389,
                6581466.876534194
              ],
              [
                -6716135.140262284,
                6581466.876534194
              ],
              [
                -6716135.140262284,
                6581579.505586298
              ],
              [
                -6715909.882158075,
                6581579.505586298
              ],
              [
                -6715909.882158075,
                6581692.134638403
              ],
              [
                -6715797.253105972,
                6581692.134638403
              ],
              [
                -6715797.253105972,
                6581804.763690507
              ],
              [
                -6715571.995001763,
                6581804.763690507
              ],
              [
                -6715571.995001763,
                6581917.3927426115
              ],
              [
                -6715459.365949659,
                6581917.3927426115
              ],
              [
                -6715459.365949659,
                6582030.021794715
              ],
              [
                -6714896.2206891375,
                6582030.021794715
              ],
              [
                -6714896.2206891375,
                6582255.279898924
              ],
              [
                -6715008.849741242,
                6582255.279898924
              ],
              [
                -6715008.849741242,
                6582691.746986668
              ],
              [
                -6714896.2206891375,
                6582621.422700616
              ],
              [
                -6714896.2206891375,
                6582593.167055237
              ],
              [
                -6714850.967381436,
                6582593.167055237
              ],
              [
                -6714670.962584929,
                6582480.774128512
              ],
              [
                -6714670.962584929,
                6582480.538003133
              ],
              [
                -6714670.584414327,
                6582480.538003133
              ],
              [
                -6714490.201447218,
                6582367.908951028
              ]
            ]
          ],
          [
            [
              [
                -6713206.784907573,
                6572456.552365851
              ],
              [
                -6713319.413959677,
                6572456.552365851
              ],
              [
                -6713319.413959677,
                6572569.181417955
              ],
              [
                -6713206.784907573,
                6572569.181417955
              ],
              [
                -6713206.784907573,
                6572456.552365851
              ]
            ]
          ],
          [
            [
              [
                -6713432.043011782,
                6572794.439522164
              ],
              [
                -6713544.672063886,
                6572794.439522164
              ],
              [
                -6713544.672063886,
                6573019.697626372
              ],
              [
                -6713432.043011782,
                6573019.697626372
              ],
              [
                -6713432.043011782,
                6572907.068574268
              ],
              [
                -6713319.413959677,
                6572907.068574268
              ],
              [
                -6713319.413959677,
                6572569.181417955
              ],
              [
                -6713432.043011782,
                6572569.181417955
              ],
              [
                -6713432.043011782,
                6572794.439522164
              ]
            ]
          ],
          [
            [
              [
                -6712080.4943865305,
                6573470.21383479
              ],
              [
                -6711967.865334426,
                6573470.21383479
              ],
              [
                -6711967.865334426,
                6573357.584782685
              ],
              [
                -6711855.236282322,
                6573357.584782685
              ],
              [
                -6711855.236282322,
                6573244.955730581
              ],
              [
                -6712080.4943865305,
                6573244.955730581
              ],
              [
                -6712080.4943865305,
                6573132.326678476
              ],
              [
                -6712418.381542843,
                6573132.326678476
              ],
              [
                -6712418.381542843,
                6573244.955730581
              ],
              [
                -6712643.639647052,
                6573244.955730581
              ],
              [
                -6712643.639647052,
                6573357.584782685
              ],
              [
                -6712756.268699156,
                6573357.584782685
              ],
              [
                -6712756.268699156,
                6573244.955730581
              ],
              [
                -6712981.526803364,
                6573244.955730581
              ],
              [
                -6712981.526803364,
                6573132.326678476
              ],
              [
                -6713544.672063886,
                6573132.326678476
              ],
              [
                -6713544.672063886,
                6573019.697626372
              ],
              [
                -6713657.30111599,
                6573019.697626372
              ],
              [
                -6713657.30111599,
                6573132.326678476
              ],
              [
                -6713769.930168094,
                6573132.326678476
              ],
              [
                -6713769.930168094,
                6573357.584782685
              ],
              [
                -6713882.559220199,
                6573357.584782685
              ],
              [
                -6713882.559220199,
                6573582.842886894
              ],
              [
                -6713995.188272303,
                6573582.842886894
              ],
              [
                -6713995.188272303,
                6573808.100991102
              ],
              [
                -6713882.559220199,
                6573808.100991102
              ],
              [
                -6713882.559220199,
                6574258.61719952
              ],
              [
                -6713769.930168094,
                6574258.61719952
              ],
              [
                -6713769.930168094,
                6574145.988147415
              ],
              [
                -6713657.30111599,
                6574145.988147415
              ],
              [
                -6713657.30111599,
                6574033.359095311
              ],
              [
                -6713544.672063886,
                6574033.359095311
              ],
              [
                -6713544.672063886,
                6573920.730043206
              ],
              [
                -6712193.123438634,
                6573920.730043206
              ],
              [
                -6712193.123438634,
                6573695.471938998
              ],
              [
                -6712080.4943865305,
                6573695.471938998
              ],
              [
                -6712080.4943865305,
                6573470.21383479
              ]
            ]
          ],
          [
            [
              [
                -6713995.188272303,
                6574258.61719952
              ],
              [
                -6713995.188272303,
                6574371.246251624
              ],
              [
                -6713882.559220199,
                6574371.246251624
              ],
              [
                -6713882.559220199,
                6574258.61719952
              ],
              [
                -6713995.188272303,
                6574258.61719952
              ]
            ]
          ],
          [
            [
              [
                -6713544.672063886,
                6574709.133407936
              ],
              [
                -6713544.672063886,
                6574596.504355832
              ],
              [
                -6713769.930168094,
                6574596.504355832
              ],
              [
                -6713769.930168094,
                6574483.875303728
              ],
              [
                -6713995.188272303,
                6574483.875303728
              ],
              [
                -6713995.188272303,
                6574371.246251624
              ],
              [
                -6714107.817324407,
                6574371.246251624
              ],
              [
                -6714107.817324407,
                6574483.875303728
              ],
              [
                -6714220.446376512,
                6574483.875303728
              ],
              [
                -6714220.446376512,
                6574821.762460041
              ],
              [
                -6714107.817324407,
                6574821.762460041
              ],
              [
                -6714107.817324407,
                6574709.133407936
              ],
              [
                -6713882.559220199,
                6574709.133407936
              ],
              [
                -6713882.559220199,
                6574821.762460041
              ],
              [
                -6713432.043011782,
                6574821.762460041
              ],
              [
                -6713432.043011782,
                6574709.133407936
              ],
              [
                -6713544.672063886,
                6574709.133407936
              ]
            ]
          ],
          [
            [
              [
                -6714220.446376512,
                6574821.762460041
              ],
              [
                -6714333.075428615,
                6574821.762460041
              ],
              [
                -6714333.075428615,
                6574934.391512145
              ],
              [
                -6714220.446376512,
                6574934.391512145
              ],
              [
                -6714220.446376512,
                6574821.762460041
              ]
            ]
          ],
          [
            [
              [
                -6714445.70448072,
                6575047.02056425
              ],
              [
                -6714333.075428615,
                6575047.02056425
              ],
              [
                -6714333.075428615,
                6574934.391512145
              ],
              [
                -6714445.70448072,
                6574934.391512145
              ],
              [
                -6714445.70448072,
                6575047.02056425
              ]
            ]
          ],
          [
            [
              [
                -6713206.784907573,
                6576961.714450022
              ],
              [
                -6713319.413959677,
                6576961.714450022
              ],
              [
                -6713319.413959677,
                6576623.82729371
              ],
              [
                -6713432.043011782,
                6576623.82729371
              ],
              [
                -6713432.043011782,
                6576511.198241605
              ],
              [
                -6713657.30111599,
                6576511.198241605
              ],
              [
                -6713657.30111599,
                6575835.42392898
              ],
              [
                -6713544.672063886,
                6575835.42392898
              ],
              [
                -6713544.672063886,
                6575722.794876875
              ],
              [
                -6713432.043011782,
                6575722.794876875
              ],
              [
                -6713432.043011782,
                6575497.5367726665
              ],
              [
                -6713319.413959677,
                6575497.5367726665
              ],
              [
                -6713319.413959677,
                6575384.907720562
              ],
              [
                -6713206.784907573,
                6575384.907720562
              ],
              [
                -6713206.784907573,
                6575272.278668458
              ],
              [
                -6713094.1558554685,
                6575272.278668458
              ],
              [
                -6713094.1558554685,
                6575159.649616354
              ],
              [
                -6712981.526803364,
                6575159.649616354
              ],
              [
                -6712981.526803364,
                6575047.02056425
              ],
              [
                -6713206.784907573,
                6575047.02056425
              ],
              [
                -6713206.784907573,
                6574934.391512145
              ],
              [
                -6713319.413959677,
                6574934.391512145
              ],
              [
                -6713319.413959677,
                6575047.02056425
              ],
              [
                -6713544.672063886,
                6575047.02056425
              ],
              [
                -6713544.672063886,
                6575159.649616354
              ],
              [
                -6714445.70448072,
                6575159.649616354
              ],
              [
                -6714445.70448072,
                6575047.02056425
              ],
              [
                -6714558.333532824,
                6575047.02056425
              ],
              [
                -6714558.333532824,
                6575159.649616354
              ],
              [
                -6714670.962584929,
                6575159.649616354
              ],
              [
                -6714670.962584929,
                6575384.907720562
              ],
              [
                -6714558.333532824,
                6575384.907720562
              ],
              [
                -6714558.333532824,
                6575835.42392898
              ],
              [
                -6714670.962584929,
                6575835.42392898
              ],
              [
                -6714670.962584929,
                6576173.311085292
              ],
              [
                -6714558.333532824,
                6576173.311085292
              ],
              [
                -6714558.333532824,
                6576285.940137397
              ],
              [
                -6714445.70448072,
                6576285.940137397
              ],
              [
                -6714445.70448072,
                6576398.569189501
              ],
              [
                -6714333.075428615,
                6576398.569189501
              ],
              [
                -6714333.075428615,
                6576623.82729371
              ],
              [
                -6714220.446376512,
                6576623.82729371
              ],
              [
                -6714220.446376512,
                6576849.085397918
              ],
              [
                -6714107.817324407,
                6576849.085397918
              ],
              [
                -6714107.817324407,
                6576961.714450022
              ],
              [
                -6713995.188272303,
                6576961.714450022
              ],
              [
                -6713995.188272303,
                6577074.343502127
              ],
              [
                -6713882.559220199,
                6577074.343502127
              ],
              [
                -6713882.559220199,
                6577186.972554231
              ],
              [
                -6713769.930168094,
                6577186.972554231
              ],
              [
                -6713769.930168094,
                6577299.6016063355
              ],
              [
                -6713657.30111599,
                6577299.6016063355
              ],
              [
                -6713657.30111599,
                6577186.972554231
              ],
              [
                -6713544.672063886,
                6577186.972554231
              ],
              [
                -6713544.672063886,
                6577299.6016063355
              ],
              [
                -6713432.043011782,
                6577299.6016063355
              ],
              [
                -6713432.043011782,
                6577412.23065844
              ],
              [
                -6713319.413959677,
                6577412.23065844
              ],
              [
                -6713319.413959677,
                6577637.488762648
              ],
              [
                -6713432.043011782,
                6577637.488762648
              ],
              [
                -6713432.043011782,
                6577862.746866857
              ],
              [
                -6713206.784907573,
                6577862.746866857
              ],
              [
                -6713206.784907573,
                6577637.488762648
              ],
              [
                -6713094.1558554685,
                6577637.488762648
              ],
              [
                -6713094.1558554685,
                6577412.23065844
              ],
              [
                -6712981.526803364,
                6577412.23065844
              ],
              [
                -6712981.526803364,
                6577186.972554231
              ],
              [
                -6713094.1558554685,
                6577186.972554231
              ],
              [
                -6713094.1558554685,
                6577074.343502127
              ],
              [
                -6713206.784907573,
                6577074.343502127
              ],
              [
                -6713206.784907573,
                6576961.714450022
              ]
            ]
          ],
          [
            [
              [
                -6713544.672063886,
                6577862.746866857
              ],
              [
                -6713544.672063886,
                6577975.375918961
              ],
              [
                -6713432.043011782,
                6577975.375918961
              ],
              [
                -6713432.043011782,
                6577862.746866857
              ],
              [
                -6713544.672063886,
                6577862.746866857
              ]
            ]
          ],
          [
            [
              [
                -6713544.672063886,
                6578313.2630752735
              ],
              [
                -6713544.672063886,
                6577975.375918961
              ],
              [
                -6713657.30111599,
                6577975.375918961
              ],
              [
                -6713657.30111599,
                6578313.2630752735
              ],
              [
                -6713544.672063886,
                6578313.2630752735
              ]
            ]
          ],
          [
            [
              [
                -6713995.188272303,
                6578876.408335796
              ],
              [
                -6713882.559220199,
                6578876.408335796
              ],
              [
                -6713882.559220199,
                6578989.037387899
              ],
              [
                -6713769.930168094,
                6578989.037387899
              ],
              [
                -6713769.930168094,
                6578876.408335796
              ],
              [
                -6713657.30111599,
                6578876.408335796
              ],
              [
                -6713657.30111599,
                6578313.2630752735
              ],
              [
                -6713769.930168094,
                6578313.2630752735
              ],
              [
                -6713769.930168094,
                6578651.150231587
              ],
              [
                -6713995.188272303,
                6578651.150231587
              ],
              [
                -6713995.188272303,
                6578876.408335796
              ]
            ]
          ],
          [
            [
              [
                -6713995.188272303,
                6578876.408335796
              ],
              [
                -6714107.817324407,
                6578876.408335796
              ],
              [
                -6714107.817324407,
                6578538.521179482
              ],
              [
                -6714445.70448072,
                6578538.521179482
              ],
              [
                -6714445.70448072,
                6578989.037387899
              ],
              [
                -6714333.075428615,
                6578989.037387899
              ],
              [
                -6714333.075428615,
                6579101.666440004
              ],
              [
                -6714107.817324407,
                6579101.666440004
              ],
              [
                -6714107.817324407,
                6578989.037387899
              ],
              [
                -6713995.188272303,
                6578989.037387899
              ],
              [
                -6713995.188272303,
                6578876.408335796
              ]
            ]
          ],
          [
            [
              [
                -6714445.70448072,
                6578989.037387899
              ],
              [
                -6714558.333532824,
                6578989.037387899
              ],
              [
                -6714558.333532824,
                6579101.666440004
              ],
              [
                -6714445.70448072,
                6579101.666440004
              ],
              [
                -6714445.70448072,
                6578989.037387899
              ]
            ]
          ],
          [
            [
              [
                -6714220.446376512,
                6580791.102221568
              ],
              [
                -6714220.446376512,
                6580227.956961047
              ],
              [
                -6713995.188272303,
                6580227.956961047
              ],
              [
                -6713995.188272303,
                6579777.440752629
              ],
              [
                -6714107.817324407,
                6579777.440752629
              ],
              [
                -6714107.817324407,
                6579552.182648421
              ],
              [
                -6714220.446376512,
                6579552.182648421
              ],
              [
                -6714220.446376512,
                6579439.553596317
              ],
              [
                -6714333.075428615,
                6579439.553596317
              ],
              [
                -6714333.075428615,
                6579214.295492108
              ],
              [
                -6714558.333532824,
                6579214.295492108
              ],
              [
                -6714558.333532824,
                6579101.666440004
              ],
              [
                -6714670.962584929,
                6579101.666440004
              ],
              [
                -6714670.962584929,
                6579214.295492108
              ],
              [
                -6714783.591637033,
                6579214.295492108
              ],
              [
                -6714783.591637033,
                6579777.440752629
              ],
              [
                -6714670.962584929,
                6579777.440752629
              ],
              [
                -6714670.962584929,
                6579890.069804734
              ],
              [
                -6714783.591637033,
                6579890.069804734
              ],
              [
                -6714783.591637033,
                6580340.586013151
              ],
              [
                -6714670.962584929,
                6580340.586013151
              ],
              [
                -6714670.962584929,
                6580453.215065256
              ],
              [
                -6714783.591637033,
                6580453.215065256
              ],
              [
                -6714783.591637033,
                6580565.844117359
              ],
              [
                -6714670.962584929,
                6580565.844117359
              ],
              [
                -6714670.962584929,
                6580791.102221568
              ],
              [
                -6714558.333532824,
                6580791.102221568
              ],
              [
                -6714558.333532824,
                6581128.989377881
              ],
              [
                -6714445.70448072,
                6581128.989377881
              ],
              [
                -6714445.70448072,
                6581241.618429985
              ],
              [
                -6714333.075428615,
                6581241.618429985
              ],
              [
                -6714333.075428615,
                6581466.876534194
              ],
              [
                -6714220.446376512,
                6581466.876534194
              ],
              [
                -6714220.446376512,
                6581241.618429985
              ],
              [
                -6713995.188272303,
                6581241.618429985
              ],
              [
                -6713995.188272303,
                6581128.989377881
              ],
              [
                -6714107.817324407,
                6581128.989377881
              ],
              [
                -6714107.817324407,
                6581016.360325777
              ],
              [
                -6714220.446376512,
                6581016.360325777
              ],
              [
                -6714220.446376512,
                6580903.731273673
              ],
              [
                -6714445.70448072,
                6580903.731273673
              ],
              [
                -6714445.70448072,
                6580791.102221568
              ],
              [
                -6714220.446376512,
                6580791.102221568
              ]
            ]
          ],
          [
            [
              [
                -6714333.075428615,
                6581466.876534194
              ],
              [
                -6714445.70448072,
                6581466.876534194
              ],
              [
                -6714445.70448072,
                6581579.505586298
              ],
              [
                -6714333.075428615,
                6581579.505586298
              ],
              [
                -6714333.075428615,
                6581466.876534194
              ]
            ]
          ],
          [
            [
              [
                -6711855.236282322,
                6571893.407105329
              ],
              [
                -6711855.236282322,
                6571780.778053225
              ],
              [
                -6712193.123438634,
                6571780.778053225
              ],
              [
                -6712193.123438634,
                6571668.149001121
              ],
              [
                -6712080.4943865305,
                6571668.149001121
              ],
              [
                -6712080.4943865305,
                6571555.519949016
              ],
              [
                -6711855.236282322,
                6571555.519949016
              ],
              [
                -6711855.236282322,
                6571442.890896913
              ],
              [
                -6711967.865334426,
                6571442.890896913
              ],
              [
                -6711967.865334426,
                6571330.261844808
              ],
              [
                -6710954.203865487,
                6571330.261844808
              ],
              [
                -6710954.203865487,
                6571217.632792704
              ],
              [
                -6710841.574813383,
                6571217.632792704
              ],
              [
                -6710841.574813383,
                6570879.7456363905
              ],
              [
                -6710728.945761278,
                6570879.7456363905
              ],
              [
                -6710728.945761278,
                6570316.600375869
              ],
              [
                -6710616.316709174,
                6570316.600375869
              ],
              [
                -6710616.316709174,
                6570091.34227166
              ],
              [
                -6710503.68765707,
                6570091.34227166
              ],
              [
                -6710503.68765707,
                6569978.713219557
              ],
              [
                -6710391.058604966,
                6569978.713219557
              ],
              [
                -6710391.058604966,
                6569866.0841674525
              ],
              [
                -6710278.4295528615,
                6569866.0841674525
              ],
              [
                -6710278.4295528615,
                6569753.455115348
              ],
              [
                -6710165.800500757,
                6569753.455115348
              ],
              [
                -6710165.800500757,
                6569640.826063244
              ],
              [
                -6710053.171448653,
                6569640.826063244
              ],
              [
                -6710053.171448653,
                6569528.197011139
              ],
              [
                -6710278.4295528615,
                6569528.197011139
              ],
              [
                -6710278.4295528615,
                6569640.826063244
              ],
              [
                -6710841.574813383,
                6569640.826063244
              ],
              [
                -6710841.574813383,
                6569753.455115348
              ],
              [
                -6710954.203865487,
                6569753.455115348
              ],
              [
                -6710954.203865487,
                6569866.0841674525
              ],
              [
                -6711179.461969696,
                6569866.0841674525
              ],
              [
                -6711179.461969696,
                6569753.455115348
              ],
              [
                -6711855.236282322,
                6569753.455115348
              ],
              [
                -6711855.236282322,
                6569866.0841674525
              ],
              [
                -6711967.865334426,
                6569866.0841674525
              ],
              [
                -6711967.865334426,
                6569978.713219557
              ],
              [
                -6712193.123438634,
                6569978.713219557
              ],
              [
                -6712193.123438634,
                6570767.116584286
              ],
              [
                -6712080.4943865305,
                6570767.116584286
              ],
              [
                -6712080.4943865305,
                6571442.890896913
              ],
              [
                -6712193.123438634,
                6571442.890896913
              ],
              [
                -6712193.123438634,
                6571555.519949016
              ],
              [
                -6712305.752490738,
                6571555.519949016
              ],
              [
                -6712305.752490738,
                6571780.778053225
              ],
              [
                -6712418.381542843,
                6571780.778053225
              ],
              [
                -6712418.381542843,
                6570654.487532183
              ],
              [
                -6712756.268699156,
                6570654.487532183
              ],
              [
                -6712756.268699156,
                6570541.858480078
              ],
              [
                -6712868.89775126,
                6570541.858480078
              ],
              [
                -6712868.89775126,
                6570429.229427974
              ],
              [
                -6713995.188272303,
                6570429.229427974
              ],
              [
                -6713995.188272303,
                6570767.116584286
              ],
              [
                -6713882.559220199,
                6570767.116584286
              ],
              [
                -6713882.559220199,
                6570879.7456363905
              ],
              [
                -6713769.930168094,
                6570879.7456363905
              ],
              [
                -6713769.930168094,
                6570992.374688495
              ],
              [
                -6713657.30111599,
                6570992.374688495
              ],
              [
                -6713657.30111599,
                6571105.003740599
              ],
              [
                -6713544.672063886,
                6571105.003740599
              ],
              [
                -6713544.672063886,
                6571217.632792704
              ],
              [
                -6713432.043011782,
                6571217.632792704
              ],
              [
                -6713432.043011782,
                6571330.261844808
              ],
              [
                -6713319.413959677,
                6571330.261844808
              ],
              [
                -6713319.413959677,
                6571442.890896913
              ],
              [
                -6713206.784907573,
                6571442.890896913
              ],
              [
                -6713206.784907573,
                6571555.519949016
              ],
              [
                -6713094.1558554685,
                6571555.519949016
              ],
              [
                -6713094.1558554685,
                6571668.149001121
              ],
              [
                -6712981.526803364,
                6571668.149001121
              ],
              [
                -6712981.526803364,
                6572006.036157434
              ],
              [
                -6713094.1558554685,
                6572006.036157434
              ],
              [
                -6713094.1558554685,
                6572118.665209538
              ],
              [
                -6713206.784907573,
                6572118.665209538
              ],
              [
                -6713206.784907573,
                6572456.552365851
              ],
              [
                -6712868.89775126,
                6572456.552365851
              ],
              [
                -6712868.89775126,
                6572343.923313746
              ],
              [
                -6712756.268699156,
                6572343.923313746
              ],
              [
                -6712756.268699156,
                6572231.294261642
              ],
              [
                -6712531.010594947,
                6572231.294261642
              ],
              [
                -6712531.010594947,
                6572118.665209538
              ],
              [
                -6712418.381542843,
                6572118.665209538
              ],
              [
                -6712418.381542843,
                6572006.036157434
              ],
              [
                -6712305.752490738,
                6572006.036157434
              ],
              [
                -6712305.752490738,
                6571893.407105329
              ],
              [
                -6711855.236282322,
                6571893.407105329
              ]
            ]
          ],
          [
            [
              [
                -6708251.106614985,
                6577186.972554231
              ],
              [
                -6708251.106614985,
                6577074.343502127
              ],
              [
                -6710053.171448653,
                6577074.343502127
              ],
              [
                -6710053.171448653,
                6577186.972554231
              ],
              [
                -6708363.735667088,
                6577186.972554231
              ],
              [
                -6708363.735667088,
                6577299.6016063355
              ],
              [
                -6708138.47756288,
                6577299.6016063355
              ],
              [
                -6708138.47756288,
                6577186.972554231
              ],
              [
                -6708251.106614985,
                6577186.972554231
              ]
            ]
          ],
          [
            [
              [
                -6710053.171448653,
                6577186.972554231
              ],
              [
                -6710165.800500757,
                6577186.972554231
              ],
              [
                -6710165.800500757,
                6577299.6016063355
              ],
              [
                -6710053.171448653,
                6577299.6016063355
              ],
              [
                -6710053.171448653,
                6577186.972554231
              ]
            ]
          ],
          [
            [
              [
                -6708138.47756288,
                6577299.6016063355
              ],
              [
                -6708138.47756288,
                6577412.23065844
              ],
              [
                -6710165.800500757,
                6577412.23065844
              ],
              [
                -6710165.800500757,
                6577299.6016063355
              ],
              [
                -6710278.4295528615,
                6577299.6016063355
              ],
              [
                -6710278.4295528615,
                6577412.23065844
              ],
              [
                -6710391.058604966,
                6577412.23065844
              ],
              [
                -6710391.058604966,
                6577750.117814752
              ],
              [
                -6710503.68765707,
                6577750.117814752
              ],
              [
                -6710503.68765707,
                6577975.375918961
              ],
              [
                -6710391.058604966,
                6577975.375918961
              ],
              [
                -6710391.058604966,
                6577862.746866857
              ],
              [
                -6710165.800500757,
                6577862.746866857
              ],
              [
                -6710165.800500757,
                6577750.117814752
              ],
              [
                -6710278.4295528615,
                6577750.117814752
              ],
              [
                -6710278.4295528615,
                6577524.859710543
              ],
              [
                -6707913.219458671,
                6577524.859710543
              ],
              [
                -6707913.219458671,
                6577412.23065844
              ],
              [
                -6708025.848510776,
                6577412.23065844
              ],
              [
                -6708025.848510776,
                6577299.6016063355
              ],
              [
                -6708138.47756288,
                6577299.6016063355
              ]
            ]
          ],
          [
            [
              [
                -6710503.68765707,
                6578200.63402317
              ],
              [
                -6710503.68765707,
                6577975.375918961
              ],
              [
                -6710616.316709174,
                6577975.375918961
              ],
              [
                -6710616.316709174,
                6578200.63402317
              ],
              [
                -6710503.68765707,
                6578200.63402317
              ]
            ]
          ],
          [
            [
              [
                -6710616.316709174,
                6578425.892127378
              ],
              [
                -6710503.68765707,
                6578425.892127378
              ],
              [
                -6710503.68765707,
                6578313.2630752735
              ],
              [
                -6710616.316709174,
                6578313.2630752735
              ],
              [
                -6710616.316709174,
                6578200.63402317
              ],
              [
                -6710728.945761278,
                6578200.63402317
              ],
              [
                -6710728.945761278,
                6578538.521179482
              ],
              [
                -6710616.316709174,
                6578538.521179482
              ],
              [
                -6710616.316709174,
                6578425.892127378
              ]
            ]
          ]
        ]
      },
      "properties": {
        "station_id": "station_09"
      }
    },
    {
      "type": "Feature",
      "geometry": {
        "type": "MultiPolygon",
        "coordinates": [
          [
            [
              [
                -6691647.372398726,
                6629221.594626412
              ],
              [
                -6691694.635955654,
                6629221.594626412
              ],
              [
                -6691694.635955654,
                6628996.336522204
              ],
              [
                -6691807.2650077585,
                6628996.336522204
              ],
              [
                -6691807.2650077585,
                6628883.707470099
              ],
              [
                -6691919.894059863,
                6628883.707470099
              ],
              [
                -6691919.894059863,
                6628771.078417995
              ],
              [
                -6692145.152164071,
                6628771.078417995
              ],
              [
                -6692145.152164071,
                6628658.449365891
              ],
              [
                -6692595.668372489,
                6628658.449365891
              ],
              [
                -6692595.668372489,
                6628545.820313786
              ],
              [
                -6692820.9264766965,
                6628545.820313786
              ],
              [
                -6692820.9264766965,
                6628433.191261682
              ],
              [
                -6692933.555528801,
                6628433.191261682
              ],
              [
                -6692933.555528801,
                6628320.562209578
              ],
              [
                -6693046.184580905,
                6628320.562209578
              ],
              [
                -6693046.184580905,
                6628095.304105369
              ],
              [
                -6693158.81363301,
                6628095.304105369
              ],
              [
                -6693158.81363301,
                6627982.675053265
              ],
              [
                -6693271.442685114,
                6627982.675053265
              ],
              [
                -6693271.442685114,
                6627757.416949056
              ],
              [
                -6693384.071737219,
                6627757.416949056
              ],
              [
                -6693384.071737219,
                6627532.158844848
              ],
              [
                -6693496.700789322,
                6627532.158844848
              ],
              [
                -6693496.700789322,
                6627419.529792744
              ],
              [
                -6693609.329841427,
                6627419.529792744
              ],
              [
                -6693609.329841427,
                6627306.900740639
              ],
              [
                -6693721.958893531,
                6627306.900740639
              ],
              [
                -6693721.958893531,
                6627194.271688535
              ],
              [
                -6693834.587945635,
                6627194.271688535
              ],
              [
                -6693834.587945635,
                6627081.64263643
              ],
              [
                -6694059.846049844,
                6627081.64263643
              ],
              [
                -6694059.846049844,
                6626969.013584326
              ],
              [
                -6694172.475101948,
                6626969.013584326
              ],
              [
                -6694172.475101948,
                6626856.3845322225
              ],
              [
                -6694285.104154052,
                6626856.3845322225
              ],
              [
                -6694285.104154052,
                6626743.755480118
              ],
              [
                -6694397.733206157,
                6626743.755480118
              ],
              [
                -6694397.733206157,
                6626631.126428014
              ],
              [
                -6694510.362258261,
                6626631.126428014
              ],
              [
                -6694510.362258261,
                6626518.497375909
              ],
              [
                -6694622.9913103655,
                6626518.497375909
              ],
              [
                -6694622.9913103655,
                6626405.868323805
              ],
              [
                -6694735.62036247,
                6626405.868323805
              ],
              [
                -6694735.62036247,
                6626293.2392717
              ],
              [
                -6694848.249414574,
                6626293.2392717
              ],
              [
                -6694848.249414574,
                6626067.981167492
              ],
              [
                -6694960.878466678,
                6626067.981167492
              ],
              [
                -6694960.878466678,
                6625955.352115388
              ],
              [
                -6694960.878466678,
                6625842.723063284
              ],
              [
                -6694960.878466678,
                6625730.094011179
              ],
              [
                -6695073.507518782,
                6625730.094011179
              ],
              [
                -6695073.507518782,
                6625617.464959075
              ],
              [
                -6695298.765622991,
                6625617.464959075
              ],
              [
                -6695298.765622991,
                6625504.83590697
              ],
              [
                -6695411.394675096,
                6625504.83590697
              ],
              [
                -6695411.394675096,
                6625392.206854866
              ],
              [
                -6695524.0237272,
                6625392.206854866
              ],
              [
                -6695524.0237272,
                6625279.577802762
              ],
              [
                -6695636.652779304,
                6625279.577802762
              ],
              [
                -6695636.652779304,
                6625166.948750658
              ],
              [
                -6695749.281831408,
                6625166.948750658
              ],
              [
                -6695861.910883512,
                6625166.948750658
              ],
              [
                -6695861.910883512,
                6624941.690646449
              ],
              [
                -6695974.539935617,
                6624941.690646449
              ],
              [
                -6695974.539935617,
                6624829.061594345
              ],
              [
                -6696087.168987721,
                6624829.061594345
              ],
              [
                -6696087.168987721,
                6624716.43254224
              ],
              [
                -6696087.168987721,
                6624603.803490137
              ],
              [
                -6695974.539935617,
                6624603.803490137
              ],
              [
                -6695974.539935617,
                6624491.174438032
              ],
              [
                -6695861.910883512,
                6624491.174438032
              ],
              [
                -6695861.910883512,
                6624378.545385928
              ],
              [
                -6695749.281831408,
                6624378.545385928
              ],
              [
                -6695749.281831408,
                6624265.916333823
              ],
              [
                -6695636.652779304,
                6624265.916333823
              ],
              [
                -6695636.652779304,
                6624153.287281719
              ],
              [
                -6695524.0237272,
                6624153.287281719
              ],
              [
                -6695524.0237272,
                6623928.02917751
              ],
              [
                -6695411.394675096,
                6623928.02917751
              ],
              [
                -6695411.394675096,
                6623815.400125407
              ],
              [
                -6695298.765622991,
                6623815.400125407
              ],
              [
                -6695298.765622991,
                6623026.996760677
              ],
              [
                -6695636.652779304,
                6623026.996760677
              ],
              [
                -6695636.652779304,
                6622914.367708572
              ],
              [
                -6695749.281831408,
                6622914.367708572
              ],
              [
                -6695749.281831408,
                6622801.738656468
              ],
              [
                -6695861.910883512,
                6622801.738656468
              ],
              [
                -6695861.910883512,
                6622463.8515001545
              ],
              [
                -6695974.539935617,
                6622463.8515001545
              ],
              [
                -6695974.539935617,
                6622351.222448051
              ],
              [
                -6696087.168987721,
                6622351.222448051
              ],
              [
                -6696087.168987721,
                6622463.8515001545
              ],
              [
                -6696425.056144034,
                6622463.8515001545
              ],
              [
                -6696425.056144034,
                6622576.480552259
              ],
              [
                -6696875.572352451,
                6622576.480552259
              ],
              [
                -6696875.572352451,
                6622463.8515001545
              ],
              [
                -6696988.201404556,
                6622463.8515001545
              ],
              [
                -6696988.201404556,
                6622351.222448051
              ],
              [
                -6697326.088560868,
                6622351.222448051
              ],
              [
                -6697326.088560868,
                6622238.593395947
              ],
              [
                -6697663.975717181,
                6622238.593395947
              ],
              [
                -6697663.975717181,
                6622351.222448051
              ],
              [
                -6698001.862873494,
                6622351.222448051
              ],
              [
                -6698001.862873494,
                6622315.892210373
              ],
              [
                -6701613.972713164,
                6628883.707470099
              ],
              [
                -6701605.992540832,
                6628883.707470099
              ],
              [
                -6701605.992540832,
                6628996.336522204
              ],
              [
                -6701493.363488727,
                6628996.336522204
              ],
              [
                -6701493.363488727,
                6629108.965574308
              ],
              [
                -6701042.84728031,
                6629108.965574308
              ],
              [
                -6701042.84728031,
                6628996.336522204
              ],
              [
                -6701155.476332414,
                6628996.336522204
              ],
              [
                -6701155.476332414,
                6628771.078417995
              ],
              [
                -6701268.105384518,
                6628771.078417995
              ],
              [
                -6701268.105384518,
                6628433.191261682
              ],
              [
                -6701155.476332414,
                6628433.191261682
              ],
              [
                -6701155.476332414,
                6628658.449365891
              ],
              [
                -6701042.84728031,
                6628658.449365891
              ],
              [
                -6701042.84728031,
                6628320.562209578
              ],
              [
                -6700817.589176102,
                6628320.562209578
              ],
              [
                -6700817.589176102,
                6628095.304105369
              ],
              [
                -6700367.072967684,
                6628095.304105369
              ],
              [
                -6700367.072967684,
                6628658.449365891
              ],
              [
                -6700254.4439155795,
                6628658.449365891
              ],
              [
                -6700254.4439155795,
                6628883.707470099
              ],
              [
                -6700141.814863475,
                6628883.707470099
              ],
              [
                -6700141.814863475,
                6629221.594626412
              ],
              [
                -6700029.185811372,
                6629221.594626412
              ],
              [
                -6700029.185811372,
                6629334.223678516
              ],
              [
                -6699916.556759267,
                6629334.223678516
              ],
              [
                -6699916.556759267,
                6629559.481782725
              ],
              [
                -6699803.927707163,
                6629559.481782725
              ],
              [
                -6699803.927707163,
                6629672.1108348295
              ],
              [
                -6699691.298655058,
                6629672.1108348295
              ],
              [
                -6699691.298655058,
                6629897.368939037
              ],
              [
                -6699803.927707163,
                6629897.368939037
              ],
              [
                -6699803.927707163,
                6629784.739886934
              ],
              [
                -6700029.185811372,
                6629784.739886934
              ],
              [
                -6700029.185811372,
                6629672.1108348295
              ],
              [
                -6701042.84728031,
                6629672.1108348295
              ],
              [
                -6701042.84728031,
                6629559.481782725
              ],
              [
                -6701155.476332414,
                6629559.481782725
              ],
              [
                -6701155.476332414,
                6629446.852730621
              ],
              [
                -6701605.992540832,
                6629446.852730621
              ],
              [
                -6701605.992540832,
                6629334.223678516
              ],
              [
                -6701718.621592935,
                6629334.223678516
              ],
              [
                -6701718.621592935,
                6629221.594626412
              ],
              [
                -6701799.800948848,
                6629221.594626412
              ],
              [
                -6705392.48017208,
                6635754.079648461
              ],
              [
                -6705322.751260273,
                6635754.079648461
              ],
              [
                -6705322.751260273,
                6635641.450596357
              ],
              [
                -6705210.122208169,
                6635641.450596357
              ],
              [
                -6705210.122208169,
                6635528.821544252
              ],
              [
                -6705097.493156064,
                6635528.821544252
              ],
              [
                -6705097.493156064,
                6635416.192492148
              ],
              [
                -6704984.86410396,
                6635416.192492148
              ],
              [
                -6704984.86410396,
                6635303.5634400435
              ],
              [
                -6704872.235051855,
                6635303.5634400435
              ],
              [
                -6704872.235051855,
                6635190.934387939
              ],
              [
                -6704759.605999751,
                6635190.934387939
              ],
              [
                -6704759.605999751,
                6635078.305335836
              ],
              [
                -6704646.976947647,
                6635078.305335836
              ],
              [
                -6704646.976947647,
                6634965.676283731
              ],
              [
                -6704534.347895543,
                6634965.676283731
              ],
              [
                -6704534.347895543,
                6634853.047231627
              ],
              [
                -6704421.718843439,
                6634853.047231627
              ],
              [
                -6704421.718843439,
                6634740.418179522
              ],
              [
                -6704309.089791334,
                6634740.418179522
              ],
              [
                -6704309.089791334,
                6634627.789127418
              ],
              [
                -6704196.46073923,
                6634627.789127418
              ],
              [
                -6704196.46073923,
                6634515.160075313
              ],
              [
                -6704083.831687125,
                6634515.160075313
              ],
              [
                -6704083.831687125,
                6634402.531023209
              ],
              [
                -6703971.202635021,
                6634402.531023209
              ],
              [
                -6703971.202635021,
                6634064.643866897
              ],
              [
                -6704083.831687125,
                6634064.643866897
              ],
              [
                -6704083.831687125,
                6633952.014814792
              ],
              [
                -6703971.202635021,
                6633952.014814792
              ],
              [
                -6703971.202635021,
                6633501.498606375
              ],
              [
                -6703858.573582917,
                6633501.498606375
              ],
              [
                -6703858.573582917,
                6633388.869554271
              ],
              [
                -6703971.202635021,
                6633388.869554271
              ],
              [
                -6703971.202635021,
                6633276.240502167
              ],
              [
                -6703858.573582917,
                6633276.240502167
              ],
              [
                -6703858.573582917,
                6633050.982397958
              ],
              [
                -6703745.944530813,
                6633050.982397958
              ],
              [
                -6703745.944530813,
                6632938.353345853
              ],
              [
                -6703633.315478709,
                6632938.353345853
              ],
              [
                -6703633.315478709,
                6632600.466189541
              ],
              [
                -6703520.686426604,
                6632600.466189541
              ],
              [
                -6703520.686426604,
                6632487.8371374365
              ],
              [
                -6703408.0573745,
                6632487.8371374365
              ],
              [
                -6703408.0573745,
                6632375.208085332
              ],
              [
                -6703295.428322395,
                6632375.208085332
              ],
              [
                -6703295.428322395,
                6632037.32092902
              ],
              [
                -6703182.799270291,
                6632037.32092902
              ],
              [
                -6703182.799270291,
                6632262.579033228
              ],
              [
                -6703070.170218187,
                6632262.579033228
              ],
              [
                -6703070.170218187,
                6632713.095241645
              ],
              [
                -6702957.541166083,
                6632713.095241645
              ],
              [
                -6702957.541166083,
                6632938.353345853
              ],
              [
                -6702844.9121139785,
                6632938.353345853
              ],
              [
                -6702844.9121139785,
                6633050.982397958
              ],
              [
                -6702732.283061874,
                6633050.982397958
              ],
              [
                -6702732.283061874,
                6633163.611450062
              ],
              [
                -6702619.65400977,
                6633163.611450062
              ],
              [
                -6702619.65400977,
                6633276.240502167
              ],
              [
                -6702507.024957665,
                6633276.240502167
              ],
              [
                -6702507.024957665,
                6633388.869554271
              ],
              [
                -6702394.395905561,
                6633388.869554271
              ],
              [
                -6702394.395905561,
                6633501.498606375
              ],
              [
                -6702281.766853457,
                6633501.498606375
              ],
              [
                -6702281.766853457,
                6633614.127658479
              ],
              [
                -6702169.137801353,
                6633614.127658479
              ],
              [
                -6702169.137801353,
                6633726.756710583
              ],
              [
                -6702056.508749248,
                6633726.756710583
              ],
              [
                -6702056.508749248,
                6633839.385762688
              ],
              [
                -6701943.879697144,
                6633839.385762688
              ],
              [
                -6701943.879697144,
                6633952.014814792
              ],
              [
                -6701831.25064504,
                6633952.014814792
              ],
              [
                -6701831.25064504,
                6634064.643866897
              ],
              [
                -6701718.621592935,
                6634064.643866897
              ],
              [
                -6701718.621592935,
                6634177.272919001
              ],
              [
                -6701605.992540832,
                6634177.272919001
              ],
              [
                -6701605.992540832,
                6634289.9019711055
              ],
              [
                -6701718.621592935,
                6634289.9019711055
              ],
              [
                -6701718.621592935,
                6634402.531023209
              ],
              [
                -6701605.992540832,
                6634402.531023209
              ],
              [
                -6701493.363488727,
                6634402.531023209
              ],
              [
                -6701493.363488727,
                6634515.160075313
              ],
              [
                -6701380.734436623,
                6634515.160075313
              ],
              [
                -6701380.734436623,
                6634627.789127418
              ],
              [
                -6701268.105384518,
                6634627.789127418
              ],
              [
                -6701268.105384518,
                6634740.418179522
              ],
              [
                -6701155.476332414,
                6634740.418179522
              ],
              [
                -6701155.476332414,
                6634853.047231627
              ],
              [
                -6701042.84728031,
                6634853.047231627
              ],
              [
                -6701042.84728031,
                6634965.676283731
              ],
              [
                -6700817.589176102,
                6634965.676283731
              ],
              [
                -6700817.589176102,
                6635078.305335836
              ],
              [
                -6700704.960123997,
                6635078.305335836
              ],
              [
                -6700704.960123997,
                6635190.934387939
              ],
              [
                -6700592.331071893,
                6635190.934387939
              ],
              [
                -6700592.331071893,
                6635528.821544252
              ],
              [
                -6700704.960123997,
                6635528.821544252
              ],
              [
                -6700704.960123997,
                6635641.450596357
              ],
              [
                -6700817.589176102,
                6635641.450596357
              ],
              [
                -6700817.589176102,
                6635754.079648461
              ],
              [
                -6700592.331071893,
                6635754.079648461
              ],
              [
                -6700592.331071893,
                6635866.708700565
              ],
              [
                -6700704.960123997,
                6635866.708700565
              ],
              [
                -6700704.960123997,
                6635979.337752669
              ],
              [
                -6701155.476332414,
                6635979.337752669
              ],
              [
                -6701155.476332414,
                6635866.708700565
              ],
              [
                -6701268.105384518,
                6635866.708700565
              ],
              [
                -6701268.105384518,
                6636091.966804774
              ],
              [
                -6701380.734436623,
                6636091.966804774
              ],
              [
                -6701380.734436623,
                6636204.595856878
              ],
              [
                -6701605.992540832,
                6636204.595856878
              ],
              [
                -6701605.992540832,
                6636317.224908982
              ],
              [
                -6701718.621592935,
                6636317.224908982
              ],
              [
                -6701718.621592935,
                6636767.741117399
              ],
              [
                -6701605.992540832,
                6636767.741117399
              ],
              [
                -6701605.992540832,
                6636655.112065295
              ],
              [
                -6701493.363488727,
                6636655.112065295
              ],
              [
                -6701493.363488727,
                6637443.515430025
              ],
              [
                -6701268.105384518,
                6637443.515430025
              ],
              [
                -6701268.105384518,
                6638682.435003173
              ],
              [
                -6701155.476332414,
                6638682.435003173
              ],
              [
                -6701155.476332414,
                6638907.6931073805
              ],
              [
                -6701042.84728031,
                6638907.6931073805
              ],
              [
                -6701042.84728031,
                6639245.580263694
              ],
              [
                -6700930.218228205,
                6639245.580263694
              ],
              [
                -6700930.218228205,
                6639921.354576319
              ],
              [
                -6700592.331071893,
                6639921.354576319
              ],
              [
                -6700592.331071893,
                6639808.725524215
              ],
              [
                -6700479.702019788,
                6639808.725524215
              ],
              [
                -6700479.702019788,
                6638907.6931073805
              ],
              [
                -6700367.072967684,
                6638907.6931073805
              ],
              [
                -6700367.072967684,
                6638795.064055277
              ],
              [
                -6700254.4439155795,
                6638795.064055277
              ],
              [
                -6700254.4439155795,
                6638682.435003173
              ],
              [
                -6700141.814863475,
                6638682.435003173
              ],
              [
                -6700141.814863475,
                6637105.6282737125
              ],
              [
                -6700254.4439155795,
                6637105.6282737125
              ],
              [
                -6700254.4439155795,
                6636655.112065295
              ],
              [
                -6700367.072967684,
                6636655.112065295
              ],
              [
                -6700367.072967684,
                6636429.853961087
              ],
              [
                -6700479.702019788,
                6636429.853961087
              ],
              [
                -6700479.702019788,
                6636204.595856878
              ],
              [
                -6700367.072967684,
                6636204.595856878
              ],
              [
                -6700367.072967684,
                6635641.450596357
              ],
              [
                -6700254.4439155795,
                6635641.450596357
              ],
              [
                -6700254.4439155795,
                6635528.821544252
              ],
              [
                -6700029.185811372,
                6635528.821544252
              ],
              [
                -6700029.185811372,
                6635416.192492148
              ],
              [
                -6699916.556759267,
                6635416.192492148
              ],
              [
                -6699916.556759267,
                6635303.5634400435
              ],
              [
                -6699803.927707163,
                6635303.5634400435
              ],
              [
                -6699803.927707163,
                6635190.934387939
              ],
              [
                -6699691.298655058,
                6635190.934387939
              ],
              [
                -6699691.298655058,
                6635078.305335836
              ],
              [
                -6699578.669602954,
                6635078.305335836
              ],
              [
                -6699578.669602954,
                6634965.676283731
              ],
              [
                -6699128.153394537,
                6634965.676283731
              ],
              [
                -6699128.153394537,
                6635078.305335836
              ],
              [
                -6699015.524342433,
                6635078.305335836
              ],
              [
                -6699015.524342433,
                6635190.934387939
              ],
              [
                -6698902.895290328,
                6635190.934387939
              ],
              [
                -6698902.895290328,
                6635303.5634400435
              ],
              [
                -6698677.637186119,
                6635303.5634400435
              ],
              [
                -6698677.637186119,
                6635416.192492148
              ],
              [
                -6698452.379081911,
                6635416.192492148
              ],
              [
                -6698452.379081911,
                6635528.821544252
              ],
              [
                -6697889.23382139,
                6635528.821544252
              ],
              [
                -6697889.23382139,
                6635416.192492148
              ],
              [
                -6697213.459508764,
                6635416.192492148
              ],
              [
                -6697213.459508764,
                6635303.5634400435
              ],
              [
                -6697100.83045666,
                6635303.5634400435
              ],
              [
                -6697100.83045666,
                6635190.934387939
              ],
              [
                -6696650.314248242,
                6635190.934387939
              ],
              [
                -6696650.314248242,
                6636317.224908982
              ],
              [
                -6696762.943300347,
                6636317.224908982
              ],
              [
                -6696762.943300347,
                6636429.853961087
              ],
              [
                -6696875.572352451,
                6636429.853961087
              ],
              [
                -6696875.572352451,
                6636542.483013191
              ],
              [
                -6696988.201404556,
                6636542.483013191
              ],
              [
                -6696988.201404556,
                6637443.515430025
              ],
              [
                -6696875.572352451,
                6637443.515430025
              ],
              [
                -6696875.572352451,
                6637556.144482129
              ],
              [
                -6696762.943300347,
                6637556.144482129
              ],
              [
                -6696762.943300347,
                6637668.773534234
              ],
              [
                -6696537.685196138,
                6637668.773534234
              ],
              [
                -6696537.685196138,
                6637781.402586338
              ],
              [
                -6696425.056144034,
                6637781.402586338
              ],
              [
                -6696425.056144034,
                6637894.031638443
              ],
              [
                -6696312.42709193,
                6637894.031638443
              ],
              [
                -6696312.42709193,
                6638006.660690547
              ],
              [
                -6696199.798039826,
                6638006.660690547
              ],
              [
                -6696199.798039826,
                6638231.918794755
              ],
              [
                -6696087.168987721,
                6638231.918794755
              ],
              [
                -6696087.168987721,
                6638344.547846859
              ],
              [
                -6695974.539935617,
                6638344.547846859
              ],
              [
                -6695974.539935617,
                6638457.176898964
              ],
              [
                -6695861.910883512,
                6638457.176898964
              ],
              [
                -6695861.910883512,
                6638569.805951068
              ],
              [
                -6695749.281831408,
                6638569.805951068
              ],
              [
                -6695749.281831408,
                6638682.435003173
              ],
              [
                -6695524.0237272,
                6638682.435003173
              ],
              [
                -6695524.0237272,
                6638795.064055277
              ],
              [
                -6695298.765622991,
                6638795.064055277
              ],
              [
                -6695298.765622991,
                6638907.6931073805
              ],
              [
                -6695186.136570887,
                6638907.6931073805
              ],
              [
                -6695186.136570887,
                6639020.322159485
              ],
              [
                -6695073.507518782,
                6639020.322159485
              ],
              [
                -6695073.507518782,
                6639132.951211589
              ],
              [
                -6694960.878466678,
                6639132.951211589
              ],
              [
                -6694960.878466678,
                6639245.580263694
              ],
              [
                -6694848.249414574,
                6639245.580263694
              ],
              [
                -6694848.249414574,
                6639358.209315798
              ],
              [
                -6694735.62036247,
                6639358.209315798
              ],
              [
                -6694735.62036247,
                6639470.838367903
              ],
              [
                -6694622.9913103655,
                6639470.838367903
              ],
              [
                -6694622.9913103655,
                6639583.467420007
              ],
              [
                -6694397.733206157,
                6639583.467420007
              ],
              [
                -6694397.733206157,
                6639696.096472111
              ],
              [
                -6694285.104154052,
                6639696.096472111
              ],
              [
                -6694285.104154052,
                6639921.354576319
              ],
              [
                -6694172.475101948,
                6639921.354576319
              ],
              [
                -6694172.475101948,
                6640033.983628424
              ],
              [
                -6694091.363423006,
                6640033.983628424
              ],
              [
                -6691647.372398726,
                6629221.594626412
              ]
            ],
            [
              [
                -6699691.298655058,
                6629446.852730621
              ],
              [
                -6699803.927707163,
                6629446.852730621
              ],
              [
                -6699803.927707163,
                6628996.336522204
              ],
              [
                -6699916.556759267,
                6628996.336522204
              ],
              [
                -6699916.556759267,
                6628658.449365891
              ],
              [
                -6700029.185811372,
                6628658.449365891
              ],
              [
                -6700029.185811372,
                6628545.820313786
              ],
              [
                -6700141.814863475,
                6628545.820313786
              ],
              [
                -6700141.814863475,
                6627644.787896952
              ],
              [
                -6699691.298655058,
                6627644.787896952
              ],
              [
                -6699691.298655058,
                6627757.416949056
              ],
              [
                -6699578.669602954,
                6627757.416949056
              ],
              [
                -6699578.669602954,
                6627644.787896952
              ],
              [
                -6698902.895290328,
                6627644.787896952
              ],
              [
                -6698902.895290328,
                6628320.562209578
              ],
              [
                -6698790.266238224,
                6628320.562209578
              ],
              [
                -6698790.266238224,
                6627419.529792744
              ],
              [
                -6698339.750029807,
                6627419.529792744
              ],
              [
                -6698339.750029807,
                6628433.191261682
              ],
              [
                -6698452.379081911,
                6628433.191261682
              ],
              [
                -6698452.379081911,
                6628545.820313786
              ],
              [
                -6698565.008134016,
                6628545.820313786
              ],
              [
                -6698565.008134016,
                6628658.449365891
              ],
              [
                -6698677.637186119,
                6628658.449365891
              ],
              [
                -6698677.637186119,
                6628771.078417995
              ],
              [
                -6698790.266238224,
                6628771.078417995
              ],
              [
                -6698790.266238224,
                6628883.707470099
              ],
              [
                -6698902.895290328,
                6628883.707470099
              ],
              [
                -6698902.895290328,
                6628996.336522204
              ],
              [
                -6699015.524342433,
                6628996.336522204
              ],
              [
                -6699015.524342433,
                6629221.594626412
              ],
              [
                -6699128.153394537,
                6629221.594626412
              ],
              [
                -6699128.153394537,
                6629897.368939037
              ],
              [
                -6699466.040550849,
                6629897.368939037
              ],
              [
                -6699466.040550849,
                6629784.739886934
              ],
              [
                -6699578.669602954,
                6629784.739886934
              ],
              [
                -6699578.669602954,
                6629672.1108348295
              ],
              [
                -6699691.298655058,
                6629672.1108348295
              ],
              [
                -6699691.298655058,
                6629446.852730621
              ]
            ],
            [
              [
                -6702732.283061874,
                6631248.91756429
              ],
              [
                -6702732.283061874,
                6631361.546616393
              ],
              [
                -6702844.9121139785,
                6631361.546616393
              ],
              [
                -6702844.9121139785,
                6631248.91756429
              ],
              [
                -6702732.283061874,
                6631248.91756429
              ]
            ]
          ],
          [
            [
              [
                -6705454.422917307,
                6635866.708700565
              ],
              [
                -6705435.380312377,
                6635866.708700565
              ],
              [
                -6705435.380312377,
                6635832.083975182
              ],
              [
                -6705454.422917307,
                6635866.708700565
              ]
            ]
          ],
          [
            [
              [
                -6701831.25064504,
                6634402.531023209
              ],
              [
                -6701831.25064504,
                6634515.160075313
              ],
              [
                -6701718.621592935,
                6634515.160075313
              ],
              [
                -6701718.621592935,
                6634402.531023209
              ],
              [
                -6701831.25064504,
                6634402.531023209
              ]
            ]
          ],
          [
            [
              [
                -6700704.960123997,
                6628320.562209578
              ],
              [
                -6700817.589176102,
                6628320.562209578
              ],
              [
                -6700817.589176102,
                6628433.191261682
              ],
              [
                -6700704.960123997,
                6628433.191261682
              ],
              [
                -6700704.960123997,
                6628320.562209578
              ]
            ]
          ]
        ]
      },
      "properties": {
        "station_id": "station_10"
      }
    }
  ]
}