{
  "type": "FeatureCollection",
  "features": [
    {
      "type": "Feature",
      "geometry": {
        "type": "LineString",
        "coordinates": [
          [
            -6713150.470381521,
            6577806.4323408045
          ],
          [
            -6713263.099433625,
            6577806.4323408045
          ],
          [
            -6713375.72848573,
            6577806.4323408045
          ],
          [
            -6713488.357537834,
            6577919.061392909
          ],
          [
            -6713600.9865899375,
            6578031.690445013
          ],
          [
            -6713600.9865899375,
            6578144.319497118
          ],
          [
            -6713600.9865899375,
            6578256.948549221
          ],
          [
            -6713713.615642042,
            6578369.577601326
          ],
          [
            -6713713.615642042,
            6578482.20665343
          ],
          [
            -6713713.615642042,
            6578594.835705535
          ],
          [
            -6713713.615642042,
            6578707.464757639
          ],
          [
            -6713713.615642042,
            6578820.093809743
          ],
          [
            -6713826.244694146,
            6578932.722861848
          ],
          [
            -6713938.873746251,
            6578820.093809743
          ],
          [
            -6714051.502798355,
            6578932.722861848
          ],
          [
            -6714164.13185046,
            6579045.351913951
          ],
          [
            -6714276.760902564,
            6579045.351913951
          ],
          [
            -6714389.389954668,
            6578932.722861848
          ],
          [
            -6714502.019006772,
            6579045.351913951
          ],
          [
            -6714614.648058876,
            6579157.980966056
          ],
          [
            -6714727.277110981,
            6579270.61001816
          ],
          [
            -6714727.277110981,
            6579383.239070265
          ],
          [
            -6714727.277110981,
            6579495.868122369
          ],
          [
            -6714727.277110981,
            6579608.4971744735
          ],
          [
            -6714727.277110981,
            6579721.126226577
          ],
          [
            -6714614.648058876,
            6579833.755278681
          ]
        ]
      },
      "properties": {
        "segment_id": "P2_sub33",
        "zone_id": "P2",
        "subzone_id": "P2_sub33",
        "length_m": 3375.5560733921175,
        "slope": 0.012576052938246868,
        "drop_m": 42.451171875,
        "downstream_id": "P2_sub13",
        "upstream_ids": []
      }
    },
    {
      "type": "Feature",
      "geometry": {
        "type": "LineString",
        "coordinates": [
          [
            -6712249.437964686,
            6571949.721631382
          ],
          [
            -6712362.067016791,
            6571949.721631382
          ],
          [
            -6712474.696068895,
            6572062.350683486
          ],
          [
            -6712587.3251209995,
            6572174.9797355905
          ],
          [
            -6712699.954173104,
            6572174.9797355905
          ],
          [
            -6712812.583225208,
            6572287.608787694
          ],
          [
            -6712925.212277312,
            6572400.237839798
          ],
          [
            -6713037.841329416,
            6572400.237839798
          ],
          [
            -6713150.470381521,
            6572400.237839798
          ],
          [
            -6713263.099433625,
            6572512.866891903
          ],
          [
            -6713375.72848573,
            6572625.495944007
          ],
          [
            -6713375.72848573,
            6572738.124996112
          ],
          [
            -6713488.357537834,
            6572850.754048216
          ],
          [
            -6713488.357537834,
            6572963.38310032
          ],
          [
            -6713600.9865899375,
            6573076.012152424
          ],
          [
            -6713713.615642042,
            6573188.6412045285
          ],
          [
            -6713713.615642042,
            6573301.270256633
          ],
          [
            -6713826.244694146,
            6573413.899308737
          ],
          [
            -6713826.244694146,
            6573526.528360842
          ],
          [
            -6713938.873746251,
            6573639.157412946
          ],
          [
            -6713938.873746251,
            6573751.78646505
          ],
          [
            -6713826.244694146,
            6573864.415517154
          ],
          [
            -6713826.244694146,
            6573977.044569259
          ],
          [
            -6713826.244694146,
            6574089.673621363
          ],
          [
            -6713826.244694146,
            6574202.302673467
          ],
          [
            -6713938.873746251,
            6574314.931725572
          ],
          [
            -6714051.502798355,
            6574427.560777676
          ],
          [
            -6714164.13185046,
            6574540.18982978
          ],
          [
            -6714164.13185046,
            6574652.818881884
          ],
          [
            -6714164.13185046,
            6574765.447933989
          ],
          [
            -6714276.760902564,
            6574878.076986093
          ],
          [
            -6714389.389954668,
            6574990.7060381975
          ],
          [
            -6714502.019006772,
            6575103.335090302
          ],
          [
            -6714614.648058876,
            6575215.964142406
          ],
          [
            -6714614.648058876,
            6575328.59319451
          ],
          [
            -6714502.019006772,
            6575441.222246614
          ],
          [
            -6714502.019006772,
            6575553.851298719
          ],
          [
            -6714502.019006772,
            6575666.480350823
          ],
          [
            -6714502.019006772,
            6575779.109402928
          ],
          [
            -6714614.648058876,
            6575891.738455032
          ],
          [
            -6714614.648058876,
            6576004.3675071355
          ],
          [
            -6714614.648058876,
            6576116.99655924
          ],
          [
            -6714502.019006772,
            6576229.625611344
          ],
          [
            -6714389.389954668,
            6576342.254663449
          ],
          [
            -6714276.760902564,
            6576454.883715553
          ],
          [
            -6714276.760902564,
            6576567.512767658
          ],
          [
            -6714164.13185046,
            6576680.141819762
          ],
          [
            -6714164.13185046,
            6576792.770871866
          ],
          [
            -6714051.502798355,
            6576905.39992397
          ],
          [
            -6713938.873746251,
            6577018.028976074
          ],
          [
            -6713826.244694146,
            6577130.658028179
          ],
          [
            -6713713.615642042,
            6577243.287080283
          ],
          [
            -6713600.9865899375,
            6577130.658028179
          ],
          [
            -6713488.357537834,
            6577243.287080283
          ],
          [
            -6713375.72848573,
            6577355.916132388
          ],
          [
            -6713263.099433625,
            6577468.545184491
          ],
          [
            -6713263.099433625,
            6577581.174236596
          ],
          [
            -6713263.099433625,
            6577693.8032887
          ],
          [
            -6713263.099433625,
            6577806.4323408045
          ],
          [
            -6713375.72848573,
            6577806.4323408045
          ],
          [
            -6713488.357537834,
            6577919.061392909
          ],
          [
            -6713600.9865899375,
            6578031.690445013
          ],
          [
            -6713600.9865899375,
            6578144.319497118
          ],
          [
            -6713600.9865899375,
            6578256.948549221
          ],
          [
            -6713713.615642042,
            6578369.577601326
          ],
          [
            -6713713.615642042,
            6578482.20665343
          ],
          [
            -6713713.615642042,
            6578594.835705535
          ],
          [
            -6713713.615642042,
            6578707.464757639
          ],
          [
            -6713713.615642042,
            6578820.093809743
          ],
          [
            -6713826.244694146,
            6578932.722861848
          ],
          [
            -6713938.873746251,
            6578820.093809743
          ],
          [
            -6714051.502798355,
            6578932.722861848
          ],
          [
            -6714164.13185046,
            6579045.351913951
          ],
          [
            -6714276.760902564,
            6579045.351913951
          ],
          [
            -6714389.389954668,
            6578932.722861848
          ],
          [
            -6714502.019006772,
            6579045.351913951
          ],
          [
            -6714614.648058876,
            6579157.980966056
          ],
          [
            -6714727.277110981,
            6579270.61001816
          ],
          [
            -6714727.277110981,
            6579383.239070265
          ],
          [
            -6714727.277110981,
            6579495.868122369
          ],
          [
            -6714727.277110981,
            6579608.4971744735
          ],
          [
            -6714727.277110981,
            6579721.126226577
          ],
          [
            -6714614.648058876,
            6579833.755278681
          ]
        ]
      },
      "properties": {
        "segment_id": "P2_sub40",
        "zone_id": "P2",
        "subzone_id": "P2_sub40",
        "length_m": 11334.943912997658,
        "slope": 0.013192231410473225,
        "drop_m": 149.533203125,
        "downstream_id": "P2_sub13",
        "upstream_ids": []
      }
    },
    {
      "type": "Feature",
      "geometry": {
        "type": "LineString",
        "coordinates": [
          [
            -6712699.954173104,
            6569922.398693505
          ],
          [
            -6712587.3251209995,
            6570035.027745608
          ],
          [
            -6712587.3251209995,
            6570147.656797713
          ],
          [
            -6712474.696068895,
            6570260.285849817
          ],
          [
            -6712474.696068895,
            6570372.9149019215
          ],
          [
            -6712474.696068895,
            6570485.543954026
          ],
          [
            -6712474.696068895,
            6570598.17300613
          ],
          [
            -6712362.067016791,
            6570710.802058235
          ],
          [
            -6712249.437964686,
            6570823.431110338
          ],
          [
            -6712249.437964686,
            6570936.060162443
          ],
          [
            -6712136.808912582,
            6571048.689214547
          ],
          [
            -6712024.179860478,
            6571161.318266652
          ],
          [
            -6712024.179860478,
            6571273.947318756
          ],
          [
            -6712024.179860478,
            6571386.57637086
          ],
          [
            -6712136.808912582,
            6571499.205422964
          ],
          [
            -6712249.437964686,
            6571611.834475068
          ],
          [
            -6712249.437964686,
            6571724.463527173
          ],
          [
            -6712362.067016791,
            6571837.092579277
          ],
          [
            -6712362.067016791,
            6571949.721631382
          ],
          [
            -6712474.696068895,
            6572062.350683486
          ],
          [
            -6712587.3251209995,
            6572174.9797355905
          ],
          [
            -6712699.954173104,
            6572174.9797355905
          ],
          [
            -6712812.583225208,
            6572287.608787694
          ],
          [
            -6712925.212277312,
            6572400.237839798
          ],
          [
            -6713037.841329416,
            6572400.237839798
          ],
          [
            -6713150.470381521,
            6572400.237839798
          ],
          [
            -6713263.099433625,
            6572512.866891903
          ],
          [
            -6713375.72848573,
            6572625.495944007
          ],
          [
            -6713375.72848573,
            6572738.124996112
          ],
          [
            -6713488.357537834,
            6572850.754048216
          ],
          [
            -6713488.357537834,
            6572963.38310032
          ],
          [
            -6713600.9865899375,
            6573076.012152424
          ],
          [
            -6713713.615642042,
            6573188.6412045285
          ],
          [
            -6713713.615642042,
            6573301.270256633
          ],
          [
            -6713826.244694146,
            6573413.899308737
          ],
          [
            -6713826.244694146,
            6573526.528360842
          ],
          [
            -6713938.873746251,
            6573639.157412946
          ],
          [
            -6713938.873746251,
            6573751.78646505
          ],
          [
            -6713826.244694146,
            6573864.415517154
          ],
          [
            -6713826.244694146,
            6573977.044569259
          ],
          [
            -6713826.244694146,
            6574089.673621363
          ],
          [
            -6713826.244694146,
            6574202.302673467
          ],
          [
            -6713938.873746251,
            6574314.931725572
          ],
          [
            -6714051.502798355,
            6574427.560777676
          ],
          [
            -6714164.13185046,
            6574540.18982978
          ],
          [
            -6714164.13185046,
            6574652.818881884
          ],
          [
            -6714164.13185046,
            6574765.447933989
          ],
          [
            -6714276.760902564,
            6574878.076986093
          ],
          [
            -6714389.389954668,
            6574990.7060381975
          ],
          [
            -6714502.019006772,
            6575103.335090302
          ],
          [
            -6714614.648058876,
            6575215.964142406
          ],
          [
            -6714614.648058876,
            6575328.59319451
          ],
          [
            -6714502.019006772,
            6575441.222246614
          ],
          [
            -6714502.019006772,
            6575553.851298719
          ],
          [
            -6714502.019006772,
            6575666.480350823
          ],
          [
            -6714502.019006772,
            6575779.109402928
          ],
          [
            -6714614.648058876,
            6575891.738455032
          ],
          [
            -6714614.648058876,
            6576004.3675071355
          ],
          [
            -6714614.648058876,
            6576116.99655924
          ],
          [
            -6714502.019006772,
            6576229.625611344
          ],
          [
            -6714389.389954668,
            6576342.254663449
          ],
          [
            -6714276.760902564,
            6576454.883715553
          ],
          [
            -6714276.760902564,
            6576567.512767658
          ],
          [
            -6714164.13185046,
            6576680.141819762
          ],
          [
            -6714164.13185046,
            6576792.770871866
          ],
          [
            -6714051.502798355,
            6576905.39992397
          ],
          [
            -6713938.873746251,
            6577018.028976074
          ],
          [
            -6713826.244694146,
            6577130.658028179
          ],
          [
            -6713713.615642042,
            6577243.287080283
          ],
          [
            -6713600.9865899375,
            6577130.658028179
          ],
          [
            -6713488.357537834,
            6577243.287080283
          ],
          [
            -6713375.72848573,
            6577355.916132388
          ],
          [
            -6713263.099433625,
            6577468.545184491
          ],
          [
            -6713263.099433625,
            6577581.174236596
          ],
          [
            -6713263.099433625,
            6577693.8032887
          ],
          [
            -6713263.099433625,
            6577806.4323408045
          ],
          [
            -6713375.72848573,
            6577806.4323408045
          ],
          [
            -6713488.357537834,
            6577919.061392909
          ],
          [
            -6713600.9865899375,
            6578031.690445013
          ],
          [
            -6713600.9865899375,
            6578144.319497118
          ],
          [
            -6713600.9865899375,
            6578256.948549221
          ],
          [
            -6713713.615642042,
            6578369.577601326
          ],
          [
            -6713713.615642042,
            6578482.20665343
          ],
          [
            -6713713.615642042,
            6578594.835705535
          ],
          [
            -6713713.615642042,
            6578707.464757639
          ],
          [
            -6713713.615642042,
            6578820.093809743
          ],
          [
            -6713826.244694146,
            6578932.722861848
          ],
          [
            -6713938.873746251,
            6578820.093809743
          ],
          [
            -6714051.502798355,
            6578932.722861848
          ],
          [
            -6714164.13185046,
            6579045.351913951
          ],
          [
            -6714276.760902564,
            6579045.351913951
          ],
          [
            -6714389.389954668,
            6578932.722861848
          ],
          [
            -6714502.019006772,
            6579045.351913951
          ],
          [
            -6714614.648058876,
            6579157.980966056
          ],
          [
            -6714727.277110981,
            6579270.61001816
          ],
          [
            -6714727.277110981,
            6579383.239070265
          ],
          [
            -6714727.277110981,
            6579495.868122369
          ],
          [
            -6714727.277110981,
            6579608.4971744735
          ],
          [
            -6714727.277110981,
            6579721.126226577
          ],
          [
            -6714614.648058876,
            6579833.755278681
          ]
        ]
      },
      "properties": {
        "segment_id": "P2_sub43",
        "zone_id": "P2",
        "subzone_id": "P2_sub43",
        "length_m": 13669.510126859564,
        "slope": 0.019381852548388832,
        "drop_m": 264.9404296875,
        "downstream_id": "P2_sub13",
        "upstream_ids": []
      }
    },
    {
      "type": "Feature",
      "geometry": {
        "type": "LineString",
        "coordinates": [
          [
            -6713488.357537834,
            6572512.866891903
          ],
          [
            -6713375.72848573,
            6572625.495944007
          ],
          [
            -6713375.72848573,
            6572738.124996112
          ],
          [
            -6713488.357537834,
            6572850.754048216
          ],
          [
            -6713488.357537834,
            6572963.38310032
          ],
          [
            -6713600.9865899375,
            6573076.012152424
          ],
          [
            -6713713.615642042,
            6573188.6412045285
          ],
          [
            -6713713.615642042,
            6573301.270256633
          ],
          [
            -6713826.244694146,
            6573413.899308737
          ],
          [
            -6713826.244694146,
            6573526.528360842
          ],
          [
            -6713938.873746251,
            6573639.157412946
          ],
          [
            -6713938.873746251,
            6573751.78646505
          ],
          [
            -6713826.244694146,
            6573864.415517154
          ],
          [
            -6713826.244694146,
            6573977.044569259
          ],
          [
            -6713826.244694146,
            6574089.673621363
          ],
          [
            -6713826.244694146,
            6574202.302673467
          ],
          [
            -6713938.873746251,
            6574314.931725572
          ],
          [
            -6714051.502798355,
            6574427.560777676
          ],
          [
            -6714164.13185046,
            6574540.18982978
          ],
          [
            -6714164.13185046,
            6574652.818881884
          ],
          [
            -6714164.13185046,
            6574765.447933989
          ],
          [
            -6714276.760902564,
            6574878.076986093
          ],
          [
            -6714389.389954668,
            6574990.7060381975
          ],
          [
            -6714502.019006772,
            6575103.335090302
          ],
          [
            -6714614.648058876,
            6575215.964142406
          ],
          [
            -6714614.648058876,
            6575328.59319451
          ],
          [
            -6714502.019006772,
            6575441.222246614
          ],
          [
            -6714502.019006772,
            6575553.851298719
          ],
          [
            -6714502.019006772,
            6575666.480350823
          ],
          [
            -6714502.019006772,
            6575779.109402928
          ],
          [
            -6714614.648058876,
            6575891.738455032
          ],
          [
            -6714614.648058876,
            6576004.3675071355
          ],
          [
            -6714614.648058876,
            6576116.99655924
          ],
          [
            -6714502.019006772,
            6576229.625611344
          ],
          [
            -6714389.389954668,
            6576342.254663449
          ],
          [
            -6714276.760902564,
            6576454.883715553
          ],
          [
            -6714276.760902564,
            6576567.512767658
          ],
          [
            -6714164.13185046,
            6576680.141819762
          ],
          [
            -6714164.13185046,
            6576792.770871866
          ],
          [
            -6714051.502798355,
            6576905.39992397
          ],
          [
            -6713938.873746251,
            6577018.028976074
          ],
          [
            -6713826.244694146,
            6577130.658028179
          ],
          [
            -6713713.615642042,
            6577243.287080283
          ],
          [
            -6713600.9865899375,
            6577130.658028179
          ],
          [
            -6713488.357537834,
            6577243.287080283
          ],
          [
            -6713375.72848573,
            6577355.916132388
          ],
          [
            -6713263.099433625,
            6577468.545184491
          ],
          [
            -6713263.099433625,
            6577581.174236596
          ],
          [
            -6713263.099433625,
            6577693.8032887
          ],
          [
            -6713263.099433625,
            6577806.4323408045
          ],
          [
            -6713375.72848573,
            6577806.4323408045
          ],
          [
            -6713488.357537834,
            6577919.061392909
          ],
          [
            -6713600.9865899375,
            6578031.690445013
          ],
          [
            -6713600.9865899375,
            6578144.319497118
          ],
          [
            -6713600.9865899375,
            6578256.948549221
          ],
          [
            -6713713.615642042,
            6578369.577601326
          ],
          [
            -6713713.615642042,
            6578482.20665343
          ],
          [
            -6713713.615642042,
            6578594.835705535
          ],
          [
            -6713713.615642042,
            6578707.464757639
          ],
          [
            -6713713.615642042,
            6578820.093809743
          ],
          [
            -6713826.244694146,
            6578932.722861848
          ],
          [
            -6713938.873746251,
            6578820.093809743
          ],
          [
            -6714051.502798355,
            6578932.722861848
          ],
          [
            -6714164.13185046,
            6579045.351913951
          ],
          [
            -6714276.760902564,
            6579045.351913951
          ],
          [
            -6714389.389954668,
            6578932.722861848
          ],
          [
            -6714502.019006772,
            6579045.351913951
          ],
          [
            -6714614.648058876,
            6579157.980966056
          ],
          [
            -6714727.277110981,
            6579270.61001816
          ],
          [
            -6714727.277110981,
            6579383.239070265
          ],
          [
            -6714727.277110981,
            6579495.868122369
          ],
          [
            -6714727.277110981,
            6579608.4971744735
          ],
          [
            -6714727.277110981,
            6579721.126226577
          ],
          [
            -6714614.648058876,
            6579833.755278681
          ]
        ]
      },
      "properties": {
        "segment_id": "P2_sub48",
        "zone_id": "P2",
        "subzone_id": "P2_sub48",
        "length_m": 10088.020039564719,
        "slope": 0.012144277892937866,
        "drop_m": 122.51171875,
        "downstream_id": "P2_sub13",
        "upstream_ids": []
      }
    },
    {
      "type": "Feature",
      "geometry": {
        "type": "LineString",
        "coordinates": [
          [
            -6714614.648058876,
            6574990.7060381975
          ],
          [
            -6714502.019006772,
            6575103.335090302
          ],
          [
            -6714614.648058876,
            6575215.964142406
          ],
          [
            -6714614.648058876,
            6575328.59319451
          ],
          [
            -6714502.019006772,
            6575441.222246614
          ],
          [
            -6714502.019006772,
            6575553.851298719
          ],
          [
            -6714502.019006772,
            6575666.480350823
          ],
          [
            -6714502.019006772,
            6575779.109402928
          ],
          [
            -6714614.648058876,
            6575891.738455032
          ],
          [
            -6714614.648058876,
            6576004.3675071355
          ],
          [
            -6714614.648058876,
            6576116.99655924
          ],
          [
            -6714502.019006772,
            6576229.625611344
          ],
          [
            -6714389.389954668,
            6576342.254663449
          ],
          [
            -6714276.760902564,
            6576454.883715553
          ],
          [
            -6714276.760902564,
            6576567.512767658
          ],
          [
            -6714164.13185046,
            6576680.141819762
          ],
          [
            -6714164.13185046,
            6576792.770871866
          ],
          [
            -6714051.502798355,
            6576905.39992397
          ],
          [
            -6713938.873746251,
            6577018.028976074
          ],
          [
            -6713826.244694146,
            6577130.658028179
          ],
          [
            -6713713.615642042,
            6577243.287080283
          ],
          [
            -6713600.9865899375,
            6577130.658028179
          ],
          [
            -6713488.357537834,
            6577243.287080283
          ],
          [
            -6713375.72848573,
            6577355.916132388
          ],
          [
            -6713263.099433625,
            6577468.545184491
          ],
          [
            -6713263.099433625,
            6577581.174236596
          ],
          [
            -6713263.099433625,
            6577693.8032887
          ],
          [
            -6713263.099433625,
            6577806.4323408045
          ],
          [
            -6713375.72848573,
            6577806.4323408045
          ],
          [
            -6713488.357537834,
            6577919.061392909
          ],
          [
            -6713600.9865899375,
            6578031.690445013
          ],
          [
            -6713600.9865899375,
            6578144.319497118
          ],
          [
            -6713600.9865899375,
            6578256.948549221
          ],
          [
            -6713713.615642042,
            6578369.577601326
          ],
          [
            -6713713.615642042,
            6578482.20665343
          ],
          [
            -6713713.615642042,
            6578594.835705535
          ],
          [
            -6713713.615642042,
            6578707.464757639
          ],
          [
            -6713713.615642042,
            6578820.093809743
          ],
          [
            -6713826.244694146,
            6578932.722861848
          ],
          [
            -6713938.873746251,
            6578820.093809743
          ],
          [
            -6714051.502798355,
            6578932.722861848
          ],
          [
            -6714164.13185046,
            6579045.351913951
          ],
          [
            -6714276.760902564,
            6579045.351913951
          ],
          [
            -6714389.389954668,
            6578932.722861848
          ],
          [
            -6714502.019006772,
            6579045.351913951
          ],
          [
            -6714614.648058876,
            6579157.980966056
          ],
          [
            -6714727.277110981,
            6579270.61001816
          ],
          [
            -6714727.277110981,
            6579383.239070265
          ],
          [
            -6714727.277110981,
            6579495.868122369
          ],
          [
            -6714727.277110981,
            6579608.4971744735
          ],
          [
            -6714727.277110981,
            6579721.126226577
          ],
          [
            -6714614.648058876,
            6579833.755278681
          ]
        ]
      },
      "properties": {
        "segment_id": "P2_sub52",
        "zone_id": "P2",
        "subzone_id": "P2_sub52",
        "length_m": 7050.3511224845715,
        "slope": 0.01070882502882965,
        "drop_m": 75.5009765625,
        "downstream_id": "P2_sub13",
        "upstream_ids": []
      }
    },
    {
      "type": "Feature",
      "geometry": {
        "type": "LineString",
        "coordinates": [
          [
            -6718106.148674109,
            6585577.836936001
          ],
          [
            -6717993.5196220055,
            6585465.207883896
          ],
          [
            -6717880.890569901,
            6585352.578831792
          ],
          [
            -6717768.261517797,
            6585352.578831792
          ]
        ]
      },
      "properties": {
        "segment_id": "P2_sub60",
        "zone_id": "P2",
        "subzone_id": "P2_sub60",
        "length_m": 431.1921181103871,
        "slope": 0.035815495521294365,
        "drop_m": 15.443359375,
        "downstream_id": "P2_sub39",
        "upstream_ids": []
      }
    },
    {
      "type": "Feature",
      "geometry": {
        "type": "LineString",
        "coordinates": [
          [
            -6714614.648058876,
            6579833.755278681
          ],
          [
            -6714727.277110981,
            6579946.384330786
          ],
          [
            -6714727.277110981,
            6580059.01338289
          ],
          [
            -6714727.277110981,
            6580171.642434995
          ],
          [
            -6714727.277110981,
            6580284.271487099
          ],
          [
            -6714614.648058876,
            6580396.900539204
          ],
          [
            -6714727.277110981,
            6580509.529591307
          ],
          [
            -6714614.648058876,
            6580622.1586434115
          ],
          [
            -6714614.648058876,
            6580734.787695516
          ],
          [
            -6714502.019006772,
            6580734.787695516
          ],
          [
            -6714502.019006772,
            6580847.41674762
          ],
          [
            -6714502.019006772,
            6580960.045799725
          ],
          [
            -6714502.019006772,
            6581072.674851829
          ],
          [
            -6714389.389954668,
            6581185.303903934
          ],
          [
            -6714276.760902564,
            6581297.932956037
          ],
          [
            -6714276.760902564,
            6581410.562008142
          ],
          [
            -6714389.389954668,
            6581523.191060246
          ],
          [
            -6714502.019006772,
            6581635.82011235
          ],
          [
            -6714614.648058876,
            6581748.449164455
          ],
          [
            -6714502.019006772,
            6581861.078216559
          ],
          [
            -6714502.019006772,
            6581973.707268663
          ],
          [
            -6714502.019006772,
            6582086.336320767
          ],
          [
            -6714614.648058876,
            6582086.336320767
          ],
          [
            -6714727.277110981,
            6582086.336320767
          ],
          [
            -6714839.906163085,
            6582086.336320767
          ],
          [
            -6714839.906163085,
            6582198.965372872
          ],
          [
            -6714952.53521519,
            6582311.594424976
          ],
          [
            -6714952.53521519,
            6582424.22347708
          ],
          [
            -6714952.53521519,
            6582536.852529185
          ],
          [
            -6714952.53521519,
            6582649.481581289
          ],
          [
            -6714952.53521519,
            6582762.110633393
          ],
          [
            -6715065.164267294,
            6582874.739685497
          ],
          [
            -6715177.793319398,
            6582987.368737602
          ],
          [
            -6715065.164267294,
            6583099.997789706
          ],
          [
            -6715065.164267294,
            6583212.6268418105
          ],
          [
            -6714952.53521519,
            6583325.255893915
          ],
          [
            -6714952.53521519,
            6583437.884946019
          ],
          [
            -6714952.53521519,
            6583550.513998123
          ],
          [
            -6714839.906163085,
            6583663.143050227
          ],
          [
            -6714839.906163085,
            6583775.772102332
          ],
          [
            -6714727.277110981,
            6583888.401154436
          ],
          [
            -6714727.277110981,
            6584001.030206541
          ],
          [
            -6714727.277110981,
            6584113.659258645
          ],
          [
            -6714614.648058876,
            6584226.2883107485
          ],
          [
            -6714614.648058876,
            6584338.917362853
          ],
          [
            -6714727.277110981,
            6584451.546414957
          ],
          [
            -6714727.277110981,
            6584564.175467062
          ],
          [
            -6714727.277110981,
            6584676.804519166
          ],
          [
            -6714839.906163085,
            6584789.433571271
          ],
          [
            -6714952.53521519,
            6584902.062623375
          ],
          [
            -6714952.53521519,
            6585014.691675479
          ],
          [
            -6714952.53521519,
            6585127.320727583
          ],
          [
            -6714952.53521519,
            6585239.949779687
          ],
          [
            -6714952.53521519,
            6585352.578831792
          ],
          [
            -6714839.906163085,
            6585465.207883896
          ],
          [
            -6714839.906163085,
            6585577.836936001
          ],
          [
            -6714839.906163085,
            6585690.465988105
          ],
          [
            -6714727.277110981,
            6585803.095040209
          ],
          [
            -6714727.277110981,
            6585915.724092313
          ],
          [
            -6714727.277110981,
            6586028.3531444175
          ],
          [
            -6714727.277110981,
            6586140.982196522
          ],
          [
            -6714614.648058876,
            6586253.611248626
          ],
          [
            -6714614.648058876,
            6586366.240300731
          ],
          [
            -6714614.648058876,
            6586478.869352834
          ],
          [
            -6714614.648058876,
            6586591.498404939
          ],
          [
            -6714614.648058876,
            6586704.127457043
          ],
          [
            -6714614.648058876,
            6586816.756509148
          ],
          [
            -6714614.648058876,
            6586929.385561252
          ],
          [
            -6714614.648058876,
            6587042.014613356
          ],
          [
            -6714727.277110981,
            6587154.643665461
          ],
          [
            -6714839.906163085,
            6587267.272717564
          ],
          [
            -6714952.53521519,
            6587267.272717564
          ]
        ]
      },
      "properties": {
        "segment_id": "P2_sub13",
        "zone_id": "P2",
        "subzone_id": "P2_sub13",
        "length_m": 9209.62720277472,
        "slope": 0.0650854885588535,
        "drop_m": 599.4130859375,
        "downstream_id": "P2_sub10",
        "upstream_ids": [
          "P2_sub33",
          "P2_sub40",
          "P2_sub43",
          "P2_sub48",
          "P2_sub52"
        ]
      }
    },
    {
      "type": "Feature",
      "geometry": {
        "type": "LineString",
        "coordinates": [
          [
            -6717768.261517797,
            6585352.578831792
          ],
          [
            -6717655.632465692,
            6585239.949779687
          ],
          [
            -6717543.003413588,
            6585239.949779687
          ],
          [
            -6717430.374361483,
            6585239.949779687
          ],
          [
            -6717317.745309379,
            6585127.320727583
          ],
          [
            -6717205.116257275,
            6585127.320727583
          ],
          [
            -6717092.487205171,
            6585127.320727583
          ],
          [
            -6716979.858153067,
            6585127.320727583
          ],
          [
            -6716867.229100962,
            6585127.320727583
          ],
          [
            -6716754.600048858,
            6585127.320727583
          ],
          [
            -6716641.970996753,
            6585127.320727583
          ],
          [
            -6716529.34194465,
            6585239.949779687
          ],
          [
            -6716416.712892545,
            6585239.949779687
          ],
          [
            -6716304.083840441,
            6585239.949779687
          ],
          [
            -6716191.4547883365,
            6585352.578831792
          ],
          [
            -6716078.825736232,
            6585465.207883896
          ],
          [
            -6716078.825736232,
            6585577.836936001
          ],
          [
            -6716078.825736232,
            6585690.465988105
          ],
          [
            -6716078.825736232,
            6585803.095040209
          ],
          [
            -6715966.196684128,
            6585915.724092313
          ],
          [
            -6715966.196684128,
            6586028.3531444175
          ],
          [
            -6715853.567632023,
            6586140.982196522
          ],
          [
            -6715853.567632023,
            6586253.611248626
          ],
          [
            -6715853.567632023,
            6586366.240300731
          ],
          [
            -6715853.567632023,
            6586478.869352834
          ],
          [
            -6715853.567632023,
            6586591.498404939
          ],
          [
            -6715853.567632023,
            6586704.127457043
          ],
          [
            -6715853.567632023,
            6586816.756509148
          ],
          [
            -6715853.567632023,
            6586929.385561252
          ],
          [
            -6715853.567632023,
            6587042.014613356
          ],
          [
            -6715853.567632023,
            6587154.643665461
          ],
          [
            -6715853.567632023,
            6587267.272717564
          ],
          [
            -6715740.93857992,
            6587379.901769669
          ],
          [
            -6715628.309527815,
            6587492.530821773
          ],
          [
            -6715628.309527815,
            6587605.159873878
          ],
          [
            -6715515.680475711,
            6587717.788925982
          ],
          [
            -6715515.680475711,
            6587830.4179780865
          ],
          [
            -6715515.680475711,
            6587943.04703019
          ]
        ]
      },
      "properties": {
        "segment_id": "P2_sub39",
        "zone_id": "P2",
        "subzone_id": "P2_sub39",
        "length_m": 4633.79973684668,
        "slope": 0.07252427971993936,
        "drop_m": 336.06298828125,
        "downstream_id": "P2_sub20",
        "upstream_ids": [
          "P2_sub60"
        ]
      }
    },
    {
      "type": "Feature",
      "geometry": {
        "type": "LineString",
        "coordinates": [
          [
            -6714839.906163085,
            6579946.384330786
          ],
          [
            -6714727.277110981,
            6580059.01338289
          ],
          [
            -6714727.277110981,
            6580171.642434995
          ],
          [
            -6714727.277110981,
            6580284.271487099
          ],
          [
            -6714614.648058876,
            6580396.900539204
          ],
          [
            -6714727.277110981,
            6580509.529591307
          ],
          [
            -6714614.648058876,
            6580622.1586434115
          ],
          [
            -6714614.648058876,
            6580734.787695516
          ],
          [
            -6714502.019006772,
            6580734.787695516
          ],
          [
            -6714502.019006772,
            6580847.41674762
          ],
          [
            -6714502.019006772,
            6580960.045799725
          ],
          [
            -6714502.019006772,
            6581072.674851829
          ],
          [
            -6714389.389954668,
            6581185.303903934
          ],
          [
            -6714276.760902564,
            6581297.932956037
          ],
          [
            -6714276.760902564,
            6581410.562008142
          ],
          [
            -6714389.389954668,
            6581523.191060246
          ],
          [
            -6714502.019006772,
            6581635.82011235
          ],
          [
            -6714614.648058876,
            6581748.449164455
          ],
          [
            -6714502.019006772,
            6581861.078216559
          ],
          [
            -6714502.019006772,
            6581973.707268663
          ],
          [
            -6714502.019006772,
            6582086.336320767
          ],
          [
            -6714614.648058876,
            6582086.336320767
          ],
          [
            -6714727.277110981,
            6582086.336320767
          ],
          [
            -6714839.906163085,
            6582086.336320767
          ],
          [
            -6714839.906163085,
            6582198.965372872
          ],
          [
            -6714952.53521519,
            6582311.594424976
          ],
          [
            -6714952.53521519,
            6582424.22347708
          ],
          [
            -6714952.53521519,
            6582536.852529185
          ],
          [
            -6714952.53521519,
            6582649.481581289
          ],
          [
            -6714952.53521519,
            6582762.110633393
          ],
          [
            -6715065.164267294,
            6582874.739685497
          ],
          [
            -6715177.793319398,
            6582987.368737602
          ],
          [
            -6715065.164267294,
            6583099.997789706
          ],
          [
            -6715065.164267294,
            6583212.6268418105
          ],
          [
            -6714952.53521519,
            6583325.255893915
          ],
          [
            -6714952.53521519,
            6583437.884946019
          ],
          [
            -6714952.53521519,
            6583550.513998123
          ],
          [
            -6714839.906163085,
            6583663.143050227
          ],
          [
            -6714839.906163085,
            6583775.772102332
          ],
          [
            -6714727.277110981,
            6583888.401154436
          ],
          [
            -6714727.277110981,
            6584001.030206541
          ],
          [
            -6714727.277110981,
            6584113.659258645
          ],
          [
            -6714614.648058876,
            6584226.2883107485
          ],
          [
            -6714614.648058876,
            6584338.917362853
          ],
          [
            -6714727.277110981,
            6584451.546414957
          ],
          [
            -6714727.277110981,
            6584564.175467062
          ],
          [
            -6714727.277110981,
            6584676.804519166
          ],
          [
            -6714839.906163085,
            6584789.433571271
          ],
          [
            -6714952.53521519,
            6584902.062623375
          ],
          [
            -6714952.53521519,
            6585014.691675479
          ],
          [
            -6714952.53521519,
            6585127.320727583
          ],
          [
            -6714952.53521519,
            6585239.949779687
          ],
          [
            -6714952.53521519,
            6585352.578831792
          ],
          [
            -6714839.906163085,
            6585465.207883896
          ],
          [
            -6714839.906163085,
            6585577.836936001
          ],
          [
            -6714839.906163085,
            6585690.465988105
          ],
          [
            -6714727.277110981,
            6585803.095040209
          ],
          [
            -6714727.277110981,
            6585915.724092313
          ],
          [
            -6714727.277110981,
            6586028.3531444175
          ],
          [
            -6714727.277110981,
            6586140.982196522
          ],
          [
            -6714614.648058876,
            6586253.611248626
          ],
          [
            -6714614.648058876,
            6586366.240300731
          ],
          [
            -6714614.648058876,
            6586478.869352834
          ],
          [
            -6714614.648058876,
            6586591.498404939
          ],
          [
            -6714614.648058876,
            6586704.127457043
          ],
          [
            -6714614.648058876,
            6586816.756509148
          ],
          [
            -6714614.648058876,
            6586929.385561252
          ],
          [
            -6714614.648058876,
            6587042.014613356
          ],
          [
            -6714727.277110981,
            6587154.643665461
          ],
          [
            -6714839.906163085,
            6587267.272717564
          ],
          [
            -6714952.53521519,
            6587267.272717564
          ]
        ]
      },
      "properties": {
        "segment_id": "P2_sub41",
        "zone_id": "P2",
        "subzone_id": "P2_sub41",
        "length_m": 9096.998150670293,
        "slope": 0.06561606035321861,
        "drop_m": 596.9091796875,
        "downstream_id": "P2_sub10",
        "upstream_ids": []
      }
    },
    {
      "type": "Feature",
      "geometry": {
        "type": "LineString",
        "coordinates": [
          [
            -6714389.389954668,
            6580847.41674762
          ],
          [
            -6714502.019006772,
            6580847.41674762
          ],
          [
            -6714502.019006772,
            6580960.045799725
          ],
          [
            -6714502.019006772,
            6581072.674851829
          ],
          [
            -6714389.389954668,
            6581185.303903934
          ],
          [
            -6714276.760902564,
            6581297.932956037
          ],
          [
            -6714276.760902564,
            6581410.562008142
          ],
          [
            -6714389.389954668,
            6581523.191060246
          ],
          [
            -6714502.019006772,
            6581635.82011235
          ],
          [
            -6714614.648058876,
            6581748.449164455
          ],
          [
            -6714502.019006772,
            6581861.078216559
          ],
          [
            -6714502.019006772,
            6581973.707268663
          ],
          [
            -6714502.019006772,
            6582086.336320767
          ],
          [
            -6714614.648058876,
            6582086.336320767
          ],
          [
            -6714727.277110981,
            6582086.336320767
          ],
          [
            -6714839.906163085,
            6582086.336320767
          ],
          [
            -6714839.906163085,
            6582198.965372872
          ],
          [
            -6714952.53521519,
            6582311.594424976
          ],
          [
            -6714952.53521519,
            6582424.22347708
          ],
          [
            -6714952.53521519,
            6582536.852529185
          ],
          [
            -6714952.53521519,
            6582649.481581289
          ],
          [
            -6714952.53521519,
            6582762.110633393
          ],
          [
            -6715065.164267294,
            6582874.739685497
          ],
          [
            -6715177.793319398,
            6582987.368737602
          ],
          [
            -6715065.164267294,
            6583099.997789706
          ],
          [
            -6715065.164267294,
            6583212.6268418105
          ],
          [
            -6714952.53521519,
            6583325.255893915
          ],
          [
            -6714952.53521519,
            6583437.884946019
          ],
          [
            -6714952.53521519,
            6583550.513998123
          ],
          [
            -6714839.906163085,
            6583663.143050227
          ],
          [
            -6714839.906163085,
            6583775.772102332
          ],
          [
            -6714727.277110981,
            6583888.401154436
          ],
          [
            -6714727.277110981,
            6584001.030206541
          ],
          [
            -6714727.277110981,
            6584113.659258645
          ],
          [
            -6714614.648058876,
            6584226.2883107485
          ],
          [
            -6714614.648058876,
            6584338.917362853
          ],
          [
            -6714727.277110981,
            6584451.546414957
          ],
          [
            -6714727.277110981,
            6584564.175467062
          ],
          [
            -6714727.277110981,
            6584676.804519166
          ],
          [
            -6714839.906163085,
            6584789.433571271
          ],
          [
            -6714952.53521519,
            6584902.062623375
          ],
          [
            -6714952.53521519,
            6585014.691675479
          ],
          [
            -6714952.53521519,
            6585127.320727583
          ],
          [
            -6714952.53521519,
            6585239.949779687
          ],
          [
            -6714952.53521519,
            6585352.578831792
          ],
          [
            -6714839.906163085,
            6585465.207883896
          ],
          [
            -6714839.906163085,
            6585577.836936001
          ],
          [
            -6714839.906163085,
            6585690.465988105
          ],
          [
            -6714727.277110981,
            6585803.095040209
          ],
          [
            -6714727.277110981,
            6585915.724092313
          ],
          [
            -6714727.277110981,
            6586028.3531444175
          ],
          [
            -6714727.277110981,
            6586140.982196522
          ],
          [
            -6714614.648058876,
            6586253.611248626
          ],
          [
            -6714614.648058876,
            6586366.240300731
          ],
          [
            -6714614.648058876,
            6586478.869352834
          ],
          [
            -6714614.648058876,
            6586591.498404939
          ],
          [
            -6714614.648058876,
            6586704.127457043
          ],
          [
            -6714614.648058876,
            6586816.756509148
          ],
          [
            -6714614.648058876,
            6586929.385561252
          ],
          [
            -6714614.648058876,
            6587042.014613356
          ],
          [
            -6714727.277110981,
            6587154.643665461
          ],
          [
            -6714839.906163085,
            6587267.272717564
          ],
          [
            -6714952.53521519,
            6587267.272717564
          ]
        ]
      },
      "properties": {
        "segment_id": "P2_sub49",
        "zone_id": "P2",
        "subzone_id": "P2_sub49",
        "length_m": 8009.355810240003,
        "slope": 0.0685806851872823,
        "drop_m": 549.287109375,
        "downstream_id": "P2_sub10",
        "upstream_ids": []
      }
    },
    {
      "type": "Feature",
      "geometry": {
        "type": "LineString",
        "coordinates": [
          [
            -6710109.485974705,
            6576342.254663449
          ],
          [
            -6710109.485974705,
            6576454.883715553
          ]
        ]
      },
      "properties": {
        "segment_id": "P2_sub55",
        "zone_id": "P2",
        "subzone_id": "P2_sub55",
        "length_m": 112.62905210442841,
        "slope": 0.07238224594522234,
        "drop_m": 8.15234375,
        "downstream_id": "P2_sub28",
        "upstream_ids": []
      }
    },
    {
      "type": "Feature",
      "geometry": {
        "type": "LineString",
        "coordinates": [
          [
            -6715853.567632023,
            6589069.337551233
          ],
          [
            -6715740.93857992,
            6588956.708499129
          ],
          [
            -6715628.309527815,
            6588956.708499129
          ],
          [
            -6715515.680475711,
            6588956.708499129
          ],
          [
            -6715403.051423606,
            6588956.708499129
          ],
          [
            -6715290.422371502,
            6588844.0794470245
          ]
        ]
      },
      "properties": {
        "segment_id": "P2_sub59",
        "zone_id": "P2",
        "subzone_id": "P2_sub59",
        "length_m": 656.450222319244,
        "slope": 0.1422274396452177,
        "drop_m": 93.365234375,
        "downstream_id": "P2_sub27",
        "upstream_ids": []
      }
    },
    {
      "type": "Feature",
      "geometry": {
        "type": "LineString",
        "coordinates": [
          [
            -6715177.793319398,
            6583099.997789706
          ],
          [
            -6715065.164267294,
            6583099.997789706
          ],
          [
            -6715065.164267294,
            6583212.6268418105
          ],
          [
            -6714952.53521519,
            6583325.255893915
          ],
          [
            -6714952.53521519,
            6583437.884946019
          ],
          [
            -6714952.53521519,
            6583550.513998123
          ],
          [
            -6714839.906163085,
            6583663.143050227
          ],
          [
            -6714839.906163085,
            6583775.772102332
          ],
          [
            -6714727.277110981,
            6583888.401154436
          ],
          [
            -6714727.277110981,
            6584001.030206541
          ],
          [
            -6714727.277110981,
            6584113.659258645
          ],
          [
            -6714614.648058876,
            6584226.2883107485
          ],
          [
            -6714614.648058876,
            6584338.917362853
          ],
          [
            -6714727.277110981,
            6584451.546414957
          ],
          [
            -6714727.277110981,
            6584564.175467062
          ],
          [
            -6714727.277110981,
            6584676.804519166
          ],
          [
            -6714839.906163085,
            6584789.433571271
          ],
          [
            -6714952.53521519,
            6584902.062623375
          ],
          [
            -6714952.53521519,
            6585014.691675479
          ],
          [
            -6714952.53521519,
            6585127.320727583
          ],
          [
            -6714952.53521519,
            6585239.949779687
          ],
          [
            -6714952.53521519,
            6585352.578831792
          ],
          [
            -6714839.906163085,
            6585465.207883896
          ],
          [
            -6714839.906163085,
            6585577.836936001
          ],
          [
            -6714839.906163085,
            6585690.465988105
          ],
          [
            -6714727.277110981,
            6585803.095040209
          ],
          [
            -6714727.277110981,
            6585915.724092313
          ],
          [
            -6714727.277110981,
            6586028.3531444175
          ],
          [
            -6714727.277110981,
            6586140.982196522
          ],
          [
            -6714614.648058876,
            6586253.611248626
          ],
          [
            -6714614.648058876,
            6586366.240300731
          ],
          [
            -6714614.648058876,
            6586478.869352834
          ],
          [
            -6714614.648058876,
            6586591.498404939
          ],
          [
            -6714614.648058876,
            6586704.127457043
          ],
          [
            -6714614.648058876,
            6586816.756509148
          ],
          [
            -6714614.648058876,
            6586929.385561252
          ],
          [
            -6714614.648058876,
            6587042.014613356
          ],
          [
            -6714727.277110981,
            6587154.643665461
          ],
          [
            -6714839.906163085,
            6587267.272717564
          ],
          [
            -6714952.53521519,
            6587267.272717564
          ]
        ]
      },
      "properties": {
        "segment_id": "P2_sub63",
        "zone_id": "P2",
        "subzone_id": "P2_sub63",
        "length_m": 4952.3628028535695,
        "slope": 0.07156079504656773,
        "drop_m": 354.39501953125,
        "downstream_id": "P2_sub10",
        "upstream_ids": []
      }
    },
    {
      "type": "Feature",
      "geometry": {
        "type": "LineString",
        "coordinates": [
          [
            -6714952.53521519,
            6587267.272717564
          ],
          [
            -6715065.164267294,
            6587267.272717564
          ],
          [
            -6715177.793319398,
            6587379.901769669
          ],
          [
            -6715290.422371502,
            6587492.530821773
          ],
          [
            -6715403.051423606,
            6587605.159873878
          ],
          [
            -6715403.051423606,
            6587717.788925982
          ],
          [
            -6715403.051423606,
            6587830.4179780865
          ],
          [
            -6715403.051423606,
            6587943.04703019
          ],
          [
            -6715403.051423606,
            6588055.676082294
          ],
          [
            -6715403.051423606,
            6588168.305134399
          ],
          [
            -6715290.422371502,
            6588280.934186503
          ],
          [
            -6715290.422371502,
            6588393.563238608
          ],
          [
            -6715290.422371502,
            6588506.192290712
          ],
          [
            -6715290.422371502,
            6588618.821342817
          ],
          [
            -6715290.422371502,
            6588731.45039492
          ],
          [
            -6715177.793319398,
            6588844.0794470245
          ],
          [
            -6715065.164267294,
            6588956.708499129
          ],
          [
            -6715065.164267294,
            6589069.337551233
          ],
          [
            -6714952.53521519,
            6589181.966603338
          ],
          [
            -6714839.906163085,
            6589181.966603338
          ],
          [
            -6714727.277110981,
            6589181.966603338
          ],
          [
            -6714614.648058876,
            6589294.595655442
          ],
          [
            -6714502.019006772,
            6589407.224707547
          ],
          [
            -6714502.019006772,
            6589519.85375965
          ],
          [
            -6714389.389954668,
            6589632.482811755
          ],
          [
            -6714389.389954668,
            6589745.111863859
          ],
          [
            -6714389.389954668,
            6589857.740915963
          ],
          [
            -6714276.760902564,
            6589970.369968068
          ],
          [
            -6714276.760902564,
            6590082.999020172
          ],
          [
            -6714276.760902564,
            6590195.628072276
          ],
          [
            -6714276.760902564,
            6590308.25712438
          ],
          [
            -6714276.760902564,
            6590420.886176485
          ],
          [
            -6714276.760902564,
            6590533.515228589
          ],
          [
            -6714164.13185046,
            6590646.1442806935
          ],
          [
            -6714164.13185046,
            6590758.773332798
          ],
          [
            -6714051.502798355,
            6590871.402384902
          ]
        ]
      },
      "properties": {
        "segment_id": "P2_sub10",
        "zone_id": "P2",
        "subzone_id": "P2_sub10",
        "length_m": 4548.499075334737,
        "slope": 0.06284321056726037,
        "drop_m": 285.84228515625,
        "downstream_id": "P2_sub8",
        "upstream_ids": [
          "P2_sub13",
          "P2_sub41",
          "P2_sub49",
          "P2_sub63"
        ]
      }
    },
    {
      "type": "Feature",
      "geometry": {
        "type": "LineString",
        "coordinates": [
          [
            -6715515.680475711,
            6587943.04703019
          ],
          [
            -6715403.051423606,
            6588055.676082294
          ],
          [
            -6715403.051423606,
            6588168.305134399
          ],
          [
            -6715290.422371502,
            6588280.934186503
          ],
          [
            -6715290.422371502,
            6588393.563238608
          ],
          [
            -6715290.422371502,
            6588506.192290712
          ],
          [
            -6715290.422371502,
            6588618.821342817
          ],
          [
            -6715290.422371502,
            6588731.45039492
          ],
          [
            -6715177.793319398,
            6588844.0794470245
          ],
          [
            -6715065.164267294,
            6588956.708499129
          ],
          [
            -6715065.164267294,
            6589069.337551233
          ],
          [
            -6714952.53521519,
            6589181.966603338
          ],
          [
            -6714839.906163085,
            6589181.966603338
          ],
          [
            -6714727.277110981,
            6589181.966603338
          ],
          [
            -6714614.648058876,
            6589294.595655442
          ],
          [
            -6714502.019006772,
            6589407.224707547
          ],
          [
            -6714502.019006772,
            6589519.85375965
          ],
          [
            -6714389.389954668,
            6589632.482811755
          ],
          [
            -6714389.389954668,
            6589745.111863859
          ],
          [
            -6714389.389954668,
            6589857.740915963
          ],
          [
            -6714276.760902564,
            6589970.369968068
          ],
          [
            -6714276.760902564,
            6590082.999020172
          ],
          [
            -6714276.760902564,
            6590195.628072276
          ],
          [
            -6714276.760902564,
            6590308.25712438
          ],
          [
            -6714276.760902564,
            6590420.886176485
          ],
          [
            -6714276.760902564,
            6590533.515228589
          ],
          [
            -6714164.13185046,
            6590646.1442806935
          ],
          [
            -6714164.13185046,
            6590758.773332798
          ],
          [
            -6714051.502798355,
            6590871.402384902
          ]
        ]
      },
      "properties": {
        "segment_id": "P2_sub20",
        "zone_id": "P2",
        "subzone_id": "P2_sub20",
        "length_m": 3666.790748807567,
        "slope": 0.04864062137354052,
        "drop_m": 178.35498046875,
        "downstream_id": "P2_sub8",
        "upstream_ids": [
          "P2_sub39"
        ]
      }
    },
    {
      "type": "Feature",
      "geometry": {
        "type": "LineString",
        "coordinates": [
          [
            -6715290.422371502,
            6588844.0794470245
          ],
          [
            -6715177.793319398,
            6588844.0794470245
          ],
          [
            -6715065.164267294,
            6588956.708499129
          ],
          [
            -6715065.164267294,
            6589069.337551233
          ],
          [
            -6714952.53521519,
            6589181.966603338
          ],
          [
            -6714839.906163085,
            6589181.966603338
          ],
          [
            -6714727.277110981,
            6589181.966603338
          ],
          [
            -6714614.648058876,
            6589294.595655442
          ],
          [
            -6714502.019006772,
            6589407.224707547
          ],
          [
            -6714502.019006772,
            6589519.85375965
          ],
          [
            -6714389.389954668,
            6589632.482811755
          ],
          [
            -6714389.389954668,
            6589745.111863859
          ],
          [
            -6714389.389954668,
            6589857.740915963
          ],
          [
            -6714276.760902564,
            6589970.369968068
          ],
          [
            -6714276.760902564,
            6590082.999020172
          ],
          [
            -6714276.760902564,
            6590195.628072276
          ],
          [
            -6714276.760902564,
            6590308.25712438
          ],
          [
            -6714276.760902564,
            6590420.886176485
          ],
          [
            -6714276.760902564,
            6590533.515228589
          ],
          [
            -6714164.13185046,
            6590646.1442806935
          ],
          [
            -6714164.13185046,
            6590758.773332798
          ],
          [
            -6714051.502798355,
            6590871.402384902
          ]
        ]
      },
      "properties": {
        "segment_id": "P2_sub27",
        "zone_id": "P2",
        "subzone_id": "P2_sub27",
        "length_m": 2738.4299413808585,
        "slope": 0.04754823834039465,
        "drop_m": 130.20751953125,
        "downstream_id": "P2_sub8",
        "upstream_ids": [
          "P2_sub59"
        ]
      }
    },
    {
      "type": "Feature",
      "geometry": {
        "type": "LineString",
        "coordinates": [
          [
            -6710109.485974705,
            6576454.883715553
          ],
          [
            -6710109.485974705,
            6576567.512767658
          ],
          [
            -6710109.485974705,
            6576680.141819762
          ],
          [
            -6710222.115026809,
            6576792.770871866
          ],
          [
            -6710334.744078914,
            6576905.39992397
          ],
          [
            -6710447.373131018,
            6577018.028976074
          ],
          [
            -6710447.373131018,
            6577130.658028179
          ],
          [
            -6710447.373131018,
            6577243.287080283
          ],
          [
            -6710334.744078914,
            6577355.916132388
          ],
          [
            -6710334.744078914,
            6577468.545184491
          ],
          [
            -6710334.744078914,
            6577581.174236596
          ],
          [
            -6710334.744078914,
            6577693.8032887
          ],
          [
            -6710447.373131018,
            6577806.4323408045
          ],
          [
            -6710447.373131018,
            6577919.061392909
          ],
          [
            -6710560.002183123,
            6578031.690445013
          ],
          [
            -6710560.002183123,
            6578144.319497118
          ],
          [
            -6710672.631235226,
            6578256.948549221
          ],
          [
            -6710672.631235226,
            6578369.577601326
          ],
          [
            -6710672.631235226,
            6578482.20665343
          ],
          [
            -6710785.2602873305,
            6578594.835705535
          ],
          [
            -6710785.2602873305,
            6578707.464757639
          ],
          [
            -6710672.631235226,
            6578820.093809743
          ],
          [
            -6710672.631235226,
            6578932.722861848
          ],
          [
            -6710672.631235226,
            6579045.351913951
          ],
          [
            -6710672.631235226,
            6579157.980966056
          ],
          [
            -6710672.631235226,
            6579270.61001816
          ],
          [
            -6710672.631235226,
            6579383.239070265
          ],
          [
            -6710672.631235226,
            6579495.868122369
          ],
          [
            -6710672.631235226,
            6579608.4971744735
          ],
          [
            -6710672.631235226,
            6579721.126226577
          ],
          [
            -6710785.2602873305,
            6579833.755278681
          ],
          [
            -6710672.631235226,
            6579946.384330786
          ],
          [
            -6710560.002183123,
            6579946.384330786
          ],
          [
            -6710447.373131018,
            6579946.384330786
          ],
          [
            -6710447.373131018,
            6580059.01338289
          ],
          [
            -6710447.373131018,
            6580171.642434995
          ],
          [
            -6710447.373131018,
            6580284.271487099
          ],
          [
            -6710447.373131018,
            6580396.900539204
          ],
          [
            -6710334.744078914,
            6580509.529591307
          ],
          [
            -6710222.115026809,
            6580396.900539204
          ],
          [
            -6710109.485974705,
            6580396.900539204
          ],
          [
            -6710109.485974705,
            6580509.529591307
          ],
          [
            -6709996.8569226,
            6580622.1586434115
          ],
          [
            -6709996.8569226,
            6580734.787695516
          ],
          [
            -6709996.8569226,
            6580847.41674762
          ],
          [
            -6710109.485974705,
            6580960.045799725
          ],
          [
            -6710109.485974705,
            6581072.674851829
          ],
          [
            -6710222.115026809,
            6581185.303903934
          ],
          [
            -6710222.115026809,
            6581297.932956037
          ],
          [
            -6710222.115026809,
            6581410.562008142
          ],
          [
            -6710222.115026809,
            6581523.191060246
          ],
          [
            -6710109.485974705,
            6581635.82011235
          ],
          [
            -6710109.485974705,
            6581748.449164455
          ],
          [
            -6710109.485974705,
            6581861.078216559
          ],
          [
            -6710109.485974705,
            6581973.707268663
          ],
          [
            -6709996.8569226,
            6582086.336320767
          ],
          [
            -6709884.227870496,
            6582198.965372872
          ],
          [
            -6709771.5988183925,
            6582311.594424976
          ],
          [
            -6709771.5988183925,
            6582424.22347708
          ],
          [
            -6709658.969766288,
            6582536.852529185
          ],
          [
            -6709546.340714184,
            6582649.481581289
          ],
          [
            -6709433.711662079,
            6582762.110633393
          ]
        ]
      },
      "properties": {
        "segment_id": "P2_sub28",
        "zone_id": "P2",
        "subzone_id": "P2_sub28",
        "length_m": 7943.379239033251,
        "slope": 0.04353179426232888,
        "drop_m": 345.78955078125,
        "downstream_id": "P2_sub16",
        "upstream_ids": [
          "P2_sub55"
        ]
      }
    },
    {
      "type": "Feature",
      "geometry": {
        "type": "LineString",
        "coordinates": [
          [
            -6714051.502798355,
            6590871.402384902
          ],
          [
            -6713938.873746251,
            6590984.031437006
          ],
          [
            -6713826.244694146,
            6591096.66048911
          ],
          [
            -6713826.244694146,
            6591209.289541215
          ],
          [
            -6713713.615642042,
            6591321.918593319
          ],
          [
            -6713600.9865899375,
            6591434.547645424
          ],
          [
            -6713600.9865899375,
            6591547.176697528
          ],
          [
            -6713600.9865899375,
            6591659.805749632
          ],
          [
            -6713488.357537834,
            6591772.434801736
          ],
          [
            -6713375.72848573,
            6591885.06385384
          ]
        ]
      },
      "properties": {
        "segment_id": "P2_sub8",
        "zone_id": "P2",
        "subzone_id": "P2_sub8",
        "length_m": 1293.5763543311614,
        "slope": 0.04823337600335184,
        "drop_m": 62.3935546875,
        "downstream_id": "P2_sub7",
        "upstream_ids": [
          "P2_sub10",
          "P2_sub20",
          "P2_sub27"
        ]
      }
    },
    {
      "type": "Feature",
      "geometry": {
        "type": "LineString",
        "coordinates": [
          [
            -6709433.711662079,
            6582762.110633393
          ],
          [
            -6709321.082609975,
            6582874.739685497
          ],
          [
            -6709208.45355787,
            6582987.368737602
          ],
          [
            -6709095.824505767,
            6583099.997789706
          ],
          [
            -6708983.195453662,
            6583212.6268418105
          ],
          [
            -6708870.566401558,
            6583325.255893915
          ],
          [
            -6708870.566401558,
            6583437.884946019
          ],
          [
            -6708870.566401558,
            6583550.513998123
          ],
          [
            -6708870.566401558,
            6583663.143050227
          ],
          [
            -6708870.566401558,
            6583775.772102332
          ],
          [
            -6708870.566401558,
            6583888.401154436
          ],
          [
            -6708983.195453662,
            6584001.030206541
          ],
          [
            -6708983.195453662,
            6584113.659258645
          ],
          [
            -6709095.824505767,
            6584226.2883107485
          ],
          [
            -6709095.824505767,
            6584338.917362853
          ],
          [
            -6708983.195453662,
            6584451.546414957
          ],
          [
            -6708870.566401558,
            6584564.175467062
          ],
          [
            -6708870.566401558,
            6584676.804519166
          ],
          [
            -6708757.937349454,
            6584789.433571271
          ],
          [
            -6708757.937349454,
            6584902.062623375
          ],
          [
            -6708645.308297349,
            6585014.691675479
          ],
          [
            -6708645.308297349,
            6585127.320727583
          ],
          [
            -6708645.308297349,
            6585239.949779687
          ],
          [
            -6708645.308297349,
            6585352.578831792
          ],
          [
            -6708532.679245245,
            6585465.207883896
          ],
          [
            -6708532.679245245,
            6585577.836936001
          ],
          [
            -6708532.679245245,
            6585690.465988105
          ],
          [
            -6708532.679245245,
            6585803.095040209
          ],
          [
            -6708532.679245245,
            6585915.724092313
          ],
          [
            -6708532.679245245,
            6586028.3531444175
          ],
          [
            -6708645.308297349,
            6586140.982196522
          ],
          [
            -6708645.308297349,
            6586253.611248626
          ],
          [
            -6708757.937349454,
            6586366.240300731
          ],
          [
            -6708757.937349454,
            6586478.869352834
          ],
          [
            -6708870.566401558,
            6586591.498404939
          ],
          [
            -6708870.566401558,
            6586704.127457043
          ],
          [
            -6708983.195453662,
            6586816.756509148
          ],
          [
            -6708983.195453662,
            6586929.385561252
          ],
          [
            -6709095.824505767,
            6587042.014613356
          ],
          [
            -6709095.824505767,
            6587154.643665461
          ],
          [
            -6709208.45355787,
            6587267.272717564
          ],
          [
            -6709321.082609975,
            6587379.901769669
          ],
          [
            -6709433.711662079,
            6587492.530821773
          ],
          [
            -6709546.340714184,
            6587605.159873878
          ],
          [
            -6709546.340714184,
            6587717.788925982
          ],
          [
            -6709658.969766288,
            6587830.4179780865
          ],
          [
            -6709658.969766288,
            6587943.04703019
          ],
          [
            -6709771.5988183925,
            6588055.676082294
          ],
          [
            -6709884.227870496,
            6588168.305134399
          ],
          [
            -6709884.227870496,
            6588280.934186503
          ],
          [
            -6709884.227870496,
            6588393.563238608
          ],
          [
            -6709996.8569226,
            6588506.192290712
          ],
          [
            -6710109.485974705,
            6588618.821342817
          ],
          [
            -6710222.115026809,
            6588731.45039492
          ],
          [
            -6710334.744078914,
            6588844.0794470245
          ],
          [
            -6710447.373131018,
            6588844.0794470245
          ],
          [
            -6710560.002183123,
            6588956.708499129
          ],
          [
            -6710672.631235226,
            6588956.708499129
          ],
          [
            -6710785.2602873305,
            6588956.708499129
          ],
          [
            -6710897.889339435,
            6589069.337551233
          ],
          [
            -6711010.518391539,
            6589181.966603338
          ],
          [
            -6711123.147443644,
            6589294.595655442
          ],
          [
            -6711235.776495748,
            6589294.595655442
          ],
          [
            -6711348.405547852,
            6589294.595655442
          ],
          [
            -6711461.034599956,
            6589407.224707547
          ],
          [
            -6711573.663652061,
            6589519.85375965
          ],
          [
            -6711573.663652061,
            6589632.482811755
          ],
          [
            -6711686.292704165,
            6589745.111863859
          ],
          [
            -6711798.921756269,
            6589857.740915963
          ],
          [
            -6711911.550808374,
            6589970.369968068
          ],
          [
            -6712024.179860478,
            6590082.999020172
          ],
          [
            -6712136.808912582,
            6590195.628072276
          ],
          [
            -6712249.437964686,
            6590195.628072276
          ],
          [
            -6712362.067016791,
            6590308.25712438
          ],
          [
            -6712474.696068895,
            6590308.25712438
          ],
          [
            -6712587.3251209995,
            6590420.886176485
          ],
          [
            -6712587.3251209995,
            6590533.515228589
          ],
          [
            -6712587.3251209995,
            6590646.1442806935
          ],
          [
            -6712699.954173104,
            6590758.773332798
          ],
          [
            -6712699.954173104,
            6590871.402384902
          ],
          [
            -6712812.583225208,
            6590984.031437006
          ],
          [
            -6712925.212277312,
            6591096.66048911
          ]
        ]
      },
      "properties": {
        "segment_id": "P2_sub16",
        "zone_id": "P2",
        "subzone_id": "P2_sub16",
        "length_m": 11175.66237999594,
        "slope": 0.05931717233985471,
        "drop_m": 662.90869140625,
        "downstream_id": "P2_sub14",
        "upstream_ids": [
          "P2_sub28"
        ]
      }
    },
    {
      "type": "Feature",
      "geometry": {
        "type": "LineString",
        "coordinates": [
          [
            -6716304.083840441,
            6594362.903000135
          ],
          [
            -6716304.083840441,
            6594250.273948031
          ],
          [
            -6716191.4547883365,
            6594250.273948031
          ],
          [
            -6716078.825736232,
            6594250.273948031
          ],
          [
            -6715966.196684128,
            6594250.273948031
          ],
          [
            -6715853.567632023,
            6594362.903000135
          ],
          [
            -6715740.93857992,
            6594362.903000135
          ],
          [
            -6715628.309527815,
            6594362.903000135
          ],
          [
            -6715515.680475711,
            6594362.903000135
          ],
          [
            -6715403.051423606,
            6594475.532052239
          ],
          [
            -6715290.422371502,
            6594475.532052239
          ],
          [
            -6715177.793319398,
            6594475.532052239
          ],
          [
            -6715065.164267294,
            6594475.532052239
          ],
          [
            -6714952.53521519,
            6594475.532052239
          ],
          [
            -6714839.906163085,
            6594475.532052239
          ],
          [
            -6714727.277110981,
            6594362.903000135
          ],
          [
            -6714614.648058876,
            6594362.903000135
          ],
          [
            -6714502.019006772,
            6594362.903000135
          ],
          [
            -6714389.389954668,
            6594362.903000135
          ],
          [
            -6714276.760902564,
            6594362.903000135
          ],
          [
            -6714164.13185046,
            6594362.903000135
          ],
          [
            -6714051.502798355,
            6594250.273948031
          ],
          [
            -6713938.873746251,
            6594250.273948031
          ],
          [
            -6713826.244694146,
            6594250.273948031
          ],
          [
            -6713713.615642042,
            6594250.273948031
          ],
          [
            -6713600.9865899375,
            6594250.273948031
          ],
          [
            -6713488.357537834,
            6594250.273948031
          ],
          [
            -6713375.72848573,
            6594137.644895926
          ],
          [
            -6713263.099433625,
            6594025.015843822
          ],
          [
            -6713150.470381521,
            6593912.386791718
          ],
          [
            -6713037.841329416,
            6593912.386791718
          ]
        ]
      },
      "properties": {
        "segment_id": "P2_sub44",
        "zone_id": "P2",
        "subzone_id": "P2_sub44",
        "length_m": 3705.43892942063,
        "slope": 0.20814762704322712,
        "drop_m": 771.2783203125,
        "downstream_id": "P2_sub25",
        "upstream_ids": []
      }
    },
    {
      "type": "Feature",
      "geometry": {
        "type": "LineString",
        "coordinates": [
          [
            -6705379.065786324,
            6584113.659258645
          ],
          [
            -6705266.436734221,
            6584226.2883107485
          ],
          [
            -6705266.436734221,
            6584338.917362853
          ],
          [
            -6705266.436734221,
            6584451.546414957
          ],
          [
            -6705266.436734221,
            6584564.175467062
          ],
          [
            -6705153.8076821165,
            6584676.804519166
          ],
          [
            -6705153.8076821165,
            6584789.433571271
          ],
          [
            -6705153.8076821165,
            6584902.062623375
          ],
          [
            -6705153.8076821165,
            6585014.691675479
          ],
          [
            -6705153.8076821165,
            6585127.320727583
          ],
          [
            -6705153.8076821165,
            6585239.949779687
          ],
          [
            -6705153.8076821165,
            6585352.578831792
          ],
          [
            -6705153.8076821165,
            6585465.207883896
          ],
          [
            -6705041.178630012,
            6585577.836936001
          ],
          [
            -6705041.178630012,
            6585690.465988105
          ],
          [
            -6705041.178630012,
            6585803.095040209
          ],
          [
            -6705041.178630012,
            6585915.724092313
          ],
          [
            -6705041.178630012,
            6586028.3531444175
          ],
          [
            -6705153.8076821165,
            6586140.982196522
          ],
          [
            -6705153.8076821165,
            6586253.611248626
          ],
          [
            -6705153.8076821165,
            6586366.240300731
          ],
          [
            -6705153.8076821165,
            6586478.869352834
          ],
          [
            -6705153.8076821165,
            6586591.498404939
          ],
          [
            -6705153.8076821165,
            6586704.127457043
          ],
          [
            -6705153.8076821165,
            6586816.756509148
          ],
          [
            -6705153.8076821165,
            6586929.385561252
          ],
          [
            -6705153.8076821165,
            6587042.014613356
          ],
          [
            -6705153.8076821165,
            6587154.643665461
          ],
          [
            -6705153.8076821165,
            6587267.272717564
          ],
          [
            -6705153.8076821165,
            6587379.901769669
          ],
          [
            -6705153.8076821165,
            6587492.530821773
          ],
          [
            -6705153.8076821165,
            6587605.159873878
          ],
          [
            -6705153.8076821165,
            6587717.788925982
          ],
          [
            -6705153.8076821165,
            6587830.4179780865
          ],
          [
            -6705153.8076821165,
            6587943.04703019
          ],
          [
            -6705153.8076821165,
            6588055.676082294
          ],
          [
            -6705153.8076821165,
            6588168.305134399
          ],
          [
            -6705153.8076821165,
            6588280.934186503
          ],
          [
            -6705153.8076821165,
            6588393.563238608
          ],
          [
            -6705153.8076821165,
            6588506.192290712
          ],
          [
            -6705153.8076821165,
            6588618.821342817
          ],
          [
            -6705153.8076821165,
            6588731.45039492
          ],
          [
            -6705153.8076821165,
            6588844.0794470245
          ],
          [
            -6705153.8076821165,
            6588956.708499129
          ]
        ]
      },
      "properties": {
        "segment_id": "P2_sub61",
        "zone_id": "P2",
        "subzone_id": "P2_sub61",
        "length_m": 5029.6591640790375,
        "slope": 0.11265275876253117,
        "drop_m": 566.60498046875,
        "downstream_id": "P2_sub21",
        "upstream_ids": []
      }
    },
    {
      "type": "Feature",
      "geometry": {
        "type": "LineString",
        "coordinates": [
          [
            -6708983.195453662,
            6583437.884946019
          ],
          [
            -6708870.566401558,
            6583437.884946019
          ],
          [
            -6708870.566401558,
            6583550.513998123
          ],
          [
            -6708870.566401558,
            6583663.143050227
          ],
          [
            -6708870.566401558,
            6583775.772102332
          ],
          [
            -6708870.566401558,
            6583888.401154436
          ],
          [
            -6708983.195453662,
            6584001.030206541
          ],
          [
            -6708983.195453662,
            6584113.659258645
          ],
          [
            -6709095.824505767,
            6584226.2883107485
          ],
          [
            -6709095.824505767,
            6584338.917362853
          ],
          [
            -6708983.195453662,
            6584451.546414957
          ],
          [
            -6708870.566401558,
            6584564.175467062
          ],
          [
            -6708870.566401558,
            6584676.804519166
          ],
          [
            -6708757.937349454,
            6584789.433571271
          ],
          [
            -6708757.937349454,
            6584902.062623375
          ],
          [
            -6708645.308297349,
            6585014.691675479
          ],
          [
            -6708645.308297349,
            6585127.320727583
          ],
          [
            -6708645.308297349,
            6585239.949779687
          ],
          [
            -6708645.308297349,
            6585352.578831792
          ],
          [
            -6708532.679245245,
            6585465.207883896
          ],
          [
            -6708532.679245245,
            6585577.836936001
          ],
          [
            -6708532.679245245,
            6585690.465988105
          ],
          [
            -6708532.679245245,
            6585803.095040209
          ],
          [
            -6708532.679245245,
            6585915.724092313
          ],
          [
            -6708532.679245245,
            6586028.3531444175
          ],
          [
            -6708645.308297349,
            6586140.982196522
          ],
          [
            -6708645.308297349,
            6586253.611248626
          ],
          [
            -6708757.937349454,
            6586366.240300731
          ],
          [
            -6708757.937349454,
            6586478.869352834
          ],
          [
            -6708870.566401558,
            6586591.498404939
          ],
          [
            -6708870.566401558,
            6586704.127457043
          ],
          [
            -6708983.195453662,
            6586816.756509148
          ],
          [
            -6708983.195453662,
            6586929.385561252
          ],
          [
            -6709095.824505767,
            6587042.014613356
          ],
          [
            -6709095.824505767,
            6587154.643665461
          ],
          [
            -6709208.45355787,
            6587267.272717564
          ],
          [
            -6709321.082609975,
            6587379.901769669
          ],
          [
            -6709433.711662079,
            6587492.530821773
          ],
          [
            -6709546.340714184,
            6587605.159873878
          ],
          [
            -6709546.340714184,
            6587717.788925982
          ],
          [
            -6709658.969766288,
            6587830.4179780865
          ],
          [
            -6709658.969766288,
            6587943.04703019
          ],
          [
            -6709771.5988183925,
            6588055.676082294
          ],
          [
            -6709884.227870496,
            6588168.305134399
          ],
          [
            -6709884.227870496,
            6588280.934186503
          ],
          [
            -6709884.227870496,
            6588393.563238608
          ],
          [
            -6709996.8569226,
            6588506.192290712
          ],
          [
            -6710109.485974705,
            6588618.821342817
          ],
          [
            -6710222.115026809,
            6588731.45039492
          ],
          [
            -6710334.744078914,
            6588844.0794470245
          ],
          [
            -6710447.373131018,
            6588844.0794470245
          ],
          [
            -6710560.002183123,
            6588956.708499129
          ],
          [
            -6710672.631235226,
            6588956.708499129
          ],
          [
            -6710785.2602873305,
            6588956.708499129
          ],
          [
            -6710897.889339435,
            6589069.337551233
          ],
          [
            -6711010.518391539,
            6589181.966603338
          ],
          [
            -6711123.147443644,
            6589294.595655442
          ],
          [
            -6711235.776495748,
            6589294.595655442
          ],
          [
            -6711348.405547852,
            6589294.595655442
          ],
          [
            -6711461.034599956,
            6589407.224707547
          ],
          [
            -6711573.663652061,
            6589519.85375965
          ],
          [
            -6711573.663652061,
            6589632.482811755
          ],
          [
            -6711686.292704165,
            6589745.111863859
          ],
          [
            -6711798.921756269,
            6589857.740915963
          ],
          [
            -6711911.550808374,
            6589970.369968068
          ],
          [
            -6712024.179860478,
            6590082.999020172
          ],
          [
            -6712136.808912582,
            6590195.628072276
          ],
          [
            -6712249.437964686,
            6590195.628072276
          ],
          [
            -6712362.067016791,
            6590308.25712438
          ],
          [
            -6712474.696068895,
            6590308.25712438
          ],
          [
            -6712587.3251209995,
            6590420.886176485
          ],
          [
            -6712587.3251209995,
            6590533.515228589
          ],
          [
            -6712587.3251209995,
            6590646.1442806935
          ],
          [
            -6712699.954173104,
            6590758.773332798
          ],
          [
            -6712699.954173104,
            6590871.402384902
          ],
          [
            -6712812.583225208,
            6590984.031437006
          ],
          [
            -6712925.212277312,
            6591096.66048911
          ]
        ]
      },
      "properties": {
        "segment_id": "P2_sub62",
        "zone_id": "P2",
        "subzone_id": "P2_sub62",
        "length_m": 10379.254714980056,
        "slope": 0.0638686215542523,
        "drop_m": 662.90869140625,
        "downstream_id": "P2_sub14",
        "upstream_ids": []
      }
    },
    {
      "type": "Feature",
      "geometry": {
        "type": "LineString",
        "coordinates": [
          [
            -6713375.72848573,
            6591885.06385384
          ],
          [
            -6713263.099433625,
            6591885.06385384
          ],
          [
            -6713263.099433625,
            6591997.692905945
          ],
          [
            -6713263.099433625,
            6592110.321958049
          ],
          [
            -6713263.099433625,
            6592222.951010154
          ],
          [
            -6713263.099433625,
            6592335.580062258
          ],
          [
            -6713263.099433625,
            6592448.209114362
          ],
          [
            -6713263.099433625,
            6592560.838166466
          ],
          [
            -6713263.099433625,
            6592673.46721857
          ],
          [
            -6713263.099433625,
            6592786.096270675
          ],
          [
            -6713263.099433625,
            6592898.725322779
          ],
          [
            -6713263.099433625,
            6593011.354374884
          ],
          [
            -6713150.470381521,
            6593123.983426988
          ],
          [
            -6713150.470381521,
            6593236.612479092
          ],
          [
            -6713037.841329416,
            6593349.241531196
          ],
          [
            -6712925.212277312,
            6593461.8705833005
          ],
          [
            -6712925.212277312,
            6593574.499635405
          ],
          [
            -6712925.212277312,
            6593687.128687509
          ],
          [
            -6712925.212277312,
            6593799.757739614
          ],
          [
            -6712925.212277312,
            6593912.386791718
          ],
          [
            -6712925.212277312,
            6594025.015843822
          ],
          [
            -6712925.212277312,
            6594137.644895926
          ],
          [
            -6712812.583225208,
            6594250.273948031
          ],
          [
            -6712925.212277312,
            6594362.903000135
          ],
          [
            -6712925.212277312,
            6594475.532052239
          ],
          [
            -6712925.212277312,
            6594588.161104344
          ],
          [
            -6712812.583225208,
            6594700.790156447
          ],
          [
            -6712812.583225208,
            6594813.419208552
          ],
          [
            -6712699.954173104,
            6594813.419208552
          ],
          [
            -6712587.3251209995,
            6594813.419208552
          ],
          [
            -6712587.3251209995,
            6594926.048260656
          ],
          [
            -6712474.696068895,
            6595038.677312761
          ],
          [
            -6712474.696068895,
            6595151.306364865
          ],
          [
            -6712474.696068895,
            6595263.9354169695
          ],
          [
            -6712474.696068895,
            6595376.564469074
          ],
          [
            -6712474.696068895,
            6595489.193521177
          ],
          [
            -6712362.067016791,
            6595601.822573282
          ],
          [
            -6712362.067016791,
            6595714.451625386
          ],
          [
            -6712249.437964686,
            6595827.080677491
          ],
          [
            -6712249.437964686,
            6595939.709729595
          ],
          [
            -6712136.808912582,
            6596052.3387817
          ],
          [
            -6712024.179860478,
            6596164.967833804
          ],
          [
            -6711911.550808374,
            6596164.967833804
          ],
          [
            -6711798.921756269,
            6596277.596885907
          ],
          [
            -6711686.292704165,
            6596390.225938012
          ],
          [
            -6711573.663652061,
            6596502.854990116
          ],
          [
            -6711461.034599956,
            6596502.854990116
          ],
          [
            -6711348.405547852,
            6596502.854990116
          ],
          [
            -6711235.776495748,
            6596615.484042221
          ],
          [
            -6711123.147443644,
            6596728.113094325
          ],
          [
            -6711010.518391539,
            6596840.74214643
          ],
          [
            -6710897.889339435,
            6596953.371198533
          ],
          [
            -6710785.2602873305,
            6597066.0002506375
          ],
          [
            -6710785.2602873305,
            6597178.629302742
          ],
          [
            -6710785.2602873305,
            6597291.258354846
          ],
          [
            -6710785.2602873305,
            6597403.887406951
          ],
          [
            -6710785.2602873305,
            6597516.516459055
          ],
          [
            -6710672.631235226,
            6597629.14551116
          ],
          [
            -6710560.002183123,
            6597741.774563263
          ],
          [
            -6710560.002183123,
            6597854.403615368
          ],
          [
            -6710447.373131018,
            6597967.032667472
          ],
          [
            -6710334.744078914,
            6597967.032667472
          ],
          [
            -6710222.115026809,
            6598079.661719576
          ],
          [
            -6710109.485974705,
            6598192.290771681
          ],
          [
            -6709996.8569226,
            6598304.919823785
          ],
          [
            -6709884.227870496,
            6598304.919823785
          ],
          [
            -6709771.5988183925,
            6598417.54887589
          ],
          [
            -6709658.969766288,
            6598417.54887589
          ],
          [
            -6709546.340714184,
            6598530.177927993
          ],
          [
            -6709433.711662079,
            6598642.806980098
          ]
        ]
      },
      "properties": {
        "segment_id": "P2_sub7",
        "zone_id": "P2",
        "subzone_id": "P2_sub7",
        "length_m": 9077.67406036258,
        "slope": 0.08008067752032334,
        "drop_m": 726.9462890625,
        "downstream_id": "P2_sub6",
        "upstream_ids": [
          "P2_sub8"
        ]
      }
    },
    {
      "type": "Feature",
      "geometry": {
        "type": "LineString",
        "coordinates": [
          [
            -6712925.212277312,
            6591096.66048911
          ],
          [
            -6712925.212277312,
            6591209.289541215
          ],
          [
            -6713037.841329416,
            6591321.918593319
          ],
          [
            -6713037.841329416,
            6591434.547645424
          ],
          [
            -6713150.470381521,
            6591547.176697528
          ],
          [
            -6713263.099433625,
            6591547.176697528
          ],
          [
            -6713375.72848573,
            6591547.176697528
          ],
          [
            -6713375.72848573,
            6591659.805749632
          ],
          [
            -6713263.099433625,
            6591772.434801736
          ],
          [
            -6713263.099433625,
            6591885.06385384
          ],
          [
            -6713263.099433625,
            6591997.692905945
          ],
          [
            -6713263.099433625,
            6592110.321958049
          ],
          [
            -6713263.099433625,
            6592222.951010154
          ],
          [
            -6713263.099433625,
            6592335.580062258
          ],
          [
            -6713263.099433625,
            6592448.209114362
          ],
          [
            -6713263.099433625,
            6592560.838166466
          ],
          [
            -6713263.099433625,
            6592673.46721857
          ],
          [
            -6713263.099433625,
            6592786.096270675
          ],
          [
            -6713263.099433625,
            6592898.725322779
          ],
          [
            -6713263.099433625,
            6593011.354374884
          ],
          [
            -6713150.470381521,
            6593123.983426988
          ],
          [
            -6713150.470381521,
            6593236.612479092
          ],
          [
            -6713037.841329416,
            6593349.241531196
          ],
          [
            -6712925.212277312,
            6593461.8705833005
          ],
          [
            -6712925.212277312,
            6593574.499635405
          ],
          [
            -6712925.212277312,
            6593687.128687509
          ],
          [
            -6712925.212277312,
            6593799.757739614
          ],
          [
            -6712925.212277312,
            6593912.386791718
          ],
          [
            -6712925.212277312,
            6594025.015843822
          ],
          [
            -6712925.212277312,
            6594137.644895926
          ],
          [
            -6712812.583225208,
            6594250.273948031
          ],
          [
            -6712925.212277312,
            6594362.903000135
          ],
          [
            -6712925.212277312,
            6594475.532052239
          ],
          [
            -6712925.212277312,
            6594588.161104344
          ],
          [
            -6712812.583225208,
            6594700.790156447
          ],
          [
            -6712812.583225208,
            6594813.419208552
          ],
          [
            -6712699.954173104,
            6594813.419208552
          ],
          [
            -6712587.3251209995,
            6594813.419208552
          ],
          [
            -6712587.3251209995,
            6594926.048260656
          ],
          [
            -6712474.696068895,
            6595038.677312761
          ],
          [
            -6712474.696068895,
            6595151.306364865
          ],
          [
            -6712474.696068895,
            6595263.9354169695
          ],
          [
            -6712474.696068895,
            6595376.564469074
          ],
          [
            -6712474.696068895,
            6595489.193521177
          ],
          [
            -6712362.067016791,
            6595601.822573282
          ],
          [
            -6712362.067016791,
            6595714.451625386
          ],
          [
            -6712249.437964686,
            6595827.080677491
          ],
          [
            -6712249.437964686,
            6595939.709729595
          ],
          [
            -6712136.808912582,
            6596052.3387817
          ],
          [
            -6712024.179860478,
            6596164.967833804
          ],
          [
            -6711911.550808374,
            6596164.967833804
          ],
          [
            -6711798.921756269,
            6596277.596885907
          ],
          [
            -6711686.292704165,
            6596390.225938012
          ],
          [
            -6711573.663652061,
            6596502.854990116
          ],
          [
            -6711461.034599956,
            6596502.854990116
          ],
          [
            -6711348.405547852,
            6596502.854990116
          ],
          [
            -6711235.776495748,
            6596615.484042221
          ],
          [
            -6711123.147443644,
            6596728.113094325
          ],
          [
            -6711010.518391539,
            6596840.74214643
          ],
          [
            -6710897.889339435,
            6596953.371198533
          ],
          [
            -6710785.2602873305,
            6597066.0002506375
          ],
          [
            -6710785.2602873305,
            6597178.629302742
          ],
          [
            -6710785.2602873305,
            6597291.258354846
          ],
          [
            -6710785.2602873305,
            6597403.887406951
          ],
          [
            -6710785.2602873305,
            6597516.516459055
          ],
          [
            -6710672.631235226,
            6597629.14551116
          ],
          [
            -6710560.002183123,
            6597741.774563263
          ],
          [
            -6710560.002183123,
            6597854.403615368
          ],
          [
            -6710447.373131018,
            6597967.032667472
          ],
          [
            -6710334.744078914,
            6597967.032667472
          ],
          [
            -6710222.115026809,
            6598079.661719576
          ],
          [
            -6710109.485974705,
            6598192.290771681
          ],
          [
            -6709996.8569226,
            6598304.919823785
          ],
          [
            -6709884.227870496,
            6598304.919823785
          ],
          [
            -6709771.5988183925,
            6598417.54887589
          ],
          [
            -6709658.969766288,
            6598417.54887589
          ],
          [
            -6709546.340714184,
            6598530.177927993
          ],
          [
            -6709433.711662079,
            6598642.806980098
          ]
        ]
      },
      "properties": {
        "segment_id": "P2_sub14",
        "zone_id": "P2",
        "subzone_id": "P2_sub14",
        "length_m": 10118.663919893985,
        "slope": 0.07760619408950362,
        "drop_m": 785.27099609375,
        "downstream_id": "P2_sub6",
        "upstream_ids": [
          "P2_sub16",
          "P2_sub62"
        ]
      }
    },
    {
      "type": "Feature",
      "geometry": {
        "type": "LineString",
        "coordinates": [
          [
            -6705153.8076821165,
            6588956.708499129
          ],
          [
            -6705041.178630012,
            6589069.337551233
          ],
          [
            -6705041.178630012,
            6589181.966603338
          ],
          [
            -6704928.549577908,
            6589294.595655442
          ],
          [
            -6704928.549577908,
            6589407.224707547
          ],
          [
            -6704815.920525803,
            6589519.85375965
          ],
          [
            -6704703.291473699,
            6589632.482811755
          ],
          [
            -6704703.291473699,
            6589745.111863859
          ],
          [
            -6704590.662421595,
            6589857.740915963
          ],
          [
            -6704590.662421595,
            6589970.369968068
          ],
          [
            -6704478.033369491,
            6590082.999020172
          ],
          [
            -6704478.033369491,
            6590195.628072276
          ],
          [
            -6704478.033369491,
            6590308.25712438
          ],
          [
            -6704478.033369491,
            6590420.886176485
          ],
          [
            -6704365.404317386,
            6590533.515228589
          ],
          [
            -6704365.404317386,
            6590646.1442806935
          ],
          [
            -6704365.404317386,
            6590758.773332798
          ],
          [
            -6704365.404317386,
            6590871.402384902
          ],
          [
            -6704365.404317386,
            6590984.031437006
          ],
          [
            -6704252.775265282,
            6591096.66048911
          ],
          [
            -6704252.775265282,
            6591209.289541215
          ],
          [
            -6704252.775265282,
            6591321.918593319
          ],
          [
            -6704252.775265282,
            6591434.547645424
          ],
          [
            -6704252.775265282,
            6591547.176697528
          ],
          [
            -6704140.146213178,
            6591659.805749632
          ],
          [
            -6704027.517161073,
            6591772.434801736
          ],
          [
            -6704027.517161073,
            6591885.06385384
          ],
          [
            -6704027.517161073,
            6591997.692905945
          ],
          [
            -6704027.517161073,
            6592110.321958049
          ],
          [
            -6704027.517161073,
            6592222.951010154
          ],
          [
            -6704027.517161073,
            6592335.580062258
          ],
          [
            -6704027.517161073,
            6592448.209114362
          ]
        ]
      },
      "properties": {
        "segment_id": "P2_sub21",
        "zone_id": "P2",
        "subzone_id": "P2_sub21",
        "length_m": 3958.0254242213136,
        "slope": 0.07433102874026651,
        "drop_m": 294.2041015625,
        "downstream_id": "P2_sub15",
        "upstream_ids": [
          "P2_sub61"
        ]
      }
    },
    {
      "type": "Feature",
      "geometry": {
        "type": "LineString",
        "coordinates": [
          [
            -6713037.841329416,
            6593912.386791718
          ],
          [
            -6712925.212277312,
            6593912.386791718
          ],
          [
            -6712925.212277312,
            6594025.015843822
          ],
          [
            -6712925.212277312,
            6594137.644895926
          ],
          [
            -6712812.583225208,
            6594250.273948031
          ],
          [
            -6712925.212277312,
            6594362.903000135
          ],
          [
            -6712925.212277312,
            6594475.532052239
          ],
          [
            -6712925.212277312,
            6594588.161104344
          ],
          [
            -6712812.583225208,
            6594700.790156447
          ],
          [
            -6712812.583225208,
            6594813.419208552
          ],
          [
            -6712699.954173104,
            6594813.419208552
          ],
          [
            -6712587.3251209995,
            6594813.419208552
          ],
          [
            -6712587.3251209995,
            6594926.048260656
          ],
          [
            -6712474.696068895,
            6595038.677312761
          ],
          [
            -6712474.696068895,
            6595151.306364865
          ],
          [
            -6712474.696068895,
            6595263.9354169695
          ],
          [
            -6712474.696068895,
            6595376.564469074
          ],
          [
            -6712474.696068895,
            6595489.193521177
          ],
          [
            -6712362.067016791,
            6595601.822573282
          ],
          [
            -6712362.067016791,
            6595714.451625386
          ],
          [
            -6712249.437964686,
            6595827.080677491
          ],
          [
            -6712249.437964686,
            6595939.709729595
          ],
          [
            -6712136.808912582,
            6596052.3387817
          ],
          [
            -6712024.179860478,
            6596164.967833804
          ],
          [
            -6711911.550808374,
            6596164.967833804
          ],
          [
            -6711798.921756269,
            6596277.596885907
          ],
          [
            -6711686.292704165,
            6596390.225938012
          ],
          [
            -6711573.663652061,
            6596502.854990116
          ],
          [
            -6711461.034599956,
            6596502.854990116
          ],
          [
            -6711348.405547852,
            6596502.854990116
          ],
          [
            -6711235.776495748,
            6596615.484042221
          ],
          [
            -6711123.147443644,
            6596728.113094325
          ],
          [
            -6711010.518391539,
            6596840.74214643
          ],
          [
            -6710897.889339435,
            6596953.371198533
          ],
          [
            -6710785.2602873305,
            6597066.0002506375
          ],
          [
            -6710785.2602873305,
            6597178.629302742
          ],
          [
            -6710785.2602873305,
            6597291.258354846
          ],
          [
            -6710785.2602873305,
            6597403.887406951
          ],
          [
            -6710785.2602873305,
            6597516.516459055
          ],
          [
            -6710672.631235226,
            6597629.14551116
          ],
          [
            -6710560.002183123,
            6597741.774563263
          ],
          [
            -6710560.002183123,
            6597854.403615368
          ],
          [
            -6710447.373131018,
            6597967.032667472
          ],
          [
            -6710334.744078914,
            6597967.032667472
          ],
          [
            -6710222.115026809,
            6598079.661719576
          ],
          [
            -6710109.485974705,
            6598192.290771681
          ],
          [
            -6709996.8569226,
            6598304.919823785
          ],
          [
            -6709884.227870496,
            6598304.919823785
          ],
          [
            -6709771.5988183925,
            6598417.54887589
          ],
          [
            -6709658.969766288,
            6598417.54887589
          ],
          [
            -6709546.340714184,
            6598530.177927993
          ],
          [
            -6709433.711662079,
            6598642.806980098
          ]
        ]
      },
      "properties": {
        "segment_id": "P2_sub25",
        "zone_id": "P2",
        "subzone_id": "P2_sub25",
        "length_m": 6910.3936797880915,
        "slope": 0.10251018610696906,
        "drop_m": 708.3857421875,
        "downstream_id": "P2_sub6",
        "upstream_ids": [
          "P2_sub44"
        ]
      }
    },
    {
      "type": "Feature",
      "geometry": {
        "type": "LineString",
        "coordinates": [
          [
            -6688822.595126995,
            6597403.887406951
          ],
          [
            -6688822.595126995,
            6597291.258354846
          ],
          [
            -6688935.224179099,
            6597178.629302742
          ],
          [
            -6688935.224179099,
            6597066.0002506375
          ],
          [
            -6689047.853231203,
            6596953.371198533
          ],
          [
            -6689047.853231203,
            6596840.74214643
          ],
          [
            -6689160.482283307,
            6596728.113094325
          ],
          [
            -6689273.111335412,
            6596615.484042221
          ],
          [
            -6689385.740387516,
            6596502.854990116
          ],
          [
            -6689498.3694396205,
            6596390.225938012
          ],
          [
            -6689610.998491725,
            6596390.225938012
          ],
          [
            -6689723.627543828,
            6596390.225938012
          ],
          [
            -6689836.256595933,
            6596277.596885907
          ],
          [
            -6689948.885648037,
            6596164.967833804
          ],
          [
            -6690061.514700142,
            6596052.3387817
          ],
          [
            -6690174.143752246,
            6595939.709729595
          ],
          [
            -6690286.772804351,
            6595939.709729595
          ],
          [
            -6690399.401856455,
            6595939.709729595
          ],
          [
            -6690512.0309085585,
            6595827.080677491
          ],
          [
            -6690624.659960663,
            6595714.451625386
          ],
          [
            -6690737.289012767,
            6595601.822573282
          ],
          [
            -6690849.918064872,
            6595489.193521177
          ],
          [
            -6690962.547116976,
            6595376.564469074
          ],
          [
            -6690962.547116976,
            6595263.9354169695
          ],
          [
            -6690962.547116976,
            6595151.306364865
          ],
          [
            -6691075.176169081,
            6595038.677312761
          ],
          [
            -6691187.805221184,
            6594926.048260656
          ],
          [
            -6691300.434273289,
            6594813.419208552
          ],
          [
            -6691300.434273289,
            6594700.790156447
          ],
          [
            -6691413.063325393,
            6594588.161104344
          ],
          [
            -6691413.063325393,
            6594475.532052239
          ],
          [
            -6691525.692377497,
            6594362.903000135
          ],
          [
            -6691638.321429602,
            6594362.903000135
          ]
        ]
      },
      "properties": {
        "segment_id": "P2_sub32",
        "zone_id": "P2",
        "subzone_id": "P2_sub32",
        "length_m": 4537.179285313499,
        "slope": 0.20393863547312202,
        "drop_m": 925.30615234375,
        "downstream_id": "P2_sub24",
        "upstream_ids": []
      }
    },
    {
      "type": "Feature",
      "geometry": {
        "type": "LineString",
        "coordinates": [
          [
            -6704703.291473699,
            6587379.901769669
          ],
          [
            -6704703.291473699,
            6587492.530821773
          ],
          [
            -6704815.920525803,
            6587605.159873878
          ],
          [
            -6704928.549577908,
            6587717.788925982
          ],
          [
            -6704928.549577908,
            6587830.4179780865
          ],
          [
            -6704815.920525803,
            6587943.04703019
          ],
          [
            -6704815.920525803,
            6588055.676082294
          ],
          [
            -6704815.920525803,
            6588168.305134399
          ],
          [
            -6704928.549577908,
            6588280.934186503
          ],
          [
            -6705041.178630012,
            6588393.563238608
          ],
          [
            -6705041.178630012,
            6588506.192290712
          ],
          [
            -6705041.178630012,
            6588618.821342817
          ],
          [
            -6705041.178630012,
            6588731.45039492
          ],
          [
            -6705041.178630012,
            6588844.0794470245
          ],
          [
            -6705041.178630012,
            6588956.708499129
          ],
          [
            -6705041.178630012,
            6589069.337551233
          ],
          [
            -6705041.178630012,
            6589181.966603338
          ],
          [
            -6704928.549577908,
            6589294.595655442
          ],
          [
            -6704928.549577908,
            6589407.224707547
          ],
          [
            -6704815.920525803,
            6589519.85375965
          ],
          [
            -6704703.291473699,
            6589632.482811755
          ],
          [
            -6704703.291473699,
            6589745.111863859
          ],
          [
            -6704590.662421595,
            6589857.740915963
          ],
          [
            -6704590.662421595,
            6589970.369968068
          ],
          [
            -6704478.033369491,
            6590082.999020172
          ],
          [
            -6704478.033369491,
            6590195.628072276
          ],
          [
            -6704478.033369491,
            6590308.25712438
          ],
          [
            -6704478.033369491,
            6590420.886176485
          ],
          [
            -6704365.404317386,
            6590533.515228589
          ],
          [
            -6704365.404317386,
            6590646.1442806935
          ],
          [
            -6704365.404317386,
            6590758.773332798
          ],
          [
            -6704365.404317386,
            6590871.402384902
          ],
          [
            -6704365.404317386,
            6590984.031437006
          ],
          [
            -6704252.775265282,
            6591096.66048911
          ],
          [
            -6704252.775265282,
            6591209.289541215
          ],
          [
            -6704252.775265282,
            6591321.918593319
          ],
          [
            -6704252.775265282,
            6591434.547645424
          ],
          [
            -6704252.775265282,
            6591547.176697528
          ],
          [
            -6704140.146213178,
            6591659.805749632
          ],
          [
            -6704027.517161073,
            6591772.434801736
          ],
          [
            -6704027.517161073,
            6591885.06385384
          ],
          [
            -6704027.517161073,
            6591997.692905945
          ],
          [
            -6704027.517161073,
            6592110.321958049
          ],
          [
            -6704027.517161073,
            6592222.951010154
          ],
          [
            -6704027.517161073,
            6592335.580062258
          ],
          [
            -6704027.517161073,
            6592448.209114362
          ]
        ]
      },
      "properties": {
        "segment_id": "P2_sub35",
        "zone_id": "P2",
        "subzone_id": "P2_sub35",
        "length_m": 5721.442077277243,
        "slope": 0.09257808933955296,
        "drop_m": 529.68017578125,
        "downstream_id": "P2_sub15",
        "upstream_ids": []
      }
    },
    {
      "type": "Feature",
      "geometry": {
        "type": "LineString",
        "coordinates": [
          [
            -6707856.904932619,
            6587042.014613356
          ],
          [
            -6707969.5339847235,
            6587042.014613356
          ],
          [
            -6708082.163036828,
            6587154.643665461
          ],
          [
            -6708194.792088932,
            6587267.272717564
          ],
          [
            -6708194.792088932,
            6587379.901769669
          ],
          [
            -6708194.792088932,
            6587492.530821773
          ],
          [
            -6708194.792088932,
            6587605.159873878
          ],
          [
            -6708082.163036828,
            6587717.788925982
          ],
          [
            -6708082.163036828,
            6587830.4179780865
          ],
          [
            -6708082.163036828,
            6587943.04703019
          ],
          [
            -6708082.163036828,
            6588055.676082294
          ],
          [
            -6707969.5339847235,
            6588168.305134399
          ],
          [
            -6708082.163036828,
            6588280.934186503
          ],
          [
            -6708082.163036828,
            6588393.563238608
          ],
          [
            -6708082.163036828,
            6588506.192290712
          ],
          [
            -6708082.163036828,
            6588618.821342817
          ],
          [
            -6708082.163036828,
            6588731.45039492
          ],
          [
            -6708082.163036828,
            6588844.0794470245
          ],
          [
            -6708082.163036828,
            6588956.708499129
          ],
          [
            -6708082.163036828,
            6589069.337551233
          ],
          [
            -6707969.5339847235,
            6589181.966603338
          ],
          [
            -6707969.5339847235,
            6589294.595655442
          ],
          [
            -6707969.5339847235,
            6589407.224707547
          ],
          [
            -6707969.5339847235,
            6589519.85375965
          ],
          [
            -6707969.5339847235,
            6589632.482811755
          ],
          [
            -6707969.5339847235,
            6589745.111863859
          ],
          [
            -6707969.5339847235,
            6589857.740915963
          ],
          [
            -6708082.163036828,
            6589970.369968068
          ],
          [
            -6708194.792088932,
            6590082.999020172
          ],
          [
            -6708307.421141037,
            6590195.628072276
          ],
          [
            -6708420.05019314,
            6590195.628072276
          ],
          [
            -6708532.679245245,
            6590308.25712438
          ],
          [
            -6708645.308297349,
            6590308.25712438
          ],
          [
            -6708757.937349454,
            6590420.886176485
          ],
          [
            -6708870.566401558,
            6590533.515228589
          ],
          [
            -6708870.566401558,
            6590646.1442806935
          ],
          [
            -6708870.566401558,
            6590758.773332798
          ],
          [
            -6708870.566401558,
            6590871.402384902
          ],
          [
            -6708870.566401558,
            6590984.031437006
          ],
          [
            -6708870.566401558,
            6591096.66048911
          ],
          [
            -6708757.937349454,
            6591209.289541215
          ],
          [
            -6708757.937349454,
            6591321.918593319
          ],
          [
            -6708757.937349454,
            6591434.547645424
          ],
          [
            -6708757.937349454,
            6591547.176697528
          ],
          [
            -6708870.566401558,
            6591659.805749632
          ],
          [
            -6708870.566401558,
            6591772.434801736
          ],
          [
            -6708870.566401558,
            6591885.06385384
          ],
          [
            -6708983.195453662,
            6591997.692905945
          ],
          [
            -6708983.195453662,
            6592110.321958049
          ],
          [
            -6708983.195453662,
            6592222.951010154
          ],
          [
            -6708983.195453662,
            6592335.580062258
          ],
          [
            -6708983.195453662,
            6592448.209114362
          ],
          [
            -6708983.195453662,
            6592560.838166466
          ],
          [
            -6708983.195453662,
            6592673.46721857
          ],
          [
            -6708983.195453662,
            6592786.096270675
          ],
          [
            -6708983.195453662,
            6592898.725322779
          ],
          [
            -6709095.824505767,
            6593011.354374884
          ],
          [
            -6709095.824505767,
            6593123.983426988
          ],
          [
            -6709095.824505767,
            6593236.612479092
          ],
          [
            -6709208.45355787,
            6593349.241531196
          ],
          [
            -6709321.082609975,
            6593461.8705833005
          ],
          [
            -6709321.082609975,
            6593574.499635405
          ],
          [
            -6709321.082609975,
            6593687.128687509
          ],
          [
            -6709321.082609975,
            6593799.757739614
          ],
          [
            -6709208.45355787,
            6593912.386791718
          ],
          [
            -6709095.824505767,
            6594025.015843822
          ],
          [
            -6708983.195453662,
            6594137.644895926
          ],
          [
            -6708870.566401558,
            6594250.273948031
          ],
          [
            -6708870.566401558,
            6594362.903000135
          ],
          [
            -6708870.566401558,
            6594475.532052239
          ],
          [
            -6708870.566401558,
            6594588.161104344
          ],
          [
            -6708870.566401558,
            6594700.790156447
          ],
          [
            -6708870.566401558,
            6594813.419208552
          ],
          [
            -6708870.566401558,
            6594926.048260656
          ],
          [
            -6708870.566401558,
            6595038.677312761
          ]
        ]
      },
      "properties": {
        "segment_id": "P2_sub51",
        "zone_id": "P2",
        "subzone_id": "P2_sub51",
        "length_m": 9360.904435491395,
        "slope": 0.07332665484664973,
        "drop_m": 686.40380859375,
        "downstream_id": "P2_sub22",
        "upstream_ids": []
      }
    },
    {
      "type": "Feature",
      "geometry": {
        "type": "LineString",
        "coordinates": [
          [
            -6712474.696068895,
            6595601.822573282
          ],
          [
            -6712362.067016791,
            6595601.822573282
          ],
          [
            -6712362.067016791,
            6595714.451625386
          ],
          [
            -6712249.437964686,
            6595827.080677491
          ],
          [
            -6712249.437964686,
            6595939.709729595
          ],
          [
            -6712136.808912582,
            6596052.3387817
          ],
          [
            -6712024.179860478,
            6596164.967833804
          ],
          [
            -6711911.550808374,
            6596164.967833804
          ],
          [
            -6711798.921756269,
            6596277.596885907
          ],
          [
            -6711686.292704165,
            6596390.225938012
          ],
          [
            -6711573.663652061,
            6596502.854990116
          ],
          [
            -6711461.034599956,
            6596502.854990116
          ],
          [
            -6711348.405547852,
            6596502.854990116
          ],
          [
            -6711235.776495748,
            6596615.484042221
          ],
          [
            -6711123.147443644,
            6596728.113094325
          ],
          [
            -6711010.518391539,
            6596840.74214643
          ],
          [
            -6710897.889339435,
            6596953.371198533
          ],
          [
            -6710785.2602873305,
            6597066.0002506375
          ],
          [
            -6710785.2602873305,
            6597178.629302742
          ],
          [
            -6710785.2602873305,
            6597291.258354846
          ],
          [
            -6710785.2602873305,
            6597403.887406951
          ],
          [
            -6710785.2602873305,
            6597516.516459055
          ],
          [
            -6710672.631235226,
            6597629.14551116
          ],
          [
            -6710560.002183123,
            6597741.774563263
          ],
          [
            -6710560.002183123,
            6597854.403615368
          ],
          [
            -6710447.373131018,
            6597967.032667472
          ],
          [
            -6710334.744078914,
            6597967.032667472
          ],
          [
            -6710222.115026809,
            6598079.661719576
          ],
          [
            -6710109.485974705,
            6598192.290771681
          ],
          [
            -6709996.8569226,
            6598304.919823785
          ],
          [
            -6709884.227870496,
            6598304.919823785
          ],
          [
            -6709771.5988183925,
            6598417.54887589
          ],
          [
            -6709658.969766288,
            6598417.54887589
          ],
          [
            -6709546.340714184,
            6598530.177927993
          ],
          [
            -6709433.711662079,
            6598642.806980098
          ]
        ]
      },
      "properties": {
        "segment_id": "P2_sub54",
        "zone_id": "P2",
        "subzone_id": "P2_sub54",
        "length_m": 4762.437389522901,
        "slope": 0.13994022145780174,
        "drop_m": 666.45654296875,
        "downstream_id": "P2_sub6",
        "upstream_ids": []
      }
    },
    {
      "type": "Feature",
      "geometry": {
        "type": "LineString",
        "coordinates": [
          [
            -6709095.824505767,
            6592448.209114362
          ],
          [
            -6708983.195453662,
            6592560.838166466
          ],
          [
            -6708983.195453662,
            6592673.46721857
          ],
          [
            -6708983.195453662,
            6592786.096270675
          ],
          [
            -6708983.195453662,
            6592898.725322779
          ],
          [
            -6709095.824505767,
            6593011.354374884
          ],
          [
            -6709095.824505767,
            6593123.983426988
          ],
          [
            -6709095.824505767,
            6593236.612479092
          ],
          [
            -6709208.45355787,
            6593349.241531196
          ],
          [
            -6709321.082609975,
            6593461.8705833005
          ],
          [
            -6709321.082609975,
            6593574.499635405
          ],
          [
            -6709321.082609975,
            6593687.128687509
          ],
          [
            -6709321.082609975,
            6593799.757739614
          ],
          [
            -6709208.45355787,
            6593912.386791718
          ],
          [
            -6709095.824505767,
            6594025.015843822
          ],
          [
            -6708983.195453662,
            6594137.644895926
          ],
          [
            -6708870.566401558,
            6594250.273948031
          ],
          [
            -6708870.566401558,
            6594362.903000135
          ],
          [
            -6708870.566401558,
            6594475.532052239
          ],
          [
            -6708870.566401558,
            6594588.161104344
          ],
          [
            -6708870.566401558,
            6594700.790156447
          ],
          [
            -6708870.566401558,
            6594813.419208552
          ],
          [
            -6708870.566401558,
            6594926.048260656
          ],
          [
            -6708870.566401558,
            6595038.677312761
          ]
        ]
      },
      "properties": {
        "segment_id": "P2_sub58",
        "zone_id": "P2",
        "subzone_id": "P2_sub58",
        "length_m": 2963.688045589057,
        "slope": 0.08041771068558243,
        "drop_m": 238.3330078125,
        "downstream_id": "P2_sub22",
        "upstream_ids": []
      }
    },
    {
      "type": "Feature",
      "geometry": {
        "type": "LineString",
        "coordinates": [
          [
            -6709433.711662079,
            6598642.806980098
          ],
          [
            -6709321.082609975,
            6598755.436032202
          ],
          [
            -6709208.45355787,
            6598868.0650843065
          ],
          [
            -6709208.45355787,
            6598980.694136411
          ],
          [
            -6709095.824505767,
            6599093.323188515
          ],
          [
            -6709095.824505767,
            6599205.952240619
          ],
          [
            -6709095.824505767,
            6599318.581292723
          ],
          [
            -6709095.824505767,
            6599431.210344828
          ],
          [
            -6708983.195453662,
            6599543.839396932
          ],
          [
            -6708983.195453662,
            6599656.468449037
          ],
          [
            -6708870.566401558,
            6599769.097501141
          ],
          [
            -6708757.937349454,
            6599881.726553245
          ],
          [
            -6708645.308297349,
            6599881.726553245
          ],
          [
            -6708645.308297349,
            6599994.355605349
          ],
          [
            -6708532.679245245,
            6600106.984657453
          ],
          [
            -6708645.308297349,
            6600219.613709558
          ]
        ]
      },
      "properties": {
        "segment_id": "P2_sub6",
        "zone_id": "P2",
        "subzone_id": "P2_sub6",
        "length_m": 2062.655628754947,
        "slope": 0.04554698932606526,
        "drop_m": 93.94775390625,
        "downstream_id": "P2_sub5",
        "upstream_ids": [
          "P2_sub7",
          "P2_sub14",
          "P2_sub25",
          "P2_sub54"
        ]
      }
    },
    {
      "type": "Feature",
      "geometry": {
        "type": "LineString",
        "coordinates": [
          [
            -6704027.517161073,
            6592448.209114362
          ],
          [
            -6704027.517161073,
            6592560.838166466
          ],
          [
            -6704027.517161073,
            6592673.46721857
          ],
          [
            -6704027.517161073,
            6592786.096270675
          ],
          [
            -6704140.146213178,
            6592898.725322779
          ],
          [
            -6704140.146213178,
            6593011.354374884
          ]
        ]
      },
      "properties": {
        "segment_id": "P2_sub15",
        "zone_id": "P2",
        "subzone_id": "P2_sub15",
        "length_m": 609.7977414210222,
        "slope": 0.012902907846402778,
        "drop_m": 7.8681640625,
        "downstream_id": "P2_sub11",
        "upstream_ids": [
          "P2_sub21",
          "P2_sub35"
        ]
      }
    },
    {
      "type": "Feature",
      "geometry": {
        "type": "LineString",
        "coordinates": [
          [
            -6708870.566401558,
            6595038.677312761
          ],
          [
            -6708870.566401558,
            6595151.306364865
          ],
          [
            -6708870.566401558,
            6595263.9354169695
          ],
          [
            -6708870.566401558,
            6595376.564469074
          ],
          [
            -6708870.566401558,
            6595489.193521177
          ],
          [
            -6708870.566401558,
            6595601.822573282
          ],
          [
            -6708983.195453662,
            6595714.451625386
          ],
          [
            -6708983.195453662,
            6595827.080677491
          ],
          [
            -6708983.195453662,
            6595939.709729595
          ],
          [
            -6708983.195453662,
            6596052.3387817
          ],
          [
            -6709095.824505767,
            6596164.967833804
          ],
          [
            -6709095.824505767,
            6596277.596885907
          ],
          [
            -6709095.824505767,
            6596390.225938012
          ],
          [
            -6709095.824505767,
            6596502.854990116
          ],
          [
            -6709208.45355787,
            6596615.484042221
          ],
          [
            -6709208.45355787,
            6596728.113094325
          ],
          [
            -6709321.082609975,
            6596840.74214643
          ],
          [
            -6709321.082609975,
            6596953.371198533
          ],
          [
            -6709321.082609975,
            6597066.0002506375
          ],
          [
            -6709321.082609975,
            6597178.629302742
          ],
          [
            -6709321.082609975,
            6597291.258354846
          ],
          [
            -6709321.082609975,
            6597403.887406951
          ],
          [
            -6709321.082609975,
            6597516.516459055
          ],
          [
            -6709321.082609975,
            6597629.14551116
          ],
          [
            -6709321.082609975,
            6597741.774563263
          ],
          [
            -6709321.082609975,
            6597854.403615368
          ],
          [
            -6709321.082609975,
            6597967.032667472
          ],
          [
            -6709321.082609975,
            6598079.661719576
          ],
          [
            -6709321.082609975,
            6598192.290771681
          ],
          [
            -6709321.082609975,
            6598304.919823785
          ],
          [
            -6709321.082609975,
            6598417.54887589
          ],
          [
            -6709321.082609975,
            6598530.177927993
          ],
          [
            -6709321.082609975,
            6598642.806980098
          ],
          [
            -6709321.082609975,
            6598755.436032202
          ],
          [
            -6709208.45355787,
            6598868.0650843065
          ],
          [
            -6709208.45355787,
            6598980.694136411
          ],
          [
            -6709095.824505767,
            6599093.323188515
          ],
          [
            -6709095.824505767,
            6599205.952240619
          ],
          [
            -6709095.824505767,
            6599318.581292723
          ],
          [
            -6709095.824505767,
            6599431.210344828
          ],
          [
            -6708983.195453662,
            6599543.839396932
          ],
          [
            -6708983.195453662,
            6599656.468449037
          ],
          [
            -6708870.566401558,
            6599769.097501141
          ],
          [
            -6708757.937349454,
            6599881.726553245
          ],
          [
            -6708645.308297349,
            6599881.726553245
          ],
          [
            -6708645.308297349,
            6599994.355605349
          ],
          [
            -6708532.679245245,
            6600106.984657453
          ],
          [
            -6708645.308297349,
            6600219.613709558
          ]
        ]
      },
      "properties": {
        "segment_id": "P2_sub22",
        "zone_id": "P2",
        "subzone_id": "P2_sub22",
        "length_m": 5806.7427387879825,
        "slope": 0.11200643930382798,
        "drop_m": 650.392578125,
        "downstream_id": "P2_sub5",
        "upstream_ids": [
          "P2_sub51",
          "P2_sub58"
        ]
      }
    },
    {
      "type": "Feature",
      "geometry": {
        "type": "LineString",
        "coordinates": [
          [
            -6691638.321429602,
            6594362.903000135
          ],
          [
            -6691750.950481706,
            6594362.903000135
          ],
          [
            -6691863.579533811,
            6594475.532052239
          ],
          [
            -6691976.208585914,
            6594588.161104344
          ],
          [
            -6691976.208585914,
            6594700.790156447
          ]
        ]
      },
      "properties": {
        "segment_id": "P2_sub24",
        "zone_id": "P2",
        "subzone_id": "P2_sub24",
        "length_m": 543.8211702138842,
        "slope": 0.005823591211527175,
        "drop_m": 3.1669921875,
        "downstream_id": "P2_sub17",
        "upstream_ids": [
          "P2_sub32"
        ]
      }
    },
    {
      "type": "Feature",
      "geometry": {
        "type": "LineString",
        "coordinates": [
          [
            -6700873.903702154,
            6589632.482811755
          ],
          [
            -6700986.532754257,
            6589632.482811755
          ],
          [
            -6701099.161806362,
            6589632.482811755
          ],
          [
            -6701211.790858466,
            6589745.111863859
          ],
          [
            -6701324.419910571,
            6589745.111863859
          ],
          [
            -6701437.048962675,
            6589857.740915963
          ],
          [
            -6701549.678014779,
            6589970.369968068
          ],
          [
            -6701662.307066883,
            6589970.369968068
          ],
          [
            -6701774.936118987,
            6590082.999020172
          ],
          [
            -6701887.565171092,
            6590195.628072276
          ],
          [
            -6702000.194223196,
            6590308.25712438
          ],
          [
            -6702112.823275301,
            6590308.25712438
          ],
          [
            -6702225.452327405,
            6590420.886176485
          ],
          [
            -6702338.0813795095,
            6590533.515228589
          ],
          [
            -6702450.710431613,
            6590646.1442806935
          ],
          [
            -6702563.339483717,
            6590646.1442806935
          ],
          [
            -6702675.968535822,
            6590758.773332798
          ],
          [
            -6702788.597587926,
            6590758.773332798
          ],
          [
            -6702901.226640031,
            6590871.402384902
          ],
          [
            -6703013.855692135,
            6590984.031437006
          ],
          [
            -6703013.855692135,
            6591096.66048911
          ],
          [
            -6703126.48474424,
            6591209.289541215
          ],
          [
            -6703239.113796343,
            6591321.918593319
          ],
          [
            -6703351.7428484475,
            6591434.547645424
          ],
          [
            -6703464.371900552,
            6591547.176697528
          ],
          [
            -6703577.000952656,
            6591659.805749632
          ],
          [
            -6703689.630004761,
            6591772.434801736
          ],
          [
            -6703802.259056865,
            6591885.06385384
          ],
          [
            -6703802.259056865,
            6591997.692905945
          ],
          [
            -6703689.630004761,
            6592110.321958049
          ],
          [
            -6703689.630004761,
            6592222.951010154
          ],
          [
            -6703802.259056865,
            6592335.580062258
          ],
          [
            -6703914.888108969,
            6592448.209114362
          ],
          [
            -6704027.517161073,
            6592560.838166466
          ],
          [
            -6704027.517161073,
            6592673.46721857
          ],
          [
            -6704027.517161073,
            6592786.096270675
          ],
          [
            -6704140.146213178,
            6592898.725322779
          ],
          [
            -6704140.146213178,
            6593011.354374884
          ]
        ]
      },
      "properties": {
        "segment_id": "P2_sub31",
        "zone_id": "P2",
        "subzone_id": "P2_sub31",
        "length_m": 5286.9344694305055,
        "slope": 0.05182846003849108,
        "drop_m": 274.013671875,
        "downstream_id": "P2_sub11",
        "upstream_ids": []
      }
    },
    {
      "type": "Feature",
      "geometry": {
        "type": "LineString",
        "coordinates": [
          [
            -6694003.531523792,
            6596277.596885907
          ],
          [
            -6694003.531523792,
            6596164.967833804
          ]
        ]
      },
      "properties": {
        "segment_id": "P2_sub34",
        "zone_id": "P2",
        "subzone_id": "P2_sub34",
        "length_m": 112.62905210349709,
        "slope": 0.003971139032485142,
        "drop_m": 0.447265625,
        "downstream_id": "P2_sub30",
        "upstream_ids": []
      }
    },
    {
      "type": "Feature",
      "geometry": {
        "type": "LineString",
        "coordinates": [
          [
            -6713826.244694146,
            6601571.162334809
          ],
          [
            -6713713.615642042,
            6601571.162334809
          ],
          [
            -6713600.9865899375,
            6601683.7913869135
          ],
          [
            -6713488.357537834,
            6601796.420439018
          ],
          [
            -6713375.72848573,
            6601909.049491122
          ],
          [
            -6713263.099433625,
            6602021.678543227
          ],
          [
            -6713150.470381521,
            6602134.307595331
          ],
          [
            -6713037.841329416,
            6602246.936647435
          ],
          [
            -6712925.212277312,
            6602359.565699539
          ],
          [
            -6712812.583225208,
            6602472.194751644
          ],
          [
            -6712699.954173104,
            6602584.823803748
          ],
          [
            -6712587.3251209995,
            6602584.823803748
          ],
          [
            -6712474.696068895,
            6602697.452855852
          ],
          [
            -6712362.067016791,
            6602810.081907957
          ],
          [
            -6712249.437964686,
            6602810.081907957
          ],
          [
            -6712136.808912582,
            6602922.71096006
          ],
          [
            -6712024.179860478,
            6602922.71096006
          ],
          [
            -6711911.550808374,
            6602922.71096006
          ],
          [
            -6711798.921756269,
            6602922.71096006
          ],
          [
            -6711686.292704165,
            6602922.71096006
          ],
          [
            -6711573.663652061,
            6603035.340012165
          ],
          [
            -6711461.034599956,
            6603035.340012165
          ],
          [
            -6711348.405547852,
            6603035.340012165
          ],
          [
            -6711235.776495748,
            6603035.340012165
          ],
          [
            -6711123.147443644,
            6603035.340012165
          ],
          [
            -6711010.518391539,
            6603147.969064269
          ],
          [
            -6710897.889339435,
            6603260.598116374
          ],
          [
            -6710785.2602873305,
            6603260.598116374
          ],
          [
            -6710672.631235226,
            6603147.969064269
          ],
          [
            -6710560.002183123,
            6603035.340012165
          ],
          [
            -6710447.373131018,
            6602922.71096006
          ],
          [
            -6710334.744078914,
            6602810.081907957
          ],
          [
            -6710222.115026809,
            6602810.081907957
          ],
          [
            -6710109.485974705,
            6602810.081907957
          ],
          [
            -6709996.8569226,
            6602922.71096006
          ],
          [
            -6709884.227870496,
            6603035.340012165
          ],
          [
            -6709771.5988183925,
            6603147.969064269
          ],
          [
            -6709658.969766288,
            6603147.969064269
          ],
          [
            -6709546.340714184,
            6603035.340012165
          ],
          [
            -6709433.711662079,
            6602922.71096006
          ],
          [
            -6709321.082609975,
            6602810.081907957
          ],
          [
            -6709208.45355787,
            6602810.081907957
          ]
        ]
      },
      "properties": {
        "segment_id": "P2_sub36",
        "zone_id": "P2",
        "subzone_id": "P2_sub36",
        "length_m": 5784.10315874578,
        "slope": 0.11505841914640204,
        "drop_m": 665.509765625,
        "downstream_id": "P2_sub19",
        "upstream_ids": []
      }
    },
    {
      "type": "Feature",
      "geometry": {
        "type": "LineString",
        "coordinates": [
          [
            -6705153.8076821165,
            6597741.774563263
          ],
          [
            -6705266.436734221,
            6597629.14551116
          ],
          [
            -6705379.065786324,
            6597629.14551116
          ],
          [
            -6705491.694838429,
            6597629.14551116
          ],
          [
            -6705604.323890533,
            6597629.14551116
          ],
          [
            -6705716.952942638,
            6597741.774563263
          ],
          [
            -6705829.581994742,
            6597854.403615368
          ],
          [
            -6705942.211046847,
            6597967.032667472
          ],
          [
            -6706054.840098951,
            6598079.661719576
          ],
          [
            -6706167.4691510545,
            6598079.661719576
          ],
          [
            -6706280.098203159,
            6598079.661719576
          ]
        ]
      },
      "properties": {
        "segment_id": "P2_sub38",
        "zone_id": "P2",
        "subzone_id": "P2_sub38",
        "length_m": 1359.5529255355054,
        "slope": 0.013369658121503784,
        "drop_m": 18.1767578125,
        "downstream_id": "P2_sub29",
        "upstream_ids": []
      }
    },
    {
      "type": "Feature",
      "geometry": {
        "type": "LineString",
        "coordinates": [
          [
            -6701437.048962675,
            6590082.999020172
          ],
          [
            -6701549.678014779,
            6589970.369968068
          ],
          [
            -6701662.307066883,
            6589970.369968068
          ],
          [
            -6701774.936118987,
            6590082.999020172
          ],
          [
            -6701887.565171092,
            6590195.628072276
          ],
          [
            -6702000.194223196,
            6590308.25712438
          ],
          [
            -6702112.823275301,
            6590308.25712438
          ],
          [
            -6702225.452327405,
            6590420.886176485
          ],
          [
            -6702338.0813795095,
            6590533.515228589
          ],
          [
            -6702450.710431613,
            6590646.1442806935
          ],
          [
            -6702563.339483717,
            6590646.1442806935
          ],
          [
            -6702675.968535822,
            6590758.773332798
          ],
          [
            -6702788.597587926,
            6590758.773332798
          ],
          [
            -6702901.226640031,
            6590871.402384902
          ],
          [
            -6703013.855692135,
            6590984.031437006
          ],
          [
            -6703013.855692135,
            6591096.66048911
          ],
          [
            -6703126.48474424,
            6591209.289541215
          ],
          [
            -6703239.113796343,
            6591321.918593319
          ],
          [
            -6703351.7428484475,
            6591434.547645424
          ],
          [
            -6703464.371900552,
            6591547.176697528
          ],
          [
            -6703577.000952656,
            6591659.805749632
          ],
          [
            -6703689.630004761,
            6591772.434801736
          ],
          [
            -6703802.259056865,
            6591885.06385384
          ],
          [
            -6703802.259056865,
            6591997.692905945
          ],
          [
            -6703689.630004761,
            6592110.321958049
          ],
          [
            -6703689.630004761,
            6592222.951010154
          ],
          [
            -6703802.259056865,
            6592335.580062258
          ],
          [
            -6703914.888108969,
            6592448.209114362
          ],
          [
            -6704027.517161073,
            6592560.838166466
          ],
          [
            -6704027.517161073,
            6592673.46721857
          ],
          [
            -6704027.517161073,
            6592786.096270675
          ],
          [
            -6704140.146213178,
            6592898.725322779
          ],
          [
            -6704140.146213178,
            6593011.354374884
          ]
        ]
      },
      "properties": {
        "segment_id": "P2_sub46",
        "zone_id": "P2",
        "subzone_id": "P2_sub46",
        "length_m": 4630.4842471115335,
        "slope": 0.057049855465124755,
        "drop_m": 264.16845703125,
        "downstream_id": "P2_sub11",
        "upstream_ids": []
      }
    },
    {
      "type": "Feature",
      "geometry": {
        "type": "LineString",
        "coordinates": [
          [
            -6712024.179860478,
            6603035.340012165
          ],
          [
            -6711911.550808374,
            6602922.71096006
          ],
          [
            -6711798.921756269,
            6602922.71096006
          ],
          [
            -6711686.292704165,
            6602922.71096006
          ],
          [
            -6711573.663652061,
            6603035.340012165
          ],
          [
            -6711461.034599956,
            6603035.340012165
          ],
          [
            -6711348.405547852,
            6603035.340012165
          ],
          [
            -6711235.776495748,
            6603035.340012165
          ],
          [
            -6711123.147443644,
            6603035.340012165
          ],
          [
            -6711010.518391539,
            6603147.969064269
          ],
          [
            -6710897.889339435,
            6603260.598116374
          ],
          [
            -6710785.2602873305,
            6603260.598116374
          ],
          [
            -6710672.631235226,
            6603147.969064269
          ],
          [
            -6710560.002183123,
            6603035.340012165
          ],
          [
            -6710447.373131018,
            6602922.71096006
          ],
          [
            -6710334.744078914,
            6602810.081907957
          ],
          [
            -6710222.115026809,
            6602810.081907957
          ],
          [
            -6710109.485974705,
            6602810.081907957
          ],
          [
            -6709996.8569226,
            6602922.71096006
          ],
          [
            -6709884.227870496,
            6603035.340012165
          ],
          [
            -6709771.5988183925,
            6603147.969064269
          ],
          [
            -6709658.969766288,
            6603147.969064269
          ],
          [
            -6709546.340714184,
            6603035.340012165
          ],
          [
            -6709433.711662079,
            6602922.71096006
          ],
          [
            -6709321.082609975,
            6602810.081907957
          ],
          [
            -6709208.45355787,
            6602810.081907957
          ]
        ]
      },
      "properties": {
        "segment_id": "P2_sub53",
        "zone_id": "P2",
        "subzone_id": "P2_sub53",
        "length_m": 3468.861035190809,
        "slope": 0.11369075826485414,
        "drop_m": 394.37744140625,
        "downstream_id": "P2_sub19",
        "upstream_ids": []
      }
    },
    {
      "type": "Feature",
      "geometry": {
        "type": "LineString",
        "coordinates": [
          [
            -6709321.082609975,
            6598868.0650843065
          ],
          [
            -6709208.45355787,
            6598980.694136411
          ],
          [
            -6709095.824505767,
            6599093.323188515
          ],
          [
            -6709095.824505767,
            6599205.952240619
          ],
          [
            -6709095.824505767,
            6599318.581292723
          ],
          [
            -6709095.824505767,
            6599431.210344828
          ],
          [
            -6708983.195453662,
            6599543.839396932
          ],
          [
            -6708983.195453662,
            6599656.468449037
          ],
          [
            -6708870.566401558,
            6599769.097501141
          ],
          [
            -6708757.937349454,
            6599881.726553245
          ],
          [
            -6708645.308297349,
            6599881.726553245
          ],
          [
            -6708645.308297349,
            6599994.355605349
          ],
          [
            -6708532.679245245,
            6600106.984657453
          ],
          [
            -6708645.308297349,
            6600219.613709558
          ]
        ]
      },
      "properties": {
        "segment_id": "P2_sub56",
        "zone_id": "P2",
        "subzone_id": "P2_sub56",
        "length_m": 1790.7450436472095,
        "slope": 0.032852564140805784,
        "drop_m": 58.83056640625,
        "downstream_id": "P2_sub5",
        "upstream_ids": []
      }
    },
    {
      "type": "Feature",
      "geometry": {
        "type": "LineString",
        "coordinates": [
          [
            -6708645.308297349,
            6600219.613709558
          ],
          [
            -6708532.679245245,
            6600332.242761662
          ],
          [
            -6708532.679245245,
            6600444.871813767
          ],
          [
            -6708420.05019314,
            6600557.500865871
          ],
          [
            -6708307.421141037,
            6600670.129917975
          ],
          [
            -6708307.421141037,
            6600782.758970079
          ],
          [
            -6708307.421141037,
            6600895.388022183
          ],
          [
            -6708307.421141037,
            6601008.017074288
          ],
          [
            -6708194.792088932,
            6601120.646126392
          ],
          [
            -6708082.163036828,
            6601233.275178497
          ],
          [
            -6707969.5339847235,
            6601345.904230601
          ],
          [
            -6707856.904932619,
            6601458.533282705
          ],
          [
            -6707744.275880515,
            6601571.162334809
          ],
          [
            -6707744.275880515,
            6601683.7913869135
          ],
          [
            -6707631.64682841,
            6601796.420439018
          ]
        ]
      },
      "properties": {
        "segment_id": "P2_sub5",
        "zone_id": "P2",
        "subzone_id": "P2_sub5",
        "length_m": 1996.679057549944,
        "slope": 0.01129536695993811,
        "drop_m": 22.55322265625,
        "downstream_id": "P2_sub4",
        "upstream_ids": [
          "P2_sub6",
          "P2_sub22",
          "P2_sub56"
        ]
      }
    },
    {
      "type": "Feature",
      "geometry": {
        "type": "LineString",
        "coordinates": [
          [
            -6704140.146213178,
            6593011.354374884
          ],
          [
            -6704140.146213178,
            6593123.983426988
          ],
          [
            -6704252.775265282,
            6593236.612479092
          ],
          [
            -6704365.404317386,
            6593349.241531196
          ],
          [
            -6704365.404317386,
            6593461.8705833005
          ],
          [
            -6704478.033369491,
            6593574.499635405
          ],
          [
            -6704590.662421595,
            6593687.128687509
          ],
          [
            -6704703.291473699,
            6593799.757739614
          ],
          [
            -6704703.291473699,
            6593912.386791718
          ],
          [
            -6704703.291473699,
            6594025.015843822
          ],
          [
            -6704703.291473699,
            6594137.644895926
          ],
          [
            -6704703.291473699,
            6594250.273948031
          ],
          [
            -6704703.291473699,
            6594362.903000135
          ],
          [
            -6704703.291473699,
            6594475.532052239
          ],
          [
            -6704703.291473699,
            6594588.161104344
          ],
          [
            -6704703.291473699,
            6594700.790156447
          ],
          [
            -6704703.291473699,
            6594813.419208552
          ],
          [
            -6704815.920525803,
            6594926.048260656
          ],
          [
            -6704815.920525803,
            6595038.677312761
          ],
          [
            -6704815.920525803,
            6595151.306364865
          ],
          [
            -6704815.920525803,
            6595263.9354169695
          ],
          [
            -6704815.920525803,
            6595376.564469074
          ],
          [
            -6704815.920525803,
            6595489.193521177
          ],
          [
            -6704815.920525803,
            6595601.822573282
          ],
          [
            -6704815.920525803,
            6595714.451625386
          ],
          [
            -6704815.920525803,
            6595827.080677491
          ],
          [
            -6704928.549577908,
            6595939.709729595
          ],
          [
            -6705041.178630012,
            6596052.3387817
          ],
          [
            -6705153.8076821165,
            6596164.967833804
          ],
          [
            -6705266.436734221,
            6596164.967833804
          ],
          [
            -6705379.065786324,
            6596277.596885907
          ],
          [
            -6705491.694838429,
            6596390.225938012
          ],
          [
            -6705604.323890533,
            6596390.225938012
          ],
          [
            -6705716.952942638,
            6596390.225938012
          ],
          [
            -6705829.581994742,
            6596502.854990116
          ],
          [
            -6705942.211046847,
            6596615.484042221
          ],
          [
            -6706054.840098951,
            6596728.113094325
          ],
          [
            -6706054.840098951,
            6596840.74214643
          ],
          [
            -6706054.840098951,
            6596953.371198533
          ],
          [
            -6706054.840098951,
            6597066.0002506375
          ],
          [
            -6706054.840098951,
            6597178.629302742
          ],
          [
            -6706054.840098951,
            6597291.258354846
          ],
          [
            -6706054.840098951,
            6597403.887406951
          ],
          [
            -6706054.840098951,
            6597516.516459055
          ],
          [
            -6706167.4691510545,
            6597629.14551116
          ],
          [
            -6706280.098203159,
            6597629.14551116
          ],
          [
            -6706280.098203159,
            6597741.774563263
          ],
          [
            -6706392.727255263,
            6597854.403615368
          ],
          [
            -6706392.727255263,
            6597967.032667472
          ],
          [
            -6706392.727255263,
            6598079.661719576
          ],
          [
            -6706505.356307368,
            6598192.290771681
          ],
          [
            -6706617.985359472,
            6598192.290771681
          ],
          [
            -6706617.985359472,
            6598304.919823785
          ],
          [
            -6706730.614411577,
            6598417.54887589
          ],
          [
            -6706730.614411577,
            6598530.177927993
          ],
          [
            -6706843.243463681,
            6598642.806980098
          ],
          [
            -6706955.872515785,
            6598755.436032202
          ],
          [
            -6707068.501567889,
            6598868.0650843065
          ],
          [
            -6707181.130619993,
            6598980.694136411
          ],
          [
            -6707181.130619993,
            6599093.323188515
          ],
          [
            -6707181.130619993,
            6599205.952240619
          ],
          [
            -6707068.501567889,
            6599318.581292723
          ],
          [
            -6707068.501567889,
            6599431.210344828
          ],
          [
            -6707068.501567889,
            6599543.839396932
          ],
          [
            -6707068.501567889,
            6599656.468449037
          ],
          [
            -6707181.130619993,
            6599769.097501141
          ],
          [
            -6707293.759672098,
            6599881.726553245
          ],
          [
            -6707406.388724202,
            6599994.355605349
          ],
          [
            -6707519.017776307,
            6599994.355605349
          ],
          [
            -6707631.64682841,
            6600106.984657453
          ],
          [
            -6707744.275880515,
            6600106.984657453
          ],
          [
            -6707856.904932619,
            6600106.984657453
          ],
          [
            -6707969.5339847235,
            6600219.613709558
          ],
          [
            -6708082.163036828,
            6600219.613709558
          ],
          [
            -6708194.792088932,
            6600219.613709558
          ],
          [
            -6708307.421141037,
            6600219.613709558
          ],
          [
            -6708420.05019314,
            6600219.613709558
          ],
          [
            -6708532.679245245,
            6600332.242761662
          ],
          [
            -6708532.679245245,
            6600444.871813767
          ],
          [
            -6708420.05019314,
            6600557.500865871
          ],
          [
            -6708307.421141037,
            6600670.129917975
          ],
          [
            -6708307.421141037,
            6600782.758970079
          ],
          [
            -6708307.421141037,
            6600895.388022183
          ],
          [
            -6708307.421141037,
            6601008.017074288
          ],
          [
            -6708194.792088932,
            6601120.646126392
          ],
          [
            -6708082.163036828,
            6601233.275178497
          ],
          [
            -6707969.5339847235,
            6601345.904230601
          ],
          [
            -6707856.904932619,
            6601458.533282705
          ],
          [
            -6707744.275880515,
            6601571.162334809
          ],
          [
            -6707744.275880515,
            6601683.7913869135
          ],
          [
            -6707631.64682841,
            6601796.420439018
          ]
        ]
      },
      "properties": {
        "segment_id": "P2_sub11",
        "zone_id": "P2",
        "subzone_id": "P2_sub11",
        "length_m": 11862.756482642428,
        "slope": 0.08803632757303051,
        "drop_m": 1044.353515625,
        "downstream_id": "P2_sub4",
        "upstream_ids": [
          "P2_sub15",
          "P2_sub31",
          "P2_sub46"
        ]
      }
    },
    {
      "type": "Feature",
      "geometry": {
        "type": "LineString",
        "coordinates": [
          [
            -6691976.208585914,
            6594700.790156447
          ],
          [
            -6692088.837638019,
            6594700.790156447
          ],
          [
            -6692201.466690123,
            6594700.790156447
          ],
          [
            -6692314.0957422275,
            6594700.790156447
          ],
          [
            -6692426.724794332,
            6594813.419208552
          ],
          [
            -6692426.724794332,
            6594926.048260656
          ],
          [
            -6692539.353846436,
            6595038.677312761
          ],
          [
            -6692651.982898541,
            6595151.306364865
          ],
          [
            -6692764.611950644,
            6595263.9354169695
          ],
          [
            -6692877.241002749,
            6595376.564469074
          ],
          [
            -6692877.241002749,
            6595489.193521177
          ],
          [
            -6692989.870054853,
            6595489.193521177
          ],
          [
            -6693102.499106958,
            6595601.822573282
          ],
          [
            -6693215.128159062,
            6595489.193521177
          ],
          [
            -6693327.757211166,
            6595601.822573282
          ],
          [
            -6693440.38626327,
            6595714.451625386
          ],
          [
            -6693553.015315374,
            6595827.080677491
          ],
          [
            -6693665.644367479,
            6595939.709729595
          ],
          [
            -6693778.273419583,
            6595939.709729595
          ],
          [
            -6693890.902471688,
            6596052.3387817
          ],
          [
            -6694003.531523792,
            6596052.3387817
          ],
          [
            -6694116.1605758965,
            6596052.3387817
          ],
          [
            -6694228.789628,
            6595939.709729595
          ],
          [
            -6694341.418680104,
            6595939.709729595
          ],
          [
            -6694454.047732209,
            6595939.709729595
          ],
          [
            -6694566.676784313,
            6595939.709729595
          ],
          [
            -6694679.305836418,
            6595939.709729595
          ],
          [
            -6694791.934888522,
            6595939.709729595
          ],
          [
            -6694904.563940627,
            6596052.3387817
          ],
          [
            -6695017.19299273,
            6596052.3387817
          ],
          [
            -6695129.8220448345,
            6596164.967833804
          ],
          [
            -6695242.451096939,
            6596164.967833804
          ],
          [
            -6695355.080149043,
            6596164.967833804
          ],
          [
            -6695467.709201148,
            6596277.596885907
          ],
          [
            -6695580.338253252,
            6596390.225938012
          ],
          [
            -6695692.967305356,
            6596502.854990116
          ],
          [
            -6695805.59635746,
            6596615.484042221
          ],
          [
            -6695918.225409565,
            6596728.113094325
          ],
          [
            -6696030.854461669,
            6596840.74214643
          ],
          [
            -6696143.483513773,
            6596840.74214643
          ]
        ]
      },
      "properties": {
        "segment_id": "P2_sub17",
        "zone_id": "P2",
        "subzone_id": "P2_sub17",
        "length_m": 5372.235130944038,
        "slope": 0.00023467740275144204,
        "drop_m": 1.2607421875,
        "downstream_id": "P2_sub12",
        "upstream_ids": [
          "P2_sub24"
        ]
      }
    },
    {
      "type": "Feature",
      "geometry": {
        "type": "LineString",
        "coordinates": [
          [
            -6709208.45355787,
            6602810.081907957
          ],
          [
            -6709095.824505767,
            6602697.452855852
          ],
          [
            -6708983.195453662,
            6602697.452855852
          ],
          [
            -6708870.566401558,
            6602697.452855852
          ],
          [
            -6708757.937349454,
            6602697.452855852
          ],
          [
            -6708645.308297349,
            6602697.452855852
          ],
          [
            -6708532.679245245,
            6602697.452855852
          ],
          [
            -6708420.05019314,
            6602697.452855852
          ],
          [
            -6708307.421141037,
            6602697.452855852
          ],
          [
            -6708194.792088932,
            6602810.081907957
          ],
          [
            -6708082.163036828,
            6602810.081907957
          ],
          [
            -6707969.5339847235,
            6602810.081907957
          ],
          [
            -6707856.904932619,
            6602810.081907957
          ],
          [
            -6707744.275880515,
            6602810.081907957
          ],
          [
            -6707631.64682841,
            6602810.081907957
          ],
          [
            -6707519.017776307,
            6602697.452855852
          ],
          [
            -6707519.017776307,
            6602584.823803748
          ]
        ]
      },
      "properties": {
        "segment_id": "P2_sub19",
        "zone_id": "P2",
        "subzone_id": "P2_sub19",
        "length_m": 1942.0222763652469,
        "slope": 0.32502739896482774,
        "drop_m": 631.21044921875,
        "downstream_id": "P2_sub18",
        "upstream_ids": [
          "P2_sub36",
          "P2_sub53"
        ]
      }
    },
    {
      "type": "Feature",
      "geometry": {
        "type": "LineString",
        "coordinates": [
          [
            -6697382.40308692,
            6598304.919823785
          ],
          [
            -6697382.40308692,
            6598192.290771681
          ],
          [
            -6697382.40308692,
            6598079.661719576
          ]
        ]
      },
      "properties": {
        "segment_id": "P2_sub26",
        "zone_id": "P2",
        "subzone_id": "P2_sub26",
        "length_m": 225.25810420885682,
        "slope": 0.13296812801784347,
        "drop_m": 29.9521484375,
        "downstream_id": "P2_sub23",
        "upstream_ids": []
      }
    },
    {
      "type": "Feature",
      "geometry": {
        "type": "LineString",
        "coordinates": [
          [
            -6706280.098203159,
            6598079.661719576
          ],
          [
            -6706392.727255263,
            6598079.661719576
          ],
          [
            -6706505.356307368,
            6598192.290771681
          ],
          [
            -6706617.985359472,
            6598192.290771681
          ],
          [
            -6706617.985359472,
            6598304.919823785
          ],
          [
            -6706730.614411577,
            6598417.54887589
          ],
          [
            -6706730.614411577,
            6598530.177927993
          ],
          [
            -6706843.243463681,
            6598642.806980098
          ],
          [
            -6706955.872515785,
            6598755.436032202
          ],
          [
            -6707068.501567889,
            6598868.0650843065
          ],
          [
            -6707181.130619993,
            6598980.694136411
          ],
          [
            -6707181.130619993,
            6599093.323188515
          ],
          [
            -6707181.130619993,
            6599205.952240619
          ],
          [
            -6707068.501567889,
            6599318.581292723
          ],
          [
            -6707068.501567889,
            6599431.210344828
          ],
          [
            -6707068.501567889,
            6599543.839396932
          ],
          [
            -6707068.501567889,
            6599656.468449037
          ],
          [
            -6707181.130619993,
            6599769.097501141
          ],
          [
            -6707293.759672098,
            6599881.726553245
          ],
          [
            -6707406.388724202,
            6599994.355605349
          ],
          [
            -6707519.017776307,
            6599994.355605349
          ],
          [
            -6707631.64682841,
            6600106.984657453
          ],
          [
            -6707744.275880515,
            6600106.984657453
          ],
          [
            -6707856.904932619,
            6600106.984657453
          ],
          [
            -6707969.5339847235,
            6600219.613709558
          ],
          [
            -6708082.163036828,
            6600219.613709558
          ],
          [
            -6708194.792088932,
            6600219.613709558
          ],
          [
            -6708307.421141037,
            6600219.613709558
          ],
          [
            -6708420.05019314,
            6600219.613709558
          ],
          [
            -6708532.679245245,
            6600332.242761662
          ],
          [
            -6708532.679245245,
            6600444.871813767
          ],
          [
            -6708420.05019314,
            6600557.500865871
          ],
          [
            -6708307.421141037,
            6600670.129917975
          ],
          [
            -6708307.421141037,
            6600782.758970079
          ],
          [
            -6708307.421141037,
            6600895.388022183
          ],
          [
            -6708307.421141037,
            6601008.017074288
          ],
          [
            -6708194.792088932,
            6601120.646126392
          ],
          [
            -6708082.163036828,
            6601233.275178497
          ],
          [
            -6707969.5339847235,
            6601345.904230601
          ],
          [
            -6707856.904932619,
            6601458.533282705
          ],
          [
            -6707744.275880515,
            6601571.162334809
          ],
          [
            -6707744.275880515,
            6601683.7913869135
          ],
          [
            -6707631.64682841,
            6601796.420439018
          ]
        ]
      },
      "properties": {
        "segment_id": "P2_sub29",
        "zone_id": "P2",
        "subzone_id": "P2_sub29",
        "length_m": 5710.122287255735,
        "slope": 0.0975902814988685,
        "drop_m": 557.25244140625,
        "downstream_id": "P2_sub4",
        "upstream_ids": [
          "P2_sub38"
        ]
      }
    },
    {
      "type": "Feature",
      "geometry": {
        "type": "LineString",
        "coordinates": [
          [
            -6694003.531523792,
            6596164.967833804
          ],
          [
            -6694003.531523792,
            6596052.3387817
          ],
          [
            -6694116.1605758965,
            6596052.3387817
          ],
          [
            -6694228.789628,
            6595939.709729595
          ],
          [
            -6694341.418680104,
            6595939.709729595
          ],
          [
            -6694454.047732209,
            6595939.709729595
          ],
          [
            -6694566.676784313,
            6595939.709729595
          ],
          [
            -6694679.305836418,
            6595939.709729595
          ],
          [
            -6694791.934888522,
            6595939.709729595
          ],
          [
            -6694904.563940627,
            6596052.3387817
          ],
          [
            -6695017.19299273,
            6596052.3387817
          ],
          [
            -6695129.8220448345,
            6596164.967833804
          ],
          [
            -6695242.451096939,
            6596164.967833804
          ],
          [
            -6695355.080149043,
            6596164.967833804
          ],
          [
            -6695467.709201148,
            6596277.596885907
          ],
          [
            -6695580.338253252,
            6596390.225938012
          ],
          [
            -6695692.967305356,
            6596502.854990116
          ],
          [
            -6695805.59635746,
            6596615.484042221
          ],
          [
            -6695918.225409565,
            6596728.113094325
          ],
          [
            -6696030.854461669,
            6596840.74214643
          ],
          [
            -6696143.483513773,
            6596840.74214643
          ]
        ]
      },
      "properties": {
        "segment_id": "P2_sub30",
        "zone_id": "P2",
        "subzone_id": "P2_sub30",
        "length_m": 2672.453370175583,
        "slope": 0.0002196162032422811,
        "drop_m": 0.5869140625,
        "downstream_id": "P2_sub12",
        "upstream_ids": [
          "P2_sub34"
        ]
      }
    },
    {
      "type": "Feature",
      "geometry": {
        "type": "LineString",
        "coordinates": [
          [
            -6704815.920525803,
            6593799.757739614
          ],
          [
            -6704703.291473699,
            6593912.386791718
          ],
          [
            -6704703.291473699,
            6594025.015843822
          ],
          [
            -6704703.291473699,
            6594137.644895926
          ],
          [
            -6704703.291473699,
            6594250.273948031
          ],
          [
            -6704703.291473699,
            6594362.903000135
          ],
          [
            -6704703.291473699,
            6594475.532052239
          ],
          [
            -6704703.291473699,
            6594588.161104344
          ],
          [
            -6704703.291473699,
            6594700.790156447
          ],
          [
            -6704703.291473699,
            6594813.419208552
          ],
          [
            -6704815.920525803,
            6594926.048260656
          ],
          [
            -6704815.920525803,
            6595038.677312761
          ],
          [
            -6704815.920525803,
            6595151.306364865
          ],
          [
            -6704815.920525803,
            6595263.9354169695
          ],
          [
            -6704815.920525803,
            6595376.564469074
          ],
          [
            -6704815.920525803,
            6595489.193521177
          ],
          [
            -6704815.920525803,
            6595601.822573282
          ],
          [
            -6704815.920525803,
            6595714.451625386
          ],
          [
            -6704815.920525803,
            6595827.080677491
          ],
          [
            -6704928.549577908,
            6595939.709729595
          ],
          [
            -6705041.178630012,
            6596052.3387817
          ],
          [
            -6705153.8076821165,
            6596164.967833804
          ],
          [
            -6705266.436734221,
            6596164.967833804
          ],
          [
            -6705379.065786324,
            6596277.596885907
          ],
          [
            -6705491.694838429,
            6596390.225938012
          ],
          [
            -6705604.323890533,
            6596390.225938012
          ],
          [
            -6705716.952942638,
            6596390.225938012
          ],
          [
            -6705829.581994742,
            6596502.854990116
          ],
          [
            -6705942.211046847,
            6596615.484042221
          ],
          [
            -6706054.840098951,
            6596728.113094325
          ],
          [
            -6706054.840098951,
            6596840.74214643
          ],
          [
            -6706054.840098951,
            6596953.371198533
          ],
          [
            -6706054.840098951,
            6597066.0002506375
          ],
          [
            -6706054.840098951,
            6597178.629302742
          ],
          [
            -6706054.840098951,
            6597291.258354846
          ],
          [
            -6706054.840098951,
            6597403.887406951
          ],
          [
            -6706054.840098951,
            6597516.516459055
          ],
          [
            -6706167.4691510545,
            6597629.14551116
          ],
          [
            -6706280.098203159,
            6597629.14551116
          ],
          [
            -6706280.098203159,
            6597741.774563263
          ],
          [
            -6706392.727255263,
            6597854.403615368
          ],
          [
            -6706392.727255263,
            6597967.032667472
          ],
          [
            -6706392.727255263,
            6598079.661719576
          ],
          [
            -6706505.356307368,
            6598192.290771681
          ],
          [
            -6706617.985359472,
            6598192.290771681
          ],
          [
            -6706617.985359472,
            6598304.919823785
          ],
          [
            -6706730.614411577,
            6598417.54887589
          ],
          [
            -6706730.614411577,
            6598530.177927993
          ],
          [
            -6706843.243463681,
            6598642.806980098
          ],
          [
            -6706955.872515785,
            6598755.436032202
          ],
          [
            -6707068.501567889,
            6598868.0650843065
          ],
          [
            -6707181.130619993,
            6598980.694136411
          ],
          [
            -6707181.130619993,
            6599093.323188515
          ],
          [
            -6707181.130619993,
            6599205.952240619
          ],
          [
            -6707068.501567889,
            6599318.581292723
          ],
          [
            -6707068.501567889,
            6599431.210344828
          ],
          [
            -6707068.501567889,
            6599543.839396932
          ],
          [
            -6707068.501567889,
            6599656.468449037
          ],
          [
            -6707181.130619993,
            6599769.097501141
          ],
          [
            -6707293.759672098,
            6599881.726553245
          ],
          [
            -6707406.388724202,
            6599994.355605349
          ],
          [
            -6707519.017776307,
            6599994.355605349
          ],
          [
            -6707631.64682841,
            6600106.984657453
          ],
          [
            -6707744.275880515,
            6600106.984657453
          ],
          [
            -6707856.904932619,
            6600106.984657453
          ],
          [
            -6707969.5339847235,
            6600219.613709558
          ],
          [
            -6708082.163036828,
            6600219.613709558
          ],
          [
            -6708194.792088932,
            6600219.613709558
          ],
          [
            -6708307.421141037,
            6600219.613709558
          ],
          [
            -6708420.05019314,
            6600219.613709558
          ],
          [
            -6708532.679245245,
            6600332.242761662
          ],
          [
            -6708532.679245245,
            6600444.871813767
          ],
          [
            -6708420.05019314,
            6600557.500865871
          ],
          [
            -6708307.421141037,
            6600670.129917975
          ],
          [
            -6708307.421141037,
            6600782.758970079
          ],
          [
            -6708307.421141037,
            6600895.388022183
          ],
          [
            -6708307.421141037,
            6601008.017074288
          ],
          [
            -6708194.792088932,
            6601120.646126392
          ],
          [
            -6708082.163036828,
            6601233.275178497
          ],
          [
            -6707969.5339847235,
            6601345.904230601
          ],
          [
            -6707856.904932619,
            6601458.533282705
          ],
          [
            -6707744.275880515,
            6601571.162334809
          ],
          [
            -6707744.275880515,
            6601683.7913869135
          ],
          [
            -6707631.64682841,
            6601796.420439018
          ]
        ]
      },
      "properties": {
        "segment_id": "P2_sub45",
        "zone_id": "P2",
        "subzone_id": "P2_sub45",
        "length_m": 10887.743194317225,
        "slope": 0.09514780113104188,
        "drop_m": 1035.94482421875,
        "downstream_id": "P2_sub4",
        "upstream_ids": []
      }
    },
    {
      "type": "Feature",
      "geometry": {
        "type": "LineString",
        "coordinates": [
          [
            -6692651.982898541,
            6595263.9354169695
          ],
          [
            -6692764.611950644,
            6595263.9354169695
          ],
          [
            -6692877.241002749,
            6595376.564469074
          ],
          [
            -6692877.241002749,
            6595489.193521177
          ],
          [
            -6692989.870054853,
            6595489.193521177
          ],
          [
            -6693102.499106958,
            6595601.822573282
          ],
          [
            -6693215.128159062,
            6595489.193521177
          ],
          [
            -6693327.757211166,
            6595601.822573282
          ],
          [
            -6693440.38626327,
            6595714.451625386
          ],
          [
            -6693553.015315374,
            6595827.080677491
          ],
          [
            -6693665.644367479,
            6595939.709729595
          ],
          [
            -6693778.273419583,
            6595939.709729595
          ],
          [
            -6693890.902471688,
            6596052.3387817
          ],
          [
            -6694003.531523792,
            6596052.3387817
          ],
          [
            -6694116.1605758965,
            6596052.3387817
          ],
          [
            -6694228.789628,
            6595939.709729595
          ],
          [
            -6694341.418680104,
            6595939.709729595
          ],
          [
            -6694454.047732209,
            6595939.709729595
          ],
          [
            -6694566.676784313,
            6595939.709729595
          ],
          [
            -6694679.305836418,
            6595939.709729595
          ],
          [
            -6694791.934888522,
            6595939.709729595
          ],
          [
            -6694904.563940627,
            6596052.3387817
          ],
          [
            -6695017.19299273,
            6596052.3387817
          ],
          [
            -6695129.8220448345,
            6596164.967833804
          ],
          [
            -6695242.451096939,
            6596164.967833804
          ],
          [
            -6695355.080149043,
            6596164.967833804
          ],
          [
            -6695467.709201148,
            6596277.596885907
          ],
          [
            -6695580.338253252,
            6596390.225938012
          ],
          [
            -6695692.967305356,
            6596502.854990116
          ],
          [
            -6695805.59635746,
            6596615.484042221
          ],
          [
            -6695918.225409565,
            6596728.113094325
          ],
          [
            -6696030.854461669,
            6596840.74214643
          ],
          [
            -6696143.483513773,
            6596840.74214643
          ]
        ]
      },
      "properties": {
        "segment_id": "P2_sub47",
        "zone_id": "P2",
        "subzone_id": "P2_sub47",
        "length_m": 4397.221842617245,
        "slope": 0.00024407278638941758,
        "drop_m": 1.0732421875,
        "downstream_id": "P2_sub12",
        "upstream_ids": []
      }
    },
    {
      "type": "Feature",
      "geometry": {
        "type": "LineString",
        "coordinates": [
          [
            -6725652.295165096,
            6624322.230859876
          ],
          [
            -6725539.666112992,
            6624209.601807771
          ],
          [
            -6725427.0370608885,
            6624096.972755667
          ],
          [
            -6725314.408008784,
            6624096.972755667
          ],
          [
            -6725314.408008784,
            6623984.343703562
          ],
          [
            -6725201.77895668,
            6623871.714651459
          ],
          [
            -6725089.149904575,
            6623759.0855993545
          ],
          [
            -6724976.520852471,
            6623646.45654725
          ],
          [
            -6724863.891800366,
            6623646.45654725
          ],
          [
            -6724751.262748263,
            6623533.827495146
          ],
          [
            -6724638.633696158,
            6623421.198443041
          ],
          [
            -6724526.004644054,
            6623308.569390937
          ],
          [
            -6724413.37559195,
            6623195.940338832
          ],
          [
            -6724300.746539845,
            6623195.940338832
          ],
          [
            -6724188.117487741,
            6623195.940338832
          ],
          [
            -6724075.488435636,
            6623083.311286729
          ],
          [
            -6724075.488435636,
            6622970.682234624
          ],
          [
            -6724075.488435636,
            6622858.05318252
          ],
          [
            -6723962.859383533,
            6622745.424130416
          ]
        ]
      },
      "properties": {
        "segment_id": "P3_sub33",
        "zone_id": "P3",
        "subzone_id": "P3_sub33",
        "length_m": 2540.500227764101,
        "slope": 0.0954772827582966,
        "drop_m": 242.56005859375,
        "downstream_id": "P3_sub28",
        "upstream_ids": []
      }
    },
    {
      "type": "Feature",
      "geometry": {
        "type": "LineString",
        "coordinates": [
          [
            -6707631.64682841,
            6601796.420439018
          ],
          [
            -6707631.64682841,
            6601909.049491122
          ],
          [
            -6707631.64682841,
            6602021.678543227
          ],
          [
            -6707519.017776307,
            6602134.307595331
          ],
          [
            -6707519.017776307,
            6602246.936647435
          ],
          [
            -6707519.017776307,
            6602359.565699539
          ],
          [
            -6707519.017776307,
            6602472.194751644
          ],
          [
            -6707406.388724202,
            6602584.823803748
          ]
        ]
      },
      "properties": {
        "segment_id": "P2_sub4",
        "zone_id": "P2",
        "subzone_id": "P2_sub4",
        "length_m": 881.7083265271694,
        "slope": 0.027544406786036667,
        "drop_m": 24.2861328125,
        "downstream_id": "P2_sub3",
        "upstream_ids": [
          "P2_sub5",
          "P2_sub11",
          "P2_sub29",
          "P2_sub45"
        ]
      }
    },
    {
      "type": "Feature",
      "geometry": {
        "type": "LineString",
        "coordinates": [
          [
            -6696143.483513773,
            6596840.74214643
          ],
          [
            -6696256.112565878,
            6596840.74214643
          ],
          [
            -6696368.741617982,
            6596953.371198533
          ],
          [
            -6696481.370670086,
            6596953.371198533
          ],
          [
            -6696593.99972219,
            6596953.371198533
          ],
          [
            -6696706.628774295,
            6597066.0002506375
          ],
          [
            -6696819.257826399,
            6597178.629302742
          ],
          [
            -6696931.8868785035,
            6597291.258354846
          ],
          [
            -6696931.8868785035,
            6597403.887406951
          ],
          [
            -6697044.515930608,
            6597516.516459055
          ],
          [
            -6697044.515930608,
            6597629.14551116
          ],
          [
            -6697157.144982711,
            6597741.774563263
          ],
          [
            -6697269.774034816,
            6597854.403615368
          ],
          [
            -6697382.40308692,
            6597967.032667472
          ],
          [
            -6697495.032139025,
            6597967.032667472
          ],
          [
            -6697607.661191129,
            6597967.032667472
          ],
          [
            -6697720.290243234,
            6597967.032667472
          ],
          [
            -6697832.919295338,
            6597967.032667472
          ],
          [
            -6697945.5483474415,
            6597967.032667472
          ],
          [
            -6698058.177399546,
            6598079.661719576
          ],
          [
            -6698170.80645165,
            6598079.661719576
          ],
          [
            -6698283.435503755,
            6598079.661719576
          ],
          [
            -6698396.064555859,
            6598079.661719576
          ],
          [
            -6698508.693607964,
            6598079.661719576
          ],
          [
            -6698621.322660068,
            6598192.290771681
          ],
          [
            -6698733.951712172,
            6598192.290771681
          ],
          [
            -6698846.580764276,
            6598192.290771681
          ],
          [
            -6698959.20981638,
            6598192.290771681
          ],
          [
            -6699071.838868485,
            6598192.290771681
          ],
          [
            -6699184.467920589,
            6598079.661719576
          ]
        ]
      },
      "properties": {
        "segment_id": "P2_sub12",
        "zone_id": "P2",
        "subzone_id": "P2_sub12",
        "length_m": 3779.4198009113366,
        "slope": 0.029029159152892902,
        "drop_m": 109.71337890625,
        "downstream_id": "P2_sub9",
        "upstream_ids": [
          "P2_sub17",
          "P2_sub30",
          "P2_sub47"
        ]
      }
    },
    {
      "type": "Feature",
      "geometry": {
        "type": "LineString",
        "coordinates": [
          [
            -6707519.017776307,
            6602584.823803748
          ],
          [
            -6707406.388724202,
            6602584.823803748
          ]
        ]
      },
      "properties": {
        "segment_id": "P2_sub18",
        "zone_id": "P2",
        "subzone_id": "P2_sub18",
        "length_m": 112.62905210442841,
        "slope": -0.0029176600096510927,
        "drop_m": -0.32861328125,
        "downstream_id": "P2_sub3",
        "upstream_ids": [
          "P2_sub19"
        ]
      }
    },
    {
      "type": "Feature",
      "geometry": {
        "type": "LineString",
        "coordinates": [
          [
            -6697382.40308692,
            6598079.661719576
          ],
          [
            -6697495.032139025,
            6597967.032667472
          ],
          [
            -6697607.661191129,
            6597967.032667472
          ],
          [
            -6697720.290243234,
            6597967.032667472
          ],
          [
            -6697832.919295338,
            6597967.032667472
          ],
          [
            -6697945.5483474415,
            6597967.032667472
          ],
          [
            -6698058.177399546,
            6598079.661719576
          ],
          [
            -6698170.80645165,
            6598079.661719576
          ],
          [
            -6698283.435503755,
            6598079.661719576
          ],
          [
            -6698396.064555859,
            6598079.661719576
          ],
          [
            -6698508.693607964,
            6598079.661719576
          ],
          [
            -6698621.322660068,
            6598192.290771681
          ],
          [
            -6698733.951712172,
            6598192.290771681
          ],
          [
            -6698846.580764276,
            6598192.290771681
          ],
          [
            -6698959.20981638,
            6598192.290771681
          ],
          [
            -6699071.838868485,
            6598192.290771681
          ],
          [
            -6699184.467920589,
            6598079.661719576
          ]
        ]
      },
      "properties": {
        "segment_id": "P2_sub23",
        "zone_id": "P2",
        "subzone_id": "P2_sub23",
        "length_m": 1988.6747572645127,
        "slope": 0.0556206225884566,
        "drop_m": 110.611328125,
        "downstream_id": "P2_sub9",
        "upstream_ids": [
          "P2_sub26"
        ]
      }
    },
    {
      "type": "Feature",
      "geometry": {
        "type": "LineString",
        "coordinates": [
          [
            -6698621.322660068,
            6598304.919823785
          ],
          [
            -6698621.322660068,
            6598192.290771681
          ],
          [
            -6698733.951712172,
            6598192.290771681
          ],
          [
            -6698846.580764276,
            6598192.290771681
          ],
          [
            -6698959.20981638,
            6598192.290771681
          ],
          [
            -6699071.838868485,
            6598192.290771681
          ],
          [
            -6699184.467920589,
            6598079.661719576
          ]
        ]
      },
      "properties": {
        "segment_id": "P2_sub42",
        "zone_id": "P2",
        "subzone_id": "P2_sub42",
        "length_m": 722.4267935245193,
        "slope": 0.0757835221031871,
        "drop_m": 54.748046875,
        "downstream_id": "P2_sub9",
        "upstream_ids": []
      }
    },
    {
      "type": "Feature",
      "geometry": {
        "type": "LineString",
        "coordinates": [
          [
            -6723962.859383533,
            6622745.424130416
          ],
          [
            -6723850.230331428,
            6622632.795078311
          ],
          [
            -6723737.601279324,
            6622632.795078311
          ],
          [
            -6723624.9722272195,
            6622632.795078311
          ],
          [
            -6723512.343175115,
            6622632.795078311
          ]
        ]
      },
      "properties": {
        "segment_id": "P3_sub28",
        "zone_id": "P3",
        "subzone_id": "P3_sub28",
        "length_m": 497.1686893165939,
        "slope": 0.030972259176591816,
        "drop_m": 15.3984375,
        "downstream_id": "P3_sub23",
        "upstream_ids": [
          "P3_sub33"
        ]
      }
    },
    {
      "type": "Feature",
      "geometry": {
        "type": "LineString",
        "coordinates": [
          [
            -6723512.343175115,
            6622745.424130416
          ],
          [
            -6723512.343175115,
            6622632.795078311
          ]
        ]
      },
      "properties": {
        "segment_id": "P3_sub48",
        "zone_id": "P3",
        "subzone_id": "P3_sub48",
        "length_m": 112.62905210442841,
        "slope": 0.11113553394859696,
        "drop_m": 12.51708984375,
        "downstream_id": "P3_sub23",
        "upstream_ids": []
      }
    },
    {
      "type": "Feature",
      "geometry": {
        "type": "LineString",
        "coordinates": [
          [
            -6707406.388724202,
            6602584.823803748
          ],
          [
            -6707293.759672098,
            6602584.823803748
          ]
        ]
      },
      "properties": {
        "segment_id": "P2_sub3",
        "zone_id": "P2",
        "subzone_id": "P2_sub3",
        "length_m": 112.62905210442841,
        "slope": 0.04390796519724557,
        "drop_m": 4.9453125,
        "downstream_id": "P2_sub2",
        "upstream_ids": [
          "P2_sub4",
          "P2_sub18"
        ]
      }
    },
    {
      "type": "Feature",
      "geometry": {
        "type": "LineString",
        "coordinates": [
          [
            -6699184.467920589,
            6598079.661719576
          ],
          [
            -6699297.096972694,
            6598079.661719576
          ],
          [
            -6699409.726024797,
            6597967.032667472
          ],
          [
            -6699522.355076902,
            6597967.032667472
          ],
          [
            -6699634.984129006,
            6597967.032667472
          ],
          [
            -6699747.6131811105,
            6597967.032667472
          ],
          [
            -6699860.242233215,
            6598079.661719576
          ],
          [
            -6699972.871285319,
            6598079.661719576
          ],
          [
            -6700085.500337424,
            6598079.661719576
          ],
          [
            -6700198.129389527,
            6598079.661719576
          ],
          [
            -6700310.758441632,
            6598079.661719576
          ],
          [
            -6700423.387493736,
            6598079.661719576
          ],
          [
            -6700536.016545841,
            6598079.661719576
          ],
          [
            -6700648.645597945,
            6598192.290771681
          ],
          [
            -6700761.274650049,
            6598079.661719576
          ],
          [
            -6700873.903702154,
            6598079.661719576
          ],
          [
            -6700986.532754257,
            6598079.661719576
          ],
          [
            -6701099.161806362,
            6598079.661719576
          ],
          [
            -6701211.790858466,
            6598079.661719576
          ],
          [
            -6701324.419910571,
            6597967.032667472
          ],
          [
            -6701437.048962675,
            6597967.032667472
          ],
          [
            -6701549.678014779,
            6597967.032667472
          ],
          [
            -6701662.307066883,
            6598079.661719576
          ],
          [
            -6701774.936118987,
            6598192.290771681
          ],
          [
            -6701887.565171092,
            6598192.290771681
          ],
          [
            -6702000.194223196,
            6598304.919823785
          ],
          [
            -6702112.823275301,
            6598304.919823785
          ],
          [
            -6702225.452327405,
            6598417.54887589
          ],
          [
            -6702338.0813795095,
            6598530.177927993
          ],
          [
            -6702450.710431613,
            6598530.177927993
          ],
          [
            -6702563.339483717,
            6598642.806980098
          ],
          [
            -6702675.968535822,
            6598642.806980098
          ],
          [
            -6702788.597587926,
            6598642.806980098
          ],
          [
            -6702901.226640031,
            6598642.806980098
          ],
          [
            -6703013.855692135,
            6598642.806980098
          ],
          [
            -6703126.48474424,
            6598530.177927993
          ],
          [
            -6703239.113796343,
            6598417.54887589
          ],
          [
            -6703351.7428484475,
            6598304.919823785
          ],
          [
            -6703464.371900552,
            6598417.54887589
          ],
          [
            -6703577.000952656,
            6598417.54887589
          ],
          [
            -6703689.630004761,
            6598530.177927993
          ],
          [
            -6703802.259056865,
            6598530.177927993
          ],
          [
            -6703914.888108969,
            6598530.177927993
          ],
          [
            -6704027.517161073,
            6598530.177927993
          ],
          [
            -6704140.146213178,
            6598530.177927993
          ],
          [
            -6704252.775265282,
            6598530.177927993
          ],
          [
            -6704365.404317386,
            6598530.177927993
          ],
          [
            -6704478.033369491,
            6598530.177927993
          ],
          [
            -6704590.662421595,
            6598530.177927993
          ],
          [
            -6704703.291473699,
            6598642.806980098
          ],
          [
            -6704703.291473699,
            6598755.436032202
          ],
          [
            -6704703.291473699,
            6598868.0650843065
          ],
          [
            -6704703.291473699,
            6598980.694136411
          ],
          [
            -6704703.291473699,
            6599093.323188515
          ],
          [
            -6704815.920525803,
            6599205.952240619
          ],
          [
            -6704928.549577908,
            6599318.581292723
          ],
          [
            -6704928.549577908,
            6599431.210344828
          ],
          [
            -6704928.549577908,
            6599543.839396932
          ],
          [
            -6704928.549577908,
            6599656.468449037
          ],
          [
            -6705041.178630012,
            6599769.097501141
          ],
          [
            -6705153.8076821165,
            6599881.726553245
          ],
          [
            -6705266.436734221,
            6599994.355605349
          ],
          [
            -6705379.065786324,
            6600106.984657453
          ],
          [
            -6705491.694838429,
            6600219.613709558
          ],
          [
            -6705604.323890533,
            6600332.242761662
          ],
          [
            -6705716.952942638,
            6600444.871813767
          ],
          [
            -6705829.581994742,
            6600557.500865871
          ],
          [
            -6705942.211046847,
            6600670.129917975
          ],
          [
            -6706054.840098951,
            6600782.758970079
          ],
          [
            -6706054.840098951,
            6600895.388022183
          ],
          [
            -6706167.4691510545,
            6601008.017074288
          ],
          [
            -6706280.098203159,
            6601120.646126392
          ],
          [
            -6706392.727255263,
            6601233.275178497
          ],
          [
            -6706505.356307368,
            6601233.275178497
          ],
          [
            -6706617.985359472,
            6601345.904230601
          ],
          [
            -6706730.614411577,
            6601458.533282705
          ],
          [
            -6706843.243463681,
            6601571.162334809
          ],
          [
            -6706955.872515785,
            6601571.162334809
          ],
          [
            -6707068.501567889,
            6601683.7913869135
          ],
          [
            -6707181.130619993,
            6601796.420439018
          ],
          [
            -6707181.130619993,
            6601909.049491122
          ],
          [
            -6707181.130619993,
            6602021.678543227
          ],
          [
            -6707068.501567889,
            6602134.307595331
          ],
          [
            -6707068.501567889,
            6602246.936647435
          ],
          [
            -6707068.501567889,
            6602359.565699539
          ],
          [
            -6707181.130619993,
            6602472.194751644
          ],
          [
            -6707293.759672098,
            6602584.823803748
          ]
        ]
      },
      "properties": {
        "segment_id": "P2_sub9",
        "zone_id": "P2",
        "subzone_id": "P2_sub9",
        "length_m": 11552.197716921895,
        "slope": 0.09865838685714001,
        "drop_m": 1139.72119140625,
        "downstream_id": "P2_sub2",
        "upstream_ids": [
          "P2_sub12",
          "P2_sub23",
          "P2_sub42"
        ]
      }
    },
    {
      "type": "Feature",
      "geometry": {
        "type": "LineString",
        "coordinates": [
          [
            -6702225.452327405,
            6598530.177927993
          ],
          [
            -6702338.0813795095,
            6598530.177927993
          ],
          [
            -6702450.710431613,
            6598530.177927993
          ],
          [
            -6702563.339483717,
            6598642.806980098
          ],
          [
            -6702675.968535822,
            6598642.806980098
          ],
          [
            -6702788.597587926,
            6598642.806980098
          ],
          [
            -6702901.226640031,
            6598642.806980098
          ],
          [
            -6703013.855692135,
            6598642.806980098
          ],
          [
            -6703126.48474424,
            6598530.177927993
          ],
          [
            -6703239.113796343,
            6598417.54887589
          ],
          [
            -6703351.7428484475,
            6598304.919823785
          ],
          [
            -6703464.371900552,
            6598417.54887589
          ],
          [
            -6703577.000952656,
            6598417.54887589
          ],
          [
            -6703689.630004761,
            6598530.177927993
          ],
          [
            -6703802.259056865,
            6598530.177927993
          ],
          [
            -6703914.888108969,
            6598530.177927993
          ],
          [
            -6704027.517161073,
            6598530.177927993
          ],
          [
            -6704140.146213178,
            6598530.177927993
          ],
          [
            -6704252.775265282,
            6598530.177927993
          ],
          [
            -6704365.404317386,
            6598530.177927993
          ],
          [
            -6704478.033369491,
            6598530.177927993
          ],
          [
            -6704590.662421595,
            6598530.177927993
          ],
          [
            -6704703.291473699,
            6598642.806980098
          ],
          [
            -6704703.291473699,
            6598755.436032202
          ],
          [
            -6704703.291473699,
            6598868.0650843065
          ],
          [
            -6704703.291473699,
            6598980.694136411
          ],
          [
            -6704703.291473699,
            6599093.323188515
          ],
          [
            -6704815.920525803,
            6599205.952240619
          ],
          [
            -6704928.549577908,
            6599318.581292723
          ],
          [
            -6704928.549577908,
            6599431.210344828
          ],
          [
            -6704928.549577908,
            6599543.839396932
          ],
          [
            -6704928.549577908,
            6599656.468449037
          ],
          [
            -6705041.178630012,
            6599769.097501141
          ],
          [
            -6705153.8076821165,
            6599881.726553245
          ],
          [
            -6705266.436734221,
            6599994.355605349
          ],
          [
            -6705379.065786324,
            6600106.984657453
          ],
          [
            -6705491.694838429,
            6600219.613709558
          ],
          [
            -6705604.323890533,
            6600332.242761662
          ],
          [
            -6705716.952942638,
            6600444.871813767
          ],
          [
            -6705829.581994742,
            6600557.500865871
          ],
          [
            -6705942.211046847,
            6600670.129917975
          ],
          [
            -6706054.840098951,
            6600782.758970079
          ],
          [
            -6706054.840098951,
            6600895.388022183
          ],
          [
            -6706167.4691510545,
            6601008.017074288
          ],
          [
            -6706280.098203159,
            6601120.646126392
          ],
          [
            -6706392.727255263,
            6601233.275178497
          ],
          [
            -6706505.356307368,
            6601233.275178497
          ],
          [
            -6706617.985359472,
            6601345.904230601
          ],
          [
            -6706730.614411577,
            6601458.533282705
          ],
          [
            -6706843.243463681,
            6601571.162334809
          ],
          [
            -6706955.872515785,
            6601571.162334809
          ],
          [
            -6707068.501567889,
            6601683.7913869135
          ],
          [
            -6707181.130619993,
            6601796.420439018
          ],
          [
            -6707181.130619993,
            6601909.049491122
          ],
          [
            -6707181.130619993,
            6602021.678543227
          ],
          [
            -6707068.501567889,
            6602134.307595331
          ],
          [
            -6707068.501567889,
            6602246.936647435
          ],
          [
            -6707068.501567889,
            6602359.565699539
          ],
          [
            -6707181.130619993,
            6602472.194751644
          ],
          [
            -6707293.759672098,
            6602584.823803748
          ]
        ]
      },
      "properties": {
        "segment_id": "P2_sub50",
        "zone_id": "P2",
        "subzone_id": "P2_sub50",
        "length_m": 8044.688501117376,
        "slope": 0.1183674783747362,
        "drop_m": 952.2294921875,
        "downstream_id": "P2_sub2",
        "upstream_ids": []
      }
    },
    {
      "type": "Feature",
      "geometry": {
        "type": "LineString",
        "coordinates": [
          [
            -6703802.259056865,
            6604837.404845834
          ],
          [
            -6703914.888108969,
            6604724.775793729
          ],
          [
            -6704027.517161073,
            6604724.775793729
          ],
          [
            -6704140.146213178,
            6604724.775793729
          ],
          [
            -6704252.775265282,
            6604724.775793729
          ],
          [
            -6704365.404317386,
            6604612.146741625
          ],
          [
            -6704478.033369491,
            6604612.146741625
          ],
          [
            -6704590.662421595,
            6604612.146741625
          ],
          [
            -6704703.291473699,
            6604612.146741625
          ],
          [
            -6704815.920525803,
            6604612.146741625
          ],
          [
            -6704928.549577908,
            6604612.146741625
          ],
          [
            -6705041.178630012,
            6604612.146741625
          ],
          [
            -6705153.8076821165,
            6604612.146741625
          ],
          [
            -6705266.436734221,
            6604612.146741625
          ],
          [
            -6705379.065786324,
            6604612.146741625
          ],
          [
            -6705491.694838429,
            6604612.146741625
          ],
          [
            -6705604.323890533,
            6604612.146741625
          ],
          [
            -6705716.952942638,
            6604612.146741625
          ],
          [
            -6705829.581994742,
            6604612.146741625
          ],
          [
            -6705942.211046847,
            6604724.775793729
          ],
          [
            -6706054.840098951,
            6604724.775793729
          ],
          [
            -6706167.4691510545,
            6604724.775793729
          ],
          [
            -6706280.098203159,
            6604724.775793729
          ],
          [
            -6706392.727255263,
            6604724.775793729
          ],
          [
            -6706505.356307368,
            6604612.146741625
          ],
          [
            -6706617.985359472,
            6604724.775793729
          ]
        ]
      },
      "properties": {
        "segment_id": "P2_sub57",
        "zone_id": "P2",
        "subzone_id": "P2_sub57",
        "length_m": 3048.9887071016587,
        "slope": 0.26617768442892126,
        "drop_m": 811.57275390625,
        "downstream_id": "P2_sub37",
        "upstream_ids": []
      }
    },
    {
      "type": "Feature",
      "geometry": {
        "type": "LineString",
        "coordinates": [
          [
            -6723512.343175115,
            6622632.795078311
          ],
          [
            -6723399.714123011,
            6622520.166026207
          ],
          [
            -6723287.085070906,
            6622520.166026207
          ],
          [
            -6723174.456018803,
            6622520.166026207
          ],
          [
            -6723061.826966698,
            6622520.166026207
          ],
          [
            -6722949.197914594,
            6622520.166026207
          ],
          [
            -6722836.568862489,
            6622520.166026207
          ],
          [
            -6722723.939810385,
            6622520.166026207
          ],
          [
            -6722611.310758281,
            6622520.166026207
          ],
          [
            -6722498.681706177,
            6622520.166026207
          ],
          [
            -6722386.052654073,
            6622407.536974102
          ],
          [
            -6722273.423601968,
            6622407.536974102
          ],
          [
            -6722160.794549864,
            6622407.536974102
          ],
          [
            -6722048.165497759,
            6622407.536974102
          ],
          [
            -6721935.536445655,
            6622407.536974102
          ],
          [
            -6721822.9073935505,
            6622407.536974102
          ],
          [
            -6721710.278341447,
            6622520.166026207
          ],
          [
            -6721597.649289343,
            6622520.166026207
          ],
          [
            -6721485.020237238,
            6622520.166026207
          ],
          [
            -6721372.391185134,
            6622520.166026207
          ],
          [
            -6721259.762133029,
            6622520.166026207
          ],
          [
            -6721147.133080925,
            6622407.536974102
          ],
          [
            -6721034.504028821,
            6622407.536974102
          ],
          [
            -6720921.874976717,
            6622294.907921999
          ],
          [
            -6720809.2459246125,
            6622407.536974102
          ],
          [
            -6720696.616872508,
            6622407.536974102
          ],
          [
            -6720583.987820404,
            6622294.907921999
          ],
          [
            -6720471.358768299,
            6622294.907921999
          ],
          [
            -6720358.729716195,
            6622182.278869894
          ],
          [
            -6720246.100664091,
            6622069.64981779
          ],
          [
            -6720133.471611987,
            6622069.64981779
          ],
          [
            -6720020.842559882,
            6621957.0207656855
          ],
          [
            -6719908.213507778,
            6621844.391713581
          ]
        ]
      },
      "properties": {
        "segment_id": "P3_sub23",
        "zone_id": "P3",
        "subzone_id": "P3_sub23",
        "length_m": 4117.306957223305,
        "slope": 0.0367536774515966,
        "drop_m": 151.326171875,
        "downstream_id": "P3_sub21",
        "upstream_ids": [
          "P3_sub28",
          "P3_sub48"
        ]
      }
    },
    {
      "type": "Feature",
      "geometry": {
        "type": "LineString",
        "coordinates": [
          [
            -6720133.471611987,
            6622182.278869894
          ],
          [
            -6720133.471611987,
            6622069.64981779
          ],
          [
            -6720020.842559882,
            6621957.0207656855
          ],
          [
            -6719908.213507778,
            6621844.391713581
          ]
        ]
      },
      "properties": {
        "segment_id": "P3_sub42",
        "zone_id": "P3",
        "subzone_id": "P3_sub42",
        "length_m": 431.1921181110457,
        "slope": 0.0,
        "drop_m": 0.0,
        "downstream_id": "P3_sub21",
        "upstream_ids": []
      }
    },
    {
      "type": "Feature",
      "geometry": {
        "type": "LineString",
        "coordinates": [
          [
            -6707293.759672098,
            6602584.823803748
          ],
          [
            -6707181.130619993,
            6602697.452855852
          ],
          [
            -6707068.501567889,
            6602810.081907957
          ],
          [
            -6707068.501567889,
            6602922.71096006
          ],
          [
            -6706955.872515785,
            6603035.340012165
          ],
          [
            -6706843.243463681,
            6603147.969064269
          ],
          [
            -6706843.243463681,
            6603260.598116374
          ],
          [
            -6706843.243463681,
            6603373.227168478
          ],
          [
            -6706843.243463681,
            6603485.8562205825
          ],
          [
            -6706843.243463681,
            6603598.485272687
          ],
          [
            -6706955.872515785,
            6603711.11432479
          ],
          [
            -6706843.243463681,
            6603823.743376895
          ],
          [
            -6706730.614411577,
            6603936.372428999
          ],
          [
            -6706730.614411577,
            6604049.001481104
          ],
          [
            -6706730.614411577,
            6604161.630533208
          ],
          [
            -6706843.243463681,
            6604274.259585313
          ],
          [
            -6706843.243463681,
            6604386.888637417
          ],
          [
            -6706730.614411577,
            6604499.5176895205
          ],
          [
            -6706730.614411577,
            6604612.146741625
          ],
          [
            -6706730.614411577,
            6604724.775793729
          ],
          [
            -6706843.243463681,
            6604837.404845834
          ],
          [
            -6706843.243463681,
            6604950.033897938
          ],
          [
            -6706843.243463681,
            6605062.662950043
          ],
          [
            -6706843.243463681,
            6605175.292002146
          ],
          [
            -6706843.243463681,
            6605287.921054251
          ],
          [
            -6706730.614411577,
            6605400.550106355
          ],
          [
            -6706617.985359472,
            6605513.179158459
          ],
          [
            -6706617.985359472,
            6605625.808210564
          ],
          [
            -6706730.614411577,
            6605738.437262668
          ],
          [
            -6706730.614411577,
            6605851.066314773
          ]
        ]
      },
      "properties": {
        "segment_id": "P2_sub2",
        "zone_id": "P2",
        "subzone_id": "P2_sub2",
        "length_m": 3872.7247627087118,
        "slope": 0.0050381144192398536,
        "drop_m": 19.51123046875,
        "downstream_id": "P2_sub1",
        "upstream_ids": [
          "P2_sub3",
          "P2_sub9",
          "P2_sub50"
        ]
      }
    },
    {
      "type": "Feature",
      "geometry": {
        "type": "LineString",
        "coordinates": [
          [
            -6706617.985359472,
            6604724.775793729
          ],
          [
            -6706730.614411577,
            6604724.775793729
          ],
          [
            -6706843.243463681,
            6604837.404845834
          ],
          [
            -6706843.243463681,
            6604950.033897938
          ],
          [
            -6706843.243463681,
            6605062.662950043
          ],
          [
            -6706843.243463681,
            6605175.292002146
          ],
          [
            -6706843.243463681,
            6605287.921054251
          ],
          [
            -6706730.614411577,
            6605400.550106355
          ],
          [
            -6706617.985359472,
            6605513.179158459
          ],
          [
            -6706617.985359472,
            6605625.808210564
          ],
          [
            -6706730.614411577,
            6605738.437262668
          ],
          [
            -6706730.614411577,
            6605851.066314773
          ]
        ]
      },
      "properties": {
        "segment_id": "P2_sub37",
        "zone_id": "P2",
        "subzone_id": "P2_sub37",
        "length_m": 1425.529496743302,
        "slope": 0.006982739806675818,
        "drop_m": 9.9541015625,
        "downstream_id": "P2_sub1",
        "upstream_ids": [
          "P2_sub57"
        ]
      }
    },
    {
      "type": "Feature",
      "geometry": {
        "type": "LineString",
        "coordinates": [
          [
            -6719908.213507778,
            6621844.391713581
          ],
          [
            -6719795.584455674,
            6621731.762661477
          ],
          [
            -6719682.955403569,
            6621619.133609373
          ],
          [
            -6719570.326351465,
            6621506.504557269
          ]
        ]
      },
      "properties": {
        "segment_id": "P3_sub21",
        "zone_id": "P3",
        "subzone_id": "P3_sub21",
        "length_m": 477.84459900926737,
        "slope": -0.0025464280176501508,
        "drop_m": -1.216796875,
        "downstream_id": "P3_sub19",
        "upstream_ids": [
          "P3_sub23",
          "P3_sub42"
        ]
      }
    },
    {
      "type": "Feature",
      "geometry": {
        "type": "LineString",
        "coordinates": [
          [
            -6704365.404317386,
            6608328.905461066
          ],
          [
            -6704365.404317386,
            6608441.534513171
          ],
          [
            -6704478.033369491,
            6608554.163565275
          ],
          [
            -6704590.662421595,
            6608666.79261738
          ],
          [
            -6704703.291473699,
            6608779.421669484
          ],
          [
            -6704815.920525803,
            6608892.050721589
          ],
          [
            -6704928.549577908,
            6609004.679773692
          ],
          [
            -6705041.178630012,
            6609004.679773692
          ],
          [
            -6705153.8076821165,
            6609117.3088257965
          ],
          [
            -6705266.436734221,
            6609229.937877901
          ],
          [
            -6705379.065786324,
            6609342.566930005
          ],
          [
            -6705491.694838429,
            6609455.19598211
          ],
          [
            -6705604.323890533,
            6609455.19598211
          ],
          [
            -6705716.952942638,
            6609455.19598211
          ],
          [
            -6705829.581994742,
            6609455.19598211
          ],
          [
            -6705942.211046847,
            6609455.19598211
          ]
        ]
      },
      "properties": {
        "segment_id": "P3_sub46",
        "zone_id": "P3",
        "subzone_id": "P3_sub46",
        "length_m": 2109.308109654373,
        "slope": 0.13550383399622629,
        "drop_m": 285.8193359375,
        "downstream_id": "P3_sub36",
        "upstream_ids": []
      }
    },
    {
      "type": "Feature",
      "geometry": {
        "type": "LineString",
        "coordinates": [
          [
            -6706730.614411577,
            6605851.066314773
          ],
          [
            -6706617.985359472,
            6605963.695366876
          ],
          [
            -6706505.356307368,
            6605963.695366876
          ],
          [
            -6706505.356307368,
            6606076.324418981
          ],
          [
            -6706505.356307368,
            6606188.953471085
          ],
          [
            -6706505.356307368,
            6606301.5825231895
          ],
          [
            -6706392.727255263,
            6606414.211575294
          ],
          [
            -6706280.098203159,
            6606526.840627398
          ],
          [
            -6706280.098203159,
            6606639.469679503
          ],
          [
            -6706280.098203159,
            6606752.098731606
          ],
          [
            -6706280.098203159,
            6606864.727783711
          ],
          [
            -6706392.727255263,
            6606977.356835815
          ],
          [
            -6706280.098203159,
            6607089.98588792
          ],
          [
            -6706280.098203159,
            6607202.614940024
          ],
          [
            -6706280.098203159,
            6607315.243992128
          ],
          [
            -6706280.098203159,
            6607427.873044232
          ],
          [
            -6706167.4691510545,
            6607540.502096336
          ],
          [
            -6706167.4691510545,
            6607653.131148441
          ],
          [
            -6706280.098203159,
            6607765.760200545
          ],
          [
            -6706280.098203159,
            6607878.38925265
          ],
          [
            -6706280.098203159,
            6607991.018304754
          ],
          [
            -6706280.098203159,
            6608103.6473568585
          ],
          [
            -6706280.098203159,
            6608216.276408962
          ],
          [
            -6706392.727255263,
            6608328.905461066
          ],
          [
            -6706392.727255263,
            6608441.534513171
          ],
          [
            -6706280.098203159,
            6608554.163565275
          ],
          [
            -6706280.098203159,
            6608666.79261738
          ],
          [
            -6706280.098203159,
            6608779.421669484
          ],
          [
            -6706280.098203159,
            6608892.050721589
          ],
          [
            -6706167.4691510545,
            6609004.679773692
          ],
          [
            -6706167.4691510545,
            6609117.3088257965
          ],
          [
            -6706167.4691510545,
            6609229.937877901
          ],
          [
            -6706167.4691510545,
            6609342.566930005
          ],
          [
            -6706054.840098951,
            6609455.19598211
          ],
          [
            -6706054.840098951,
            6609567.825034214
          ],
          [
            -6706167.4691510545,
            6609680.454086318
          ],
          [
            -6706167.4691510545,
            6609793.083138422
          ],
          [
            -6706280.098203159,
            6609905.712190527
          ],
          [
            -6706280.098203159,
            6610018.341242631
          ]
        ]
      },
      "properties": {
        "segment_id": "P2_sub1",
        "zone_id": "P2",
        "subzone_id": "P2_sub1",
        "length_m": 4886.386231647635,
        "slope": 0.009509040331085857,
        "drop_m": 46.46484375,
        "downstream_id": "P3_sub10",
        "upstream_ids": [
          "P2_sub2",
          "P2_sub37"
        ]
      }
    },
    {
      "type": "Feature",
      "geometry": {
        "type": "LineString",
        "coordinates": [
          [
            -6719570.326351465,
            6621506.504557269
          ],
          [
            -6719457.697299361,
            6621393.875505164
          ],
          [
            -6719345.068247257,
            6621281.24645306
          ],
          [
            -6719232.439195152,
            6621168.617400955
          ],
          [
            -6719119.810143048,
            6621055.988348851
          ],
          [
            -6719007.1810909435,
            6620943.359296747
          ],
          [
            -6718894.552038839,
            6620830.730244643
          ],
          [
            -6718781.922986736,
            6620718.101192539
          ],
          [
            -6718669.293934631,
            6620605.472140434
          ],
          [
            -6718556.664882527,
            6620492.84308833
          ],
          [
            -6718444.035830422,
            6620380.214036225
          ],
          [
            -6718444.035830422,
            6620267.584984121
          ],
          [
            -6718331.406778318,
            6620154.9559320165
          ],
          [
            -6718218.777726213,
            6620154.9559320165
          ],
          [
            -6718106.148674109,
            6620042.326879913
          ],
          [
            -6717993.5196220055,
            6620042.326879913
          ],
          [
            -6717880.890569901,
            6619929.697827809
          ],
          [
            -6717768.261517797,
            6619817.068775704
          ],
          [
            -6717655.632465692,
            6619817.068775704
          ],
          [
            -6717543.003413588,
            6619817.068775704
          ],
          [
            -6717430.374361483,
            6619929.697827809
          ],
          [
            -6717317.745309379,
            6619929.697827809
          ],
          [
            -6717205.116257275,
            6619929.697827809
          ],
          [
            -6717092.487205171,
            6619929.697827809
          ],
          [
            -6716979.858153067,
            6619929.697827809
          ]
        ]
      },
      "properties": {
        "segment_id": "P3_sub19",
        "zone_id": "P3",
        "subzone_id": "P3_sub19",
        "length_m": 3402.884463984988,
        "slope": 0.00035757807468286937,
        "drop_m": 1.216796875,
        "downstream_id": "P3_sub17",
        "upstream_ids": [
          "P3_sub21"
        ]
      }
    },
    {
      "type": "Feature",
      "geometry": {
        "type": "LineString",
        "coordinates": [
          [
            -6706392.727255263,
            6608103.6473568585
          ],
          [
            -6706280.098203159,
            6608103.6473568585
          ],
          [
            -6706280.098203159,
            6608216.276408962
          ],
          [
            -6706392.727255263,
            6608328.905461066
          ],
          [
            -6706392.727255263,
            6608441.534513171
          ],
          [
            -6706280.098203159,
            6608554.163565275
          ],
          [
            -6706280.098203159,
            6608666.79261738
          ],
          [
            -6706280.098203159,
            6608779.421669484
          ],
          [
            -6706280.098203159,
            6608892.050721589
          ],
          [
            -6706167.4691510545,
            6609004.679773692
          ],
          [
            -6706167.4691510545,
            6609117.3088257965
          ],
          [
            -6706167.4691510545,
            6609229.937877901
          ],
          [
            -6706167.4691510545,
            6609342.566930005
          ],
          [
            -6706054.840098951,
            6609455.19598211
          ],
          [
            -6706054.840098951,
            6609567.825034214
          ],
          [
            -6706167.4691510545,
            6609680.454086318
          ],
          [
            -6706167.4691510545,
            6609793.083138422
          ],
          [
            -6706280.098203159,
            6609905.712190527
          ],
          [
            -6706280.098203159,
            6610018.341242631
          ]
        ]
      },
      "properties": {
        "segment_id": "P3_sub31",
        "zone_id": "P3",
        "subzone_id": "P3_sub31",
        "length_m": 2307.2378232694273,
        "slope": 0.011775528746317432,
        "drop_m": 27.1689453125,
        "downstream_id": "P3_sub10",
        "upstream_ids": []
      }
    },
    {
      "type": "Feature",
      "geometry": {
        "type": "LineString",
        "coordinates": [
          [
            -6705942.211046847,
            6609455.19598211
          ],
          [
            -6706054.840098951,
            6609455.19598211
          ],
          [
            -6706054.840098951,
            6609567.825034214
          ],
          [
            -6706167.4691510545,
            6609680.454086318
          ],
          [
            -6706167.4691510545,
            6609793.083138422
          ],
          [
            -6706280.098203159,
            6609905.712190527
          ],
          [
            -6706280.098203159,
            6610018.341242631
          ]
        ]
      },
      "properties": {
        "segment_id": "P3_sub36",
        "zone_id": "P3",
        "subzone_id": "P3_sub36",
        "length_m": 769.0792744230139,
        "slope": 0.01580750771319473,
        "drop_m": 12.1572265625,
        "downstream_id": "P3_sub10",
        "upstream_ids": [
          "P3_sub46"
        ]
      }
    },
    {
      "type": "Feature",
      "geometry": {
        "type": "LineString",
        "coordinates": [
          [
            -6710334.744078914,
            6618127.63299414
          ],
          [
            -6710222.115026809,
            6618127.63299414
          ],
          [
            -6710109.485974705,
            6618127.63299414
          ],
          [
            -6709996.8569226,
            6618240.262046244
          ],
          [
            -6709884.227870496,
            6618240.262046244
          ],
          [
            -6709771.5988183925,
            6618240.262046244
          ],
          [
            -6709658.969766288,
            6618240.262046244
          ],
          [
            -6709546.340714184,
            6618127.63299414
          ],
          [
            -6709433.711662079,
            6618240.262046244
          ],
          [
            -6709321.082609975,
            6618240.262046244
          ],
          [
            -6709208.45355787,
            6618240.262046244
          ],
          [
            -6709095.824505767,
            6618240.262046244
          ],
          [
            -6708983.195453662,
            6618240.262046244
          ],
          [
            -6708870.566401558,
            6618240.262046244
          ],
          [
            -6708757.937349454,
            6618240.262046244
          ],
          [
            -6708645.308297349,
            6618240.262046244
          ],
          [
            -6708532.679245245,
            6618240.262046244
          ],
          [
            -6708420.05019314,
            6618352.891098348
          ],
          [
            -6708307.421141037,
            6618352.891098348
          ],
          [
            -6708194.792088932,
            6618465.520150453
          ],
          [
            -6708082.163036828,
            6618465.520150453
          ],
          [
            -6707969.5339847235,
            6618352.891098348
          ],
          [
            -6707856.904932619,
            6618240.262046244
          ],
          [
            -6707744.275880515,
            6618352.891098348
          ],
          [
            -6707631.64682841,
            6618240.262046244
          ],
          [
            -6707519.017776307,
            6618240.262046244
          ],
          [
            -6707406.388724202,
            6618240.262046244
          ],
          [
            -6707293.759672098,
            6618352.891098348
          ],
          [
            -6707181.130619993,
            6618352.891098348
          ],
          [
            -6707068.501567889,
            6618352.891098348
          ],
          [
            -6706955.872515785,
            6618465.520150453
          ],
          [
            -6706843.243463681,
            6618578.149202557
          ],
          [
            -6706730.614411577,
            6618578.149202557
          ],
          [
            -6706617.985359472,
            6618578.149202557
          ],
          [
            -6706505.356307368,
            6618578.149202557
          ],
          [
            -6706392.727255263,
            6618578.149202557
          ],
          [
            -6706280.098203159,
            6618690.778254661
          ],
          [
            -6706167.4691510545,
            6618803.407306765
          ],
          [
            -6706054.840098951,
            6618803.407306765
          ],
          [
            -6705942.211046847,
            6618803.407306765
          ],
          [
            -6705829.581994742,
            6618803.407306765
          ],
          [
            -6705716.952942638,
            6618916.03635887
          ],
          [
            -6705604.323890533,
            6619028.665410974
          ],
          [
            -6705491.694838429,
            6619028.665410974
          ],
          [
            -6705379.065786324,
            6619028.665410974
          ],
          [
            -6705266.436734221,
            6619028.665410974
          ],
          [
            -6705266.436734221,
            6619141.2944630785
          ],
          [
            -6705153.8076821165,
            6619253.923515183
          ],
          [
            -6705266.436734221,
            6619366.552567287
          ],
          [
            -6705379.065786324,
            6619366.552567287
          ],
          [
            -6705379.065786324,
            6619479.181619391
          ],
          [
            -6705491.694838429,
            6619591.810671495
          ],
          [
            -6705604.323890533,
            6619591.810671495
          ],
          [
            -6705604.323890533,
            6619704.4397236
          ],
          [
            -6705716.952942638,
            6619817.068775704
          ],
          [
            -6705829.581994742,
            6619817.068775704
          ],
          [
            -6705942.211046847,
            6619929.697827809
          ],
          [
            -6705942.211046847,
            6620042.326879913
          ],
          [
            -6705942.211046847,
            6620154.9559320165
          ],
          [
            -6705942.211046847,
            6620267.584984121
          ],
          [
            -6705942.211046847,
            6620380.214036225
          ],
          [
            -6705829.581994742,
            6620492.84308833
          ],
          [
            -6705829.581994742,
            6620605.472140434
          ],
          [
            -6705942.211046847,
            6620718.101192539
          ],
          [
            -6706054.840098951,
            6620830.730244643
          ],
          [
            -6706054.840098951,
            6620943.359296747
          ],
          [
            -6705942.211046847,
            6621055.988348851
          ],
          [
            -6705829.581994742,
            6621168.617400955
          ],
          [
            -6705829.581994742,
            6621281.24645306
          ],
          [
            -6705829.581994742,
            6621393.875505164
          ],
          [
            -6705829.581994742,
            6621506.504557269
          ],
          [
            -6705942.211046847,
            6621619.133609373
          ],
          [
            -6705942.211046847,
            6621731.762661477
          ],
          [
            -6705942.211046847,
            6621844.391713581
          ],
          [
            -6705942.211046847,
            6621957.0207656855
          ],
          [
            -6705829.581994742,
            6622069.64981779
          ],
          [
            -6705716.952942638,
            6622069.64981779
          ],
          [
            -6705604.323890533,
            6622069.64981779
          ],
          [
            -6705491.694838429,
            6622069.64981779
          ],
          [
            -6705379.065786324,
            6622182.278869894
          ],
          [
            -6705266.436734221,
            6622294.907921999
          ],
          [
            -6705153.8076821165,
            6622407.536974102
          ],
          [
            -6705041.178630012,
            6622520.166026207
          ],
          [
            -6704928.549577908,
            6622632.795078311
          ],
          [
            -6704928.549577908,
            6622745.424130416
          ],
          [
            -6704928.549577908,
            6622858.05318252
          ],
          [
            -6705041.178630012,
            6622970.682234624
          ],
          [
            -6705041.178630012,
            6623083.311286729
          ],
          [
            -6704928.549577908,
            6623195.940338832
          ],
          [
            -6704815.920525803,
            6623308.569390937
          ],
          [
            -6704703.291473699,
            6623421.198443041
          ],
          [
            -6704703.291473699,
            6623533.827495146
          ],
          [
            -6704703.291473699,
            6623646.45654725
          ],
          [
            -6704590.662421595,
            6623759.0855993545
          ],
          [
            -6704478.033369491,
            6623871.714651459
          ],
          [
            -6704365.404317386,
            6623871.714651459
          ],
          [
            -6704252.775265282,
            6623984.343703562
          ],
          [
            -6704252.775265282,
            6624096.972755667
          ],
          [
            -6704140.146213178,
            6624209.601807771
          ],
          [
            -6704027.517161073,
            6624209.601807771
          ],
          [
            -6703914.888108969,
            6624322.230859876
          ],
          [
            -6703802.259056865,
            6624434.85991198
          ],
          [
            -6703689.630004761,
            6624434.85991198
          ],
          [
            -6703577.000952656,
            6624434.85991198
          ],
          [
            -6703464.371900552,
            6624434.85991198
          ],
          [
            -6703351.7428484475,
            6624547.488964085
          ],
          [
            -6703239.113796343,
            6624660.118016188
          ],
          [
            -6703126.48474424,
            6624772.747068292
          ],
          [
            -6703126.48474424,
            6624885.376120397
          ],
          [
            -6703013.855692135,
            6624998.005172501
          ],
          [
            -6702901.226640031,
            6625110.634224606
          ],
          [
            -6702788.597587926,
            6625223.26327671
          ],
          [
            -6702675.968535822,
            6625223.26327671
          ],
          [
            -6702563.339483717,
            6625335.892328815
          ],
          [
            -6702450.710431613,
            6625448.521380918
          ],
          [
            -6702338.0813795095,
            6625561.1504330225
          ],
          [
            -6702225.452327405,
            6625561.1504330225
          ],
          [
            -6702112.823275301,
            6625561.1504330225
          ],
          [
            -6702000.194223196,
            6625673.779485127
          ],
          [
            -6702000.194223196,
            6625786.408537231
          ],
          [
            -6702000.194223196,
            6625899.037589336
          ],
          [
            -6702000.194223196,
            6626011.66664144
          ],
          [
            -6701887.565171092,
            6626124.295693544
          ],
          [
            -6701774.936118987,
            6626236.924745648
          ],
          [
            -6701774.936118987,
            6626349.553797753
          ],
          [
            -6701774.936118987,
            6626462.182849857
          ],
          [
            -6701774.936118987,
            6626574.811901961
          ],
          [
            -6701774.936118987,
            6626687.440954066
          ],
          [
            -6701774.936118987,
            6626800.07000617
          ],
          [
            -6701662.307066883,
            6626912.699058274
          ],
          [
            -6701549.678014779,
            6626912.699058274
          ],
          [
            -6701437.048962675,
            6626912.699058274
          ],
          [
            -6701324.419910571,
            6627025.328110378
          ],
          [
            -6701211.790858466,
            6627025.328110378
          ],
          [
            -6701099.161806362,
            6626912.699058274
          ],
          [
            -6700986.532754257,
            6626912.699058274
          ],
          [
            -6700873.903702154,
            6626800.07000617
          ],
          [
            -6700761.274650049,
            6626687.440954066
          ],
          [
            -6700648.645597945,
            6626687.440954066
          ],
          [
            -6700536.016545841,
            6626800.07000617
          ],
          [
            -6700423.387493736,
            6626800.07000617
          ],
          [
            -6700423.387493736,
            6626912.699058274
          ],
          [
            -6700310.758441632,
            6627025.328110378
          ],
          [
            -6700198.129389527,
            6627025.328110378
          ],
          [
            -6700085.500337424,
            6627025.328110378
          ],
          [
            -6699972.871285319,
            6626912.699058274
          ],
          [
            -6699860.242233215,
            6626800.07000617
          ],
          [
            -6699747.6131811105,
            6626912.699058274
          ],
          [
            -6699634.984129006,
            6626912.699058274
          ],
          [
            -6699522.355076902,
            6626912.699058274
          ],
          [
            -6699409.726024797,
            6627025.328110378
          ],
          [
            -6699297.096972694,
            6627025.328110378
          ],
          [
            -6699184.467920589,
            6627025.328110378
          ],
          [
            -6699071.838868485,
            6626912.699058274
          ],
          [
            -6698959.20981638,
            6626800.07000617
          ],
          [
            -6698846.580764276,
            6626687.440954066
          ],
          [
            -6698733.951712172,
            6626687.440954066
          ],
          [
            -6698621.322660068,
            6626687.440954066
          ],
          [
            -6698508.693607964,
            6626800.07000617
          ],
          [
            -6698396.064555859,
            6626800.07000617
          ],
          [
            -6698283.435503755,
            6626912.699058274
          ],
          [
            -6698283.435503755,
            6627025.328110378
          ],
          [
            -6698170.80645165,
            6627137.957162483
          ],
          [
            -6698170.80645165,
            6627250.586214587
          ],
          [
            -6698283.435503755,
            6627363.2152666915
          ],
          [
            -6698170.80645165,
            6627475.844318796
          ],
          [
            -6698170.80645165,
            6627588.4733709
          ],
          [
            -6698058.177399546,
            6627588.4733709
          ],
          [
            -6697945.5483474415,
            6627701.102423004
          ],
          [
            -6697832.919295338,
            6627701.102423004
          ],
          [
            -6697720.290243234,
            6627701.102423004
          ],
          [
            -6697607.661191129,
            6627588.4733709
          ],
          [
            -6697495.032139025,
            6627588.4733709
          ],
          [
            -6697382.40308692,
            6627701.102423004
          ],
          [
            -6697269.774034816,
            6627588.4733709
          ],
          [
            -6697157.144982711,
            6627588.4733709
          ],
          [
            -6697044.515930608,
            6627701.102423004
          ],
          [
            -6696931.8868785035,
            6627813.731475108
          ],
          [
            -6696819.257826399,
            6627926.360527213
          ],
          [
            -6696819.257826399,
            6628038.989579317
          ],
          [
            -6696931.8868785035,
            6628151.618631422
          ],
          [
            -6696819.257826399,
            6628264.247683526
          ],
          [
            -6696706.628774295,
            6628376.8767356295
          ],
          [
            -6696593.99972219,
            6628489.505787734
          ],
          [
            -6696481.370670086,
            6628602.134839838
          ],
          [
            -6696368.741617982,
            6628602.134839838
          ],
          [
            -6696256.112565878,
            6628714.763891943
          ],
          [
            -6696143.483513773,
            6628827.392944047
          ],
          [
            -6696030.854461669,
            6628827.392944047
          ],
          [
            -6695918.225409565,
            6628827.392944047
          ],
          [
            -6695805.59635746,
            6628827.392944047
          ],
          [
            -6695692.967305356,
            6628714.763891943
          ],
          [
            -6695580.338253252,
            6628714.763891943
          ],
          [
            -6695580.338253252,
            6628827.392944047
          ],
          [
            -6695580.338253252,
            6628940.021996152
          ],
          [
            -6695467.709201148,
            6629052.651048256
          ],
          [
            -6695355.080149043,
            6629052.651048256
          ],
          [
            -6695242.451096939,
            6629165.28010036
          ],
          [
            -6695129.8220448345,
            6629277.909152464
          ],
          [
            -6695017.19299273,
            6629390.538204568
          ],
          [
            -6694904.563940627,
            6629390.538204568
          ],
          [
            -6694791.934888522,
            6629390.538204568
          ],
          [
            -6694679.305836418,
            6629390.538204568
          ],
          [
            -6694566.676784313,
            6629390.538204568
          ],
          [
            -6694454.047732209,
            6629390.538204568
          ],
          [
            -6694341.418680104,
            6629503.167256673
          ],
          [
            -6694228.789628,
            6629615.796308777
          ],
          [
            -6694116.1605758965,
            6629728.425360882
          ],
          [
            -6694228.789628,
            6629841.054412986
          ],
          [
            -6694116.1605758965,
            6629953.68346509
          ],
          [
            -6694116.1605758965,
            6630066.312517194
          ],
          [
            -6694228.789628,
            6630178.9415692985
          ],
          [
            -6694228.789628,
            6630291.570621403
          ],
          [
            -6694116.1605758965,
            6630404.199673507
          ],
          [
            -6694003.531523792,
            6630516.828725612
          ],
          [
            -6694003.531523792,
            6630629.457777715
          ],
          [
            -6694003.531523792,
            6630742.08682982
          ],
          [
            -6694003.531523792,
            6630854.715881924
          ],
          [
            -6693890.902471688,
            6630967.344934029
          ],
          [
            -6693778.273419583,
            6630967.344934029
          ],
          [
            -6693665.644367479,
            6630967.344934029
          ],
          [
            -6693553.015315374,
            6631079.973986133
          ],
          [
            -6693553.015315374,
            6631192.603038237
          ],
          [
            -6693553.015315374,
            6631305.232090342
          ],
          [
            -6693440.38626327,
            6631417.861142445
          ],
          [
            -6693327.757211166,
            6631530.49019455
          ],
          [
            -6693215.128159062,
            6631643.119246654
          ],
          [
            -6693102.499106958,
            6631643.119246654
          ],
          [
            -6692989.870054853,
            6631755.748298759
          ],
          [
            -6692877.241002749,
            6631868.377350863
          ],
          [
            -6692764.611950644,
            6631981.0064029675
          ],
          [
            -6692651.982898541,
            6631981.0064029675
          ],
          [
            -6692651.982898541,
            6632093.635455072
          ],
          [
            -6692764.611950644,
            6632206.264507175
          ],
          [
            -6692651.982898541,
            6632318.89355928
          ],
          [
            -6692539.353846436,
            6632431.522611384
          ],
          [
            -6692539.353846436,
            6632544.151663489
          ],
          [
            -6692426.724794332,
            6632656.780715593
          ],
          [
            -6692426.724794332,
            6632769.409767698
          ],
          [
            -6692314.0957422275,
            6632882.038819801
          ],
          [
            -6692201.466690123,
            6632994.6678719055
          ],
          [
            -6692201.466690123,
            6633107.29692401
          ],
          [
            -6692314.0957422275,
            6633219.925976114
          ],
          [
            -6692426.724794332,
            6633332.555028219
          ],
          [
            -6692426.724794332,
            6633445.184080323
          ],
          [
            -6692314.0957422275,
            6633557.813132428
          ],
          [
            -6692201.466690123,
            6633670.442184531
          ],
          [
            -6692314.0957422275,
            6633783.071236636
          ],
          [
            -6692314.0957422275,
            6633895.70028874
          ],
          [
            -6692314.0957422275,
            6634008.329340844
          ],
          [
            -6692201.466690123,
            6634120.958392949
          ],
          [
            -6692201.466690123,
            6634233.587445053
          ],
          [
            -6692088.837638019,
            6634346.216497158
          ],
          [
            -6692088.837638019,
            6634458.845549261
          ],
          [
            -6692088.837638019,
            6634571.474601366
          ],
          [
            -6692088.837638019,
            6634684.10365347
          ],
          [
            -6691976.208585914,
            6634796.7327055745
          ],
          [
            -6691863.579533811,
            6634796.7327055745
          ],
          [
            -6691750.950481706,
            6634909.361757679
          ],
          [
            -6691638.321429602,
            6635021.990809783
          ],
          [
            -6691525.692377497,
            6635134.619861887
          ],
          [
            -6691413.063325393,
            6635247.248913991
          ],
          [
            -6691413.063325393,
            6635359.877966096
          ],
          [
            -6691413.063325393,
            6635472.5070182
          ],
          [
            -6691300.434273289,
            6635585.136070305
          ],
          [
            -6691300.434273289,
            6635697.765122409
          ],
          [
            -6691300.434273289,
            6635810.394174513
          ],
          [
            -6691300.434273289,
            6635923.023226617
          ],
          [
            -6691300.434273289,
            6636035.652278721
          ],
          [
            -6691300.434273289,
            6636148.281330826
          ],
          [
            -6691187.805221184,
            6636148.281330826
          ],
          [
            -6691075.176169081,
            6636260.91038293
          ],
          [
            -6691075.176169081,
            6636373.539435035
          ],
          [
            -6691075.176169081,
            6636486.168487139
          ],
          [
            -6690962.547116976,
            6636598.7975392435
          ],
          [
            -6690962.547116976,
            6636711.426591347
          ],
          [
            -6690962.547116976,
            6636824.055643451
          ],
          [
            -6690849.918064872,
            6636936.684695556
          ],
          [
            -6690737.289012767,
            6636936.684695556
          ],
          [
            -6690737.289012767,
            6637049.31374766
          ],
          [
            -6690624.659960663,
            6637161.942799765
          ],
          [
            -6690624.659960663,
            6637274.571851869
          ],
          [
            -6690624.659960663,
            6637387.200903973
          ],
          [
            -6690624.659960663,
            6637499.829956077
          ],
          [
            -6690624.659960663,
            6637612.4590081815
          ],
          [
            -6690737.289012767,
            6637725.088060286
          ],
          [
            -6690737.289012767,
            6637837.71711239
          ],
          [
            -6690737.289012767,
            6637950.346164495
          ],
          [
            -6690737.289012767,
            6638062.975216599
          ],
          [
            -6690737.289012767,
            6638175.604268703
          ],
          [
            -6690624.659960663,
            6638175.604268703
          ],
          [
            -6690512.0309085585,
            6638288.233320807
          ],
          [
            -6690399.401856455,
            6638288.233320807
          ],
          [
            -6690286.772804351,
            6638400.862372912
          ],
          [
            -6690286.772804351,
            6638513.491425016
          ],
          [
            -6690286.772804351,
            6638626.12047712
          ],
          [
            -6690399.401856455,
            6638738.749529225
          ],
          [
            -6690512.0309085585,
            6638851.378581328
          ],
          [
            -6690624.659960663,
            6638964.007633433
          ],
          [
            -6690737.289012767,
            6639076.636685537
          ],
          [
            -6690624.659960663,
            6639189.265737642
          ],
          [
            -6690512.0309085585,
            6639189.265737642
          ],
          [
            -6690399.401856455,
            6639301.894789746
          ],
          [
            -6690286.772804351,
            6639189.265737642
          ],
          [
            -6690174.143752246,
            6639301.894789746
          ],
          [
            -6690061.514700142,
            6639414.52384185
          ],
          [
            -6690061.514700142,
            6639527.152893955
          ],
          [
            -6689948.885648037,
            6639639.781946058
          ],
          [
            -6690061.514700142,
            6639752.410998163
          ],
          [
            -6690061.514700142,
            6639865.040050267
          ],
          [
            -6689948.885648037,
            6639977.669102372
          ],
          [
            -6689948.885648037,
            6640090.298154476
          ],
          [
            -6690061.514700142,
            6640202.9272065805
          ],
          [
            -6690174.143752246,
            6640202.9272065805
          ],
          [
            -6690174.143752246,
            6640315.556258685
          ],
          [
            -6690061.514700142,
            6640428.185310788
          ],
          [
            -6690174.143752246,
            6640540.814362893
          ],
          [
            -6690286.772804351,
            6640653.443414997
          ],
          [
            -6690174.143752246,
            6640766.072467102
          ],
          [
            -6690286.772804351,
            6640878.701519206
          ],
          [
            -6690286.772804351,
            6640991.330571311
          ],
          [
            -6690286.772804351,
            6641103.959623414
          ],
          [
            -6690286.772804351,
            6641216.5886755185
          ],
          [
            -6690286.772804351,
            6641329.217727623
          ],
          [
            -6690174.143752246,
            6641441.846779727
          ],
          [
            -6690061.514700142,
            6641554.475831832
          ],
          [
            -6690061.514700142,
            6641667.104883936
          ],
          [
            -6689948.885648037,
            6641779.733936041
          ],
          [
            -6689836.256595933,
            6641892.362988144
          ],
          [
            -6689948.885648037,
            6642004.992040249
          ],
          [
            -6689948.885648037,
            6642117.621092353
          ],
          [
            -6689836.256595933,
            6642230.250144457
          ],
          [
            -6689723.627543828,
            6642342.879196562
          ],
          [
            -6689723.627543828,
            6642455.508248666
          ],
          [
            -6689723.627543828,
            6642568.137300771
          ],
          [
            -6689723.627543828,
            6642680.766352874
          ],
          [
            -6689610.998491725,
            6642793.395404979
          ],
          [
            -6689498.3694396205,
            6642680.766352874
          ],
          [
            -6689385.740387516,
            6642793.395404979
          ],
          [
            -6689385.740387516,
            6642906.024457083
          ],
          [
            -6689385.740387516,
            6643018.6535091875
          ],
          [
            -6689273.111335412,
            6643131.282561292
          ],
          [
            -6689160.482283307,
            6643243.911613396
          ],
          [
            -6689047.853231203,
            6643243.911613396
          ],
          [
            -6689047.853231203,
            6643356.5406655
          ],
          [
            -6689047.853231203,
            6643469.169717604
          ],
          [
            -6689160.482283307,
            6643581.798769709
          ],
          [
            -6689273.111335412,
            6643694.427821813
          ],
          [
            -6689385.740387516,
            6643807.056873918
          ],
          [
            -6689385.740387516,
            6643919.685926022
          ],
          [
            -6689385.740387516,
            6644032.314978126
          ],
          [
            -6689498.3694396205,
            6644144.94403023
          ],
          [
            -6689498.3694396205,
            6644257.573082334
          ],
          [
            -6689610.998491725,
            6644370.202134439
          ],
          [
            -6689723.627543828,
            6644482.831186543
          ],
          [
            -6689836.256595933,
            6644482.831186543
          ],
          [
            -6689948.885648037,
            6644595.460238648
          ],
          [
            -6689948.885648037,
            6644708.089290752
          ],
          [
            -6689948.885648037,
            6644820.7183428565
          ],
          [
            -6689948.885648037,
            6644933.34739496
          ],
          [
            -6690061.514700142,
            6645045.976447064
          ],
          [
            -6689948.885648037,
            6645158.605499169
          ],
          [
            -6689836.256595933,
            6645271.234551273
          ],
          [
            -6689836.256595933,
            6645383.863603378
          ],
          [
            -6689723.627543828,
            6645496.492655482
          ],
          [
            -6689723.627543828,
            6645609.121707586
          ],
          [
            -6689610.998491725,
            6645721.75075969
          ],
          [
            -6689723.627543828,
            6645834.3798117945
          ],
          [
            -6689723.627543828,
            6645947.008863899
          ],
          [
            -6689836.256595933,
            6645834.3798117945
          ],
          [
            -6689948.885648037,
            6645721.75075969
          ],
          [
            -6690061.514700142,
            6645834.3798117945
          ],
          [
            -6690174.143752246,
            6645834.3798117945
          ],
          [
            -6690286.772804351,
            6645834.3798117945
          ],
          [
            -6690399.401856455,
            6645947.008863899
          ],
          [
            -6690399.401856455,
            6646059.637916003
          ],
          [
            -6690512.0309085585,
            6646172.266968108
          ],
          [
            -6690624.659960663,
            6646284.896020212
          ],
          [
            -6690737.289012767,
            6646397.525072316
          ],
          [
            -6690849.918064872,
            6646510.15412442
          ],
          [
            -6690849.918064872,
            6646622.783176525
          ],
          [
            -6690962.547116976,
            6646735.412228629
          ],
          [
            -6690962.547116976,
            6646848.041280733
          ],
          [
            -6690962.547116976,
            6646960.670332838
          ],
          [
            -6690962.547116976,
            6647073.299384942
          ],
          [
            -6690962.547116976,
            6647185.928437046
          ],
          [
            -6690849.918064872,
            6647298.55748915
          ],
          [
            -6690737.289012767,
            6647411.186541255
          ],
          [
            -6690624.659960663,
            6647523.815593359
          ],
          [
            -6690512.0309085585,
            6647636.4446454635
          ],
          [
            -6690399.401856455,
            6647749.073697568
          ],
          [
            -6690399.401856455,
            6647861.702749671
          ],
          [
            -6690286.772804351,
            6647974.331801776
          ],
          [
            -6690174.143752246,
            6648086.96085388
          ],
          [
            -6690174.143752246,
            6648199.589905985
          ],
          [
            -6690174.143752246,
            6648312.218958089
          ],
          [
            -6690174.143752246,
            6648424.848010194
          ],
          [
            -6690174.143752246,
            6648537.477062298
          ],
          [
            -6690286.772804351,
            6648650.1061144015
          ],
          [
            -6690286.772804351,
            6648762.735166506
          ],
          [
            -6690399.401856455,
            6648762.735166506
          ],
          [
            -6690512.0309085585,
            6648875.36421861
          ],
          [
            -6690624.659960663,
            6648987.993270715
          ],
          [
            -6690737.289012767,
            6649100.622322819
          ],
          [
            -6690737.289012767,
            6649213.251374924
          ],
          [
            -6690737.289012767,
            6649325.880427028
          ],
          [
            -6690737.289012767,
            6649438.509479132
          ],
          [
            -6690624.659960663,
            6649551.138531236
          ],
          [
            -6690737.289012767,
            6649663.76758334
          ],
          [
            -6690737.289012767,
            6649776.396635445
          ],
          [
            -6690624.659960663,
            6649889.025687549
          ],
          [
            -6690512.0309085585,
            6650001.654739654
          ],
          [
            -6690399.401856455,
            6650114.283791757
          ],
          [
            -6690399.401856455,
            6650226.912843862
          ],
          [
            -6690512.0309085585,
            6650339.541895966
          ],
          [
            -6690399.401856455,
            6650452.1709480705
          ],
          [
            -6690286.772804351,
            6650564.800000175
          ],
          [
            -6690174.143752246,
            6650677.429052279
          ],
          [
            -6690174.143752246,
            6650790.058104384
          ],
          [
            -6690061.514700142,
            6650902.687156487
          ],
          [
            -6690061.514700142,
            6651015.316208592
          ],
          [
            -6690061.514700142,
            6651127.945260696
          ],
          [
            -6690174.143752246,
            6651240.574312801
          ],
          [
            -6690174.143752246,
            6651353.203364905
          ],
          [
            -6690174.143752246,
            6651465.832417009
          ],
          [
            -6690286.772804351,
            6651578.461469113
          ],
          [
            -6690399.401856455,
            6651578.461469113
          ],
          [
            -6690512.0309085585,
            6651578.461469113
          ],
          [
            -6690624.659960663,
            6651578.461469113
          ],
          [
            -6690737.289012767,
            6651691.090521217
          ],
          [
            -6690737.289012767,
            6651803.719573322
          ],
          [
            -6690737.289012767,
            6651916.348625426
          ],
          [
            -6690849.918064872,
            6652028.977677531
          ],
          [
            -6690962.547116976,
            6652141.606729635
          ],
          [
            -6691075.176169081,
            6652254.2357817395
          ],
          [
            -6691187.805221184,
            6652366.864833843
          ],
          [
            -6691300.434273289,
            6652479.493885947
          ],
          [
            -6691413.063325393,
            6652592.122938052
          ],
          [
            -6691525.692377497,
            6652704.751990156
          ],
          [
            -6691638.321429602,
            6652817.381042261
          ],
          [
            -6691750.950481706,
            6652930.010094365
          ],
          [
            -6691863.579533811,
            6653042.6391464695
          ],
          [
            -6691976.208585914,
            6653155.268198573
          ],
          [
            -6692088.837638019,
            6653267.897250677
          ],
          [
            -6692201.466690123,
            6653380.526302782
          ],
          [
            -6692314.0957422275,
            6653493.155354886
          ],
          [
            -6692426.724794332,
            6653605.784406991
          ],
          [
            -6692539.353846436,
            6653718.413459095
          ]
        ]
      },
      "properties": {
        "segment_id": "P3_sub51",
        "zone_id": "P3",
        "subzone_id": "P3_sub51",
        "length_m": 60935.299454644715,
        "slope": 0.005759446764390997,
        "drop_m": 350.95361328125,
        "downstream_id": "P3_sub40",
        "upstream_ids": []
      }
    },
    {
      "type": "Feature",
      "geometry": {
        "type": "LineString",
        "coordinates": [
          [
            -6706280.098203159,
            6610018.341242631
          ],
          [
            -6706167.4691510545,
            6610130.970294735
          ],
          [
            -6706280.098203159,
            6610243.59934684
          ],
          [
            -6706167.4691510545,
            6610356.228398944
          ],
          [
            -6706167.4691510545,
            6610468.857451048
          ],
          [
            -6706167.4691510545,
            6610581.486503152
          ],
          [
            -6706167.4691510545,
            6610694.115555257
          ],
          [
            -6706167.4691510545,
            6610806.744607361
          ],
          [
            -6706054.840098951,
            6610919.373659465
          ],
          [
            -6706054.840098951,
            6611032.00271157
          ],
          [
            -6706054.840098951,
            6611144.631763674
          ],
          [
            -6705942.211046847,
            6611257.260815778
          ],
          [
            -6705829.581994742,
            6611257.260815778
          ],
          [
            -6705716.952942638,
            6611369.889867882
          ],
          [
            -6705829.581994742,
            6611482.518919987
          ],
          [
            -6705829.581994742,
            6611595.147972091
          ]
        ]
      },
      "properties": {
        "segment_id": "P3_sub10",
        "zone_id": "P3",
        "subzone_id": "P3_sub10",
        "length_m": 2016.0031478563394,
        "slope": 0.005025946625888914,
        "drop_m": 10.13232421875,
        "downstream_id": "P3_sub9",
        "upstream_ids": [
          "P2_sub1",
          "P3_sub31",
          "P3_sub36"
        ]
      }
    },
    {
      "type": "Feature",
      "geometry": {
        "type": "LineString",
        "coordinates": [
          [
            -6716979.858153067,
            6619929.697827809
          ],
          [
            -6716867.229100962,
            6619929.697827809
          ],
          [
            -6716754.600048858,
            6619929.697827809
          ],
          [
            -6716641.970996753,
            6619929.697827809
          ],
          [
            -6716529.34194465,
            6619929.697827809
          ],
          [
            -6716416.712892545,
            6619929.697827809
          ],
          [
            -6716304.083840441,
            6619817.068775704
          ],
          [
            -6716191.4547883365,
            6619817.068775704
          ],
          [
            -6716078.825736232,
            6619817.068775704
          ],
          [
            -6715966.196684128,
            6619817.068775704
          ],
          [
            -6715853.567632023,
            6619704.4397236
          ],
          [
            -6715740.93857992,
            6619704.4397236
          ],
          [
            -6715628.309527815,
            6619591.810671495
          ],
          [
            -6715515.680475711,
            6619479.181619391
          ],
          [
            -6715515.680475711,
            6619366.552567287
          ],
          [
            -6715403.051423606,
            6619253.923515183
          ],
          [
            -6715290.422371502,
            6619141.2944630785
          ],
          [
            -6715177.793319398,
            6619141.2944630785
          ],
          [
            -6715065.164267294,
            6619028.665410974
          ],
          [
            -6715065.164267294,
            6618916.03635887
          ],
          [
            -6714952.53521519,
            6618916.03635887
          ],
          [
            -6714839.906163085,
            6618803.407306765
          ],
          [
            -6714727.277110981,
            6618690.778254661
          ],
          [
            -6714614.648058876,
            6618578.149202557
          ],
          [
            -6714614.648058876,
            6618465.520150453
          ],
          [
            -6714502.019006772,
            6618352.891098348
          ]
        ]
      },
      "properties": {
        "segment_id": "P3_sub17",
        "zone_id": "P3",
        "subzone_id": "P3_sub17",
        "length_m": 3328.9035924942814,
        "slope": 0.0,
        "drop_m": 0.0,
        "downstream_id": "P3_sub16",
        "upstream_ids": [
          "P3_sub19"
        ]
      }
    },
    {
      "type": "Feature",
      "geometry": {
        "type": "LineString",
        "coordinates": [
          [
            -6709095.824505767,
            6629052.651048256
          ],
          [
            -6708983.195453662,
            6629052.651048256
          ]
        ]
      },
      "properties": {
        "segment_id": "P3_sub37",
        "zone_id": "P3",
        "subzone_id": "P3_sub37",
        "length_m": 112.62905210442841,
        "slope": 0.03236304899263805,
        "drop_m": 3.64501953125,
        "downstream_id": "P3_sub26",
        "upstream_ids": []
      }
    },
    {
      "type": "Feature",
      "geometry": {
        "type": "LineString",
        "coordinates": [
          [
            -6716078.825736232,
            6619929.697827809
          ],
          [
            -6715966.196684128,
            6619817.068775704
          ],
          [
            -6715853.567632023,
            6619704.4397236
          ],
          [
            -6715740.93857992,
            6619704.4397236
          ],
          [
            -6715628.309527815,
            6619591.810671495
          ],
          [
            -6715515.680475711,
            6619479.181619391
          ],
          [
            -6715515.680475711,
            6619366.552567287
          ],
          [
            -6715403.051423606,
            6619253.923515183
          ],
          [
            -6715290.422371502,
            6619141.2944630785
          ],
          [
            -6715177.793319398,
            6619141.2944630785
          ],
          [
            -6715065.164267294,
            6619028.665410974
          ],
          [
            -6715065.164267294,
            6618916.03635887
          ],
          [
            -6714952.53521519,
            6618916.03635887
          ],
          [
            -6714839.906163085,
            6618803.407306765
          ],
          [
            -6714727.277110981,
            6618690.778254661
          ],
          [
            -6714614.648058876,
            6618578.149202557
          ],
          [
            -6714614.648058876,
            6618465.520150453
          ],
          [
            -6714502.019006772,
            6618352.891098348
          ]
        ]
      },
      "properties": {
        "segment_id": "P3_sub40",
        "zone_id": "P3",
        "subzone_id": "P3_sub40",
        "length_m": 2427.8711756597854,
        "slope": 0.0,
        "drop_m": 0.0,
        "downstream_id": "P3_sub16",
        "upstream_ids": [
          "P3_sub51"
        ]
      }
    },
    {
      "type": "Feature",
      "geometry": {
        "type": "LineString",
        "coordinates": [
          [
            -6712474.696068895,
            6630178.9415692985
          ],
          [
            -6712362.067016791,
            6630178.9415692985
          ],
          [
            -6712249.437964686,
            6630178.9415692985
          ],
          [
            -6712136.808912582,
            6630291.570621403
          ],
          [
            -6712024.179860478,
            6630291.570621403
          ],
          [
            -6711911.550808374,
            6630404.199673507
          ],
          [
            -6711798.921756269,
            6630404.199673507
          ],
          [
            -6711686.292704165,
            6630404.199673507
          ],
          [
            -6711573.663652061,
            6630404.199673507
          ],
          [
            -6711461.034599956,
            6630404.199673507
          ],
          [
            -6711348.405547852,
            6630404.199673507
          ],
          [
            -6711235.776495748,
            6630516.828725612
          ],
          [
            -6711123.147443644,
            6630516.828725612
          ],
          [
            -6711010.518391539,
            6630629.457777715
          ],
          [
            -6710897.889339435,
            6630629.457777715
          ],
          [
            -6710785.2602873305,
            6630629.457777715
          ],
          [
            -6710672.631235226,
            6630629.457777715
          ],
          [
            -6710560.002183123,
            6630629.457777715
          ],
          [
            -6710447.373131018,
            6630629.457777715
          ],
          [
            -6710334.744078914,
            6630516.828725612
          ],
          [
            -6710222.115026809,
            6630516.828725612
          ],
          [
            -6710109.485974705,
            6630516.828725612
          ],
          [
            -6709996.8569226,
            6630516.828725612
          ],
          [
            -6709884.227870496,
            6630516.828725612
          ],
          [
            -6709771.5988183925,
            6630516.828725612
          ],
          [
            -6709658.969766288,
            6630516.828725612
          ],
          [
            -6709546.340714184,
            6630516.828725612
          ],
          [
            -6709433.711662079,
            6630516.828725612
          ],
          [
            -6709321.082609975,
            6630516.828725612
          ],
          [
            -6709208.45355787,
            6630516.828725612
          ],
          [
            -6709095.824505767,
            6630404.199673507
          ],
          [
            -6708983.195453662,
            6630291.570621403
          ],
          [
            -6708870.566401558,
            6630178.9415692985
          ],
          [
            -6708757.937349454,
            6630066.312517194
          ],
          [
            -6708645.308297349,
            6629953.68346509
          ],
          [
            -6708532.679245245,
            6629953.68346509
          ],
          [
            -6708420.05019314,
            6629953.68346509
          ]
        ]
      },
      "properties": {
        "segment_id": "P3_sub47",
        "zone_id": "P3",
        "subzone_id": "P3_sub47",
        "length_m": 4521.170684742798,
        "slope": 0.1512711859940336,
        "drop_m": 683.9228515625,
        "downstream_id": "P3_sub24",
        "upstream_ids": []
      }
    },
    {
      "type": "Feature",
      "geometry": {
        "type": "LineString",
        "coordinates": [
          [
            -6705829.581994742,
            6611595.147972091
          ],
          [
            -6705716.952942638,
            6611707.7770241955
          ],
          [
            -6705716.952942638,
            6611820.4060763
          ],
          [
            -6705604.323890533,
            6611933.035128403
          ],
          [
            -6705604.323890533,
            6612045.664180508
          ],
          [
            -6705491.694838429,
            6612158.293232612
          ],
          [
            -6705491.694838429,
            6612270.922284717
          ]
        ]
      },
      "properties": {
        "segment_id": "P3_sub9",
        "zone_id": "P3",
        "subzone_id": "P3_sub9",
        "length_m": 815.7317553225525,
        "slope": -0.0006458685288544068,
        "drop_m": -0.52685546875,
        "downstream_id": "P3_sub8",
        "upstream_ids": [
          "P3_sub10"
        ]
      }
    },
    {
      "type": "Feature",
      "geometry": {
        "type": "LineString",
        "coordinates": [
          [
            -6714502.019006772,
            6618352.891098348
          ],
          [
            -6714389.389954668,
            6618240.262046244
          ],
          [
            -6714276.760902564,
            6618240.262046244
          ],
          [
            -6714164.13185046,
            6618127.63299414
          ],
          [
            -6714164.13185046,
            6618015.003942035
          ],
          [
            -6714051.502798355,
            6618015.003942035
          ],
          [
            -6713938.873746251,
            6617902.374889931
          ],
          [
            -6713826.244694146,
            6617789.745837827
          ],
          [
            -6713826.244694146,
            6617677.116785723
          ],
          [
            -6713713.615642042,
            6617564.487733618
          ],
          [
            -6713600.9865899375,
            6617564.487733618
          ],
          [
            -6713488.357537834,
            6617451.858681514
          ],
          [
            -6713375.72848573,
            6617339.2296294095
          ],
          [
            -6713263.099433625,
            6617226.600577305
          ],
          [
            -6713150.470381521,
            6617226.600577305
          ],
          [
            -6713037.841329416,
            6617113.971525202
          ],
          [
            -6713037.841329416,
            6617001.342473097
          ],
          [
            -6712925.212277312,
            6617001.342473097
          ],
          [
            -6712812.583225208,
            6616888.713420993
          ],
          [
            -6712699.954173104,
            6616888.713420993
          ],
          [
            -6712587.3251209995,
            6616776.084368888
          ],
          [
            -6712587.3251209995,
            6616663.455316784
          ],
          [
            -6712474.696068895,
            6616550.826264679
          ],
          [
            -6712362.067016791,
            6616550.826264679
          ],
          [
            -6712249.437964686,
            6616438.197212575
          ],
          [
            -6712136.808912582,
            6616438.197212575
          ],
          [
            -6712024.179860478,
            6616325.5681604715
          ],
          [
            -6711911.550808374,
            6616325.5681604715
          ],
          [
            -6711798.921756269,
            6616212.939108367
          ],
          [
            -6711686.292704165,
            6616100.310056263
          ],
          [
            -6711573.663652061,
            6616100.310056263
          ],
          [
            -6711461.034599956,
            6615987.681004158
          ],
          [
            -6711348.405547852,
            6615987.681004158
          ],
          [
            -6711235.776495748,
            6616100.310056263
          ],
          [
            -6711123.147443644,
            6616100.310056263
          ],
          [
            -6711010.518391539,
            6616212.939108367
          ],
          [
            -6710897.889339435,
            6616212.939108367
          ],
          [
            -6710785.2602873305,
            6616325.5681604715
          ],
          [
            -6710672.631235226,
            6616438.197212575
          ],
          [
            -6710560.002183123,
            6616550.826264679
          ],
          [
            -6710447.373131018,
            6616663.455316784
          ],
          [
            -6710334.744078914,
            6616776.084368888
          ],
          [
            -6710222.115026809,
            6616888.713420993
          ],
          [
            -6710222.115026809,
            6617001.342473097
          ],
          [
            -6710109.485974705,
            6617113.971525202
          ],
          [
            -6710109.485974705,
            6617226.600577305
          ],
          [
            -6709996.8569226,
            6617339.2296294095
          ],
          [
            -6709996.8569226,
            6617451.858681514
          ],
          [
            -6709996.8569226,
            6617564.487733618
          ],
          [
            -6709996.8569226,
            6617677.116785723
          ],
          [
            -6709996.8569226,
            6617789.745837827
          ],
          [
            -6709884.227870496,
            6617902.374889931
          ],
          [
            -6709771.5988183925,
            6617902.374889931
          ],
          [
            -6709658.969766288,
            6618015.003942035
          ],
          [
            -6709546.340714184,
            6618127.63299414
          ],
          [
            -6709433.711662079,
            6618240.262046244
          ],
          [
            -6709321.082609975,
            6618240.262046244
          ],
          [
            -6709208.45355787,
            6618240.262046244
          ],
          [
            -6709095.824505767,
            6618240.262046244
          ],
          [
            -6708983.195453662,
            6618240.262046244
          ],
          [
            -6708870.566401558,
            6618240.262046244
          ],
          [
            -6708757.937349454,
            6618240.262046244
          ],
          [
            -6708645.308297349,
            6618240.262046244
          ],
          [
            -6708532.679245245,
            6618240.262046244
          ],
          [
            -6708420.05019314,
            6618352.891098348
          ]
        ]
      },
      "properties": {
        "segment_id": "P3_sub16",
        "zone_id": "P3",
        "subzone_id": "P3_sub16",
        "length_m": 8701.138723437278,
        "slope": 0.10411089049082439,
        "drop_m": 905.88330078125,
        "downstream_id": "P3_sub13",
        "upstream_ids": [
          "P3_sub17",
          "P3_sub40"
        ]
      }
    },
    {
      "type": "Feature",
      "geometry": {
        "type": "LineString",
        "coordinates": [
          [
            -6708420.05019314,
            6629953.68346509
          ],
          [
            -6708307.421141037,
            6629953.68346509
          ],
          [
            -6708194.792088932,
            6630066.312517194
          ],
          [
            -6708082.163036828,
            6630178.9415692985
          ],
          [
            -6707969.5339847235,
            6630291.570621403
          ],
          [
            -6707856.904932619,
            6630404.199673507
          ],
          [
            -6707856.904932619,
            6630516.828725612
          ],
          [
            -6707744.275880515,
            6630629.457777715
          ],
          [
            -6707631.64682841,
            6630742.08682982
          ],
          [
            -6707519.017776307,
            6630742.08682982
          ],
          [
            -6707406.388724202,
            6630854.715881924
          ],
          [
            -6707293.759672098,
            6630967.344934029
          ],
          [
            -6707181.130619993,
            6631079.973986133
          ],
          [
            -6707068.501567889,
            6631192.603038237
          ],
          [
            -6707068.501567889,
            6631305.232090342
          ],
          [
            -6707068.501567889,
            6631417.861142445
          ],
          [
            -6706955.872515785,
            6631530.49019455
          ],
          [
            -6706843.243463681,
            6631643.119246654
          ],
          [
            -6706843.243463681,
            6631755.748298759
          ],
          [
            -6706843.243463681,
            6631868.377350863
          ],
          [
            -6706730.614411577,
            6631981.0064029675
          ],
          [
            -6706617.985359472,
            6632093.635455072
          ],
          [
            -6706505.356307368,
            6632206.264507175
          ],
          [
            -6706392.727255263,
            6632318.89355928
          ],
          [
            -6706280.098203159,
            6632318.89355928
          ],
          [
            -6706167.4691510545,
            6632318.89355928
          ],
          [
            -6706054.840098951,
            6632318.89355928
          ],
          [
            -6705942.211046847,
            6632318.89355928
          ],
          [
            -6705829.581994742,
            6632318.89355928
          ],
          [
            -6705716.952942638,
            6632318.89355928
          ],
          [
            -6705604.323890533,
            6632318.89355928
          ],
          [
            -6705491.694838429,
            6632318.89355928
          ],
          [
            -6705379.065786324,
            6632318.89355928
          ],
          [
            -6705266.436734221,
            6632206.264507175
          ],
          [
            -6705153.8076821165,
            6632093.635455072
          ],
          [
            -6705041.178630012,
            6632093.635455072
          ],
          [
            -6704928.549577908,
            6631981.0064029675
          ],
          [
            -6704815.920525803,
            6631981.0064029675
          ],
          [
            -6704703.291473699,
            6631981.0064029675
          ],
          [
            -6704590.662421595,
            6631868.377350863
          ],
          [
            -6704478.033369491,
            6631755.748298759
          ]
        ]
      },
      "properties": {
        "segment_id": "P3_sub24",
        "zone_id": "P3",
        "subzone_id": "P3_sub24",
        "length_m": 5484.864183045944,
        "slope": 0.018344962709791707,
        "drop_m": 100.61962890625,
        "downstream_id": "P3_sub20",
        "upstream_ids": [
          "P3_sub47"
        ]
      }
    },
    {
      "type": "Feature",
      "geometry": {
        "type": "LineString",
        "coordinates": [
          [
            -6708983.195453662,
            6629052.651048256
          ],
          [
            -6708870.566401558,
            6629165.28010036
          ],
          [
            -6708870.566401558,
            6629277.909152464
          ],
          [
            -6708757.937349454,
            6629390.538204568
          ],
          [
            -6708645.308297349,
            6629503.167256673
          ],
          [
            -6708532.679245245,
            6629615.796308777
          ],
          [
            -6708420.05019314,
            6629728.425360882
          ],
          [
            -6708420.05019314,
            6629841.054412986
          ],
          [
            -6708307.421141037,
            6629953.68346509
          ],
          [
            -6708194.792088932,
            6630066.312517194
          ],
          [
            -6708082.163036828,
            6630178.9415692985
          ],
          [
            -6707969.5339847235,
            6630291.570621403
          ],
          [
            -6707856.904932619,
            6630404.199673507
          ],
          [
            -6707856.904932619,
            6630516.828725612
          ],
          [
            -6707744.275880515,
            6630629.457777715
          ],
          [
            -6707631.64682841,
            6630742.08682982
          ],
          [
            -6707519.017776307,
            6630742.08682982
          ],
          [
            -6707406.388724202,
            6630854.715881924
          ],
          [
            -6707293.759672098,
            6630967.344934029
          ],
          [
            -6707181.130619993,
            6631079.973986133
          ],
          [
            -6707068.501567889,
            6631192.603038237
          ],
          [
            -6707068.501567889,
            6631305.232090342
          ],
          [
            -6707068.501567889,
            6631417.861142445
          ],
          [
            -6706955.872515785,
            6631530.49019455
          ],
          [
            -6706843.243463681,
            6631643.119246654
          ],
          [
            -6706843.243463681,
            6631755.748298759
          ],
          [
            -6706843.243463681,
            6631868.377350863
          ],
          [
            -6706730.614411577,
            6631981.0064029675
          ],
          [
            -6706617.985359472,
            6632093.635455072
          ],
          [
            -6706505.356307368,
            6632206.264507175
          ],
          [
            -6706392.727255263,
            6632318.89355928
          ],
          [
            -6706280.098203159,
            6632318.89355928
          ],
          [
            -6706167.4691510545,
            6632318.89355928
          ],
          [
            -6706054.840098951,
            6632318.89355928
          ],
          [
            -6705942.211046847,
            6632318.89355928
          ],
          [
            -6705829.581994742,
            6632318.89355928
          ],
          [
            -6705716.952942638,
            6632318.89355928
          ],
          [
            -6705604.323890533,
            6632318.89355928
          ],
          [
            -6705491.694838429,
            6632318.89355928
          ],
          [
            -6705379.065786324,
            6632318.89355928
          ],
          [
            -6705266.436734221,
            6632206.264507175
          ],
          [
            -6705153.8076821165,
            6632093.635455072
          ],
          [
            -6705041.178630012,
            6632093.635455072
          ],
          [
            -6704928.549577908,
            6631981.0064029675
          ],
          [
            -6704815.920525803,
            6631981.0064029675
          ],
          [
            -6704703.291473699,
            6631981.0064029675
          ],
          [
            -6704590.662421595,
            6631868.377350863
          ],
          [
            -6704478.033369491,
            6631755.748298759
          ]
        ]
      },
      "properties": {
        "segment_id": "P3_sub26",
        "zone_id": "P3",
        "subzone_id": "P3_sub26",
        "length_m": 6553.18243316918,
        "slope": 0.019361269273582647,
        "drop_m": 126.8779296875,
        "downstream_id": "P3_sub20",
        "upstream_ids": [
          "P3_sub37"
        ]
      }
    },
    {
      "type": "Feature",
      "geometry": {
        "type": "LineString",
        "coordinates": [
          [
            -6713375.72848573,
            6624434.85991198
          ],
          [
            -6713375.72848573,
            6624322.230859876
          ],
          [
            -6713263.099433625,
            6624322.230859876
          ],
          [
            -6713150.470381521,
            6624322.230859876
          ],
          [
            -6713037.841329416,
            6624322.230859876
          ],
          [
            -6712925.212277312,
            6624322.230859876
          ],
          [
            -6712812.583225208,
            6624434.85991198
          ],
          [
            -6712699.954173104,
            6624434.85991198
          ],
          [
            -6712587.3251209995,
            6624547.488964085
          ],
          [
            -6712474.696068895,
            6624547.488964085
          ],
          [
            -6712362.067016791,
            6624547.488964085
          ],
          [
            -6712249.437964686,
            6624660.118016188
          ],
          [
            -6712136.808912582,
            6624772.747068292
          ],
          [
            -6712024.179860478,
            6624772.747068292
          ],
          [
            -6711911.550808374,
            6624772.747068292
          ],
          [
            -6711798.921756269,
            6624772.747068292
          ],
          [
            -6711686.292704165,
            6624772.747068292
          ],
          [
            -6711573.663652061,
            6624772.747068292
          ],
          [
            -6711461.034599956,
            6624660.118016188
          ],
          [
            -6711348.405547852,
            6624547.488964085
          ],
          [
            -6711235.776495748,
            6624547.488964085
          ],
          [
            -6711123.147443644,
            6624547.488964085
          ],
          [
            -6711010.518391539,
            6624434.85991198
          ],
          [
            -6710897.889339435,
            6624322.230859876
          ],
          [
            -6710785.2602873305,
            6624209.601807771
          ],
          [
            -6710672.631235226,
            6624096.972755667
          ],
          [
            -6710560.002183123,
            6623984.343703562
          ],
          [
            -6710447.373131018,
            6623871.714651459
          ],
          [
            -6710334.744078914,
            6623759.0855993545
          ],
          [
            -6710222.115026809,
            6623646.45654725
          ]
        ]
      },
      "properties": {
        "segment_id": "P3_sub41",
        "zone_id": "P3",
        "subzone_id": "P3_sub41",
        "length_m": 3919.3772436075915,
        "slope": 0.18736646605757917,
        "drop_m": 734.35986328125,
        "downstream_id": "P3_sub29",
        "upstream_ids": []
      }
    },
    {
      "type": "Feature",
      "geometry": {
        "type": "LineString",
        "coordinates": [
          [
            -6706730.614411577,
            6632093.635455072
          ],
          [
            -6706617.985359472,
            6632093.635455072
          ],
          [
            -6706505.356307368,
            6632206.264507175
          ],
          [
            -6706392.727255263,
            6632318.89355928
          ],
          [
            -6706280.098203159,
            6632318.89355928
          ],
          [
            -6706167.4691510545,
            6632318.89355928
          ],
          [
            -6706054.840098951,
            6632318.89355928
          ],
          [
            -6705942.211046847,
            6632318.89355928
          ],
          [
            -6705829.581994742,
            6632318.89355928
          ],
          [
            -6705716.952942638,
            6632318.89355928
          ],
          [
            -6705604.323890533,
            6632318.89355928
          ],
          [
            -6705491.694838429,
            6632318.89355928
          ],
          [
            -6705379.065786324,
            6632318.89355928
          ],
          [
            -6705266.436734221,
            6632206.264507175
          ],
          [
            -6705153.8076821165,
            6632093.635455072
          ],
          [
            -6705041.178630012,
            6632093.635455072
          ],
          [
            -6704928.549577908,
            6631981.0064029675
          ],
          [
            -6704815.920525803,
            6631981.0064029675
          ],
          [
            -6704703.291473699,
            6631981.0064029675
          ],
          [
            -6704590.662421595,
            6631868.377350863
          ],
          [
            -6704478.033369491,
            6631755.748298759
          ]
        ]
      },
      "properties": {
        "segment_id": "P3_sub43",
        "zone_id": "P3",
        "subzone_id": "P3_sub43",
        "length_m": 2579.1484083771643,
        "slope": 0.013916066809464249,
        "drop_m": 35.8916015625,
        "downstream_id": "P3_sub20",
        "upstream_ids": []
      }
    },
    {
      "type": "Feature",
      "geometry": {
        "type": "LineString",
        "coordinates": [
          [
            -6705491.694838429,
            6612270.922284717
          ],
          [
            -6705491.694838429,
            6612383.551336821
          ],
          [
            -6705491.694838429,
            6612496.180388926
          ],
          [
            -6705604.323890533,
            6612608.80944103
          ],
          [
            -6705716.952942638,
            6612721.4384931335
          ],
          [
            -6705604.323890533,
            6612834.067545238
          ],
          [
            -6705491.694838429,
            6612946.696597342
          ],
          [
            -6705491.694838429,
            6613059.325649447
          ],
          [
            -6705379.065786324,
            6613171.954701551
          ],
          [
            -6705266.436734221,
            6613284.583753656
          ],
          [
            -6705153.8076821165,
            6613171.954701551
          ],
          [
            -6705041.178630012,
            6613284.583753656
          ],
          [
            -6705041.178630012,
            6613397.212805759
          ],
          [
            -6705041.178630012,
            6613509.841857864
          ],
          [
            -6705041.178630012,
            6613622.470909968
          ],
          [
            -6705153.8076821165,
            6613735.099962072
          ],
          [
            -6705266.436734221,
            6613847.729014177
          ],
          [
            -6705266.436734221,
            6613960.358066281
          ],
          [
            -6705266.436734221,
            6614072.987118386
          ],
          [
            -6705266.436734221,
            6614185.616170489
          ],
          [
            -6705266.436734221,
            6614298.245222594
          ],
          [
            -6705266.436734221,
            6614410.874274698
          ],
          [
            -6705153.8076821165,
            6614523.5033268025
          ],
          [
            -6705153.8076821165,
            6614636.132378907
          ],
          [
            -6705041.178630012,
            6614748.761431011
          ],
          [
            -6705041.178630012,
            6614861.390483116
          ]
        ]
      },
      "properties": {
        "segment_id": "P3_sub8",
        "zone_id": "P3",
        "subzone_id": "P3_sub8",
        "length_m": 3375.556073394093,
        "slope": 0.0037982746497848287,
        "drop_m": 12.8212890625,
        "downstream_id": "P3_sub7",
        "upstream_ids": [
          "P3_sub9"
        ]
      }
    },
    {
      "type": "Feature",
      "geometry": {
        "type": "LineString",
        "coordinates": [
          [
            -6708420.05019314,
            6618352.891098348
          ],
          [
            -6708307.421141037,
            6618352.891098348
          ],
          [
            -6708194.792088932,
            6618465.520150453
          ],
          [
            -6708082.163036828,
            6618465.520150453
          ],
          [
            -6707969.5339847235,
            6618352.891098348
          ],
          [
            -6707856.904932619,
            6618240.262046244
          ],
          [
            -6707744.275880515,
            6618352.891098348
          ],
          [
            -6707631.64682841,
            6618240.262046244
          ],
          [
            -6707519.017776307,
            6618240.262046244
          ],
          [
            -6707406.388724202,
            6618240.262046244
          ],
          [
            -6707293.759672098,
            6618352.891098348
          ],
          [
            -6707181.130619993,
            6618352.891098348
          ],
          [
            -6707068.501567889,
            6618352.891098348
          ],
          [
            -6706955.872515785,
            6618465.520150453
          ],
          [
            -6706843.243463681,
            6618578.149202557
          ],
          [
            -6706730.614411577,
            6618578.149202557
          ],
          [
            -6706617.985359472,
            6618578.149202557
          ],
          [
            -6706505.356307368,
            6618578.149202557
          ],
          [
            -6706392.727255263,
            6618578.149202557
          ],
          [
            -6706280.098203159,
            6618690.778254661
          ],
          [
            -6706167.4691510545,
            6618803.407306765
          ],
          [
            -6706054.840098951,
            6618803.407306765
          ],
          [
            -6705942.211046847,
            6618803.407306765
          ],
          [
            -6705829.581994742,
            6618803.407306765
          ],
          [
            -6705716.952942638,
            6618916.03635887
          ],
          [
            -6705604.323890533,
            6619028.665410974
          ],
          [
            -6705491.694838429,
            6619028.665410974
          ],
          [
            -6705379.065786324,
            6619028.665410974
          ]
        ]
      },
      "properties": {
        "segment_id": "P3_sub13",
        "zone_id": "P3",
        "subzone_id": "P3_sub13",
        "length_m": 3600.8141776020184,
        "slope": 0.050720272787132904,
        "drop_m": 182.63427734375,
        "downstream_id": "P3_sub12",
        "upstream_ids": [
          "P3_sub16"
        ]
      }
    },
    {
      "type": "Feature",
      "geometry": {
        "type": "LineString",
        "coordinates": [
          [
            -6704478.033369491,
            6631755.748298759
          ],
          [
            -6704365.404317386,
            6631643.119246654
          ],
          [
            -6704365.404317386,
            6631530.49019455
          ],
          [
            -6704252.775265282,
            6631417.861142445
          ],
          [
            -6704252.775265282,
            6631305.232090342
          ],
          [
            -6704140.146213178,
            6631192.603038237
          ],
          [
            -6704027.517161073,
            6631079.973986133
          ],
          [
            -6704027.517161073,
            6630967.344934029
          ],
          [
            -6703914.888108969,
            6630967.344934029
          ],
          [
            -6703802.259056865,
            6630967.344934029
          ],
          [
            -6703689.630004761,
            6630967.344934029
          ],
          [
            -6703577.000952656,
            6630967.344934029
          ],
          [
            -6703464.371900552,
            6630967.344934029
          ],
          [
            -6703351.7428484475,
            6630967.344934029
          ],
          [
            -6703239.113796343,
            6631079.973986133
          ],
          [
            -6703126.48474424,
            6630967.344934029
          ],
          [
            -6703013.855692135,
            6630967.344934029
          ],
          [
            -6702901.226640031,
            6630967.344934029
          ],
          [
            -6702788.597587926,
            6630854.715881924
          ]
        ]
      },
      "properties": {
        "segment_id": "P3_sub20",
        "zone_id": "P3",
        "subzone_id": "P3_sub20",
        "length_m": 2353.8903041693516,
        "slope": 0.006128277491605729,
        "drop_m": 14.42529296875,
        "downstream_id": "P3_sub18",
        "upstream_ids": [
          "P3_sub24",
          "P3_sub26",
          "P3_sub43"
        ]
      }
    },
    {
      "type": "Feature",
      "geometry": {
        "type": "LineString",
        "coordinates": [
          [
            -6710222.115026809,
            6623646.45654725
          ],
          [
            -6710109.485974705,
            6623533.827495146
          ],
          [
            -6709996.8569226,
            6623421.198443041
          ],
          [
            -6709884.227870496,
            6623308.569390937
          ],
          [
            -6709771.5988183925,
            6623195.940338832
          ],
          [
            -6709658.969766288,
            6623083.311286729
          ],
          [
            -6709546.340714184,
            6622970.682234624
          ],
          [
            -6709433.711662079,
            6622970.682234624
          ],
          [
            -6709321.082609975,
            6622858.05318252
          ],
          [
            -6709208.45355787,
            6622858.05318252
          ],
          [
            -6709095.824505767,
            6622858.05318252
          ],
          [
            -6708983.195453662,
            6622745.424130416
          ],
          [
            -6708870.566401558,
            6622632.795078311
          ],
          [
            -6708757.937349454,
            6622520.166026207
          ],
          [
            -6708757.937349454,
            6622407.536974102
          ],
          [
            -6708645.308297349,
            6622294.907921999
          ],
          [
            -6708645.308297349,
            6622182.278869894
          ],
          [
            -6708532.679245245,
            6622069.64981779
          ]
        ]
      },
      "properties": {
        "segment_id": "P3_sub29",
        "zone_id": "P3",
        "subzone_id": "P3_sub29",
        "length_m": 2474.5236565589385,
        "slope": 0.029107559169654858,
        "drop_m": 72.02734375,
        "downstream_id": "P3_sub25",
        "upstream_ids": [
          "P3_sub41"
        ]
      }
    },
    {
      "type": "Feature",
      "geometry": {
        "type": "LineString",
        "coordinates": [
          [
            -6704928.549577908,
            6613622.470909968
          ],
          [
            -6705041.178630012,
            6613622.470909968
          ],
          [
            -6705153.8076821165,
            6613735.099962072
          ],
          [
            -6705266.436734221,
            6613847.729014177
          ],
          [
            -6705266.436734221,
            6613960.358066281
          ],
          [
            -6705266.436734221,
            6614072.987118386
          ],
          [
            -6705266.436734221,
            6614185.616170489
          ],
          [
            -6705266.436734221,
            6614298.245222594
          ],
          [
            -6705266.436734221,
            6614410.874274698
          ],
          [
            -6705153.8076821165,
            6614523.5033268025
          ],
          [
            -6705153.8076821165,
            6614636.132378907
          ],
          [
            -6705041.178630012,
            6614748.761431011
          ],
          [
            -6705041.178630012,
            6614861.390483116
          ]
        ]
      },
      "properties": {
        "segment_id": "P3_sub39",
        "zone_id": "P3",
        "subzone_id": "P3_sub39",
        "length_m": 1538.1585488477306,
        "slope": -0.000605685691958032,
        "drop_m": -0.931640625,
        "downstream_id": "P3_sub7",
        "upstream_ids": []
      }
    },
    {
      "type": "Feature",
      "geometry": {
        "type": "LineString",
        "coordinates": [
          [
            -6705379.065786324,
            6614072.987118386
          ],
          [
            -6705266.436734221,
            6614072.987118386
          ],
          [
            -6705266.436734221,
            6614185.616170489
          ],
          [
            -6705266.436734221,
            6614298.245222594
          ],
          [
            -6705266.436734221,
            6614410.874274698
          ],
          [
            -6705153.8076821165,
            6614523.5033268025
          ],
          [
            -6705153.8076821165,
            6614636.132378907
          ],
          [
            -6705041.178630012,
            6614748.761431011
          ],
          [
            -6705041.178630012,
            6614861.390483116
          ]
        ]
      },
      "properties": {
        "segment_id": "P3_sub45",
        "zone_id": "P3",
        "subzone_id": "P3_sub45",
        "length_m": 994.337378631325,
        "slope": 0.0010960502676668322,
        "drop_m": 1.08984375,
        "downstream_id": "P3_sub7",
        "upstream_ids": []
      }
    },
    {
      "type": "Feature",
      "geometry": {
        "type": "LineString",
        "coordinates": [
          [
            -6705041.178630012,
            6614861.390483116
          ],
          [
            -6704928.549577908,
            6614974.019535219
          ],
          [
            -6704928.549577908,
            6615086.648587324
          ],
          [
            -6705041.178630012,
            6615199.277639428
          ],
          [
            -6705041.178630012,
            6615311.906691533
          ],
          [
            -6705041.178630012,
            6615424.535743637
          ],
          [
            -6705041.178630012,
            6615537.164795741
          ],
          [
            -6705041.178630012,
            6615649.793847845
          ],
          [
            -6705041.178630012,
            6615762.422899949
          ],
          [
            -6705153.8076821165,
            6615875.051952054
          ],
          [
            -6705041.178630012,
            6615987.681004158
          ],
          [
            -6705041.178630012,
            6616100.310056263
          ],
          [
            -6705153.8076821165,
            6616212.939108367
          ],
          [
            -6705266.436734221,
            6616212.939108367
          ],
          [
            -6705379.065786324,
            6616325.5681604715
          ],
          [
            -6705491.694838429,
            6616325.5681604715
          ],
          [
            -6705491.694838429,
            6616438.197212575
          ],
          [
            -6705379.065786324,
            6616550.826264679
          ],
          [
            -6705491.694838429,
            6616663.455316784
          ],
          [
            -6705604.323890533,
            6616776.084368888
          ],
          [
            -6705716.952942638,
            6616888.713420993
          ],
          [
            -6705716.952942638,
            6617001.342473097
          ],
          [
            -6705716.952942638,
            6617113.971525202
          ],
          [
            -6705604.323890533,
            6617226.600577305
          ],
          [
            -6705604.323890533,
            6617339.2296294095
          ],
          [
            -6705604.323890533,
            6617451.858681514
          ],
          [
            -6705491.694838429,
            6617564.487733618
          ],
          [
            -6705379.065786324,
            6617677.116785723
          ],
          [
            -6705379.065786324,
            6617789.745837827
          ],
          [
            -6705491.694838429,
            6617902.374889931
          ],
          [
            -6705379.065786324,
            6618015.003942035
          ],
          [
            -6705379.065786324,
            6618127.63299414
          ],
          [
            -6705379.065786324,
            6618240.262046244
          ],
          [
            -6705266.436734221,
            6618352.891098348
          ],
          [
            -6705266.436734221,
            6618465.520150453
          ],
          [
            -6705153.8076821165,
            6618578.149202557
          ],
          [
            -6705153.8076821165,
            6618690.778254661
          ],
          [
            -6705266.436734221,
            6618803.407306765
          ],
          [
            -6705266.436734221,
            6618916.03635887
          ],
          [
            -6705266.436734221,
            6619028.665410974
          ],
          [
            -6705266.436734221,
            6619141.2944630785
          ],
          [
            -6705153.8076821165,
            6619253.923515183
          ],
          [
            -6705266.436734221,
            6619366.552567287
          ],
          [
            -6705379.065786324,
            6619366.552567287
          ],
          [
            -6705379.065786324,
            6619479.181619391
          ],
          [
            -6705491.694838429,
            6619591.810671495
          ],
          [
            -6705604.323890533,
            6619591.810671495
          ],
          [
            -6705604.323890533,
            6619704.4397236
          ],
          [
            -6705716.952942638,
            6619817.068775704
          ],
          [
            -6705829.581994742,
            6619817.068775704
          ],
          [
            -6705942.211046847,
            6619929.697827809
          ],
          [
            -6705942.211046847,
            6620042.326879913
          ],
          [
            -6705942.211046847,
            6620154.9559320165
          ],
          [
            -6705942.211046847,
            6620267.584984121
          ],
          [
            -6705942.211046847,
            6620380.214036225
          ],
          [
            -6705829.581994742,
            6620492.84308833
          ],
          [
            -6705829.581994742,
            6620605.472140434
          ],
          [
            -6705942.211046847,
            6620718.101192539
          ],
          [
            -6706054.840098951,
            6620830.730244643
          ],
          [
            -6706054.840098951,
            6620943.359296747
          ],
          [
            -6705942.211046847,
            6621055.988348851
          ],
          [
            -6705829.581994742,
            6621168.617400955
          ],
          [
            -6705829.581994742,
            6621281.24645306
          ],
          [
            -6705829.581994742,
            6621393.875505164
          ]
        ]
      },
      "properties": {
        "segment_id": "P3_sub7",
        "zone_id": "P3",
        "subzone_id": "P3_sub7",
        "length_m": 8401.899747737829,
        "slope": 0.006571070152451519,
        "drop_m": 55.20947265625,
        "downstream_id": "P3_sub6",
        "upstream_ids": [
          "P3_sub8",
          "P3_sub39",
          "P3_sub45"
        ]
      }
    },
    {
      "type": "Feature",
      "geometry": {
        "type": "LineString",
        "coordinates": [
          [
            -6705379.065786324,
            6619028.665410974
          ],
          [
            -6705266.436734221,
            6619028.665410974
          ],
          [
            -6705266.436734221,
            6619141.2944630785
          ],
          [
            -6705153.8076821165,
            6619253.923515183
          ],
          [
            -6705266.436734221,
            6619366.552567287
          ],
          [
            -6705379.065786324,
            6619366.552567287
          ],
          [
            -6705379.065786324,
            6619479.181619391
          ],
          [
            -6705491.694838429,
            6619591.810671495
          ],
          [
            -6705604.323890533,
            6619591.810671495
          ],
          [
            -6705604.323890533,
            6619704.4397236
          ],
          [
            -6705716.952942638,
            6619817.068775704
          ],
          [
            -6705829.581994742,
            6619817.068775704
          ],
          [
            -6705942.211046847,
            6619929.697827809
          ],
          [
            -6705942.211046847,
            6620042.326879913
          ],
          [
            -6705942.211046847,
            6620154.9559320165
          ],
          [
            -6705942.211046847,
            6620267.584984121
          ],
          [
            -6705942.211046847,
            6620380.214036225
          ],
          [
            -6705829.581994742,
            6620492.84308833
          ],
          [
            -6705829.581994742,
            6620605.472140434
          ],
          [
            -6705942.211046847,
            6620718.101192539
          ],
          [
            -6706054.840098951,
            6620830.730244643
          ],
          [
            -6706054.840098951,
            6620943.359296747
          ],
          [
            -6705942.211046847,
            6621055.988348851
          ],
          [
            -6705829.581994742,
            6621168.617400955
          ],
          [
            -6705829.581994742,
            6621281.24645306
          ],
          [
            -6705829.581994742,
            6621393.875505164
          ]
        ]
      },
      "properties": {
        "segment_id": "P3_sub12",
        "zone_id": "P3",
        "subzone_id": "P3_sub12",
        "length_m": 3282.251111594856,
        "slope": 0.005685021448490944,
        "drop_m": 18.65966796875,
        "downstream_id": "P3_sub6",
        "upstream_ids": [
          "P3_sub13"
        ]
      }
    },
    {
      "type": "Feature",
      "geometry": {
        "type": "LineString",
        "coordinates": [
          [
            -6702788.597587926,
            6630854.715881924
          ],
          [
            -6702675.968535822,
            6630742.08682982
          ],
          [
            -6702675.968535822,
            6630629.457777715
          ],
          [
            -6702788.597587926,
            6630516.828725612
          ],
          [
            -6702788.597587926,
            6630404.199673507
          ],
          [
            -6702675.968535822,
            6630291.570621403
          ],
          [
            -6702563.339483717,
            6630178.9415692985
          ],
          [
            -6702450.710431613,
            6630066.312517194
          ],
          [
            -6702338.0813795095,
            6629953.68346509
          ],
          [
            -6702225.452327405,
            6629841.054412986
          ],
          [
            -6702225.452327405,
            6629728.425360882
          ],
          [
            -6702225.452327405,
            6629615.796308777
          ],
          [
            -6702225.452327405,
            6629503.167256673
          ],
          [
            -6702112.823275301,
            6629390.538204568
          ],
          [
            -6702112.823275301,
            6629277.909152464
          ]
        ]
      },
      "properties": {
        "segment_id": "P3_sub18",
        "zone_id": "P3",
        "subzone_id": "P3_sub18",
        "length_m": 1950.0265766510638,
        "slope": 0.0034952949105214346,
        "drop_m": 6.81591796875,
        "downstream_id": "P3_sub15",
        "upstream_ids": [
          "P3_sub20"
        ]
      }
    },
    {
      "type": "Feature",
      "geometry": {
        "type": "LineString",
        "coordinates": [
          [
            -6708532.679245245,
            6622069.64981779
          ],
          [
            -6708420.05019314,
            6621957.0207656855
          ],
          [
            -6708307.421141037,
            6621957.0207656855
          ],
          [
            -6708194.792088932,
            6621957.0207656855
          ],
          [
            -6708082.163036828,
            6621957.0207656855
          ],
          [
            -6707969.5339847235,
            6621957.0207656855
          ],
          [
            -6707856.904932619,
            6621957.0207656855
          ],
          [
            -6707744.275880515,
            6622069.64981779
          ],
          [
            -6707631.64682841,
            6622069.64981779
          ],
          [
            -6707519.017776307,
            6622182.278869894
          ],
          [
            -6707406.388724202,
            6622294.907921999
          ],
          [
            -6707293.759672098,
            6622294.907921999
          ],
          [
            -6707181.130619993,
            6622407.536974102
          ],
          [
            -6707068.501567889,
            6622520.166026207
          ],
          [
            -6706955.872515785,
            6622520.166026207
          ],
          [
            -6706843.243463681,
            6622520.166026207
          ],
          [
            -6706730.614411577,
            6622520.166026207
          ],
          [
            -6706617.985359472,
            6622520.166026207
          ],
          [
            -6706505.356307368,
            6622520.166026207
          ],
          [
            -6706392.727255263,
            6622632.795078311
          ],
          [
            -6706280.098203159,
            6622520.166026207
          ],
          [
            -6706167.4691510545,
            6622520.166026207
          ],
          [
            -6706054.840098951,
            6622520.166026207
          ],
          [
            -6705942.211046847,
            6622407.536974102
          ],
          [
            -6705829.581994742,
            6622294.907921999
          ],
          [
            -6705716.952942638,
            6622182.278869894
          ]
        ]
      },
      "properties": {
        "segment_id": "P3_sub25",
        "zone_id": "P3",
        "subzone_id": "P3_sub25",
        "length_m": 3328.903592493623,
        "slope": 0.0420211260125335,
        "drop_m": 139.88427734375,
        "downstream_id": "P3_sub22",
        "upstream_ids": [
          "P3_sub29"
        ]
      }
    },
    {
      "type": "Feature",
      "geometry": {
        "type": "LineString",
        "coordinates": [
          [
            -6701437.048962675,
            6634458.845549261
          ],
          [
            -6701549.678014779,
            6634346.216497158
          ],
          [
            -6701549.678014779,
            6634233.587445053
          ],
          [
            -6701662.307066883,
            6634120.958392949
          ],
          [
            -6701774.936118987,
            6634008.329340844
          ],
          [
            -6701887.565171092,
            6633895.70028874
          ],
          [
            -6702000.194223196,
            6633783.071236636
          ],
          [
            -6702112.823275301,
            6633670.442184531
          ],
          [
            -6702225.452327405,
            6633557.813132428
          ],
          [
            -6702338.0813795095,
            6633445.184080323
          ],
          [
            -6702450.710431613,
            6633332.555028219
          ],
          [
            -6702563.339483717,
            6633219.925976114
          ],
          [
            -6702675.968535822,
            6633107.29692401
          ],
          [
            -6702788.597587926,
            6632994.6678719055
          ],
          [
            -6702901.226640031,
            6632882.038819801
          ],
          [
            -6702901.226640031,
            6632769.409767698
          ],
          [
            -6703013.855692135,
            6632656.780715593
          ],
          [
            -6703013.855692135,
            6632544.151663489
          ],
          [
            -6703013.855692135,
            6632431.522611384
          ],
          [
            -6703013.855692135,
            6632318.89355928
          ],
          [
            -6703126.48474424,
            6632206.264507175
          ],
          [
            -6703126.48474424,
            6632093.635455072
          ],
          [
            -6703239.113796343,
            6631981.0064029675
          ],
          [
            -6703126.48474424,
            6631868.377350863
          ],
          [
            -6703013.855692135,
            6631755.748298759
          ],
          [
            -6703013.855692135,
            6631643.119246654
          ],
          [
            -6702901.226640031,
            6631530.49019455
          ],
          [
            -6702788.597587926,
            6631417.861142445
          ],
          [
            -6702675.968535822,
            6631305.232090342
          ],
          [
            -6702675.968535822,
            6631192.603038237
          ],
          [
            -6702563.339483717,
            6631192.603038237
          ],
          [
            -6702675.968535822,
            6631079.973986133
          ],
          [
            -6702675.968535822,
            6630967.344934029
          ],
          [
            -6702675.968535822,
            6630854.715881924
          ],
          [
            -6702675.968535822,
            6630742.08682982
          ],
          [
            -6702675.968535822,
            6630629.457777715
          ],
          [
            -6702788.597587926,
            6630516.828725612
          ],
          [
            -6702788.597587926,
            6630404.199673507
          ],
          [
            -6702675.968535822,
            6630291.570621403
          ],
          [
            -6702563.339483717,
            6630178.9415692985
          ],
          [
            -6702450.710431613,
            6630066.312517194
          ],
          [
            -6702338.0813795095,
            6629953.68346509
          ],
          [
            -6702225.452327405,
            6629841.054412986
          ],
          [
            -6702225.452327405,
            6629728.425360882
          ],
          [
            -6702225.452327405,
            6629615.796308777
          ],
          [
            -6702225.452327405,
            6629503.167256673
          ],
          [
            -6702112.823275301,
            6629390.538204568
          ],
          [
            -6702112.823275301,
            6629277.909152464
          ]
        ]
      },
      "properties": {
        "segment_id": "P3_sub30",
        "zone_id": "P3",
        "subzone_id": "P3_sub30",
        "length_m": 6646.487394967214,
        "slope": 0.009065379366118127,
        "drop_m": 60.2529296875,
        "downstream_id": "P3_sub15",
        "upstream_ids": []
      }
    },
    {
      "type": "Feature",
      "geometry": {
        "type": "LineString",
        "coordinates": [
          [
            -6702675.968535822,
            6633219.925976114
          ],
          [
            -6702675.968535822,
            6633107.29692401
          ],
          [
            -6702788.597587926,
            6632994.6678719055
          ],
          [
            -6702901.226640031,
            6632882.038819801
          ],
          [
            -6702901.226640031,
            6632769.409767698
          ],
          [
            -6703013.855692135,
            6632656.780715593
          ],
          [
            -6703013.855692135,
            6632544.151663489
          ],
          [
            -6703013.855692135,
            6632431.522611384
          ],
          [
            -6703013.855692135,
            6632318.89355928
          ],
          [
            -6703126.48474424,
            6632206.264507175
          ],
          [
            -6703126.48474424,
            6632093.635455072
          ],
          [
            -6703239.113796343,
            6631981.0064029675
          ],
          [
            -6703126.48474424,
            6631868.377350863
          ],
          [
            -6703013.855692135,
            6631755.748298759
          ],
          [
            -6703013.855692135,
            6631643.119246654
          ],
          [
            -6702901.226640031,
            6631530.49019455
          ],
          [
            -6702788.597587926,
            6631417.861142445
          ],
          [
            -6702675.968535822,
            6631305.232090342
          ],
          [
            -6702675.968535822,
            6631192.603038237
          ],
          [
            -6702563.339483717,
            6631192.603038237
          ],
          [
            -6702675.968535822,
            6631079.973986133
          ],
          [
            -6702675.968535822,
            6630967.344934029
          ],
          [
            -6702675.968535822,
            6630854.715881924
          ],
          [
            -6702675.968535822,
            6630742.08682982
          ],
          [
            -6702675.968535822,
            6630629.457777715
          ],
          [
            -6702788.597587926,
            6630516.828725612
          ],
          [
            -6702788.597587926,
            6630404.199673507
          ],
          [
            -6702675.968535822,
            6630291.570621403
          ],
          [
            -6702563.339483717,
            6630178.9415692985
          ],
          [
            -6702450.710431613,
            6630066.312517194
          ],
          [
            -6702338.0813795095,
            6629953.68346509
          ],
          [
            -6702225.452327405,
            6629841.054412986
          ],
          [
            -6702225.452327405,
            6629728.425360882
          ],
          [
            -6702225.452327405,
            6629615.796308777
          ],
          [
            -6702225.452327405,
            6629503.167256673
          ],
          [
            -6702112.823275301,
            6629390.538204568
          ],
          [
            -6702112.823275301,
            6629277.909152464
          ]
        ]
      },
      "properties": {
        "segment_id": "P3_sub34",
        "zone_id": "P3",
        "subzone_id": "P3_sub34",
        "length_m": 4894.390531933453,
        "slope": 0.006332783823700285,
        "drop_m": 30.9951171875,
        "downstream_id": "P3_sub15",
        "upstream_ids": []
      }
    },
    {
      "type": "Feature",
      "geometry": {
        "type": "LineString",
        "coordinates": [
          [
            -6705716.952942638,
            6616776.084368888
          ],
          [
            -6705716.952942638,
            6616888.713420993
          ],
          [
            -6705716.952942638,
            6617001.342473097
          ],
          [
            -6705716.952942638,
            6617113.971525202
          ],
          [
            -6705604.323890533,
            6617226.600577305
          ],
          [
            -6705604.323890533,
            6617339.2296294095
          ],
          [
            -6705604.323890533,
            6617451.858681514
          ],
          [
            -6705491.694838429,
            6617564.487733618
          ],
          [
            -6705379.065786324,
            6617677.116785723
          ],
          [
            -6705379.065786324,
            6617789.745837827
          ],
          [
            -6705491.694838429,
            6617902.374889931
          ],
          [
            -6705379.065786324,
            6618015.003942035
          ],
          [
            -6705379.065786324,
            6618127.63299414
          ],
          [
            -6705379.065786324,
            6618240.262046244
          ],
          [
            -6705266.436734221,
            6618352.891098348
          ],
          [
            -6705266.436734221,
            6618465.520150453
          ],
          [
            -6705153.8076821165,
            6618578.149202557
          ],
          [
            -6705153.8076821165,
            6618690.778254661
          ],
          [
            -6705266.436734221,
            6618803.407306765
          ],
          [
            -6705266.436734221,
            6618916.03635887
          ],
          [
            -6705266.436734221,
            6619028.665410974
          ],
          [
            -6705266.436734221,
            6619141.2944630785
          ],
          [
            -6705153.8076821165,
            6619253.923515183
          ],
          [
            -6705266.436734221,
            6619366.552567287
          ],
          [
            -6705379.065786324,
            6619366.552567287
          ],
          [
            -6705379.065786324,
            6619479.181619391
          ],
          [
            -6705491.694838429,
            6619591.810671495
          ],
          [
            -6705604.323890533,
            6619591.810671495
          ],
          [
            -6705604.323890533,
            6619704.4397236
          ],
          [
            -6705716.952942638,
            6619817.068775704
          ],
          [
            -6705829.581994742,
            6619817.068775704
          ],
          [
            -6705942.211046847,
            6619929.697827809
          ],
          [
            -6705942.211046847,
            6620042.326879913
          ],
          [
            -6705942.211046847,
            6620154.9559320165
          ],
          [
            -6705942.211046847,
            6620267.584984121
          ],
          [
            -6705942.211046847,
            6620380.214036225
          ],
          [
            -6705829.581994742,
            6620492.84308833
          ],
          [
            -6705829.581994742,
            6620605.472140434
          ],
          [
            -6705942.211046847,
            6620718.101192539
          ],
          [
            -6706054.840098951,
            6620830.730244643
          ],
          [
            -6706054.840098951,
            6620943.359296747
          ],
          [
            -6705942.211046847,
            6621055.988348851
          ],
          [
            -6705829.581994742,
            6621168.617400955
          ],
          [
            -6705829.581994742,
            6621281.24645306
          ],
          [
            -6705829.581994742,
            6621393.875505164
          ]
        ]
      },
      "properties": {
        "segment_id": "P3_sub35",
        "zone_id": "P3",
        "subzone_id": "P3_sub35",
        "length_m": 5795.422948768064,
        "slope": 0.005812018512973248,
        "drop_m": 33.68310546875,
        "downstream_id": "P3_sub6",
        "upstream_ids": []
      }
    },
    {
      "type": "Feature",
      "geometry": {
        "type": "LineString",
        "coordinates": [
          [
            -6705829.581994742,
            6621393.875505164
          ],
          [
            -6705829.581994742,
            6621506.504557269
          ],
          [
            -6705942.211046847,
            6621619.133609373
          ],
          [
            -6705942.211046847,
            6621731.762661477
          ],
          [
            -6705942.211046847,
            6621844.391713581
          ],
          [
            -6705942.211046847,
            6621957.0207656855
          ],
          [
            -6705829.581994742,
            6622069.64981779
          ],
          [
            -6705716.952942638,
            6622069.64981779
          ],
          [
            -6705604.323890533,
            6622069.64981779
          ],
          [
            -6705491.694838429,
            6622069.64981779
          ],
          [
            -6705379.065786324,
            6622182.278869894
          ],
          [
            -6705266.436734221,
            6622294.907921999
          ],
          [
            -6705153.8076821165,
            6622407.536974102
          ],
          [
            -6705041.178630012,
            6622520.166026207
          ],
          [
            -6704928.549577908,
            6622632.795078311
          ],
          [
            -6704928.549577908,
            6622745.424130416
          ],
          [
            -6704928.549577908,
            6622858.05318252
          ],
          [
            -6705041.178630012,
            6622970.682234624
          ],
          [
            -6705041.178630012,
            6623083.311286729
          ],
          [
            -6704928.549577908,
            6623195.940338832
          ],
          [
            -6704815.920525803,
            6623308.569390937
          ],
          [
            -6704703.291473699,
            6623421.198443041
          ],
          [
            -6704703.291473699,
            6623533.827495146
          ],
          [
            -6704703.291473699,
            6623646.45654725
          ],
          [
            -6704590.662421595,
            6623759.0855993545
          ],
          [
            -6704478.033369491,
            6623871.714651459
          ],
          [
            -6704365.404317386,
            6623871.714651459
          ],
          [
            -6704252.775265282,
            6623984.343703562
          ],
          [
            -6704252.775265282,
            6624096.972755667
          ],
          [
            -6704140.146213178,
            6624209.601807771
          ],
          [
            -6704027.517161073,
            6624209.601807771
          ],
          [
            -6703914.888108969,
            6624322.230859876
          ],
          [
            -6703802.259056865,
            6624434.85991198
          ],
          [
            -6703689.630004761,
            6624434.85991198
          ],
          [
            -6703577.000952656,
            6624434.85991198
          ],
          [
            -6703464.371900552,
            6624434.85991198
          ],
          [
            -6703351.7428484475,
            6624547.488964085
          ]
        ]
      },
      "properties": {
        "segment_id": "P3_sub6",
        "zone_id": "P3",
        "subzone_id": "P3_sub6",
        "length_m": 4894.390531934384,
        "slope": 0.004063165499411073,
        "drop_m": 19.88671875,
        "downstream_id": "P3_sub5",
        "upstream_ids": [
          "P3_sub7",
          "P3_sub12",
          "P3_sub35"
        ]
      }
    },
    {
      "type": "Feature",
      "geometry": {
        "type": "LineString",
        "coordinates": [
          [
            -6702112.823275301,
            6629277.909152464
          ],
          [
            -6702000.194223196,
            6629165.28010036
          ],
          [
            -6702000.194223196,
            6629052.651048256
          ]
        ]
      },
      "properties": {
        "segment_id": "P3_sub15",
        "zone_id": "P3",
        "subzone_id": "P3_sub15",
        "length_m": 271.91058510680574,
        "slope": 0.004667133382290077,
        "drop_m": 1.26904296875,
        "downstream_id": "P3_sub14",
        "upstream_ids": [
          "P3_sub18",
          "P3_sub30",
          "P3_sub34"
        ]
      }
    },
    {
      "type": "Feature",
      "geometry": {
        "type": "LineString",
        "coordinates": [
          [
            -6705716.952942638,
            6622182.278869894
          ],
          [
            -6705716.952942638,
            6622069.64981779
          ],
          [
            -6705604.323890533,
            6622069.64981779
          ],
          [
            -6705491.694838429,
            6622069.64981779
          ],
          [
            -6705379.065786324,
            6622182.278869894
          ],
          [
            -6705266.436734221,
            6622294.907921999
          ],
          [
            -6705153.8076821165,
            6622407.536974102
          ],
          [
            -6705041.178630012,
            6622520.166026207
          ],
          [
            -6704928.549577908,
            6622632.795078311
          ],
          [
            -6704928.549577908,
            6622745.424130416
          ],
          [
            -6704928.549577908,
            6622858.05318252
          ],
          [
            -6705041.178630012,
            6622970.682234624
          ],
          [
            -6705041.178630012,
            6623083.311286729
          ],
          [
            -6704928.549577908,
            6623195.940338832
          ],
          [
            -6704815.920525803,
            6623308.569390937
          ],
          [
            -6704703.291473699,
            6623421.198443041
          ],
          [
            -6704703.291473699,
            6623533.827495146
          ],
          [
            -6704703.291473699,
            6623646.45654725
          ],
          [
            -6704590.662421595,
            6623759.0855993545
          ],
          [
            -6704478.033369491,
            6623871.714651459
          ],
          [
            -6704365.404317386,
            6623871.714651459
          ],
          [
            -6704252.775265282,
            6623984.343703562
          ],
          [
            -6704252.775265282,
            6624096.972755667
          ],
          [
            -6704140.146213178,
            6624209.601807771
          ],
          [
            -6704027.517161073,
            6624209.601807771
          ],
          [
            -6703914.888108969,
            6624322.230859876
          ],
          [
            -6703802.259056865,
            6624434.85991198
          ],
          [
            -6703689.630004761,
            6624434.85991198
          ],
          [
            -6703577.000952656,
            6624434.85991198
          ],
          [
            -6703464.371900552,
            6624434.85991198
          ],
          [
            -6703351.7428484475,
            6624547.488964085
          ]
        ]
      },
      "properties": {
        "segment_id": "P3_sub22",
        "zone_id": "P3",
        "subzone_id": "P3_sub22",
        "length_m": 4125.311257510984,
        "slope": 0.004013783308738834,
        "drop_m": 16.55810546875,
        "downstream_id": "P3_sub5",
        "upstream_ids": [
          "P3_sub25"
        ]
      }
    },
    {
      "type": "Feature",
      "geometry": {
        "type": "LineString",
        "coordinates": [
          [
            -6705153.8076821165,
            6623195.940338832
          ],
          [
            -6705041.178630012,
            6623083.311286729
          ],
          [
            -6704928.549577908,
            6623195.940338832
          ],
          [
            -6704815.920525803,
            6623308.569390937
          ],
          [
            -6704703.291473699,
            6623421.198443041
          ],
          [
            -6704703.291473699,
            6623533.827495146
          ],
          [
            -6704703.291473699,
            6623646.45654725
          ],
          [
            -6704590.662421595,
            6623759.0855993545
          ],
          [
            -6704478.033369491,
            6623871.714651459
          ],
          [
            -6704365.404317386,
            6623871.714651459
          ],
          [
            -6704252.775265282,
            6623984.343703562
          ],
          [
            -6704252.775265282,
            6624096.972755667
          ],
          [
            -6704140.146213178,
            6624209.601807771
          ],
          [
            -6704027.517161073,
            6624209.601807771
          ],
          [
            -6703914.888108969,
            6624322.230859876
          ],
          [
            -6703802.259056865,
            6624434.85991198
          ],
          [
            -6703689.630004761,
            6624434.85991198
          ],
          [
            -6703577.000952656,
            6624434.85991198
          ],
          [
            -6703464.371900552,
            6624434.85991198
          ],
          [
            -6703351.7428484475,
            6624547.488964085
          ]
        ]
      },
      "properties": {
        "segment_id": "P3_sub44",
        "zone_id": "P3",
        "subzone_id": "P3_sub44",
        "length_m": 2653.1292798685295,
        "slope": 0.0046742415763903235,
        "drop_m": 12.4013671875,
        "downstream_id": "P3_sub5",
        "upstream_ids": []
      }
    },
    {
      "type": "Feature",
      "geometry": {
        "type": "LineString",
        "coordinates": [
          [
            -6703351.7428484475,
            6624547.488964085
          ],
          [
            -6703239.113796343,
            6624660.118016188
          ],
          [
            -6703126.48474424,
            6624772.747068292
          ],
          [
            -6703126.48474424,
            6624885.376120397
          ],
          [
            -6703013.855692135,
            6624998.005172501
          ],
          [
            -6702901.226640031,
            6625110.634224606
          ],
          [
            -6702788.597587926,
            6625223.26327671
          ],
          [
            -6702675.968535822,
            6625223.26327671
          ],
          [
            -6702563.339483717,
            6625335.892328815
          ],
          [
            -6702450.710431613,
            6625448.521380918
          ],
          [
            -6702338.0813795095,
            6625561.1504330225
          ],
          [
            -6702225.452327405,
            6625561.1504330225
          ],
          [
            -6702112.823275301,
            6625561.1504330225
          ],
          [
            -6702000.194223196,
            6625673.779485127
          ],
          [
            -6702000.194223196,
            6625786.408537231
          ],
          [
            -6702000.194223196,
            6625899.037589336
          ],
          [
            -6702000.194223196,
            6626011.66664144
          ],
          [
            -6701887.565171092,
            6626124.295693544
          ],
          [
            -6701774.936118987,
            6626236.924745648
          ],
          [
            -6701774.936118987,
            6626349.553797753
          ],
          [
            -6701774.936118987,
            6626462.182849857
          ],
          [
            -6701774.936118987,
            6626574.811901961
          ],
          [
            -6701774.936118987,
            6626687.440954066
          ],
          [
            -6701774.936118987,
            6626800.07000617
          ],
          [
            -6701662.307066883,
            6626912.699058274
          ],
          [
            -6701549.678014779,
            6626912.699058274
          ],
          [
            -6701437.048962675,
            6626912.699058274
          ],
          [
            -6701324.419910571,
            6627025.328110378
          ],
          [
            -6701211.790858466,
            6627025.328110378
          ],
          [
            -6701099.161806362,
            6626912.699058274
          ],
          [
            -6700986.532754257,
            6626912.699058274
          ],
          [
            -6700873.903702154,
            6626800.07000617
          ],
          [
            -6700761.274650049,
            6626687.440954066
          ],
          [
            -6700648.645597945,
            6626687.440954066
          ],
          [
            -6700536.016545841,
            6626800.07000617
          ],
          [
            -6700423.387493736,
            6626800.07000617
          ],
          [
            -6700423.387493736,
            6626912.699058274
          ],
          [
            -6700310.758441632,
            6627025.328110378
          ],
          [
            -6700198.129389527,
            6627025.328110378
          ],
          [
            -6700085.500337424,
            6627025.328110378
          ],
          [
            -6699972.871285319,
            6626912.699058274
          ],
          [
            -6699860.242233215,
            6626800.07000617
          ],
          [
            -6699747.6131811105,
            6626912.699058274
          ],
          [
            -6699634.984129006,
            6626912.699058274
          ],
          [
            -6699522.355076902,
            6626912.699058274
          ],
          [
            -6699409.726024797,
            6627025.328110378
          ],
          [
            -6699297.096972694,
            6627025.328110378
          ],
          [
            -6699184.467920589,
            6627025.328110378
          ]
        ]
      },
      "properties": {
        "segment_id": "P3_sub5",
        "zone_id": "P3",
        "subzone_id": "P3_sub5",
        "length_m": 6319.92002867319,
        "slope": 0.002418877027817295,
        "drop_m": 15.287109375,
        "downstream_id": "P3_sub4",
        "upstream_ids": [
          "P3_sub6",
          "P3_sub22",
          "P3_sub44"
        ]
      }
    },
    {
      "type": "Feature",
      "geometry": {
        "type": "LineString",
        "coordinates": [
          [
            -6702000.194223196,
            6629052.651048256
          ],
          [
            -6702000.194223196,
            6628940.021996152
          ],
          [
            -6701887.565171092,
            6628827.392944047
          ],
          [
            -6701774.936118987,
            6628827.392944047
          ],
          [
            -6701662.307066883,
            6628714.763891943
          ],
          [
            -6701549.678014779,
            6628602.134839838
          ],
          [
            -6701437.048962675,
            6628489.505787734
          ],
          [
            -6701324.419910571,
            6628376.8767356295
          ],
          [
            -6701211.790858466,
            6628376.8767356295
          ],
          [
            -6701099.161806362,
            6628264.247683526
          ],
          [
            -6700986.532754257,
            6628264.247683526
          ],
          [
            -6700873.903702154,
            6628151.618631422
          ],
          [
            -6700761.274650049,
            6628038.989579317
          ],
          [
            -6700648.645597945,
            6628038.989579317
          ],
          [
            -6700536.016545841,
            6628038.989579317
          ],
          [
            -6700423.387493736,
            6628038.989579317
          ],
          [
            -6700310.758441632,
            6627926.360527213
          ],
          [
            -6700198.129389527,
            6627813.731475108
          ],
          [
            -6700198.129389527,
            6627701.102423004
          ],
          [
            -6700085.500337424,
            6627588.4733709
          ],
          [
            -6699972.871285319,
            6627588.4733709
          ],
          [
            -6699860.242233215,
            6627588.4733709
          ],
          [
            -6699747.6131811105,
            6627588.4733709
          ],
          [
            -6699634.984129006,
            6627701.102423004
          ],
          [
            -6699522.355076902,
            6627588.4733709
          ],
          [
            -6699409.726024797,
            6627588.4733709
          ],
          [
            -6699297.096972694,
            6627588.4733709
          ],
          [
            -6699184.467920589,
            6627588.4733709
          ],
          [
            -6699071.838868485,
            6627588.4733709
          ],
          [
            -6698959.20981638,
            6627588.4733709
          ],
          [
            -6698846.580764276,
            6627475.844318796
          ],
          [
            -6698733.951712172,
            6627363.2152666915
          ],
          [
            -6698621.322660068,
            6627363.2152666915
          ],
          [
            -6698508.693607964,
            6627363.2152666915
          ],
          [
            -6698396.064555859,
            6627363.2152666915
          ]
        ]
      },
      "properties": {
        "segment_id": "P3_sub14",
        "zone_id": "P3",
        "subzone_id": "P3_sub14",
        "length_m": 4529.174985027297,
        "slope": 0.003954397061100093,
        "drop_m": 17.91015625,
        "downstream_id": "P3_sub11",
        "upstream_ids": [
          "P3_sub15"
        ]
      }
    },
    {
      "type": "Feature",
      "geometry": {
        "type": "LineString",
        "coordinates": [
          [
            -6702112.823275301,
            6629052.651048256
          ],
          [
            -6702000.194223196,
            6628940.021996152
          ],
          [
            -6701887.565171092,
            6628827.392944047
          ],
          [
            -6701774.936118987,
            6628827.392944047
          ],
          [
            -6701662.307066883,
            6628714.763891943
          ],
          [
            -6701549.678014779,
            6628602.134839838
          ],
          [
            -6701437.048962675,
            6628489.505787734
          ],
          [
            -6701324.419910571,
            6628376.8767356295
          ],
          [
            -6701211.790858466,
            6628376.8767356295
          ],
          [
            -6701099.161806362,
            6628264.247683526
          ],
          [
            -6700986.532754257,
            6628264.247683526
          ],
          [
            -6700873.903702154,
            6628151.618631422
          ],
          [
            -6700761.274650049,
            6628038.989579317
          ],
          [
            -6700648.645597945,
            6628038.989579317
          ],
          [
            -6700536.016545841,
            6628038.989579317
          ],
          [
            -6700423.387493736,
            6628038.989579317
          ],
          [
            -6700310.758441632,
            6627926.360527213
          ],
          [
            -6700198.129389527,
            6627813.731475108
          ],
          [
            -6700198.129389527,
            6627701.102423004
          ],
          [
            -6700085.500337424,
            6627588.4733709
          ],
          [
            -6699972.871285319,
            6627588.4733709
          ],
          [
            -6699860.242233215,
            6627588.4733709
          ],
          [
            -6699747.6131811105,
            6627588.4733709
          ],
          [
            -6699634.984129006,
            6627701.102423004
          ],
          [
            -6699522.355076902,
            6627588.4733709
          ],
          [
            -6699409.726024797,
            6627588.4733709
          ],
          [
            -6699297.096972694,
            6627588.4733709
          ],
          [
            -6699184.467920589,
            6627588.4733709
          ],
          [
            -6699071.838868485,
            6627588.4733709
          ],
          [
            -6698959.20981638,
            6627588.4733709
          ],
          [
            -6698846.580764276,
            6627475.844318796
          ],
          [
            -6698733.951712172,
            6627363.2152666915
          ],
          [
            -6698621.322660068,
            6627363.2152666915
          ],
          [
            -6698508.693607964,
            6627363.2152666915
          ],
          [
            -6698396.064555859,
            6627363.2152666915
          ]
        ]
      },
      "properties": {
        "segment_id": "P3_sub32",
        "zone_id": "P3",
        "subzone_id": "P3_sub32",
        "length_m": 4575.827465926178,
        "slope": 0.003994432081925197,
        "drop_m": 18.27783203125,
        "downstream_id": "P3_sub11",
        "upstream_ids": []
      }
    },
    {
      "type": "Feature",
      "geometry": {
        "type": "LineString",
        "coordinates": [
          [
            -6701324.419910571,
            6621393.875505164
          ],
          [
            -6701211.790858466,
            6621506.504557269
          ],
          [
            -6701211.790858466,
            6621619.133609373
          ],
          [
            -6701211.790858466,
            6621731.762661477
          ],
          [
            -6701211.790858466,
            6621844.391713581
          ],
          [
            -6701211.790858466,
            6621957.0207656855
          ],
          [
            -6701211.790858466,
            6622069.64981779
          ],
          [
            -6701099.161806362,
            6622182.278869894
          ],
          [
            -6701099.161806362,
            6622294.907921999
          ],
          [
            -6700986.532754257,
            6622407.536974102
          ],
          [
            -6700986.532754257,
            6622520.166026207
          ],
          [
            -6700873.903702154,
            6622632.795078311
          ],
          [
            -6700873.903702154,
            6622745.424130416
          ],
          [
            -6700873.903702154,
            6622858.05318252
          ],
          [
            -6700873.903702154,
            6622970.682234624
          ],
          [
            -6700873.903702154,
            6623083.311286729
          ],
          [
            -6700873.903702154,
            6623195.940338832
          ],
          [
            -6700873.903702154,
            6623308.569390937
          ],
          [
            -6700873.903702154,
            6623421.198443041
          ],
          [
            -6700873.903702154,
            6623533.827495146
          ],
          [
            -6700873.903702154,
            6623646.45654725
          ]
        ]
      },
      "properties": {
        "segment_id": "P3_sub38",
        "zone_id": "P3",
        "subzone_id": "P3_sub38",
        "length_m": 2439.1909656809094,
        "slope": 0.012865473879569645,
        "drop_m": 31.38134765625,
        "downstream_id": "P3_sub27",
        "upstream_ids": []
      }
    },
    {
      "type": "Feature",
      "geometry": {
        "type": "LineString",
        "coordinates": [
          [
            -6699184.467920589,
            6627025.328110378
          ],
          [
            -6699071.838868485,
            6626912.699058274
          ],
          [
            -6698959.20981638,
            6626800.07000617
          ],
          [
            -6698846.580764276,
            6626687.440954066
          ],
          [
            -6698733.951712172,
            6626687.440954066
          ],
          [
            -6698621.322660068,
            6626687.440954066
          ],
          [
            -6698508.693607964,
            6626800.07000617
          ],
          [
            -6698396.064555859,
            6626800.07000617
          ],
          [
            -6698283.435503755,
            6626912.699058274
          ],
          [
            -6698283.435503755,
            6627025.328110378
          ],
          [
            -6698170.80645165,
            6627137.957162483
          ],
          [
            -6698170.80645165,
            6627250.586214587
          ],
          [
            -6698283.435503755,
            6627363.2152666915
          ],
          [
            -6698170.80645165,
            6627475.844318796
          ],
          [
            -6698170.80645165,
            6627588.4733709
          ],
          [
            -6698058.177399546,
            6627588.4733709
          ],
          [
            -6697945.5483474415,
            6627701.102423004
          ],
          [
            -6697832.919295338,
            6627701.102423004
          ],
          [
            -6697720.290243234,
            6627701.102423004
          ]
        ]
      },
      "properties": {
        "segment_id": "P3_sub4",
        "zone_id": "P3",
        "subzone_id": "P3_sub4",
        "length_m": 2447.195265965795,
        "slope": 0.002023801201166276,
        "drop_m": 4.95263671875,
        "downstream_id": "P3_sub3",
        "upstream_ids": [
          "P3_sub5"
        ]
      }
    },
    {
      "type": "Feature",
      "geometry": {
        "type": "LineString",
        "coordinates": [
          [
            -6698396.064555859,
            6627363.2152666915
          ],
          [
            -6698283.435503755,
            6627363.2152666915
          ],
          [
            -6698170.80645165,
            6627475.844318796
          ],
          [
            -6698170.80645165,
            6627588.4733709
          ],
          [
            -6698058.177399546,
            6627588.4733709
          ],
          [
            -6697945.5483474415,
            6627701.102423004
          ],
          [
            -6697832.919295338,
            6627701.102423004
          ],
          [
            -6697720.290243234,
            6627701.102423004
          ]
        ]
      },
      "properties": {
        "segment_id": "P3_sub11",
        "zone_id": "P3",
        "subzone_id": "P3_sub11",
        "length_m": 881.7083265271694,
        "slope": 0.0009774393416975898,
        "drop_m": 0.86181640625,
        "downstream_id": "P3_sub3",
        "upstream_ids": [
          "P3_sub14",
          "P3_sub32"
        ]
      }
    },
    {
      "type": "Feature",
      "geometry": {
        "type": "LineString",
        "coordinates": [
          [
            -6700873.903702154,
            6623646.45654725
          ],
          [
            -6700761.274650049,
            6623759.0855993545
          ],
          [
            -6700648.645597945,
            6623871.714651459
          ],
          [
            -6700648.645597945,
            6623984.343703562
          ],
          [
            -6700648.645597945,
            6624096.972755667
          ],
          [
            -6700648.645597945,
            6624209.601807771
          ],
          [
            -6700536.016545841,
            6624322.230859876
          ],
          [
            -6700423.387493736,
            6624434.85991198
          ],
          [
            -6700423.387493736,
            6624547.488964085
          ],
          [
            -6700310.758441632,
            6624660.118016188
          ],
          [
            -6700310.758441632,
            6624772.747068292
          ],
          [
            -6700198.129389527,
            6624772.747068292
          ],
          [
            -6700085.500337424,
            6624885.376120397
          ],
          [
            -6700085.500337424,
            6624998.005172501
          ],
          [
            -6700085.500337424,
            6625110.634224606
          ],
          [
            -6699972.871285319,
            6625223.26327671
          ],
          [
            -6699860.242233215,
            6625335.892328815
          ],
          [
            -6699747.6131811105,
            6625448.521380918
          ],
          [
            -6699747.6131811105,
            6625561.1504330225
          ],
          [
            -6699634.984129006,
            6625673.779485127
          ],
          [
            -6699522.355076902,
            6625786.408537231
          ],
          [
            -6699409.726024797,
            6625899.037589336
          ],
          [
            -6699297.096972694,
            6626011.66664144
          ],
          [
            -6699297.096972694,
            6626124.295693544
          ],
          [
            -6699297.096972694,
            6626236.924745648
          ],
          [
            -6699297.096972694,
            6626349.553797753
          ],
          [
            -6699297.096972694,
            6626462.182849857
          ],
          [
            -6699297.096972694,
            6626574.811901961
          ],
          [
            -6699297.096972694,
            6626687.440954066
          ],
          [
            -6699184.467920589,
            6626800.07000617
          ],
          [
            -6699184.467920589,
            6626912.699058274
          ],
          [
            -6699071.838868485,
            6626912.699058274
          ],
          [
            -6698959.20981638,
            6626800.07000617
          ],
          [
            -6698846.580764276,
            6626687.440954066
          ],
          [
            -6698733.951712172,
            6626687.440954066
          ],
          [
            -6698621.322660068,
            6626687.440954066
          ],
          [
            -6698508.693607964,
            6626800.07000617
          ],
          [
            -6698396.064555859,
            6626800.07000617
          ],
          [
            -6698283.435503755,
            6626912.699058274
          ],
          [
            -6698283.435503755,
            6627025.328110378
          ],
          [
            -6698170.80645165,
            6627137.957162483
          ],
          [
            -6698170.80645165,
            6627250.586214587
          ],
          [
            -6698283.435503755,
            6627363.2152666915
          ],
          [
            -6698170.80645165,
            6627475.844318796
          ],
          [
            -6698170.80645165,
            6627588.4733709
          ],
          [
            -6698058.177399546,
            6627588.4733709
          ],
          [
            -6697945.5483474415,
            6627701.102423004
          ],
          [
            -6697832.919295338,
            6627701.102423004
          ],
          [
            -6697720.290243234,
            6627701.102423004
          ]
        ]
      },
      "properties": {
        "segment_id": "P3_sub27",
        "zone_id": "P3",
        "subzone_id": "P3_sub27",
        "length_m": 6432.549080778664,
        "slope": 0.0059374395149001695,
        "drop_m": 38.19287109375,
        "downstream_id": "P3_sub3",
        "upstream_ids": [
          "P3_sub38"
        ]
      }
    },
    {
      "type": "Feature",
      "geometry": {
        "type": "LineString",
        "coordinates": [
          [
            -6697832.919295338,
            6627813.731475108
          ],
          [
            -6697832.919295338,
            6627701.102423004
          ],
          [
            -6697720.290243234,
            6627701.102423004
          ]
        ]
      },
      "properties": {
        "segment_id": "P3_sub49",
        "zone_id": "P3",
        "subzone_id": "P3_sub49",
        "length_m": 225.25810420885682,
        "slope": 0.015708976292675682,
        "drop_m": 3.53857421875,
        "downstream_id": "P3_sub3",
        "upstream_ids": []
      }
    },
    {
      "type": "Feature",
      "geometry": {
        "type": "LineString",
        "coordinates": [
          [
            -6697720.290243234,
            6627701.102423004
          ],
          [
            -6697607.661191129,
            6627588.4733709
          ],
          [
            -6697495.032139025,
            6627588.4733709
          ],
          [
            -6697382.40308692,
            6627701.102423004
          ],
          [
            -6697269.774034816,
            6627588.4733709
          ],
          [
            -6697157.144982711,
            6627588.4733709
          ],
          [
            -6697044.515930608,
            6627701.102423004
          ],
          [
            -6696931.8868785035,
            6627813.731475108
          ],
          [
            -6696819.257826399,
            6627926.360527213
          ],
          [
            -6696819.257826399,
            6628038.989579317
          ],
          [
            -6696931.8868785035,
            6628151.618631422
          ],
          [
            -6696819.257826399,
            6628264.247683526
          ],
          [
            -6696706.628774295,
            6628376.8767356295
          ],
          [
            -6696593.99972219,
            6628489.505787734
          ],
          [
            -6696481.370670086,
            6628602.134839838
          ],
          [
            -6696368.741617982,
            6628602.134839838
          ],
          [
            -6696256.112565878,
            6628714.763891943
          ],
          [
            -6696143.483513773,
            6628827.392944047
          ],
          [
            -6696030.854461669,
            6628827.392944047
          ],
          [
            -6695918.225409565,
            6628827.392944047
          ],
          [
            -6695805.59635746,
            6628827.392944047
          ],
          [
            -6695692.967305356,
            6628714.763891943
          ],
          [
            -6695580.338253252,
            6628714.763891943
          ],
          [
            -6695580.338253252,
            6628827.392944047
          ],
          [
            -6695580.338253252,
            6628940.021996152
          ],
          [
            -6695467.709201148,
            6629052.651048256
          ],
          [
            -6695355.080149043,
            6629052.651048256
          ],
          [
            -6695242.451096939,
            6629165.28010036
          ],
          [
            -6695129.8220448345,
            6629277.909152464
          ],
          [
            -6695017.19299273,
            6629390.538204568
          ],
          [
            -6694904.563940627,
            6629390.538204568
          ],
          [
            -6694791.934888522,
            6629390.538204568
          ],
          [
            -6694679.305836418,
            6629390.538204568
          ],
          [
            -6694566.676784313,
            6629390.538204568
          ],
          [
            -6694454.047732209,
            6629390.538204568
          ],
          [
            -6694341.418680104,
            6629503.167256673
          ],
          [
            -6694228.789628,
            6629615.796308777
          ],
          [
            -6694116.1605758965,
            6629728.425360882
          ],
          [
            -6694228.789628,
            6629841.054412986
          ],
          [
            -6694116.1605758965,
            6629953.68346509
          ]
        ]
      },
      "properties": {
        "segment_id": "P3_sub3",
        "zone_id": "P3",
        "subzone_id": "P3_sub3",
        "length_m": 5465.540092736915,
        "slope": 0.001271371237031831,
        "drop_m": 6.94873046875,
        "downstream_id": "P3_sub2",
        "upstream_ids": [
          "P3_sub4",
          "P3_sub11",
          "P3_sub27",
          "P3_sub49"
        ]
      }
    },
    {
      "type": "Feature",
      "geometry": {
        "type": "LineString",
        "coordinates": [
          [
            -6695129.8220448345,
            6629390.538204568
          ],
          [
            -6695017.19299273,
            6629390.538204568
          ],
          [
            -6694904.563940627,
            6629390.538204568
          ],
          [
            -6694791.934888522,
            6629390.538204568
          ],
          [
            -6694679.305836418,
            6629390.538204568
          ],
          [
            -6694566.676784313,
            6629390.538204568
          ],
          [
            -6694454.047732209,
            6629390.538204568
          ],
          [
            -6694341.418680104,
            6629503.167256673
          ],
          [
            -6694228.789628,
            6629615.796308777
          ],
          [
            -6694116.1605758965,
            6629728.425360882
          ],
          [
            -6694228.789628,
            6629841.054412986
          ],
          [
            -6694116.1605758965,
            6629953.68346509
          ]
        ]
      },
      "properties": {
        "segment_id": "P3_sub50",
        "zone_id": "P3",
        "subzone_id": "P3_sub50",
        "length_m": 1472.1819776395482,
        "slope": 0.00017578605527757818,
        "drop_m": 0.2587890625,
        "downstream_id": "P3_sub2",
        "upstream_ids": []
      }
    },
    {
      "type": "Feature",
      "geometry": {
        "type": "LineString",
        "coordinates": [
          [
            -6716304.083840441,
            6559785.784004118
          ],
          [
            -6716191.4547883365,
            6559898.413056223
          ],
          [
            -6716191.4547883365,
            6560011.042108327
          ],
          [
            -6716078.825736232,
            6560123.671160432
          ],
          [
            -6715966.196684128,
            6560236.300212536
          ],
          [
            -6715853.567632023,
            6560348.9292646395
          ],
          [
            -6715853.567632023,
            6560461.558316744
          ],
          [
            -6715853.567632023,
            6560574.187368848
          ],
          [
            -6715740.93857992,
            6560686.816420953
          ],
          [
            -6715628.309527815,
            6560799.445473057
          ],
          [
            -6715628.309527815,
            6560912.074525162
          ],
          [
            -6715515.680475711,
            6561024.703577265
          ]
        ]
      },
      "properties": {
        "segment_id": "P1_sub10",
        "zone_id": "P1",
        "subzone_id": "P1_sub10",
        "length_m": 1565.4869394388986,
        "slope": 0.019828969124856488,
        "drop_m": 31.0419921875,
        "downstream_id": "P1_sub4",
        "upstream_ids": []
      }
    },
    {
      "type": "Feature",
      "geometry": {
        "type": "LineString",
        "coordinates": [
          [
            -6694116.1605758965,
            6629953.68346509
          ],
          [
            -6694116.1605758965,
            6630066.312517194
          ],
          [
            -6694228.789628,
            6630178.9415692985
          ],
          [
            -6694228.789628,
            6630291.570621403
          ],
          [
            -6694116.1605758965,
            6630404.199673507
          ],
          [
            -6694003.531523792,
            6630516.828725612
          ],
          [
            -6694003.531523792,
            6630629.457777715
          ],
          [
            -6694003.531523792,
            6630742.08682982
          ],
          [
            -6694003.531523792,
            6630854.715881924
          ],
          [
            -6693890.902471688,
            6630967.344934029
          ],
          [
            -6693778.273419583,
            6630967.344934029
          ],
          [
            -6693665.644367479,
            6630967.344934029
          ],
          [
            -6693553.015315374,
            6631079.973986133
          ],
          [
            -6693553.015315374,
            6631192.603038237
          ],
          [
            -6693553.015315374,
            6631305.232090342
          ],
          [
            -6693440.38626327,
            6631417.861142445
          ],
          [
            -6693327.757211166,
            6631530.49019455
          ],
          [
            -6693215.128159062,
            6631643.119246654
          ],
          [
            -6693102.499106958,
            6631643.119246654
          ],
          [
            -6692989.870054853,
            6631755.748298759
          ],
          [
            -6692877.241002749,
            6631868.377350863
          ],
          [
            -6692764.611950644,
            6631981.0064029675
          ],
          [
            -6692651.982898541,
            6631981.0064029675
          ],
          [
            -6692651.982898541,
            6632093.635455072
          ],
          [
            -6692764.611950644,
            6632206.264507175
          ],
          [
            -6692651.982898541,
            6632318.89355928
          ],
          [
            -6692539.353846436,
            6632431.522611384
          ],
          [
            -6692539.353846436,
            6632544.151663489
          ],
          [
            -6692426.724794332,
            6632656.780715593
          ],
          [
            -6692426.724794332,
            6632769.409767698
          ],
          [
            -6692314.0957422275,
            6632882.038819801
          ],
          [
            -6692201.466690123,
            6632994.6678719055
          ],
          [
            -6692201.466690123,
            6633107.29692401
          ],
          [
            -6692314.0957422275,
            6633219.925976114
          ],
          [
            -6692426.724794332,
            6633332.555028219
          ],
          [
            -6692426.724794332,
            6633445.184080323
          ],
          [
            -6692314.0957422275,
            6633557.813132428
          ],
          [
            -6692201.466690123,
            6633670.442184531
          ],
          [
            -6692314.0957422275,
            6633783.071236636
          ],
          [
            -6692314.0957422275,
            6633895.70028874
          ],
          [
            -6692314.0957422275,
            6634008.329340844
          ]
        ]
      },
      "properties": {
        "segment_id": "P3_sub2",
        "zone_id": "P3",
        "subzone_id": "P3_sub2",
        "length_m": 5531.516663944713,
        "slope": 0.0015988812505796325,
        "drop_m": 8.84423828125,
        "downstream_id": "P3_sub1",
        "upstream_ids": [
          "P3_sub3",
          "P3_sub50"
        ]
      }
    },
    {
      "type": "Feature",
      "geometry": {
        "type": "LineString",
        "coordinates": [
          [
            -6693102.499106958,
            6634346.216497158
          ],
          [
            -6692989.870054853,
            6634458.845549261
          ],
          [
            -6692989.870054853,
            6634571.474601366
          ],
          [
            -6692989.870054853,
            6634684.10365347
          ],
          [
            -6692877.241002749,
            6634796.7327055745
          ],
          [
            -6692877.241002749,
            6634909.361757679
          ],
          [
            -6692764.611950644,
            6635021.990809783
          ],
          [
            -6692651.982898541,
            6635134.619861887
          ],
          [
            -6692539.353846436,
            6635247.248913991
          ],
          [
            -6692426.724794332,
            6635359.877966096
          ],
          [
            -6692314.0957422275,
            6635359.877966096
          ],
          [
            -6692201.466690123,
            6635472.5070182
          ],
          [
            -6692088.837638019,
            6635585.136070305
          ],
          [
            -6692088.837638019,
            6635697.765122409
          ],
          [
            -6691976.208585914,
            6635810.394174513
          ],
          [
            -6691976.208585914,
            6635923.023226617
          ],
          [
            -6691863.579533811,
            6636035.652278721
          ],
          [
            -6691863.579533811,
            6636148.281330826
          ],
          [
            -6691750.950481706,
            6636260.91038293
          ],
          [
            -6691750.950481706,
            6636373.539435035
          ],
          [
            -6691638.321429602,
            6636486.168487139
          ],
          [
            -6691638.321429602,
            6636598.7975392435
          ],
          [
            -6691525.692377497,
            6636711.426591347
          ],
          [
            -6691525.692377497,
            6636824.055643451
          ],
          [
            -6691413.063325393,
            6636936.684695556
          ],
          [
            -6691413.063325393,
            6637049.31374766
          ],
          [
            -6691300.434273289,
            6637161.942799765
          ],
          [
            -6691413.063325393,
            6637274.571851869
          ],
          [
            -6691413.063325393,
            6637387.200903973
          ],
          [
            -6691413.063325393,
            6637499.829956077
          ],
          [
            -6691413.063325393,
            6637612.4590081815
          ],
          [
            -6691300.434273289,
            6637725.088060286
          ],
          [
            -6691300.434273289,
            6637837.71711239
          ],
          [
            -6691300.434273289,
            6637950.346164495
          ],
          [
            -6691300.434273289,
            6638062.975216599
          ],
          [
            -6691187.805221184,
            6638175.604268703
          ],
          [
            -6691075.176169081,
            6638288.233320807
          ],
          [
            -6691075.176169081,
            6638400.862372912
          ],
          [
            -6690962.547116976,
            6638513.491425016
          ],
          [
            -6690849.918064872,
            6638400.862372912
          ],
          [
            -6690849.918064872,
            6638288.233320807
          ]
        ]
      },
      "properties": {
        "segment_id": "P4_sub8",
        "zone_id": "P4",
        "subzone_id": "P4_sub8",
        "length_m": 5484.864183047149,
        "slope": 0.0015837262596854586,
        "drop_m": 8.6865234375,
        "downstream_id": "P4_sub4",
        "upstream_ids": []
      }
    },
    {
      "type": "Feature",
      "geometry": {
        "type": "LineString",
        "coordinates": [
          [
            -6715515.680475711,
            6561024.703577265
          ],
          [
            -6715403.051423606,
            6561137.33262937
          ],
          [
            -6715290.422371502,
            6561249.961681474
          ],
          [
            -6715290.422371502,
            6561362.590733578
          ],
          [
            -6715290.422371502,
            6561475.219785683
          ],
          [
            -6715290.422371502,
            6561587.848837787
          ],
          [
            -6715290.422371502,
            6561700.477889892
          ],
          [
            -6715290.422371502,
            6561813.106941995
          ],
          [
            -6715177.793319398,
            6561925.7359941
          ],
          [
            -6715177.793319398,
            6562038.365046204
          ]
        ]
      },
      "properties": {
        "segment_id": "P1_sub4",
        "zone_id": "P1",
        "subzone_id": "P1_sub4",
        "length_m": 1153.6189116355652,
        "slope": 0.006400544398176945,
        "drop_m": 7.3837890625,
        "downstream_id": "P1_sub3",
        "upstream_ids": [
          "P1_sub10"
        ]
      }
    },
    {
      "type": "Feature",
      "geometry": {
        "type": "LineString",
        "coordinates": [
          [
            -6692314.0957422275,
            6634008.329340844
          ],
          [
            -6692201.466690123,
            6634120.958392949
          ],
          [
            -6692201.466690123,
            6634233.587445053
          ],
          [
            -6692088.837638019,
            6634346.216497158
          ],
          [
            -6692088.837638019,
            6634458.845549261
          ],
          [
            -6692088.837638019,
            6634571.474601366
          ],
          [
            -6692088.837638019,
            6634684.10365347
          ],
          [
            -6691976.208585914,
            6634796.7327055745
          ],
          [
            -6691863.579533811,
            6634796.7327055745
          ],
          [
            -6691750.950481706,
            6634909.361757679
          ],
          [
            -6691638.321429602,
            6635021.990809783
          ],
          [
            -6691525.692377497,
            6635134.619861887
          ],
          [
            -6691413.063325393,
            6635247.248913991
          ],
          [
            -6691413.063325393,
            6635359.877966096
          ],
          [
            -6691413.063325393,
            6635472.5070182
          ],
          [
            -6691300.434273289,
            6635585.136070305
          ],
          [
            -6691300.434273289,
            6635697.765122409
          ],
          [
            -6691300.434273289,
            6635810.394174513
          ],
          [
            -6691300.434273289,
            6635923.023226617
          ],
          [
            -6691300.434273289,
            6636035.652278721
          ],
          [
            -6691300.434273289,
            6636148.281330826
          ],
          [
            -6691187.805221184,
            6636148.281330826
          ],
          [
            -6691075.176169081,
            6636260.91038293
          ],
          [
            -6691075.176169081,
            6636373.539435035
          ],
          [
            -6691075.176169081,
            6636486.168487139
          ],
          [
            -6690962.547116976,
            6636598.7975392435
          ],
          [
            -6690962.547116976,
            6636711.426591347
          ],
          [
            -6690962.547116976,
            6636824.055643451
          ],
          [
            -6690849.918064872,
            6636936.684695556
          ],
          [
            -6690737.289012767,
            6636936.684695556
          ],
          [
            -6690737.289012767,
            6637049.31374766
          ],
          [
            -6690624.659960663,
            6637161.942799765
          ],
          [
            -6690624.659960663,
            6637274.571851869
          ],
          [
            -6690624.659960663,
            6637387.200903973
          ],
          [
            -6690624.659960663,
            6637499.829956077
          ],
          [
            -6690624.659960663,
            6637612.4590081815
          ],
          [
            -6690737.289012767,
            6637725.088060286
          ],
          [
            -6690737.289012767,
            6637837.71711239
          ],
          [
            -6690737.289012767,
            6637950.346164495
          ],
          [
            -6690737.289012767,
            6638062.975216599
          ],
          [
            -6690737.289012767,
            6638175.604268703
          ]
        ]
      },
      "properties": {
        "segment_id": "P3_sub1",
        "zone_id": "P3",
        "subzone_id": "P3_sub1",
        "length_m": 5111.644335855674,
        "slope": 0.0008611427516333924,
        "drop_m": 4.40185546875,
        "downstream_id": "P4_sub3",
        "upstream_ids": [
          "P3_sub2"
        ]
      }
    },
    {
      "type": "Feature",
      "geometry": {
        "type": "LineString",
        "coordinates": [
          [
            -6690849.918064872,
            6638288.233320807
          ],
          [
            -6690737.289012767,
            6638175.604268703
          ]
        ]
      },
      "properties": {
        "segment_id": "P4_sub4",
        "zone_id": "P4",
        "subzone_id": "P4_sub4",
        "length_m": 159.28153300330865,
        "slope": 0.0020753592712039843,
        "drop_m": 0.33056640625,
        "downstream_id": "P4_sub3",
        "upstream_ids": [
          "P4_sub8"
        ]
      }
    },
    {
      "type": "Feature",
      "geometry": {
        "type": "LineString",
        "coordinates": [
          [
            -6715177.793319398,
            6562038.365046204
          ],
          [
            -6715177.793319398,
            6562150.9940983085
          ],
          [
            -6715177.793319398,
            6562263.623150413
          ],
          [
            -6715177.793319398,
            6562376.252202517
          ],
          [
            -6715177.793319398,
            6562488.881254621
          ],
          [
            -6715177.793319398,
            6562601.510306725
          ],
          [
            -6715177.793319398,
            6562714.13935883
          ],
          [
            -6715290.422371502,
            6562826.768410934
          ],
          [
            -6715403.051423606,
            6562939.397463039
          ],
          [
            -6715403.051423606,
            6563052.026515143
          ],
          [
            -6715515.680475711,
            6563164.655567247
          ],
          [
            -6715628.309527815,
            6563164.655567247
          ],
          [
            -6715740.93857992,
            6563164.655567247
          ],
          [
            -6715740.93857992,
            6563277.284619351
          ],
          [
            -6715853.567632023,
            6563389.913671455
          ],
          [
            -6715966.196684128,
            6563502.54272356
          ],
          [
            -6716078.825736232,
            6563502.54272356
          ],
          [
            -6716191.4547883365,
            6563615.171775664
          ],
          [
            -6716304.083840441,
            6563727.800827769
          ],
          [
            -6716416.712892545,
            6563727.800827769
          ],
          [
            -6716529.34194465,
            6563840.429879873
          ],
          [
            -6716529.34194465,
            6563953.0589319775
          ],
          [
            -6716529.34194465,
            6564065.687984081
          ],
          [
            -6716641.970996753,
            6564178.317036185
          ],
          [
            -6716641.970996753,
            6564290.94608829
          ],
          [
            -6716529.34194465,
            6564403.575140394
          ],
          [
            -6716529.34194465,
            6564516.204192499
          ],
          [
            -6716641.970996753,
            6564628.833244603
          ],
          [
            -6716754.600048858,
            6564741.462296707
          ],
          [
            -6716867.229100962,
            6564854.091348811
          ],
          [
            -6716979.858153067,
            6564966.7204009155
          ],
          [
            -6717092.487205171,
            6565079.34945302
          ],
          [
            -6717205.116257275,
            6565079.34945302
          ],
          [
            -6717317.745309379,
            6565079.34945302
          ],
          [
            -6717430.374361483,
            6564966.7204009155
          ],
          [
            -6717543.003413588,
            6564854.091348811
          ],
          [
            -6717655.632465692,
            6564741.462296707
          ],
          [
            -6717768.261517797,
            6564741.462296707
          ],
          [
            -6717880.890569901,
            6564854.091348811
          ],
          [
            -6717993.5196220055,
            6564966.7204009155
          ],
          [
            -6718106.148674109,
            6564854.091348811
          ],
          [
            -6718218.777726213,
            6564854.091348811
          ],
          [
            -6718331.406778318,
            6564854.091348811
          ],
          [
            -6718444.035830422,
            6564854.091348811
          ],
          [
            -6718556.664882527,
            6564854.091348811
          ],
          [
            -6718669.293934631,
            6564854.091348811
          ],
          [
            -6718781.922986736,
            6564854.091348811
          ],
          [
            -6718894.552038839,
            6564854.091348811
          ]
        ]
      },
      "properties": {
        "segment_id": "P1_sub3",
        "zone_id": "P1",
        "subzone_id": "P1_sub3",
        "length_m": 6273.267547776014,
        "slope": 0.049346915924181625,
        "drop_m": 309.56640625,
        "downstream_id": "P1_sub2",
        "upstream_ids": [
          "P1_sub4"
        ]
      }
    },
    {
      "type": "Feature",
      "geometry": {
        "type": "LineString",
        "coordinates": [
          [
            -6715290.422371502,
            6563052.026515143
          ],
          [
            -6715403.051423606,
            6563052.026515143
          ],
          [
            -6715515.680475711,
            6563164.655567247
          ],
          [
            -6715628.309527815,
            6563164.655567247
          ],
          [
            -6715740.93857992,
            6563164.655567247
          ],
          [
            -6715740.93857992,
            6563277.284619351
          ],
          [
            -6715853.567632023,
            6563389.913671455
          ],
          [
            -6715966.196684128,
            6563502.54272356
          ],
          [
            -6716078.825736232,
            6563502.54272356
          ],
          [
            -6716191.4547883365,
            6563615.171775664
          ],
          [
            -6716304.083840441,
            6563727.800827769
          ],
          [
            -6716416.712892545,
            6563727.800827769
          ],
          [
            -6716529.34194465,
            6563840.429879873
          ],
          [
            -6716529.34194465,
            6563953.0589319775
          ],
          [
            -6716529.34194465,
            6564065.687984081
          ],
          [
            -6716641.970996753,
            6564178.317036185
          ],
          [
            -6716641.970996753,
            6564290.94608829
          ],
          [
            -6716529.34194465,
            6564403.575140394
          ],
          [
            -6716529.34194465,
            6564516.204192499
          ],
          [
            -6716641.970996753,
            6564628.833244603
          ],
          [
            -6716754.600048858,
            6564741.462296707
          ],
          [
            -6716867.229100962,
            6564854.091348811
          ],
          [
            -6716979.858153067,
            6564966.7204009155
          ],
          [
            -6717092.487205171,
            6565079.34945302
          ],
          [
            -6717205.116257275,
            6565079.34945302
          ],
          [
            -6717317.745309379,
            6565079.34945302
          ],
          [
            -6717430.374361483,
            6564966.7204009155
          ],
          [
            -6717543.003413588,
            6564854.091348811
          ],
          [
            -6717655.632465692,
            6564741.462296707
          ],
          [
            -6717768.261517797,
            6564741.462296707
          ],
          [
            -6717880.890569901,
            6564854.091348811
          ],
          [
            -6717993.5196220055,
            6564966.7204009155
          ],
          [
            -6718106.148674109,
            6564854.091348811
          ],
          [
            -6718218.777726213,
            6564854.091348811
          ],
          [
            -6718331.406778318,
            6564854.091348811
          ],
          [
            -6718444.035830422,
            6564854.091348811
          ],
          [
            -6718556.664882527,
            6564854.091348811
          ],
          [
            -6718669.293934631,
            6564854.091348811
          ],
          [
            -6718781.922986736,
            6564854.091348811
          ],
          [
            -6718894.552038839,
            6564854.091348811
          ]
        ]
      },
      "properties": {
        "segment_id": "P1_sub5",
        "zone_id": "P1",
        "subzone_id": "P1_sub5",
        "length_m": 5278.930169143756,
        "slope": 0.05327839556042457,
        "drop_m": 281.2529296875,
        "downstream_id": "P1_sub2",
        "upstream_ids": []
      }
    },
    {
      "type": "Feature",
      "geometry": {
        "type": "LineString",
        "coordinates": [
          [
            -6715403.051423606,
            6563164.655567247
          ],
          [
            -6715515.680475711,
            6563164.655567247
          ],
          [
            -6715628.309527815,
            6563164.655567247
          ],
          [
            -6715740.93857992,
            6563164.655567247
          ],
          [
            -6715740.93857992,
            6563277.284619351
          ],
          [
            -6715853.567632023,
            6563389.913671455
          ],
          [
            -6715966.196684128,
            6563502.54272356
          ],
          [
            -6716078.825736232,
            6563502.54272356
          ],
          [
            -6716191.4547883365,
            6563615.171775664
          ],
          [
            -6716304.083840441,
            6563727.800827769
          ],
          [
            -6716416.712892545,
            6563727.800827769
          ],
          [
            -6716529.34194465,
            6563840.429879873
          ],
          [
            -6716529.34194465,
            6563953.0589319775
          ],
          [
            -6716529.34194465,
            6564065.687984081
          ],
          [
            -6716641.970996753,
            6564178.317036185
          ],
          [
            -6716641.970996753,
            6564290.94608829
          ],
          [
            -6716529.34194465,
            6564403.575140394
          ],
          [
            -6716529.34194465,
            6564516.204192499
          ],
          [
            -6716641.970996753,
            6564628.833244603
          ],
          [
            -6716754.600048858,
            6564741.462296707
          ],
          [
            -6716867.229100962,
            6564854.091348811
          ],
          [
            -6716979.858153067,
            6564966.7204009155
          ],
          [
            -6717092.487205171,
            6565079.34945302
          ],
          [
            -6717205.116257275,
            6565079.34945302
          ],
          [
            -6717317.745309379,
            6565079.34945302
          ],
          [
            -6717430.374361483,
            6564966.7204009155
          ],
          [
            -6717543.003413588,
            6564854.091348811
          ],
          [
            -6717655.632465692,
            6564741.462296707
          ],
          [
            -6717768.261517797,
            6564741.462296707
          ],
          [
            -6717880.890569901,
            6564854.091348811
          ],
          [
            -6717993.5196220055,
            6564966.7204009155
          ],
          [
            -6718106.148674109,
            6564854.091348811
          ],
          [
            -6718218.777726213,
            6564854.091348811
          ],
          [
            -6718331.406778318,
            6564854.091348811
          ],
          [
            -6718444.035830422,
            6564854.091348811
          ],
          [
            -6718556.664882527,
            6564854.091348811
          ],
          [
            -6718669.293934631,
            6564854.091348811
          ],
          [
            -6718781.922986736,
            6564854.091348811
          ],
          [
            -6718894.552038839,
            6564854.091348811
          ]
        ]
      },
      "properties": {
        "segment_id": "P1_sub6",
        "zone_id": "P1",
        "subzone_id": "P1_sub6",
        "length_m": 5119.648636140447,
        "slope": 0.053777284409268815,
        "drop_m": 275.32080078125,
        "downstream_id": "P1_sub2",
        "upstream_ids": []
      }
    },
    {
      "type": "Feature",
      "geometry": {
        "type": "LineString",
        "coordinates": [
          [
            -6717205.116257275,
            6565191.978505124
          ],
          [
            -6717317.745309379,
            6565079.34945302
          ],
          [
            -6717430.374361483,
            6564966.7204009155
          ],
          [
            -6717543.003413588,
            6564854.091348811
          ],
          [
            -6717655.632465692,
            6564741.462296707
          ],
          [
            -6717768.261517797,
            6564741.462296707
          ],
          [
            -6717880.890569901,
            6564854.091348811
          ],
          [
            -6717993.5196220055,
            6564966.7204009155
          ],
          [
            -6718106.148674109,
            6564854.091348811
          ],
          [
            -6718218.777726213,
            6564854.091348811
          ],
          [
            -6718331.406778318,
            6564854.091348811
          ],
          [
            -6718444.035830422,
            6564854.091348811
          ],
          [
            -6718556.664882527,
            6564854.091348811
          ],
          [
            -6718669.293934631,
            6564854.091348811
          ],
          [
            -6718781.922986736,
            6564854.091348811
          ],
          [
            -6718894.552038839,
            6564854.091348811
          ]
        ]
      },
      "properties": {
        "segment_id": "P1_sub8",
        "zone_id": "P1",
        "subzone_id": "P1_sub8",
        "length_m": 2016.0031478563394,
        "slope": 0.07068029599570048,
        "drop_m": 142.49169921875,
        "downstream_id": "P1_sub2",
        "upstream_ids": []
      }
    },
    {
      "type": "Feature",
      "geometry": {
        "type": "LineString",
        "coordinates": [
          [
            -6717993.5196220055,
            6567557.188599315
          ],
          [
            -6717993.5196220055,
            6567444.55954721
          ],
          [
            -6717993.5196220055,
            6567331.930495106
          ],
          [
            -6718106.148674109,
            6567219.301443001
          ],
          [
            -6718106.148674109,
            6567106.672390897
          ],
          [
            -6718218.777726213,
            6566994.043338792
          ],
          [
            -6718218.777726213,
            6566881.414286689
          ],
          [
            -6718218.777726213,
            6566768.7852345845
          ],
          [
            -6718331.406778318,
            6566656.15618248
          ],
          [
            -6718444.035830422,
            6566543.527130376
          ],
          [
            -6718556.664882527,
            6566430.898078271
          ],
          [
            -6718669.293934631,
            6566318.269026167
          ],
          [
            -6718781.922986736,
            6566205.639974063
          ],
          [
            -6718781.922986736,
            6566093.010921959
          ],
          [
            -6718894.552038839,
            6565980.381869854
          ],
          [
            -6719007.1810909435,
            6565867.75281775
          ],
          [
            -6719119.810143048,
            6565755.123765646
          ],
          [
            -6719232.439195152,
            6565642.494713541
          ],
          [
            -6719345.068247257,
            6565529.865661437
          ],
          [
            -6719457.697299361,
            6565417.236609333
          ],
          [
            -6719570.326351465,
            6565304.607557229
          ],
          [
            -6719682.955403569,
            6565191.978505124
          ],
          [
            -6719682.955403569,
            6565079.34945302
          ],
          [
            -6719682.955403569,
            6564966.7204009155
          ]
        ]
      },
      "properties": {
        "segment_id": "P1_sub9",
        "zone_id": "P1",
        "subzone_id": "P1_sub9",
        "length_m": 3290.2554118808325,
        "slope": 0.12066986244748404,
        "drop_m": 397.03466796875,
        "downstream_id": "P1_sub7",
        "upstream_ids": []
      }
    },
    {
      "type": "Feature",
      "geometry": {
        "type": "LineString",
        "coordinates": [
          [
            -6690737.289012767,
            6638175.604268703
          ],
          [
            -6690624.659960663,
            6638175.604268703
          ],
          [
            -6690512.0309085585,
            6638288.233320807
          ],
          [
            -6690399.401856455,
            6638288.233320807
          ],
          [
            -6690286.772804351,
            6638400.862372912
          ],
          [
            -6690286.772804351,
            6638513.491425016
          ],
          [
            -6690286.772804351,
            6638626.12047712
          ],
          [
            -6690399.401856455,
            6638738.749529225
          ],
          [
            -6690512.0309085585,
            6638851.378581328
          ],
          [
            -6690624.659960663,
            6638964.007633433
          ],
          [
            -6690737.289012767,
            6639076.636685537
          ],
          [
            -6690624.659960663,
            6639189.265737642
          ],
          [
            -6690512.0309085585,
            6639189.265737642
          ],
          [
            -6690399.401856455,
            6639301.894789746
          ],
          [
            -6690286.772804351,
            6639189.265737642
          ],
          [
            -6690174.143752246,
            6639301.894789746
          ],
          [
            -6690061.514700142,
            6639414.52384185
          ],
          [
            -6690061.514700142,
            6639527.152893955
          ],
          [
            -6689948.885648037,
            6639639.781946058
          ],
          [
            -6690061.514700142,
            6639752.410998163
          ],
          [
            -6690061.514700142,
            6639865.040050267
          ],
          [
            -6689948.885648037,
            6639977.669102372
          ],
          [
            -6689948.885648037,
            6640090.298154476
          ],
          [
            -6690061.514700142,
            6640202.9272065805
          ],
          [
            -6690174.143752246,
            6640202.9272065805
          ],
          [
            -6690174.143752246,
            6640315.556258685
          ],
          [
            -6690061.514700142,
            6640428.185310788
          ],
          [
            -6690174.143752246,
            6640540.814362893
          ],
          [
            -6690286.772804351,
            6640653.443414997
          ],
          [
            -6690174.143752246,
            6640766.072467102
          ],
          [
            -6690286.772804351,
            6640878.701519206
          ],
          [
            -6690286.772804351,
            6640991.330571311
          ],
          [
            -6690286.772804351,
            6641103.959623414
          ],
          [
            -6690286.772804351,
            6641216.5886755185
          ],
          [
            -6690286.772804351,
            6641329.217727623
          ],
          [
            -6690174.143752246,
            6641441.846779727
          ],
          [
            -6690061.514700142,
            6641554.475831832
          ],
          [
            -6690061.514700142,
            6641667.104883936
          ],
          [
            -6689948.885648037,
            6641779.733936041
          ],
          [
            -6689836.256595933,
            6641892.362988144
          ],
          [
            -6689948.885648037,
            6642004.992040249
          ],
          [
            -6689948.885648037,
            6642117.621092353
          ],
          [
            -6689836.256595933,
            6642230.250144457
          ],
          [
            -6689723.627543828,
            6642342.879196562
          ],
          [
            -6689723.627543828,
            6642455.508248666
          ],
          [
            -6689723.627543828,
            6642568.137300771
          ],
          [
            -6689723.627543828,
            6642680.766352874
          ],
          [
            -6689610.998491725,
            6642793.395404979
          ],
          [
            -6689498.3694396205,
            6642680.766352874
          ],
          [
            -6689385.740387516,
            6642793.395404979
          ],
          [
            -6689385.740387516,
            6642906.024457083
          ],
          [
            -6689385.740387516,
            6643018.6535091875
          ],
          [
            -6689273.111335412,
            6643131.282561292
          ],
          [
            -6689160.482283307,
            6643243.911613396
          ],
          [
            -6689047.853231203,
            6643243.911613396
          ]
        ]
      },
      "properties": {
        "segment_id": "P4_sub3",
        "zone_id": "P4",
        "subzone_id": "P4_sub3",
        "length_m": 7574.848202395901,
        "slope": 0.001032276255387767,
        "drop_m": 7.8193359375,
        "downstream_id": "P4_sub2",
        "upstream_ids": [
          "P3_sub1",
          "P4_sub4"
        ]
      }
    },
    {
      "type": "Feature",
      "geometry": {
        "type": "LineString",
        "coordinates": [
          [
            -6694566.676784313,
            6639076.636685537
          ],
          [
            -6694454.047732209,
            6639076.636685537
          ],
          [
            -6694341.418680104,
            6639189.265737642
          ],
          [
            -6694228.789628,
            6639301.894789746
          ],
          [
            -6694116.1605758965,
            6639414.52384185
          ],
          [
            -6694003.531523792,
            6639527.152893955
          ],
          [
            -6693890.902471688,
            6639639.781946058
          ],
          [
            -6693778.273419583,
            6639752.410998163
          ],
          [
            -6693665.644367479,
            6639865.040050267
          ],
          [
            -6693553.015315374,
            6639977.669102372
          ],
          [
            -6693440.38626327,
            6640090.298154476
          ],
          [
            -6693327.757211166,
            6640202.9272065805
          ],
          [
            -6693215.128159062,
            6640315.556258685
          ],
          [
            -6693102.499106958,
            6640428.185310788
          ],
          [
            -6692989.870054853,
            6640540.814362893
          ],
          [
            -6692877.241002749,
            6640653.443414997
          ],
          [
            -6692764.611950644,
            6640766.072467102
          ],
          [
            -6692651.982898541,
            6640878.701519206
          ],
          [
            -6692651.982898541,
            6640991.330571311
          ],
          [
            -6692539.353846436,
            6641103.959623414
          ],
          [
            -6692426.724794332,
            6641216.5886755185
          ],
          [
            -6692426.724794332,
            6641329.217727623
          ],
          [
            -6692426.724794332,
            6641441.846779727
          ],
          [
            -6692314.0957422275,
            6641554.475831832
          ],
          [
            -6692201.466690123,
            6641667.104883936
          ],
          [
            -6692201.466690123,
            6641779.733936041
          ],
          [
            -6692088.837638019,
            6641892.362988144
          ],
          [
            -6691976.208585914,
            6642004.992040249
          ],
          [
            -6691976.208585914,
            6642117.621092353
          ],
          [
            -6691863.579533811,
            6642230.250144457
          ],
          [
            -6691863.579533811,
            6642342.879196562
          ],
          [
            -6691750.950481706,
            6642455.508248666
          ],
          [
            -6691638.321429602,
            6642568.137300771
          ],
          [
            -6691525.692377497,
            6642680.766352874
          ],
          [
            -6691525.692377497,
            6642793.395404979
          ],
          [
            -6691638.321429602,
            6642793.395404979
          ],
          [
            -6691638.321429602,
            6642906.024457083
          ],
          [
            -6691525.692377497,
            6643018.6535091875
          ],
          [
            -6691413.063325393,
            6643131.282561292
          ],
          [
            -6691300.434273289,
            6643243.911613396
          ],
          [
            -6691187.805221184,
            6643356.5406655
          ],
          [
            -6691075.176169081,
            6643469.169717604
          ],
          [
            -6690962.547116976,
            6643581.798769709
          ],
          [
            -6690849.918064872,
            6643694.427821813
          ],
          [
            -6690737.289012767,
            6643807.056873918
          ],
          [
            -6690624.659960663,
            6643919.685926022
          ],
          [
            -6690624.659960663,
            6644032.314978126
          ],
          [
            -6690512.0309085585,
            6644144.94403023
          ],
          [
            -6690399.401856455,
            6644144.94403023
          ],
          [
            -6690286.772804351,
            6644257.573082334
          ],
          [
            -6690174.143752246,
            6644370.202134439
          ],
          [
            -6690174.143752246,
            6644482.831186543
          ],
          [
            -6690061.514700142,
            6644482.831186543
          ]
        ]
      },
      "properties": {
        "segment_id": "P4_sub7",
        "zone_id": "P4",
        "subzone_id": "P4_sub7",
        "length_m": 7629.504983578895,
        "slope": 0.0064074592378820855,
        "drop_m": 48.8857421875,
        "downstream_id": "P4_sub5",
        "upstream_ids": []
      }
    },
    {
      "type": "Feature",
      "geometry": {
        "type": "LineString",
        "coordinates": [
          [
            -6690399.401856455,
            6640766.072467102
          ],
          [
            -6690286.772804351,
            6640878.701519206
          ],
          [
            -6690286.772804351,
            6640991.330571311
          ],
          [
            -6690286.772804351,
            6641103.959623414
          ],
          [
            -6690286.772804351,
            6641216.5886755185
          ],
          [
            -6690286.772804351,
            6641329.217727623
          ],
          [
            -6690174.143752246,
            6641441.846779727
          ],
          [
            -6690061.514700142,
            6641554.475831832
          ],
          [
            -6690061.514700142,
            6641667.104883936
          ],
          [
            -6689948.885648037,
            6641779.733936041
          ],
          [
            -6689836.256595933,
            6641892.362988144
          ],
          [
            -6689948.885648037,
            6642004.992040249
          ],
          [
            -6689948.885648037,
            6642117.621092353
          ],
          [
            -6689836.256595933,
            6642230.250144457
          ],
          [
            -6689723.627543828,
            6642342.879196562
          ],
          [
            -6689723.627543828,
            6642455.508248666
          ],
          [
            -6689723.627543828,
            6642568.137300771
          ],
          [
            -6689723.627543828,
            6642680.766352874
          ],
          [
            -6689610.998491725,
            6642793.395404979
          ],
          [
            -6689498.3694396205,
            6642680.766352874
          ],
          [
            -6689385.740387516,
            6642793.395404979
          ],
          [
            -6689385.740387516,
            6642906.024457083
          ],
          [
            -6689385.740387516,
            6643018.6535091875
          ],
          [
            -6689273.111335412,
            6643131.282561292
          ],
          [
            -6689160.482283307,
            6643243.911613396
          ],
          [
            -6689047.853231203,
            6643243.911613396
          ]
        ]
      },
      "properties": {
        "segment_id": "P4_sub10",
        "zone_id": "P4",
        "subzone_id": "P4_sub10",
        "length_m": 3422.208554292973,
        "slope": 0.0014226638343366135,
        "drop_m": 4.86865234375,
        "downstream_id": "P4_sub2",
        "upstream_ids": []
      }
    },
    {
      "type": "Feature",
      "geometry": {
        "type": "LineString",
        "coordinates": [
          [
            -6718894.552038839,
            6564854.091348811
          ],
          [
            -6719007.1810909435,
            6564741.462296707
          ],
          [
            -6719119.810143048,
            6564741.462296707
          ],
          [
            -6719232.439195152,
            6564741.462296707
          ],
          [
            -6719345.068247257,
            6564741.462296707
          ],
          [
            -6719457.697299361,
            6564741.462296707
          ],
          [
            -6719570.326351465,
            6564741.462296707
          ],
          [
            -6719682.955403569,
            6564854.091348811
          ],
          [
            -6719795.584455674,
            6564966.7204009155
          ],
          [
            -6719908.213507778,
            6565079.34945302
          ],
          [
            -6720020.842559882,
            6565079.34945302
          ],
          [
            -6720133.471611987,
            6565079.34945302
          ],
          [
            -6720246.100664091,
            6565191.978505124
          ],
          [
            -6720358.729716195,
            6565304.607557229
          ],
          [
            -6720471.358768299,
            6565417.236609333
          ],
          [
            -6720583.987820404,
            6565417.236609333
          ],
          [
            -6720696.616872508,
            6565529.865661437
          ],
          [
            -6720809.2459246125,
            6565529.865661437
          ],
          [
            -6720921.874976717,
            6565529.865661437
          ],
          [
            -6721034.504028821,
            6565642.494713541
          ],
          [
            -6721147.133080925,
            6565755.123765646
          ],
          [
            -6721259.762133029,
            6565867.75281775
          ],
          [
            -6721372.391185134,
            6565980.381869854
          ],
          [
            -6721485.020237238,
            6565980.381869854
          ],
          [
            -6721597.649289343,
            6565980.381869854
          ],
          [
            -6721710.278341447,
            6565980.381869854
          ],
          [
            -6721822.9073935505,
            6565980.381869854
          ],
          [
            -6721935.536445655,
            6565980.381869854
          ],
          [
            -6722048.165497759,
            6566093.010921959
          ]
        ]
      },
      "properties": {
        "segment_id": "P1_sub2",
        "zone_id": "P1",
        "subzone_id": "P1_sub2",
        "length_m": 3760.0957106056,
        "slope": 0.022341804752948644,
        "drop_m": 84.00732421875,
        "downstream_id": "P1_sub1",
        "upstream_ids": [
          "P1_sub3",
          "P1_sub5",
          "P1_sub6",
          "P1_sub8"
        ]
      }
    },
    {
      "type": "Feature",
      "geometry": {
        "type": "LineString",
        "coordinates": [
          [
            -6719682.955403569,
            6564966.7204009155
          ],
          [
            -6719795.584455674,
            6564966.7204009155
          ],
          [
            -6719908.213507778,
            6565079.34945302
          ],
          [
            -6720020.842559882,
            6565079.34945302
          ],
          [
            -6720133.471611987,
            6565079.34945302
          ],
          [
            -6720246.100664091,
            6565191.978505124
          ],
          [
            -6720358.729716195,
            6565304.607557229
          ],
          [
            -6720471.358768299,
            6565417.236609333
          ],
          [
            -6720583.987820404,
            6565417.236609333
          ],
          [
            -6720696.616872508,
            6565529.865661437
          ],
          [
            -6720809.2459246125,
            6565529.865661437
          ],
          [
            -6720921.874976717,
            6565529.865661437
          ],
          [
            -6721034.504028821,
            6565642.494713541
          ],
          [
            -6721147.133080925,
            6565755.123765646
          ],
          [
            -6721259.762133029,
            6565867.75281775
          ],
          [
            -6721372.391185134,
            6565980.381869854
          ],
          [
            -6721485.020237238,
            6565980.381869854
          ],
          [
            -6721597.649289343,
            6565980.381869854
          ],
          [
            -6721710.278341447,
            6565980.381869854
          ],
          [
            -6721822.9073935505,
            6565980.381869854
          ],
          [
            -6721935.536445655,
            6565980.381869854
          ],
          [
            -6722048.165497759,
            6566093.010921959
          ]
        ]
      },
      "properties": {
        "segment_id": "P1_sub7",
        "zone_id": "P1",
        "subzone_id": "P1_sub7",
        "length_m": 2831.734903178892,
        "slope": 0.026871432545496617,
        "drop_m": 76.0927734375,
        "downstream_id": "P1_sub1",
        "upstream_ids": [
          "P1_sub9"
        ]
      }
    },
    {
      "type": "Feature",
      "geometry": {
        "type": "LineString",
        "coordinates": [
          [
            -6689047.853231203,
            6643243.911613396
          ],
          [
            -6689047.853231203,
            6643356.5406655
          ],
          [
            -6689047.853231203,
            6643469.169717604
          ],
          [
            -6689160.482283307,
            6643581.798769709
          ],
          [
            -6689273.111335412,
            6643694.427821813
          ],
          [
            -6689385.740387516,
            6643807.056873918
          ],
          [
            -6689385.740387516,
            6643919.685926022
          ],
          [
            -6689385.740387516,
            6644032.314978126
          ],
          [
            -6689498.3694396205,
            6644144.94403023
          ],
          [
            -6689498.3694396205,
            6644257.573082334
          ],
          [
            -6689610.998491725,
            6644370.202134439
          ],
          [
            -6689723.627543828,
            6644482.831186543
          ],
          [
            -6689836.256595933,
            6644482.831186543
          ],
          [
            -6689948.885648037,
            6644595.460238648
          ],
          [
            -6689948.885648037,
            6644708.089290752
          ],
          [
            -6689948.885648037,
            6644820.7183428565
          ],
          [
            -6689948.885648037,
            6644933.34739496
          ],
          [
            -6690061.514700142,
            6645045.976447064
          ],
          [
            -6689948.885648037,
            6645158.605499169
          ],
          [
            -6689836.256595933,
            6645271.234551273
          ],
          [
            -6689836.256595933,
            6645383.863603378
          ],
          [
            -6689723.627543828,
            6645496.492655482
          ],
          [
            -6689723.627543828,
            6645609.121707586
          ],
          [
            -6689610.998491725,
            6645721.75075969
          ],
          [
            -6689723.627543828,
            6645834.3798117945
          ],
          [
            -6689723.627543828,
            6645947.008863899
          ],
          [
            -6689836.256595933,
            6645834.3798117945
          ],
          [
            -6689948.885648037,
            6645721.75075969
          ],
          [
            -6690061.514700142,
            6645834.3798117945
          ],
          [
            -6690174.143752246,
            6645834.3798117945
          ],
          [
            -6690286.772804351,
            6645834.3798117945
          ],
          [
            -6690399.401856455,
            6645947.008863899
          ],
          [
            -6690399.401856455,
            6646059.637916003
          ],
          [
            -6690512.0309085585,
            6646172.266968108
          ],
          [
            -6690624.659960663,
            6646284.896020212
          ],
          [
            -6690737.289012767,
            6646397.525072316
          ],
          [
            -6690849.918064872,
            6646510.15412442
          ],
          [
            -6690849.918064872,
            6646622.783176525
          ],
          [
            -6690962.547116976,
            6646735.412228629
          ],
          [
            -6690962.547116976,
            6646848.041280733
          ],
          [
            -6690962.547116976,
            6646960.670332838
          ],
          [
            -6690962.547116976,
            6647073.299384942
          ],
          [
            -6690962.547116976,
            6647185.928437046
          ],
          [
            -6690849.918064872,
            6647298.55748915
          ],
          [
            -6690737.289012767,
            6647411.186541255
          ],
          [
            -6690624.659960663,
            6647523.815593359
          ],
          [
            -6690512.0309085585,
            6647636.4446454635
          ],
          [
            -6690399.401856455,
            6647749.073697568
          ],
          [
            -6690399.401856455,
            6647861.702749671
          ],
          [
            -6690286.772804351,
            6647974.331801776
          ],
          [
            -6690174.143752246,
            6648086.96085388
          ],
          [
            -6690174.143752246,
            6648199.589905985
          ],
          [
            -6690174.143752246,
            6648312.218958089
          ],
          [
            -6690174.143752246,
            6648424.848010194
          ],
          [
            -6690174.143752246,
            6648537.477062298
          ],
          [
            -6690286.772804351,
            6648650.1061144015
          ],
          [
            -6690286.772804351,
            6648762.735166506
          ],
          [
            -6690399.401856455,
            6648762.735166506
          ],
          [
            -6690512.0309085585,
            6648875.36421861
          ],
          [
            -6690624.659960663,
            6648987.993270715
          ],
          [
            -6690737.289012767,
            6649100.622322819
          ],
          [
            -6690737.289012767,
            6649213.251374924
          ],
          [
            -6690737.289012767,
            6649325.880427028
          ],
          [
            -6690737.289012767,
            6649438.509479132
          ],
          [
            -6690624.659960663,
            6649551.138531236
          ],
          [
            -6690737.289012767,
            6649663.76758334
          ],
          [
            -6690737.289012767,
            6649776.396635445
          ],
          [
            -6690624.659960663,
            6649889.025687549
          ],
          [
            -6690512.0309085585,
            6650001.654739654
          ],
          [
            -6690399.401856455,
            6650114.283791757
          ],
          [
            -6690399.401856455,
            6650226.912843862
          ],
          [
            -6690512.0309085585,
            6650339.541895966
          ],
          [
            -6690399.401856455,
            6650452.1709480705
          ],
          [
            -6690286.772804351,
            6650564.800000175
          ],
          [
            -6690174.143752246,
            6650677.429052279
          ],
          [
            -6690174.143752246,
            6650790.058104384
          ],
          [
            -6690061.514700142,
            6650902.687156487
          ],
          [
            -6690061.514700142,
            6651015.316208592
          ],
          [
            -6690061.514700142,
            6651127.945260696
          ],
          [
            -6690174.143752246,
            6651240.574312801
          ],
          [
            -6690174.143752246,
            6651353.203364905
          ],
          [
            -6690174.143752246,
            6651465.832417009
          ],
          [
            -6690286.772804351,
            6651578.461469113
          ],
          [
            -6690399.401856455,
            6651578.461469113
          ],
          [
            -6690512.0309085585,
            6651578.461469113
          ],
          [
            -6690624.659960663,
            6651578.461469113
          ],
          [
            -6690737.289012767,
            6651691.090521217
          ],
          [
            -6690737.289012767,
            6651803.719573322
          ],
          [
            -6690737.289012767,
            6651916.348625426
          ],
          [
            -6690849.918064872,
            6652028.977677531
          ],
          [
            -6690962.547116976,
            6652141.606729635
          ],
          [
            -6691075.176169081,
            6652254.2357817395
          ],
          [
            -6691187.805221184,
            6652366.864833843
          ],
          [
            -6691300.434273289,
            6652479.493885947
          ],
          [
            -6691413.063325393,
            6652592.122938052
          ],
          [
            -6691525.692377497,
            6652704.751990156
          ],
          [
            -6691638.321429602,
            6652817.381042261
          ],
          [
            -6691750.950481706,
            6652930.010094365
          ],
          [
            -6691863.579533811,
            6653042.6391464695
          ],
          [
            -6691976.208585914,
            6653155.268198573
          ],
          [
            -6692088.837638019,
            6653267.897250677
          ],
          [
            -6692201.466690123,
            6653380.526302782
          ],
          [
            -6692314.0957422275,
            6653493.155354886
          ],
          [
            -6692426.724794332,
            6653605.784406991
          ]
        ]
      },
      "properties": {
        "segment_id": "P4_sub2",
        "zone_id": "P4",
        "subzone_id": "P4_sub2",
        "length_m": 14446.593701568778,
        "slope": 0.0009000350999584106,
        "drop_m": 13.00244140625,
        "downstream_id": "P4_sub1",
        "upstream_ids": [
          "P4_sub3",
          "P4_sub10"
        ]
      }
    },
    {
      "type": "Feature",
      "geometry": {
        "type": "LineString",
        "coordinates": [
          [
            -6690061.514700142,
            6644482.831186543
          ],
          [
            -6689948.885648037,
            6644595.460238648
          ],
          [
            -6689948.885648037,
            6644708.089290752
          ],
          [
            -6689948.885648037,
            6644820.7183428565
          ],
          [
            -6689948.885648037,
            6644933.34739496
          ],
          [
            -6690061.514700142,
            6645045.976447064
          ],
          [
            -6689948.885648037,
            6645158.605499169
          ],
          [
            -6689836.256595933,
            6645271.234551273
          ],
          [
            -6689836.256595933,
            6645383.863603378
          ],
          [
            -6689723.627543828,
            6645496.492655482
          ],
          [
            -6689723.627543828,
            6645609.121707586
          ],
          [
            -6689610.998491725,
            6645721.75075969
          ],
          [
            -6689723.627543828,
            6645834.3798117945
          ],
          [
            -6689723.627543828,
            6645947.008863899
          ],
          [
            -6689836.256595933,
            6645834.3798117945
          ],
          [
            -6689948.885648037,
            6645721.75075969
          ],
          [
            -6690061.514700142,
            6645834.3798117945
          ],
          [
            -6690174.143752246,
            6645834.3798117945
          ],
          [
            -6690286.772804351,
            6645834.3798117945
          ],
          [
            -6690399.401856455,
            6645947.008863899
          ],
          [
            -6690399.401856455,
            6646059.637916003
          ],
          [
            -6690512.0309085585,
            6646172.266968108
          ],
          [
            -6690624.659960663,
            6646284.896020212
          ],
          [
            -6690737.289012767,
            6646397.525072316
          ],
          [
            -6690849.918064872,
            6646510.15412442
          ],
          [
            -6690849.918064872,
            6646622.783176525
          ],
          [
            -6690962.547116976,
            6646735.412228629
          ],
          [
            -6690962.547116976,
            6646848.041280733
          ],
          [
            -6690962.547116976,
            6646960.670332838
          ],
          [
            -6690962.547116976,
            6647073.299384942
          ],
          [
            -6690962.547116976,
            6647185.928437046
          ],
          [
            -6690849.918064872,
            6647298.55748915
          ],
          [
            -6690737.289012767,
            6647411.186541255
          ],
          [
            -6690624.659960663,
            6647523.815593359
          ],
          [
            -6690512.0309085585,
            6647636.4446454635
          ],
          [
            -6690399.401856455,
            6647749.073697568
          ],
          [
            -6690399.401856455,
            6647861.702749671
          ],
          [
            -6690286.772804351,
            6647974.331801776
          ],
          [
            -6690174.143752246,
            6648086.96085388
          ],
          [
            -6690174.143752246,
            6648199.589905985
          ],
          [
            -6690174.143752246,
            6648312.218958089
          ],
          [
            -6690174.143752246,
            6648424.848010194
          ],
          [
            -6690174.143752246,
            6648537.477062298
          ],
          [
            -6690286.772804351,
            6648650.1061144015
          ],
          [
            -6690286.772804351,
            6648762.735166506
          ],
          [
            -6690399.401856455,
            6648762.735166506
          ],
          [
            -6690512.0309085585,
            6648875.36421861
          ],
          [
            -6690624.659960663,
            6648987.993270715
          ],
          [
            -6690737.289012767,
            6649100.622322819
          ],
          [
            -6690737.289012767,
            6649213.251374924
          ],
          [
            -6690737.289012767,
            6649325.880427028
          ],
          [
            -6690737.289012767,
            6649438.509479132
          ],
          [
            -6690624.659960663,
            6649551.138531236
          ],
          [
            -6690737.289012767,
            6649663.76758334
          ],
          [
            -6690737.289012767,
            6649776.396635445
          ],
          [
            -6690624.659960663,
            6649889.025687549
          ],
          [
            -6690512.0309085585,
            6650001.654739654
          ],
          [
            -6690399.401856455,
            6650114.283791757
          ],
          [
            -6690399.401856455,
            6650226.912843862
          ],
          [
            -6690512.0309085585,
            6650339.541895966
          ],
          [
            -6690399.401856455,
            6650452.1709480705
          ],
          [
            -6690286.772804351,
            6650564.800000175
          ],
          [
            -6690174.143752246,
            6650677.429052279
          ],
          [
            -6690174.143752246,
            6650790.058104384
          ],
          [
            -6690061.514700142,
            6650902.687156487
          ],
          [
            -6690061.514700142,
            6651015.316208592
          ],
          [
            -6690061.514700142,
            6651127.945260696
          ],
          [
            -6690174.143752246,
            6651240.574312801
          ],
          [
            -6690174.143752246,
            6651353.203364905
          ],
          [
            -6690174.143752246,
            6651465.832417009
          ],
          [
            -6690286.772804351,
            6651578.461469113
          ],
          [
            -6690399.401856455,
            6651578.461469113
          ],
          [
            -6690512.0309085585,
            6651578.461469113
          ],
          [
            -6690624.659960663,
            6651578.461469113
          ],
          [
            -6690737.289012767,
            6651691.090521217
          ],
          [
            -6690737.289012767,
            6651803.719573322
          ],
          [
            -6690737.289012767,
            6651916.348625426
          ],
          [
            -6690849.918064872,
            6652028.977677531
          ],
          [
            -6690962.547116976,
            6652141.606729635
          ],
          [
            -6691075.176169081,
            6652254.2357817395
          ],
          [
            -6691187.805221184,
            6652366.864833843
          ],
          [
            -6691300.434273289,
            6652479.493885947
          ],
          [
            -6691413.063325393,
            6652592.122938052
          ],
          [
            -6691525.692377497,
            6652704.751990156
          ],
          [
            -6691638.321429602,
            6652817.381042261
          ],
          [
            -6691750.950481706,
            6652930.010094365
          ],
          [
            -6691863.579533811,
            6653042.6391464695
          ],
          [
            -6691976.208585914,
            6653155.268198573
          ],
          [
            -6692088.837638019,
            6653267.897250677
          ],
          [
            -6692201.466690123,
            6653380.526302782
          ],
          [
            -6692314.0957422275,
            6653493.155354886
          ],
          [
            -6692426.724794332,
            6653605.784406991
          ]
        ]
      },
      "properties": {
        "segment_id": "P4_sub5",
        "zone_id": "P4",
        "subzone_id": "P4_sub5",
        "length_m": 12815.130190924607,
        "slope": 0.0008064274418038021,
        "drop_m": 10.33447265625,
        "downstream_id": "P4_sub1",
        "upstream_ids": [
          "P4_sub7"
        ]
      }
    },
    {
      "type": "Feature",
      "geometry": {
        "type": "LineString",
        "coordinates": [
          [
            -6690061.514700142,
            6648424.848010194
          ],
          [
            -6690174.143752246,
            6648424.848010194
          ],
          [
            -6690174.143752246,
            6648537.477062298
          ],
          [
            -6690286.772804351,
            6648650.1061144015
          ],
          [
            -6690286.772804351,
            6648762.735166506
          ],
          [
            -6690399.401856455,
            6648762.735166506
          ],
          [
            -6690512.0309085585,
            6648875.36421861
          ],
          [
            -6690624.659960663,
            6648987.993270715
          ],
          [
            -6690737.289012767,
            6649100.622322819
          ],
          [
            -6690737.289012767,
            6649213.251374924
          ],
          [
            -6690737.289012767,
            6649325.880427028
          ],
          [
            -6690737.289012767,
            6649438.509479132
          ],
          [
            -6690624.659960663,
            6649551.138531236
          ],
          [
            -6690737.289012767,
            6649663.76758334
          ],
          [
            -6690737.289012767,
            6649776.396635445
          ],
          [
            -6690624.659960663,
            6649889.025687549
          ],
          [
            -6690512.0309085585,
            6650001.654739654
          ],
          [
            -6690399.401856455,
            6650114.283791757
          ],
          [
            -6690399.401856455,
            6650226.912843862
          ],
          [
            -6690512.0309085585,
            6650339.541895966
          ],
          [
            -6690399.401856455,
            6650452.1709480705
          ],
          [
            -6690286.772804351,
            6650564.800000175
          ],
          [
            -6690174.143752246,
            6650677.429052279
          ],
          [
            -6690174.143752246,
            6650790.058104384
          ],
          [
            -6690061.514700142,
            6650902.687156487
          ],
          [
            -6690061.514700142,
            6651015.316208592
          ],
          [
            -6690061.514700142,
            6651127.945260696
          ],
          [
            -6690174.143752246,
            6651240.574312801
          ],
          [
            -6690174.143752246,
            6651353.203364905
          ],
          [
            -6690174.143752246,
            6651465.832417009
          ],
          [
            -6690286.772804351,
            6651578.461469113
          ],
          [
            -6690399.401856455,
            6651578.461469113
          ],
          [
            -6690512.0309085585,
            6651578.461469113
          ],
          [
            -6690624.659960663,
            6651578.461469113
          ],
          [
            -6690737.289012767,
            6651691.090521217
          ],
          [
            -6690737.289012767,
            6651803.719573322
          ],
          [
            -6690737.289012767,
            6651916.348625426
          ],
          [
            -6690849.918064872,
            6652028.977677531
          ],
          [
            -6690962.547116976,
            6652141.606729635
          ],
          [
            -6691075.176169081,
            6652254.2357817395
          ],
          [
            -6691187.805221184,
            6652366.864833843
          ],
          [
            -6691300.434273289,
            6652479.493885947
          ],
          [
            -6691413.063325393,
            6652592.122938052
          ],
          [
            -6691525.692377497,
            6652704.751990156
          ],
          [
            -6691638.321429602,
            6652817.381042261
          ],
          [
            -6691750.950481706,
            6652930.010094365
          ],
          [
            -6691863.579533811,
            6653042.6391464695
          ],
          [
            -6691976.208585914,
            6653155.268198573
          ],
          [
            -6692088.837638019,
            6653267.897250677
          ],
          [
            -6692201.466690123,
            6653380.526302782
          ],
          [
            -6692314.0957422275,
            6653493.155354886
          ],
          [
            -6692426.724794332,
            6653605.784406991
          ]
        ]
      },
      "properties": {
        "segment_id": "P4_sub6",
        "zone_id": "P4",
        "subzone_id": "P4_sub6",
        "length_m": 7236.961046080256,
        "slope": 0.0008098481954555217,
        "drop_m": 5.86083984375,
        "downstream_id": "P4_sub1",
        "upstream_ids": []
      }
    },
    {
      "type": "Feature",
      "geometry": {
        "type": "LineString",
        "coordinates": [
          [
            -6690624.659960663,
            6650226.912843862
          ],
          [
            -6690512.0309085585,
            6650339.541895966
          ],
          [
            -6690399.401856455,
            6650452.1709480705
          ],
          [
            -6690286.772804351,
            6650564.800000175
          ],
          [
            -6690174.143752246,
            6650677.429052279
          ],
          [
            -6690174.143752246,
            6650790.058104384
          ],
          [
            -6690061.514700142,
            6650902.687156487
          ],
          [
            -6690061.514700142,
            6651015.316208592
          ],
          [
            -6690061.514700142,
            6651127.945260696
          ],
          [
            -6690174.143752246,
            6651240.574312801
          ],
          [
            -6690174.143752246,
            6651353.203364905
          ],
          [
            -6690174.143752246,
            6651465.832417009
          ],
          [
            -6690286.772804351,
            6651578.461469113
          ],
          [
            -6690399.401856455,
            6651578.461469113
          ],
          [
            -6690512.0309085585,
            6651578.461469113
          ],
          [
            -6690624.659960663,
            6651578.461469113
          ],
          [
            -6690737.289012767,
            6651691.090521217
          ],
          [
            -6690737.289012767,
            6651803.719573322
          ],
          [
            -6690737.289012767,
            6651916.348625426
          ],
          [
            -6690849.918064872,
            6652028.977677531
          ],
          [
            -6690962.547116976,
            6652141.606729635
          ],
          [
            -6691075.176169081,
            6652254.2357817395
          ],
          [
            -6691187.805221184,
            6652366.864833843
          ],
          [
            -6691300.434273289,
            6652479.493885947
          ],
          [
            -6691413.063325393,
            6652592.122938052
          ],
          [
            -6691525.692377497,
            6652704.751990156
          ],
          [
            -6691638.321429602,
            6652817.381042261
          ],
          [
            -6691750.950481706,
            6652930.010094365
          ],
          [
            -6691863.579533811,
            6653042.6391464695
          ],
          [
            -6691976.208585914,
            6653155.268198573
          ],
          [
            -6692088.837638019,
            6653267.897250677
          ],
          [
            -6692201.466690123,
            6653380.526302782
          ],
          [
            -6692314.0957422275,
            6653493.155354886
          ],
          [
            -6692426.724794332,
            6653605.784406991
          ]
        ]
      },
      "properties": {
        "segment_id": "P4_sub9",
        "zone_id": "P4",
        "subzone_id": "P4_sub9",
        "length_m": 4789.7657801148425,
        "slope": 0.000255366251169942,
        "drop_m": 1.22314453125,
        "downstream_id": "P4_sub1",
        "upstream_ids": []
      }
    },
    {
      "type": "Feature",
      "geometry": {
        "type": "LineString",
        "coordinates": [
          [
            -6722048.165497759,
            6566093.010921959
          ],
          [
            -6722160.794549864,
            6566205.639974063
          ]
        ]
      },
      "properties": {
        "segment_id": "P1_sub1",
        "zone_id": "P1",
        "subzone_id": "P1_sub1",
        "length_m": 159.28153300330865,
        "slope": 0.0,
        "drop_m": 0.0,
        "downstream_id": "",
        "upstream_ids": [
          "P1_sub2",
          "P1_sub7"
        ]
      }
    },
    {
      "type": "Feature",
      "geometry": {
        "type": "LineString",
        "coordinates": [
          [
            -6692426.724794332,
            6653605.784406991
          ],
          [
            -6692539.353846436,
            6653718.413459095
          ]
        ]
      },
      "properties": {
        "segment_id": "P4_sub1",
        "zone_id": "P4",
        "subzone_id": "P4_sub1",
        "length_m": 159.28153300330865,
        "slope": 0.0,
        "drop_m": 0.0,
        "downstream_id": "",
        "upstream_ids": [
          "P4_sub2",
          "P4_sub5",
          "P4_sub6",
          "P4_sub9"
        ]
      }
    }
  ]
}