,222,231,236,216,217,218,219,220,223,225,226,227,207,214,229,230,112,114,206,210,212,215,237,105,108,316,205,209,221,234,235,238,239,421,104,307,317,204,208,213,228,416,419,436,103,107,110,111,113,306,308,309,312,313,203,224,233,414,427,429,430,102,106,109,304,310,314,202,211,232,240,413,417,101,303,305,311,201,412,415,302,315,318,406,411,426,433,434,437,438,301,405,410,418,420,423,404,409,432,435,403,408,428,623,402,407,422,424,425,431,620,509,512,515,401,615,624,506,507,516,612,613,505,514,611,627,629,504,508,511,610,622,503,513,609,618,502,510,517,608,631,501,607,606,625,605,616,604,614,626,630,603,619,602,617,621,628,601
0,2.7801955555555553,2.7801955555555553,2.7801955555555553,2.7801955555555553,2.7801955555555553,2.7801955555555553,2.7801955555555553,2.7801955555555553,2.7801955555555553,2.7801955555555553,2.7801955555555553,2.7801955555555553,2.7801955555555553,2.7801955555555553,2.7801955555555553,2.7801955555555553,2.7801955555555553,2.7801955555555553,2.7801955555555553,2.7801955555555553,2.7801955555555553,2.7801955555555553,2.7801955555555553,2.7801955555555553,2.7801955555555553,2.7801955555555553,2.7801955555555553,2.7801955555555553,2.7801955555555553,2.7801955555555553,2.7801955555555553,2.7801955555555553,2.7801955555555553,2.7801955555555553,2.7801955555555553,2.7801955555555553,2.7801955555555553,2.7801955555555553,2.7801955555555553,2.7801955555555553,2.7801955555555553,2.7801955555555553,2.7801955555555553,2.7801955555555553,2.7801955555555553,2.7801955555555553,2.7801955555555553,2.744958611111111,2.7801955555555553,2.7801955555555553,2.7801955555555553,2.7801955555555553,2.7801955555555553,2.7801955555555553,2.7801955555555553,2.7801955555555553,2.7801955555555553,2.7801955555555553,2.7801955555555553,2.7801955555555553,2.7801955555555553,2.7801955555555553,2.7801955555555553,2.7801955555555553,2.7801955555555553,2.7801955555555553,2.7801955555555553,2.7801955555555553,2.7801955555555553,2.7801955555555553,0.9091133333333333,2.7801955555555553,2.7801955555555553,2.7801955555555553,2.7801955555555553,2.7801955555555553,2.7801955555555553,2.7801955555555553,2.7801955555555553,2.7801955555555553,2.7801955555555553,2.7801955555555553,1.8887008333333333,2.7801955555555553,2.7801955555555553,2.7801955555555553,2.7801955555555553,2.7801955555555553,2.7801955555555553,2.7801955555555553,2.7801955555555553,2.7801955555555553,2.7801955555555553,2.7801955555555553,2.7801955555555553,2.7801955555555553,2.7801955555555553,2.7801955555555553,2.7801955555555553,1.9063191666666666,2.7801955555555553,2.7801955555555553,2.7801955555555553,2.7801955555555553,2.7801955555555553,2.7801955555555553,2.7801955555555553,2.7801955555555553,2.7801955555555553,2.7801955555555553,2.7801955555555553,2.7801955555555553,2.7801955555555553,2.7801955555555553,2.7801955555555553,2.7801955555555553,2.7801955555555553,2.7801955555555553,2.7801955555555553,2.7801955555555553,2.7801955555555553,2.7801955555555553,2.7801955555555553,2.7801955555555553,2.7801955555555553,2.7801955555555553,2.7801955555555553,2.7801955555555553,2.7801955555555553,2.7801955555555553,2.7801955555555553,2.7801955555555553,2.7801955555555553,2.7801955555555553,2.7801955555555553,2.7801955555555553,2.7801955555555553,2.7801955555555553,0.9091133333333333,2.7801955555555553,2.7801955555555553,2.7801955555555553,2.7801955555555553,2.7801955555555553,2.7801955555555553,2.7801955555555553,2.7801955555555553,2.7801955555555553,2.7801955555555553,2.7801955555555553,2.7801955555555553,2.7801955555555553,2.7801955555555553,2.7801955555555553,2.7801955555555553,2.7801955555555553,2.276307222222222,2.7801955555555553
1,1.6841477660399171,1.8507011789495507,1.8664950687571553,1.3511750399999998,1.4667671183795457,1.8672606266118197,1.3511750399999998,1.5123574597695248,2.00862897039934,1.383656644357139,1.4607417486544307,2.106900313104089,1.6410128983394068,1.8802273279971424,1.3511750399999998,1.801290843451224,1.5115828582970725,1.3511753649924698,1.8211382801737965,1.9986502539853777,1.7658297699264214,1.681384841663185,1.7324389688025872,1.3511750399999998,1.3511750399999998,1.5452179551205776,2.019349371779723,1.8868204647507179,1.3511750399999998,1.4121203520055587,1.4250176746036551,1.9140239199040494,1.823939021040745,2.0207964175038517,1.4099004233928931,1.3524524116549757,1.8096025751502336,1.9870427938175186,1.7077571459883472,1.4039025935755307,1.3754695362233147,2.5834778335580073,1.6037685865874314,2.269438162542532,1.3538041076517482,1.3511750399999998,1.3511750399999998,1.949836303998832,1.5472604121015485,1.4111062650563033,1.9373880716730858,1.5489363128132028,1.5986006727787943,1.5760698273657323,2.0197566771512845,1.547649470955342,1.9639732707974142,1.4157335440100738,1.6361346636451282,2.814052477426698,2.5849665010900793,1.3850950302775236,1.941665480876855,1.6989467218451229,1.6300712030072337,1.7871480057978368,1.8561201281432835,1.9713690161245574,1.6903688627488331,1.4837709730690054,0.5106371729066942,1.989561401345033,1.9956484155583445,1.7095825254672818,1.6806557266809499,1.7514149174376545,1.840719982099734,1.4506082822404556,1.3894218957012565,1.5005703400807868,1.9696354949879313,1.863601999706728,1.1212594592577718,1.5340389072958083,1.4584249789862684,2.5294742586245813,1.3861829678663329,1.387712352324088,1.3868389886220205,1.50743602865021,1.858196669976123,1.4273706642858257,1.4285815711236813,1.4316477526877414,1.4089207903727183,1.5766639877055975,1.408180521416817,1.403195747373236,1.3741841478401395,0.9273767912846904,1.5438005669651171,1.3511750399999998,1.4549266629632636,3.0289296270285733,1.6205292322141132,1.615161589662602,1.6264913008277349,1.4828444963687222,1.6416752337370735,1.6596549744038898,3.135799208079984,3.088575372812388,3.0258166128977786,1.9088699692148656,1.65603867092551,3.1355924764645784,2.7652014951637316,2.313613420823964,2.7299924997517517,1.6539474547213193,1.7352832346810763,1.4837965295724094,1.6612848878857225,1.7988787583403687,2.045509878704956,2.0955384006341577,2.415088912979169,1.7661184583510683,1.5193820056535885,1.514498476737865,2.3145000432306966,2.0670744634625953,1.5106631379510762,1.5334796741431953,2.4817789197970384,2.0791984844446083,2.087473993861424,1.922730177345392,0.9347587265434278,2.429151564388888,2.413893705894752,1.992735827854639,2.8586227500635886,2.268675358522688,1.5065523907370313,1.5251898908513675,1.5305557541035397,1.545321098798926,1.607770286130298,1.663217653038772,1.7186458524150812,1.811218017273952,1.736810458097203,1.3748637770991616,1.6456937966525105,1.952774681758969,1.686173561577874,1.71296608577119
2,1.120067122713347,1.2818939383006993,1.101738281060927,0.5846195214222222,0.7098846122111047,0.9073693144097418,0.5846195214222222,0.7929198418937338,1.7739564558506609,0.5864840273094821,0.699479935606027,1.9803386762581128,1.0318831404757087,0.9607163033037494,0.5846195214222222,1.3454776096187413,0.8492912981919574,0.5866300677917846,1.121942956648492,1.456864496990982,1.2757502835490973,0.9376057450798221,1.2105826316163426,0.5868474576196524,0.5860149477337872,0.8292559119819338,1.548086155465971,1.5177621558651793,0.5846195214222222,0.5889673376214981,0.6090995585068814,1.5332781971640272,1.1573231616071389,1.6562196898374946,0.5883175939780013,0.5847255159452472,1.2690897046692777,1.4791096452929193,1.0165546511838726,0.5886279386333739,0.5863971380412529,2.95107400158729,0.9371585032447687,2.2306344347961247,0.5848227310261708,0.5846195214222222,0.5846195214222222,1.5954392483367204,0.7702994451255152,0.5888465377807443,1.524997776317838,0.7829994106806847,0.9152620000349067,0.8478178617321589,1.5826817198487233,0.7527383260816851,1.3961167014048854,0.6160475835329443,1.1579301019815418,3.5628274025050697,3.0258727096485494,0.5874834491293733,1.5552349552785825,1.0118276923629292,0.9023266877797198,1.3823481944859173,1.4850149737935832,1.5009644292759006,0.9748240340921067,0.7198969027661252,0.27303644786775594,1.7253857468269247,1.482187462051408,1.1193751853983311,1.0081491075673206,1.20062448661659,1.5244721468357674,0.6527200043660522,0.5880433590440626,1.012730941345165,1.6179490793167057,1.4872363924568683,0.697684537226393,0.8519932409909229,0.6946428039624917,2.9120603660462208,0.5885951295249705,0.910864879123978,0.779655459568267,0.6431607348425833,1.4050346462958,0.6167605050135587,0.6402531567546759,0.632293930784463,0.670492546321305,0.7075044035400765,0.587213373733682,0.5940062420380373,0.5856643187285473,0.40094113532478326,0.6768395935020404,0.5846195214222222,0.5947869804934101,3.5309161694376847,0.7483804416075238,0.9767964046532351,0.7626639997732079,0.6204681275903012,0.7991387178348488,0.8425114661192469,3.746980737512599,2.487669234281581,2.075630536559498,0.9954464366100441,0.8365157491622076,4.184411970471,3.4661640795168753,1.3732938477980052,1.796952053197958,1.182481466292144,1.2125622584218538,0.739637748772271,1.1996601705012542,1.4823606672551897,1.8335516134359207,1.3863311184121982,2.5875120760014885,1.4422630150135112,0.7272539817490474,0.7295373236799046,2.387914297065773,1.878224997199382,0.7142439286873611,0.8247396033455828,2.7464215265423633,1.9026277696665594,1.827041905022203,1.777694617767738,1.1756168929806272,2.632421563616668,2.5435235770753675,1.6401381421529881,3.5952006653744357,2.2158760792906254,0.7383592178311776,0.7221985393863433,0.7175122478369038,0.9529181601466734,0.9310134630511663,1.112428401070687,1.2064743853830324,1.3098387065051225,1.2334108691239698,0.5865262140451059,0.988638525063702,1.5841854676561546,1.2077777350638212,1.0820636465473792
3,0.7260240859137699,0.6874568977594842,0.603065565270099,0.5729271309937779,0.5863577558926472,0.5886342106645828,0.5729271309937779,0.5843976741804778,2.01089631032232,0.5748895795411846,0.5892538831911145,2.3648957428452664,0.7843674798351957,0.5921374974751225,0.5729271309937779,0.6030522419479721,0.6517907936359261,0.5892302381546971,0.6248681396643441,1.0212981267107473,0.6006853181138369,0.5966876332505788,0.5984763614048602,0.591005564738944,0.5848541168179212,0.5930614063755903,1.1504738306823437,0.6963571166251808,0.5967822304715301,0.6898008664025447,0.5844738543350446,0.7633531899938073,0.8671392833044812,1.8108851580060206,0.579877597726852,0.5730836720664116,0.8204797037187841,1.1490182710974979,0.6954116016505429,0.6754670656280719,0.7249341339578697,3.8137455601313657,0.6115716578365263,2.6851901077631197,0.5735432238444793,0.5811457623735742,0.5743295240041457,1.486040069034523,0.593021620680376,0.5800139310566476,1.1775049744144739,0.593244071701288,0.5983867122537228,0.5960156054827179,1.752414082701705,0.593436922312192,1.3335101024474907,0.5824426841683177,0.8352194237106284,4.817762158521373,3.843381296902951,0.5833459584164994,1.378798968590891,0.679994434266895,0.6013345656633109,1.1724427297864135,0.8814063097653669,1.5482542358122495,0.6852170574626895,0.8300640775948668,0.30236046321310506,1.7630387237287906,0.6989840001489626,0.8651601867976265,0.6481664738730238,0.684943360784267,1.3859815404125808,0.5954982677246381,0.5788318215808502,0.8820230460916072,1.3084476666857705,0.8067259318479256,0.5374635953301153,0.9219887166639653,0.5871009631664655,3.4065832628743014,0.5827279820361589,0.8856371784948391,0.6143777453670553,0.5907932948203539,1.2336055943573017,0.5905130932460403,0.5833928978275897,0.5878518948634536,0.5929072374244965,0.5982647031811847,0.5797071277179667,0.580476673121824,0.5756481453693157,0.39298960877049316,0.5946896966039813,0.5729271309937779,0.5852548863518535,4.590177254473428,0.6030742587281617,0.7134963975767241,0.6040349765347152,0.5881865754930898,0.6332421567719526,0.692063928760456,4.918080088470205,3.355449141626484,2.7623119468592714,0.7894880776724037,0.682098737171405,5.4928549165822185,4.274985969112705,1.4457262460332077,2.212204785508857,0.6017051171439115,1.0787047816224353,0.5916707754197424,0.6024007112213775,0.7719647633001204,2.103238314667687,1.3765342869861312,2.679588261380996,0.74771370038454,0.583783818148602,0.5844582600429747,2.745955825746546,2.179369901870852,0.5833948643969732,0.5937188228740532,3.149104659804705,2.206302689177028,1.5659601749103742,1.1197668918623618,1.3459609731862845,3.0205306112019152,2.566917640566356,1.426437795624202,4.1161366557932695,2.099266392852285,0.5860979006013444,0.5827366682560264,0.581769444985452,0.6570271079914908,0.5996979812829727,0.8501639676655499,0.9534608876126076,1.0435602219632785,0.9852020308686522,0.5759392089810722,0.6048599187151398,1.585333582248741,0.9969592036498766,0.7690802413465215
4,0.7149006719120704,0.6112831309290493,0.6065685334542914,0.5614685883739023,0.5832726791587604,0.5908000136942729,0.5614685883739023,0.57714655653849,2.876770123754652,0.5642055796636427,0.5898068838302761,3.4811107633253235,0.8590130464075684,0.5949792264418522,0.5614685883739023,0.6047502047059661,0.8886563147635017,0.6005976606629531,0.6082265081802087,0.757983293144817,0.6011927914192765,0.5946289014721068,0.5978862999686574,0.6049938698160159,0.5907640264787029,0.5918602243807488,0.8648631200250019,0.6137651866778188,0.6238859209362029,0.8867790204869169,0.5795418986748662,0.6158528190758583,0.7102809134014503,1.9712010992779756,0.5720856160293638,0.561703947861778,0.6667268421822716,0.9363632450730954,0.6180147463954522,0.8752431541061316,0.9675218507914116,4.705618791282896,0.6107907993693493,3.175575767354562,0.5630196491256114,0.5923662780795297,0.5666480198504895,2.0419940174512923,0.5924777934569124,0.5689102150639004,1.1207828424043442,0.5816692468269393,0.5990103370545915,0.589363836753716,2.2306426685925627,0.5933087185184377,1.4602007866857323,0.5752308241202364,0.6327658542375156,6.1973436766265015,4.846107237471686,0.5906807563077258,1.7864906216723486,0.6177095227962275,0.5893736695418438,1.5285264289239682,0.6199786565838328,2.017394060805771,0.6183217350902911,1.4365574970195767,0.6655747650820296,1.9350698477559403,0.5971219895101386,1.1216417958669,0.6019991134584739,0.6201087734989096,1.8032719292828083,0.8184320619694688,0.5698422140578916,0.9277092371566227,1.389067052446124,0.6109874175518109,0.8315824830434047,1.8615695000949464,0.583092678364393,4.443078877101908,0.5819268420057614,0.9416345132312685,0.6556393817863743,0.5947487407022322,1.7560282175589754,0.6239096091674153,0.5772564764676759,0.596649503139956,0.596021012589247,0.6097879589159324,0.5736037409308041,0.572574178883666,0.5663149473112957,0.38706912106176133,0.6025614913438789,0.5632141637934284,0.5855276160578085,6.1277703360353355,0.6346102152344023,0.6871058626677785,0.6482886312865538,0.5895621013236173,0.6990129420953186,0.7738158104952391,6.603227733133724,4.0424311045355426,3.2139839334448985,0.6386199274498506,0.7598274130531044,7.569360380932848,5.767091342091244,1.5017517374093283,2.506477646889742,0.6998624456532725,1.1819323822533374,0.5938060674866948,0.7452050125765585,1.0738644756363585,2.640868740825157,1.4799444599331002,2.655157831736578,1.0495625455680413,0.5744022210040457,0.5751189329632903,3.2125603776058864,2.7521584721438987,0.574918991043987,0.5911166908202112,3.534144111503097,2.7742923201577687,1.35320639995435,1.5618368938865301,1.4024300277253698,3.4320774754066417,2.483104576978503,1.2753291201980343,4.288826912001872,1.9502890606105197,0.5768897223010726,0.5732775209801715,0.572239178965698,0.6063581620594564,0.5994310099435332,0.645872194415924,0.7914831587883189,1.0087931829476013,0.8416493598876011,0.5658527566651519,0.6130799565185926,1.770552375413494,1.1987491293853996,0.8287815747812559
5,0.6192959871892114,0.6182458263505712,0.6138645146837179,0.5502392166064243,0.5739584950738652,0.5849202226844991,0.5502392166064243,0.5673961951283543,1.9796651875483793,0.5532523435350075,0.5810747161499275,2.4587956608036263,0.6254960583373197,0.5919333287489844,0.5541459843515267,0.5983245611502227,1.510903824481439,0.8480783385803727,0.6182642655580319,0.947584707118096,0.5943172828245177,0.6000373363166146,0.5905978025587841,0.9487898420192254,0.6236569406618908,0.5900407248795908,1.1365589963640395,0.6104055822333455,0.7930584451686384,1.187088554389729,0.5804356679974657,0.6164420040749099,0.7739122585797221,2.180577905087477,0.5650139408534903,0.550914507296156,0.7453913182412696,1.1456458647036845,0.632970262619699,1.1104971956777794,1.303522561859325,6.068715627028143,0.6191779853263732,3.8775897289349555,0.554483364092287,0.6081817531044805,0.5611940525572804,2.8559295962004607,0.5934389160709956,0.5703709333462307,1.1492564461949195,0.58406070826826,0.6031182224815731,0.5895667040736322,1.647360984536987,0.5957251917996934,1.237430707760585,0.5689808713869334,0.6334539565150087,8.258461396693955,6.302563602175087,0.601643598887246,2.369498221015615,0.6308535969015892,0.5907042375245356,1.9643968268242287,0.6247790284687683,1.6497941983651752,0.6230223823243745,2.472874977603506,1.3702951863948098,2.3463890187786376,0.5866366140859285,1.6182286936075627,0.6081580645206363,0.7698727723898434,2.2145631521563125,1.4792136328067134,0.5640624497005918,1.165557334557206,1.5571051460441827,0.608449776711603,1.4693247911532497,3.6655181175138973,0.5873764668111109,5.2052097873412375,0.5863365936556035,1.1441331622932482,0.8796821209194984,0.6320774783454645,2.671748196753689,1.0203976191286204,0.5749918154627347,0.709333889375228,0.6049017119579484,0.9446302306251612,0.5719006035750731,0.565162807012164,0.5588252152592604,0.37983695101740056,0.7928930014721437,0.5523690215833057,0.5927908211045023,7.25515823907278,1.1643574098268419,0.6334028176155105,1.1791016549883893,0.6016645599223562,1.2256851156074449,1.2892599111595688,7.87347266919228,4.704206850247632,3.6168381526089832,0.6317316230938083,1.270187633618434,9.137081277802467,6.86096505917849,1.7220315026209283,2.903911410362247,1.1114757929638728,1.1112918219259789,0.5922520396416531,1.3202349789800238,1.8055375090555723,2.779938862452439,1.788090553736461,2.704328160365876,1.7295842717784218,0.5761918282914734,0.577050686416926,3.309949639746193,2.909531050914312,0.5727610261299674,0.593461572058823,3.5878928040881277,2.928852585387598,1.3170191654320116,2.425324102602709,1.384871943483376,3.499824464752503,2.4331181539460225,1.3659051962520123,4.2351318379293375,1.912219703768598,0.5793683553964462,0.5747584222579732,0.5734366483144236,0.6191715961594393,0.6099746967216003,0.7266646648492098,0.9205261052806473,1.1227082163831557,0.9774043516819048,0.5560004212666846,0.6225881436541607,2.0284156023707602,1.4688553024754911,0.9861993604783109
6,0.6090546802018995,0.6197740606347177,0.6195874438196516,0.5392344322742959,0.5630967588556904,0.5751166358754334,0.5392344322742959,0.5565419639201787,1.0457609922346085,0.5422863855121595,0.5702462088677038,1.3644207959621746,0.6162450257481759,0.584504956822869,0.5984046251818774,0.5879312189470097,1.0879779214027956,0.6252426048733337,0.6231478463796782,0.9245310841583052,0.5838583770451724,0.6218968106397613,0.5800794381022312,0.6342384611533838,0.606504756038348,0.5929240894968718,1.1577104325953818,0.6007875852077983,1.2783876430468581,1.6467917313451492,0.725620253813719,0.611268678420204,0.6394964426477676,2.6786518939644566,0.5553810007545096,0.5408608416057268,1.0544409287205707,1.1371894252180643,0.63423245180087,1.6681764889029507,1.8268634769638787,7.384375894683536,0.6293754965807522,4.721249685284219,0.5576623042376629,0.6224257624660686,0.5663548692990159,2.853679343796508,0.5868072563826547,0.6193604044129031,1.560554117460364,0.6341949726438657,0.6182819565731379,0.6032067464172982,2.6809882100169324,0.5870178292788341,1.268373557253517,0.5628001722892116,0.7496701532396868,10.059742941152068,7.593570682715329,0.6139723672513892,2.3744287090950413,0.6323224071289688,0.6060023512084189,2.261252494127798,0.6379980534935722,2.2889678209959827,0.627075550981644,2.2948169033926566,0.9541727032685133,2.7166313268427333,0.5766963699639664,1.39467058119617,0.6886492772430489,0.9833745125521841,2.4988796685276444,0.8373001577130912,0.5566592815605107,1.3303907904899324,1.8390917098442223,0.6158845667009025,1.0116590724576118,2.699471881873079,0.586853271372619,6.187909263846517,0.5800768576332032,1.5502176454247656,0.9359453064327556,0.6201436192779597,2.3107678334680846,0.6302697506605162,0.5705215614025715,0.6099303698730576,0.6140698210129983,0.9315027146838776,0.5672733656512786,0.5577305416137495,0.5502755879049469,0.37246544114044994,0.7229140562448921,0.541455667814874,0.5943125241141605,8.447537437034836,1.229167573603857,0.7162098926081449,1.254291237672487,0.60688068527054,1.32364984523284,1.4112299072005474,9.13435925058684,4.745442126544517,3.4329186156361913,0.6456115271533812,1.3875837339965094,10.942849850429448,8.229294752810834,1.8934368094856415,2.9862237452978397,1.8602164774581298,1.3695263020894255,0.5935634468097266,2.2001836098137777,2.75873739048775,3.5702855297620912,2.3386767857753976,2.91969973953336,2.63174167085559,0.5794900922041566,0.5804814829421078,3.8960104278576613,3.743934917191622,0.5714110811557154,0.6020088006960271,3.9891314573965686,3.751791234712931,1.3106070936693082,3.5662998300352955,1.363927970634495,3.9606668222235863,2.4018952226544994,1.6774847358719893,4.1710822435661825,1.8979174311163012,0.5833571732111786,0.5777476929569274,0.5761424471108664,0.642048841898072,0.6235865483866463,0.896598899485207,1.1286654045725761,1.3480694596100296,1.196573403510977,0.5465168940944098,0.6355611832662857,2.6370871088064236,1.4470718959704019,1.2731150270604195
7,0.6057070361667238,0.7367767277106196,0.6339343814914596,0.5284497436288099,0.5551000127531277,0.5640422865962502,0.5284497436288099,0.5542419081103536,0.651853802056829,0.5325267904335172,0.5590367857937394,0.6618010906900446,0.60627117557437,0.5774948875972186,0.8213945782177612,0.6031099098478195,2.434024227514976,1.2236221591776681,0.6433796364426791,1.3485085206680343,0.5966183130119993,0.8911207671578205,0.5906189137765114,1.3860537055481899,0.854736819796782,0.5979258378833295,1.706742438735247,0.7809857066908076,2.129347020167209,2.597071996369364,1.0931300052111714,0.8343504354860398,0.7087006700469508,1.916747790254148,0.5475867870410931,0.5316614738703751,1.4469814988305396,1.5889876816674253,0.7120551603531483,2.56191299858794,2.8534281258588887,8.36266796773751,0.6319874321426293,4.910823787635547,0.5491892389922485,0.6369443659557537,0.5605799185852656,3.321532754610227,0.5862687121437296,1.120316421769545,2.0618167689398024,0.9953291625028386,0.8218602356461325,0.6174871460172794,2.3754749124542758,0.5870445968079995,1.11653042835965,0.5577065346852472,0.7887875676964652,12.755022261101933,9.548834921469043,0.6245132773199511,2.827228275332565,0.6449373693543278,0.7234949074257174,2.80857595774791,0.7669205573627551,1.7450270508503232,0.6298029236236987,2.7157376987497504,0.8690854071140742,3.370100816192856,0.5729452238490852,1.526870326365173,0.797394647858702,1.3306277243818252,3.064518718927129,0.6561305318090705,0.5490933256746715,1.3862747213649633,2.3068348151825724,0.6296697655781059,0.9384915871413401,2.500237690692241,0.5851562086965948,7.702781563573486,0.5752553944120509,1.699642193276702,0.9315537311309938,0.6709949257545712,2.5236092773508996,0.6325879691460061,0.5657592492305531,0.6089379383020235,0.6236918167682585,1.2076773217535592,0.5652366923631847,0.5509344159809744,0.5428187945825579,0.36852875675763475,0.9114190727824701,0.5338156593367572,0.604383358160416,10.175678080785065,1.630186087655322,0.9541403850409202,1.6629467099231525,0.618825295894451,1.7495838978811962,1.855880251738712,10.987360656666544,4.888244703021458,3.217960851273403,0.6539202195712868,1.8265007664095958,13.575752424363916,10.330580403045431,1.9806264580573596,3.0195863742830724,1.4426684052738337,1.7689245784177168,0.6012434001060172,1.938572077812527,2.1414148543769818,4.500239128779474,2.8571453138747303,3.1410891132803838,1.9543354198046918,0.5865549375633398,0.5875035606361714,4.586361500372419,4.717610473527652,0.5726416473986227,0.6120240838949409,4.47686500443787,4.712040608055135,1.3904216959388689,2.7711006033180854,1.363542176067598,4.513104880172908,2.4530660610847845,1.9664502526725982,4.169902429893985,1.9701844207373993,0.5906240131840867,0.5847214104117183,0.5830321463574178,0.7652805547265051,0.7542128231600005,1.0832363020141773,1.540318413171481,1.9372875769326803,1.6354502523805288,0.5483496355412717,0.9792239301711938,1.9493931136250686,1.5884405770692023,1.3638290054123496
8,0.6737693936722832,0.9741669459466068,0.9558530527924031,0.5178807487562337,0.5548412063141225,0.5769707661054534,0.5178807487562337,0.5557141910840483,1.793557726498708,0.5256273419684747,0.5570325781821851,2.1677891299139493,0.650486054885663,0.5930899448927857,1.3528314703058146,0.77105481389134,4.437954507174533,2.211558046059827,0.8264363797707384,1.7375394966986812,0.6967636091335506,1.3646564176984377,0.6287761417987248,2.565421756924432,1.3927859504639917,0.6014950217291685,2.0971981752049653,1.140529238078471,3.0995665695502517,3.585346840719601,1.6963747541849474,1.1724596082662198,1.0735432420608466,1.311476075685357,0.5418811644479414,0.523591218520051,1.7863557733415016,2.080825275568533,1.135762564495878,3.688618403852595,3.958051653657694,9.717136458224276,0.6346428651885928,5.346299447077414,0.5491605873279604,0.6501867634880963,0.5624848986398389,3.8481473806627364,0.5920883889088328,2.2830864177628776,2.3928651538066874,1.864658907484098,1.1676316940929692,0.8685430060387447,4.4102827968502645,0.5956383832511434,2.209206069701181,0.5536380866375367,0.8613274160977333,16.10882607538894,11.862120569770198,0.6365974763176045,3.3306820886790165,0.8470463319270728,1.209730119932087,3.118928523305675,0.9014534329634634,3.212240162687464,0.8838617453118394,2.996791934463166,0.6146404431705775,4.1887172098881855,0.5694992721027345,1.6373550744450058,1.2157602026089542,1.6451354506108704,3.354841529354175,0.6524433354314646,0.5434539278468717,1.441270423477529,2.9835464088525385,0.6803566337221567,0.7160739438264568,1.888668904310466,0.5876515890384659,8.632681010502724,0.568396930495749,1.8226394378580881,0.9204728225789018,0.6311143401778574,2.6171994346950043,0.6266394806116223,0.5650384041567603,0.60265623580045,0.6266532185396164,0.6773777186256211,0.5561302910463237,0.5486118167142842,0.5327879936690622,0.36924045394906635,0.6531973396141667,0.5321962211325969,0.6054880377240446,11.211135557338862,0.9960901292113958,1.1723214356397957,1.0402128383451557,0.6122861929731535,1.1550578726720873,1.2947597367634927,12.094668595405814,5.32978702021145,3.293194259381449,0.6672249598412893,1.269151097287173,15.089109379074685,11.606371653909184,2.2026539614010416,3.2394163778573417,2.3179987160725535,2.0792291101716898,0.6147148219620627,3.023227558423925,3.327360992231471,5.02494251113995,3.2788722804689563,2.4298606539698304,3.1780010973520323,0.5886501406180022,0.5908620909458268,4.520529383877401,5.259472048682808,0.5691781493122459,0.6228161258570106,3.9891533550784493,5.2245719642468025,0.8481598356938786,4.1751423301410275,0.8823332159655117,4.159091719405824,1.5600247962323361,1.8454845451750137,2.6982982160783284,1.2378295820599041,0.5969277291695508,0.584938600636661,0.5815293156325163,1.282546413370917,0.9101195925540922,1.5995770075476765,2.1938331763507612,2.536908499696414,2.3000448467484635,0.5484220383281757,1.2333570648033312,2.26747773691635,2.0134569651129928,1.6627267043467304
9,0.6266441279773493,1.231106754178113,1.350111659317661,0.507523133781109,0.5485554886345896,0.8012778204014527,0.507523133781109,0.5562334048270549,1.1925459279470585,0.5171332546047668,0.5479039045506477,1.5078588810307534,0.6180472900229951,0.8704851950077198,1.5905913182380422,0.9610784532178899,3.755865448754098,1.6110002810640591,1.0631921576791257,2.144197293065314,0.8355791480979722,1.7011379322509694,0.7210787264351243,1.9123985194635802,0.9211593175688336,0.6102304976104093,2.4735619604555126,1.4283653425286156,2.545306018438638,2.635184225230846,1.844108856324492,1.4988862199710469,1.5632491788174114,1.969645954793032,0.5370717875547515,0.5166869780315824,2.267117947791031,2.573729842722316,1.428753158885316,3.1006805373662507,2.980032996795325,12.190444421963134,0.64877919137941,6.717186172386258,0.5425775072748632,0.6487882596556531,0.5566034549811747,2.80033710744832,0.5984855327842347,4.095039940868304,3.069859185138216,2.9604009640739792,1.778446373841321,1.0997139474677413,6.857025797074986,0.6069955474076372,3.721998273770324,0.5502947240391034,0.6796648440597572,19.64071953558487,14.146523871076988,0.6340940763856118,2.367235285969038,0.883744178320792,1.5734092577821404,3.686377524493595,0.6908317931391231,5.389119466626866,1.3727725864256657,2.3905466024717583,0.5184128949144357,5.045313693240763,0.558753730800373,1.1114679059617976,1.2243965001863766,1.8685862227494336,3.8505270203660493,0.6520303261062553,0.5370107430625602,0.9168497898307035,2.1588682449351277,0.6438157788361022,0.5382672618832909,1.526852032050633,0.5855414401294158,8.894771872536415,0.5603512183337858,1.266161604742946,0.6868254557683566,0.7472993281976601,1.9256341145393052,0.6230643878757134,0.559214646003016,0.5970202150611813,0.6289525136575623,1.1904676464495632,0.5549418955725818,0.5412170199593085,0.5258505472135843,0.3653740204193283,0.971198909412411,0.5246890689678907,0.6175954030481945,11.665118117463196,1.6711131441615696,1.409725786001352,1.721291816716295,0.6265672814213613,1.8508585893050047,2.0074952721387174,12.455474350559978,5.675094826512515,3.17542614545892,0.6784832541046285,1.9731846176369878,15.611655489164232,12.014839838004283,1.9454911868648883,2.967243840533484,3.088616610622297,2.5042647995518585,0.6242152950484382,3.7365160738863183,4.588921478663463,6.126365323400336,3.067331846487559,2.3994009743080222,4.467314961616336,0.595934206897555,0.5993368873522329,5.389098085808072,6.416282998608554,0.57222743370576,0.6298614801606598,4.674489023711854,6.366765373959283,0.9828549546868917,5.717997814096873,0.9820254383989113,4.901089610628667,1.7592256123961,1.6446603699337259,3.003170956990125,1.4019016882153792,0.6081969911067923,0.5904639765426621,0.5854550655777976,1.733990395913374,1.1382615735181107,2.0499819237530685,2.778497130218797,3.0592458537868006,2.897164768381614,0.5439632393960839,1.393095760122622,2.6507846179029007,2.390793750712647,1.8714936587679072
10,0.6260227546759868,1.28416043262309,1.3280534416617107,0.4973726711054867,0.5423975139244132,0.6081183906593,0.4973726711054867,0.5570969134457846,0.6864002869394666,0.5094035566244557,0.5373108667834074,0.7267697352233746,0.608807867617075,0.6978812106826435,1.6636849293095781,1.0550249762973345,2.694432941036071,0.879338687816464,1.0468710739121456,2.2065243101888745,0.8992270511501209,1.7529134633304766,0.7574485652023805,1.0921100934875339,0.653740620296467,0.6218753528811737,2.5614025255593678,1.5656788812058418,3.9250336369454226,4.441776057703866,2.1119655743832575,1.6584498843604856,1.9263019134813864,3.266026531591137,0.5325505166141028,0.5103759752810936,2.8921464723796864,2.872075125706445,1.607686994298035,4.9358478944017925,4.999667538216371,10.153941415432579,0.6555883132365049,6.474470135971503,0.556695604247139,0.6406255392506788,0.5694918434181936,3.847792747766927,0.6096549034335899,6.170480084346321,3.8597375251551487,4.145269158975652,2.439185435549324,1.57515744116141,9.812903659821876,0.618899110653916,5.101215356908345,0.5413500766843716,0.9973156007174515,14.428771796718557,10.286355715942465,0.6350069319896393,3.2837684417911364,1.2303941360221626,2.044314832672649,4.905553521864327,0.9261032664229872,7.427276392060404,1.8227780672554108,3.2228421648156362,0.35170705366306165,3.553358132653043,0.5500780261140322,1.4755898962180616,1.6831189834135065,2.501972178787637,5.103770586456403,0.6451105893826986,0.5274414929573199,1.4863071845263842,3.23640454935999,0.6566054733268455,0.4773139776042063,1.2595156262302352,0.5763680105092275,6.162323179688243,0.553935351536498,2.1269442790471995,1.0175466078415059,0.8129417547907104,2.298221457611701,0.6149304319644407,0.5494492723289021,0.5892007408734556,0.6623312867853722,1.5024640249204966,0.5533409688224139,0.5315055293571042,0.5188369296122959,0.3671539340678981,1.1612547061664145,0.52239610611706,0.6786554536438644,8.901056502976553,2.088357163800212,1.7788358671658278,2.1453337235417127,0.6400087892603554,2.2919771767740174,2.4688662306850073,9.154858492185134,4.936520947338709,3.230472167274512,0.7542129428629349,2.429875970099934,11.10353962770095,8.524399800376111,2.206453724610655,3.148287875063722,4.0668895093044,3.0228314162976493,0.6726934730692705,4.828374925048867,5.932591720663074,7.125566935017561,3.636859214393712,2.3377367536888913,5.682860582619134,0.6671401178402424,0.6854687792647466,5.938052954049717,7.4532298254982345,0.5791975751314996,0.6397851688778915,4.91251430178007,7.379005350833311,1.0808042115158567,7.185557679637065,0.8484985004634729,5.235311161288224,1.6784371211229936,1.7974173337663877,2.594826930141567,1.4218984497633993,0.7386855748917285,0.6355276794690661,0.6067529127536886,2.116892761483265,1.502647418102662,2.431551962427274,3.317014110726388,3.5724932586101006,3.4520550579860556,0.5378673164534312,1.55451022036398,2.90821919723571,2.708887157016468,2.0813623401561836
11,0.6411085738009557,1.1709592734785286,1.290451122420036,0.48742521768337704,0.5393323750947152,0.8457821193379732,0.48742521768337704,0.5590877906338978,1.4010291396527852,0.5011972993430548,0.5329406166960488,1.7132231303028491,0.6164706661328788,0.898155517842214,1.9220065549156031,1.298988140053564,6.448244200259401,2.901278401952856,0.7936890548313231,1.6180628145140494,1.1044216833656322,1.7008107973574622,0.9278076301097944,3.4407098958503237,1.7581255338733344,0.6744575268572182,1.765790666475391,1.999150497230915,3.203681652072335,3.3280898469496294,2.1336824164423662,1.8505527370972288,1.8448764296243987,4.549664981812934,0.5266135481765778,0.5039987355624105,3.5501978968606056,2.3130094554537193,1.9545646117303574,4.135113396854504,3.8011624723434903,13.066165301573971,0.7643339742458176,8.524741289990677,0.5504736392023521,0.6287515038553568,0.5626161660672326,4.506603374281922,0.6169711776217118,7.756433083483011,4.887763925092416,4.937643781272196,3.055635753264234,1.7193407468724917,12.314117232630329,0.6310052361922762,6.201144314308382,0.5374538680800498,0.7042410913204113,18.307229028001938,12.95063096451465,0.6279327350265421,3.8964843455195792,1.3262146768850076,2.188770600776997,6.398617428410493,1.2507980856412695,9.788460779064627,2.135168946803844,2.84426877972111,0.4938393177473343,4.565787406972701,0.5485815678514615,1.7951602831167803,1.731882413848904,3.071715379733246,6.743646751793023,0.6515866943254398,0.5208220427153054,1.0515191637216612,3.7139361583705455,0.7291316044841061,0.6383760151697624,1.4967222478773197,0.5733578100213425,7.200521127113206,0.5477315511342119,1.4191953551774117,0.711581812832802,0.6615573621263174,2.810902938580733,0.616314819124152,0.5462347366601432,0.587790925914054,0.63924213172022,0.9375720934358771,0.5448669280980694,0.529641168751461,0.5094042000480161,0.3787326436054094,0.6951068060996666,0.5309901764698581,0.6586546756228399,10.011923770126932,1.377323117706793,2.3966862775868374,1.450181612660322,0.6344429930148664,1.6383367541990825,1.8666083925815795,10.269970729480029,5.352284434336891,3.2047000669956223,0.8986125992203113,1.833444645166718,12.64599051834514,9.996204430567989,2.3510443444941433,3.214971049186527,4.912196808131138,3.8163811248671027,1.0817444741780777,5.627542290310251,7.022883013980848,8.303464762201743,4.0654941602550805,3.1553805477730497,6.646322661533683,0.8974824827924728,0.9431579514018213,7.092752706315668,8.658200304847398,0.5902060668670491,0.6531341430505799,6.049895903213599,8.580833178977876,1.6568077459787869,8.449996163127578,1.2240275701840775,6.376680217326893,2.4775573161843085,2.2629955736277907,3.7432472781207022,2.1277324385030725,1.0685605527795505,0.8222946295248768,0.754087271701671,2.9543432957820244,2.009373895217581,3.1133877964715144,4.11703233400873,4.178412921288264,4.2443927532480235,0.5475773533349587,1.944549726752121,2.97246142209035,2.9996489940935573,2.3589916600107204
12,0.6530650996889911,1.7133081686765728,1.3383187318686256,0.47767671332970946,0.5357403589447893,0.6301829062487988,0.47767671332970946,0.5682744174923585,0.9566878438368409,0.4927762437655142,0.5241377045213513,1.236421111230652,0.6117863883834848,0.6525266250150841,1.4185556491186861,2.0157502783943295,5.808464580875467,2.265682503759891,1.0636854758696423,2.3358871754616337,1.7357869883388177,1.6854471053135716,1.4823420572948085,2.7193002276534175,1.3228639568490748,0.7793642675472395,2.7079731647149243,2.9290058865251054,4.791841385758977,5.788285339701745,2.0678386558651285,2.803160903969397,2.498940118964402,4.9742422819365535,0.5242257644276588,0.49763897079347374,4.377776267730389,3.3242769818488336,2.3640210228814316,6.411639873341118,6.481916205574222,16.439560414367048,0.9094079154097566,10.214723125463028,0.7354204812125986,0.8058474638087202,0.7855972255679442,5.15757501982811,0.6312419542982715,9.1702549693315,5.9924341918409185,5.961173082877787,3.6493675349794144,2.397109401690211,15.452954098807155,0.6991312175100963,7.70478483577467,0.5353277956278422,1.2854710015137416,23.54055498990579,16.60733749076116,0.8423160432794735,4.324353073436371,1.6402519098687027,2.920522102269635,7.7955969425083875,1.561403961951145,11.956290320151151,2.6700956076290696,4.448046958245062,0.6928133155343347,5.953814698092216,0.5649037369845654,2.081626636282522,2.4158882988795307,3.7127041389088284,8.222838630135374,0.6631629591068254,0.5197132239956403,1.7924128248352336,4.3236076760440225,0.8514771808045873,0.8600429741988608,2.1420522116608596,0.5871592541482699,8.110016884699665,0.5449562611648099,2.1671152202739643,1.134603410999948,0.6514213456652739,3.273866363537863,0.621298848601654,0.54791120574773,0.5889859111001681,0.645849838587538,0.7103179500506529,0.5348501130998609,0.5239332856962285,0.49953563091751935,0.4722788481035112,0.6853144460661788,0.5407697107656168,0.6628650358119429,10.97158827915211,0.7324042008409948,3.009524938065881,0.7902358836582413,0.6242233525734336,1.0148963844282488,1.2892819293740516,11.215764782633926,5.611782281093206,2.8771898798827764,1.0423573178961638,1.261603397889004,14.088250468084052,11.409515554771778,2.3677085915666614,3.043711250079733,5.641244738731085,4.613841319353016,1.5033160056933608,6.32566947629228,7.8625896347735305,9.501727707371085,4.402026224946691,3.8681553928398227,7.455032547232923,1.0641336482066621,1.1271131688793496,8.198892856155641,9.884404479673377,0.6047813662241872,0.8012285270767301,7.089446168166632,9.800566499407672,2.10855184186981,9.44692571700229,1.5295335168058624,7.435889292451343,3.116979598718265,2.7248148740955687,4.6775271350439445,2.680916757663896,1.2956683021845767,0.9626941253883288,0.8708581377901379,3.550586163912196,2.4009555590773637,3.821899365300356,4.788829293876215,5.04317176931756,4.922637122478967,1.1601145811633649,2.9925183705410996,3.552083493249741,3.233573147345874,2.954849423243824
13,0.6595414455591324,2.1672285173396335,1.7199051298293553,0.4681231790631153,0.5323439441604982,0.9473223118483302,0.4681231790631153,0.5771763000268308,0.7101595430694355,0.4869122006345153,0.5139376609174853,0.7358445808213054,0.6032678842568558,1.054557379904649,0.6737240167475692,2.379085947625745,10.813163623948187,4.9042753933608925,1.4887151065561626,3.028237411630083,2.0517394250836327,1.5843666140643502,1.7560137556020192,5.796227651434618,2.844839339831189,0.8596170434368207,3.4474996613883557,3.5391843255943285,3.428766405609183,4.441357488929791,1.2877910281023204,3.333080259734244,3.4739553291536645,5.765165189635847,0.5238949056786782,0.49143003904135973,5.093288975156035,4.154260630800212,3.4162878470150773,5.084131949663936,4.976817516673633,13.476759091338122,0.7463643705241968,9.287986517383136,1.2476603545588287,0.6440259274959927,1.2214049712698627,6.288242692417966,0.9668371826008543,10.447643555046346,6.838400408162831,6.765942531364367,4.125126078805383,3.0537002963246396,16.94860136500989,1.094168078620322,9.45452665392025,0.5269403156784469,2.3357239933381075,17.528450447033343,12.908289897535873,0.7054085499018662,5.330259181011832,2.3587115645393073,3.4661276867563235,9.233582311036468,2.0796952495211465,13.386288839889234,3.4700578851589525,3.4854300041253294,0.44756029631918776,4.399447470358952,0.6507659655651319,2.5324814384114513,3.1087142389595535,4.497941830525999,9.742587177264495,0.6604592867579554,0.5187372454305039,3.0653208018849663,5.686272130241627,1.222964534545898,0.708092762107784,1.8166208777885835,0.7378542026542251,7.798346890690476,0.5408401082744789,3.924911641142389,1.913491173116408,0.9365824554876635,3.639365805466601,0.6122399391297991,0.5561046269223867,0.5816942410696491,0.9923728492249922,1.5355925836836535,0.5358843720960944,0.5210817925482153,0.49379704278136083,0.5178806192911151,1.2412325625232314,0.550345206112311,1.1418765523996595,10.444168484456327,1.9494556628877957,3.8341783719124756,2.0341134287361826,0.7425498411943774,2.2966784110547147,2.616682239917195,10.343010899267474,4.038712386712583,1.9931229640916572,1.051830884311471,2.574849132679947,13.303299413033546,11.013387444851693,2.099161158957628,2.4156598329864516,5.372049711750524,5.816924267927921,1.87194769496693,5.9111235625026515,7.080190375872693,11.926940674778967,4.777890134888675,4.3036862262934275,6.693418610535483,1.1296859854536228,1.2247714301157981,10.0254889382526,12.404113674085666,0.614859534950725,0.8924014244988353,8.479638009648689,12.285016290951415,2.276692083036168,8.54588733859451,1.6949964361082324,8.96052567083217,3.4131684379156018,3.0184387649120445,5.183535853634619,2.914544361614687,1.4690106782304264,0.9819928345735165,0.848849017468876,4.5500963829879915,2.898393443780737,4.964066162791582,6.039032423723474,6.704882416118,6.19837453510188,2.5486633773844343,4.872728566110949,3.6595130678536956,3.6694588670743618,3.6875805616047073
14,0.7890832471376439,2.7150913513329944,1.808114207866663,0.45876071548185304,0.546811066269705,0.6552210966147701,0.45876071548185304,0.7513925366794076,1.0988042962282212,0.4950910229515918,0.5081827329531217,1.335538364064064,0.6157397664808875,0.7852415044639485,0.6602495364126179,2.7387803917248013,16.613934590792166,8.063037595474249,1.9600112692082563,3.8699541758982376,2.3652659746688176,1.591401995035644,2.028399794096628,9.47140432856535,4.760973551028311,0.9420563297312543,4.54565863886053,4.1556482865631885,2.051379940570611,2.860329506803553,0.7983616765733288,3.913129996177469,4.0538863922219806,6.864269224921131,0.5278115566928924,0.4846894203275118,5.587291852984106,5.124904008718993,4.301403764666814,3.545640915555496,3.220009784585902,17.03975357503857,0.9514938708378375,11.684688794509933,1.9759081699353693,0.8905507113274546,1.9458587177501832,8.065566380642206,1.1138696341345584,10.624685203926235,7.525860902354619,6.965705429810923,4.3459237417133,3.6320189407699957,17.325619072611474,1.3830752227578926,10.21549677119808,0.5245261384141094,2.757272969587947,22.870507436322253,16.21010534940341,1.187821739987551,6.823196981140941,2.871201971394365,3.827060502843373,11.207158489598902,2.89822281596651,14.025233923485583,3.7891228656373803,2.65540606655253,0.42026790855960855,5.774374570784723,0.6839728514028447,3.2438052066776493,3.812090775287644,5.205033129056759,12.091673638986357,0.6623223140322351,0.5165279551111912,3.567507145069754,7.512469127291404,1.8419305093266485,0.8403294478039887,1.8381957572375711,0.6156886005806727,7.169192175855921,0.5371976815486972,4.68702279361769,2.196595877982159,1.5677128488616539,4.55611456020609,0.607795961077781,0.5650116140739873,0.5781316204159137,1.2543869792550166,2.809016213282507,0.5428806083751264,0.5327736107056966,0.4902484314702456,0.7003498608858655,2.1937976335716414,0.6819249659938106,1.908294153711555,9.729368869185288,3.6921997221905936,4.995317163343204,3.803809260158822,1.1768118379124564,4.116640177539505,4.4963040332857185,9.175611006017153,4.580148272149281,2.018042088020559,1.3988511914138069,4.435791321835076,11.686338266729315,9.910087432062738,2.2020902896087,2.390742381688978,4.400441496712505,7.445661820565229,2.468567782629549,4.5145973097705205,5.298712904528653,15.032288961971824,5.2764915869448625,4.608344967188974,4.824794177706399,1.6304185890366036,1.7494046764778162,12.29793867202961,15.621475275810246,0.8062632235606865,0.9776433580843561,10.160052000814998,15.454224209356802,2.7754439572239096,6.244378568286421,1.8569499822343107,10.822991000795044,3.9256334574742198,3.1704666943142112,5.67881241887348,3.4343658099855165,2.057720375401822,1.4449392501419862,1.2780371025325492,5.718890714941639,3.6654286171604475,6.203000179491598,7.206640093141499,8.053303399397114,7.362306530741955,4.180894316162133,6.598617211683758,4.500922056521142,4.0842644849325485,4.668659322685431
15,0.9980321445864835,3.336939654881862,2.413970819924064,0.449585501172216,0.6370200571796141,1.1830134883681598,0.449585501172216,0.9839138987998466,1.7086704714311098,0.5089869722732987,0.504219773429735,2.1581996590565025,0.7250227622958829,1.4019743075911293,0.6470445456843654,3.0683907752411272,21.79777693169907,10.77319948904543,2.6351418639968816,4.752226100575626,2.65262689258623,1.8184833735992525,2.2781348213774297,12.663096789046762,6.356929375949705,1.1627236783260948,5.471001611791956,4.7116007949053,5.143803311570806,7.264403922724575,1.0629776179086414,4.431811641340272,4.7491292210874025,8.348185413537319,0.5290778110868841,0.47756171629176947,6.766596123900967,6.115565428822557,5.095144008703584,7.580431751595679,8.095594030560322,14.340942950196819,1.0012942669426401,11.262457544512468,3.296470837220731,1.397376822037335,3.2481979885078056,9.64578491839365,1.256781115804177,10.161727511670982,8.90445095144312,6.941343941088976,4.64978661390433,4.5396950101294316,18.437081405424884,1.6291413021184538,10.881506030409128,0.5213282908199571,3.028916980739459,16.910054751554508,12.505702150978074,1.9123441270952435,7.901187452903333,3.3110569528124305,4.339337773763233,13.361778437864686,4.003866363248977,14.07469530520693,4.066201521155381,5.3667200321659205,0.7302910867960011,4.382152778247712,0.6027815072984238,3.894045209493073,4.715540763152563,6.504190598559419,14.380923403466193,0.7173049017817723,0.5171147469548382,4.16052947939864,9.105357354466879,2.767875344909038,1.384926699306326,2.7470889061250547,0.6433340742443018,7.437293225426186,0.5375311336405083,5.412986715879502,2.661659932682183,1.0759247602550077,5.70232461438207,0.6150332874944254,0.6469332249711931,0.583233106544918,1.219088024575005,2.1226306975682543,0.5374369344461336,0.6611004582500878,0.4823384981429964,1.1148679390377099,1.6039043311981125,1.1133899274108787,2.121015168573804,9.621328871572757,2.8649911676893303,4.67103237510427,2.9502833942898308,0.7459739148748346,3.18338120168315,3.465573850059669,9.48815186731409,5.084959932264293,3.1536862283926848,2.0278201316947224,3.429868289154382,11.584756168350058,10.035825767869792,2.9224139582331348,3.303644837977659,5.166516659868922,6.372512369260072,2.8462734267944065,5.066978446358324,6.0308579980897665,11.243235468364587,5.003258141826454,4.83697619527815,5.562376013898941,1.926539620884395,2.0716888945183696,9.750256177820374,11.609525506247465,0.9511781437524383,1.167444302555759,8.539760091869214,11.516534464434507,3.0398799081885386,7.071514243267833,1.9469031302591917,8.916496087846769,4.201620059451803,3.4023454820835726,5.953901709919339,3.7057762757829584,2.442903007213184,1.7032751998102567,1.502900049189233,6.703956984170598,4.210331867204175,7.400832990108205,8.168692118629997,9.371137436955475,8.318616159150464,6.555554093020589,8.697290035079286,5.632662765061729,4.304979598811464,5.75739746112458
16,1.4898023802937495,3.835041245768998,2.8787523706500746,0.4405937911487717,0.7486485569011883,1.6259813358959458,0.4405937911487717,1.1364822712610207,3.4259424984060693,0.5205323642609735,0.506423833744458,4.315446664956421,1.1812399712492714,1.8994754397269964,0.6341036547706781,3.468952983587786,25.13388682650813,12.630416418551278,3.1046464416220645,5.393809822557253,3.003373634394763,1.9889716759901233,2.5844058486849137,14.818611781365343,7.499907617332931,1.7545738307232426,6.1296996104904995,5.319404691175188,8.324572662012857,11.820857752457632,1.3696710847548095,4.992867012384665,4.850854904421865,9.525510320862894,0.5339980400658739,0.47719444079521195,8.556788504280654,6.717203276027802,5.410672165844057,11.679410419586052,13.143811070320805,11.474905318427975,1.0233013157639568,10.427909347068123,4.900650122456025,1.79047391684534,4.776493551852969,10.501529861295145,1.3439448892129207,11.38051663017656,11.448916880466838,8.3642023537788,5.814550305378597,6.193086842212522,18.545434458470808,1.7099165982835007,10.423874465956152,0.5173298154773609,3.4975685000096184,10.915048447712325,8.706064228813373,2.550804985694278,8.33318090796754,3.3810441637211373,5.896651175294388,14.850320382134031,5.67376211639597,13.485061013671636,4.0158218664695395,8.330725497499882,1.190427054163506,2.945597272767385,0.5988165517914723,4.422742079801847,6.2755853763758225,7.736624274237186,16.15181186086553,1.1528123408597264,0.5139978360625062,5.10027048047033,10.25190218728152,4.328100991273728,2.2874992208954175,4.118477211628263,0.6350179913008746,8.057428392863706,0.6420080001166398,6.73282167881311,3.6146869240479926,1.8516070519028638,6.859399029069675,0.9701320799930823,0.6161936992328275,0.8591356834147679,1.91398327687341,3.2228059053925606,0.6555711326639082,0.7731317112339992,0.49495034694191414,1.6455325630445254,2.5446902239283546,1.6314634070651408,3.1006569731722107,9.801562352329737,4.190546494217389,4.4081379072912865,4.236961142666555,1.4169777861473156,4.35963412497413,4.502260737246657,10.150620690024947,5.050673332027555,3.7083588275144987,2.7756788873048697,4.476973034579317,12.21515847998644,10.85370092913669,3.327594110976796,3.6671040798972068,6.199796452262855,5.229658416390139,3.317331712552533,5.378335393797067,6.886770627278667,7.206716129746219,4.2549611240471625,4.8319219933384465,6.192616335044253,2.60528815393643,2.7711072579848217,6.99163363905366,7.338570921019646,1.2316526671590227,1.0589480314724176,6.740269760051717,7.322211677468627,3.5334557444298205,7.8577699589995955,2.000218627473413,6.820910113707445,4.587188824419805,3.303049643550384,6.116947947349083,4.16883238030967,3.2062045075509324,2.345468669179142,2.1123093238650092,7.9276263709286345,5.0631584612720175,8.574975295298795,9.225001232368674,10.444074210017414,9.35337116532938,8.541113350208871,10.262758103118474,6.353275789071833,4.630328101256669,6.732765471668586
17,1.9958576050363732,3.312725725544437,2.665364015489394,0.43178191532579624,0.5959317888604391,2.1597351773628803,0.43178191532579624,0.8912318752644839,5.795841470571486,0.517237090666209,0.5139617040504784,7.267185785342919,1.677844538868077,2.3315971696204594,0.6214215816752645,3.4893553726170072,25.92521510548608,14.01503113527047,2.507399885912185,4.116815232089315,3.017842754332723,1.5243664296008037,2.5937554139322505,16.230910830352173,8.736892701552845,2.891383273142522,4.437403853715701,5.3716870742780385,6.288882759782457,9.179961458664907,0.8479255155485561,4.786386012817759,4.898844201762539,9.69639359272892,0.9109839853242749,0.49304995958095843,11.008256480813818,5.137697956322936,5.597297049449456,8.828158340596394,10.090361804505191,17.257365453415304,1.3582797398328619,13.098527190299611,7.13042275918369,2.650387386480543,6.935806871012714,12.444469004393824,1.3465184756287996,13.455279401797695,15.054608288133506,10.19550036073422,7.755655486734751,8.335443092453286,12.900889471375997,2.4171350782080627,8.831479118413984,0.5178858195004489,2.797473355359017,20.162581752151205,14.536426327677656,3.6619864633870836,9.62706882043706,3.935896195651594,7.619814674674056,17.020238941142818,7.604370020096414,9.49445089955694,3.4410170321198152,7.1280252673356115,1.410725868322902,5.312203666300889,0.9063768309105964,5.130101307137461,8.175423130688495,9.48079523239589,18.599622087350934,1.2337095289589315,0.5183955403122041,3.8763406312226008,12.579933656902352,6.112430289554762,2.979863789194864,4.378869873861756,0.8403131440409035,6.681845617033423,0.5685598447172485,4.948690110274681,2.7316376315446966,3.065443870367055,8.317653436772948,1.059221854845644,1.036617123693233,0.9345323175597147,1.9294363835965336,5.242470226154242,0.8427845567953366,1.3826035865666024,0.5057090806080344,2.209449440071146,4.162812219921433,2.398428400695923,4.518228874289421,8.181401111404039,6.796378870288735,6.634376764029415,6.879825913168649,2.382895084753513,7.0938614821423345,7.346441716709602,7.682565371469273,5.819128734088492,3.6265728274591797,3.086635723952868,7.294873465751966,8.90660567904345,8.519551799329813,3.5105539105518253,3.67573902184306,7.124489869347832,8.263457178126526,4.607310271682756,5.96986082184479,7.842382302562267,12.745844621596074,5.482166133709921,5.444147991184255,6.825348444768678,3.452779732694339,3.6711104730334023,11.038774993540178,13.068912222014449,1.4624829567947062,0.9792320361141537,9.71890109989886,12.967317109132395,4.235963239170307,8.773764262130145,2.258793103936292,10.129474222686152,5.338620726993837,3.6435297702315763,6.907704813279478,4.932666956351185,4.253099678405907,3.107824352458572,2.79894034270571,9.97121005941906,6.134558059602449,10.178584110617969,10.616134568475761,11.262954562477754,10.667430640010014,10.564846022463303,11.497798149843101,7.147655032420897,5.495371557596787,7.72728519399733
18,1.796616288886626,4.025740316237308,3.4197477190382535,0.4231462770192803,0.5973879452147933,2.8663574097260778,0.4231462770192803,0.8724956627683917,4.425745492453581,0.5123877313223483,0.5086763719839925,5.596786573336339,1.1496036401906204,3.0843739285070337,0.6089931500417592,4.20256099122402,18.93399277346706,10.908835655274945,3.100403971018067,5.192545838526907,3.646158089292137,1.928961430706113,3.1459186738866154,12.348450955489112,7.4541149373505755,5.07138712612313,5.570950147396115,6.189052137389602,3.889715243757843,5.974120023988816,0.7576830675147486,5.778411981818903,4.318591274863856,9.967563334762113,1.4496458816801712,1.090530487792856,14.195929131523066,5.757180120832677,5.1503184049636666,5.803129014083778,6.472701886715193,22.56973071891718,1.9847993902364032,15.606074547618356,10.279063467118275,3.714236422142858,9.95452039764323,14.892587038677238,1.0739528702759984,15.535498579407834,20.581855579590098,11.983107115120475,10.834865325771792,11.181304322551012,12.227539459395276,2.589935718291479,7.5788475611749035,0.5319269910765885,3.6499060953301,28.496937297714606,20.10284222196152,5.0983785060839635,11.372090710398409,3.9721969517761018,9.414283457558616,19.41914962877072,6.65583710696849,9.634493634602633,2.8348219557054843,5.597080421564636,1.4380810173215886,7.916590156524965,1.3634135394385098,6.018509540368642,10.368218328744632,10.714034549286927,20.791300466348883,1.1984884934096836,0.5267569355171544,4.734587842682861,14.907226254091704,4.868770889671552,2.661758298718898,4.5968143841112274,0.6646081158085952,7.917127265388524,0.5710398349871736,5.98127130722738,3.1317598805065674,3.6026370310621076,8.867682326249227,0.8537606993357539,1.2247513034938193,0.6644505010165038,2.200490591022934,6.311294947835653,0.7506349683890765,1.912213308178561,0.5064596464697964,3.0586104283999314,4.964527997816588,3.3655570931064083,5.860458980458036,9.204929965244663,8.257672703657011,9.584037021848653,8.398123459029762,2.7610390626992523,8.757947872489794,9.18851757331932,8.103359991026469,5.575507544662674,2.471433988261294,3.3812854707084314,9.118082933619185,9.99670929543386,10.01101117244872,3.2022383096171367,2.8390996297273503,8.772964267720198,12.243339130600994,6.465510888325754,7.41849340412569,9.64434424602516,19.66728277365643,6.525671744971077,5.631774338584762,8.654405636573633,3.819009736844033,4.0216774342169614,15.734202216830207,20.21109129087602,1.8686880487248803,1.4211698544183378,12.867818789531139,19.98539431137078,4.555734862966656,10.794652140376236,2.2637016336398688,13.755149082573503,5.549873090750788,3.939354942906751,6.922715782721714,5.192775342081293,4.564432430084877,3.496075015176511,3.2059562183805164,9.9646024910688,6.503815574415298,10.62210284698212,10.875872798655251,12.19431540636711,10.958248320336978,12.84524857630003,13.238685773043569,8.0211396385394,4.494179458095183,8.418462608776627
19,1.8437197098805045,4.0269166277889985,3.522802450016141,0.4146833514788947,0.6024491569013956,1.9663912386157802,0.4146833514788947,0.6605998081951914,6.06841088484483,0.5072375932378795,0.5136691366265692,7.638908204443937,1.6022642216385614,2.3607480634863642,0.596813287040924,2.9140302209591407,18.42636047602253,10.761185779750026,3.6213997811312924,6.678430421964538,2.504869541743713,2.289909509851993,2.1369854203020355,12.25156101507762,7.4224307852350275,5.49268190382615,7.5765115216810806,4.470297317956906,6.355917358564068,9.676052868611768,1.0974509930114935,4.629947758796268,5.908454179242427,6.844988444206611,1.2916959421006904,1.9245651006050433,12.906405651603734,7.82464420570046,6.01429807299021,9.046457070737192,10.4309086169354,24.27064482603504,2.3498413500684574,14.996033560024244,14.296134281404198,5.648454908857748,13.928372580792896,17.631640970715328,1.6540865966148068,11.854230332728113,16.747478227285253,10.769711074086862,9.584311423111066,12.480405823726969,13.8278001093666,2.9499208092166938,9.53131885090483,0.7931313688896019,5.082385550320652,34.288451706921904,24.151513983943083,7.329691893181249,13.299811031029346,5.009662215032462,10.547447785607662,20.24097020775532,10.000911642347658,10.351548156541897,3.7920260550491776,7.785645242718265,1.6447783431800311,10.199347823762533,2.1218330799232916,7.135115855569327,12.59959209342192,11.742291234725917,22.207540373516682,1.4253877542487388,0.6385268359197681,6.332133037561566,18.447256112276232,8.267389466479075,3.669022635025528,5.418141325258199,0.8189845794669666,9.00513923823914,0.5771254945724467,7.943879003274135,4.031058469964514,4.564381589060528,10.995115092807824,0.8204204670891028,1.6865883498071708,0.6931807529429305,2.798013404335835,8.10375889799761,0.8160839325864133,2.689751269241462,0.5075969011993486,3.502721959659505,6.340444430396909,4.103152422648869,7.095385059774631,10.648528848755284,10.6591049137985,11.954703452789929,10.846951653060279,3.472866854411712,11.327643868394727,11.90409736081408,9.07629412455266,7.013564787480928,3.2335015395594526,3.984360553313553,11.804203503095419,10.95625805921549,10.888422360394935,3.5978742652379125,3.3476693745295543,10.075111618205028,15.61777327266331,7.724830076741907,8.285253559370968,11.25744287951377,26.059269580436375,7.6464454158405974,6.47660584272458,10.117829234435394,4.543133104176639,4.764253375709208,20.5724139055365,26.830063773780154,2.307124699087499,1.5618421431482363,16.584806085604505,26.514025910481298,5.496962416102045,12.582092702928469,2.748911812585262,17.817063498644544,6.7107136572292685,4.278035254490352,8.406556282638444,6.267383676436019,5.361370099422373,4.187926944714594,3.868418142506992,11.422998236272859,7.682804312720812,12.16164610444282,12.762730137328585,14.411480497424169,12.89216768527549,14.579740782226187,15.263987361824906,8.574557970398072,5.270793631117465,9.585847819388361
20,2.0448247085248195,3.8583780143771946,3.382336894799246,0.4063896844493168,0.8217639071723761,2.687647911191204,0.4063896844493168,1.024999399129704,6.281373509438479,0.5227370612911868,0.5149465509628356,7.909676052490004,1.7790967105841469,2.944953164450093,0.5848770213001055,3.3587305932556344,18.88502927870043,11.974030320131716,3.292506687506244,5.370735167080151,2.8969340017347935,1.891033075412239,2.481739281652849,13.411223975690099,8.832560654901624,8.888026605971287,5.818920961247787,5.074661620268775,8.535925567473239,12.887353335342624,1.1332846420173486,4.8856730627065135,4.65880526747066,7.446647447772198,2.0198829129729265,3.6090097719238567,16.80129412111516,6.212162269090822,5.664739049599876,11.929792709697242,13.926761409643929,26.083839744846987,3.035868389410063,16.055100208899578,19.460525358882723,8.39083954349249,19.046773638290865,19.70082830472169,1.6719133989798969,14.242698552982917,23.123985827402663,12.245585397904318,13.60537994415222,15.92538888466724,15.385960395321952,3.192202320396235,8.439165396591214,1.0946075053122364,6.222485721176467,36.52181894315481,25.891854182374555,10.379080705528882,14.692604880055573,4.99936948875625,11.936540568007997,21.374581288309543,14.47424215856177,11.356798852289172,3.529997495268132,9.695182894212948,1.8101105947383114,11.550744750881224,2.3437049662302076,8.189647182270415,14.60798377425311,14.299584188382847,23.74924928779191,1.8479087062561363,0.7085662021496376,7.815782198516739,21.71949687499083,12.914949647719304,4.91893439164618,6.1373934470204174,0.6880207298525933,10.711662137294086,0.6102154817570637,9.625327237668387,5.092429786402106,3.3387624475385467,13.031778845849612,0.9914506448182918,1.7976951929208307,0.972599977215164,2.899254829519814,5.9126479218069985,0.6156577253161734,3.1599039075220317,0.5088820745848901,4.22855320746937,4.63338508252589,4.943931927096891,6.874588371213514,12.767473708218535,7.7541643862828575,14.027470914157853,8.005908525507555,2.538430203712718,8.654120558499796,9.439061082171747,11.033624317008202,7.992128492789307,3.98163238684925,4.813705158641869,9.353166233328116,13.314772245951922,13.070144539739774,4.521642576260125,4.235780129635921,11.592194074431886,18.422534167667617,9.209178227861953,9.714137327340318,12.618027170411677,30.485090110320833,9.359582749181016,7.004370124263396,11.477446220525083,5.085522243951424,5.345978007856172,23.569050473424312,31.370251703898866,2.6611717086628994,2.0923378734188525,18.614776622377786,30.975866888605875,5.825330378571271,14.088305513812127,2.7981469258366567,20.143567195568682,6.975422622305899,5.02608171809473,8.557124135974078,6.562425382345319,6.037661686994194,4.672886906798263,4.302178061952117,12.109317743981103,7.751054295221936,12.263795465236658,11.932656513280124,12.477364340433141,11.894134216488464,15.809578971010847,14.440102400920644,9.999214431096668,6.863321653788676,10.834118517935307
21,2.204022336887619,5.40415447546962,4.945414262914601,0.40175723998748536,0.9476411553556461,3.673043418840752,0.40175723998748536,1.3375391455008028,5.9235304905926185,0.5383142039652341,0.5180564967473248,7.437638859185641,1.8534584386885353,4.082674671228642,0.5731794808741034,4.055314536828353,14.353052886676517,8.59940418778785,4.97562501873316,8.22062179402422,3.5257690821862795,2.9372065697339567,3.049070215966066,9.605753507603714,6.4602828627778095,11.98388518526828,9.035106604350174,5.86676216764345,10.18800024633904,15.404853844310976,1.5179491149653515,6.107880671573117,6.216002823383989,6.273411270341719,1.7079887790593693,4.872772431376973,20.444062267181394,9.016662316509017,6.040617019451467,13.823489139435319,16.540811976449756,25.29269839618551,3.0282518592388112,15.618417021910915,24.034653232202363,7.0589720407073955,22.94479649529693,21.726601046318216,2.297974325160212,16.91277525511862,30.096121174831296,12.057106796660971,17.485421501818504,17.92322116408339,12.388396558440318,3.2286422042982705,8.356711762194116,1.2445248262370148,6.86827260864625,37.18213697143761,25.754433428465024,10.143120848615567,16.054458892594813,5.765473835410482,10.502058173712665,22.088100380840956,18.59620143923702,8.602428195658822,3.905893167090536,11.362542757206949,2.1656835710546147,12.054884844430516,2.9783122005111804,9.255459247839214,14.023237294923133,16.580150765920376,24.683352871572932,2.4003080924932605,0.6939386477438093,8.453359202968743,24.242064266978584,17.358885250320714,6.324038695195355,7.140206794062713,0.6823436429042538,7.831688532539265,0.9925958956290486,10.271099573062411,5.704759334230672,4.686266109006603,15.191750550465578,1.58234517320028,1.14709224974364,1.6139661972276542,3.6738809018419945,7.857635164417831,1.2031135055391655,2.2761910208655105,0.6528975145193019,4.84197676682549,6.286444327671658,5.094573853412284,8.253637962443683,10.928856994308008,10.10717090482605,16.49959102127185,10.401384020293632,3.6914630380204336,11.158488756959821,12.074439784617855,8.465933816335028,8.097638666492704,4.048704283851158,5.900328185606398,11.963229501341118,9.773312630226314,10.305620164406205,4.6449295254174965,4.063943511492426,10.383788815339456,21.75430368014897,10.559390153983447,7.2992845687434205,9.827598390993273,36.207853783985854,9.82510892798241,7.110367280620182,8.62790705507182,5.9227091481196945,6.1994685866945805,27.5885242576836,37.26450389092148,3.1910688201232755,2.1393988931642682,21.451982018237153,36.775424787163054,6.5228250865439135,10.603955113002531,2.97370874193851,23.34393471388858,7.620792793492999,4.878943237740825,9.094016691561169,7.24860888805843,6.939806053229571,5.480407525989643,5.0821835602747685,13.561437015520555,8.995151576646778,13.758527464166322,13.785976806641404,14.509019122444256,13.79245527795381,16.784208060163653,15.969987571571345,11.333475483212013,8.473397633009844,12.956109601035768
22,2.123329340668958,5.198678426135908,4.713350113056035,0.39435406102068166,1.3989312526939561,4.404672558390092,0.39435406102068166,1.9336466084537813,4.790462894671824,0.9216463524472109,0.5141323392915623,6.043864314789644,1.7401953408335968,4.652002144623151,0.5617158912566214,4.457387301419615,15.002687057360527,10.099391355634667,4.622842246029992,6.691396833299247,3.878142482920464,2.4748835013731,3.3566768521335737,11.056770400803844,8.267655550616325,15.289011188815836,7.021281007519616,6.422211635665696,11.51645898286912,17.40755578252168,1.4642784411277134,6.28672074471936,7.6501681046052195,7.75780172528982,3.0135377634055347,6.665763754487347,21.45157866775481,7.798915037039508,7.373808380540627,15.565566820561816,18.682167867125617,19.590420417123504,2.550886267409124,13.402893210731941,29.148040120403575,11.57227208738961,28.32703238877133,23.293301031309422,3.1492683002341084,21.41233331163406,35.199665176247336,14.367014815752098,21.702107528968632,21.075919764621673,13.35920576248614,4.891817670813571,10.415442501987826,0.748169400786527,5.579283581522624,25.878066751349543,19.202250381457887,14.547028218865176,17.043794393305376,7.341395457742116,11.619529941206135,21.388621362155163,21.087224935107596,9.484471214113114,5.151654601531544,12.845949947975143,2.5672528363574165,8.633034487232766,3.2303654919947506,10.248751737389396,15.384668404671649,15.094282467377981,25.68118936492217,3.099110290681639,0.5930211827241253,6.665896984860123,26.198213953150425,20.072407498438096,7.391100146197794,7.775122741877286,1.2514727312433176,10.419527705051584,1.2302843246619262,7.74738796015064,4.665051374854254,6.119902745381255,16.707273739328496,2.142788675112103,2.443377553977031,2.1529142528612173,3.721539076421803,10.021803488801595,1.7629145622527231,4.042048607533715,0.8468392890967631,3.5877888498761132,8.092626608557095,4.854626820439595,7.928675603681035,12.170033508993688,12.776751826340117,12.385633057000023,12.96488889439593,4.890109033988568,13.441823444847632,14.008306297273862,10.799197594284525,8.333138602622979,5.494392900131788,4.9454006344369725,13.893716106820467,12.360367891356184,11.682997101541549,5.48370776282523,5.653229025955368,9.864106386860168,16.09138442377792,7.9976225502710685,8.725632019403182,11.393889566145184,26.616914794483144,9.856941724000913,7.61093928117755,9.722969444957029,7.883660444337182,8.189933374075794,21.13955294326375,27.3833011746825,4.226343001596,2.629196468781977,17.140770203281967,27.06919214190977,7.655847806940697,11.677862338247527,2.925195983138304,18.377497262876133,8.277461092941166,5.7749504019281686,8.945657899033575,8.183525871819514,9.035656391197511,7.379221775681231,6.923026620443711,16.44251858810004,11.44963600311768,16.067534914223984,16.86730585637652,17.03117222214146,16.89672190410762,16.14102573625998,16.813969325288472,11.923089898769511,9.811775852068314,14.213968842119904
23,1.819531206210116,7.11259138574199,6.8283038091373225,0.38646697980026806,1.0406457264233198,5.195320553120529,0.38646697980026806,1.7431678932084036,3.4286208047727462,0.5986545094955932,0.5068439064528372,4.369713327551703,1.2980623032189464,5.740397686613642,0.5504815734314888,4.7420722355051605,16.07355345542886,11.878847193422493,6.911436412929949,11.234925748753877,4.1255843169377435,4.045700848225903,3.5705341641941017,12.828377693267432,10.152625736529506,17.35334108549087,12.315594395529972,6.8340806576807225,11.590404414962157,17.629634469472172,1.8411351126165751,7.421868627640871,10.175937551819993,10.835612662341804,4.363191930881015,7.878491602660563,24.70158994720203,12.486466902547415,9.629631897876717,15.78070184281308,18.85977736519175,21.27145921854923,2.9356706244280897,15.990412984870556,32.48205565402976,15.175004788469312,31.974403109335842,25.009870694493923,3.335642805290552,25.327151265521447,38.939414071330276,17.135801787413413,24.553802522637753,23.68146548900303,15.337104699032976,6.523362030586534,12.616020571696312,0.795291510537073,6.9916464975271495,26.3892201460751,20.252647343940325,17.918135741282928,18.11888166132421,8.641406819410623,13.578928391541643,22.809779228718224,22.836268786745745,10.980914476126843,5.883913532747272,13.299971997812918,2.7209612237311323,8.985719805116117,3.7715890667654426,10.721581036256422,17.367860321774238,17.764890564282936,26.429965591779176,2.9988176762331133,0.8642996884210838,8.360150381598663,28.34154860300025,22.026020229101896,7.882612590566288,8.494831695074732,2.1077490786484185,12.336713587663937,0.9312070738740453,9.958526435640694,5.531107944485072,6.9034262913504545,17.8843868385685,1.895048274896068,3.9851507295081228,1.9090769996095454,4.163151584677818,11.720478652377091,1.6321083786714958,6.225763615444857,0.5560385302932193,4.740583909287869,9.332535398157864,6.788599521725136,9.859202952579773,13.406194714381975,15.14206431821972,15.788245950789365,15.37995270475226,5.399620044704242,15.985250366309884,16.706890447013325,11.568187505188845,8.510321383768204,5.708082348907236,6.002541822243118,16.57213507618889,13.363685056599644,13.031603317229749,6.395675080692186,6.2263350612614765,11.938941329899768,20.400687836748517,10.360503445549996,10.855994904031228,13.436724629179809,33.23938446150024,12.14807561778925,8.65697742127626,11.785323003338902,9.234594185868543,9.592049507774153,25.773039743290177,34.1660371335044,5.270795056310637,3.7748718174677776,20.407526433709226,33.74385010888844,8.61020465158599,13.81518101818015,3.114178431487816,22.065097585621213,9.087925188984782,7.087682802478307,9.523592622587648,9.060784979958475,10.55939176808691,8.653788325863466,8.128165649499103,18.78855902165884,13.089503096333784,17.517615051591765,18.8963427947471,18.14536343020064,18.892424230014978,15.062699218770495,16.613205033545768,11.116324721162007,10.833732277218429,14.400120475075727
24,2.0631519702804697,9.192850781125417,7.967797388461255,0.3788852808201059,0.7953815548826433,3.7548154903581543,0.3788852808201059,1.6665099727584967,3.8139233498588823,0.5700751774284979,0.5045063547779918,4.8473350232014125,1.3613932045676025,4.771353406298629,0.5394719419628591,5.6377519329469346,12.218289867727044,10.557150219412746,8.887533679729774,16.086625838282977,4.915199361303378,5.444287450947742,4.264395907538308,10.999349738394097,9.998866652863956,18.58213688106567,18.478654190770936,7.940696822652138,7.8595286073406525,12.34746495182215,1.8465063359997096,9.351728059960612,13.904325853758992,12.144976719523301,6.021225449078569,8.075254133377193,24.814657132460447,17.95789221443474,12.276341655428444,11.145461256913274,13.039671035179296,17.68184125733602,2.508977733603973,14.559643929992552,36.87521915297205,16.744420600408905,36.19631555308919,26.786639895632206,3.863461373791992,18.96935149068615,41.50807360586342,14.849702389170599,24.308477541049456,25.714361427685844,16.183613045243987,8.70022418949512,15.931237829285244,0.6138049908134813,9.345390978146398,18.784828730635862,15.912843164356186,19.88726450245253,19.1486599786014,10.611155298025993,14.760580988500278,22.19761548956249,22.562310091730538,12.459707211783506,7.196783281926283,11.029288228680018,2.7959782562593456,6.470749847760382,4.346061504387701,11.180177441922861,19.755171461197367,15.84849898380064,26.923800970356176,2.8273634925917936,0.6339572439849741,11.273693184813283,30.308204331120947,21.727535978200226,7.8637621280514685,9.271111925732708,2.420029283201516,15.2097546418452,1.09670443754001,13.853283267146777,7.494733432094657,8.172107942429806,18.458643241247906,1.993843981844688,4.873710038036005,1.988595628668555,5.412324078315631,13.809661845273467,1.9829537497639045,7.61503368928688,0.6125629511976162,5.709432748544072,11.01780107518197,8.198018478611665,11.71372690907837,16.7429358606278,17.797214715204525,18.780942950564956,18.076426236494278,6.408166780091849,18.787720563959837,19.63626740878045,14.726643925629565,9.331196602777533,7.3252873052590575,5.067421116481941,19.479601184249805,16.9752479453635,16.283229934189805,7.2219358793347075,7.873335883200079,11.930583250150285,24.19292632801007,12.399764910911212,13.536004286634304,15.85872782716879,39.0880057839531,14.680720954198776,10.538659509792447,14.741270601769708,10.229162467226738,10.755673928261091,30.396823095198723,40.155680886358276,6.3606512102067985,5.652258954842936,24.130058516475405,39.666204605370545,9.589014868065581,16.703072810619908,3.722796845055173,26.068051661587965,10.407531138069647,8.993154077023169,11.384832741270214,10.16495295459145,12.08467837944707,9.42224142372231,8.69599321376965,23.535603193122682,15.264692737249987,21.066987036070177,23.144472250932164,21.248754106792813,23.084874650505792,15.961278253651779,18.347471178613485,11.085800424973373,11.86553598848273,15.346362624710356
25,2.6656304807523976,11.397508835782228,9.342405409838555,0.3713077853130077,2.5386598813828374,3.8762704372403176,0.3713077853130077,3.409203904900176,4.6974895072008485,1.9987732087400947,0.504461979666686,5.938798847204338,2.461844631400888,5.14233128552586,0.528682503123602,6.188786396485611,13.397217218285933,12.129672020212631,11.459372635250954,19.654274512151705,5.400803464724124,6.561048922133558,4.690675149227215,12.566133083625646,11.475376681619055,19.260603325131495,22.763276965945046,8.694293931335858,4.7890336990289235,7.726826850191198,1.7618848652207661,10.593135872915042,16.59232963490971,12.303170418347475,7.485691504441652,8.577587516558951,26.863001755622925,21.511612304199904,14.32560341209606,6.9690860052228425,8.109347876546698,20.098541053456284,2.539944194837629,15.591974894783599,37.93043376410204,17.481627681897344,37.20051169164996,27.901690088359864,4.690651326714915,22.30007782619777,42.67875627311642,17.240878019898897,25.66407054729341,27.01817103887201,11.799211104996365,10.55179360640357,16.277283587440113,0.6156780606078787,10.021622515983553,22.116180926940665,17.788645054618414,20.70761106904978,20.209881269933952,12.2633246794463,16.291933989528005,24.055617787867526,22.56495001889918,9.787616233355866,7.8324782972339255,9.421931015748264,3.218810876210878,7.155532076902821,3.2456136844231165,12.08696675622991,21.028584669173153,18.091924724531754,27.87981117475796,3.4672722986928646,0.6563052290383984,12.846893554081674,31.09129949340086,21.64357717144516,8.405939398603508,10.722044473751836,2.7890268118864343,12.803391960708803,1.8120534368816728,16.25017731286364,9.208476081159153,9.098742091183327,19.413880576387363,2.8321071884821665,5.526447471825481,2.758379977255674,6.620814375428942,14.751293325797414,2.6936525397083178,8.63918429178799,1.1483788971874946,7.271169754677736,11.965726985444627,10.024748120455172,13.571604107366204,13.67015860327851,18.692139163507285,22.774488951947518,19.038293626632896,7.3033091438174935,19.922983093665323,20.982033404941177,10.714502256304224,7.745951684942391,5.905020496815729,6.0555956012990695,20.817749540076754,12.337351430325874,13.218662717290998,8.276633952968133,7.802824563180171,14.87060046035806,29.101157465229623,15.267460883075945,17.71318875140195,18.33464198651993,46.03144618244918,18.37108734982176,10.263002864158343,17.861039302930234,10.878543804654157,11.477972900900896,33.84934203692786,47.233362563654666,7.536258307535395,8.318089021213705,25.300538821902993,46.5610262961747,8.774846741714331,19.376823230788318,2.69134161415757,27.93811470243171,8.657557663117368,10.963437940327376,8.23049857461401,8.77774915551473,12.928250367959656,9.987639730506158,9.186218222633629,25.593352221160885,16.469972217349607,22.795342028640643,25.24448969182965,23.11267607558906,25.19004883226953,16.60030436930022,19.576772759839383,11.362892742797715,12.519948805447909,15.738215803298395
26,2.5191263139430644,12.746951031185443,10.723186829017811,0.36389672637662007,2.679375529932687,4.699291751586178,0.36389672637662007,3.710785065764639,3.504752067950352,2.117303403462057,0.49776704885324274,4.465010207194777,2.217411419211816,6.103331014875529,0.5192750437147369,6.669963045847918,14.639442984173495,10.88422764409925,13.031421859584254,22.272826457839663,5.8258990739510175,7.46394296910099,5.064690175002674,11.556175687856193,9.992945452176373,19.483297249615013,25.72234020985474,9.351943421104403,5.831303104918389,9.43236785840415,2.0625425063199154,11.518330619641905,13.833079064811908,13.700853909822932,5.40540031645005,9.363351440206115,26.737540985768614,23.2749381236857,12.23454538539402,8.436089806167061,9.803348522136256,23.175487547682863,3.2207815147099934,17.53592309481804,38.049875264612886,18.734305861671675,37.512635541088336,32.114952602626964,4.487157958605997,25.205148954303013,40.93096405328344,18.754552464743433,26.10799107629581,27.114934323124157,14.306778244979238,7.591248833484253,13.850438868464432,0.7295405679904057,8.656489320856728,25.438965192266693,19.324936941712828,21.9134127826931,24.331469337109624,10.82425425218377,16.652532313210695,24.46989851836632,22.13781827715058,12.060295129664162,6.965891703350487,10.767354055686129,3.6744397108162796,8.374393918069067,4.665072455082316,14.623489052064738,21.692670795133374,19.205691675788678,27.64522573250561,4.408135557734514,0.6631307474296745,10.389389314927733,34.35551691444882,21.265555782901043,8.8430039394722,11.302687051596958,1.9929134604979126,10.831474518584939,1.5049429717888476,12.308316151600726,7.142737443705775,9.662440826881985,21.861636278049442,2.935198657087696,5.995355008775154,2.722648026358842,5.70717949169579,15.945804334856996,2.6046509845106947,10.620088269595747,0.9161173540958447,8.531465183371642,12.848863660740255,12.080700628594405,15.371788471558235,10.481142097666973,20.328458749830165,26.100258309176642,20.72537066893612,7.671146761636757,21.74069852618906,22.956782120331628,6.723094877802183,6.119592353292363,4.289951565334169,6.772271616021692,22.779897059926093,7.748536972747101,10.012594425187345,8.688110236484304,7.178877377584398,17.199767055808827,33.16965643744394,17.64217426621381,20.93908132334122,20.252528377067815,51.77422076760095,21.025527530364037,12.594094996641076,20.43479188556952,11.243639515653397,11.907704546340614,38.33083940716535,53.084933648226865,8.627583085310174,11.033421807013365,28.85003282069806,52.3464675939858,9.525372944470508,21.846085111564935,3.21696814876837,31.77951202768795,9.73706845399795,13.698043619861023,9.837937935390826,9.637605324451442,13.45786906886074,10.281736882040885,9.416917305614978,27.263067483217952,17.424774109917124,24.507746292172445,27.146525156013922,25.121005820000445,27.117003611423556,17.902690444218305,21.296705148971085,12.652722981823203,13.905605693585548,16.840683429029486
27,2.6333018966714223,9.427557542586394,8.96505224512906,0.35978801924816106,2.5453645345956177,5.8008770637516465,0.35978801924816106,3.012148243954461,6.004766988245358,1.934674164472345,0.5071913682322854,7.514065620605287,2.8139810245066292,6.696495177201206,0.5088895428404421,4.54941022702327,14.634751907291507,11.976878872439594,10.15123162222754,16.042056319362867,3.9689880883580053,5.562675889858395,3.4447150305393577,12.717485460259399,10.443556333646978,17.631200088074092,17.915784219356137,6.496037742652861,7.721541890673516,12.358293864195566,1.7170914989542243,7.936604848277114,14.428376407211347,15.989473523951856,6.046434677048976,8.242575892245593,26.54224617339836,17.63973771374619,12.632357026118557,11.003028728816467,12.850347328727938,25.331199474126226,3.129060838836178,20.149575446560714,37.3140659294248,13.32154856424305,35.919656060834875,34.321018557839835,4.760757389550315,26.38325132544951,38.486329843742475,19.247362648343145,24.7358237460767,26.38492067397103,16.912931448114136,9.024534282381547,16.809430084214053,0.6335606870082119,10.924813975078106,28.09285687431832,21.76408296596055,17.821339440514855,26.498957007540984,12.552171193990352,16.5323348507713,26.050251974888695,16.40434251242261,13.273609708224267,7.924787910566021,10.886092129581604,2.69107247967393,8.97008051009884,6.062547532897143,14.897268596055008,21.934159188615865,20.09093301363376,27.52258151027979,2.951108786592916,0.7595570708837314,12.489101970783443,35.88108059880681,14.79535921119381,6.276209572407749,9.18002929430917,3.059701818889788,12.40984187012393,1.3333900323424484,14.71428244546593,8.259332527091892,7.039145662000169,20.552440866430608,2.2132503961155527,6.348345685327196,2.047831955043642,5.569000367476107,11.467784325922262,1.95698771857763,10.157169409669285,0.6823532440520768,10.213312221225726,9.290800973792924,13.30018534668729,15.009861722459702,14.185928425937979,14.527809357473235,30.127018983570185,15.048976601317365,5.622868531437045,16.390003823954675,18.008141925292467,10.151729659753244,9.440586602588182,6.889866592542068,8.420066844142626,17.859349750188787,11.14214504924481,13.084708570177273,9.220199520284327,8.38121821191011,18.198406670390344,38.28521550210917,20.730471639433627,20.901336230790342,21.95733763549672,58.82339894445102,20.71052491416995,12.895694724796511,22.64506915724114,11.268402565992806,11.675770801067834,43.91687971923077,60.25863500553123,10.284490401935832,12.10864450837374,33.33601670324812,59.444214262156734,10.974740215107426,23.807793199084408,3.9109559293925504,36.61203471992453,11.450791595814017,13.151898248865203,11.960249502670166,11.181482898764628,12.570547058109112,10.687119552919718,10.154940301322647,21.284203629163763,16.134380282652888,21.316220145315224,23.29160630415957,24.604472092580927,23.49201553351168,20.944555883754568,23.407350829916496,13.98592489419059,14.070953338623525,17.798156959475584
28,3.4262972905590066,10.039961050144885,8.48872282749186,0.3592656196870491,3.0161280500768797,4.127573327746547,0.3592656196870491,3.450661431701253,8.150092234353883,2.1598107085187417,0.5231041163690302,10.094432424892121,3.6731754408229604,5.183015120727756,0.5046473118332283,5.253037318866678,16.6607253371066,13.03962110982157,10.421570207781066,16.99027220960265,4.618123174463883,5.750559445879992,4.043056167714281,13.928088042688236,11.276994439285186,14.604007602954765,19.45658119170556,7.382711060318669,10.280354950049192,16.125133387946114,2.2079167291464503,8.878575951257536,16.295995163652638,17.321363990592484,6.406439739310228,5.69662408305303,27.41926401335642,19.334636294081402,14.000885377617614,14.274003702586342,16.794492321127432,26.62032173939577,3.218255432969417,21.75954606490104,36.83800490038964,15.322808827986783,35.82275283190844,37.26381615119829,5.224195527887938,19.3336071716404,36.34620708310361,16.46639953173566,20.6013874530903,25.40248199649932,18.802624014488167,9.931191515875195,18.88806871632615,0.6398010987963356,13.530371407698961,29.928398452594198,23.782646542182675,19.393376317745492,29.043837609825847,13.891466460086178,16.936614272044533,26.45809891663202,15.529940989529251,14.578206519507065,8.811524190587797,14.26018786006543,3.642300782933653,9.6809781399811,7.515887275751261,16.50873565894937,23.221278593148874,22.459727344126186,26.41378911742995,3.803776141180847,1.1238766320917437,15.574724821346873,37.6413661647429,13.992914708097743,7.193392000503391,12.172749953032628,4.59511103570509,13.679745726519817,1.5967807455196388,17.697512729271697,10.284891118900262,4.620682735160226,22.799793483533445,2.8735098210139984,6.0199554332281,2.47526926400159,5.623200162283458,7.36671468215103,1.3519432421429574,7.641031825989088,0.6277191636919376,11.25816689240287,6.022273097122119,13.025775987226142,14.106648996323248,15.941162841203383,9.235275375751407,25.873327214869416,9.610824478606794,3.7295295262845474,10.577019137498914,11.744103182174593,13.56557157707692,11.032191469559105,8.401271052189268,8.92936262136263,11.694255751276296,15.209573352804185,16.644646094926717,11.076642423626689,10.422441606163279,19.09382805304055,30.732403171123913,20.176854920801226,23.330785118959607,23.58486962048283,41.66814223477135,20.571050092906884,15.212538375134464,24.122806567347467,13.47479024460316,13.942783501931869,32.963037235275564,42.40486198771142,11.998328095667889,14.239846360515676,26.735937347808022,41.9380456268154,12.797583681826401,25.209372997231164,4.45128909680159,28.67646501453975,13.207137656403214,15.830312509327484,13.612663800722334,12.988114556735889,14.98934907091758,12.798213434078958,12.178619716104677,24.59656829861999,18.657216773146992,24.01054671019121,26.157381656098142,26.789970461195843,26.31032193476174,22.400676223022373,25.062007797684267,15.214538279540049,13.765878408664747,18.68920742359774
29,4.011097795716426,12.024590431146818,9.760467784299601,0.35320126851081163,3.145825846665043,4.5410355046105115,0.35320126851081163,3.913273143779737,8.849997133339993,2.1163873565498883,0.5295791218253945,10.968774401543376,3.886907124904632,5.781886243361247,0.4945543655965637,7.178694844247994,18.30361585956745,12.277576184443655,11.929857247430116,19.8521447642152,6.311628494474862,6.6600708809613485,5.526566742283764,13.317329415286041,10.612253994006997,13.769744962831263,22.793541164652034,9.981930838648818,11.443336862730648,17.56891941268385,2.494394491274292,11.568268486279845,13.470714105745072,20.332904952363027,4.887333090516828,7.745179681275268,23.84977613416856,21.31752104581285,12.175054971189521,15.857531324972348,18.598938933046224,28.517751056952534,3.428604509612333,24.31672387446536,35.46044456683775,19.59817443252358,35.27444776529337,37.677645509764616,4.849264037996025,17.871031005039985,26.917404827774202,16.796331485455298,17.762627641252912,24.266477458077578,20.466154366252983,7.281047583393497,15.883422877061232,0.6411878596985181,14.555959858139442,31.16246826347922,25.702497406763815,22.471316814390754,29.761536383597672,11.75016322238852,18.299186514911582,26.9826726607381,16.013570996737453,16.503547527926514,7.777253637295358,17.12798002094566,4.956370669584358,10.127584176141857,5.717030295941562,17.923336184243926,24.262967720423777,22.932047450138068,26.55136567358822,5.695718273750975,1.4619067870067664,18.20551001453811,37.07092703888817,14.525803984866453,8.776109910365424,16.14370862003003,6.36081353446293,16.812927242934855,1.7290082118995793,21.87923840026273,12.451074633978815,8.45672515121532,24.50587259255629,3.587537880662001,7.330046372611462,2.899529979368601,7.454746697697901,14.071726955102616,2.09407421307096,8.395692475646154,0.6428484267149771,12.36821260784664,11.310355382561816,14.216432067489723,18.20648735141094,19.52898407141343,17.946933395253744,28.675665201450705,18.309961098211893,6.66622471483487,19.236475080989216,20.342471883139055,17.112088995854638,12.176596868265921,9.646828319060624,10.34448145679078,20.24225218678356,19.606920657822915,20.613625160463027,13.606197017885421,12.646382004911603,21.181167636254845,33.83488349807036,22.189086759509568,26.800059154598,25.1950112224972,45.93604208674316,25.021588395792655,14.380907229777169,26.03180341258925,14.924155369100887,15.56067990147248,34.41964599815266,46.75069543441619,13.190456739490253,16.815876632740014,26.350680731816034,46.13950793847928,11.887561749546721,26.583729759865786,3.2060053707284726,28.85683701578288,11.119126610096277,17.607082845959116,9.804412228896881,11.414112939538981,16.9791627834991,14.014919202903947,13.187592240061,29.294314185268412,20.881416662640508,27.44790309914972,29.665905051420804,28.625191911020757,29.690707554041957,22.962468046737285,25.82112017565524,16.969649301584173,14.100679113165887,19.466740599570986
30,4.559475606157936,10.669010803149055,8.760757218897865,0.3644141162331383,3.408342649471484,6.1053731803472315,0.3644141162331383,4.4033923868678,8.646057134607238,2.3660779349199634,0.7192190734203542,10.531018359399166,3.9958176172125333,6.890274756908915,0.538724739779034,8.478915110008074,19.698230341604745,13.828869532003615,9.772407747766431,14.650430976789616,7.543448243691094,5.656842300394401,6.6921970745877415,14.85526793528681,11.632656394684632,16.0092550168275,16.133355997581525,11.464938053806007,10.997154144847748,16.58321549326295,2.600304387717404,11.944978707922635,9.47607955253156,20.92231768095154,5.551246623294075,9.997824220382196,25.35466804139081,15.242002920949393,10.236533123001914,14.982127852723098,17.332157359632212,23.73533227394898,3.145253430264333,21.689609743929868,34.88153358470568,13.948037832130458,33.73128320588522,30.263390118106035,4.0507566532435,20.554251195223998,27.9549596062574,18.847398174403946,19.92007352071862,25.316816039824815,20.250016928368915,6.73251869306898,12.631146196411985,0.6313984578536429,12.411602007724044,22.265184049588527,19.592476496571116,17.76594208744545,23.092385292864776,9.05803289210162,19.64814186174233,29.141433335114478,16.497018263979673,17.34269248244803,6.572690332355732,17.74438471234588,5.910318830332675,7.329261990829348,7.344964192907659,15.601437455287812,23.81693013852434,24.02425028635296,28.42438881399319,7.223409855701907,0.9343474875529627,14.801808500944233,29.756502040025076,14.72801859786683,9.96583620454572,17.79638018184685,5.021377336175655,18.501227902136673,1.7382036402992527,17.06963650349757,9.930803613499902,13.52362252234688,21.871382494128056,4.298030859983702,7.209269733466358,3.37780912333031,7.738539918665619,22.582283556846228,3.3220520716737374,9.565043808462214,0.9791060249313911,13.302929167419489,18.13172174187827,15.60918746530923,22.968850228744177,21.522329776804902,28.826918484161087,31.613911198704226,29.164465803656533,10.633853775525449,30.01717229400551,31.01973457555365,18.831392389545982,12.189045894738857,10.919537974752904,11.640272333352952,30.855773722916823,21.506002445188837,22.396584908163927,15.731894122870866,14.571547791818169,24.298082418855728,37.21034392744735,24.065832527401536,31.002608484117413,28.767395624030467,51.046933529593794,28.990902446070272,17.05706343033332,29.697923929876374,16.700820559196973,17.41146394782709,38.707890052739934,51.98184697278073,14.869131155142618,19.553254728448348,29.953970887883834,51.32657193686765,13.561256623167464,30.47573929699243,3.863477138474442,32.679120621248984,12.919360766806939,20.719189499126326,11.815052728347556,13.147336647511148,18.991546537672615,15.686439627331358,14.763037066484884,32.24792646346551,22.915422997125805,29.437366489748136,32.0073837072938,29.74394558615,31.968160659784104,21.812148743728166,25.542983906451255,16.905273966806433,13.820050739179745,18.278468411330838
31,4.085821355014214,12.048004934981359,10.452408441226737,0.3602132005043724,3.8400337943247616,8.101302519169787,0.3602132005043724,5.152077984737744,5.8519906714917616,2.9808259407810263,0.5481273681290496,7.1495112267949255,3.3372140639801766,8.903714676148587,0.5192432202295676,9.260117719701658,16.08012781762479,12.02867097451222,11.331369092901843,16.392362219549554,8.212289374802637,6.510920077542731,7.25942449676497,12.63219588477629,10.894262107152139,19.584048789988007,17.75193700875133,12.463613041678032,11.90191299760427,18.18392681108344,2.894099741103015,13.129967397619547,12.908759687827,16.933558904039938,6.901750622950715,13.219651529400705,27.203375223570823,17.303528279603764,12.34344203646194,16.172152067091268,18.732958333163264,23.327567868778132,3.464805051172242,20.357530898337686,34.15104715976784,15.169867237253785,33.1697578901435,23.41672878830784,5.556624213023537,26.454150089689147,30.87091749336801,23.385667379706568,24.13366748241337,27.580623630871354,22.016610718846934,8.859432129028045,16.381744854066383,1.076589829114321,16.075634546884313,25.991143751772274,22.042829356702182,18.301216134277066,17.192364536801044,10.217240329630236,22.598244334152394,30.165042833033414,18.301111612446654,19.252974906687303,9.10854174521298,19.777428892183355,6.732478961919777,9.311614097431987,10.538330471090678,13.65949466724689,24.496610216461136,24.218004140410045,29.93910843381306,8.84002881857917,1.9925501494304565,18.427475103657596,23.560493262677554,16.480297889340196,11.422047808445768,20.49116053557487,7.0153433079263205,15.137404307772503,2.9954437772421474,21.05181223847527,12.693368694911895,17.74433120958662,19.772902756827403,5.82413397886487,8.9696349034631,4.802534953391099,10.490299781625701,28.559401208603077,5.188941762656588,11.012599953160903,2.143567515548265,8.911954470267665,23.27370842879322,12.355350632417794,21.350186121817,19.0647114934124,35.90469046744601,29.271663916558026,36.25492350587954,14.240546416837516,37.13744760817101,38.17073306628911,15.545240725987224,15.011060329587705,13.662077169026324,13.400404960478333,37.89741828832923,16.084298722320895,15.87911071490651,17.761900407188694,16.925668834594315,25.36465420420757,36.91144157961087,19.137405390578706,31.576190456313338,29.30438717757521,57.46160587279298,31.691233502863803,18.52693158720292,30.26922107822827,17.54494111558481,18.355091132818508,44.089867701380975,58.88748900403154,15.490121361043512,20.47969159939531,34.26811329751234,58.15938772666963,14.569259840877036,31.159648734381452,4.494382114019729,37.33153071359274,14.290451861889014,21.887807555240688,13.744448266478727,14.34689923679193,20.162389878483044,16.388461982534512,15.337399386592134,35.02745618855897,24.270446899375187,32.121680846638476,34.18076216464356,31.77726523714857,34.075652766114516,26.10934749766842,28.581555019736577,19.591107687876722,15.229712247483986,20.722330910217842
32,5.400540380936335,13.32852426979035,9.95841993568718,0.3739844261772934,4.6135666484475975,5.796983333213554,0.3739844261772934,5.978348095346913,8.592536749921878,3.4373385148535505,0.936612368005657,10.347875968039453,4.62092948143277,6.872956171158553,0.510918025687399,10.729175702006513,18.637915740889035,13.831517170776307,12.027208938874367,18.27038011845498,9.591460041034024,6.673135031989069,8.552663775394459,14.556682387246413,11.981031638534589,24.808920625729932,20.541279951245958,14.196298125615145,13.386330603225263,20.178939997539956,2.9980478680833262,14.992351738365247,17.87450366982961,13.131529296298568,8.053768085120424,18.325274244131574,28.69910817707728,20.616521022796924,15.853983817838998,18.217719044171123,21.176197064219686,23.055040290388252,3.38936512369525,19.064509436972386,34.36485589627835,10.767678653860834,32.636304917337874,30.02671155856739,6.595653157867426,30.347321263654358,33.60988691133258,26.02656522938091,28.694682359561558,29.609298624297764,23.459243779362243,11.665698218919028,21.292014460524317,1.2916589873961153,15.507893386922252,29.645779414190798,25.458772709381808,15.252733028810113,22.666858419317563,13.791360374429868,24.104309233311557,23.545470389947603,17.059793072885935,20.304738334680618,11.10591144574949,22.737830410794665,8.031437651374416,11.021420169934425,8.129047930076005,16.550022078623165,26.402050152581236,23.919055461394564,22.14576538185152,9.730097111967092,2.8571716158108247,19.18004603491644,28.634955764832753,16.27644873498807,12.829462237859246,24.03872441223507,9.491889536883443,17.13138957538393,3.382002206332229,21.67165052456477,13.869556928751068,13.104790627663816,24.17165450252423,6.884391398206949,11.018512696729568,5.538343838083697,9.526899143823309,20.632196965987802,4.142042028662795,12.58346313188257,1.8548106186709148,10.70681202268777,16.965672238626418,14.501585370455995,19.404733493066786,22.3923699892119,25.691617600739125,34.20570210628771,26.248975361843577,10.639109454897193,27.67172753828256,29.36712348605144,18.23800859005334,18.604937447586863,17.22856965840547,14.901397226381555,29.128667639246647,18.454776260746765,18.17023836466475,21.128518710536017,20.820371105306968,26.54722239635831,43.5532466030914,22.76520447133974,33.16359480012825,29.820344976251796,67.34921543153804,37.501586978038695,20.631388768354572,30.398774018963458,18.084781548750627,18.954494347243603,51.45470395954614,68.99438525405685,15.291806572095496,21.07917674203482,39.763130671515114,68.13327234359339,15.247286990810764,31.753335557555477,4.982711939740476,43.414150739935174,15.292662905278592,24.235685408353653,15.237829081977388,15.236765424522165,20.9280530650575,16.829319801323464,15.688934077576317,37.05571172798417,25.359928433357815,34.016623343565925,36.118103153319645,33.75208870948853,36.00250159078667,28.659362514916012,30.83466341792184,20.115013419022524,15.99968835806968,21.582394724746173
33,5.990853772552184,14.366800348523643,9.59252811844292,0.37255662099384074,5.01693851089646,3.542763723475132,0.37255662099384074,6.369195088558209,10.60710495819402,3.5887865920826743,0.8348324588782877,12.864216173424282,5.327407783142928,4.903943225003194,0.500699665173651,11.37246830238046,21.516897803525428,15.446868875859899,12.728665049472658,20.394750457060674,10.139160210227663,6.967416332680353,9.013426613347196,16.39912190817747,13.387855744237697,31.83798656243453,23.612660339378202,15.164878736599894,14.554983477240171,22.425274875667434,3.141504997958532,16.213455196987518,24.437013139433766,10.089889734023602,8.926238438042082,25.193067058352536,32.79607652346533,24.54267434246523,20.104084150552286,19.8519121279019,23.23768410978428,24.504237545187575,3.4889558569761774,18.700370843213197,24.16797241338185,15.602959787948755,24.198263735195273,35.42418629966371,8.289458163980457,34.04662335988248,38.430828928346905,29.74261781550573,34.55213734448906,29.157233086283576,25.130388509931286,14.821924674064926,28.080078715226826,1.5477341340928916,18.076144920426458,34.874768743606225,29.535351780645026,17.45848381795148,28.52810943837322,18.354749498138716,26.039243893412575,26.00782703985526,19.051229957920892,21.4001117930077,14.130927429732523,24.85026042498469,8.765990361003606,13.1595923338784,11.684501097680174,19.1476884033009,27.17508475280026,27.30653842751401,24.32354414091553,10.031630125072152,3.3045104346636704,21.157173710226463,32.77028025926617,18.27920031246944,14.113004093093496,26.148060457653095,10.399199656887882,19.313728598676153,3.867016478031618,23.21625298947288,14.976280924019651,15.581974027558944,28.710828542949738,7.72442197497514,11.58952155943659,6.2558718952328265,10.768837938779047,24.379324121996394,4.997544180962149,12.898157655272572,2.2821775574687373,14.012762500856526,20.105584197297254,17.51477489917823,24.14411075086025,25.436845528268293,30.246581261157296,38.881268279451135,30.795062239757737,12.680525835060902,32.19272095242151,33.85382140508867,21.23338371868705,21.253288090754815,19.24146106578884,16.90929350837359,33.622528401168516,21.70226162728719,21.84795726984815,22.552973416039894,22.379148681042157,29.99187738772545,47.870153466312416,27.50227917001799,34.43551259167219,32.75245588179009,70.25234053018418,38.50272772614424,22.590942783619322,32.56211902698966,17.478711448335748,17.926322026764005,54.72023678803537,71.78349024798577,15.095940457962362,19.75017089546849,43.23196162757216,70.94942982664517,16.993223995554093,35.09108217136652,6.0937692544752835,46.83174020423973,17.71191766977301,24.677999002828948,18.63559753958796,17.422459757883974,18.96590372390357,16.801531041957368,16.173793800376366,28.250225578743418,22.946363959299408,29.21750782436433,30.459543508138758,32.96193191039036,30.679094814878614,33.38172627384766,33.98966826613519,21.623566595002927,16.109235399318948,23.52435691479025
34,7.273597335099268,15.992258602749601,11.23141038056399,0.5045411920246646,5.987042906650802,5.122625974701837,0.5045411920246646,7.369514867666275,12.580193661129824,4.4250929686797615,1.5315166617261755,15.011217623183695,6.605104926445595,6.556569208622056,0.5003866878301335,12.648919457577382,21.291496038766223,15.25740429809243,14.481124648314898,22.492091188041027,11.396701234078549,7.923931860944152,10.247187560543754,16.129668435658942,13.092780224977435,35.12772784195217,25.737191361345086,16.424425342755928,15.766413745295191,24.42249542734799,3.5266597397018047,17.631657904584298,20.055094631818005,13.826128885669188,8.526197778998966,28.320800640615236,35.51310499028474,25.1710845341163,17.704772565132764,21.336278837739908,25.046379845795816,21.2634048103019,3.9528824269342167,17.92511132423396,25.04593947027656,11.868196222444526,24.33184482680993,38.04878574711339,7.3099803146507325,34.367224199599896,41.7171235774506,30.982727586567986,37.071637880516946,31.088985884222293,26.024975801850218,12.571682388567984,23.149330016134282,1.4324675825866433,22.618284517889503,25.397212223699427,24.368615024649806,15.068098775590842,31.742009979271305,16.554847180037864,27.905108622499576,29.35862735108861,20.35031762350852,21.076773538149254,11.859963744015992,22.740956544006465,6.451857624397966,10.510569551823943,15.211555072417072,19.972335434432587,29.6408816772999,29.752723190664106,27.768851213144117,7.877581933496481,3.8320730341292606,24.934883181420002,37.37118452682274,19.289605554095612,11.636718161217717,20.960953037542197,12.754016326830582,23.920543411817437,3.1905933187419517,28.55884335958776,16.610398353351513,19.066600321520376,28.092619562874972,5.615571941344586,14.659801358336079,4.741408313767745,12.688574364255182,30.428026128101223,5.529970023218579,16.529886883495312,2.1834171672903055,15.864675753817766,24.908247141630735,20.6491123933463,28.695502209416688,27.308194418226943,37.99865889203089,34.050029371096166,38.22304628935736,15.326105706031692,38.779980064607564,39.418621260573424,25.119989752882454,21.488207133130317,20.58966742838702,19.18550360405254,39.25133570284934,26.380406315152,26.37515307445889,23.861690314658233,23.491502782545215,26.058709709447108,38.45589662693827,27.472675145578236,28.39058820472723,23.76369508527273,49.26695819370323,34.66643870271236,23.20637568681021,24.57470447269519,13.7931721177846,14.521957495576988,40.66079279580147,49.981097488034614,12.274754282323155,19.64899864936199,34.24453058018054,49.52967741829856,14.741332138435077,26.420988190268744,6.441886199836443,36.27129878459106,16.807991790982822,24.91441377011526,19.700187782432643,15.791873076836527,16.145423102422544,12.752723707410336,11.80659269097966,30.64202616887826,21.073239011371516,30.998721033871497,31.869314286090084,34.037299557985705,31.978756604327327,38.01505017987522,36.57385809581286,21.189647899083486,17.378134945285403,25.07798047720695
35,7.8363441976952,17.883757175881435,12.07386274484211,0.39241926187536774,6.759161828816734,4.057921103322254,0.39241926187536774,8.103844628961394,14.757432067692456,4.952221336400526,1.3038918492257796,17.795615407758234,7.452952036636511,5.820193413884458,0.49383026164189153,13.29819892698745,22.63294946769981,15.782949328814803,16.361724732392283,26.127343047697494,11.910600752352556,8.950412922877105,10.63913233851397,16.752826737505025,13.77445943135115,32.83821384755145,30.322707428309204,17.477885013142707,15.81954443575767,25.00692822357391,3.7698087364632076,19.18488664957764,16.092459959632507,10.13450420447719,7.906992264931483,25.87404050026744,36.25312702005707,27.796210507563636,15.6684847712381,21.543605811752098,25.269139944938846,14.372920323521386,3.7071839050023163,12.371628640456446,27.471199388274687,17.143078224339565,27.46294380490185,31.39403360081077,4.931152921741626,35.101427185589756,42.14704957080051,32.97130857479576,36.05638101437683,32.872346534554204,27.923415058527215,10.00656096091243,18.88132486023005,1.6376980879072176,25.111754818245274,16.59882531721402,17.471076841501013,19.034605401108468,24.776198901178756,11.897284307260007,30.83723197986621,33.15949836304281,15.743882162222704,23.104729794047117,9.210412380294162,24.854176179922433,7.799755582747577,8.226752460547369,19.605727071943107,17.011537086883333,31.055369081586186,29.21944455376758,31.25637110533063,9.072547010091055,3.2148794888655736,26.671241701662183,29.88347973819774,13.403972824809227,11.732998963124732,24.54697875867447,9.209874931438259,23.566882011772776,2.98261484282811,29.01812381251339,17.094113289365875,18.445360719073957,24.296103039289076,6.235692406998675,10.99928952654377,4.811348485003356,12.382065510338702,29.72558548758673,5.002955543729473,12.638969018470355,1.7283952932309221,11.302915066451122,24.25038407178315,14.984511155643524,24.105099724787713,28.561550168539664,37.21583246662162,30.08499692892988,37.471031637881815,14.724582136051819,38.109325880818645,38.84926770028236,26.336975819181,19.584797679218624,19.60059911501226,21.100445192140647,38.62525834835734,28.323776148949015,26.56477423115153,23.524127724460364,22.326482127108978,23.025071340844097,36.009668389177826,21.844969506885786,22.884279144730826,18.103449995089075,51.44851902941833,33.86329265172981,24.07748148616242,18.253795492849793,17.283791198263533,18.130587918088242,43.0858868363721,52.49885034074569,14.249925412111573,19.672886534586112,36.562453161314984,52.04423681135755,17.21515021934039,19.27380781188825,7.056534983128131,38.62776765800922,19.04428133188097,24.88830091412898,21.57986961403616,18.203301124973546,20.073691860061015,16.04741933694852,14.92188351492227,35.96755808661108,24.6944067265144,34.06721702602407,35.551372239149146,35.11565724006631,35.48892290004694,35.80723121065443,35.38055548597929,20.16455224387276,17.944305155580448,24.48532422464404
36,8.123628209363606,20.258587314654218,15.114612776370775,1.1651617278021538,7.0393893065433035,6.3878212156271745,1.1651617278021538,8.677644977986455,11.421439160109962,5.573916194218699,2.3593612354411633,13.18017991528402,7.328552292427434,8.389054624241647,0.4913023672919595,14.156849645881698,23.850696947602916,16.488654318226896,19.555904344408535,30.8372689537197,12.934820729009964,10.829279189166762,11.802345006883373,17.559504146923633,14.465703770760548,33.18335302653791,35.38102056502497,17.818673787110253,16.296994196694154,25.89094467949889,4.219662764594018,20.19023897273139,23.39933819727914,11.87626701665827,8.892468254648342,26.497992785255427,37.240915922448565,33.33561691804574,20.224256696998804,22.13803407220362,25.96117073706612,21.55442747814858,3.9572876830250525,16.44197499018338,29.63570744682607,20.459060562571274,29.844169637317894,38.00715523133349,8.327107434389639,36.6842640629861,42.694710586457575,34.68452412706696,36.71576874703193,34.39688177063048,28.946712197957723,13.347713267487734,25.85751003872983,1.323134633315388,29.441093619775533,26.01518240781621,23.93872731228664,22.2183051750413,30.771054292585987,17.112277580184855,32.6768992314169,34.035041193692855,17.61160830650609,25.067989768787264,13.686622789176202,28.764276772034798,10.21663351415722,10.742655309723078,22.731055473292148,21.726196213383215,33.49662436011478,30.77141591473831,32.21470481771847,12.600238339570465,3.1335401214097,31.73227469400666,34.77643514477065,15.421231470366246,15.00571629854014,31.59646461391791,10.087040279136081,22.79133565060711,4.833910472136051,34.1245764258057,21.320049899950643,20.95270698705464,30.234306799730927,9.220119998756605,9.361155476496581,7.277527277606422,15.217608398782982,32.491509694871844,6.68166189850427,8.620486287585281,2.990283575598235,13.44406613385107,26.92250265123159,15.087147413321441,27.15673647424488,29.810353743585207,40.03383684390466,33.525079019491194,40.29492628002554,17.080094483198497,40.94879303956777,41.70806264567513,27.359540141044192,20.953396053648323,19.73526290621948,20.981979871555275,41.48619114841792,29.61101987146582,28.2920145261684,23.218484842595053,22.19532203011692,19.42712655311351,39.51098467685031,24.89314619136121,19.323509955476936,14.883239331850492,54.879942391420684,33.57706608392336,18.98776870694334,14.325088694033372,21.023879175852468,21.80225059173012,42.94298709272547,55.9198070611435,16.762315815082776,19.242639346647394,34.12310418438409,55.28784831071695,16.817715679243737,13.871342002390133,4.854502113256312,36.89616376136016,16.050117852114877,21.945714999930946,14.845745524625,16.478869098558288,23.6316107353284,19.85574903575249,18.784751615245767,38.49231461399678,28.444239186319653,36.18680597587986,38.94737772059862,38.14745183806864,38.980203010347964,32.975445555958,35.65890066667587,20.184242802614126,17.308269873951073,24.06533722643639
37,10.225641181372506,16.67002066284808,13.117655261144122,2.6506805401236786,5.516256795541284,8.629757831154189,2.6506805401236786,7.140504280806713,15.09565885370352,3.8257899220213667,4.612267467564061,16.901789957937513,8.470402222483669,9.90477560579271,0.49350504832509423,15.351886366693178,25.26750215953904,17.537355305117448,14.97695457150227,22.415040373058368,14.360432687415488,8.48123929034997,13.423967602826375,18.699410377731127,15.464656429443147,35.486895544990674,24.75072432741631,18.30074974335938,11.49232030731207,19.272306816357425,3.112836922605934,19.067784191658003,18.036089081731824,20.567068809992907,8.81864273187493,29.226722434017944,39.531497966511175,23.865642541160817,17.04322958972245,15.998269707497295,18.485165692319534,31.156322455962805,5.573331042380523,25.728892207408204,31.711801468633105,23.451371621539852,32.073970054636,44.49137732787153,8.790482228017913,41.115076047193774,44.307587487572555,36.7855526576135,39.34022845362768,35.66330708548664,26.809323986558837,11.778539824814523,22.01515122725234,1.7194592604222576,33.44280742209954,35.66583549515935,31.057670939297072,25.209870073403344,37.076403764763256,16.665055055598778,33.02706689110909,38.12117070640499,20.306715862219082,25.721969869203697,12.75030942953996,27.431707555086472,11.757449955471992,14.240931362609011,26.921796647004015,26.4421450394936,34.488611548264494,34.58033263442604,36.03017746708702,15.570899822921689,3.62586751028681,35.63712608366115,40.09722114782295,17.95422612471533,17.389183421267305,36.14418833514749,11.068159381102332,25.170537892955362,6.254724064038656,37.83877793786169,24.33355852364557,24.172552086984542,35.448082745256116,11.367987013280846,10.769379426431453,9.116312421886242,17.744948491056764,36.63472545674688,8.346807281914261,10.618603271840728,4.104819044227784,16.485542324954146,30.646369157258256,18.622007103772386,31.735535732138466,32.112258518755525,44.683853029492745,37.38270278482201,44.91106431038291,19.935723420833884,45.477781963731715,46.13223478126255,29.65314220606656,23.937109047288715,21.618038117915145,23.533239069796853,45.92153052303295,31.9813702408881,31.162650059286285,24.94844432209697,23.809004854884844,24.971101083862905,42.878637187331584,29.094688163072476,23.67062272172073,20.689155430681478,56.78517624295718,34.732346617225275,20.65475705295157,20.09314240551891,21.708775149431407,22.484576295090452,45.03150284931504,57.71670962313028,17.40283720522802,19.84537562634818,36.35850306352903,57.10037170250971,18.10656079219714,20.593436754418285,5.600189933616746,39.09134300242607,17.741059140749574,23.024597002364874,17.126163034724208,17.988818952807573,24.309657996629316,20.541313562613023,19.46955308361081,39.5182776214202,29.621828164481176,36.69613537423141,40.77269804795966,39.222908892760415,40.89190712631854,26.930094180921586,33.301590079625846,20.24014773270639,19.426695406311165,24.362404135214476
38,12.23288989653449,15.745449166506205,11.91766086221635,4.724266981127225,4.261737142727313,6.370164111095178,4.724266981127225,5.6704677914552795,18.501637787260396,2.3109611263289365,7.30540596409586,20.207668796443592,9.968789886208945,7.7460409992575325,0.49649591708941654,15.650539247496,28.769933682713447,20.588637517062736,13.820020545481656,22.18361274797303,15.021088851511987,8.274430976774902,14.403045692156219,22.023243342795272,18.05729836785191,36.497550898052566,24.98420439438707,17.607554778533075,13.134702255914474,20.563028450315343,3.439749277825803,18.42321499110013,14.039575827744319,27.972487948762776,9.16554601835791,29.41919502182515,43.78812291944511,22.811504816450682,14.929869709456902,17.42576104317092,20.520374208858613,40.39718719839035,8.629487338749557,34.382892457895,35.65401032322459,28.078855285406288,36.18469421161274,46.753482733878435,9.700076525831776,44.30241321231066,48.319680444541824,38.75586968630166,41.43254256987272,37.95619116541795,19.980258187899224,10.269410924807927,14.619373785935338,3.515398553670636,30.091498697096597,45.93697755553214,38.11828399473192,29.60031951697887,39.665165255307066,15.464725425390672,34.31119468157057,42.28099770806256,21.825118924796037,20.644250450698298,11.015198048065201,29.950792398335714,13.175355014346813,19.539345383244893,19.236357906510904,29.836842998587137,35.935967529160436,39.05692272918628,39.220203355879896,19.33746532659204,5.325142092789122,34.89463543298003,41.772503636043275,19.210504862393584,19.126619850504024,39.86444862830545,12.300557969472983,23.817978464818523,5.853015088898119,38.90720570951353,24.767517809341456,27.14815340294933,37.80368432534161,11.830013179110521,10.295426266231344,9.199603266319286,18.370206097084143,41.977730244432536,8.485399691570867,8.711555816708614,3.6593972527948355,19.91988545410049,34.850766352230586,20.79072880905142,37.49907709588822,32.38873534192551,51.5568345359,41.733349036444814,51.72667432561912,22.115335080161213,52.145902889198496,52.623208242901114,29.687265107852326,27.203005203946805,23.621766733166876,23.31077101073775,52.418621384970294,31.28331102335012,31.41480049377632,25.087488475621857,24.885036894804824,28.158160087777787,46.64488174163195,33.609477124590974,27.715470194009278,27.03457969024363,58.99426433168901,34.40113657085887,22.157385296554743,26.727904782913935,22.52351101811492,23.315209037780473,47.57325591270826,59.812159815487306,18.673435302453925,20.771547638979204,39.14810478504396,59.21902319278662,19.79415329433318,27.885619874807592,6.580684118779392,41.80969883715944,19.96492887740955,23.423538320618608,20.124651205436976,19.936833837227173,25.15151283362204,21.34177007877866,20.255685674008827,40.187988542262886,30.25878745613504,37.534021464987724,41.07874500977488,39.675331458783646,41.15929876219073,29.75407983989484,34.86650201749855,21.760027595657338,20.749708124388636,25.872815063216716
39,13.882185670668363,16.106738838787894,11.013569453503882,5.970751896318588,5.495885407971474,4.036018430919968,5.970751896318588,6.600289783523138,21.871257859579696,3.272756706836689,8.905047773340023,23.910357608603206,11.976805720704341,5.583700995048421,0.4991926103515673,15.942625484730744,30.671998123297726,21.543675402708143,14.09796952806863,22.842314794655387,15.44752564668112,8.317187543040285,14.95020041984959,23.175869109708792,18.853884853500393,34.52039149876322,26.300956464915814,17.555586818759014,9.39703036128513,15.329122951881104,3.175523685082484,18.51986088875469,21.127630899563293,33.60844414066144,9.87516809221062,27.133081067770988,44.11252084793005,25.37911615781098,19.2387825403792,12.816120090101029,14.773152761689936,46.0878923541145,8.348932242187367,40.515733507389506,38.12216725086186,32.43315941489765,38.94666495400449,50.095299796792936,13.93368083501078,45.02434085553984,48.35672422170407,38.93784071040588,40.50891653378906,38.353479776198455,20.319227018263312,13.62202173244879,22.34911739785362,2.7141981393070806,24.298855199376106,51.95337433376558,40.928629902038786,33.51106443209348,43.193598783575084,20.770972317901027,34.34378321425791,33.66427165085229,20.86327676745067,22.704720992488166,16.365755656594267,28.072435983600144,14.181540066383278,20.30046829222049,20.963257229395587,33.15774201059033,36.60693951940379,38.624627439816905,28.966359689062337,22.249367869542116,4.584022815212644,26.937075668263276,44.30544080064771,19.69938638753953,20.563198451174607,40.63251608453771,11.689445973552472,16.69176284052737,6.73292884235734,27.954972832956585,19.611649690151825,30.770093817530256,40.51528686327595,13.786320371802114,8.490840264637194,10.84524181328491,17.36463699385881,46.57334932455002,10.361008597451743,6.054774909625872,4.894288354698729,22.03722088160113,39.011794547015825,21.579012812482315,41.391509269800366,26.27235611232414,56.67625361787038,43.947401392000415,56.77963743648848,25.339166707865296,57.029258758528144,57.30503249331445,22.91276836105368,27.71916169815721,23.72194649580918,18.50914407080597,57.107010281338304,22.41911522830424,24.356681953271032,23.60821098572769,24.842877878416566,26.15947006127337,48.25357473096112,36.01120831558524,30.656845072498434,28.902653674489997,59.15313292523026,34.33185361485798,22.291548215759445,30.496196153086654,18.011769316577467,19.149072677055617,47.62699719204198,59.86930305047257,16.36276744532937,22.72053652010194,39.191885022251576,59.27606201889293,16.683246704769928,31.555277604498315,6.567793498770205,41.8578235799426,18.112549788045346,23.990175469661256,20.085229888925763,17.30492110871247,21.638695288381033,16.405982885634874,14.945728031432873,42.88229286991292,28.28990099028656,38.51830940335452,43.37574750933363,39.745829754857894,43.411055083499974,22.34221932386221,30.90046783896061,20.621464214974903,22.284330501179593,25.01369017142609
40,13.413639491966213,14.789404232280072,10.434390370513432,7.23374634901868,5.787059203058233,7.193247313933448,7.23374634901868,7.55717906699134,16.11445169827056,4.015257378535474,9.542061351279331,16.70465314426898,10.54978261986703,8.16712170076708,0.48920875814453607,17.576512404008678,34.102323723055875,22.70817304801409,12.113547947802665,17.231124971088125,17.053868984325693,6.6332144239491555,16.530413202485384,24.653775842567626,19.54565515734051,33.68824863934504,18.86272091229465,19.31520655114337,11.05090771729955,17.996763796028468,2.6154958445799794,18.874739256537943,27.621402466463067,39.435187941880145,10.150532985545448,24.753536285660093,46.33354326376833,21.149727398799197,22.695446567020852,14.656179220091557,17.451542396315308,51.18674880763705,8.212554518516274,46.12068462598123,39.492685980151784,35.93488870706248,40.634665442582566,52.53362463658088,17.93092237411575,33.00968436840622,50.86479075288171,32.6210653021635,37.35792396529045,37.862723599190474,16.420776918298763,17.159354334404686,28.632653259120957,1.939619262556882,25.696466777531874,56.4362503310932,42.77224087546397,36.49178001564332,45.78128246603863,26.252658445970276,33.27589388538462,35.96234855428322,23.005794061119616,19.237094732632016,20.854880833964327,29.76643109705912,14.566451542290956,20.678361625305616,22.744247429635355,35.25067252839493,37.39943095082027,40.91896109634305,31.279863411669854,23.725928052085173,3.1773361325766984,28.170574572776392,46.78604440703603,21.81025573347487,21.605049168294588,41.780533260884276,8.265825263257431,14.367448018008005,7.806648398882504,29.23717898526925,20.88102910489177,33.609276724725255,42.61289244450438,15.08691281709766,9.9881758030652,12.092071716640339,19.103352475901847,49.99407296078651,11.955079678719622,12.470009580006895,5.973575030475548,25.559962630745815,42.183286229197144,27.83488292567355,46.08874768658547,21.138200460340315,60.36886637690386,47.81239338007289,60.43309536590945,27.916138489622046,60.58377740741967,60.74370136694633,17.116435886155877,27.739984004927827,23.618355511522033,19.25114586349043,60.570158837156,14.996414155457696,19.10522099510155,24.48842359034597,25.228818538051794,27.31823102263368,51.41597386967487,40.61365384085451,32.368381368896785,30.352431968304426,60.37154284999153,35.98868240798096,23.818991606686748,31.696852030368568,20.459172470177023,21.54789968583719,48.73428636404132,60.95065500110634,18.499676571961928,24.590494655212996,40.300377450269174,60.358955244312284,18.586874728152043,32.610314061541445,6.88829696116515,42.96829234002652,19.635521495144463,25.886436156696863,21.065374243891323,19.02912722740445,23.937676827057217,18.91066289689197,17.497380925206116,43.46279600123908,29.74507836967042,39.68026812119147,43.136622032073966,39.66388383609264,43.08659394593208,26.7649306780934,32.90000037847068,25.37771711594143,24.084837339459437,27.837954671954822
41,12.625170022005952,17.57114628611139,11.215499431085954,5.119049392322731,7.43219553137393,5.698707634032613,5.119049392322731,9.530446463969772,15.428622507045342,5.498214398367208,7.218899949664591,16.615103458406317,10.175951822334964,7.051774491234388,0.48528322670281765,18.837046201571614,35.98657926256392,23.18384462582925,14.452963921704415,21.170260983454757,17.83651482150042,7.798332437263919,16.885229410676036,25.233433353420264,19.773672618178683,31.454940093121614,23.893797169394794,21.981825935009613,14.433966015102849,22.051425152261935,3.3500178270156686,21.879591786693247,34.478923797780666,44.21057657240616,10.723682898477723,21.631318017842833,48.418903767509896,26.815324579911675,27.193112046702065,19.216805552054357,22.477066621192048,53.264537545572644,9.597007292178576,49.62537263990706,41.64006471807213,36.052801501093114,42.54590935846509,52.79241371357149,20.66122846701197,34.93458501804299,52.22039997821263,33.07216132820938,36.83812193455658,38.20732223509963,22.47236801290553,20.129515899549485,36.7241824619876,2.678895673975403,18.69972469433652,57.14561499566288,44.34749567304623,36.954474022822936,45.91106667474888,30.018570699589443,32.85895173139039,38.342867437636535,23.824824032099656,23.81270983500987,25.397066945765207,32.41982703102065,14.9252411152961,22.003975303103463,15.803412590538356,35.83207469518594,37.143439300638455,43.82681861505794,32.833209495686305,24.786184519860736,3.956205617123524,22.046247952955685,47.01214918706539,22.49245441570136,22.44252275663961,41.61689954002457,9.200719573640962,20.143375765969335,9.390618780232707,21.87863129061048,18.519406359393408,26.189999108186907,43.25053444888048,17.188025208249414,13.944477770020814,14.083676472076291,16.40007656320172,36.560412475787274,11.530681235047291,19.42396991331054,6.944688754875471,31.533959219867125,31.65979996204463,36.26180565893252,45.31123478711112,21.943612163803472,42.98546622577607,47.05749174046058,43.02875582727639,22.48589827619009,43.12949484653667,43.23622457471361,19.55976763804564,26.031091105130763,21.49668113450439,20.74954561182844,43.2618925272535,18.942101661425763,24.579754001813217,24.129411521365753,23.665984300576085,30.54101848439154,46.58543002601967,45.89375479097409,33.463313793963444,32.93264406824214,43.619901572074,32.126836994345574,24.903901313204795,32.94386141084909,23.52218263933148,24.30023785122415,37.34014525420948,43.36662380346225,20.306481992712843,23.646822528057434,33.0565932283853,43.078061720001834,21.398626966598044,34.497983037891835,7.349717530387641,34.4263310478742,21.872534488076283,26.26685522924678,22.47646279441413,21.670836832866087,26.06969694376333,22.368112858416755,21.302317661629402,40.697492382425615,31.385581724917195,39.154890230707714,42.18005047807736,41.138689285028484,42.3235598026965,29.874356544205067,35.83898200389803,28.92843761135134,25.08471338353703,29.767051768166862
42,14.997884116458229,17.29488947987937,12.585684813466782,7.484720244730273,9.016263453574217,11.183175216734973,7.484720244730273,11.088782743343538,18.074642332326125,7.061229704350493,9.78790896968627,19.172246203595005,12.317311128468392,11.976751270265483,0.4771497446721852,20.595480414430423,36.7797693254403,23.009427548635834,14.239143734160805,17.529736268496894,19.7245710712872,7.138450640904824,18.886707258213097,25.13101328000109,19.604055055207592,33.432721589598295,18.293518336656057,23.33043082450769,10.636865236902272,16.77030006182867,2.426100754516143,22.183948654910807,25.863860256988893,48.361568529180474,9.128064412271396,23.057848869349485,49.16628179934253,20.272636097540442,21.65693417423125,14.159657953240627,16.708051285177568,44.05641094209261,10.946994830769093,46.70346693525039,38.804289550204906,37.96735168924098,40.13874148274343,53.73571059037606,19.75773926005816,37.06825948502568,54.815962234833364,35.67897097994776,39.13866492412084,39.04462582771617,16.233413774841168,15.692323161430812,26.854163398476345,3.8079557189172615,22.82364677392234,40.38966043641628,34.000634909678695,38.1876940932749,48.95037757173011,26.814064582362064,35.07297979116834,39.90076331908091,24.956317009602362,17.958703904007145,21.29598029875813,23.468012605500785,10.254804885894709,18.21639036224967,16.582758550290908,36.08047956701629,39.197091805053006,43.37014021103514,35.66133868633303,20.534427262023527,5.13781495165509,25.76007134489193,51.21612300265386,23.380671232630146,17.671249434322085,30.67290102435433,10.189832546686604,26.45539352651673,10.304039147813098,28.438678717327363,21.47347088267802,29.29727747287997,40.410521935682866,14.930502923587113,17.034018830138468,13.19957425707941,19.970060580976565,39.86194347504082,13.845628659261966,24.364292436099273,8.78514554855168,36.602008226227106,34.89474331756631,42.934742829056255,51.166108952428566,26.26832235289699,46.32063104852747,53.95936976271754,46.39916819788953,25.46526444722849,46.59083504148305,46.80719842973901,23.717129115540487,22.31772735300335,19.51503975731751,21.41077116669452,46.85113443204063,25.00902122975041,31.520860751521358,23.10846685682438,21.878558940513607,32.04854256684278,53.41914873671505,53.064853332473845,33.00628460226626,33.77810399273625,50.04181918166147,32.330708592124196,26.636783713722966,32.84136310495244,24.683818028587126,25.17070969439604,42.72119528812075,49.75999697249586,20.904275876085595,22.251503769392574,37.73450405267871,49.4223506278631,23.759990239361137,35.07180542032209,8.332989754089322,39.32759386801037,24.504545727361084,26.43634009779955,25.48344659500735,24.278653499328808,26.34105638931726,23.91389895816443,23.191056769818644,36.889090655917705,31.594321224186963,37.173343758902135,40.640472347229206,42.63209454418694,41.02430059644127,33.464664662456464,39.18588486760505,26.26744321310928,23.861605909238605,30.149752164397672
43,15.847718660477181,22.094360089407434,18.61571238812062,8.449445995417419,11.533087410926477,15.721709595866594,8.449445995417419,13.231063091981445,19.015075487763912,9.782878876524666,10.743433371708514,20.116141330255616,14.196914764224543,16.996730176448292,0.4685080372398144,20.206459904886202,27.599427020097032,16.06666986319519,21.252325181098747,27.15765525169488,19.469141093450162,10.849833705555161,18.7545874458365,17.535714600647108,14.629436143991427,32.94737678997293,28.74501242805883,22.32779366455028,6.810879788565405,11.740499287634874,2.6292144379654134,23.07205798582385,32.45558210018227,34.36893417370248,8.525553563946767,21.332974923872577,52.92787056729057,29.674941310925114,24.523313937700426,9.643788661346182,11.078704752261455,39.328704128646336,11.201157158945712,37.58111509987962,40.097039307618616,39.48853394608782,41.48304685441065,60.49442375747477,22.72848727543667,37.211912767019584,58.00339422365097,35.97303186860459,39.48556002390003,39.92624048933948,18.027470721419665,17.010798398655535,32.89847814952223,5.359757966301782,27.86375328881577,41.89300052192088,36.20592746134308,39.90764376930052,55.60760844451902,31.162429780831218,35.61935863009768,41.88965551850906,26.909800138614504,20.291574392005526,24.990519999961297,20.825258268776082,10.124040159612214,20.667115662076828,20.04748552409358,39.85068744161406,41.02289800221886,47.935681119003725,36.55981026835781,20.88236271200959,6.4773085116533835,30.829903662750322,57.90460878063791,25.54480287463766,18.09752241725543,31.29286536438347,10.98300678921241,32.48549714725562,11.396865642282437,34.718128132056194,25.100406656942226,34.312623270322646,44.36014568040306,15.62075185173434,17.816944166563857,14.038980036423535,23.524469023894873,46.84162594758405,16.02715451108233,25.1371689162414,10.101161769960536,40.178066088659314,40.950445343923825,46.39660200849128,57.42135257428682,33.557320552282015,54.50339627970993,61.04849345171949,54.61606035260022,29.769174688071512,54.895131398375774,55.215769533564156,30.680590140212495,24.49372615470624,21.33845529024886,22.847217955159817,55.22639626169841,33.48361219332893,39.70573481458251,24.466336487485602,23.497986701245846,27.617808729168573,61.459492825065844,58.873804855018676,28.088118867106108,27.075759935770282,60.74754486326752,35.35111080564571,28.203477463737382,26.315604568577637,24.539373906770944,24.953378207094598,50.81081440040338,60.654467653776585,21.442414951276017,23.253878303706436,43.926927847162176,60.17961834530839,24.704494044440796,27.678359524900404,9.000578770103596,46.11623705734814,25.90393610534739,27.59163295268488,27.52502705280937,25.4475972346176,25.93872416923874,23.88331554380315,23.263817436870934,35.69237546265493,31.51569199406611,37.48411456145994,40.57490641780824,44.35540186495621,41.07673289674839,37.49585539291799,42.48814428767094,28.75723675890911,23.50948384822708,31.932572207525496
44,16.728417862231577,27.369870975457356,25.64136447056548,9.723184753024281,11.890296268494065,20.40077127946018,9.723184753024281,13.563987225666935,19.909459322302762,10.253870158928382,11.986851837863016,20.929462868762883,15.243924722755104,22.284650738392894,0.7697612482765173,20.759199626848137,20.22731909147776,13.101649672434148,28.385417163466315,38.4776376248884,20.099302959816114,16.06360914070644,19.455650981043217,13.750746689761321,13.623092281754873,33.18414276440158,41.18145955976246,22.44145070437099,11.262579447293884,17.507691694286976,4.99246974669602,25.242331128261853,42.3613115330216,37.46756104716869,12.258940499252738,21.49960594485358,55.44589799650762,41.52423893482877,30.97514242621653,15.068861378159431,17.05509649264721,41.93083361647186,10.017324842049081,40.75050546884254,45.05379525235904,40.67182579659711,46.09049459982152,63.62441279963987,25.57409278132896,34.39610186765249,58.38013196754033,29.90757344066516,38.611482796817434,37.96500739206695,24.582350003773332,22.738535480449514,42.17735368673509,4.032045239724712,32.43180625340553,44.64680143797962,37.51821272124383,41.95359768544495,58.60422248140579,37.408534488461186,28.58353726023258,45.03114993466848,31.462365855778774,23.533178471779088,29.77245795670938,19.99957550210937,6.977695182803072,19.943475601196905,23.4744743040148,40.001168663247526,36.97955900404624,54.69158037223007,37.90301402897498,16.638513834018475,5.773090815459075,34.49598416629909,63.324039247696675,30.615080127789778,16.016469160084352,24.049679054332582,12.100745722317278,27.528702057951165,12.766457755217244,38.733187639990675,27.88987869941353,27.073765557279017,44.41833198134428,14.550883363057153,19.95927699501077,14.147337363448372,23.805653493204947,34.0717291641014,15.62120922626211,28.15724158399001,11.233183320438627,28.26747149166737,30.833055134673813,37.18091274309479,40.29439885725873,28.024230782614822,38.171657238352104,50.85245477418905,38.54816807186978,24.409546254469614,39.50303679531983,40.63060505517028,24.245901515593197,24.525635544772797,20.77567674887579,22.94479736470308,40.55062880649472,25.13120537754739,28.876598688194104,22.07007766443409,21.300905241160503,30.60003236254888,55.22750644717924,44.89550745415223,30.035854860444957,32.95861269138902,64.85653078712473,31.86280577164073,26.00529730458968,32.39678000961202,27.35478459507277,27.795908866987183,53.95382700978568,65.49728081015117,24.360526077936015,23.363520567841604,45.93662686719846,64.93874044292804,26.183792712571282,33.67492526468106,8.873216667293274,48.480366713447964,26.606000482475565,24.610710347439486,27.135535952859094,26.487910693160252,28.82571694781504,26.6643458185267,26.011903094907222,38.98737853733442,34.636103097252814,41.344445680553065,44.02162838211114,48.32726904473442,44.538251345779315,43.03587243492042,47.32999666761393,33.75734623772812,24.14371984894138,35.41142791902738
45,16.442043303188534,30.4483096626457,28.62246623220319,8.890422982824537,12.20448260901132,22.97805745894589,8.890422982824537,14.48403223323773,18.255196871151895,10.618448976236339,10.916241022838102,19.24407710826473,14.514969014700203,25.04393576270769,0.49532621665599735,22.88419179466714,28.096235969534856,19.741766262567136,31.361312393982242,42.84729950664504,21.891521815213974,17.765797732802447,20.944413023880845,20.774126841021513,19.15640938031126,30.85082824127381,45.8262306437222,25.664257339997086,15.305441387583262,23.33442329079078,5.614676489358507,28.58289853433403,49.93583331630877,26.87557295066483,15.99876890478969,19.469854017582847,53.53112674475975,46.89743613035193,37.43658364604254,20.456438081329253,23.3610448324651,39.17104193809307,10.184974929757516,34.12039001097732,48.18119364610608,43.31554661681832,49.27099587033912,67.18442119878137,27.65744554489548,37.80563599167259,56.395940553097205,33.886994083583055,37.97707422878843,40.48867778121228,29.950261841900435,28.48584644399718,49.949217068623255,5.160403504345303,37.17616716665215,46.31581941091829,37.60064650275216,44.604475877089556,61.36706078512751,42.58353014208311,32.89643379688936,46.62858399657194,33.015643673412306,27.005551911249803,33.61975121406268,23.850394497698666,7.244490976645784,21.446291598793483,23.59452016405851,41.344740147771894,41.32472367532044,53.081870267884156,41.22574774808458,16.29933942929619,7.119061792663814,40.631253250526946,67.23621298808362,31.888537144415157,16.88821656891821,26.015471609192684,13.658952779812317,18.558384863586927,16.22999438653857,47.11791262912684,34.03177319826514,33.430464418306855,46.83568620434797,17.45138677739509,16.563205012957308,17.168863369467875,29.7192923290016,41.40743527139497,20.091791303111282,20.07090458590156,14.860381541491734,30.425174699137404,37.72772789527847,35.55007348453434,45.184801677192944,22.429924890025408,46.04448161490893,53.76241909678628,46.35142151664182,30.3637695826123,47.12833830251728,48.04375746768368,17.822477926645444,24.566513498957168,21.06501079707007,18.33777482744897,47.949683072684444,16.75022711543697,22.037569699715977,21.241551966420687,21.786889835237126,32.58172539982638,57.881902998100344,47.33277811761404,37.77453386606205,41.69060162917875,67.25612221934892,33.34939575985317,27.35215932403856,41.94911619849177,26.855439746393785,26.884798969403587,55.84702854236019,67.88170459035125,26.80799194577012,27.093769594310967,47.50174287872953,67.29884249830253,27.28971929689147,43.29678403568898,9.140546304909222,50.148584824171536,27.58863231385254,26.68631991189905,27.953067324490206,27.442381782637362,26.897973462017607,26.794120271020923,26.71158296006884,30.06918685049837,31.723982666708032,36.13174053494627,37.289757801517084,45.49693822860357,38.0396416887395,46.432390461897704,48.462949399264886,37.29366848469414,25.64558566454091,37.07504412656742
46,16.847581256201384,31.3939349055922,29.822032769602416,8.982577684129803,12.415284999432235,25.280849626855296,8.982577684129803,15.067322736286487,18.147323313227904,10.809678889477587,10.926037343552045,19.150071901117663,14.473736411823184,27.192678655642744,0.5034539759463899,24.57563674331436,30.317160646113443,20.33951781462717,31.936785252607038,42.9674363261001,23.41636675536004,18.23326381152501,22.316201775169187,21.54595684353734,19.517414779236734,29.46775389176821,45.51245974035894,27.83273013337514,16.33112630672484,24.514249468416534,5.838108574852444,30.367583905765798,53.33768827813102,34.53101402054445,15.955089970156765,17.624673920658566,55.78389538126504,47.46975188991508,39.51717731457314,21.720483480872115,24.75520281645694,42.69454278768749,9.563962686439515,39.666406162811334,49.21048551482678,45.61458169770602,50.6828932411491,70.52797871298817,26.931927849927213,40.65542317089746,57.582249183970404,39.30876169384977,38.29796132656084,44.02148901789557,31.07469167791305,30.041705962880513,53.681560307623855,3.77697868582156,40.923887324421095,47.55019317732619,40.03466776980941,46.52833229030387,63.90400488379407,44.772941123162745,39.72669208380872,50.04172630684688,34.10636263637154,26.27041406868145,34.05214786983943,22.182398968140696,5.280660380256989,20.70662906503941,22.40723871072347,40.57825110255374,47.85744701362376,55.34878906286191,44.82761547280561,11.526638020099117,6.654709376688617,45.32161438492448,72.48705242338207,32.59436814502314,15.148889214336357,22.099773144514685,16.350265328135457,25.01955092554286,19.451843566052002,53.41653254629779,39.161476955477305,28.85541760581752,47.29568241005339,18.549400024699807,20.629138724982564,19.053577783710796,32.26696197169889,31.86127621656614,21.66648878075612,25.16360972303214,17.819877377947403,21.76926828164049,30.565621266058113,29.861181348109568,32.431428719515985,26.834841938407106,33.29388310753916,46.669113449794686,33.81385289642878,27.478341985110703,35.13592012471202,36.70137132491013,22.392605032817546,23.122941126529795,19.161600866034078,20.561066589469224,36.54238665657956,23.372604811555064,25.5005437774861,21.78438164499882,20.88846992358281,38.02295354064408,53.79359996139494,37.63794394740264,42.37639184183204,46.93642028849313,70.82942441590592,35.10209261183268,27.429272181811527,46.866291868932876,30.64263155351942,30.727639917067968,58.2317053377797,71.99572352327121,29.621616726765883,29.014503185639988,48.73515522942989,71.32763013101903,28.83217435001899,48.32769820912645,8.747486717483946,51.74193706804994,27.985318443302273,27.870166045632242,26.751036204760084,28.401750159386097,30.898028371075146,30.48690928112912,30.31848147200229,34.60801195042924,35.38648147953603,39.597693126485375,40.743933651454476,48.04506880831171,41.37932452946649,50.32676135612707,51.34271474763036,37.31328646369497,27.24172042390442,38.31495908006958
47,15.991141280050632,29.377424807671808,32.08630544244096,9.90362445049525,12.905328535690437,29.73486263806918,9.90362445049525,13.956003425687616,19.558024079522117,11.881722567567397,11.908761273022822,20.649378452489636,15.630821335473453,31.331169331409065,0.5217246344429198,18.228450701179298,27.545921903834927,21.43641167022988,33.28658445226491,43.1149050109724,17.756928616218897,19.1221331774933,17.294436074921297,22.517227983314367,21.07467456287967,25.89373823088383,44.81426427694561,19.694097700174,18.235171323143614,26.708493631851027,6.364300943374355,23.290009952962624,52.258757302062214,40.80950330048112,17.698826709629493,19.426834286546356,50.06446541065533,46.81497371091594,39.16863368392749,24.030886302944324,27.2721171982555,43.78717828308513,8.82815737752647,43.56125004126819,51.127898225825845,49.644379868040645,52.8330293045044,74.53227225201043,28.78216088345924,39.96601790012542,43.96049342424197,40.05015389050734,33.07725647887909,43.06575735599454,33.3073891317864,30.920239475284465,53.38302664919101,2.606738279409193,42.92940984912777,46.41697305866054,40.538180743077895,50.08732587901805,67.90158339893874,45.94929974976963,41.71156932295781,40.55831703422876,31.596168935380515,29.207416757147342,35.22002594145409,26.61169390537613,7.554196949347771,19.456023017050086,20.80635602847826,44.779924790657894,50.2489748145702,54.6336142401098,32.809649182107755,15.91708366628868,5.706720269027461,49.138550633031834,74.74273641693676,31.702755205178544,16.945115511331863,28.669172825027417,16.541076514949705,32.88214935092997,16.211845087066408,58.42129142120322,40.50299310640297,30.09589179208279,50.70963172516883,16.861885711095166,23.613583946330415,16.561711498028227,31.59115322044816,36.94456486409836,18.629354397502173,30.51828897651177,14.088523741672315,13.733691167613278,33.78085267889029,24.83996485584467,27.979746504938202,32.30193041200248,40.93076160698497,38.97155707812073,41.34174775201575,27.466502920700016,42.38503288287921,43.61815287652967,28.598095386970115,21.968568761699796,17.923298892722148,24.01441354394858,43.3521254257889,31.91083337492452,30.779076127599836,23.293385202408313,20.77119974219077,43.61852618243832,47.53348971371133,28.063603672599605,45.69025241600722,50.42933512117868,69.53131757572197,36.67256515314621,29.451334944439814,49.621831750408155,33.7146579154934,33.90901387364464,58.065120431030486,71.04884695878562,30.883830234595795,29.602076548629913,49.09618696469318,70.41869980435223,30.824572879285384,51.8041149858037,9.21506322442149,51.93785023785186,29.741021319120794,29.924007164159274,28.180950472658424,30.346469635210408,34.396520207948576,33.37152279827173,33.03356490854834,40.227552428572345,39.22252033496704,44.04804181037877,45.72810061337327,51.697948731649234,46.29574667443949,51.33813521468827,53.411709522264154,39.11718015409098,27.398040674194352,39.72527753736047
48,17.53776134230628,27.099970369593358,27.145777743347512,11.669163152238875,10.07984280107908,22.025640455395468,11.669163152238875,11.413910234259802,23.00623208805871,8.287320225055081,13.933906594640428,24.35982890734156,15.980941727385371,23.88959032229027,0.5343337887574918,19.75430959583269,30.109604327320604,24.547768853488577,28.84495520589418,39.888020994294955,19.323293003459355,17.34206208566354,18.89661904582265,25.638435882622918,24.02682006712718,26.20740469778956,42.57253231582723,21.13105767800239,13.405097722188488,19.878268603929175,5.735143945733981,24.171924459267537,51.59978173404115,35.27676844914849,20.220476920500122,17.814555528948702,54.53021237277478,44.74351905136832,39.859096615744534,18.158262108510726,19.97417851059357,31.575428481474802,6.819300298018711,35.8300560400919,53.19031120119931,50.91749253943878,54.527757352440325,78.58111494083064,33.65796096232161,42.23165577586955,49.199125784745874,42.51655918240446,34.955564685643175,45.4697866906459,33.410862493537614,32.6075377130543,53.285182368669446,2.2960860483379864,34.09102089381856,33.337706182242925,31.47473900833704,51.917352195429025,73.24335073670075,48.72799185407531,44.25286809084012,44.18478913184271,32.604655033677545,32.29774820109257,38.498626913713856,24.186096640135236,8.81377101741808,14.974495008325968,20.732761748698998,50.67253014228697,52.94665968013186,58.25804606037745,35.91724875698201,21.542655314757063,4.369589423136793,38.15684191649638,77.93904860147889,32.4386231143,18.156182525031653,29.518212321748624,12.16416428263118,38.408420930722265,11.71237539893354,44.237468455826075,30.331784723505685,31.877950705379913,53.80058395312993,14.326159564385462,22.855318359651843,13.48812697907096,25.641593307036995,42.82513917128041,15.649531995170637,32.9231646300877,10.216255804878118,8.353172496175684,37.68070887028031,21.02788871505508,26.304003260867685,37.705575215868585,49.51479715944604,33.22768400765333,49.78243215379258,27.890100361780725,50.45926275185061,51.25599632570998,34.838848125929985,23.075204034102452,20.344162503597218,28.682158452455624,50.91453072052402,39.05306691057586,35.172683806657936,23.93069850096247,21.355708266821065,38.02320669997102,42.31379921063673,21.365350763596084,33.944548617241765,38.22441323242132,66.7565011365508,33.22251256340165,28.41307771085082,37.136741625085065,33.03448254590538,33.647622406184894,56.830956427842764,68.44778498005005,28.33006095786624,25.507858718401067,48.7879976998157,67.88425702144771,30.120804988498875,38.82581260048015,9.751435934121236,51.33912367278564,30.01539229349647,26.67446375372687,29.82125313785072,30.196869506272176,35.1213553600211,32.07358758433637,31.176461835020138,47.40427377791338,40.36824138284238,48.92558114658024,49.9357518537228,53.132840561697535,50.18502466563544,55.38749413632735,55.176400848333316,40.41869906773364,26.987633978840076,40.586637012653874
49,13.220540430217627,25.06969488968036,29.071851892536184,9.094646003529315,9.540676770270904,26.847323142068173,9.094646003529315,10.284968398462267,16.373971172383232,8.773876476170274,10.669894770194988,17.15157655521838,12.883470335563823,28.23119418709404,1.0340888218180226,14.284936036780579,21.72866988883198,19.899517364712903,29.25571168358894,38.624656005063414,14.05203472923017,18.135292291349018,13.815835545858151,20.477099789322217,20.850972715072245,27.010876887595874,40.16522726728226,15.059337870140064,15.764756094929114,22.538701214482877,6.658224199828054,18.742827837568864,50.7373361219059,29.80478600432754,19.998267799535068,16.702466868588505,59.267577837266614,42.451385305251584,37.852719578553,20.07016447832047,22.668977456371007,29.64597459410505,6.606238043041356,33.28634979638446,49.03004487318188,51.726523784330276,50.74735550945704,77.84669605236273,35.2881668245645,44.704069940615035,54.74938456038609,45.164091659828905,37.217402573183,45.89650298930012,25.893203064026277,32.17991107178359,49.444105118126814,3.0617420551813312,25.38436398502675,35.580620591462726,34.21386801306845,51.7269083973976,73.39652114741092,48.94784628217141,46.08482585707481,49.666676395307604,35.38385691588888,26.013549305395884,38.03706629158629,26.406087982458907,10.042209314470622,16.69708509949185,20.98622517018737,52.04538468826411,53.35517538945501,62.216624469182364,41.33619358809041,24.519275283812064,5.274439520352736,27.2763645977403,76.65397913730304,34.764896762997054,20.362104388468595,30.304202334600504,13.591863565861797,44.55966702966463,12.91244379162192,30.122701989991775,23.001899567774352,37.18723939658076,55.509202429516414,16.803886528242433,27.221554364568565,15.730413004750712,24.068703023472278,49.74543398781779,18.546977826034286,39.92326595386794,12.30991999254077,4.993138579438034,43.846905567787715,20.75461202350109,26.208809249641767,42.29335134160145,57.4324563267912,30.352761967347536,57.60025044379453,32.60907414681305,58.022053082327346,58.5154190030027,39.89345537845185,26.21305416525595,23.446503401137775,32.91398763923342,58.11170019858887,44.651312786296025,38.852056553417725,27.35435057061217,24.480425769430298,42.03120659541707,40.02926998615709,17.60825907505143,36.938411319818684,40.69183729862431,66.78948420155255,35.734009019688564,30.89880154162828,40.043260766304556,34.65807073399076,35.55331619870168,57.72108700452009,68.64384753810153,29.720678977205797,28.19973419213715,50.14803455354222,68.11407570763795,31.47979636514981,41.84645950885988,10.506266312430348,52.55201280708546,31.768921797034402,29.343971504527648,32.129629867162045,31.722749949586756,37.63774629262337,33.30178054694826,32.044997634870754,53.24898796630713,42.41058588343094,52.55665852100581,52.83921177989332,53.22312498330968,52.77703507538018,57.59395430090465,55.35617792660102,41.741909292468286,27.170787250940872,41.47391167186497
50,12.691889613397652,26.699873134163393,31.768954334683865,5.851887859299754,12.015185067921797,33.16786489314796,5.851887859299754,12.935143403955127,16.581551861443266,11.387142745823448,7.70236325943509,18.115771946298533,12.888726114021983,33.98748614563862,1.0458103141309216,15.60802015729248,16.597346814275326,16.680595016311226,30.9505335571724,38.01763022900972,14.887892820528798,18.740978486802994,14.205352456386606,16.675945423151106,19.2283625620325,21.058440204770974,38.27198706386936,17.556833493574427,11.868260129789897,17.100614189398325,6.160259494972411,20.78006781847275,51.097069728548476,36.302192473203455,21.310693938109317,14.66659717563161,56.734593684063356,40.969427658671,37.99733886573995,15.407522530266727,16.82781599432718,26.158499730613723,7.792844114616087,33.81458359965968,33.508300447750585,53.54135424590076,37.03995730585635,79.57370408269898,31.55703925948235,45.18662837546748,43.771206927960364,48.41936134678724,31.573757006639926,40.271893081598435,26.83183215362851,33.3557326136523,50.684523987080674,3.4796256073327902,31.79978791461891,25.350418740335627,28.18884626557238,49.90872887038709,75.14523965911211,48.77806162081545,48.847638384804,43.270330267039924,25.494770983384743,27.272028048801726,35.78547391519901,25.82465089982399,11.457364281544267,13.819864813739303,21.958841088275552,51.21834384329519,53.63385166991881,63.338998357637244,30.452342290770925,22.800707686489027,5.929176450224473,35.47182906623995,74.83678726164779,25.108362457907663,19.61488534645898,35.553451428906754,14.738059743377635,51.36468305073935,14.577088578154656,40.534407303676936,29.664614926147305,42.700091327788435,56.48776842305093,18.880298834261296,33.10212603412553,17.048440337130963,29.1353070190333,57.296524413367216,21.106160093539007,50.27423977327928,13.927587063842086,16.276817640409057,50.43559172336777,35.219497899880665,39.91013989238295,43.34114339832563,66.24739465864376,33.59626255637432,66.01706714363104,37.38737053934091,65.42325592794374,64.71102581898853,43.015067950696164,24.67412278393348,23.328252246532177,32.21927908157083,64.48254363676507,48.77426186624213,45.91626250770231,27.769843411129493,24.953029920231366,42.06444701660586,36.65469827554161,28.65986575776929,38.408914573711,42.308307318539136,46.46816651897731,32.572468632309494,32.84166812942619,41.009737531976846,38.33938514560639,39.12837781111779,43.54525643733011,47.14107566049941,32.51272315082986,29.63607925879486,40.939265940568,46.96939366820366,34.42784268206555,42.741820699776554,11.057281423225314,41.78103517473401,34.18778845631215,31.298463105050708,33.814711040110176,34.45505963991518,41.02276041514375,37.111668258323526,35.970141196552724,54.561715309751484,44.97914085507899,52.11860195162511,53.722880822826625,52.814312217501566,53.61990425817456,53.43733987118265,52.87908527725698,35.13415776849795,26.11756673992709,38.55675100133234
51,13.42686879248599,30.09849963288472,34.521481114481865,3.315995664241825,14.034711193338778,36.343945644584004,3.315995664241825,15.24476161917071,19.419032866641437,13.116994841115286,5.735820718798274,22.00509739108895,13.86344393636062,37.17780514107759,0.5825091757768052,18.244187810384823,24.82066612279523,20.68036665358316,33.98240931070974,41.477478307698405,17.00119333820031,19.93574882897605,15.836982070952203,21.31683355136045,21.424238470097603,20.784279088867518,41.787396851223576,21.801886333760102,15.296668230055792,22.06349960780269,6.301987895730022,24.79699349936787,50.92802663515417,35.683587022364016,20.196238881635146,12.757764761741859,59.60363165892261,43.783446984015406,38.674743826092396,19.923726219978732,22.33589445781057,32.17882327400777,10.126061864209582,34.9347722482383,35.573224334923026,50.75447676808285,38.53733055852069,82.1353565867669,31.46456336588884,45.040291239231124,47.311201590897646,47.16045208534872,32.079777771595325,40.55241590469059,28.960718902943402,32.44431798668932,50.31807580117043,4.750383945935871,24.805947803699606,32.01273348703794,32.427425526143814,48.328284411798485,77.05085032945067,48.330811746123004,47.21575271535354,49.80508653469906,28.553949634290117,28.738580947553025,35.55900272586195,30.04079231387405,12.861548678770358,17.341264414072636,19.42710895639504,53.0454084777597,52.835106433440096,67.0900826424686,37.20365137003726,24.74064461835053,5.85104835601512,27.940667923196727,76.5530392564337,27.555814311798894,22.012402519521302,37.58673989489098,10.773784026388054,54.00896687912079,16.066928449654124,31.824371071513887,25.233368111575473,51.441083553661514,59.64300860797862,21.576984611978382,31.891931276536376,19.46070373369994,29.98736322737645,69.21947853332003,25.171174892231058,52.06812044565445,16.467824517181782,24.626892695712414,60.861483514513125,43.616789563332226,52.825168246901804,43.6607579805849,80.14870084018379,43.00683961050078,79.78219255210124,44.97421652407037,78.84156877347671,77.71859400399475,43.01762348506244,19.93183088984941,17.12208224639732,29.474580105030665,77.52024573920649,50.83113215730783,50.77149708363528,24.995715630936257,20.674409971092672,36.3065682577154,44.49180637104398,39.35323725430183,35.30715253623118,35.73272673330759,50.41491862396032,33.4169542287661,36.11606834674926,35.21730324089075,39.04596015894939,39.938060529230626,46.90813360299109,50.814573417165924,34.41961165870907,33.93113009151589,44.09508245966099,50.62752820915748,35.88776532603062,35.567964182873425,11.935336963354876,45.0018279320942,36.15837073657093,34.77354550024646,36.49992752598925,36.10166828818474,41.99707376764695,37.699320520634664,36.44938147299816,56.789246394674294,46.086462615302906,54.49622940770797,55.49249946697028,54.57016447576136,55.339766813502195,57.44880913637978,55.63034038692511,38.64405983857244,27.715636217266024,41.13408382179164
52,12.665884314233683,33.10674475138704,36.82420295369216,3.2121117706859232,15.261852786995425,38.12479799067715,3.2121117706859232,17.41834294790701,13.473013107120318,14.831904551550942,4.857584092360693,15.045117741341695,12.313062406334854,39.067099135635495,1.0435536317513723,20.96606267648238,31.614959965918366,25.076610049088508,36.64680043753237,44.74257626535327,19.462399089528756,21.925367525018157,18.055523253811646,26.130897412693482,24.56749315900282,21.162741450298295,45.34276456831213,25.35198975867457,17.021170161841486,24.189635876753886,7.439831912806765,28.26934158047569,49.941631714136456,29.727936129627377,20.80929160365635,11.870936753037196,60.99604476158217,46.35848112290777,39.321661055464446,21.912961749084204,24.432871839610645,34.335036716802264,10.229454450772897,34.14279256663318,38.29653703731386,49.67392450269546,40.657720758861835,79.60041206462076,34.063983300578805,46.319868917602854,50.19799795409087,46.41081939263012,33.23765404144443,40.94435389425372,31.641435797960018,32.237682645592415,49.433498349925316,5.638716353165349,20.299078927016478,40.29860683951495,38.175429639460795,48.110193917115865,75.42188209851064,47.89778138646333,45.36564046040766,56.727187700281355,33.00877121512825,31.832224340371948,37.280713003022186,31.532852715620237,13.382808127077013,20.95684479501991,21.763773718315164,54.175105933835916,50.97089168743399,68.9787180709744,45.50494042230362,28.38930875155775,6.694005126313895,21.45488906722835,74.5232380743745,31.33309392158965,23.59502316996423,37.433227869475715,11.531699623172472,53.23580577371378,15.830647140135346,23.074676564176446,19.999354192796236,55.00993766416786,59.486913635006665,22.138776283453833,32.62595729400349,19.997960013472902,28.442657183864775,74.41010232752785,26.390868606057374,52.89011650215481,16.944011843851193,27.77778710043373,65.28639764260241,46.73292517058564,58.074966803676524,43.91366390931561,86.36413383927709,49.5301307950572,86.04206348228327,47.95970667546499,85.21565668524967,84.22967507921253,42.313794153408146,22.146498419178588,18.523979773329877,23.017044719726247,84.00759055747741,49.501074905810256,50.42234818330407,24.306937446007403,22.237449347486198,33.814309410789164,51.91646030189399,44.50370240134051,38.78922613754091,38.75499180167409,60.131043684527356,37.05231106267183,37.02982341944385,38.870383626918816,35.835066335861946,36.62298571808654,53.789003456044206,60.68950895006036,32.86593154251381,34.73449876291794,48.96256856440076,60.3555757585958,34.57593723103964,39.511874424378206,12.09762714193751,50.50096588030154,35.6032300847351,35.972770364964504,36.996233560300055,35.13229435028815,38.39286992684373,34.666452128302815,33.58083467652232,51.87704784391248,42.71235850289523,52.14060116679703,51.88962040441318,53.90282802416288,51.87221659967135,63.42133289174885,58.79728230999338,41.79653535187948,29.107727914158083,44.329887268039414
53,13.404888761231994,35.715454951670296,39.616355258579354,2.2820954850178667,16.360154853262355,40.557741353813775,2.2820954850178667,18.425457799789335,16.225923691364894,15.777560619563662,4.358452226540635,18.478009452078517,13.459465081282335,41.645874350043385,0.6701316570258687,21.79923506921867,38.34092635609262,26.907837773715354,39.73293068574952,48.98406603486485,20.119642065842775,23.494712511734765,18.54987835470013,28.732669554464522,24.59958301182077,23.370816165441244,49.915909515189725,26.839049044619653,19.368575793144537,28.09264356938352,7.690442833564429,30.058651456353946,48.466252437007,19.80686683125836,16.736353852095018,12.335043827864641,64.83622757835536,49.36238629530531,37.824361561805176,24.36556722693599,28.170629317004288,34.504051054243085,11.063449480216775,29.255220347308494,29.355384713762525,48.422180837682085,32.43885942897118,78.75308565245429,32.56773001456907,49.04312227701736,56.03465085897865,50.83614803242732,36.51786354040886,41.22683083372496,24.99234720839719,28.632109136712685,44.31183141913428,7.272756211922191,32.01432004936434,45.68965830209786,42.01242935349022,45.32752608187861,75.17555508561388,45.342564862779355,49.25195276720106,62.16611442277044,37.56671226929672,25.316525767462927,34.23361503548141,35.39015822577471,14.546428033717982,24.30464696626921,26.230345310505907,53.9214003309041,52.45337758868425,71.0015494039898,52.438071862993,29.157501543023407,8.466618460350603,35.043022234410195,73.54984756115134,35.48611673046782,25.706070099575324,43.07653598675546,13.577498976069064,51.26896037421528,16.115291621080612,38.963939161629455,29.363954426455695,53.06470790150566,61.448719017344644,22.407862115662855,32.068511356466324,20.119271578924895,31.989987589000144,72.00141191796344,25.126615507716853,49.789020672121424,15.899243286112046,30.181872654825888,63.09091326441438,47.51064522349838,59.27353624073543,44.00727984734661,83.67706808070636,53.143680707673674,83.44275428275272,46.186403068370026,82.84095756225358,82.12282940026685,41.97358330118611,24.39337294328398,20.496050668306378,27.490233705867006,81.91922074391206,48.49112326391706,50.04526568318583,27.500987182207492,24.556852752707734,42.9951351774393,55.822429948876895,47.84442664875996,47.08907495037482,47.21724505733941,64.37293117914307,40.350821024848,37.64561720343525,48.35041713325597,32.309681314668545,32.54513353880243,56.42023158127538,64.95499840627657,33.321903904452185,37.91531092952939,50.50443294900114,64.54061420386397,33.63068970160877,49.58429855492351,11.846681692150728,52.38347191900388,34.72925555582138,38.01150889848052,36.22880732354473,34.116979593788336,32.96880369311985,31.99020768095634,31.68209006048691,38.90996106971854,37.50134245451461,45.17515066500729,43.90172541730642,52.940916787604564,44.408451326037834,69.08164748179115,62.892998319418915,44.05854493048493,28.046662480377044,44.165431916524064
54,11.420521426062594,30.689524895814184,32.206118076979415,1.2319650502680897,16.44464503494736,28.268746068966323,1.2319650502680897,16.936011500728906,16.791091718382745,15.962156662480645,3.463413823241578,19.363607046074907,13.538321185961657,30.016436011652434,0.6075922663552378,15.180613191649291,42.27842337933679,32.758876327017326,35.369309451077335,44.901334770957405,13.985635504832363,20.34142258954865,12.868927132007109,34.9574153354353,29.253134222876565,26.752983661776614,47.39637642847028,19.216140611959684,20.221371104737905,30.201924361009986,7.060500247901765,22.979744730127653,45.540422681227625,16.858894221459792,18.627430939923723,16.450193390168753,63.353778760784685,46.95608386827934,37.24469819264044,25.834059663764293,30.010814774028567,34.88112430443152,11.283758151603362,28.852309785806224,35.83860141097911,48.52510483036585,38.245250848839376,79.23785862504697,33.106824226750746,50.4108211328692,55.71461048319826,44.570317064222344,38.444387882440054,38.84978211186603,27.882848957904677,29.116959003323938,42.97666478136679,8.132574437873926,40.37100917833501,49.30689679464407,43.737076197608936,46.750205997818675,75.36136863462231,44.813317017039445,38.83178431907177,66.1701525248719,39.32858144892689,28.127045235318732,34.27941526828553,37.109360901126905,14.764690623315143,26.223528815598392,32.018532798330845,55.02597019160653,44.507578828064986,72.20094473248369,56.66107485578091,30.70646894988936,8.343297695628413,43.565410066139755,73.41705643537098,36.818603367633344,26.365041298588327,45.22344799837045,10.696493244138185,49.468722194727505,18.216861990652376,48.469398645823446,35.74032261665411,54.036336613543156,61.797063993043,23.915491717092685,29.669703281777622,21.723883061303493,35.92249490595511,72.24974160074723,26.8406639814262,47.99461613132023,17.64019004258594,29.24733459635149,63.68713155389255,45.9799996855133,58.35134135766663,43.22886960220166,83.45717534421898,54.096074869351085,83.29255226763131,47.394714104342164,82.86904622639744,82.36338407476568,40.62279384306643,24.388541523177768,20.464434921426303,29.42569884589848,82.13109815209592,46.8927750458311,48.39606367217437,29.869644834257734,25.9078322598754,49.14088123696973,57.9325834567992,47.360846932099705,54.251307530044706,53.82268606282095,69.44104597519195,45.01078121197991,40.76105578301687,55.03288121130125,34.47157715551487,34.69220634479522,60.51615485225416,70.23003157531829,35.63099965947721,41.64165522668798,53.81082093126337,69.75765063252945,35.59484607475125,56.7151432000217,12.363388459957223,55.93735581553709,36.53195126993631,42.14911443718423,37.80896879154772,35.987344870334546,35.077243824534115,34.17594647454027,33.8896212821046,39.9523425528507,38.67383495428445,45.60870922747454,43.72305928484393,51.61916692122613,44.10335848743205,68.63568313772853,61.606967030333564,45.95621927858857,30.294386680440514,45.10820361970526
55,12.910497289006178,25.01240383619938,21.602208318484628,0.7137781275777078,17.411266220185677,17.673793716552797,0.7137781275777078,18.206584842940977,20.190747945222956,16.11064398549311,3.246302787554536,23.500169052001237,14.377150352667627,18.987543338428292,1.758671068390591,17.9551199674805,45.90800791472649,32.26695265436463,25.349930866011682,30.438298807283495,16.43348211214647,15.278585209917162,15.012722776454217,34.8949897812219,27.974280525411537,29.20847777459418,32.411144797944054,22.90635275291931,15.854567626287613,22.818982927797023,7.0526832696769235,23.775198137626045,41.025144002059,23.33399705363281,15.088754347822464,16.410119725392065,63.871556795939064,34.7685041631822,33.90849172914968,20.16762128862072,22.282227434473178,28.64890314738512,12.524748651052867,28.06313490558572,38.21873257302601,49.50887790133767,40.804639847647785,83.31187203611844,29.551255799901032,35.85475279337784,60.61055695121902,36.251741665763085,37.12562633703963,39.159496711383866,30.851914257004548,25.995645599149896,43.95999050746077,8.880845763111843,41.55661583890316,35.06354540623063,33.708852374083826,47.89452482220816,77.91268409826601,42.915738847730374,36.85615779256286,63.24847946329491,38.74576464476674,31.256729627274478,32.19038339127548,32.57928694104423,14.077187816524294,21.947885302654207,31.058895462890135,54.63682410341821,45.492524622724595,69.27165266964462,54.94953629018563,27.005993755037036,9.838915678701516,45.212601742304756,77.6174882242699,36.45629754453524,25.628384937551015,43.874863161038455,13.861181033927984,44.480318313026174,19.725043624853217,51.19983764863672,37.75372182731545,56.19433033712074,63.24906014477136,24.590227956581828,24.017545133974675,22.67303209537264,38.22688396894701,74.26625594814195,28.9547045625348,33.47005160731005,19.55308497944219,30.490750591069776,65.77522842138106,40.93989095879823,60.23434391673762,43.89879576639755,85.37903101929591,55.91926627233263,85.21167461983754,49.585724218983856,84.78173469513604,84.26931578568208,41.1809128170829,23.608429768371895,22.049566306502435,33.24713038929486,84.03738475286293,47.15696479719247,48.69404107600831,32.516405711930574,27.793314583789734,52.970509990421725,59.767011649572865,48.65714987081739,55.710431957258834,52.498626514878254,71.33345913901444,47.27394430607459,39.78631317346058,55.46355213481312,26.21329050770353,27.140849108076086,61.05890279032978,72.12735519756033,28.245570094363117,40.84109592453187,53.45504174264864,71.58816673403781,28.634967125547895,57.924041920038334,11.63245252141517,55.86202716526593,31.554008783108543,42.16066607847058,35.57366459654771,29.90946170302511,28.994154102769837,24.952024559892127,23.78584724771553,45.97866605428864,35.867989393199885,50.89206513569679,49.11295925836262,56.19160177332046,49.414207976315176,73.31566674271407,65.97294438253897,50.22659110787742,34.774460301865076,50.92800217392016
56,16.48202680564127,28.674881259252686,19.2504489184077,1.4569178893452999,20.41169434522085,10.6904173311943,1.4569178893452999,22.159176104698986,24.0360470430593,18.255168478201618,4.508257070594442,27.820130999017785,16.977346692370123,12.804014201342799,1.0442159372295405,24.813166502151237,50.97995844943653,36.257542037978666,25.962945910083643,32.64192422258238,22.769330379513814,14.840003173337406,20.858699622458133,38.85598014966763,32.277712072230656,31.13207003485343,36.25709849373664,31.12070113454195,10.189955723187635,15.379216668440915,5.886352704897197,31.401167053857737,41.038816137058824,20.960927508514345,18.554190841928442,19.16668711396598,61.28889048590906,36.959281299646726,35.214682274574706,13.045705262672092,14.405645634637905,28.26070331524402,9.75027096569276,27.142230474204684,39.907333113351775,57.01514209084739,43.11581998555156,85.9682222196454,32.822372244355265,33.758171646462955,59.34087199615891,36.39497778170687,37.47943312228622,40.46955519451329,22.16579482682291,27.810074339565112,39.10228324803932,6.6396732533796925,40.91988947897716,36.53997857893878,35.11794346387631,54.06275831458767,81.7996026113731,44.86285163116047,38.893397942029246,60.4430210347823,43.805934790631916,25.31362533403014,32.27490410155592,27.78627304060934,13.568969434982064,20.456156919439497,29.152537208109734,58.24374468565967,48.118996825871264,66.23760214006073,54.55253882564949,29.35989546510703,8.54802897170507,44.9451916042728,81.66133918946119,42.464014707615014,26.172687624938085,42.605282255912094,15.545527246051886,45.1375954929564,16.23341797437835,51.29989114596525,36.17616995205656,52.44780796195847,65.35641197130249,21.128656718608166,25.14475422367871,19.48556957526948,35.27036995375722,70.98975857106765,24.891041310952904,33.99128835433299,15.622092053133692,32.92475449889625,62.26052725315456,43.31251620047575,61.35153825141772,44.962588301248225,82.44731282388327,57.260588112719105,82.28788775011566,45.70678256703639,81.87860430936134,81.39138841165217,42.53070540162684,26.129251901696062,24.612992121707414,34.97874727620111,81.20302876688204,48.06604751499104,49.965403277030006,34.18961836731148,29.85490718842738,55.66473128215992,60.249928056519586,51.25840555778277,57.211983057654514,54.9354747855314,69.32788719485373,47.02799637597466,31.52329403283483,57.5957948980184,25.985991582046477,26.90281177929269,55.863203683363544,69.9495499098801,27.126908907693963,38.221325391255824,46.253120875712526,69.26174312972194,23.72595582258869,59.80493800475459,7.918748055535163,49.2864444970374,23.932213066632222,37.365643859912446,24.216637620791385,23.565011646693808,28.76035275550134,24.728284687318688,23.565800851062093,46.25798231486113,36.21329915764316,50.455647270282874,50.232023687146835,56.318600938129315,50.62368118977073,64.88196428631129,61.99390507631529,48.972270617928295,34.61618778123975,49.559654963466706
57,18.478314420808328,30.442605013787567,22.266616417761345,1.152993465522284,21.04757774490153,17.66922930167942,1.152993465522284,23.34369324126138,27.759268699353544,18.502398944868535,4.756344868956599,32.22253375900492,18.22138863701794,19.136790981913304,1.2197668021812842,28.60358615096399,53.70767223481949,41.04720817627259,26.930429408711003,32.1689250885934,26.198309997575972,15.660951184305453,23.94899309721503,43.339813772127606,37.30779915094443,31.437789293804574,34.44779214663263,35.85424485859731,15.337343262335404,21.370342650585172,6.725991169004448,35.20761179253895,41.22821378099546,27.964118000126884,24.405518926888693,18.77002865171682,63.7017352309485,35.22374150801514,36.953141402540645,18.614598739842652,21.395149817126995,35.30013323481662,12.073572354999557,33.33437241025295,35.966412584002605,56.310165424644644,39.06679844074227,84.16160632352545,36.888501320590606,25.814269646233125,60.78362874537006,31.530473592503622,35.71057107203206,37.902675644938945,16.624435476767463,32.036677514357585,35.41212512963338,7.530764867456909,37.18050635041575,41.953341306317384,39.38057074218691,53.09667414010897,82.37541316940629,47.585692921495365,36.45877310541322,48.95557577719742,40.09993424513467,19.670202672749785,33.43234770444021,29.278203931112188,12.317831220720988,23.114207729244704,20.49147500562288,59.80408656502812,46.110450197809186,67.108461556306,39.47496042413365,31.208118703264706,9.522505361267074,43.10512439399591,80.08576471930624,40.668825397193956,24.461617073774548,39.379138027565084,16.851970095818825,47.06179352519803,17.325752090212873,51.19898619722165,36.53889260311623,50.733373996734834,63.32644416948782,21.143388858779556,27.68963663825552,19.878683570560415,35.59751874500254,67.42013734188323,25.636364950425087,37.69425863696569,16.961760247492723,34.5503530733319,59.57065043224637,46.27135163354553,61.02155886185875,44.57143874580325,77.71713144543273,61.48426862686597,77.72775086214376,44.64517272074864,77.75198031764951,77.77883385206397,41.34628849065992,21.811447153959218,19.223251759242444,32.05348520685431,77.59032529302878,48.35454300505142,51.23950900481388,32.22440408008738,26.581772198909494,58.27233254890881,65.68590425980759,54.4635486126607,62.55987726992991,60.57843603180779,77.31364340210251,49.915741305471734,34.14515204994371,62.46812343689126,30.52682146901174,31.193923322680412,61.90692196671534,78.11308898751459,31.023727279235963,40.9722883041826,50.865278171104876,77.3213429215703,27.351718005504857,64.85111069237074,8.379411133200406,54.34882831911439,26.62706263887631,40.51983318747855,25.625409656327967,26.77239456829362,32.54707556196287,29.603349450698126,28.744999725449635,46.972028615600244,40.12410458634286,52.27675796796569,52.970264310745904,60.74849379397966,53.57700831346526,66.7892348454058,65.81157629871824,50.139766486662,35.50634629560121,51.3149400192036
58,15.75614891813501,27.730455464729133,22.11036148268007,0.7526789051145502,15.751354052467777,13.16163787197047,0.7526789051145502,16.62250901577744,28.76866624341274,13.131557414532079,4.526106275212766,33.46901860139725,16.769554069483398,15.428363892998545,0.9961849639613639,20.49920651484267,36.79471105417011,33.717538248216705,27.047126772922155,36.59680082430983,18.780821181868504,16.744095511717436,17.17316478876947,34.650145556772024,33.53636757019309,33.09174939135193,40.437556371040365,25.62671430876447,19.98086549218994,28.061673193816628,7.604622193099467,27.738211559773468,43.188256323444826,34.601120928067054,28.211229635632755,18.882407410687826,65.47101660093705,40.552948890903366,37.64943039938965,24.72738488223342,28.452144432742525,41.24623548405274,14.652730462398022,38.517989167108084,39.23492569295639,58.72328953682808,42.12578144994397,83.39999995891348,40.69267825745292,19.56590543067659,64.60146021036243,29.97682995891851,35.870560696092234,40.47357129823789,23.439411310085553,34.54691308585889,38.40121276974489,8.643011724513247,35.49109469275143,45.46565512910802,42.636871686256896,55.67329611250417,82.55710981573014,49.93017926964888,39.2011730949685,50.0599600583185,39.40021048273314,25.283901451007548,37.21895780457905,32.36751574077218,11.986533657153089,25.313854811984097,22.35587349724575,61.45185111684263,49.35327115847709,66.28999939795078,41.26545887022451,33.75851629554296,10.822263325526787,40.19249028831222,79.99748739282411,39.5364105372228,24.084206595787457,37.86591679291612,18.683091255995663,50.803652627766866,19.48902283899555,47.10234918983688,35.11205134158667,52.04877703419611,62.341841603326095,22.946024475084805,32.82616674122729,21.84139816397964,36.155392071176664,67.66771704333945,28.21858695949722,45.84512414216935,19.707699419258024,36.272721520283994,60.3284903152437,51.14797776217706,62.422889332640146,47.00163093958654,77.29300765179363,62.966808218274586,77.30693398859304,46.325639539534144,77.33981772015972,77.37726827773052,43.99028415200263,26.84758715297518,24.63895434536398,36.25284893619717,77.20831559416939,50.149624140049646,52.93435234343151,37.4053277187389,32.06883099971911,50.19346967730977,66.777301638638,56.73702347971107,53.61727623399225,47.757784982014,77.2911704371364,54.26307974470133,37.341462812645666,48.773593006814714,34.47349156449139,35.115039142824784,62.691376321820954,78.01407119046186,33.55264300405102,42.699268637176054,52.248947108646234,77.26545376621746,30.65596166094114,49.693061164500364,9.25202779813587,55.54416663470673,29.665091045972144,43.92170634452931,28.29399330217773,30.018363074050814,36.476048250368756,33.55598195537725,32.701836851374104,50.606220412179624,43.8758613289871,54.597680198614746,56.39048522605919,62.56665719990664,56.97766180063994,62.45748599268879,64.41318203931515,49.89987232458493,36.82024187576524,50.876591185975144
59,12.750839115617412,24.175931528867842,24.581562104655635,5.06068381048453,10.031936106034472,17.698449854237733,5.06068381048453,10.546307724551536,20.091500466241996,8.591829640435597,7.467149720366853,22.34688370035895,13.142909601294981,19.58835778979119,2.3100194829717426,14.325242572980144,23.221306535229925,27.278943503000157,26.597503578886414,36.756863873719766,13.648436218701876,18.62690645523835,13.005968867038893,27.225800874516963,29.21277387206883,32.67980069634039,39.81358640089001,16.381992213000263,25.560595513157118,34.51686949558003,9.947296686938447,19.994941291940595,42.593388407109515,28.928692075262642,29.83385916477279,20.74031352037788,62.64665361787517,40.41589606744014,36.55795821412645,31.244355147535074,35.38184214641161,30.22488836823831,15.530293994464515,30.534440720720863,44.90904186941272,52.98083820735097,46.38415469661872,63.11282568119579,41.84701127309632,31.215664075882184,60.538243421336624,38.850391140864915,37.97002605772269,45.00130699714296,30.922441738194163,35.210130353956465,40.79393654261332,11.05647461309818,27.531791096851585,32.641535572970426,32.03564394083146,51.597642283353295,62.78092004953984,46.073783813270715,45.57069799871581,56.02007651039076,39.930884165867,31.757063583516793,40.10661477405558,35.89799209003439,12.294015797746816,22.682296316489037,22.552739292401355,52.20715774551706,50.63927607218577,63.14130247170867,49.18805167505163,36.72428616135774,11.43696781958637,30.13933082816517,62.42887682020335,38.59430919270107,24.73567971783668,36.505543793732095,13.850047972226026,45.15166516232752,22.86276199540792,34.34250776131453,29.14146905816406,57.299133521481444,51.24245085581807,26.692677037371013,23.246826485426652,25.610100858004518,36.03949653466843,72.74872323853728,33.35468453826613,31.94877865449008,24.489573678956667,38.398283404573434,65.49874019921673,47.563477061155034,66.25156449970737,46.181294636136194,82.26324726570043,63.64555763689213,82.16013501154761,51.61155390304345,81.89506250951065,81.57983309021894,43.433083914258894,26.066210110429168,26.057620964867418,38.18105153109313,81.43212480447087,49.02636019494355,52.31002191332552,39.25503737641288,33.68379238309316,52.47613352486769,66.18580732760937,58.293921795633224,55.96675249037751,49.84668054930641,73.73366892333884,55.17479142149835,41.162567291553486,51.022585686140125,35.88088300489139,36.55899764309014,61.50384033617003,74.25138384200689,35.223919692452746,45.21053047618083,52.80371600334404,73.6287732713546,33.247530986198115,52.164288173449506,10.679004389414644,55.551217169901115,33.00225497752356,47.05983755293591,32.657887034116236,32.99623829010122,37.98897434700065,34.91580712776017,34.01784615411521,52.16789539113534,44.97094173164331,55.93583805315761,57.093056805193235,62.62745802460511,57.59009016692645,63.88962609248444,64.88656186893071,52.70783455163391,38.393962403265704,52.20889881800852
60,13.91214983707442,26.611712751471227,23.85039403628191,9.18751024944403,7.133018179712844,12.919146899418124,9.18751024944403,9.820946423697327,13.695030309173955,5.485735290952726,10.470528146593109,13.975919634095543,10.941105084798782,15.499686063893902,2.8413204486833314,20.584401769922867,18.058617321087766,17.788052605700685,26.458502389502367,39.695101500050804,19.8065380533009,19.80663550112361,19.06176245258863,17.63232077601574,20.64436543575896,39.76280042426454,44.095583639254684,22.54376874639485,29.358552269406953,38.70040930965664,11.474998948564934,26.06256943603676,33.699184241538745,32.7435412871355,21.601170826245063,27.436861097163025,56.853386498973315,42.31331431386783,29.17740692589604,35.9317574255518,40.323461137154155,25.637038298740904,17.796416845436642,28.594007104540587,48.837329364878485,53.0711244948612,50.075613806429274,66.77415311918344,39.18792896507655,39.521287824726016,64.27606519663759,43.91833790973347,45.351715237527735,49.363383587261055,37.134584009892066,24.68293978763707,34.638677112088494,12.716876557591082,25.80446424924009,21.232980595681237,23.41885070276696,52.54236011036569,65.86595985101096,39.32402301391378,48.04212830490998,59.751644961286146,43.24099516252501,37.27632715267398,36.418964767941695,40.21959554476441,13.64353247375789,19.90984508917787,17.396887880682957,55.05461740155302,52.92589862808,52.114837553739584,60.52484753515038,39.471545435831935,11.50826536247635,30.270925214202162,65.60527454908325,40.56562189149342,26.75880242901178,40.10768076762735,9.489314579367253,46.114243572736285,23.657655419985463,34.96392353805332,30.246552289141995,54.76202188956301,54.49067488861914,28.292437628389425,20.478616950748574,26.907067247392522,35.66256661993488,68.86023163576023,32.80993174757695,30.68358846820619,24.559368513070254,39.148575372131894,62.24399126335149,47.87023965051755,65.11558035552234,47.807217228454554,77.54719734039156,64.21417193390494,77.50824452271833,49.568616291494045,77.4067593556425,77.28551385071113,45.23164198370472,25.272003850972787,26.954672361957513,37.869440891559954,77.15924573689237,51.058700343488525,54.20656551107106,39.65717819458684,34.49031154528709,53.43056912059525,66.73595345082623,59.18688882599178,58.164500380498424,52.232498548050486,73.90997147023374,55.23709706641094,35.42065783126576,53.86526974020355,36.6308781442684,37.46981328840855,58.89895554441403,74.4025368696768,35.96600986249772,45.863465289809824,48.352864737651224,73.64451580633529,29.90061114296777,54.19696772316996,7.93464428985603,51.67858450895328,27.52535909770982,44.447559247903726,24.2652505256829,28.443457266445225,39.22626472359151,35.44740280092657,34.349119229898704,54.77332877141859,45.51345531343596,57.24416804825046,57.52194159716793,60.988688845433934,57.7902243914243,63.77315626599084,63.29659144217745,54.71948563661624,37.94934147310087,52.23876628011505
61,17.63728415147152,31.196121966342844,26.942527667800857,10.841112888816264,6.466527917966434,17.4614978457841,10.841112888816264,11.23631141837656,16.276799722471573,3.898213463003559,12.310609190702538,16.662773593151787,11.723165441849082,19.874792058744983,2.825731568251701,29.982655978103164,16.98418351831048,16.322748962185237,28.089097858722308,42.09478110317866,28.552156085396028,21.219229603167594,27.193775393217557,15.630899940436805,20.66286240846007,46.57934229356317,46.085234693637936,33.377066237056844,30.553219956395804,39.749171222243405,11.815183019143928,35.8134002579403,39.075940374899254,28.879549689480257,25.24521082736358,35.89965140203004,58.243199924039615,45.084476948995125,33.342510672710496,37.70570178306278,41.960838203631866,17.554024790224002,17.398056323791973,23.82374114765228,56.23682180380967,56.49017667288839,57.04863923793788,71.53427020747273,44.905435020264456,42.86815281606545,65.87375467099619,45.97468413508141,50.151676406811,53.42407953945835,42.199326263214395,28.966414527284687,40.91179025822966,13.95958177211148,18.07394948414233,13.35491182470425,18.578413191891514,56.83321396079423,70.3854410225705,44.537750766173055,49.86071801062395,67.84870674666126,45.157217497591326,43.1654085138932,42.369347153312624,43.47926681342759,15.702454762329312,17.990203695881817,11.449872151755354,60.27413243433426,55.67560097277035,54.55535148354558,69.57437611677841,45.458507360853055,13.07226629829726,23.274499136509082,69.27185221140049,41.30264837114466,29.23829967334359,44.00591086901603,11.736863378783246,48.48892566197477,22.888201545311123,25.03400983405347,25.4948059664756,40.198134974661905,58.39091516526598,29.631693725896227,24.86961122423937,27.55054352671174,28.011671186410076,48.27546069433552,27.09642716612394,36.69867649027086,21.766434818071485,37.04805293392693,44.499974181063735,48.32150119134294,53.87104751952801,48.5067131173888,53.212449294423976,61.54606949645554,53.49377668677627,37.18112463768644,54.20821870246557,55.053524919647025,46.05999852724016,25.34435578775012,28.25766340246462,37.3863633105904,54.98107248564202,51.6907054000823,54.08362771344308,39.88842555708921,35.37416222524074,54.53313965690687,65.11247858805396,56.79201156074956,60.50539820989664,54.83228745929153,73.56100340639661,55.36070429365178,40.6708930555756,57.32678257783636,35.5263626702748,36.540406643873155,61.127519095036256,74.14288657544661,36.11089873706578,48.217120142544836,52.259982170648954,73.50673965075592,32.19419892403222,58.185105042188596,10.39525444015235,55.058685451692675,32.0220226827062,47.504729399670715,31.790140055930742,31.8369038324516,38.62138686017075,34.11954756398155,32.8167929654489,56.382499410223105,45.07747844223971,57.28410100683743,58.16096936498023,59.492776767856874,58.327831336180076,57.5691075314242,59.06531840514394,53.90188594334874,38.01946654099604,51.40553931641238
62,19.64220298257803,36.249541832783855,30.982354780225666,10.254182986297645,11.852470400043922,20.955514098601476,10.254182986297645,16.637944746391337,18.675500770769126,9.376290335568113,12.067902313692349,19.60389426304675,14.55236405921454,23.56441589717986,3.439247552176733,33.224822902724,28.0473302222129,25.61507061137616,33.393197365925275,47.40770330835719,31.448904684631895,24.24432684200104,29.767712887078375,25.44779846985318,28.45736171598735,45.368973234459844,51.66821635412366,37.78177193588934,22.03264670552387,28.21582770386768,11.8724608629246,40.24575879334831,44.27791843516709,29.145181162694236,29.711007529852512,34.134717668537,62.68678437106913,49.97143144062805,38.910663886546374,27.21402388898871,29.237728456599513,15.707296150629483,13.610155996634408,21.824270497822127,62.98093669565965,60.232671827515645,64.12843345162054,73.46965514103276,37.66777518387918,47.28027980575116,67.96361134521999,50.87710934668116,51.01084045402704,58.27349108941337,40.182845591584936,34.1495437817719,44.241146975164234,9.595915775336964,27.26978924748106,8.397971406147562,15.27082361068918,60.40128798922519,68.37973420307078,45.06360189460633,55.517891889653384,70.56315711891115,45.873971468944234,41.01603818333558,38.58921493173959,37.00942590258124,15.185022352076087,12.614778609032033,17.06528473606709,55.186987651192034,61.38045298986987,59.747587418102874,70.53121132075452,37.42724315586686,10.138057692596766,32.645144755796565,72.55198824629211,41.99561618475545,28.648492984440786,44.49049600945194,12.720654440416322,48.74413649955466,22.492137533758328,36.22850634072183,31.417428658171684,42.517787033660525,58.537588788696645,28.3238197486915,26.278937844526563,26.446561563532015,31.532324619489682,52.23597594427184,27.19708777948977,38.32754752628545,21.231598104317225,37.466464905674364,47.67619885386309,49.37074371357245,56.177548862714694,46.344244542338146,58.21921412731046,54.17874166437145,58.14073004229058,38.92887177557286,57.938794878828695,57.69889132510407,45.82339574490081,24.842804244480885,28.44498716557515,36.322308098756096,57.701071570292115,51.2915735930855,53.85247173820548,39.26428049055223,35.21957732550338,54.979075448421874,53.61880709591731,54.13680738650668,61.97696083214931,57.39754245847679,52.28052191553004,50.20203730134529,46.54103128377754,59.95727381532401,36.6234892379403,37.524212028920005,48.807259676570055,52.18332647895876,37.99510145005597,50.05393623468296,46.4601288908623,52.01923599763979,36.72964889090911,61.359039865811226,13.230555997407306,47.2079084699588,38.30149710287734,50.56619686639959,40.4608882444294,37.31061202245073,39.341020398995134,35.38555248608943,34.23743646353454,55.018675250594,45.18890218897142,55.485110134765165,56.8442518995749,57.57674084820247,57.01942659111523,52.6180943531521,55.62098671192179,52.09573710738436,37.2574530646402,49.8168480762144
63,16.028590895706447,38.382181025581886,36.176303597531316,9.206576888296368,15.941408453133015,22.96009503315245,9.206576888296368,18.453587967800622,13.958852840881768,15.160100624639327,10.44391834527279,14.332067495360546,14.898379908736011,26.324695542027868,3.3184384034550582,24.004342604356964,25.859117544681112,22.278285902617252,41.22057549442609,57.288282742899064,22.92043231115673,28.25272384673543,21.889610230237338,22.64580001418536,24.438046167021128,37.55670499086213,62.84342098475849,26.916932915682168,14.585522142933424,19.01547604694159,11.672690515612032,32.58848535902015,46.118986823379046,24.393280329495894,23.563728708276397,23.260508776568443,64.84553081105216,58.82827623650637,38.10729048213492,18.290526974751383,18.790034433571964,10.850868481629812,10.527922554451305,18.013149718768858,63.32874997752951,62.794054596413474,64.81170394893458,72.14565351690193,40.13961390798975,49.372888072378124,69.65650351228341,51.6251633153448,47.750690941927324,57.508979425366995,37.50309870288941,29.965739371535584,44.865582228278896,7.75108708695321,35.35623023443522,5.372078771503132,13.560389819096992,62.265880375651655,67.62725045968178,44.26072437376971,55.13524704183662,66.40732568095584,44.90266806936776,40.78467705283536,40.44891499911539,32.91008813433286,15.69790377034568,10.001670499195882,25.11927934419832,55.871405056215295,60.577431619556705,61.27300845627375,64.50058264836005,39.85238790898967,9.467178759468625,40.00752291733251,71.00296412274432,41.8746798699361,29.02408511464458,47.05348876729746,15.13994967879241,48.90127231548757,21.76319107997595,42.38480303143728,35.402921465041075,31.634780485493458,58.04399142421378,27.72774639881825,27.535125603931824,25.646687270725206,29.570393726850565,37.253191858987385,22.40468228648218,38.31875562046983,18.51417730267174,39.86868073394716,34.62532017440839,51.515180205531436,51.61727094910509,44.87255235322826,40.67678329265401,49.17928525614988,40.58208265913541,29.53205549469274,40.33895627698857,40.05041313670044,46.02005563771849,24.551426028400247,28.528960049481483,37.218317975399714,40.203947805302775,51.48316649321084,54.70200236618824,39.16407305037455,34.983834778076535,58.488231956188194,45.20367321853729,54.265778573292835,65.37941972260523,61.944400136663305,34.22480826465348,45.567832283926265,50.00689687167917,65.08540213006741,36.75060877378534,37.670595080473056,37.57554113646007,33.457977280793344,39.30371923671318,52.20452774902821,40.30076838051205,33.66083092136204,39.050270940913045,66.95561399222929,14.925304142674868,39.452435010916034,41.82816523373475,52.50721030989553,45.643664789992734,40.221596814052724,39.481336872031065,35.50680987430705,34.35331805687609,55.51174812239954,45.651638753757936,56.16185682796964,57.76735934045106,58.7632784238869,57.987332408952476,52.883561757389714,56.47805092010331,52.844709893880264,31.723854063810244,49.61087581701366
64,19.209434229733713,37.61741637420591,34.22592098097913,11.602502151825606,20.77306199191344,23.594312377505215,11.602502151825606,22.800532233354623,17.977873798470736,20.037528436604983,13.147011657790555,18.556417231265485,18.723695108601323,26.396331928664132,3.88125423329291,26.040477953308727,26.635097780861393,24.299469615558078,39.658406180217476,51.82461137873867,25.028834458698302,26.719719734207807,24.06241002146036,24.486447228194,26.92903553498414,37.05193954518179,56.35176092038992,28.70512601480208,18.21823205708338,23.824683743725696,12.282674471819062,33.13396900806227,48.48527007317958,29.01921745580352,26.976305789980543,22.087560990918075,57.36384329067117,54.47256089857766,40.3218570646793,22.464447864585377,23.64821394646883,11.49952052149985,11.121471469049993,20.37514160072197,56.28656293942983,65.70493873865193,59.13455739824332,64.61282761547977,33.826105285781075,55.10091803037107,68.96051364956163,54.75272157053525,49.374121692451425,55.736378537754646,39.215768196274354,33.99428932860088,48.27631786898899,7.776990187956302,39.28776749077336,3.5354048654791677,12.858816153264543,62.19695331664474,58.801506496808955,43.19149297109924,54.82054031059866,58.68313328387348,43.81429979223031,39.536500247448984,37.74567521903196,34.134762426797685,14.639842878163932,9.30667550486933,28.80462152669689,47.11816339387133,57.56227471223911,48.34307549385743,61.51361351757427,32.41313458042839,10.671824204592863,43.34188235304739,64.24067434570125,41.05613396559982,27.56377765087,44.97560897959751,19.24751740092086,47.93291619057474,21.22964397692196,46.85040010976977,37.12930105398499,37.08167684195502,53.30796029262965,26.268263807175877,29.022894459476692,24.48555106644776,32.21020595940336,45.48846041496497,23.920409378310225,36.85133867855342,18.805231660375934,29.10353162677891,41.53655156588339,40.789410119228734,45.714319515799545,44.90944090970993,50.675809587750756,42.77777501803923,50.563976580527125,33.99005831810151,50.27726566443271,49.93714036130274,45.33655951846791,23.107870843164477,27.684238721977774,39.94321447012195,49.915400826446906,51.00500936748726,51.24873640017011,41.25795594875127,35.591636537748336,62.61470622277467,42.49729923219226,42.62100974639661,71.15066645515834,64.94385006687433,42.2017664401197,50.43653265132605,53.918516536761906,70.02569819661875,35.07853295679137,36.04160885156823,44.280375602505046,42.17872467836676,41.34775439333157,59.68390626563727,45.644694191358965,42.28277836508654,39.368663767576074,71.27127970865051,15.690429383807617,45.224100896243584,42.994344323843734,57.89255133246979,47.98352464777427,40.78162563518006,37.77991796472777,33.84878631741219,32.70873223914243,53.61064779635956,43.8206594802644,54.61923411636101,55.75202846857496,56.569978528338574,55.96044388762876,50.44105352636326,54.120045711224655,55.043893919799345,33.30989461191179,50.02410398095395
65,23.047859057430593,40.78327508780298,35.47576347590763,14.167464156747345,26.415444728587353,25.71706312801386,14.167464156747345,28.223204993822076,22.232120916124522,25.718842251838737,16.025986529100894,23.02979047383399,23.125003288111802,28.478627189813867,2.2062853039377406,29.708077190906558,28.963607356754093,27.48701632391135,42.53256746393041,53.327528194428126,28.639620359655403,26.126255173705907,27.61683483295117,27.515432907640268,29.957155308700102,34.32275359719858,57.72249953988087,32.47055036677782,22.471839118353245,30.132689554751455,11.128619944677508,36.587419618972326,49.297197302006055,33.09834857193834,30.709480117976838,18.71802848290213,56.10679169150042,55.6086352002718,42.04912406820347,28.111273678153047,30.92843353956487,22.345392931936928,13.25436919189279,27.979701177391618,56.26291947495516,62.01253583632159,58.41308075515162,63.31324533713098,36.01702176293328,54.940385234854475,68.28663762407086,56.36306304203284,47.87202285776413,56.568197794820335,38.482112939853046,36.740637201619656,47.157043703255894,8.878913525005071,37.66725066895557,17.740375778807834,22.550450137420135,59.65152569317887,58.35652987352755,44.599612937494236,57.57779261010612,55.80652464106911,50.85225498566848,38.089123527177634,38.765884080099575,37.42811872011824,14.470920331499078,15.051571677842569,21.45605266409241,47.77661326821098,59.65121004340479,46.751056033296315,60.58900229486588,34.11240474900806,12.447199680762791,43.97690643855783,64.85936782707039,49.41447799132671,29.424062932324805,44.94483981506713,22.848807281363353,41.70276108199618,21.679420678236077,49.61400798972308,38.738251390815805,38.165347917882066,54.3490845739837,26.245371219541845,25.12032561333573,24.958259211264533,33.44004104284408,46.99107528815865,24.446604196212913,26.25281564354472,19.161450943383837,32.34698640857731,42.83783797380087,39.333061032130864,49.301300705346094,41.96207210278042,52.45004741400018,48.39514318509412,52.413918646964525,34.92989254542349,52.320078762276935,52.20840833166722,41.31025456413253,21.876414943437698,22.894213497084174,41.65588735403196,52.184927170926116,46.93084092648813,48.82767829239671,34.77507037515455,28.045779278766005,60.44014110034445,48.67671534059186,47.16579774735202,63.73264105628763,61.72310086156186,49.5777772591708,41.56149588166405,47.5418312407676,67.44765685608814,36.379992045211516,37.18707321534728,48.44298032909947,49.6379646848183,44.454774530311134,57.974780072402666,47.58514826381821,49.58038701947459,39.38852458349763,67.1760844351434,14.730814391389682,47.86249381351225,41.76611284198453,49.998916708447055,45.04888796481782,40.0463737526961,38.50918703168835,35.407025351552356,34.50262515408131,52.30524155871693,44.86589593693413,54.099770249363125,56.27302632931506,58.280303923927626,56.675167336545755,48.388758618386184,54.52041085031607,53.91157358616911,35.33036755665042,49.78668865648919
66,22.380502836216564,40.1338052646043,34.48628976377788,10.611070190780792,32.32354941630295,28.707559193496024,10.611070190780792,33.353098014368065,22.476554073526188,32.31854656436219,12.838610083290039,24.022911917906967,24.361884486556463,30.742313627428178,1.362651799235976,28.97973408550534,30.929460238447785,24.522433452392814,42.10038315387944,48.413284609019755,27.610305625957032,23.80727043394918,26.310006121534087,25.166087466647628,25.54288903334573,33.85161481636457,51.46221020819397,32.648935972180745,24.16269699583898,33.04654031645536,9.89596711570233,35.64421712484636,45.43401934547524,36.437802765017096,23.554506373032343,17.825638110916803,52.44386527322979,50.41842361096728,37.98864950604426,30.595802363908188,34.04306184733567,33.035457143683516,14.595966480845208,34.92495933799352,59.11692127475149,57.03638105790543,60.2777486630291,60.141853104852466,38.69493301528148,54.1667773785745,67.86002825934705,58.34513549224376,47.65843574237629,59.40541425197497,40.28679649547839,30.83025082222582,46.29103708173283,9.0997693250651,37.60557440859655,31.502889086914323,31.065964672819902,56.747586092664264,56.95350816872898,42.76717694254437,61.88170501207747,49.08026910887823,53.99467462333213,38.474448680812436,40.32967599799286,33.151428640747625,10.072873060448607,19.666910389462867,21.585189104614418,46.53580171593207,63.72947277056141,39.91926808524525,56.960958117315144,30.724295523889356,13.755908172929015,42.606833894147734,66.21586996953305,53.72756655231456,25.07936343079088,33.601684931094965,26.592512886116214,30.451239707961186,16.067250000194946,50.09678093093409,35.28495651786611,41.38270253324963,49.54777536708016,18.07092909992786,24.608316196555016,18.184218526584633,32.17063702294636,54.314639818507686,22.035165258426606,22.235440073047485,15.146119137004487,36.66091415208759,48.20785247542277,41.687278695268496,56.981765866861956,33.743003526744175,62.38178587668827,57.11927720886652,62.38462626517378,36.70260403330514,62.39007898573574,62.39601430970048,30.806292194115354,24.20395275994723,24.211440204586832,44.72548668199536,62.33563466684987,33.10868600077643,37.88052959683531,37.26749633781466,29.727463605500688,62.17300311808625,58.476077713375496,53.79157306474837,62.9308484044434,60.27881461567647,62.23532837778955,46.58148135239724,48.745255867334826,64.9520076233922,36.38245869595783,37.12741949226321,57.52152750667052,62.49423670456718,42.709269604471274,55.70185906390111,54.1123434645327,62.25152715358935,39.67317076204469,65.52696923313393,15.011110846491874,55.19180756335507,42.29573145470786,50.86966556898402,45.906073675488024,40.58090167565808,38.40095592019963,35.45960798238629,34.60146063685307,52.039440994174065,45.06361359476186,53.29869334956271,56.70559500538329,58.65156405367438,57.18208372038562,45.02839725657341,53.217579125002764,49.27176899578714,37.240490799359215,48.13238663122015
67,23.89712847955523,40.37651099198343,30.236438738066088,13.790161845099096,34.97945709060636,19.890194437829816,13.790161845099096,36.07901376807197,20.922709564401632,35.143453644750885,15.452518948351424,21.619671607285998,25.73336148148095,22.68120538821287,0.7781295396994442,30.722140936600255,32.689978005585864,26.342947902583642,41.0964979660328,48.05894012161913,29.520703767984653,22.120227650315663,28.374596580196155,27.00496283772206,27.26465507098692,34.14917952897813,52.587363752356495,33.92643351891428,27.09569312679051,37.514300386273604,9.559635470481757,36.893936871649615,49.13931105909906,39.28757386589351,25.563278577186423,18.68735321483501,54.298061183890376,51.673630117209676,40.27766225146653,33.65135558105684,38.66439325021947,39.12378940453318,14.183775008725476,39.46686324877507,60.63008128365541,57.92991290489382,61.74592329280263,55.02795711960904,40.19394356016454,60.742433147683634,68.1701032922016,63.86564605180723,49.58734914931952,61.99965481056982,31.704683664643728,33.79440270975873,45.15999763231101,7.909336472249481,29.0632618695123,39.32457697318561,36.99075936714151,57.44671064405834,52.06250730850698,44.2396377816135,66.0457478810195,46.9718249765724,58.50673792991699,29.56081006989316,40.69358663785062,33.2162479807881,8.986345146732102,21.675989289218474,21.410477119037147,43.56426078851481,65.94719121467101,41.979235817696484,54.32103524742122,29.648807232319445,13.014381357481907,31.578066453010063,63.66523758741437,59.40351274080478,25.406653440182303,28.54116612234317,27.463700401080573,32.12971552447273,15.675413946354576,36.31201637478527,26.87486808345095,41.042804655446936,47.156817903104645,17.529421102706284,22.14858490923552,18.26020798838876,28.19798880160058,53.469860404857,22.418316652223993,16.979686929956756,15.73860730812245,41.60770832299589,47.60263383758924,44.01701899976368,60.97911355057834,38.375549746619484,61.23117336674797,64.07920879782036,61.34426451747226,36.54438898725439,61.63056206050023,61.96911327009623,35.190117733548014,27.45148199453096,26.553251784312963,46.38621517182857,61.934603306898616,38.06415559128925,43.381949143898595,39.42233681894073,32.11223811589074,62.53756264361293,65.63308697064446,60.61509018879613,62.48638472528563,58.766204829629544,69.35761176313054,49.7120010192498,46.177347610485945,63.48051077243397,33.90602544627909,34.6808373680853,61.07842384889259,69.61408699265039,40.16173754285595,54.242555302357545,55.26682025083645,69.19668643052432,36.43998204077376,64.12880819077354,13.654958753727113,57.10103707190177,38.67656671536329,49.75295988874844,41.75877115255878,37.133538106902286,36.01982118173355,32.941574332009246,32.045974155404565,49.890635215725936,42.463791523246584,50.91340310622649,54.01415119133602,56.11044713039782,54.43257540772045,45.8540446566934,52.215131993244086,45.154734569198816,36.70853648065842,46.48897365900537
68,20.9267420747699,38.400991253382074,29.476755867340835,9.610553140577954,25.43654553108354,19.946235507797663,9.610553140577954,28.354038520704933,19.03685038559293,24.446994920334358,11.428768420790886,20.235596147528252,19.87912977137718,22.58376531472234,0.7625669489054553,31.98758258731313,31.49394762351522,27.02015769707412,37.0928307547132,46.47230959904574,30.262592933578848,21.142259869622144,28.629816400763946,27.297550979300965,28.54017650181234,34.49928307878731,50.719532831435316,36.53752473770747,28.91560731932449,40.284383601853385,9.161595600776065,38.92166347781789,39.38168771726653,39.61038461364339,27.22041261684264,18.327870244384865,54.99351284279448,48.08377320583367,35.237748434434906,35.98907820351328,41.58773275814191,43.487199890664584,12.444478982379085,41.92717332232852,64.62094091522167,55.708115694988024,65.08308325221746,54.70916652409786,34.9660145230063,59.180509899905914,69.65035966792551,62.532131527531654,49.68120611935657,63.223933229462446,32.16739217762387,30.325823723582154,35.40409495037184,5.698058055286454,30.312563380089657,45.96203889053762,42.534429609094424,56.53866080737773,50.7703167252582,38.07255379213613,65.66711469927954,43.252568790697616,60.98096660043163,29.873250861418338,34.0601251026603,36.159564951852076,10.064933499411332,22.573570568514118,21.808676135606856,43.181685115762285,66.15166886153148,41.86729698375314,50.477988842532554,30.69369942357848,11.493157708502515,33.33044702132315,63.53665612955681,62.93675213709035,27.565814885489544,31.60992116611129,28.299922744193708,37.12254076808724,17.011913914195475,37.50919162172816,28.660621739311964,36.54784360917786,48.385828499393774,19.329860290573478,23.363192455838092,19.95307747029425,27.718738324494495,46.46546645608022,21.54066724886822,18.651576347258157,16.012488726542188,42.901538310431185,41.785142282630844,45.83958847221289,58.855345964070914,40.23863978913574,52.65059345788588,57.983430071797045,52.61598586252808,32.949065183907,52.52616618003956,52.41935780287844,39.223272566300246,26.593965859487636,23.98903119184266,44.40510034215004,52.50095120749505,43.97726187270196,49.14354442335555,36.885311093336895,29.520445709188444,60.90960171262508,55.97887427585193,59.44308114330369,60.382962438274525,56.56432570100422,50.36718267417279,43.06478771065126,41.662711742724646,61.66692802913075,29.838501624100946,30.70933104823128,45.940901697008876,49.97505548575254,36.455257890170955,51.325604863581376,43.182392752423475,49.77800340393103,31.788806690528133,62.26670941374423,11.973641136805682,44.054812966615984,33.81696938325637,46.004250463048116,36.617067038613804,32.32599411431556,32.234195573338944,28.74887335924533,27.73922058975151,48.503118075621536,40.032377645436945,50.815674233244515,53.87083539274825,58.04476194222269,54.41493127485819,51.120632785377005,56.255144099805484,43.9657479721368,29.54806288321304,45.31595051206017
69,18.978775210466527,36.2233912069067,25.960534919268277,5.992322933732745,24.480249574516016,13.834557501258534,5.992322933732745,26.88214278155265,19.90357969655346,23.211133256483674,8.312317696969593,21.934246889953606,18.802363072310296,16.858139507295785,0.7506945183560283,29.20281882252063,29.227892887805798,27.717427054770212,34.65873753141693,44.74471117315891,27.356800277346018,19.67759411875648,25.61430288187523,27.680233852891767,29.412110705651532,33.43979979017808,49.76732594734804,34.106899576516064,27.8647062739291,39.43369511556151,8.726738967802977,36.75851257644705,42.313708631439205,40.94753661806511,30.20258703351791,17.354648808267857,56.95591932462941,47.99634934343452,37.607408330556716,34.98492867703545,40.34003186654191,45.88214074097815,11.188837242721293,43.96752484000408,44.657731731718485,49.37030628070469,45.96169736158701,54.20695423279702,35.58981406668464,57.969709813048546,69.34396091931002,62.16239985407742,48.58606646542667,55.83856331847506,34.25449942555685,33.997699314383546,39.12562005830958,4.083239413671656,26.061168849769626,49.21682780027862,45.69636374841158,48.15140104047472,52.4801832812141,40.776393080841956,63.10850210417861,33.78047381168918,61.790895637179254,31.92337656069233,35.73250032457174,35.589230730386134,10.27998857029317,22.65429707897898,26.29730288190078,43.3218984227345,61.224477452964805,44.16092660436305,38.180493588892325,30.47663394015791,10.789831052808834,26.374691225670922,61.720087916329305,66.01158327993888,28.635569719626567,30.52013618170536,30.229923007571713,40.849406316077676,16.548598258327758,27.271632303700777,22.62246240007762,35.036762935394115,50.43155032937574,19.601128134178577,26.891870819228334,20.27340116455828,24.154494636469735,44.30855688074983,20.99280588936712,23.36242602172934,15.789586269082728,30.452926472159497,39.93350504854258,36.15715757243441,46.64770388921552,43.01379245859653,50.097546007271454,48.93238786870579,50.18121909787929,31.672398532675796,50.39268547335291,50.64268406581646,41.82003294318776,27.291444610339653,24.240413230874715,43.418669025854285,50.580236154881845,47.28135272987986,48.45580290845919,37.28387396617553,30.195321461056,59.99805741076875,50.88372252178054,45.731628710260544,59.01484801283572,55.1299842598106,55.94062661179906,45.14984510926627,34.17056166322505,59.01288570703453,29.78432062456112,30.637286393964818,46.86405951464684,56.2907299249925,33.774624363993,46.475785466863044,40.46706128592243,55.829332914357664,27.021500886899467,59.63454985268771,8.450763243287803,42.48292210523799,26.516857256785308,41.484119952639126,25.84361437522385,26.322926132907604,32.22967625388872,28.672493608784556,27.64249845503903,47.95622477741606,39.18486321510728,48.45385322614073,52.005500029759716,53.83584343869144,52.41458766186018,42.83887175916811,49.531194620403376,40.2578258136767,32.83017770878714,43.05360796876733
70,18.614138638256385,32.10279208285441,25.90042290363925,9.852636037507983,17.928734850230693,16.70886228467363,9.852636037507983,20.285796679705403,19.54100546841717,16.479575132099747,11.699412469168214,20.791346115528633,17.206361362919964,19.163304835383734,0.8384350243981844,26.29943195386073,25.932721998039373,21.959604037683608,31.3596414038922,41.436389123321185,25.08121888839673,19.084460971148932,23.924539614506696,22.246974354758297,22.97613469927869,34.740360572675435,45.41322175323772,29.495777353690286,27.913406434455872,39.324628179416884,8.891076525979148,32.10640037005652,43.923363230851876,32.622580892688475,23.458597188613837,17.80517994626061,57.23599386512526,45.428218304345,36.24799406407055,34.997266518157176,40.076830832698214,41.78090718803373,8.555647502569348,38.861476078834606,48.08991330659478,43.928190271447455,48.8026733124857,58.107634249057725,30.928746090405067,43.705389099843615,70.52133076122749,53.437415765014805,45.71329303694227,55.61992550998559,36.41535472121883,30.93169888664443,43.75995943664166,3.022819510800206,32.75023305677254,49.22885829979515,46.029814328120146,44.62048736857243,53.48616494321635,39.826675426203785,60.50346942068869,35.34280137070066,44.56953672138278,32.521323929756136,34.1631832128493,36.187006471554156,10.500063504533653,21.865932665454014,28.76429884524244,41.21421879183553,61.73313110184693,42.01046531135385,37.229926945047126,25.27505458916059,10.381699731498339,33.992184781462804,62.048187051014054,46.09200317545169,23.840379000882056,32.60360282093125,31.498745635711188,42.30585647981912,15.936127305183971,36.17098335528221,27.85524933416847,32.665901261468484,47.811928203387055,19.06387259353973,30.306166484346498,18.66126814548594,25.732859722688456,41.399613394782655,19.475172582628485,28.84969918564414,14.600246152116405,35.04132634111584,37.275323693061736,42.61976915705212,49.506394071480784,42.0321621154723,46.853128552337495,58.12701263883268,47.17245383004169,29.50166731654033,47.98412784757828,48.944904967692544,39.31575118428685,21.878409616221298,18.083600367318734,42.10986203043051,48.88242249286087,45.95921578954849,49.22032572512708,33.954530574157886,25.15827004600533,62.04471310905353,61.70570620239608,53.409548638724615,59.16974985122132,56.45814355164771,70.12400935514049,45.97351946508818,27.186961964211307,59.20335546106184,28.443242617219507,28.705572406407903,53.78470812674528,70.70760431104026,32.16340651051529,42.05588734757601,42.32399997832528,69.87884287433847,23.36487042745315,60.07149818531168,5.367075265699692,45.932088564286474,20.424522625243675,36.62113179550415,16.413265819476603,21.47515180599537,29.05982535722849,28.155701992293526,27.8846284890506,36.45551153217744,34.899806290759365,41.4627167088202,43.29329033146608,50.32631802609511,43.99739689488633,48.5897246278125,51.70083774010476,42.12735739326078,34.52832408679087,44.42087709790168
71,15.670053936296654,33.15641761624842,28.905610415028306,7.208044818402836,19.98073830851836,20.777499089609773,7.208044818402836,22.060282407196087,13.783496536883357,19.66853078293014,8.504925340597282,14.605680448742548,15.317667723281962,23.06443925475139,1.843300924727091,23.932015323089818,31.007017062485346,26.485756198009415,34.12941078592612,43.48825191184934,22.65405398219177,21.446417163892743,21.444049388702854,27.17156691916828,26.078663846665417,36.41768247945797,47.101429726153995,27.525903302803453,29.324742855182024,40.32558579252578,10.685604839245405,30.545723185469104,42.542792978135346,33.628545528191395,23.746524362172874,20.453405525439493,58.90665094196123,46.51975093827313,36.36226649126391,36.28068206866792,41.095773153381025,41.5127764938034,8.087862926228965,39.02485485763083,48.95012312191016,40.5669418329419,49.373945961469055,59.54353122239459,25.29098096915068,46.73537143836063,70.42336554223478,54.13131746474272,47.212507976918694,55.762122396917164,38.81337598615591,30.665433728377177,43.01040091086478,2.3162904926900336,38.08489521969616,47.67495225689118,43.47673508293142,42.16079423791613,53.10117357520149,37.56697996997127,59.46519778240167,39.366891918156455,44.15776454960355,33.27451292360806,30.236133841847202,36.77288545003097,10.29037330959297,20.326496528370868,29.926530156814835,38.77946856586732,61.02560543130813,45.686754697568546,40.02042710446808,20.832261712061918,10.15240562965986,40.25511707219276,63.27589543983642,45.14907259651808,23.39507757859937,33.36562868592708,31.79661828794856,33.10370166668208,17.321164931824445,43.991481618896806,32.955632196086775,33.023738368355346,48.12227851299535,19.625304841195987,32.92491309330943,19.340775196433633,28.743108066381357,41.32847742451323,20.434497797750943,33.558910750529535,15.718006908232994,25.015435768782403,37.40605243748037,35.429600970900246,40.335066245918455,32.57032265277817,46.51068795947544,52.31228315530014,46.95545066734918,30.013557667444267,48.086626656053596,49.42576365743088,27.956004637196177,21.607283492281415,18.464862051971274,44.9967668011783,49.22658962003869,31.17482342346827,33.41248043365165,33.899588855843405,24.49825166169419,64.58964670315007,59.73805358561533,42.694278944418734,58.093325531009555,56.95017830925426,78.46510566150177,46.2167506798479,29.421829981564397,59.41762814442287,28.014455227131265,28.39421887707711,61.554937790357044,79.76569050906545,30.90412792355821,39.95927045991985,49.22210304916963,78.873835772984,24.852990892938926,61.25644576777656,6.971714390435632,53.104845417612374,23.357094798357792,36.247912659989645,21.320476394096648,23.778790754457365,29.040917217791065,27.542764618962284,27.102514017025992,37.527276458107515,34.23711512987994,41.15021512241703,42.469473946963305,47.84391570253855,42.97442286708617,48.04874865306252,49.577967401104544,39.78349419533784,33.10369931386492,42.09169849972225
72,13.612083188467109,29.905889411210268,28.836539466028803,4.719626948190172,14.972329563644374,23.11097944394548,4.719626948190172,16.928948383244975,14.886764816899131,14.22853532100629,6.446751212934949,16.352835099244874,13.013165511714538,24.898430531033064,2.7302159717779206,20.89698892556854,24.505191880024014,21.75379394453683,31.27151334699418,40.459017112589855,19.631612673560277,21.371981502864735,18.43600136132763,22.08263447637527,22.64578513561222,28.286019444477674,43.17453393372916,24.361242380237705,29.88915669180626,40.10807443140203,11.603662373404871,27.352181060360056,44.871830588237756,35.37467187316251,23.14837403635287,19.58478597352283,50.47560307038567,44.20121454794169,36.665695189024156,36.63004762179053,41.03384931204767,39.9858810330094,7.8550944427733,38.72491894240739,52.321116643364896,43.24601501176854,53.01185401561856,58.67603576690942,23.508856421462166,50.055441464447526,50.91068960568979,54.57718993610022,39.163273691511584,52.62768873132929,40.56836024342369,31.56353985082177,47.113911313298956,1.7840257013254235,37.29014310439376,43.84254572384229,40.863297080136235,44.46099574701486,50.735985849692256,38.04212042331477,58.11026036239552,47.30286861156326,45.64025708664184,34.11161000534337,30.59540601371727,36.51975375261595,10.112603716589033,18.554186906589496,28.06944745347129,36.09959907455168,59.909990819830284,48.5862408325928,47.36978564547033,17.928363712721538,9.627778731944977,39.88114186319809,62.74723253846213,45.62103372542523,23.28331183758805,32.904442330412635,31.22595653345764,34.83781981313282,16.995054094933842,44.12345359470718,32.78949660563757,33.7658833555821,47.33530939823813,19.197619143919876,35.235030498486694,18.984496100245792,28.84264624786234,42.59285943931027,20.46135100496884,38.52720367155717,15.527719058889502,28.53427848139563,38.42133328184482,40.75148224541378,44.10992795729298,33.38001908225968,48.109425301248194,56.28583334616462,48.56151178858926,30.573126759714512,49.711369340281585,51.07263262601178,28.593921441967996,22.877713981746524,20.420404409782524,47.67819099781707,50.895895618827474,31.35144194142371,34.45614275593498,35.087499736939144,25.691813313845728,64.13972750662069,63.27126229956126,47.32748539859429,56.00187133882991,54.32017673106727,80.70320445765046,46.54186639744486,33.47291553102412,57.419275136728594,27.272618326041858,28.011041188997496,65.03616474435368,81.91379703513961,30.29669792530172,40.9903203911618,53.603932053558864,81.08724891597545,26.427769961842344,59.41914696720999,9.052674693307226,57.20358692274494,26.95289605675628,38.142495826669865,27.684343662568295,26.37668089757254,29.41489854034287,26.298560151448413,25.39610411131325,43.173111346211975,35.47624092041088,44.919603823212576,46.675852939925,49.83721434574167,47.02664123086645,47.438435290551574,49.74739600550278,39.28117972674617,31.642589899467627,40.578280251734945
73,12.435421507537578,27.52564893657567,26.15528610576955,8.232518195045229,14.95365356037454,16.1811100435724,8.232518195045229,15.787061127832756,11.201701543556185,14.972552582530971,9.031084242759654,11.428127588540598,12.960706323809866,18.637494118032574,3.6309457100405944,15.819827403293605,23.281386396039398,19.40001038077015,30.55720211479889,40.87875220246544,15.321793518336603,21.65455694732498,14.844456675028486,20.12520259289855,19.717433844942285,24.45030433597647,44.85708766598877,17.34005796355108,33.24082360081118,43.83983500823859,13.372483315344954,21.546089749708706,34.791009999143306,34.792024525994755,16.669814941680393,13.289595629551703,48.103128583576975,43.63304967430185,29.262072443042413,40.21947232093289,44.98904838677019,39.17559658496606,11.025505902348595,37.80590556671505,46.765895449570685,44.36221440987074,48.22320095930433,54.336580865151255,18.742157967645742,49.95773421067899,51.70668656109982,45.99107208570623,37.21189003342673,44.03481417569036,42.090186628421684,22.478869839584316,38.29684288889288,5.183918609341563,37.110647613440456,42.60133902324416,40.28830576913261,43.88575490007055,47.03319950022488,29.675096541035842,43.227452865863924,47.54396865055592,43.724173314440606,34.974070194731134,24.740647703787545,38.91538145853737,10.446963351439619,20.74045790822829,28.448989338774112,33.959553076831405,45.888903756601486,46.749754123320564,47.64328466816101,18.263847311392894,12.046408011501903,39.63180197204331,56.29113767913162,43.30705311581421,23.000585168658485,33.68088829380014,30.677267889309665,37.89927230160083,15.83175757631198,43.614145977365396,32.092511627465434,33.14682287144112,45.031069635533484,18.560029659601025,36.938453547810575,18.055890016290153,27.8838183936043,42.42909333121323,19.260840101603833,42.40472050736032,14.192271054480198,35.89317954399375,38.039333106899626,49.187188401465505,50.805890508334116,33.15086259166605,48.23944174014134,53.725501070213895,48.34697172879863,29.79790400105912,48.619332480387996,48.94148830884245,30.80145888692052,24.05771332176962,21.60417995641731,50.8288260213011,48.93983977086288,33.74151592809421,38.596498970424044,35.56609163887127,25.911481758109336,63.95641037519207,54.50810514895266,52.49463199028067,52.78482376252818,51.85860827601113,56.11972046269147,39.15732651329486,27.120703288440765,54.741648805656475,28.183386019282267,28.964110714007557,45.010524607199805,56.23077743722818,30.410307671096454,38.81493062358429,37.40995547345849,55.681291251139726,23.659358258356047,55.975790801133556,6.59424385787559,39.80322537000205,22.177861092622713,33.56597375898372,20.166118781576817,22.5420124527794,30.48112103177162,27.1391471228206,26.171983905649626,43.84397821028389,35.39770046447784,43.55513941942053,45.3521810767492,46.14003227747574,45.496199557104354,42.87586047340081,44.94884211041974,33.690756187048066,28.187971996446752,34.48833735284881
74,11.968393335800512,24.672200176077656,22.400461492136262,10.898588506614688,16.908065777490265,10.169782271288193,10.898588506614688,16.31940244251094,9.829313246073706,17.643709455626208,11.178609406175264,9.35560343545001,14.158535735964648,12.964547607005299,3.0140628281274306,11.187084274777671,21.78231636739273,20.03979006331524,29.030203141144884,38.71111144076191,11.329974325713227,19.659954385458843,11.453190052580426,20.75739438086488,20.501919021377578,16.74686402463573,43.3686739229504,11.083433675178748,30.977019222065895,40.38158609999555,12.280142194630752,15.957241670576586,40.048259543017885,30.247045110877316,18.335586367033986,9.678581129251546,40.253032603643355,43.12031641295866,31.765919418391878,36.969378202250574,41.85516277053063,30.29546149051285,9.017086757067378,30.097327879049857,43.03287420872033,46.59178697280428,44.99870556860593,49.930045755611395,23.140290190935655,51.60815789907944,38.00366605512358,45.79467591516287,30.47476729175657,39.172575061168054,31.619819658639535,26.26021595364351,39.31495126962061,3.725689175873239,31.660149541927304,30.01656652079495,29.778519243288216,44.64388239612182,43.85676241712951,33.2050253546731,41.02538533084407,49.560929568460864,44.584010237427265,26.542150706749542,27.690841809906228,37.31076985084413,10.786018973322124,14.979387062479171,19.609294525255475,33.16448995015121,42.48331410666956,45.0163190880958,50.33876957162593,20.547036613103838,8.298384003705035,36.048865872266425,51.66939130021029,43.811906559151836,23.55433831243204,34.0763520493749,21.13838539810391,37.12161672697777,15.941417332229975,40.88849810344291,30.65632605544931,32.55892779482817,43.31259632086368,19.0492986565957,31.83365450772976,18.463437462249022,26.954421649149637,41.51368812222625,19.162195687907175,41.37831473978522,14.25586759663622,36.191260308041905,37.278422322159685,49.40387761886372,50.662861901577905,30.74258783733134,47.122039853313126,46.49151620481534,46.965887101727084,29.329149835300463,46.56672856155037,46.09370229697866,30.203439147873514,21.866930807054047,21.3721856027996,52.18537605024966,46.18019768574532,33.08874444038642,38.150204687789426,36.35593074611114,26.104317233395278,62.908552260163866,43.52796655534174,49.80044882405913,51.06568153071456,49.22456051345778,35.89285285023705,35.522862608565966,28.22886761609691,51.74924142040012,29.432079619226077,30.11594866763727,30.937570547677,35.361416349127865,31.362903594361768,39.35594403868711,27.93517498697708,35.144865961230224,24.892133728859008,52.72979891703962,6.877230661957369,28.881492755320334,23.255939549191616,34.692617327114846,21.031531955206468,23.728312762541574,31.44254610685094,28.51713832007481,27.668889118828282,42.37950195600289,34.93308074196148,40.867529825816376,42.55205352957976,41.88215061876575,42.5596474452071,38.52508483314545,40.20893064699371,30.033101029395276,26.83671835104435,31.962923077480824
75,8.659964355556284,20.75383877505273,19.263688669231854,8.862881099219976,11.843378242380878,6.177883864833894,8.862881099219976,11.245471910462834,6.81212844720075,12.429398290138005,8.920759072436372,6.237123629309239,10.554404118489101,9.049639607315166,2.794865235147472,7.2804387441564895,18.614776475541916,18.535547234844337,25.200279137936462,35.731115476410004,7.549353456277754,17.861807294993913,7.793326691082072,19.11914668906605,19.14183911973276,18.934558269282274,40.58677225210581,6.871855668994355,29.292938373724052,38.124001387977934,11.575921298529067,11.963882528437697,45.97638798328847,29.29554682899724,19.214515197399464,10.490664718692004,41.27548588738319,42.332097696682084,34.843432882823244,35.12929571651074,39.5897778762234,33.072355547716825,9.453968416822514,31.041145509912177,46.76603029590859,43.32658692152443,47.84769874251438,49.91288160190985,27.964925496158664,52.78209301542877,42.182835445568784,48.48470182377254,33.05579527688127,43.054543364469644,32.22177096452639,29.952118998881087,46.2500060436044,4.068549073803535,31.879637767944125,34.6288233633167,31.56885131956816,43.09072111490549,43.88144230327563,37.84581479960681,45.086996487146905,53.014178793934,32.82630459527071,28.079604808921985,33.29243924551857,36.902289200946406,11.275010643288187,16.808060138002872,18.029288561676875,34.299818366512454,46.21506836479042,41.52083100290256,53.762055699696134,22.770737887101703,6.4215185532557895,37.030039240568456,49.70532677891925,29.464968760466824,20.665066791956882,35.56648832116636,13.878216053961903,35.102495503059224,16.881616793626314,42.377061541958234,32.093125811061164,33.46392256587839,40.22554625527327,20.338628773819394,25.9285277319071,18.92980287783406,28.16449856239663,42.28204471634018,20.249075252277247,37.13410026022582,15.369664335917387,41.03387321708553,38.111149147573045,52.410234432392805,55.2665393011777,30.880661603565688,47.80554417919854,53.96096031519399,47.755922451085965,30.283135965324362,47.62811073987139,47.476417046049626,29.44427069372269,22.431561647026058,21.494998341971396,56.027023947330015,47.57601315475572,32.14138307377587,38.69029562228229,38.293551733972585,26.777054078877704,62.83216007206758,51.44591586818605,56.68405524055195,47.84253759920205,44.39604797084446,44.510992838440465,39.0022412521232,31.46779314467585,46.33069874868948,28.629880078085872,29.26397649952017,38.103962231043305,44.02813758999502,29.77839857936127,38.286698368533564,34.086232697470734,43.73808372785822,26.036477367905583,47.805303809890255,8.135850493393109,35.352154395538356,25.544537568451652,36.684010411276226,24.880567199978,25.557695075195657,30.528672696926638,27.765672465866782,26.96438615142715,40.51884301270396,33.44386265272671,38.77154356454368,40.14224253735227,39.03749515425924,40.09341112667111,36.38496692246385,37.5449979027643,29.46647742533058,27.954900346825635,32.28354605001069
76,6.670838114765875,22.82387390207338,23.044390707779993,5.467183633274838,7.822042798285715,10.640227421998114,5.467183633274838,8.478758029022192,4.355078653309491,8.065699790924622,5.5539361577774855,4.009608092631464,7.125916787077634,13.485551188368879,3.074603279176858,8.83897032914404,16.024026964431012,16.804760187475036,27.022773965168966,39.64176725304901,8.651462765456982,20.16980436219393,8.469435782807592,17.042310102455044,18.19144241210251,18.720177809438262,44.3738935971719,9.535125331791823,29.763488061494023,38.56672336452053,12.34103883717155,14.942985208587189,48.371130874374366,20.803829190728365,20.56957086364747,8.60667418758505,43.213748090291055,45.71800580842183,36.46047478751504,35.6316425299818,40.0363128139328,31.351734777641582,7.290628488621886,26.383128734593775,46.68016283759718,42.24509482360442,47.61736113944174,50.28545557330696,28.23326344722272,55.59454753211587,45.8083035541297,51.742999923252924,34.59332752003097,45.051192464721105,33.42328535030525,31.50768612585448,48.08178363770554,3.0167342798469994,24.012661042406684,36.89997547436766,32.03568452898697,42.29908923116561,44.08598605345904,38.982159556820726,48.241954666292145,54.598355120437695,31.597289977182964,28.984210661608287,34.12488875288809,36.73441662756402,11.320631918674321,16.569930853303006,18.214434738881724,34.29715637795438,48.608912942804864,41.33738760425642,55.71477754026134,22.64129000558843,5.774267335546117,27.057196070224595,49.962903565392864,27.69482277141139,20.42012956651312,33.56243602252382,14.025585201252063,27.354232359072146,16.5611447245984,28.561926673333225,24.47424405651827,25.195506683551066,40.158395671045106,20.83145037601688,24.550028544934204,19.288233864930813,21.769474374807263,30.079141068443715,17.673034765708667,34.294967146336425,14.688312584846887,28.813030045603014,27.773734157997183,40.014361388323415,38.62050009444923,24.62199965480407,33.127042245000396,43.524145896011255,33.30867227468102,23.42052788022204,33.7698506799141,34.31563906650282,22.316934544444404,22.393307661462526,21.46229932686047,54.30451901239457,34.32518923279456,22.99525999240413,27.144397254775324,37.56534313926688,26.500575819965636,61.088937255855726,44.569217519577826,42.317415853785086,45.433606917543244,43.13089749330935,46.54185844571378,39.313087380326124,33.42482211586345,43.53447966793767,29.737402755520723,30.20473520368703,41.07304404866637,46.678319500632554,28.600482581182817,34.4050272870535,37.27074691473981,46.403886658691015,28.266673927634788,46.02482783106065,9.330967678420548,38.468960605581685,28.38097253932011,36.44567812447378,28.535402482173858,28.289873150784366,31.226983614024356,29.05766853049918,28.42624120614169,39.76123041922636,34.3500325425167,38.21675790629568,40.65415510011363,39.94438143319555,40.740749819940675,32.733773632153735,36.54939400819133,28.218896942501065,28.396684194334306,31.803954554036704
77,6.381044816110815,25.771577641394497,26.50581715071249,3.1909577187292593,8.764521300091749,16.077337932750094,3.1909577187292593,10.353288768474423,2.6154664551110725,9.124019920446825,3.284001131541471,2.40864351261621,6.118597849851952,18.640608221485106,3.464973882628117,12.066538147685755,17.61653134516388,16.14042044486396,29.481103789859194,41.80836547805926,11.391922709144827,21.953064555935466,10.753853484765429,16.4861427910861,16.407325678156173,18.960681098245562,45.955442645616515,14.021407624391117,29.510005616073713,38.26877441593448,12.906613137816901,19.014349569582595,36.83272689660934,13.304359705997143,16.742067056434877,7.474019664774188,44.51119349691657,44.57386941404722,29.644014164918303,35.42915201212018,39.497189103209834,29.374431479504032,6.99020631717491,21.989850690859612,47.09529530910135,29.800749706253686,46.368775517743686,52.948108551744575,22.132702932825588,60.164858447015355,49.13302216435697,55.85056894118815,36.800578604091854,47.53648043136868,36.56196313556544,23.56297280716482,38.090406793079254,3.8400668616691513,24.451194911264707,38.14666427541962,32.15910820795654,33.50940944427552,46.17488194600495,31.24304629774546,51.569642448513626,53.61630925381442,30.891336181993836,31.95127330104713,26.80423270863856,37.10085818319662,11.73204104802683,17.405643694099354,21.5814382761482,35.27746452667917,51.49021461260993,40.32388691717363,55.221244348451165,22.49728366141408,6.857749119121003,26.508816824577792,52.32409738152743,26.984009299543047,20.615648430409944,34.364506384250205,15.257979556949548,21.34921564818251,15.406123860663815,27.246721172225975,23.129314328884607,27.338451567306347,41.65183509377277,20.31423236346683,24.31735063740667,18.522901640676608,21.37232297444865,33.8923258362678,17.46397890075105,32.89660202773412,13.746886497841407,30.698782551449547,30.79375886490943,41.23417110951141,42.188541984910245,18.764044656257298,37.9995124693453,45.297190263397006,38.11444886371421,24.971726786455818,38.4057987628196,38.750487524140375,15.785274421703033,20.941452123315337,19.837795685366576,53.92174159423514,38.76479013820974,15.07670830071418,20.89808797693779,36.178707837529906,24.716925933181358,63.62683543055546,45.777880807551284,44.36561823798963,47.19927215740943,46.61878622446656,46.505284549372796,37.89896597513021,33.85571692107135,46.641737277302,30.350885562766898,30.70491228725387,41.42428786338274,46.55527827274521,28.8796933240646,33.36089627663431,37.94334586909329,46.30406769896034,29.37883946688245,49.767464173620574,9.787878248171449,39.040376931661584,29.61465820663593,35.895636414555376,29.93269882436934,29.51333206516169,31.505954373933676,29.822170080271245,29.32994452443077,38.847984551820716,34.79041502200127,36.337122196481104,40.76324823758802,39.10965291553308,40.96120067024102,22.54316037985503,31.279915258982818,23.363595071033192,22.562998551811162,27.400360072243153
78,5.651500757183461,27.046225152478353,29.490653309030428,1.76808959647337,12.800006777958789,20.331700164277457,1.76808959647337,13.014095703306145,3.207923015835717,14.035167290420143,2.1124614806748823,3.3562233290285004,7.732632008244525,22.789377669870515,2.493468420768849,8.688089020446608,14.911087197069026,13.098525681963245,33.26610888790586,44.71617370159881,8.158055312462901,22.823864367516904,7.657343595130584,13.527708069329826,13.393206406493732,18.26169207161185,48.60927086791665,10.283104675852485,27.338841447093696,36.426786304121784,11.793842712955763,16.25203466687177,36.29550882698684,17.781902645445832,13.506820100234096,6.688018419917664,40.278760475232026,46.55921653935571,28.252739624383416,33.28262590888274,37.2328220057099,32.00008157043129,6.7897117425950135,25.487514225521764,46.56770579221177,29.550263096667855,45.97729908368279,54.54122198478311,20.662984419752814,61.47508075254409,47.40075485182697,50.452454585774404,36.40770343808901,42.79244144293255,36.569836397019124,20.980435486617026,37.81432439255234,2.8844466231878965,21.618054356526066,39.75789964834837,33.327254491941126,33.218152155097584,47.38390326536392,30.105680643892367,41.592941371936085,49.87847225063054,32.82908573973663,31.844116334488707,25.66832830819012,35.27147359485044,11.342356189914144,17.367302210583073,25.349160016267625,35.173498768469784,43.30514220757176,37.062490438979566,52.6471172423027,20.85363554246186,5.773414711747032,21.458937162201043,53.29425843323353,29.73065217491863,20.59534177071481,32.18613534926386,14.187269947178178,22.485085695933904,11.528405822797692,20.299480499830764,17.218430104443637,27.724814932460244,42.70166042241474,17.18133664978617,22.619101196637253,15.425348431610862,17.60672191015407,36.437899952944186,14.86120195204798,30.673932529464473,10.274772416523689,30.778083918253753,32.313417892670124,40.40552930167353,43.76711274068421,18.934735781061715,41.91801669985497,45.017464969409666,41.96394850383111,24.59600732212529,42.07958463746099,42.216206077395384,16.153972656352792,16.60558498601231,14.196706939257261,51.50378933649217,42.224229204064876,17.18964670188522,23.205123595020538,31.752430510577675,19.355697252824687,62.04617763880928,45.15888189133236,44.25660865848403,44.726414212262554,44.91760470870966,45.29638713099517,33.91294730424841,32.07107915316101,44.86064511687694,29.68709732480892,30.118226220683283,40.24767468419396,45.30549371774285,27.763661617274913,31.309628773277282,36.81745583587441,45.0578444354873,28.385664129540558,47.96813905183777,9.462015842168164,37.89834063413864,28.620118513798886,33.38126367654307,28.936166071328316,28.52830660347845,31.101411944329932,29.041804689294995,28.44240600374428,39.65312626563541,34.562443135072975,37.10932557384849,41.20169259745256,39.55094202895625,41.359512713550615,24.865673131961092,32.5561243878023,23.880239394452698,22.689255366797585,27.922367556842268
79,7.642011037668116,25.82583818887702,26.94352305817229,4.5823587133961015,13.608228731203072,14.621611272729997,4.5823587133961015,12.54491895914208,8.688309144537598,14.482576255968533,5.3920206972660525,9.208050179308678,10.97372694864036,17.64085311846097,1.5081878655633643,6.345557179622276,10.501619895246016,9.063513466813543,32.66683195771276,45.12880635761481,6.276125824433398,21.6147178259061,6.206342476278213,9.412267705625068,9.180281661964525,17.052274360103336,50.06564643357808,6.6388267281848385,24.154835047299102,32.859325800454286,10.404850800096646,13.429764329008606,36.064837420678074,24.954835168220207,10.324922893119957,5.036097084405189,41.18174179930273,47.718062137405695,27.00130991677718,30.054518402298104,33.490436243407316,34.8006056255108,7.552446998564538,30.223114670787165,31.89079684330927,20.744595845821717,31.495141671883914,50.16691719758799,19.012700717353066,63.24459589076878,47.96594366550627,53.402554552744895,36.40845099814752,39.14365835389679,37.5640806599129,18.90843452646308,38.56420669079346,2.5569030894938782,25.349920614807232,39.9926200786407,33.43180795019588,23.790852972531066,44.673933999525644,28.506915738369205,42.978755407951,46.77948871617277,34.02429827571479,32.50098832864801,25.003289281114625,32.05804016241669,10.109978416591524,17.3615348784427,25.05947697452551,32.016722125182994,41.66084765524671,37.01710252362005,49.2903076500844,17.77181346029276,5.069263108539682,25.90724422442832,49.625572210900316,31.69695196230622,19.485606722743363,30.041861433663325,12.851687689926086,22.76033961832568,9.957388930501631,26.69639500918381,19.92672010621081,28.4708798787109,40.65446640862256,14.538865714222739,16.90342467746209,13.220714117379027,18.961220477455335,38.434747294836775,13.866069435646803,21.13507235535604,8.75574664574568,32.776962380022,33.71469997893017,38.354998696428744,46.65049506035452,21.592979563967596,44.70586256644751,42.01507542498635,44.532927078617625,24.900972415223926,44.09118096376252,43.56778279895051,20.438062511295144,18.22540364961582,15.275249296864827,47.91775715520269,43.64092634725601,22.20431373838998,27.923733482910116,29.326367562619964,18.8329565292896,59.56296431234446,39.2240371969726,44.46124717008765,41.16059722097208,44.536102258352635,32.18875920712167,27.659015428851113,27.777313012611923,43.03635898538371,27.025891740394147,26.943364054584258,30.072803096500195,31.699413035182346,24.16187876147441,23.55379267193595,28.96468884853946,31.619846854870218,26.591261786106532,47.170436947189835,8.610056938437317,29.314692291513396,26.48683516036877,27.578973140398176,26.330756744656373,26.716331704394307,26.893312064726736,27.07968284804309,27.125220340317153,29.28700470887197,30.37135132501318,30.385947035143758,34.536206465743405,37.290282796183185,35.08482744650129,23.884864716911334,32.19350960895971,22.96226575797564,23.382870183841174,27.63154016486229
80,7.25532585033635,20.27276184654841,22.8650725291751,4.4666108805681946,9.58234982527299,17.64002866828417,4.4666108805681946,9.956474621634674,6.565820226846049,10.015493285001162,4.972316126244081,6.770782706919243,8.023305254084658,19.084125726204057,4.40860827471339,9.214038468298499,11.608997080845871,9.270634303962636,24.105362362320882,31.632350769791167,8.893841123576133,18.69395047178109,8.588295250240924,9.604818547434904,9.55024207801815,15.634411858196437,33.84148612581177,10.12317859460323,24.278137032413888,30.78046328921251,12.05733473962019,13.841271824853143,34.26135738266372,28.520232989808694,10.771133495002406,3.880672829629457,41.66725642301002,34.970952123631974,25.725224442894987,29.059090678674323,31.50174032654279,36.85921129603406,8.82786624727577,32.792442057379944,20.770424035138902,22.470788744661892,21.610487501047544,44.56834167963188,18.8003353382243,64.94512782423556,47.188861359344635,58.082628551069206,36.01522364932958,37.705915799796266,36.89728623383994,19.825039650189407,39.72121864424191,3.236106694211045,20.16783952717735,40.89447455093391,33.4976714347406,22.584877840615444,40.508285426295,28.253195820893385,47.718925202772816,45.16636817803283,35.86164457475967,32.308735852387855,25.460295694485158,30.415501731486547,9.823321852232501,18.24746376583204,22.02692611329589,29.077840867257827,42.900296800292274,36.76421518580447,47.89877511445014,17.061975688407408,4.5072678411620775,20.384337820028826,44.85416651819123,34.05554822134951,19.64152365580875,28.25459758103053,9.319389108657091,21.88787158914326,7.794649882141254,19.496024857027017,15.296803386847046,19.374439630398708,38.63337646204993,12.848060587091444,11.289291351100667,11.615479086630009,13.223943843176027,26.29968724319685,9.228334168658895,13.58623077057988,5.681489763685971,23.559819541903668,23.018821966525405,26.804067601376047,32.95077163766935,22.40259402850315,30.657459862173567,34.63901209395853,30.719829455758365,16.893714875765507,30.877387858710385,31.063673873218,21.123686613242263,14.748079427458661,10.7559536869413,43.17514533574089,31.071823776327992,24.38444071766061,27.447701012784936,24.830754876401393,14.44245756839406,57.43435522202758,34.88969596665731,33.867698957202265,40.14940414955159,44.87420994688728,35.25572651182781,25.23674868018139,26.502599351773608,43.10985184852674,26.99119867436395,26.928132080702735,32.420918069535226,35.28085290658017,23.51017292157186,21.530793052895653,30.47943875783713,35.14084688186844,26.32254631530867,47.40237511384115,8.495439763724649,31.091540600516602,26.184196041426198,25.42710163107083,25.980241415002023,26.460206818520213,26.946784916559118,27.00555490920999,27.014983043011537,29.45546748592552,30.14605211390029,30.461524447100388,34.09906286878917,36.62427003907174,34.58377817108179,25.18256559565874,32.32898051142842,24.04901449282899,24.32117331651118,28.80860046637622
81,9.589625719394116,19.858356485237746,20.01874906691175,7.046129705187811,9.127955551565861,12.308974173539882,7.046129705187811,10.042371573109277,8.924400020970035,8.853551339572432,7.582377207949697,9.046943830466757,9.260611482297598,14.051074351744619,6.467989157497096,12.285650136298614,13.033813382656536,12.226810081849688,21.71447946243884,29.66643355391499,11.952029427615473,18.877647045098673,11.631737269354215,12.317815337979479,13.06624115966173,18.1454913672273,32.468518070028736,13.171777472601757,23.808733056400577,28.386458173467997,14.0301771692402,16.259025765382486,32.731761140054935,30.829060161101413,14.84380420535382,5.735886998151314,43.718449202572884,33.36271606432424,26.0713398301781,27.70335723704233,29.320769261748246,29.64115404268846,8.610193789103056,30.207277326454097,25.5516325020327,25.993666222151017,26.388231169141676,39.833743967251415,17.90872199115708,62.45669687767041,50.3443650380515,59.29254744134296,37.45356707526245,41.7665488622373,36.03943530855959,21.72844482016242,37.554719273315605,3.2947073907248603,22.089352001771637,28.87853590169466,24.515037156232903,25.92674144064241,36.01335261808203,27.39033903015912,52.334189638991504,33.61322543965627,36.22772134151306,30.83032026012351,24.289113278989692,25.516195529349993,6.846729738498376,13.881213705570948,17.374194002647993,25.472181220244487,47.17482301475156,35.02645118722336,35.17381255050035,12.973679003586282,3.7599345854979367,23.62824564347218,43.811390651316366,36.62666147373472,16.90194827252633,21.62280485087892,6.24629407057151,21.55725264113728,8.045015622133576,25.982854442079223,18.436056211409603,21.253176481327355,33.904702429687,10.273448252598877,9.24028664765405,10.222638150771301,16.1357774500901,28.543456525467718,10.559935620617809,12.324750311180262,6.798443590695077,23.005018063749596,25.088960981327038,25.88278939123577,33.41347365089343,21.93664972963686,33.12952395997822,30.76739994346281,33.030784514353755,18.64181496292409,32.778058800433584,32.478513397935764,21.566741659547432,13.901324457762156,11.675434201336014,40.87707457632363,32.51108778621839,24.6345888625832,27.40746552177321,24.120695847334183,14.827418126153633,57.048408358054346,29.37329889264838,31.787830770934033,42.03333824957009,47.371992872535614,25.925614305732953,22.788455304727798,30.725473072645983,46.29888485602004,27.09008332790016,27.273736662275514,27.83226570478157,25.68577931145172,24.204253422959862,23.562135465128275,29.27573146858775,25.791074913647023,28.660396489817998,50.881828595756915,10.586633507258933,28.822941805134956,30.23554227956979,27.68410810591804,32.37540397439645,29.650988930910753,27.791632813506087,26.767915545422067,26.46726518826452,33.329813601788985,31.029121225329455,32.72190941812202,36.252937686649204,36.767064047969185,36.55573485370989,24.904353727769827,31.677235974101507,24.34121684919025,25.053959421311554,29.177042910406886
82,11.350358240007278,20.97676433334396,20.703021351594032,8.146011054907703,10.056979297420485,12.107524253548533,8.146011054907703,11.000835267118894,11.76040143251676,9.466608155147464,8.961979686116406,12.142626742897303,10.922199709312517,13.962716995410435,8.347589461695966,13.983156681952279,13.95053441911541,11.944934973555197,22.405507874234015,30.647880818622973,13.609911136917258,20.605530050748328,13.251573558590765,12.12605208481405,12.669095523061085,18.238103599618174,33.651078410815316,14.948041247237361,22.949952220049017,25.87396202964821,15.916447269312105,17.947081520902582,32.63853262019203,33.333055042345904,13.96399535030714,5.856203436181033,37.212596460386386,33.76069269951754,25.419237164538394,25.310696167203226,26.69940563382115,23.867861991233642,8.858103251875944,28.189422134763557,26.075792800007306,26.728377815343137,26.930541171276026,39.39830237334586,18.8061027572391,57.092057286619884,47.6578774715906,48.775094592156265,35.54515109936533,35.6389319231284,26.619401209803023,20.952878637787002,33.27843470108155,3.578040648109006,25.024932961675542,18.453173915318164,17.3069205306854,26.555006884619498,35.73122225716311,27.12240698299755,39.27371545788802,31.630713721065334,27.337521996311263,23.167095223151332,23.037890037245912,25.205128339972923,7.612806753372461,10.271390946268884,15.251056967218599,26.115709948979134,36.69967070118562,27.828355560717565,33.96604292386721,14.900071761398213,4.1579870056192645,28.303331861419007,40.00928371135809,26.42584286228915,15.242697314171412,24.60947562615469,6.521301693187866,22.182867160130222,8.685630083491882,32.43937463864803,22.56437885932716,23.624401874288647,31.92404414236624,11.227460737442634,11.183043806605424,10.443108806313836,18.91863405183664,31.854643933955643,11.57267658218502,15.38640521306365,7.34596311060404,15.730996034415329,27.953551405337205,20.373318312339993,28.370210263954085,22.84810966086417,37.032872768494286,26.705499305353165,36.9709158435388,20.678439292481197,36.81189290430795,36.62331194134991,21.984596065579534,14.336257725008911,13.395845051135773,38.7731927383567,36.543972409914886,24.478325970496467,25.000419332942656,22.23883092379454,14.626013672158917,45.69350663985675,28.00999175220972,24.196360393751583,31.74596725754444,36.192576493406406,32.06367005586964,21.169213375161796,34.2118463788608,35.88929620248059,27.31412757200379,27.591653004423264,34.753358825445524,32.34543880573648,25.960118599299683,25.058578433786707,36.372654859942905,32.46355841227209,31.90396901767723,38.94444715455505,13.031055307579331,35.86470709346747,35.26607333763166,28.064054581214723,39.85078726927778,33.76806747564211,28.247175400667643,26.887642521509434,26.490947389052174,35.11562339326941,31.93075074612056,33.85755094684101,38.118294577599585,37.90468244523709,38.42945951953755,22.436042544725243,30.995558888711216,23.261314821346257,20.052046266084222,26.762457277224613
83,12.428255549817733,23.094090299848837,24.807572344754433,9.21956512335415,10.130101053213787,16.192608140795226,9.21956512335415,10.837455845048861,14.185368201043673,9.477711571044733,10.257255126248442,14.767044882882134,12.244802331090941,18.092493860676047,10.471215125804274,14.05588964296589,15.172985773826856,12.977009968822042,25.63200434998854,34.98843904705598,13.774203076563296,24.28056507031537,13.501365361426103,13.244226458528276,13.35244218192954,17.561596211718438,38.015413787285084,14.809194364253353,22.780663992189282,24.036228977763308,18.381667935318486,18.48906293961033,35.91456867053232,38.458426071354225,14.529908095579355,4.902912517635496,34.25547833722635,37.72190387097607,27.675194897500834,24.39725323944064,25.071237540048404,29.29885526939646,9.277427157422737,33.26523599217768,25.65718360909594,25.521123797682634,26.423572017541307,39.250940087074845,18.927758809655444,53.94820499430625,46.24741494653465,40.46974159565588,33.9488321945205,30.136073505275633,26.366309039825623,22.582351858857038,35.583460425194694,2.884759503817356,25.858399182280117,23.552060973061515,20.92889059322932,25.516940470780117,35.18082214100395,28.29131279842295,28.00172852873817,33.51762913531356,29.547526657146594,23.104232169023078,23.919134437446623,25.33597802074487,8.244557446088477,11.602671206599812,11.115154924930351,25.67225752588918,27.45281279420889,27.03487692808275,36.78472013567574,14.992415087896507,4.234400430886065,31.016969987485055,38.64519737632664,28.529013384709806,16.36165658559576,26.911774204611728,8.65593307459043,19.971326157862638,8.184267384148052,36.77137836178815,24.94359456452008,24.210900099591317,32.77216070831366,11.066465524240762,10.432215865418994,10.1433660244042,19.917913857403526,33.28229662242377,10.980477624879846,12.102472996041996,6.3919616946271685,14.225087465443922,28.98082894441663,17.569977017475388,27.764887278049592,22.561151449221857,38.99219261768865,27.196597033436845,38.97109717055102,20.967812471977908,38.91616490598384,38.85084944425999,21.16353695057232,15.965691995461269,14.68876363919907,36.45501934894027,38.7305490536326,23.097054456337442,23.228140009405788,22.972490235132277,16.272334734817555,44.03060132437953,29.67781758808936,23.012339996340696,33.80736852702371,36.27941013287334,36.86696897527745,24.17494120914289,35.911274059732285,37.3078632610985,24.665082314557782,25.130956052827234,38.50043844781993,37.366727801275296,25.312843518964886,28.373659506959687,39.25859080463772,37.422408030446334,30.630239136784585,39.94287336915869,13.344513199038863,39.021495048475664,34.932484886336965,30.519840418677628,40.809385284218656,32.854062409697875,26.096064031969245,24.014342657939878,23.41126255925536,35.348320146558045,30.198986247129728,34.69323601918077,37.7617103675339,37.89422112314231,38.00729954904126,27.00872274306985,33.12200940940353,26.80037034090366,21.253670093785615,28.497519083100382
84,11.686568592656322,19.037832770821616,21.337469217952023,7.58411415091202,10.882923619469477,16.960525283020754,7.58411415091202,11.400954422210333,13.893100978478348,10.392768811780181,8.779063695465128,14.72000129591539,11.70884386672355,17.89352027823644,12.48227860209041,13.354812612618508,17.327294960214616,16.15418161214586,20.62519589764457,25.729901744610597,12.977085848898295,21.80017067906867,12.61531133843894,16.430093255024897,16.407977915844175,12.368646264641367,27.11010303314844,14.457553439788756,22.981683611930784,23.426939081682807,19.19101063659959,16.421985392995612,33.477901317838906,44.27404337459655,16.970738632141995,4.849653337277805,27.832968530215133,28.79407490656671,26.81452392350358,23.938449013190766,24.238922036504864,27.940628125410075,11.097847060739666,34.737905828739166,19.52072814657118,27.109873178235215,20.99474345350725,37.54695105891064,18.67583896254634,54.630151776154094,32.555019374734634,40.048939840273256,28.17239698512676,24.81036624856939,25.07939372903749,24.089426770699244,34.48361690845091,3.921589103958751,27.741261919129798,17.222561234880857,15.913153534690652,25.423140710788026,34.30258168574641,28.291194469173355,25.85836512877549,35.76866288277972,22.794780939769606,22.42022070378018,23.393826428335004,25.367952268014804,8.524049621479595,9.821762605780213,13.349224605510402,25.187607617662604,24.375558085743393,26.67550399258606,37.371609074034524,15.508000745252314,5.475246115816385,32.661574841482256,34.966517508889915,20.512306909542364,14.818861247534134,27.885978454340684,9.666224580749292,15.734603230517443,9.546503553478559,38.52739385397364,26.48606729336222,27.31178495599111,30.767363859307633,12.443051382163006,12.253263079227189,11.102043449718245,22.037428103177877,36.9997786396923,13.153307400017503,14.659885231334444,8.20185776041395,17.142519218235847,32.40639185405962,21.36275649951844,31.96371065202284,16.793853773473927,43.098824311086844,31.242361630318893,43.0720254657898,23.847001108725976,43.00259224425685,42.92011123340608,14.373606236691606,11.488587835716793,10.59422008645094,31.134184699676226,42.80252005497873,15.521532211711149,17.81161148485283,18.03665969170237,11.767396244141159,41.20604519297666,33.62530989856615,26.96313618279501,33.29984568552199,36.89281160288349,40.564701711603334,20.52774696118721,25.213496045105444,38.71423658543153,22.956680240066614,23.4152421682405,36.824313682358174,41.04709260064381,24.815246735268065,26.8867438028148,33.96316633010438,40.84027754140609,24.18878372058644,39.94037433799996,8.966178805405804,34.8643222485544,25.55099383081715,23.423638502194805,27.41982715587969,24.72780147451641,24.294133702540293,22.34861394052092,21.785170485870253,32.91956777560778,28.099363752973304,32.71780250873917,35.13261721502173,35.2669155060364,35.357626993354934,25.347764091438677,30.92350563401,28.319614178458355,22.492012219944076,28.312176418526757
85,10.519277070642515,20.23832997841995,23.032731826298882,4.990280465960216,9.677550599322752,18.259248339980577,4.990280465960216,10.57380549043265,13.223159716539007,9.032182959437597,6.4102034537981005,14.401174761234435,10.316530587031911,19.303584465723496,13.085183099142435,13.593763505258352,14.98544709538981,12.604350331110728,21.87114608145433,28.13593949360776,12.95526754153997,23.151448921949207,12.350140673024843,12.858139607413278,13.160875502824252,12.19816798549522,29.69329296219934,15.320978787306965,24.36398680874733,25.247032616036265,20.03748040627686,17.612827365487362,33.4300959046347,31.03207794611642,14.243133991542773,4.407908523595149,25.81482749427366,30.911927025560836,25.908970598717826,25.528060965373804,26.03489270775384,25.458543828867985,8.075202389641156,27.51177392325085,24.69242944852142,27.14643722106648,25.765335537022217,37.8650290700865,18.666794726137997,37.25496334542642,30.870194193371756,27.57459216630388,23.022184735932548,22.642332970833294,26.410467796965158,21.919870433533646,34.77634580287527,2.6431268386143216,29.752265911167548,21.110802852294334,17.670789739834657,26.426815657335027,33.99607007854729,27.436593992292632,19.673173942806642,35.65993270833503,28.789434693676753,23.267186161111276,23.550031670212448,26.216647574507775,8.40390044630194,10.113173616461877,15.384755293761943,25.142726041270024,21.758324022735255,26.430344343063673,38.57405155722243,15.38308094155706,3.694181138634619,34.43487752526715,36.365691745682476,27.290600359913952,16.67826752416056,27.891217652129967,6.78840120005978,12.602640593093453,13.641562242425419,39.53164514669292,29.153986179149218,22.139195576125648,32.20351534404775,15.487165815157908,11.717839153458577,14.774768842932007,22.841287883226915,27.270651732167046,14.459442056334018,16.450492660484795,11.552478719518335,18.7198609084297,24.83937253487109,23.737092890335468,28.53771070813452,12.274348444734697,30.48739744423123,28.240208881697356,30.476161278838084,20.29430631941435,30.446389607571337,30.41088461380231,10.439653706148158,12.334564791261693,11.348619090847794,25.626780319480254,30.392535035903176,10.304470129683674,13.695496638232472,17.474754186776675,12.854135302842362,40.42852928877013,28.56181671660065,27.14748912099109,37.82543410738375,41.68491406659914,29.536039603991583,19.348592077316383,22.32571841032969,43.674956472363604,23.32743127589551,23.686368426032708,27.329239043820746,29.60365675578766,25.674612703286424,27.955951060949587,25.78695272818059,29.49228406232384,22.476068300868178,44.576567633121535,7.271241693002764,26.272929450856168,22.370379267542933,22.888769367094525,22.23647272242171,22.20199816282307,24.326637945133353,22.872239246472976,22.449840061637605,31.59549874571072,28.124868026682446,31.73403996395516,34.60036502031303,34.83903664767515,34.91054930425617,21.416923973533592,28.973379807748007,28.49671266052575,22.911597861573558,26.85007673976648
86,8.776242823021658,20.224147141830365,20.133457646432152,2.9560357965312467,8.949827748487992,13.0125515557918,2.9560357965312467,10.376915611334917,9.652389048320272,8.299196336695983,4.095242100574866,10.624240686165649,8.182333206595592,14.57885365895976,8.954721945699076,13.81310531341404,12.238608575940184,8.635917713471136,20.99708859834099,28.523907506072643,12.968106612002588,19.77893610518134,12.170172145942269,8.858305961956846,9.654863328310288,14.297815050441221,31.02339775177523,16.00602747764804,23.1389946207861,26.27512922769764,15.834155685342452,18.46134915356246,24.88514511362073,28.155088315835886,9.7824905965706,5.430376736933841,28.589479897471012,29.913058463304296,19.404953686983355,25.078068651399732,26.93759538059126,21.6992927138557,7.870230913660235,23.536523311249564,25.892038856109238,28.54836869884354,27.20095361153313,35.652751397701785,13.401037039026322,24.61235857913569,33.85488233111125,21.7971486775468,21.377754888758776,23.361980178446203,20.717183069475535,14.650009921907335,23.99398528938892,2.7018188569367285,32.57208922129087,15.93664155306266,14.406775927395632,27.507911947695263,31.657076653620138,20.576571744638006,20.24552882630474,34.851881889365124,32.28672097013479,16.827601891891135,16.205506617816344,23.807778610266983,6.270942228311762,8.376438465332706,16.910502935964473,22.320755975462347,23.562301348456554,28.377810189836918,37.557036074623994,11.158215236608562,3.5685291947216804,36.83271245305541,36.75709586827677,31.520238006478376,15.635251233282544,22.989288953921452,6.226442580099631,15.64600684589604,17.554665181331607,43.39823586605959,32.294000166290395,27.7070900913522,30.350643192771066,16.692619072059514,11.908813404597248,17.172599805074995,27.8218609734931,32.826586788725685,19.931798035090843,17.208139997376286,16.848954189711353,20.04231962013358,30.40289983023184,25.24631770180794,31.86111977523314,15.741310164681998,36.03267540636798,29.579808424997417,35.947715990310805,25.860268412596916,35.730210634909625,35.47240673309146,14.273889369653865,14.026515388888983,14.375147334834645,25.228244139745463,35.45051875501546,14.422968273850591,17.45171002491571,20.301065536175773,16.507028222416274,39.32014014861893,29.47063789758476,28.80572868908055,36.12000843341233,39.564525317098884,29.61731240849515,23.077198640191607,22.969463868935332,39.24428070535496,24.294128791378725,24.507926552158885,27.293588125575283,29.62747099815275,22.60488991268155,22.553749489008478,25.711481140683418,29.513178188665215,22.80606805997731,41.51420757905127,7.219376397490819,26.209922495371604,22.50029557625193,23.176551488541577,22.077861404357343,22.686963012561552,25.0255728388454,23.959905092033125,23.64907980794901,31.0749634584305,28.656146618760957,31.068227629921303,34.47724125821113,34.631114818719624,34.83098580511433,18.806953181645564,27.674315526225126,26.646079450028168,21.765602811458635,24.905905370261074
87,8.82155761019454,20.844815353553635,21.20286449646138,3.4200628105884845,6.9777661696436715,15.04414704358344,3.4200628105884845,8.739625880571129,9.776611111541875,6.117590198811667,4.5178521427274845,10.687629414113182,7.60705422763377,16.593855070988905,5.465470259061904,14.212700786880887,11.988548653963106,10.040903513011074,21.788024868743726,30.30292231363026,13.377303818015733,18.27380784715012,12.588077144524332,10.05380237596143,11.54697161303082,13.985642878347049,32.74318888397119,16.3586774966336,20.589046331921995,25.112180681071198,12.162171968814127,19.072615445854076,26.632182580943187,27.695925029464416,12.754632537049812,4.078767647596113,29.417364211275796,31.586386860433922,21.32532750199613,23.486933659290745,25.660668994456767,25.07562176538258,7.4362547886047645,25.561360548698417,27.960956947609404,30.49668276001171,29.347084327174088,35.73113167272532,13.11286303925659,28.319923091416285,36.01491001669921,24.52140367756617,22.753953715391482,25.23145354422832,22.86562430138836,17.191999413086325,26.00155499091866,2.282473787752298,33.35669337546267,22.054159712559752,18.04597296130642,29.22311528840461,30.913699520306604,21.390211392031702,22.119817721996043,32.123148818477965,35.41518274335919,19.429015017233986,16.880810353731302,25.44693947303058,7.891254919646597,10.192506578031503,17.837683616897163,22.428843397210873,24.84092054892316,27.823724916809304,35.38198643441174,12.955239975457225,3.1526859681086377,37.944227147986005,36.74498355888105,35.51148944576743,18.86439527944945,27.26328535047092,5.921500392580636,11.520798826630648,22.74895962212379,44.380394646982566,35.06481219851299,33.37476307217921,32.70292555193223,22.127872468414488,8.953394499930244,22.562252282839346,32.08760909203525,38.426298009446946,25.594859626698696,12.24414889326116,22.37711575930044,26.66092894067587,36.036956849615,29.402814547600396,39.9437543263188,14.075858757494819,41.58821099890416,37.02052412714943,41.47929768185362,31.546437245217984,41.20080985093074,40.87079902547528,11.9498190603684,16.096434807944867,15.887305262126898,19.279235481295874,40.88448570659086,10.98358414993475,16.182610949039507,19.260769917249704,17.683307797849697,33.68546246581406,35.969178847116886,37.009053385168365,34.11570648703485,37.73824133993645,33.55730505586069,24.374265696517895,23.725270103409855,36.66348862230932,24.529899653504867,24.742306751079546,30.33883774657076,33.38956616222874,21.40817619960668,20.279392176743382,28.272089246756785,33.24014792978607,23.405868926401038,39.21007922009379,7.700195221393603,28.92299923887217,23.470337935531767,22.978454652215863,23.54827252718248,23.573244353904073,25.323844859568418,24.16754473272854,23.83083758147037,32.001988140690315,29.376427067336408,31.65860694231313,35.85216236439628,35.97968092895111,36.2527863772201,17.857342264594138,27.995499691805104,24.403989040301656,21.133865555332,23.814641812670345
88,9.171307627721708,17.16314135087095,18.19918797459639,6.393797119939007,5.937573117630892,16.913859478193633,6.393797119939007,7.90209043882795,7.860041427031166,5.331274249489812,6.824859729620916,7.950232117198449,7.0789807832116525,17.54421342160273,3.193776875425893,14.294982028543815,9.96404037855641,10.918784046510716,17.429200966207834,22.628518446819193,13.726479451706629,13.683909935537384,13.186383373396929,10.550625368279976,13.33535959109096,13.846688574852204,23.488051424135367,15.656468518176412,20.289671381438406,26.067642064300394,8.951726362565351,17.084233808762814,25.83096079738837,27.545522796250804,16.537872158078464,2.785353079215309,31.24736636562144,24.457537383903155,21.487162609821855,24.13625319908598,26.72327222228762,28.957369927536156,7.120971850718351,27.921263401960353,29.70677752501096,32.69827559873171,31.11774906078641,34.59651864854363,14.564677098366015,29.421724582181024,38.62903313736815,26.941556860618405,23.613159612328488,27.567816838483918,25.634774112622264,19.984015994438018,27.695647743651083,1.8750279422518283,25.019795927319716,28.76589304447064,22.92165519201423,31.274591133695974,30.507274407783555,23.087584796521867,25.46560883315089,24.070020094367088,35.41058303075805,21.36421413660077,18.530764327015554,22.36928109626426,5.513018488812196,12.42884529519412,17.42894195240532,21.732287077107408,27.825520997803537,27.118979219689546,26.302885799880343,10.684211439831001,2.3558359544654097,26.916033452926346,37.87924713416282,37.04602911441134,16.909188683208672,18.96708479745052,4.610643105528695,13.971222221656072,24.486254889288816,30.42867263491381,27.508489751080813,28.16546703935249,30.648249115902868,22.292261027328383,8.950800918757887,23.729862003757447,27.904071964513214,29.045197668688093,26.35232263749669,13.607851065498258,25.07993923252979,31.080046758533424,28.63706238657095,34.07991293574021,39.28680926225804,16.052556315032128,29.574908716053947,41.03917236946158,29.63961567998247,27.820550559904756,29.803323331664345,29.996942541134334,14.006508901231634,17.154896939609575,15.772465006618992,19.175326351568863,30.088146237033808,13.636820926032684,19.79446502319562,18.92586893701629,17.42436301706092,34.742509059065235,39.490639120427765,42.484236581257676,33.3678249678666,36.57663335641973,34.71496445331137,24.164781976184262,24.44885550844726,35.83228994959591,17.980210755679323,18.489349793413684,31.629821569760345,34.38267381876392,14.5773802818292,16.33809880668165,29.76453305210171,34.2478496142741,19.8284781884252,39.80772110441315,8.336354349676927,30.352055391226777,22.227472289814372,22.072917497783237,25.49373599827086,21.22980329580098,19.718146635755303,17.192234069027332,16.463503264304926,32.94113596567633,26.85750107671515,32.97749194203085,38.91640978337422,40.2669580673694,39.53329158731591,17.485086985833718,30.585670896952195,21.798098985603982,20.555384318512786,23.96368744714003
89,7.599666380274702,16.99783289243958,16.634982058516275,4.610231492396127,4.564738501406476,12.239599733573229,4.610231492396127,6.879549245675433,5.477187243426911,3.8323195458195602,4.906679666059941,5.5048590447342605,5.23137445239957,13.389289839878582,3.90925111395765,13.89933075992131,8.019531501870652,10.440053284677047,16.74231214294781,23.510536846064834,13.19917841925637,13.984835160585218,12.536440964587243,9.822298277203355,13.512848937557733,13.01197888979162,25.311131280889445,15.569105748976323,19.093201376818577,24.153492214389395,9.584596161563471,17.363405822829076,27.731385823519638,19.03097696872709,18.294390150696024,2.088924328680708,30.985665682608385,26.218994352784883,22.924262715022966,22.642999397692332,24.69608024816711,28.922350783703383,6.572974589894043,24.257325581866038,31.778959427069474,33.921608959381395,33.20017214313274,32.59319340102348,14.198340718720072,32.11859476674257,38.06017190032381,28.894285134933845,23.782437419383538,28.75348190899143,26.75464314682898,21.7713236095107,29.628622542040354,2.543870978649098,25.790186729570276,34.04397603376296,26.664315446886086,32.4670336255003,28.397159789002355,23.813291607159567,26.871105634982708,24.225441499491406,35.39639000254468,21.722011786433004,19.06107501503921,18.839158876297336,3.5533648893996412,14.941839078028199,17.575218991963887,19.348318284563046,28.906104721357586,26.931511931726053,26.54625832845864,7.120133455776595,2.457180689811791,27.26653195621859,37.590469332126126,36.99351620891844,14.45338674393448,14.11258520157441,3.5713761963520336,14.753464278906181,21.71055963628827,31.69576553188276,26.615543359745715,28.184648546034946,27.684466813171337,18.363679586824265,6.209501368923883,20.319958375843886,27.15311148702402,30.347740562999515,24.599965999161704,9.388058517906291,22.82130316544098,28.02863051474876,29.32905770836818,29.52410987783412,37.358398567132234,17.524920472175683,31.691052838257118,38.51090865953363,31.733572718765814,27.387342203193576,31.840796861671752,31.96753670167352,15.65797838713204,15.785929457703583,12.688662320326994,19.010454413054905,32.01950853558692,16.5500381353611,21.633256452217942,15.662718620968962,13.605910264071253,33.51183735724608,37.66660778390118,38.859867130504476,30.235550903063803,34.65865834462088,35.02186397464494,19.772354056094112,17.478666510247145,34.285363300132126,17.121641501901035,17.640902131151552,29.57698595786023,34.83778956278994,14.222604325216906,14.334867567800176,26.01703677311854,34.58006275998465,16.214256667055515,37.350893913032415,5.870409060393535,27.13754174161427,16.951418561205127,16.45765154472637,17.952530867804345,16.67034106963256,18.858850675527464,16.3341680966815,15.606016981148557,33.111258307378165,27.153642646447242,33.76502559775972,40.72225891692282,43.29618243934741,41.509261211157344,18.004006782708544,32.87103435882514,20.905312807600495,20.043686434184213,24.709844336425924
90,6.553297794339407,16.191166997227448,18.732924326282305,3.6435520677796736,3.7065289299012107,15.609463198876789,3.6435520677796736,4.923091796991211,7.442599665782804,3.154162090005024,4.358325313560706,7.949350677502802,5.553452575557196,16.597806652497678,3.4013474723722292,9.657034939850709,7.34683814831171,11.769421389621971,18.08277931211773,25.0942039307282,9.21590515141395,14.631601948901412,8.797765751668774,11.129019145784223,14.01696804002203,12.229813737767277,26.585091951366863,10.749171560125822,17.592669381467505,22.315807774580723,8.965078332273826,13.439029588948621,29.69645627558858,17.202933892379228,19.492916258935214,1.569058881986027,29.7142207582189,27.600878240006445,24.420000410002203,21.144299580414724,22.914306867896133,30.37838016848121,7.1516839077511865,23.84887466290098,31.32425152738072,23.674587108116445,31.35149362395921,32.600884763290416,14.789382358446984,30.842663832964444,36.70037514698557,28.156043467459057,22.758530063887058,28.306837959624914,27.391202138626824,23.70773772384523,31.665340770508955,3.1187089739124874,25.191425245189514,36.711370406668244,28.72445254149634,24.9846010670461,28.177848751980296,25.028152540140475,26.636503388696482,26.979531870212238,34.372729700926186,22.872110089211606,20.215487912953495,19.198517188783875,4.470944268760003,16.35441377288596,15.500527746204913,19.58394316271752,28.706453133982013,26.098485428399584,29.96549850102824,8.329693862839047,3.2265732669741594,27.512408159160277,36.719987948815444,35.236765267038585,14.60966913718062,16.539703074757245,4.801034911160339,14.596899072152713,16.79040368201566,32.48216018483603,25.110531477738483,28.21621630408208,27.751578982921195,15.103403798424898,6.508787803325218,16.35774994001145,24.765266685658446,33.394926942459065,20.419886579428265,8.842060418810757,17.378766920012286,26.54674651500174,30.942787180227352,27.883966239183135,37.93513547913826,17.268105858564233,36.64868929089208,37.37295703948266,36.62756265752996,26.352777936358134,36.572714882744755,36.50754328408517,15.3758925182272,15.22308923971536,11.791083008785185,17.826198985076953,36.528621002289746,16.52359452030406,21.26936936992517,15.654970206761766,13.462474486370024,32.83485079953255,36.76501982275691,37.11017566765175,30.87781745997714,33.5693862394218,35.141785681824814,21.056841784274315,20.070276643121357,33.858439459082035,14.042119124939978,14.676822775495213,30.517938193718695,35.02882395107979,12.16954473172746,15.449199269041117,27.464983259076625,34.80784212907155,15.398852993115884,37.166445876559,6.716065142336969,28.425994669265037,17.572579038416443,18.6754983906782,20.53866528509115,16.56013665613339,16.09844373862593,13.110863079913624,12.250348051349484,32.32735637446337,25.16853360697213,33.466358764440635,40.27789216581068,43.598676493864474,41.097482890172884,20.09173993435205,34.19068198637438,19.704987974061765,17.09447121285824,22.79385224505351
91,6.951697417242095,16.94384830106382,20.49407325160497,3.0855209367857945,4.251026370953199,18.817389031651103,3.0855209367857945,5.4073106882603215,8.853833273080427,3.674971896225903,4.083541606508762,9.680466912974323,6.112563927155257,19.561064644479774,3.977735617930164,10.077127592323544,8.955119973173444,13.444462006889566,19.103920081559075,25.677755830298832,9.5501479662862,15.573062052578928,9.051581044579951,12.840939818235514,15.540724398467173,12.120790627758963,26.720663782443665,11.436027894117,17.699086399807385,22.152008876987924,9.51860059674736,14.021175900768165,23.132438837638578,18.515478557602737,19.46017590226281,1.178525823269141,30.289800672141492,26.26809021737481,21.019164369728955,21.149026859523122,22.752699267698613,32.724686227930086,6.8636546534994585,26.04728117026328,32.72997378427779,24.35191994727144,32.73549309443481,24.106360381063183,11.30563824842938,22.19236363844035,36.924694388087836,22.729921763604732,20.380548393426853,27.46671590208217,27.99337948181728,20.51050424785461,25.359647649127066,2.6500705921327494,24.2639335741545,40.15873840396778,31.312863833167288,25.316560936033273,20.005341912670566,19.149497292473875,24.671256547986328,28.00409904900176,31.268499156062724,23.05983684736096,16.23755863159013,17.347527635535656,3.172691625074,17.30071806205287,15.42392754880111,14.611944067501353,26.754098762135758,26.095123081313268,30.11590503496803,6.673876181229838,3.374630410547571,26.000942176722113,29.352934322381955,31.53042088184817,11.854852316760494,12.96063978619715,6.59573341404238,13.607667815606021,11.762126122269148,31.122274329404426,21.98808707339219,26.527006907190493,20.89663600996457,10.09403528538302,5.982070309656803,11.312700533484081,21.592976594177,33.49604142082439,16.25924309280618,6.266235122769724,12.512378499768475,25.72052190166848,30.192345885930447,26.00286334730473,37.66754186847762,16.947876197977163,37.88545935984535,36.94174749980458,37.85829811750144,24.03239093895354,37.78810275155298,37.70476250181742,14.955164041079279,14.854077773609383,11.004534461977869,13.650183263025983,37.7105935474705,16.288606983076928,20.882147449379406,14.866424418880943,13.43764099151483,30.107317843670167,36.62535417760665,36.16217173876836,30.7391316563046,34.2824546841783,35.867245741167615,22.67326263752157,24.227657001550305,32.65453014049151,19.277090464733472,19.564180866204293,32.65052617047448,35.81445733183642,14.967260468319498,14.60584897746147,30.508008608681667,35.659478129032735,20.948315812293483,36.52105060358203,8.37867275730713,31.182638147432094,22.931062778237738,21.19030367019313,25.62315159971221,22.22264842007429,20.367255080537785,18.781804048837518,18.32306360019139,30.682045712987826,27.147785261594038,31.74774203524769,37.686594431320316,40.647621565418326,38.4127147468368,19.901885845233373,32.35522495605316,19.83552771772825,17.365926861418185,22.194673864653495
92,6.996028173833243,15.3617144737556,19.504288795381267,1.7269559126035205,4.539175432753872,21.92411093907144,1.7269559126035205,6.313503262289027,8.367717002335615,3.9053462603376063,2.825353094422155,9.353976861754827,5.367464570099534,21.77082814655553,6.544109744361539,12.27338766319252,12.247118157200305,15.41951760289063,16.064000041889507,19.478882400383565,11.442198491312125,14.977120429967071,10.65809927538456,14.973049578928217,17.290814022031675,10.87446502838185,18.988340870909145,14.479896257612921,14.3265145056648,15.949931312409241,10.59939183876896,15.33176859287457,22.825477308468354,20.285594160616057,20.18656144899523,1.1679445358416898,29.848250295370452,20.201200837419453,21.17547474344502,16.460060055584265,16.497992848166973,33.65941406421026,6.8940055844504355,27.557393498366196,31.869514615569614,27.67352424179408,32.45865821682758,23.001953500924966,10.612430759815313,21.026283295535187,34.15152527501198,21.485296071138187,18.680728073954327,25.99500437818806,27.410046232172647,21.532580107235894,26.66842999598463,2.485947098389871,21.122574201848533,40.84857142602118,31.540005871538717,27.37823667025268,18.499556700194066,19.20304158569352,23.397593024691485,27.548488894703414,27.98652265376277,23.768119307879424,16.34201510711189,15.295293612025205,4.0305775028702575,17.317438293708072,11.016761151940951,13.701792892278332,25.365873205618296,27.050063089390104,28.07071850582115,7.067942451331737,3.6793459699840794,23.84699634842951,27.06308296164557,28.041817986985357,11.781959688255075,14.806993692411574,7.862847985678917,10.722814239992392,9.39571940245882,28.95983805100957,20.034133591141988,24.34842606861014,20.141542108354063,9.032365566670071,6.890175511544848,9.632438362898503,19.055845729825098,31.764597889589364,13.498646725493614,6.846451290212013,9.62834245852285,23.748512332269478,28.247559503706203,24.414902533896875,35.336414795181675,14.144337660181819,36.439392182155146,35.69954247344743,36.45276303433768,21.698336357890636,36.485814402167314,36.52473770637687,11.683757298924297,14.900701605497568,11.256467675170564,15.881146296839077,36.50869096390234,12.052085021554229,16.6096867714559,16.040924176533977,13.909889149555717,32.36520715679026,36.14054366444413,33.99593723722772,32.14384096829791,36.76196562007774,37.323122333485976,23.999162814687924,27.51500578770419,34.09865910865134,24.459919578883895,24.34866610585235,34.98740156224897,37.40524517730465,19.60259971279468,16.307624057068455,33.34919896018105,37.28682490593749,26.29934673897663,38.05654735798557,9.677519478532366,33.865191845954236,27.702093618016406,23.635417777254037,29.595206292231264,27.37522239723611,24.339897903839756,24.511056944778847,24.556119625524044,27.62956047693226,28.674585799142278,28.57752215714436,34.044784209586275,36.97722520197853,34.715800711198156,18.670801630901327,29.757691829032904,16.978837930526414,17.860453734197844,20.77757504062508
93,7.177825898667003,16.409876323775283,22.745341929723473,1.0677277750705023,4.192956783186264,26.465674301771678,1.0677277750705023,6.166274339360647,9.35695020932571,3.4710897670483716,2.265930528606548,10.639604528470832,5.345070086385776,25.988015160984414,11.278405216935292,13.070004370448839,13.63743127586099,12.983160032994855,17.351255123277458,20.581548443964948,12.099441806737644,18.938519745042395,11.184604225338205,12.965700552285112,14.16761022566879,10.840884014149488,19.52021363771606,15.667915521588018,17.995763281292817,17.859963504812377,15.579581963585643,16.351587976768997,23.91830359347665,21.5319894580174,15.29340206942118,1.1617500037872677,30.23650053526431,21.157031769060207,20.72287791006619,19.440826317978797,18.853931835941253,34.25399057341745,6.806239568134037,28.659584422512587,33.23066107492495,28.308352695898922,33.90070190083545,24.580598450729934,10.937511087179427,21.48652309359292,34.07423657468775,18.643277696760165,18.623787811356152,24.236553684467733,29.93588054394481,18.8547655848523,29.32047940101391,2.294390606753211,18.230341137309154,41.43617264930968,32.2031746666819,28.068200218569324,19.528419843874275,19.02026096636353,18.569608854675547,29.084983336215554,27.07031591007898,25.7807900754539,17.50855377741103,17.259860616602445,4.696614002798745,17.432216812791086,7.174729551449682,14.385433799914548,21.692890046201544,28.990682189423715,28.56565536912747,7.585091978773194,3.8545918917993607,21.782456395077343,27.439155358224497,26.904320843830625,12.140580271835852,16.174254126323973,8.982957365239097,11.145857292222194,7.91858414774429,26.906515302550904,18.423541545548115,22.957772950537816,21.10484288367538,8.499550894970163,7.509079212470447,8.71941001692429,17.237727129879566,30.651507445713946,11.747417997766643,6.952014525149919,7.800838406755006,21.846283876621538,27.002070573696752,22.64666925617416,33.264696907763984,13.62704040148321,35.5039259231218,34.54947534372405,35.55161134323396,20.21124260516858,35.67207425805948,35.81450966547387,10.999935689691885,11.823816950712176,7.059740472129095,17.42787886602005,35.77556751907241,12.285910613839924,16.577439769829873,12.48891508696133,8.961802360018911,26.779938018652224,35.727278361376996,31.984582652183455,23.112982428778682,28.99982598522909,38.825543953472085,19.407774551873757,27.23566231174231,25.387321044948298,30.362280716701306,29.949493305373217,36.789970895349875,39.04084457515896,24.81424248512613,16.017331204298237,35.264720169620745,38.93060432057811,31.123116384093773,27.923043630405836,10.387040714289213,35.745169490177,31.40614157163109,21.54072313004305,31.765021334972694,31.690301093719974,29.33474713837191,30.82318482681501,31.246068361553863,27.32577871490047,31.802452545837713,27.867414940650622,33.25143985924028,35.77879367661888,33.87680879814845,17.807023946010744,28.585064153334592,15.572025663374077,13.767025331130583,19.093295800869992
94,7.618401200960317,17.658642575718382,25.046031438091884,1.046373219569092,5.736337365238824,28.7229615298328,1.046373219569092,7.420020670733201,10.734046161974486,5.126175639871989,2.0504200027080817,12.316759849476236,6.364498449965497,28.19080208969586,14.980072421581642,13.109301297104228,13.651157941731391,12.097500825304692,19.159856180981023,22.273762097758013,12.09142352021028,22.126280608053143,11.13229387013598,12.171153748812042,13.099661111277648,10.713087907033232,21.122963035080648,15.833412601057214,22.27394721994359,21.33555324452509,19.683025776222337,16.733245815123894,25.804124672526257,20.061010613179207,14.205464616014144,1.546245315870129,30.46127473371407,22.96269937885888,21.573414802990026,23.427696622508584,22.762002882057814,35.00296809242918,6.541620247750251,28.017960601603885,33.47622463759153,27.60193069403824,33.980471220141695,26.27566957799105,13.05308197565676,24.246951930528535,33.132570336704916,21.182675649978403,19.062044385979508,25.173191009565674,31.747307387697536,18.903744458457414,31.548248782637486,1.9456335425027291,15.577648529124993,42.819325190788604,33.17597677362925,27.728833731260952,21.375484315872654,20.459704278074884,20.625615362607178,29.29133423591995,25.05142556090052,27.367014063293922,19.650283899063837,20.262718363061534,5.588311520446231,17.748084004101916,4.616233963472171,16.341880628050152,23.353894228598175,29.541912742591922,28.0907980381338,9.889178944483756,3.2626318470320066,19.62976243633645,28.210674111365254,24.636399222569842,12.595588446662829,18.046817363468506,8.008537148924507,11.792055891198252,7.757964141605104,24.211020532535787,17.1107725716033,20.92733913837444,22.220478450413218,9.262693567339594,6.211046435358541,9.04541786998422,15.690206438092625,27.878810005830257,10.798807546525591,5.246716936595748,7.230033945459298,14.917699114230361,24.581410978426778,15.536556874607491,25.79346533452246,14.375947203428602,32.263372236773044,27.47798381266069,32.32604613926595,18.445968507823352,32.4847012777704,32.67236648596102,12.127743371946334,11.138932419528759,5.805328295706372,19.485756784940254,32.58121104482388,14.069585171922988,16.20789321485109,11.966937837571834,7.5566978842460335,27.66942850561774,29.900039328698732,23.43636705850603,21.707901563745782,28.98787563262912,36.467327484887115,17.726566176779,29.407032810829108,24.461157095115958,34.400387140056374,33.79520051788867,36.525958677865624,36.92384481714213,27.80435101054474,15.91370886896101,36.25356740339569,36.90439887156315,35.30652350354856,27.10880977491131,11.632272302480027,36.339851667081646,35.4334434969667,22.095722987873955,35.57311346187159,35.891240768411045,32.824579719158784,35.10909671263416,35.76064509486211,27.514952296109463,34.04728941201202,27.749582270594424,32.97777735906383,35.050602223028086,33.558340626291255,17.15569966186629,27.753429637748322,15.600754901147615,13.501410024988502,18.782882562760822
95,8.091079623649357,19.90216916298203,27.381642886009782,1.0254457551777103,5.667648564935676,30.23980489333295,1.0254457551777103,7.74020941525105,11.221561452198367,4.886388715562031,1.8714281681367484,12.930344647442553,6.468883605038605,29.896310624791354,16.02005464310892,14.706262958129994,14.291504850754656,11.696783782408938,21.364092566311797,25.752419600075143,13.531772923207159,24.23915669546218,12.42524346075355,11.820868094681197,12.627207477176539,9.887668454901139,24.92041519307296,17.81825701737678,23.7619059305521,22.99241021945687,21.078809171392184,19.024221523468768,20.687892966138328,18.873789977872715,12.506567693471258,1.1672839352324713,31.478578423648074,24.837077170900574,18.57858863551949,25.02571613890019,24.437279787524435,27.26276758148456,5.554298268922187,22.778717152726205,31.87943094489817,27.64550420072158,32.46856483549031,24.069657472277,12.011828978699658,22.42111747684327,32.00664130914184,21.158107982726403,17.79998944383599,24.79331944759768,33.36049753249081,14.932030015357622,26.477269287709035,1.2664652580966045,11.726682878945512,30.68944516239942,24.451344020343896,27.49080798920962,20.313596942345008,16.864241932851588,21.76946788452975,23.697935274855222,19.061696830445232,28.359308524019113,17.367468676773242,18.799062849969662,4.033329939227585,12.831942808291481,5.815414490261795,15.73927530513899,24.051542985179772,30.030490735404356,19.660333429566528,9.118327852198963,2.113800076085034,13.913877827677052,26.31844107529187,19.069066434149395,9.47039148216887,12.889775253731994,5.5594178256383255,12.91914901671409,6.312390340083958,16.862975007856416,12.112065573441225,17.856999666931454,18.64078481311827,7.294884369993822,5.111591631800169,7.243981236939403,12.312180617590803,23.673504426213967,9.375699603539031,5.047878072919751,6.37879079837666,9.24247667191086,20.915040535497404,10.245369904315508,18.797499378121124,16.181947141914065,27.343525245168685,22.816189728410663,27.493067680709174,15.78024374906351,27.87297622111933,28.322640370154247,14.04157139352969,10.809834574335369,7.6190288528505965,19.470387697109388,28.18258497493762,16.041962828487804,16.149208879532324,13.675004615469506,9.702194762668272,27.477646398974628,26.905517934821464,16.958779545202304,22.754930185643108,29.741758317922123,37.75706414523307,20.27294842937557,31.363491336583564,24.66354016970156,36.75876930902889,35.97398358875857,38.11015028501175,38.511399870552175,29.739283207323638,17.069546904911252,37.83563549140284,38.49178670815136,37.62472803236046,27.311013703430625,12.148894578745786,37.9225626555181,37.44090695994691,24.172008350577027,37.153016542941494,38.10306340145835,34.645518065734386,37.71070953160778,38.58692690799902,26.520333585920927,35.1122430585581,26.72253264162647,32.185016953072086,34.24493889852591,32.78993306315004,15.159928918146406,26.415853924291106,14.895935914584546,11.849392723133114,18.426286471581353
96,7.766244271043343,21.444439029768194,28.81712586508081,1.025707316601545,4.3411049155389785,31.71664739565995,1.025707316601545,7.0150622531022,9.34658987882336,3.5526773255216066,1.800459045925142,10.718647734374132,5.368139982212171,31.510357684452003,12.927694819026833,15.792587158074074,15.589341770905552,11.327293190242747,22.94472055355484,28.668450459924397,14.552264605778095,23.59286422005216,13.38345713337445,11.636128278352373,11.916055386280776,9.674993080230443,28.06692094100278,19.085172952387804,22.985213375627538,23.776355320120178,18.392126683653192,20.566411924421555,24.155830663617262,22.145843684369837,11.377236101454248,1.1580224232634855,31.090380343736907,28.09334960194818,20.493225074418802,25.191803780784475,25.210179457653076,30.38411436100095,6.047368541792411,26.140418973891144,29.159709833088186,27.90618500855574,29.974000373074787,21.45878991977526,14.723433324875167,20.820190064646546,31.42550120364807,17.826554830852032,17.04290214688252,21.6930023404362,34.69028198603997,15.585310810519054,29.990064776693536,1.2455155701410163,12.449477103035093,33.96658034537019,26.510846039982145,27.139418899556738,18.89386038161121,18.597240780179366,17.12572208065492,23.98975152235459,14.086842000547664,29.128561209166158,20.452239047987206,17.26329281092248,2.5528785435887533,14.021631634940551,6.815064252475909,14.790125884878522,19.66252297725734,29.97889910117674,18.66672138253607,8.13622429543124,1.6205591619089896,14.045742705659237,23.333285829055768,13.415142338801163,6.287173395622259,9.16479927057304,4.075708835087475,12.746244466491266,4.606921472014094,16.77171471883333,11.432837781044068,12.284604376846568,14.879675574666043,4.7648529600119405,3.779236293194313,4.839567555187966,10.079093595546704,16.266859504602223,6.474220374088274,3.9645021143257324,4.41451746630176,9.920179795919625,14.377724571845475,10.480593707815807,16.105767894203087,16.931857225523345,18.776502815778137,23.5096130791851,19.05179779203574,10.862895018717774,19.751987917219747,20.580913970936386,14.766148547929994,12.777306154447608,9.23489468565608,15.154169213987366,20.47044274476883,16.45879367518669,16.55301411996755,12.904205764585996,10.804765512426433,25.61952283604645,27.819048051116155,17.863474271140312,24.191357460581422,32.35443964267782,38.61399412897386,20.558437094645722,33.27513725069786,27.034646283672796,37.823106312293156,36.98829004065152,39.67332798014049,39.364261029081675,30.55291291035381,17.07282822978647,39.87914807756207,39.37945169114812,39.61577745783172,30.005418349405616,13.171132566164648,39.81494308300386,39.91274988395991,24.93566123176717,40.279163091602804,40.38425395169304,35.56965080394049,38.838837996464626,39.774222562691584,26.663241778069843,35.779073343312064,26.84702827016791,32.294059035409845,34.47403792336079,32.89598116921746,16.05967410006202,26.978446932182862,14.352757602544242,12.176872203729836,18.46174508067017
97,7.205098833622001,23.09545424303924,29.81867535023254,1.0082594784597743,4.039402028641385,33.43634632180931,1.0082594784597743,7.406510787687473,6.290967476769005,3.4538653220643085,1.167678533023177,7.219860196072292,4.07402422836399,33.26929700800651,8.41573583069668,17.3119461460903,14.770341270130222,8.65572024008827,24.449664959058094,30.821796489230177,15.929515534071301,21.855943725457546,14.626847186232999,9.04195748967645,9.526054647441727,6.768255969790165,30.28197427783684,20.91069428623434,23.655803355001805,27.27645538612935,14.661769806192355,22.487865101770534,26.274156817086013,20.46263979340627,9.137459126916522,1.148328931631267,28.2967861131298,29.98595397580518,20.52156758577686,26.652020049207437,28.57791762424221,33.76321840790778,6.273199580715943,26.99654265425769,28.26146584066053,31.165238689181294,29.506908942281974,16.1441958387799,18.216352718747583,21.005623231061396,24.238782359279764,19.187751411549627,13.889631759249198,20.87177230989884,26.834381601347026,14.766674434842306,28.175902887157324,1.375807211034571,16.500196734021902,39.84360528277803,30.864360374330346,29.154958157226307,14.828164856168208,18.977966157520534,19.05833828839446,27.123782331405142,14.8106644386384,21.99347287920819,21.966056598609107,18.77086056057693,2.4578517231866766,16.35780286358741,10.027895148920528,13.699292815808189,20.153709720501258,30.57030602490792,21.802427409152052,10.385699601305754,1.3648150295184094,17.98033167621318,18.832256504803983,13.663559712646517,6.360533637568029,9.651714429726843,3.197661011070478,15.116601772223465,6.487180157276626,21.132769311837183,14.706965938133457,13.388506770800232,12.103030211683507,5.962741930528161,4.177639004834594,6.204607369445745,12.571344211925323,16.927593670118917,8.190658903914523,5.607067494191415,6.2991246229417355,11.44463679505379,15.248673981623647,12.57483867242765,17.621876545573983,18.01871131380158,19.15505970220755,24.639985933769157,19.415982787997667,12.123576409222055,20.07958947836571,20.865199595994408,16.049317010774235,11.913755676282932,7.290413988608232,16.181767487938387,20.771785456586827,18.742842662056738,19.185371971571538,12.902582455812036,9.725744397026318,26.53628656379894,28.47764186106754,19.661505182767677,24.872576540194423,31.91534326761878,38.00484718004664,21.025188479637656,35.179974638883344,26.95888946254625,37.233662366421164,36.338514329456466,39.710776006126466,38.66698019145951,30.97957597157174,18.968592600063506,40.41355014000103,38.71816934575267,40.18551648774426,29.825265831535688,13.71301675307054,40.19296360347594,40.94135255159594,26.85990552871838,41.93632062391809,41.16138805587326,34.751108101539586,38.353517679083545,39.385390576284095,25.657270675305096,35.76700737400948,26.732144485429398,32.968866552814326,36.61091209072211,33.74651213341207,16.480703680149677,28.795916247127746,13.144204924980691,13.526733909961607,18.60230385332601
98,7.181983787347515,22.322357321936455,28.189882868781034,1.1346272263018293,3.5627924593147764,34.3931390284236,1.1346272263018293,7.691760780536472,3.8936447205572176,3.035357449053313,1.2304933272770937,4.361674249634778,2.953007899543847,33.800675950869625,4.9114384875109875,19.33061411571358,12.656403123996537,5.609587653528198,22.535521681280876,27.483343780178288,17.82959083660487,18.385691419030945,16.41471737705694,5.892517380188025,6.917605695571541,7.533006110873331,26.230655453597574,23.115637653852268,16.886887475496017,20.395865856958345,10.025422602163356,23.782144222310233,19.526460900133344,14.118735944026405,6.433328787456818,1.1356050102312552,29.00801884883273,25.485714117007188,15.874530918688988,20.074329286939328,21.205017088414248,35.039136522295216,5.664579482079717,25.02963376629013,25.32922339543779,31.020491715995252,26.685313249568466,15.888520561370555,18.78900605953058,18.979475560128623,26.341923312642944,19.00130618207038,14.294900503554722,20.637693158719753,28.548270165503684,9.980601769085098,23.997450769124374,1.6147414125799273,13.669594253929896,45.86639388388436,35.21917891618079,28.69020118761987,16.174630557902702,15.998922516710033,19.88742292508018,21.143524351220915,15.51462176369858,25.37177067187464,21.058528686734142,14.1251798807882,1.7592844357232291,18.802503011530217,11.090500001410794,15.39892813376294,20.657089605193097,29.155156967377142,15.708488890341519,12.043808596658002,1.3836046705866798,13.808208933723135,19.220298305348596,15.533688987612518,6.130412438631707,6.974546762410226,2.926900065045058,15.975576898500156,6.757659368717233,15.888694621830505,11.506950208597203,14.706957699698398,12.112684603637707,5.878013130276439,3.778100069504622,6.47155532612419,11.725107254468995,18.385435362466463,9.294455263586872,5.122528377080326,7.312232922302547,8.631678938731618,16.64137373265168,9.765041558154287,15.692827264791598,19.006041652612723,20.703643645985895,21.50454191694222,20.91979313046152,13.39131741685367,21.469389897438496,22.120000348514175,17.349629159178097,13.22118303615919,7.790021536047699,18.997548022103828,22.00038192547681,20.28677739497447,19.678886973116924,14.31621775245391,10.418867099463364,28.43773280437731,25.606309747107293,16.071594313262963,25.107597130940714,31.134645105506326,36.13101753567199,21.44615455363634,35.53687699275523,26.65598447519026,34.520134925609334,33.622217404968346,38.47777279831056,36.86256543430163,29.28569939517232,19.2278861624544,39.56716263255345,36.94174950168614,38.733354822579386,29.704697591310204,13.722805862266162,39.22489316688799,40.114706178370206,27.429299622469628,41.966257087151696,39.995254548477455,31.987211009440074,35.66336412186362,36.71723144719827,23.92079763151982,34.370572340971385,26.33349235821422,33.28313512274925,38.645890711605446,34.273991009620815,16.198271916729855,30.322847401341768,13.382881920747424,14.052073796248905,18.711537084941252
99,7.646296504268898,21.173803961784547,22.603815557379264,1.5261596915421813,3.8960208577865134,24.55280471785574,1.5261596915421813,8.255972519530753,3.610348442880751,2.987786159531811,1.7174388694065619,3.9282885714655125,3.0798678034132965,24.692086069391355,2.8116201418177122,20.401408379466,13.568944746561103,5.389116632272546,19.62382056531712,25.374173227791236,18.870234495432193,15.155264647007511,17.426405466783287,5.7860031305557,6.237125218043228,8.08008732346867,25.425119088982314,24.259408649949936,10.86886903510783,13.403117149713708,7.099849271857815,24.60378337725864,19.568714683068027,16.245485102420012,5.236171424560429,1.1214910072849176,28.948400616855274,24.44181781425678,15.361718045574037,13.184040291917013,13.860866620264114,37.125745384583496,5.9574455123350765,27.4827564356622,20.922162229709535,27.86222859307593,22.38056801018437,17.68859196592689,16.359864319760064,16.59686836949101,27.594609441250306,17.546620905279873,14.279460812526322,19.05452710836257,20.91478956567081,9.447383165861275,21.45703386801496,1.6951165483942832,13.686307067929766,48.456054965767535,36.68497833615574,25.47527460759014,17.350404859836974,15.428363321649934,18.750551355557402,22.633448052769126,19.170396853965364,19.370236157940415,18.202383548634373,11.726646044292929,2.7712148063994078,19.761365313862697,8.733655362969408,15.230310708360227,19.565219486848065,28.974127050454456,18.576711994018414,11.250951494917045,1.279906691914817,14.934750894490145,20.421713212990333,19.32698227529563,8.315432808170037,9.832632956303383,2.3833022186514703,14.142178837167275,8.552906422504309,17.577910178629416,13.352291645977326,16.181404836773552,15.122876515550946,8.007223179516089,2.5000875008001175,8.552091574224702,13.332589673169634,19.78863799364928,10.852346893042473,3.3173265490830826,8.869485320775189,9.874523299225684,18.07858341819882,10.223497879066878,17.33628423860912,17.305231960811135,22.061273374563903,21.37967160241562,22.211657051569237,14.890260439990383,22.59378137335932,23.046085306655357,15.796402391860328,12.988758346933606,7.00247394430728,21.136251692892635,22.948940787946707,18.48427244268687,18.50245624965976,13.944390630786982,9.284087001499426,30.055241765629383,24.537087752275855,16.950145669584344,23.998441857141973,30.001619496666105,32.72569632455388,19.23996802452866,34.24699396370786,26.005680051323093,30.162924702072235,29.199242551880438,35.77031013213632,33.29488052362886,26.2081212207309,17.469653084230327,37.44160367980828,33.41621092197922,36.117866931702984,29.42408936800544,13.458313864902392,36.916207243969865,38.262044544930866,25.756126871737543,41.157403615764814,37.74045272847614,27.374119173754888,31.42250219765041,32.58421557120162,19.236753577424476,30.811576928978774,23.471175259154304,30.69423487347432,38.35844166122868,31.90310306173947,15.937397814098917,30.742235249103786,12.644633305840669,14.263145655627463,18.52772253936981
100,7.131008822148513,21.727350593538464,24.88597654599983,1.062163837861217,5.6818649515228055,30.03602336397311,1.062163837861217,9.72838728358262,2.186802309387063,5.434681284681795,1.208712885309261,2.340098545503322,3.1940542191581627,29.661915295611813,1.5544339934155254,19.57177137839317,13.547559937462296,6.0569514838816305,21.315801753838862,25.561982374147895,18.078803530126496,15.03715360470826,16.67106581868085,6.420444608500627,6.8433961333758155,8.537061357484038,24.724404767652565,23.353206379391345,16.040357095696873,20.986932963459484,6.7300235656971035,23.718522307756768,15.475625070740813,17.6915252195283,5.2876293081874,1.1096822470169236,28.197738965187,22.882499101225378,12.750739652382325,19.067468699773652,21.665543321127778,37.713064567339956,6.050559062290883,28.66058600600531,17.886398683051272,26.70084594966267,19.369297300585227,19.776091984442324,15.993469538749325,16.171033401979663,28.43753703971926,17.010613453456987,14.675285922661386,17.881718817386677,15.87132887757166,7.611557250906634,14.623542751351797,1.6668086903670019,15.9322492121351,48.84427768595751,36.880652072752895,24.261166789540113,20.131722807390766,13.961481427706302,17.748669913785914,23.82826820251212,19.378708846857368,14.030693214431471,15.21833147203875,16.191076034743926,3.2917430233085923,19.836752977138943,11.106752931587943,17.470246497004876,18.652011617896854,27.602944999362656,20.893194340300816,13.069173590398924,1.606207292267189,17.091771070285947,21.61792196862384,19.183003174521875,9.022492318006107,11.519748257585459,3.467855504429634,12.609193471947332,10.797359625143438,19.50864414756566,15.558490301951766,16.257957314774476,16.963321212986646,10.132358443010713,2.8354353266811945,10.627176638919881,14.934003400064297,18.799385149562482,12.436358341133506,3.0444849085501113,10.923339051548044,11.848041216371183,17.595307245034906,11.927849102636372,18.46721771917362,15.711869287699216,20.39679105400737,23.426503737604133,20.581167359215616,15.344975447962174,21.04988030311371,21.604720634898253,13.917380824169836,12.20932523592298,6.042888642245476,22.111379712682588,21.529213865493347,16.33656127672845,17.270144914064858,13.40235532573007,8.198873194008305,30.22153198308655,26.345340412696505,19.376655762283754,22.094111357684636,28.36537991856134,33.668147849540695,18.34187350012717,31.75814780085821,24.019509114759067,29.22743911061386,28.28501081107119,35.5178815569574,34.17709247151337,24.444369391045463,14.901185342389658,36.42235845497152,34.242821112472186,34.300719940271605,27.606377128782942,12.562621866927746,36.13815462182224,36.0558138780011,23.48328617977037,38.418252378387976,35.75227446544762,26.539717963186334,30.441646672296923,31.561719783118313,16.107368927616243,26.93228429229739,18.547304752051154,23.018990971145897,27.725581359181668,23.75371795525707,14.30146731537516,23.205351442427176,10.736093484801783,13.605136263570566,15.143742507451922
101,7.928593772578628,17.915255953420655,18.00348481213456,3.164201096133562,5.481407023930002,22.416152592994692,3.164201096133562,9.715586259084912,1.7151360774704922,4.976634496030188,3.0373876774987756,1.41752502017977,3.304728709835115,22.021646168294755,1.0425075840873543,20.374306667935873,12.426908778473818,4.648809730302753,15.442747926335048,17.912819352514756,19.017037236849273,10.549377904792799,17.735679942299562,4.9726990027797635,5.329485448678611,8.70056253643936,17.0963454264156,23.72950899332581,20.734595632715187,27.325004489003003,6.018452110036439,22.846357389990448,10.36025374240816,15.864089140515661,3.6500750997063043,1.099789995306435,26.233868943967693,16.544024778061132,9.54408646391665,25.3428125985891,28.67202585242283,36.746133632532064,5.845732506848248,27.04113282716652,16.486137463953703,22.81336101161414,17.579998846468456,22.029063883757402,14.357618322986827,17.278589848373755,28.395352898837345,18.60990062714013,15.226181855116002,18.374247786268263,24.18067644622846,4.847147818399425,14.447624380483191,1.6093457117995724,17.184821301870087,47.941298985473736,36.240752111660285,21.271944754361815,22.203231212545525,11.793057271525521,19.335468817889417,23.756608938791725,21.88448090523705,21.028864608146325,14.367186788593953,21.497725319173632,4.47369030928883,19.47361478443551,9.10957812720741,19.041448041825976,19.95193754295904,24.623960544931784,23.0808550376917,14.612106387964172,1.4080415040380487,19.748205600123175,23.377269148527244,21.73852761986896,11.209092044977679,15.121902932041603,2.936420305001324,13.218331377463354,14.199793862946757,22.935538291680402,19.17251619746395,17.55800239818129,19.939634210981737,13.612306901457597,3.178868351808237,14.036670179170201,17.759397486724772,19.12869221881365,15.096043985810434,4.172622362441275,13.988142771186551,12.852443150543563,18.385600674142545,13.339161377855122,19.261632089598347,15.941893890466512,20.11043416963937,23.554185775237652,20.269992234769663,16.988777486111452,20.675515969748794,21.155535320503223,14.371273424137714,12.724770003173072,6.987088267664508,21.204704097672177,21.09950118383577,16.69747847273432,17.826021440411225,14.392543734190166,9.587998169481477,29.088976208036048,25.876445309078992,20.29558959545533,22.759179711481554,27.167291372282058,31.63241188793739,19.626208379717667,31.902506066785005,23.584600265131442,26.794549174087642,26.080356532315868,33.732110658064954,32.032437445630165,22.69155121943835,16.106325727563473,34.879461086226826,32.11574805038292,32.12339838415496,26.979528611485165,12.23856047144285,34.518805593725844,34.378141646995466,24.60394524786836,37.42722736707193,33.75967010900599,24.784432803349745,27.702555891508737,28.540116854096183,15.322014250526095,23.21544386062556,15.776212548318792,17.855226904614817,19.37972108183982,18.130572884934107,13.272954052740419,17.142850073692063,10.462121834666304,13.029969254466716,13.25249347583772
102,8.711100647603917,16.609706707326822,14.005575020201448,5.869399132740946,4.486472874077953,14.279811681935067,5.869399132740946,8.745640237180481,1.6729557621634892,3.6560141181118873,5.425461819172092,1.262403087273483,3.66720459799609,14.586303254927032,1.0216574324056074,20.361546514198118,10.354581284020732,3.0972192095453104,13.243837841021065,17.094369142656575,19.257791824241966,9.064106508601654,18.213614012151545,3.3010416979636252,3.5917276472042623,8.399282071149074,17.508090924876665,22.972095305242483,14.913176446776118,20.598085770326758,4.7257504891475435,22.30890384773168,13.6078147150899,13.184741984876513,3.5613733955441447,1.085866408628729,24.207647138495403,17.72393378295586,11.538990220559375,19.252996807916052,21.09975172742106,33.222110866317756,4.904596358828225,24.459750334434315,14.396966113878733,15.468870900707548,14.67140318928876,22.18582271741149,15.55853142329449,15.53690904107927,27.146548366828938,17.77896932473764,14.419794017684742,17.48833956941153,29.686011289534232,6.452629631643704,20.707091203958697,1.4879689125351234,22.487217376360476,44.98461066703852,34.22994162306394,15.540552480779013,22.25730257952294,13.612418293246362,19.063773548732772,23.805432999690797,24.276697730558695,27.663936186355635,17.637868362564237,19.781328409865786,5.638816026423463,18.32650350103745,15.733848257126601,19.42302087916313,19.527503252699557,22.57932505344164,24.715858322616405,16.039000565623393,1.328096609444556,24.353871159794437,23.065470728195116,24.2396818035164,13.312082972090813,18.797377573282947,2.91814300637256,13.678553204898268,17.029000220052065,26.434059662668744,22.830091052101245,15.051871648682415,21.7522629433753,16.587444954739563,3.0031839605698996,16.910968636733088,19.199245967130434,14.30307589659174,15.906684209544558,3.815242791544153,15.889051376567483,13.546424400451459,14.660475013930457,13.838245305327135,17.471880691018,15.761302480085908,13.815258324379691,20.401122724431723,13.924019423479022,15.307369181553598,14.20019245622111,14.52704756594632,15.166181506526915,12.811676188379533,7.6591211606770235,20.807398118645786,14.536789533244061,17.546405690537732,18.718584956833354,15.012036406800183,10.46163735523951,27.52811423628287,20.935771022331554,19.655522943705403,22.073882546355406,24.6266935847483,21.868631364646568,18.306829257435904,30.445359369586388,21.92338887392765,23.104037146376648,22.574084549398002,25.952755229858283,21.933351591823115,20.069058584509357,16.415654291054402,28.668768758658036,22.130324637642396,28.63414438288363,24.993247900859053,11.364851622817467,27.81454323292804,31.232097563148102,24.343728130757697,34.75530367094546,30.356538537078688,21.617232620095276,23.775612364616528,24.395061213124727,15.63347084605272,21.602782066388613,16.07720318922809,19.124620494739563,20.83344582167739,19.497564589444572,10.998834212172367,16.9988990056029,9.35487694508968,12.683349777567457,12.913285206646048
103,9.773319536817128,17.02020933339976,11.716237868478403,7.557872805683217,5.026766940155375,8.653917149365945,7.557872805683217,9.5452967502489,1.655559013505721,3.9700733465191873,6.908651509649133,1.241525633818533,4.317677667146777,9.547828338128118,1.0012242837574952,21.896526378511744,10.977233093581068,2.969746588705884,12.650126402178348,17.572703440640485,20.82475909193484,8.502465552334536,19.80970884686656,3.2188081898525196,2.937445230398595,8.146824455777775,19.008804243117403,24.38977296673458,18.390091495932925,25.854179247377978,5.199285275289675,23.74561349920843,17.438806965689224,15.247517330563948,3.507628131627254,1.072069354283201,22.95224085274153,20.09582547975399,14.149206597657017,23.853720783879407,26.292872041871668,33.09664329578705,5.140160529672392,25.2584028165379,15.181178930295065,9.703977602817947,14.676389572103874,21.845689528904614,15.543634168864667,14.518658468949242,26.243771823163172,17.55961092166424,13.876843412164208,17.919201656722958,36.51546658988262,8.270666885718153,26.821459321435977,1.4275978079805736,26.612230475292144,43.47917847138797,33.2189010786627,11.443256342353004,21.35980300097207,15.24215811072889,19.65830978109386,22.13408771916669,30.435119923853566,32.40765834230895,19.993676487547578,21.907280766791146,5.063691632671194,17.72560465764506,22.013029807208447,17.990007151804942,20.29186791959111,21.757832539439992,24.580119729203712,13.83279952804051,1.4643704696746869,27.155367173606596,24.45926139897018,31.45946668711655,14.517827719866476,17.73531955897906,3.4614289215693796,13.498842658191357,18.359542401751842,28.447506707010668,24.561451278759236,12.709681017502596,22.705960426712938,16.944611446847677,3.4036891398088067,17.923396772575064,19.751512776831323,10.226197980388925,16.05353517684711,4.076814368200072,16.868625012346968,14.530461021191442,11.406554451158115,14.842482050683737,16.361681051992303,15.767757935384683,8.639596986209533,21.37758360117627,8.825860848591658,13.582318635337526,9.299431736169266,9.860036478174887,15.094502037440309,13.24223882514178,8.299330916757146,20.850187175925132,9.8930330427032,17.222110521677564,18.656569695615314,14.849049319866234,10.610207434707158,26.924049466771912,21.938119062837682,20.91436637217767,20.991370414916812,23.318417786605625,22.522911347603163,17.602537866309163,27.18344858176903,21.12733377781939,20.369915338531452,19.992901394987104,25.17016155998998,22.563346413447814,17.720227930693746,15.047070236106414,26.931368102901647,22.691099162559272,25.17983960520856,24.024354196188654,10.095306443905516,26.37749197467611,27.595174090224845,21.964326409056138,30.87285718757193,26.745390002574016,19.33738589233324,20.836191670267837,21.266207999092053,16.600345314600784,20.92926420350125,17.028490231110933,21.286459511611245,23.428058731013913,21.78191871619899,9.804000769849905,18.043607686619872,7.23243308522432,12.308115604603143,12.10208949583327
104,10.360939889064905,14.894844425031948,10.871889237147652,9.499245729968719,5.278529676928699,11.417975730078265,9.499245729968719,9.552992172817339,1.7961525449390527,4.46598267417941,8.61980425226633,1.2220102079876578,4.868009939159799,11.600889615509232,0.9811997980823453,21.40495338556958,9.15547887572873,1.7408996043973235,10.61533238589388,13.051386447004829,20.550138365624804,6.796149644870825,19.738544308956516,1.8908129844666561,1.726976043365905,5.655696990578713,13.286480503914284,23.276173336563375,21.692780070039515,30.70628950425565,4.992650969046821,21.917481100104414,18.807657211684084,16.46622374344851,3.515602781271401,1.055475978252115,17.70178483230983,16.446662568730055,14.83293900735196,28.173605100969013,31.146785983298813,32.88052920151347,5.518087169414817,25.093740552647432,16.27252904458448,6.008654481294973,15.276132133018478,21.721885238812366,14.529823727906248,12.491665582606704,19.033840338813476,16.23004747815381,10.4692848665435,16.839081879132834,42.58892962949321,9.550804506575703,31.693639749119065,1.3501485103513324,30.941385778728147,41.35602752178358,31.258918446129577,8.910770501562187,20.656127818810123,16.2715984967473,19.252275924924767,20.544318121219998,34.607486665629594,36.13632240009998,21.201192316836554,22.553112459465396,3.4991088997210906,16.801719796016705,27.05591245339877,15.965428031500505,20.526194407560933,19.326096932371957,24.651702982695763,9.69403450824217,1.2373633517324587,30.374038707748625,26.220425955997605,36.32943455320919,14.000379538197821,14.317675385042486,2.6714745799196744,11.302499096494163,19.364348400668106,32.08459134214259,26.659661399208915,14.200750859026751,22.422334134196376,16.19680159031323,2.272308305135087,18.03798203645373,21.89598809565935,11.695415316964244,17.567718180125066,2.7187479602494804,18.379952283571615,16.650408740796372,12.885995332485878,16.307007085587603,18.825353221795343,14.391259284036524,10.093751498689473,23.582191595033347,10.270356021154434,15.080842143275195,10.719342691135848,11.250839489888595,13.455173759128023,13.655288819442987,9.12817021404422,20.138122966855725,11.298067823438158,14.83226782765528,17.08999469173831,14.560560040742903,10.89533581667627,26.257353969474284,23.765160440894327,23.45920223167551,19.992531802538238,22.383953017298087,23.32530999823181,16.99580800892923,23.94746932721273,20.432098949567795,17.36319127969073,17.126437548334955,24.517228292770277,23.29450783255712,14.609765866623354,12.60585822822624,25.342856572720287,23.354436935810465,21.617513036155568,23.476583182308804,8.888297646532733,25.083287040403484,23.977621856036656,19.324167048872628,27.181655693839282,23.1273210567442,16.76848566085868,17.631569061897462,17.87895597727102,16.615388741114298,19.29565534961518,16.583859564883156,21.586636465102217,23.337891782875797,22.110344456454843,6.673625369529701,16.48708049969617,4.887850100269092,9.008119062848225,9.93080021538137
105,11.423828410566315,14.164864120828012,9.683656367080006,12.69055173818341,4.551490140745087,8.157424164148473,12.69055173818341,8.44108592479952,3.0854387829102565,3.595879058823081,11.575800445674354,1.8286430600318835,5.992749746832433,8.70933421466474,0.9615758021206983,20.425933459368064,7.669848646527098,1.2724837656978947,10.173220576715371,13.615565260827845,19.937498984119333,6.629045763246753,19.46965798268345,1.2781610512829917,1.2788283208999374,3.5761067173936105,14.48601386981226,21.301083842666362,22.367141308021505,31.90362545035541,5.14266124628448,20.44529685004545,14.275352562303084,17.32793434832278,2.5089693035621785,1.037923533114533,13.115746261492099,16.574987060585364,12.12302616398973,29.25475385131827,32.24465153691926,24.839123518714565,4.680875176423315,21.16315432771024,16.530812105186822,6.621299042308824,15.712097234328482,20.629447437347388,10.433795978546263,11.148995788573343,13.084900325909299,16.66620114866621,7.801414663719588,16.720890147874357,46.112237436917326,6.608529541690395,28.626117202679445,1.206087004886057,26.37038666326196,28.482457584976572,21.992309223706286,9.268579177999785,19.158400293358447,12.49668609446431,21.07502918619344,18.870030983227643,33.31521037212459,38.28047174404873,17.66093122742036,21.146533628176776,2.2001661797233063,11.685250851965105,29.719255122359836,13.76920944964733,22.193493990462272,15.657978586463399,24.05099667422978,6.3301157537064245,1.2168337626424504,23.30565788678071,26.03569128099172,34.91803455639317,12.245834310012672,9.468394765924955,1.8732026577354361,10.75409162626876,18.427360198463468,23.08895800744268,20.61401016789275,15.812043319067051,20.48751343618203,14.900512505447953,1.5639735839338154,17.062032697270418,19.604217621372296,13.987504902134559,18.20328415814742,1.8681725427571478,18.69664407794563,15.248616407512962,14.856285037025344,14.689918374994711,18.62455530626901,12.63622264090727,12.82105626665148,19.75415919032607,12.862850477423807,16.449291302256306,12.968522654073059,13.09349186238677,12.288026012870558,9.199657757740631,6.024603040231815,18.5965112991345,13.147079911782571,14.218331071242051,16.393095752905708,11.928823020157822,7.8260426307232125,21.963931646834464,18.86911319212821,20.696733005148136,15.29940516874364,16.59300441264394,16.116465973245873,13.018820965174617,21.395560088244245,15.18276445400923,14.531682604215868,14.402178403786742,18.62982184509926,15.924998205133498,12.492114743922949,11.42320551793598,20.457672865593196,16.057547855486764,18.751644191193638,17.55005213149513,8.03014060793855,19.88276239964689,21.212274671787636,17.024824745542904,24.557291605018378,20.251657506774496,14.23685551763051,14.664532985499688,14.786861357547735,16.13776641641844,17.723651862377057,16.135619384526866,21.755528538831296,23.628971138018148,22.345417704986055,4.424594815599958,15.68842488434188,3.61860356949295,9.019465929338839,8.982016283874772
106,11.987245678525795,11.97984347098704,8.551561202349516,14.741828131962539,4.0940591346863755,9.210190584008378,14.741828131962539,7.608299090027231,3.9985702901045044,3.202671435247818,13.471921271401929,2.3404220256601267,6.621175661641812,9.313569605242979,0.9423442860782845,19.32188471035342,6.682020946109216,1.250425379088334,8.194803499011208,10.084617777987246,19.10322873556996,5.221415295187186,18.88887254348901,1.2563602476192197,1.268159914846791,5.137395577725734,10.200859487499876,19.480085030186917,22.32412136158943,32.024714943554976,4.64152232261469,18.217806341718937,13.355583822494525,17.242785052217677,2.383837074991209,1.0237141875062876,14.706485028259975,13.157808219516985,11.329084105421314,29.23421145140109,32.24746475547994,24.041609076294847,4.5373336520764065,20.797257428666406,15.038394633789391,7.327197395036238,14.551170375562757,15.213568516792916,8.347579065876097,11.227241246304017,17.110405971608305,16.712681612030547,9.605145580007964,16.974065728449894,46.2185236528916,6.51238196395986,28.685959009020085,1.200945158505939,27.647694186846397,27.495291005227752,21.3533960522073,9.061644477686903,13.416382203585226,10.622353863013174,20.884413859883818,17.964560790449493,29.109505257209843,38.16321684473971,16.603061496722766,21.507171677276762,2.419619346144694,11.321824000409098,31.415154631198213,9.941614485714867,20.8216397231239,14.03015726750418,22.772659420257522,5.277628255183162,1.2079436687858203,24.37373069786265,20.173817633644685,30.163057730690348,11.343332555113633,10.189083760930712,1.7919729956577406,11.025608050874476,18.60334842016197,24.01711956010796,21.287152487337014,16.12949296481147,16.737415891689295,15.23310458233107,1.3040516418674926,17.091274994901298,20.044624251280663,14.382569693721056,18.417107309372938,1.3181509078417084,18.887700505738778,10.402147922634573,15.214326230858203,9.960881676614514,14.440786779793955,13.059450754012339,13.265164210693335,15.565606593274836,13.30689688803549,16.73953966839155,13.4124276688026,13.537232589767175,12.771435411547328,8.762008372640468,5.333917908895192,18.724477089586415,13.538532028453158,14.950763333430464,15.655703991416237,10.448218475181017,6.359098535651842,22.039820723396236,15.822912770691866,15.004412212724578,14.142663499967226,16.026624150170186,16.32982500456617,10.654576810755291,19.553911353298535,15.342648825070771,11.363084522516594,11.331119827766743,18.62900381961599,16.365010024696236,10.436945113100954,10.250523170103671,20.158893595809584,16.47595782598194,16.442638676827276,17.726636203996424,7.71360853705127,19.677710102438645,19.468520742315505,14.744750898963812,23.589292319995305,18.16768801125675,11.32278122218747,11.380912041535955,11.397106171868788,14.784954190715053,15.418735223052488,15.087793055286856,20.661736438805146,22.71597768110487,21.277138318327818,3.123807622505238,14.657866321396266,3.81228997387299,9.748314798601934,8.668758737729089
107,12.008399094890612,10.008464074291032,7.730550749373801,15.990387465693022,3.0408992709090445,10.459855695478364,15.990387465693022,6.371552725269958,4.173394310429663,2.1860197719555683,14.551361474310985,2.2225110817551696,6.529367790480241,10.144090339473534,0.9234974003567188,18.297400473027537,5.866502533686506,1.2254170623840446,6.369822413466326,7.047945536223577,18.26744744581173,4.056606282602679,18.230674819849707,1.2312330426668352,1.2545191129915862,6.569550122609785,6.458068293634985,17.95909267448516,15.288358088451158,23.01152610467487,3.093483814191249,16.331111237944526,12.46775496167759,17.04023844624123,2.2878810589076224,1.010093334688641,16.99534343057892,9.967804336351259,10.647237991461713,21.141953491129282,22.563541914956698,18.298242813568557,3.834812149269964,17.65722475594047,14.528941418209818,7.539709300127968,14.172512447118384,13.885083228628071,7.213688102785602,11.39547984049678,21.039928861462723,16.9217587613622,11.292427267258239,17.60653681546385,45.45895379889912,6.3943537675134365,29.054190924706553,1.181091359304767,29.66335781135005,18.842019408057016,15.177598290839107,9.00090270048668,11.956508289584757,9.995043695863735,21.030487529883473,17.44986532940597,24.445558672939196,38.679711522716175,16.08238923038926,16.126275589008984,1.84635130795276,7.890639006381444,32.84338602430686,8.421344640440632,20.69775750966019,13.900901393693466,21.260871092529428,3.5935861167957164,1.1864371669892588,26.202931229388145,18.49915821403087,24.964822300342657,9.294441930317818,9.084866499125578,1.3475728846706887,10.924551289519327,17.30968065514158,26.214501342458956,21.976830909182613,15.49802099034547,14.33558773233694,13.669744751324032,1.2513543455034082,15.385970000787955,19.959827551472863,14.117244776824563,17.283094706768374,1.246389066003516,17.61561627404168,9.619516980632211,14.774471720699283,9.121079299991873,13.729432527125862,12.929533584737,13.230886298311125,13.247461461741633,13.212887931562763,15.979249383120889,13.166312991613017,13.111007555004054,13.083609542432171,8.293333739880525,6.216459890030884,18.253639634314688,13.12213189552445,15.069805276091797,15.451934445061593,10.555214959685095,6.94265705275684,22.250197292078443,12.878436357921029,13.412896166850429,14.608776559076755,16.251001748010935,11.923797303857441,9.501777122407768,17.113502556698357,16.12563775928279,8.478392049274664,8.609302884448645,14.545479344166782,11.85742343618963,8.000392436523057,9.296691413944133,16.36221861242017,11.98914821722843,13.195974881677307,18.560508442457103,6.684321038200008,15.790764277043811,16.262118729079468,13.156252606705523,20.441587380719117,14.880941059538085,8.92137315006618,8.277658495509327,8.092075545927019,14.832463793758137,13.598782266409337,14.832233053570851,20.38772885107723,22.057509301432564,20.967202194281594,2.4386388195988595,13.871220045711153,3.4318288753417825,9.745722200067933,8.643344455325147
108,9.685560498563824,11.202999598027066,9.207393795665054,10.761774271006976,2.5474412103060313,11.540812072921316,10.761774271006976,6.132752754982642,2.813722801302981,1.6690975450537926,9.820783762590457,1.462076951768425,4.4965760171057125,11.340559170448717,0.9050274523495844,17.809286585472908,5.854557705232256,1.2009089600287417,7.721561217413502,9.297438430224595,17.350847296547336,5.105634449449461,16.91304601360268,1.2066083818134985,1.2376676410238092,7.5636188064983685,8.895629533563648,18.63614418869646,9.572914400087418,15.472149177585603,2.4132716964580783,17.301517925097393,12.144808875698896,18.10823713753764,2.062485630056778,0.9960200815125795,18.150396147885616,10.948623077977258,9.820007411343248,13.486228007458424,14.424710818453105,20.050344767058846,4.155184683001229,19.08895338246391,13.72426829852357,6.743128695904713,13.362360646391434,14.26404492582981,6.231928464741006,10.923901426083452,23.60114186480051,16.308348815915163,12.277253510487332,17.501618499260363,31.55984153392733,5.8797301628989125,22.634198382947236,1.1750502095721425,24.98892379364161,20.91711796187712,16.50206830374885,8.232346874644978,12.069547415687067,9.256213855920267,20.280696968797525,16.41842593807281,21.948988725979078,27.408942982374484,12.638144665281123,12.387330957744275,2.492090940828603,8.686154716464488,31.955841131415134,8.517642786830057,19.994974240486922,13.461612709173638,19.761171469059082,4.090651003828868,1.1739029605128501,20.795614278894586,17.841152965794187,22.306864917163672,9.358190085696311,9.589861553298489,1.2634199141721767,10.229172727414287,16.186407659050623,19.24270872238584,17.590133239491454,14.971023649104096,14.508058565692343,13.715392883875014,1.2379898553447417,14.996808724020958,17.219667526320404,13.857551728085667,16.38786136709743,1.2344905613755717,16.621617426025473,10.29213165157656,14.388514507687267,9.681914498778832,14.297253498223839,12.059240724529426,13.143604579543453,14.704335611187048,13.158651851928667,15.357509359625077,13.196251056968562,13.240622170818854,11.881029615873194,7.1669338311392465,4.619706469657816,15.451491788223407,13.249473819952264,14.013067523297993,14.859567472533705,8.997315001599143,5.649838766595399,20.12243392779198,14.612744151296129,14.538200282379302,14.197792484805202,15.480767332965689,14.269645015833337,9.482860528844284,15.683489522097346,15.519645896193799,7.814171520414323,7.95296789168087,15.535211672459488,14.245757179854476,7.591032747965773,9.20206880034883,16.406444309767892,14.308949157463783,11.951217029487736,17.63479040235356,6.002996931525595,16.132441861105416,14.662002640745575,12.382389359893732,18.358003097202143,13.424226969448478,8.268049032700825,7.608544693064183,7.418467398162623,13.934425545196348,12.619911390600063,13.829480631198408,19.003909812136982,20.46697343303339,19.532522010795173,2.302370416842851,12.86294696749215,2.996198113185038,10.132611077865509,8.300879882600567
109,9.37351857541638,12.931683406046686,11.142822806837803,10.004512802548227,2.4862400400159563,12.607354634306091,10.004512802548227,6.247019773022359,2.3151795359061325,1.6293464513562992,9.074390758360227,1.2251555554055655,4.155954919300437,12.62543957620948,0.8869269033025927,18.17646367299762,5.913504101474855,1.1768910263005912,9.801946744153721,12.5809606849174,17.617861487319917,6.593581186642577,17.086254663227518,1.1824762141772287,1.222699693547583,8.609363934550528,12.539798259176695,19.262444960131365,11.277348143078523,17.54685920458159,3.058464276340211,18.41915208203771,13.150464068509603,18.948142988026873,2.0768611208096317,0.9802863894672214,18.296468225291022,13.988790694057672,10.53510833630648,15.493279479478602,16.76059864979557,22.623341532255605,4.98473922534714,20.892820248789302,13.03606322230642,6.66833458028573,12.742042697008714,14.38734761091173,6.014192638275005,8.413629510844709,25.722779990703412,11.718887583335443,12.594883164103956,15.078002721976523,32.33881548962452,6.032072267760718,23.03441210426038,1.551217495089145,20.112637379112208,24.42004872846326,18.69753874945048,8.032652658782604,12.152358604034577,9.362938900737579,14.587050703902293,14.990976973471808,18.99081878691885,27.581056624550623,12.634233653267408,13.2153128250631,2.4551125788553496,10.35918069404719,30.204153425406478,8.39301820132333,15.421379129243022,12.668171547335064,17.72651106728994,3.8033050951894283,1.267101972548866,15.287355827907412,16.82032598587961,19.21684816254094,8.331439034075641,8.391093368202101,1.2572052129549691,8.547772557037199,12.508516031177557,12.669903371863626,12.254537759090574,13.682289312297007,13.761311011232499,11.13868868658164,1.2210935923885209,12.042496107168468,13.213106482831945,13.801375916451436,13.367762214814256,1.2162160667990982,13.071030874292413,7.121561633024558,13.747300545857605,6.66713822063703,11.724831253059945,10.468366982593016,13.870554160863342,13.078793762547805,13.920893712190493,13.632152402943898,14.048388352329036,14.199210599340471,9.809653238177734,6.49355183454373,3.505017669754263,12.291451449233469,14.160441544911482,11.740449127524432,12.065325045089747,8.099996252202137,5.147870337417925,19.168456230995684,14.271198860366427,11.2224536109243,15.910345898135192,16.479100939153668,17.39912951484769,10.765042982448207,13.743059513554991,16.885890500591906,6.486958696128741,6.66669150951369,16.73270266176755,17.616557310392334,6.743815359806627,9.636282881942206,16.134679791799847,17.573255238767235,9.658867605058644,18.763079493729975,4.832731972430729,16.322901760958146,11.824333814355127,11.975074733695697,14.77916939319243,10.795038130248555,7.042619731555982,6.235326637423242,6.002793815614658,13.107343702765363,11.383893631677395,12.895191462737225,17.921199258256458,19.233684601239798,18.422577248916028,1.6716668255850657,11.851192635353572,2.171221770686187,10.468953131276328,7.738330619187895
110,6.963616064756696,9.419332425107614,9.246652143916432,8.292121751980153,1.5749676893418387,11.215863709071018,8.292121751980153,4.12864673958103,1.7383677947185698,1.238156135080007,7.4999765172855515,1.2030819174361953,3.2694873719163327,11.08635108486991,0.8691883652365407,12.558218000691003,3.9472153833239383,1.1533532495132288,7.785215273261356,9.710678444278738,12.298135013599715,5.235302306863955,12.048870902984161,1.158826689893684,1.2088468135938788,8.92443840082859,9.43283345616314,12.96697414952396,13.743050696554642,20.4830021376634,3.1269842413750464,12.557748565411067,13.773856154605149,17.374218780521847,2.3069918890753636,0.9627273846568156,18.362602013968367,11.465675324830707,10.082527923800944,17.64313140366296,19.967642472348338,24.354795007738105,5.7899550457479245,20.721649037690902,11.630494584435226,6.8192581742316785,11.48160650848612,14.556253713748395,6.570989871934368,6.785447500495876,26.51423100186466,11.61924823502512,12.560865866507186,15.155918689486302,23.996217308470857,6.866328807792927,20.409256250772373,2.156035492112255,21.29691250208125,27.302558690698994,20.679301698880543,7.8575281896438085,12.357336416289657,10.241130823509865,15.490635820453607,14.664033104709315,16.709668199100953,19.649943259876846,11.663799082344779,15.3675470993728,2.9968899061171332,11.94529029545388,27.662007930076577,8.659716714081583,16.105263670937177,11.525687700684719,17.473871536437482,4.471163747477224,1.6644348060991883,17.85524288377415,16.24180394189322,16.61241712017294,7.984155725148325,10.383258870348989,1.3366425988231658,7.994808013681427,9.407774153751255,16.335462659341992,13.33103392692195,11.694949616356006,13.59857374196114,8.922081664554922,1.2115092169853496,9.312807384052062,12.049624022819925,12.874208494506723,9.901277177476763,1.199461902973638,9.159434506567873,4.55578045305919,12.31540458617786,4.235711535381795,9.316898966975542,10.107583761153682,13.612837604140468,11.852278923963942,13.707163420071447,11.270560787232977,13.94669477326659,14.23018642029151,9.132738181866657,6.409313242782133,2.93826169810049,9.664622153148263,14.154238973785112,11.040728617122344,10.757914999429044,7.019170700198782,4.646359423368666,14.318349372653117,14.16037493993192,8.603320930235041,12.621727645090974,12.145863975469792,20.231825016069294,10.961391073805693,9.85796099770211,12.587876289419356,5.871444394886994,6.069426017408572,17.128071460568265,20.65387911358403,6.0259248701618695,8.700258573633283,14.74398236363282,20.481118748051884,6.994291391088735,13.563403037494783,3.063437568114133,15.494094739217974,7.997734245748903,9.736719559735723,9.368419975059398,7.492952437142508,6.4814941368889,5.595226590554129,5.340003392141133,12.30903096661927,10.310705654434324,11.76761767909482,16.270471823268466,17.037843512483448,16.682728638319233,1.273032776081397,10.261758157477248,1.6330528261021173,10.354243291765664,6.979981254984357
111,5.157692760642303,10.298355750980546,10.742694008180225,5.154026915166655,1.9332559845040258,11.46393233047794,5.154026915166655,4.037911424837868,1.2840563582161033,1.7690553728307885,4.6911159656846735,1.1793131789607936,2.507432676728567,11.613841262094478,0.85180459793181,10.298598019951145,3.316858838898324,1.130286283540752,9.802758932011924,12.80813918952518,9.942391487869958,6.563676566889822,9.60405936644388,1.1356501560958105,1.191645351037313,9.243662378903055,12.996819512670982,11.019277951420317,14.269681510549281,20.7865766577364,3.582332483444271,11.467204444109885,14.231560003524063,16.828421868569105,2.2077717737558724,0.9448282706780341,18.995608175294407,13.927189972577143,9.950706641189871,17.646306660679475,20.486737162469215,18.84945137829966,4.952198436831374,17.496165024437847,8.607786331011525,5.916123354527065,8.606540362556796,14.453950343424694,6.341786202055328,5.406307127581709,27.44326309683498,11.329908383661012,12.579080211062319,14.437884084859945,16.65650639525708,6.757276537786597,16.849104376096104,1.6046734650355374,20.840623828891385,19.109504354062484,14.844324709002061,6.6269262710396415,12.613553834795999,10.162064787992188,15.656160677151638,14.125739600296013,15.331302309213562,12.68449499385093,9.908997525306638,15.238645581538508,2.855880836402246,8.572859636611975,23.839237551643752,8.56680601915926,15.964431190627222,11.430578141453772,16.636076798050382,4.100013468666498,1.19919388558211,18.608835887621687,15.83619630535991,15.161532966859582,7.253115329238415,10.317931895299163,1.2495043015165548,7.87625464455344,7.157500264245607,18.14694121719924,13.538106221372676,9.727495865497927,13.181881902485962,6.912309131719682,1.1972348525000198,7.1394230842295725,10.894445106726884,11.318074854088112,7.3722981423052705,1.1843079018985823,6.47774936561322,4.567287347031035,10.563052373765414,4.233535086189747,8.828411336019375,9.826056751813987,12.316179497012701,11.611730110609683,12.419707900764347,9.158676975134451,12.68269001104888,12.993953528925008,8.892086577074338,4.8326443238128265,2.354139409533721,8.332398367511699,12.924441377504492,10.856886573148824,10.635969785244415,5.708111451778957,3.675337158065656,13.819011140991806,13.84262746128188,8.52526082271227,12.723447957583417,12.589149302454965,19.64375097478478,9.40007823651739,8.345288142498385,13.631162061221351,3.878591357806303,4.065519731142089,16.286881064888675,20.046999124680596,5.262072883701368,8.647550215559932,13.744424870453303,19.86275673522158,5.420027393408012,14.423366430425874,2.620241383605485,14.544352953838844,6.51436221024511,8.392899621353731,8.013064138518896,5.90034528911546,4.399743468170414,3.6426617001949153,3.4246886931298945,9.75899113699997,8.098983056190182,9.695453613882492,13.747829315285685,14.949437110821025,14.162698965070817,1.2595550156950894,9.101978081564871,1.6767645719218733,10.969920305760423,7.295586140049743
112,3.6998602482935654,10.222657436217869,10.892234420859948,2.983063793353545,1.5527066027984233,10.267556254048143,2.983063793353545,3.3049753089056875,1.258375231051781,1.4251734571788142,2.7509722802642735,1.1557269153815775,1.7435689571856168,10.680138378534759,0.8347685059731738,8.26003854517649,2.715026941562116,1.1076806342896266,10.405330824747624,14.3079623116353,7.875701564267452,7.068154259637603,7.51189850266316,1.112937152973894,1.172957757318647,9.151191179102073,14.941994103172442,9.10398346842104,15.075881655000344,21.424900776182533,3.915868935391778,10.145686983611297,13.695277300601878,17.100005213478255,2.0214660256946484,0.9271063412891426,18.945831043908203,15.081368201975721,9.328848195109849,18.181258263975295,21.428096265643962,19.856497182186637,5.013250498999358,18.1366222052191,8.505351514538688,4.9271293884424745,8.38185397574818,11.04037898820012,5.7950886200122635,4.555673009438679,27.234174736000043,11.211564734518781,12.263016567623188,14.550146421455123,11.91633902488438,6.243331134555663,13.779404253843174,1.4952112704618001,19.154270885427678,20.444114587335342,15.6691341114681,5.691240281054857,9.246846110761554,8.788249626111062,16.118048279436348,15.728113709951417,16.242916590457863,8.29787939962248,8.449639726172938,15.894448688789346,3.14710181172455,8.997473634356036,19.57292147202284,6.886047959468327,15.771326721230363,11.413609182971785,18.639251980396203,4.626108715665236,1.1841390167708972,18.09674700712068,12.776323797526551,15.860426703616774,7.5950260997397505,11.085514485635741,1.2410663117031406,7.2743071849954895,5.301032751683689,18.249899149749734,12.993863356995707,7.6309651704106765,11.608625273083867,5.634796382775672,1.181372993206334,5.682514399513644,9.332639634269993,9.403472329361259,5.03884341476712,1.1700880839101198,4.095803800141824,6.255654959121174,8.561420441164472,5.808565028215584,9.652657073933995,9.34752940206939,10.516521945473924,12.877076217700335,10.636391691686867,6.998906439015465,10.94100501586114,11.30156847956813,8.390118439028504,5.504984792425456,2.766675339699866,8.496892424859762,11.256922377299524,10.035751360384634,10.358092423824933,5.293828535037167,3.4967824848732283,14.277516507776475,14.677162145945644,10.43119674309629,12.23360787486085,12.930402706529645,19.160227428354098,8.17921473305287,7.581962325977343,13.951774935076937,2.7397925911850645,2.9317302852867817,15.882456444393954,19.471808653451035,4.079662074113165,7.107097733910611,13.455468226306799,19.29593356160347,4.731091173179238,15.05691929293837,2.6108636461502632,14.219066664226684,6.104824915671497,7.0486718463504525,7.984385707526601,5.3665305020302085,3.2800150216760833,2.495269854703183,2.2693842568697478,8.756625514211418,7.024374251340139,8.872940870177562,12.764513382564369,14.132558423600408,13.18098448097686,1.247238901819485,8.628665699369886,2.300627159482231,12.335242785519828,8.877065189267837
113,3.303168365550336,9.8308435503424,10.619656548366203,1.6826729673806078,1.2850531165982508,9.82993891074362,1.6826729673806078,2.830574073413529,1.9791367790727734,1.2349974732711309,1.7868036743825864,2.076350726028095,1.6829854971006577,10.266800767270167,0.8180731358537102,7.454320435867377,2.5038000864539596,1.0855271130532984,10.123315258751013,14.126873723041983,7.0196288973815735,6.946353201326532,6.608987478609437,1.0906784099144162,1.1515999154519283,8.75192872983705,14.804294266386908,8.452969849261175,15.782088236400082,21.756272858442696,4.0170717453023945,9.569014349160424,13.123927488562678,15.442163908274285,1.8961646901607443,0.909627710600648,18.42296212071356,15.038948060220024,9.138140030323655,19.2661885186368,22.328067005032906,15.537979297103528,5.225721160499769,14.874160614094638,10.61580380102089,3.5765841082651457,10.126330670573987,12.078437071094001,5.503575268751563,3.8911276550747256,26.141297688666214,10.630172187209196,11.612632459459327,14.916975277359102,15.370980997630895,5.9284707101505845,14.743346945227696,2.119961998092006,15.438974783623555,14.41355385399011,11.340229745897274,5.170220295439715,9.93071320676911,8.575895213080805,15.997836807442612,19.44071260334543,15.576214424389246,11.30522387284689,8.714665653310517,16.390193038095653,3.242231412601993,7.210894335392093,13.02806070239742,7.332204380662986,16.215426516102738,11.912778252103381,22.641728623602788,4.691984092574924,1.5903175434932677,15.786145917808527,13.552115115385533,14.40783914503868,7.254551129678309,11.056220150463545,1.2265523824274907,6.9818813071926655,4.028232207548447,16.647952627024484,11.649907892416566,5.971906689525395,11.714356202665481,4.794063108816958,1.166017235138684,4.653483341483944,7.764871227171165,7.674710004186297,3.49447156443977,1.1567004788319364,2.609972990607547,7.642105932404928,6.865525279427347,7.102846605687747,10.214910395039917,8.921522171597438,8.744186424785202,14.270094448954836,8.894894472684783,5.3654031544356,9.278059028774818,9.731640585310185,7.859304132601905,4.086236661515706,2.1044206967348855,8.118247320244565,9.704348074606026,9.531734488223947,10.369442837486075,4.571450680791706,2.7258388783688954,14.268896292308487,15.903454282978544,12.147768692184819,11.986512450677564,13.007954906677497,19.742941446159,7.537203234016822,7.2223465679623375,14.05582083584746,2.1865138205317445,2.3594114821179937,16.232332011875762,20.00973881463935,3.659365085067281,6.564965246668576,13.678211678609081,19.824648806219773,4.431694323812173,15.242397876114586,2.590106766297837,14.481805665873985,5.905165166649488,6.446406180820954,7.920908269679195,5.118606909985129,2.66252440905999,1.97106375505457,1.7720402990654298,6.844850475007181,5.238069786100423,6.630690792231996,9.35286519390048,9.955748368193056,9.613081005102018,1.2255220536907105,5.946262102081335,2.8465662362257578,13.243513129801325,9.49202636017832
114,2.7521184606409643,7.417227094743362,7.261780439012357,1.1085180717630854,1.2619528044124355,6.743855619405505,1.1085180717630854,2.5133032840087264,1.461620244413539,1.215079987634049,1.2237789344754362,1.5318894254586826,1.2797939463430534,7.039444080605386,0.8017116731366362,6.876186220866009,2.34345614099754,1.0638166587885884,6.898048794423525,9.643486678034288,6.418998695541088,4.732731237962965,5.987524206195392,1.068864841716128,1.1285679171428897,8.020351565199011,10.099617875112079,7.949014823141077,15.78514784810612,21.6271171560668,3.52837955338192,8.388490920342301,9.073958083095915,15.074694466621281,1.2845445322098719,0.8923397370234604,18.26272841822639,10.831588971578991,6.834232447503148,19.64604226730783,22.378146533184623,17.393788743638947,6.097879230373589,15.954989159878746,8.942404832558266,2.158071725541094,8.397516548011765,12.017300881980077,4.317533207066037,3.296386095967315,24.342907649138365,9.632889399612544,10.574112993665919,13.397960185746909,19.934334492357088,4.060968452076055,13.801061660918855,3.1105264988492025,13.80219753491501,17.893614355047568,13.686691820919792,3.8585193158246636,10.217068261514699,6.71287131874728,14.581426615960714,22.99354505683396,16.429579291840593,15.508801700334107,7.835590029027321,16.05513195442063,2.9407460092060265,9.184230080642767,11.392822495121441,7.404223152019761,14.89029653799094,13.845907171297556,25.990354294333414,4.45472996561973,2.262252642499993,14.224241574846575,13.49080439683029,14.839665509295628,6.9656911204241405,10.023274233810865,1.2174903476203236,6.330096165866309,3.129296053779932,15.023828265010287,10.337332294442175,4.61524241527411,11.621872547087603,3.901692925018645,1.1494420368928366,3.8318559007673736,6.510171834488199,6.115353596368437,2.437949048995431,1.142244671897465,1.6675221602115933,8.203286455023733,5.402300345549107,7.6295419427036375,10.072113957227257,7.846139952395853,7.057106532652041,13.806948723421458,7.195867331634526,4.081261770942789,7.548618256405239,7.966188933895111,6.91338450596797,3.914224487606921,1.3058518360309723,6.692433329390683,7.959840761491819,8.544439061771875,9.735341151567246,3.4999155067599377,1.8482481163260853,12.987001530577025,14.900254409554186,12.423541040446784,11.170336715381033,12.58559705956508,17.26410115244933,6.166984610537977,5.840589819149093,13.400269476702427,2.7527023440456935,2.8781096136074487,13.975423273452314,17.428306341247957,3.8881029560421516,5.795724949837638,11.640759492061672,17.25911729264325,4.167676680522363,14.415435910527165,2.085781726952767,12.37530207213693,5.101003934415855,5.295727653260712,6.378611856753916,4.587481124894985,3.0941224506878764,2.598135977797868,2.4553315901034414,6.6386748161885665,5.556885174063535,6.57176437362507,9.305767660937585,10.059211961283086,9.583240826656644,1.211062073961699,6.034174887964181,3.090127093992812,13.374512506912728,9.568599543812873
115,2.2837049770640885,7.514759835522516,7.537884051543152,1.0863477103278238,1.2490997565608792,6.590912566522738,1.0863477103278238,2.2239540323392792,1.251145756874686,1.1984294585451567,1.2003767008204829,1.1606682823376382,1.2638578522226653,6.976198865238947,0.7856774396739034,6.24570445370299,2.145992262899914,1.0425404033425565,7.28190807416372,10.408106876614575,5.797915674529843,5.039591561418791,5.3755198270312325,1.0474875448818053,1.1157685268140605,7.59495354892028,11.01547652302787,7.307783088745159,18.310532691505944,24.688101794995273,4.033617067898976,7.988200075926443,9.598824534044734,14.698048768806178,1.440402186754318,0.8765000582810051,18.868441945239393,11.85380897858675,7.294620778566454,22.79689031861943,25.865143955439134,19.22287710385785,7.882685383206542,16.990620098005735,8.676936974658908,3.888119745360385,8.326791093671023,11.952836670713308,5.756236720470613,3.388595748963355,23.452997356630917,8.867010241022383,10.062383565298916,12.433898558401598,23.267931479106082,4.28055576323296,15.370633172860495,5.095371061812653,11.404570499239894,21.285154392038283,15.933823926754156,5.124473245620277,10.624009699919057,7.364822235586124,13.188658228872288,24.3797265210697,14.590268516203603,18.25805163631167,9.446956729829319,17.74155482181684,2.958287534602635,11.807932263893,8.847216955348175,8.17209481279407,13.646399815767818,15.695097355115063,26.161564730636535,5.550734258465231,3.6904036972867895,12.133671796089454,12.880920117487632,12.660787347406547,6.4297780574343335,9.711787993644382,1.2082344679756394,5.449893241890339,2.542780903977272,12.98523094212618,8.897994416893207,4.80682832234909,11.12698352644906,3.5936619286886677,1.1315920325576097,3.3679808827307047,5.724349727748661,6.630881344227125,2.1681396612591897,1.127184858048293,1.2580483193682088,8.713001661790203,5.7642615718726065,8.10775918331321,10.809350388443642,6.75933755667055,7.778659039377146,13.812944501433416,7.890228037902824,4.1577204015066425,8.173740658212125,8.509326509558937,5.825660553752969,4.003954044448545,1.2834796385681415,5.647662193676515,8.511110333931338,7.2753833753832735,8.811804437070892,2.7473733276659487,1.307020130382504,11.00045745718646,14.541169433309362,12.816831883703152,9.209716152893625,10.40182571495253,16.01151851400638,5.30466685097289,5.231695854000499,11.119662044973774,1.9317255313428527,2.0944854155624983,12.941209171161056,16.113625641174753,2.761077314329943,4.587884854268414,10.796185687904265,15.958179193144769,3.4136031498865607,12.105456527728396,1.949377580795509,11.471062440196956,4.489708248293347,4.4633599077332144,5.961468925283223,3.9212511348352668,2.4031477149041396,1.718359537412574,1.5212661217700874,6.670622780435754,5.0946793279879286,6.580021154254526,9.353684731408011,10.102199433957328,9.63211182826535,1.1967254836832655,6.046349149816579,2.2866836815858536,9.761173911653971,7.623923294897402
116,2.5032242832565905,7.845060229530389,7.181298930848252,1.0646207561212673,1.2446904081803023,4.564024131718574,1.0646207561212673,2.116301587352388,2.3173190343590524,1.17866451618867,1.1889917539008572,2.480012703873267,1.5337258859297345,5.261354941129061,0.7699638908804253,6.05351163201956,2.0944820120425187,1.0216896796871333,7.586993620996424,11.585468774464614,5.596492995853658,5.321803735164709,5.165526171095874,1.0265377939841691,1.0957192225308379,6.944178044315833,12.722711268431635,7.144989070311579,18.925905927547905,25.198884386739714,4.3146055067276805,8.12231325290657,7.6852903778921124,13.49561747138255,1.2635440898070587,0.8597509663103641,18.407217209029476,12.776228155529132,6.217134317688188,23.551184899878965,26.658009623127935,20.476606260340084,9.851809392632967,17.18802346746602,9.286444110722787,2.970660840144515,8.768944376399258,11.533244575224503,4.575075918220276,2.591222324275137,21.7093734643391,7.239858218943906,9.02980820133729,11.376010397954678,23.947977981381015,2.9428561099827832,13.414764907013382,7.368358039299688,7.299493405588127,23.976923419460277,17.563712026949744,4.55110928324668,10.096880286676543,5.763458982624243,11.228355346993775,22.084004301576403,12.515346282467178,18.681459027378875,8.06149504814905,17.83564613279288,2.888880800181726,14.326464477848912,5.601377863104347,7.832695355808544,12.110943232809976,16.07986259392782,22.560697753801946,5.400056047696992,5.338901180505981,8.10895960203073,12.084326211005509,10.84797260127357,5.918460829147456,8.794903452710312,1.1962542141386951,3.8287852211192623,1.9678701163977648,8.635411710559552,6.095452204753382,4.891196561661976,10.397093685158048,3.3456731088239127,1.1105636323583192,3.0127949531027634,4.278288734459527,6.894825840747554,1.9958501913604094,1.1097995879011064,1.247562077926681,8.814705482975771,5.943511838287594,8.202341608848021,11.046374164248437,5.373491259336388,8.158218635357635,14.05270800480012,8.269893553124845,4.177989952631564,8.553688419026887,8.889611022926298,4.229968680939134,4.719029437743021,1.5923827174180405,4.98539283245474,8.889749374487053,5.087524067129,6.892241250247844,2.912987965684001,1.7756887084562272,10.56802681982332,14.817654514845243,12.95566264674893,8.950687992441276,10.13483245972235,16.392180429951768,5.756532277401363,5.036018291027415,10.589464996549546,1.4049972791702563,1.5753310728182126,13.128206949651931,16.50153135826499,1.686044862548461,3.406815933993814,10.847361190284964,16.336240185132322,2.9275598841608432,11.848917265633224,1.866120655493036,11.564967491548906,4.102322046357776,4.172543787040357,5.7068576186307824,3.5193971183439183,1.9250857654910325,1.2916151361561694,1.2801969976111682,6.1395512971396595,4.3377812347984595,5.904898865081743,8.313532785524325,8.780111286181436,8.538565346532927,1.1791946485011402,5.188624246513587,1.5075979223557818,8.92141620040117,5.8942132899951085
117,2.88808509103545,6.581979004401956,6.191439598654002,1.0433283409988419,1.2444890508999893,5.270320374985619,1.0433283409988419,2.0794535660862667,3.7226730140976985,1.163047914505057,1.1837927940175412,4.156566534748291,1.8831876892587185,5.614795027959153,0.754564613062817,6.015503565932111,2.0915646257213774,1.0012559732609354,6.011089350719292,8.690761868775533,5.546826555442758,4.178806274265711,5.104944990827822,1.0060070381044859,1.0747594225847323,6.651575341895788,9.236412760864306,7.139361760590317,13.634391506100393,18.12291456488676,3.099055390368611,7.560580234650829,7.663658967281509,12.905713668794117,1.263777165864515,0.8433681595399113,18.31562560234905,10.005132536938106,6.16379638601093,17.471048285384754,19.30678201888286,21.625608306597915,8.390597795586554,17.58436002547307,8.291017590658873,2.050602683655293,7.765603571154955,10.834819770498218,4.215451444984133,2.077757116836209,20.928195357272422,6.146378394548926,8.506113367333441,10.227562555555883,23.4660923964766,3.334277450785076,14.45460481023786,5.802964145002012,4.408977967045442,26.159956829437743,19.089376773007423,3.6283834350566666,9.354672242647903,5.867423401346133,9.69276074282067,19.810486403158375,12.064135039970205,19.30136621067468,8.247178610277787,13.867909426178043,2.7141496895461428,14.022936835086318,3.3581126845754086,7.0608039502442566,10.64354582966663,16.42149150871782,19.455475639850167,4.667390885398829,4.153520458309201,5.193237464735792,11.333080307638554,10.84918708548626,5.732073775454727,7.811434532251503,1.187849676148671,3.648630430694558,1.565828706889146,5.383959500338267,4.034531502317263,4.092823311502857,9.951058328775337,3.055638924998174,1.0927623432683196,2.757178990775585,2.964323917915008,5.826920852409858,1.5862282737634665,1.0916245412321905,1.231180005659249,6.187599364558614,5.003871527504565,5.740159221755138,8.209250267239106,5.286726026661634,6.921033999767395,11.768767364430198,7.05332059346492,3.475354753545497,7.3896208392506555,7.787719488722803,4.126324979298952,5.075290847034806,1.4565540891839277,5.12706758436189,7.763739857425524,4.9409729412118155,5.9997285880365885,2.7070089658234893,1.5695535478092404,10.826120725768057,13.202881645104465,9.877464864550275,8.89326564343204,10.34053304947585,16.574316967223442,5.3386241864562916,4.131087440935334,10.863718870599529,1.2918819736280074,1.3192745375904278,13.043374831838609,16.80859233188649,1.4407774316492994,3.039448284388852,10.497596596627444,16.62409791809785,2.3361552342495004,12.099474271349466,1.556757029545677,11.298549497378529,3.360665301354045,3.4178708015199057,4.760780439500862,2.8388887208777756,1.709981462534911,1.2756931600082093,1.2588789105444564,6.33218194892493,4.304333818457961,6.101340781254573,8.617192586754076,9.126225740992185,8.853497300421642,1.1649237328222872,5.398133384431489,1.295104582348351,8.515259336098568,4.965501259355611
118,2.6460077120184606,5.271953763277291,5.189764487965469,1.022461774178865,1.2365499204409571,5.923026176684698,1.022461774178865,2.004866400461865,3.13920055371639,1.1479844465932305,1.1675695606107532,3.5148837472358663,1.4793202508792815,5.922343460168473,0.7394733208015606,5.841633833072477,2.036019825456727,0.9812309354820505,4.445858298522986,5.8220894845579,5.37819252009354,3.0408680242401256,4.9412881322901825,0.9858868973423962,1.0590930344563811,4.385524357186407,5.788943384327335,6.955398238517238,15.562574424092729,20.509599568145063,3.051665483938355,6.853076619820978,6.919448001418001,9.721037407121596,1.261798934243647,0.8266388354301015,14.926199693106284,7.001269140474059,5.2810961545224355,19.209862724272167,21.84237259523029,20.68874872446404,8.959574292987226,15.932349613604805,6.967054295219733,2.7660003851874717,6.679081278807172,9.766933037206307,3.73612128038302,1.5557112548709517,14.683938584016285,4.782725605525231,5.711045643420984,7.775628507721593,17.675604105949535,3.2925241579158375,11.596341255226832,7.12433847695443,3.3656902031424774,27.0607362526046,19.756663910059427,3.835163182581793,8.500253666084658,5.596947128206844,7.660546311727621,17.381029022029136,10.61824027237626,13.27285914094784,6.672281854009949,13.86867254875536,1.9489378233459491,15.274858960440472,2.294873743891307,6.027444565270377,8.71757393622296,15.573717593787444,16.303760120163584,3.2305799231253642,5.108734280081214,4.051396439871862,10.366280944781229,9.695429608806835,4.572973723486043,5.684007102752939,1.1800189965784635,3.8857186345318877,1.2727951410301033,4.291035387378582,3.1596029561447754,2.6299651782121325,8.585479913239718,2.1500908015652094,1.076109329714739,2.0331756065560618,2.146123098142115,3.7656535402445517,1.2682706101783194,1.0786056900209946,1.2080506048916058,8.378285702303286,3.226625566834348,7.794236135725119,9.238174315061766,5.376549430660673,4.481271492575165,13.475206029609945,4.638670664921054,2.2254160417466946,5.038938860055179,5.512786869404086,4.2608702439552095,5.060101256266987,1.283330342947397,4.41029885398715,5.520653253305099,5.168611451926291,6.8483096447815575,2.233213597707734,1.3095206114534546,10.134044800621783,14.38638632342578,12.402128449360552,8.374040888261277,9.953075848665847,16.12920809929136,4.785636570602829,2.6587777116938773,10.410023110196006,1.2701451190285984,1.280735890915609,12.092234398753474,16.250213192595076,1.285246881959239,2.30078665753645,9.280954679457484,16.046472733834488,1.4407882355187611,11.54072080025206,0.9636329187185168,10.165430030333864,2.076880972317222,2.345561264741507,2.946924062795524,1.7401752830568422,1.295632993828368,1.2527193129562857,1.234799795341312,5.040728853368253,3.6543766322264193,5.195351664967583,7.5943176627985505,8.53247711835568,7.859074896668778,1.1495853996522885,5.188026820469889,1.269202490701384,8.677150859515066,4.185871658341959
119,2.0943766682680773,3.9556174532855044,3.3753902781284104,1.0020125386952878,1.221907789933648,4.050051474791141,1.0020125386952878,1.8168919440159221,1.8338237306558614,1.1283916157645413,1.1442181693985383,2.0268741101860472,1.252202618965874,4.0126656637108,0.7246838543855294,5.327953299491093,1.8564307337104244,0.9616063836641789,2.8105130286854325,3.5991115521556023,4.900626635204698,1.9070135766473981,4.497787970174237,0.9661691593955481,1.046959136492551,3.869088376643882,3.514692979502031,6.356116747648547,18.06878692244427,23.690748902602625,3.2202137694027715,5.978913042935214,7.213456348212443,6.94225871529101,1.3264486088207361,0.8105157076472026,14.841302880264431,5.416779414618794,5.360127405533127,22.09850747606961,25.284720440449078,19.73577985972068,9.072242276103333,14.294324351156131,4.24239685603147,4.004524232320962,4.377218408844324,8.340935612172743,3.7585093731658943,1.3012765591740687,13.388587207762491,3.7249746129236683,4.96455158024252,5.83736271135932,17.983356459960895,3.7430378320498265,12.204723040321893,7.805611657795061,2.492141531748087,27.422709046229752,20.030655885626558,4.119196878695754,7.41579535982442,5.782014928118621,5.81561888610866,15.165250426018286,7.679003587203091,12.882952421871284,6.926339781522675,15.210820932016063,1.7289662700224258,15.870082250883918,1.4899336121745426,5.141847344641265,6.599099774819999,15.955432282239281,12.611581429877141,2.7159201127362556,5.593110069480991,3.189879476565724,8.382833303843414,6.881544123471444,3.63315328611758,4.977342327304612,1.1721714673228405,4.051924739049117,1.2605339438180818,3.34466278051714,2.553871418458807,1.573296214266302,7.193741362162335,1.8718382864859373,1.0597836826949023,1.6729534823121928,1.516977361745565,2.2701037560841755,1.2434165709629212,1.0669042190346165,1.184092921240496,10.631542215320854,1.9394035856602072,9.907503310481966,10.580440519959957,5.3015806147909235,2.7082009480123643,15.140961189278324,2.8775559900755536,1.324885251034291,3.3082848555772335,3.818205025639838,4.245436227150039,4.760660976826703,1.2576637360884488,4.617642505289989,3.8577750157936856,5.273554267065475,7.627811338287613,1.894995499641354,1.2844264154524865,9.924639208999873,15.441653518026932,14.953119683080251,7.568043653391254,9.249978612650274,15.377712563127915,4.098100297108237,2.0683727761386734,9.612063277297663,1.2455308761800725,1.2562067873901022,11.323530212930933,15.373074370159095,1.2669905304058533,1.6602536445573945,8.585577708058764,15.174646975943686,1.3055681869732496,10.73729633581211,0.7903406290852272,9.446981041509455,1.6743239677387076,1.7107354941483741,2.416972036149945,1.3906703978589363,1.2711723073923162,1.2281534204106233,1.210315054850398,4.068580136576777,3.3077586352046455,4.665765959419439,7.148004042986367,8.64624644775425,7.468023920695162,1.1360244202188878,5.428290723414102,1.2438184408873565,9.223447036506906,3.906589120491787
