Timestamp,11_sub24,11_sub27,11_sub11,11_sub12,11_sub13,11_sub14,11_sub15,11_sub16,11_sub17,11_sub19,11_sub20,11_sub23,11_sub5,11_sub9,11_sub21,11_sub4,11_sub7,11_sub10,11_sub18,11_sub22,11_sub26,21_sub16,11_sub3,11_sub8,11_sub25,10_sub6,20_sub21,21_sub7,21_sub17,11_sub2,11_sub6,11_sub28,11_sub29,10_sub5,10_sub8,10_sub10,20_sub10,20_sub19,21_sub6,21_sub8,21_sub9,21_sub12,21_sub13,11_sub1,10_sub3,10_sub7,10_sub11,20_sub9,21_sub4,21_sub10,21_sub14,10_sub2,10_sub4,10_sub9,20_sub6,20_sub13,20_sub17,20_sub18,31_sub10,21_sub3,21_sub5,21_sub11,10_sub1,20_sub5,20_sub8,20_sub12,20_sub14,20_sub15,20_sub16,31_sub9,31_sub14,21_sub2,21_sub15,21_sub18,20_sub3,20_sub4,20_sub7,20_sub11,31_sub8,21_sub1,20_sub2,20_sub20,31_sub7,31_sub12,31_sub13,20_sub1,30_sub21,30_sub22,30_sub23,31_sub6,30_sub7,30_sub11,30_sub13,31_sub5,30_sub6,31_sub4,31_sub11,30_sub5,30_sub16,31_sub3,30_sub4,30_sub10,30_sub14,30_sub15,30_sub18,30_sub20,31_sub2,31_sub15,30_sub3,30_sub9,30_sub12,30_sub17,30_sub24,31_sub1,30_sub2,30_sub8,30_sub19,30_sub1
2024-01-01 00:00:00,2.8036878159887664,0.13308674620323574,0.12056321679408032,0.11157921802383736,1.4449725010649372,0.12056321679408032,1.1899761432580305,0.12056321679408032,2.967999371314842,0.12056321679408032,0.10233219812159232,0.6376154738424086,1.0821048858879327,3.3216863274252004,0.0,3.4960656147470806,3.042700635350661,0.06576815209068444,0.02363159090877261,0.030522179012843237,0.0,10.664742032989409,1.5188924554292984,0.11354993614757702,0.0,0.0,0.7286111193464302,10.664742032989409,9.76523961942038,1.8539822012020932,1.1984805938750733,1.2573960239447979,3.3301216358596357,0.0,0.02692438726332487,0.603975304956746,0.42558021728100764,2.851475574895284,10.664742032989409,10.664742032989409,10.664742032989409,10.664742032989409,10.565554016732136,1.5647058606551008,0.0040064315522483724,2.698378256268802,0.4319617450141937,1.6065615461446,10.664742032989409,4.8962430615186,0.0,0.43020377450797725,1.2790820229489657,0.7804757081254503,2.2252130750892434,0.7804757081254503,0.7804757081254503,9.076281011264165,0.0,4.81725732368041,1.6835116135505082,0.0,0.5968357083630149,0.21267989436368617,0.7217735195486665,3.23403578504339,0.024224777827948334,0.8423656260598701,0.15900919968929755,0.0,0.0,0.11581491818826548,0.0,0.5398897168141511,0.5350757798766423,0.0,0.7804757081254503,0.32823480850767334,0.0,0.4132390393383171,0.6928424972482096,0.7768306900972389,0.0,0.0,0.0,0.7804757081254503,0.6732647953131261,0.7804757081254503,0.9395976898274945,0.0,0.585554869730026,0.7804757081254503,0.7804757081254503,0.0,0.7437540308646846,0.02353818692731562,0.0,0.7923772923565504,0.10045033923657765,0.6865151230274491,1.0347332603071253,0.0,1.009473503816315,1.271959961177734,1.271959961177734,1.271959961177734,1.271959961177734,0.9490394398204641,1.0935290368853599,0.031466729612802474,1.271959961177734,0.9090891760459252,1.1448033962335349,1.271959961177734,1.271959961177734,1.271959961177734,0.3831399471258612,1.271959961177734
2024-01-01 01:00:00,2.492970345862238,0.11568397863603412,1.1938696147483103,0.5117787031265595,1.256024155009275,1.1938696147483103,1.147865545610327,1.1938696147483103,2.62515753275746,1.1938696147483103,1.0144764233331873,0.7593666404120941,1.4264907333146049,2.8873340216061343,0.0,3.0389110217553856,2.6448292210723188,0.05716813821394036,0.24006258788901338,0.2970275357479622,0.0,11.989090695000233,1.320278144722155,0.20941560849426394,0.0,0.0,0.9880464393916186,11.989090695000233,10.97788798767813,1.6115506876088606,1.1607168248152382,1.1953722257848127,2.8976963925267345,0.0,0.12424834300748996,2.787173209343154,0.4144525035815946,2.5314151734663812,11.989090695000233,11.989090695000233,11.989090695000233,11.989090695000233,11.877585501617485,1.3866125814139807,0.018488535203096547,2.3835459121925067,0.37547730865322676,1.5225705514315024,11.989090695000233,5.504258982329797,0.0,1.9852673197504462,1.4619468617532765,3.6016720656917736,2.007743160190828,3.6016720656917736,3.6016720656917736,10.203374435195077,0.4151741509132918,5.415464788187614,1.892570243003389,0.0,2.754226014005441,0.18671933175771757,3.330778262603684,3.6184610030909043,0.11179041793634761,0.7322157154554454,0.17875497696215906,0.4151741509132918,0.4151741509132918,0.13019682554890033,0.0,2.491436557678511,2.4692216161840856,0.0,3.6016720656917736,1.5147097193187142,0.4151741509132918,1.9069799212749996,3.1972698730834903,3.5848513504863213,0.4151741509132918,0.4151741509132918,0.4151741509132918,3.6016720656917736,3.106924380666581,3.6016720656917736,2.7702519151379907,0.4151741509132918,2.702168171642098,3.6016720656917736,3.6016720656917736,0.4151741509132918,3.43221203276761,0.4266191886904668,0.4151741509132918,2.7448071785939883,0.46401639738039385,0.7489802992761014,2.2731638982271343,0.4151741509132918,2.405147363490071,1.03364276328714,1.03364276328714,1.03364276328714,1.03364276328714,0.8766282244285829,1.9659530849145053,0.4304743059445504,1.03364276328714,0.8572030971016734,0.9718150747784174,1.03364276328714,1.03364276328714,1.03364276328714,0.6014693478348323,1.03364276328714
2024-01-01 02:00:00,2.970840509960704,1.5809920056143625,0.10591221198429321,0.9910778242996494,2.40063919469839,0.10591221198429321,1.6832319521791097,0.10591221198429321,3.1265413651849867,0.10591221198429321,0.31647451642019264,1.4024877265859963,1.4635292191218823,3.573182769312842,1.4978413371772916,3.6821324184405757,3.398876555943169,1.538932324553752,1.2254407959755622,1.1601221244847995,1.4978413371772916,10.139990469349843,2.446823309883294,1.3918055193785772,1.4978413371772916,1.4978413371772916,1.7388242712968307,10.139990469349843,9.284747475892225,2.6561825221437445,1.6603335614020938,1.781797685112783,3.563345734864398,1.4978413371772916,1.5513341044290108,2.6978058933938067,1.5691400502463797,3.0161239650179623,10.139990469349843,10.139990469349843,10.139990469349843,10.139990469349843,10.04568293369532,2.3432657023996875,1.505801225305416,2.994217147634316,1.7677247693135294,1.8725549391351843,10.139990469349843,4.655326666678146,0.0,2.352560523745863,2.398684851609003,3.048472926006238,2.3964230523509276,3.048472926006238,3.048472926006238,8.629688619440701,1.2712026238397707,4.5802273697222216,1.6006755403587436,0.0,2.683621103406781,0.2221975095790526,2.9318447375912777,3.098160285360065,0.09461995879972551,1.1074409421858178,0.15118525740246797,1.2712026238397707,1.2712026238397707,0.11011632189553873,0.0,2.1087641391044674,2.089961303514947,0.0,3.048472926006238,1.3435844828192276,1.2712026238397707,1.6140771714950033,2.7061849239620748,3.0342357900414365,1.2712026238397707,1.2712026238397707,1.2712026238397707,3.048472926006238,2.6297160554487085,3.048472926006238,2.061505286374579,1.2712026238397707,2.287128412171123,3.048472926006238,3.048472926006238,1.2712026238397707,2.9050411218366334,1.2476784517779949,1.2712026238397707,2.1582699409347694,1.1708120937126278,0.5850962585968542,1.4714188103456898,1.2712026238397707,1.6280946006716797,0.0,0.0,0.0,0.0,0.3227282513366066,1.1067330000697044,1.2397546298239732,0.0,0.36265472833534956,0.12708085468810715,0.0,0.0,0.0,0.8882908019666533,0.0
2024-01-01 03:00:00,2.9017278071394736,2.716131160649986,1.8993359917628405,0.8090983008789714,2.931976869214111,1.8993359917628405,1.8322158469641203,1.8993359917628405,2.977063806761323,1.8993359917628405,1.6121270830100256,1.220358897018853,1.8518599434176757,3.240754233494224,2.6942342821083325,3.2694450098757897,3.194852474014085,2.705055173589438,0.37228876558850393,0.4635224813058703,2.6942342821083325,9.244301813912703,2.9441389838400793,0.32598517051047327,2.6942342821083325,2.6942342821083325,1.400509679229929,9.244301813912703,8.464604399042912,2.9992715922557616,1.8783633567713682,1.8157999833029212,3.228384775798031,2.6942342821083325,2.7342430556238426,3.5917221598692946,0.6489214205136931,2.9236382478249503,9.244301813912703,9.244301813912703,9.244301813912703,9.244301813912703,9.158324679560163,2.8313070673265734,2.700187710537794,2.965605325046425,2.7653053251314454,2.3014295089872747,9.244301813912703,4.244110966298403,0.0,3.333503254563375,2.9821154265568475,3.853996082269448,2.501378918228629,3.853996082269448,3.853996082269448,7.8674083964215535,2.1590368811059184,4.175645362788054,1.4592841922239788,0.0,3.5811129489588653,0.20384466595435885,3.7667665180582515,2.880028576240258,0.1196221712870454,1.1839233011658843,0.13783071625826734,2.1590368811059184,2.1590368811059184,0.10038949418318266,0.0,2.6659802884279546,2.6422090244356244,0.0,3.853996082269448,1.7314973398995679,2.1590368811059184,2.040578101368241,3.4212624969939256,3.8359969503883695,2.1590368811059184,2.1590368811059184,2.1590368811059184,3.853996082269448,3.3245876283566016,3.853996082269448,2.908172432014103,2.1590368811059184,2.8914752251720057,3.853996082269448,3.853996082269448,2.1590368811059184,3.672664108930688,2.136341224194127,2.1590368811059184,2.904399188306494,2.0621820790335974,1.4970950015083015,2.3426850519696574,2.1590368811059184,2.492829455861231,0.9326056791799605,0.9326056791799605,0.9326056791799605,0.9326056791799605,1.2439675264255703,1.9932019986040077,2.1286964771642913,0.9326056791799605,1.2824878034104685,1.0552107796053654,0.9326056791799605,0.9326056791799605,0.9326056791799605,1.7896111128416936,0.9326056791799605
2024-01-01 04:00:00,4.036425277981352,3.436856304731186,3.290810423181237,1.3568932396557158,3.9113802344370776,3.290810423181237,2.3941443042442603,3.290810423181237,4.165593103179353,3.290810423181237,2.7931891099153074,1.696209776560689,2.862923067237171,4.590208872157694,3.3887173219225897,4.653283834571638,4.489296588870584,3.4125064071107705,0.6450316087017534,0.8022833654671387,3.3887173219225897,9.448318829613143,3.9381179187961504,0.49547996636845404,3.3887173219225897,3.3887173219225897,1.4315108074109695,9.448318829613143,8.651413891348597,4.0593236734733305,2.4487281860701953,2.3934871479827216,4.573398183336743,3.3887173219225897,3.306756402430028,1.550147297620315,0.8490392257150481,4.07399196570938,9.448318829613143,9.448318829613143,9.448318829613143,9.448318829613143,9.360444223853658,3.780908148696099,3.376521285270213,4.115570372140137,3.5449627754364577,3.037046917371186,9.448318829613143,4.337776325897824,0.0,2.079127744897239,3.4750305101450145,1.0128598491434506,3.428485580430066,1.0128598491434506,1.0128598491434506,8.041038078213083,2.427595482791083,4.267799721514993,1.4914898484162393,0.0,1.5718810476182306,0.28774343558633275,1.1915560365412834,2.991934191617027,0.03143762779661746,1.6194717943771044,0.1408725697123103,2.427595482791083,2.427595482791083,0.10260503900454553,0.0,0.7006401498899514,0.6943928786558189,0.0,1.0128598491434506,0.5651638048359374,2.427595482791083,0.5362796390545904,0.8991341305528454,1.0081295386779956,2.427595482791083,2.427595482791083,2.427595482791083,1.0128598491434506,0.873727230604389,1.0128598491434506,1.0985540413583021,2.427595482791083,0.7599019557500911,1.0128598491434506,1.0128598491434506,2.427595482791083,0.9652044101548803,2.406313299178716,2.427595482791083,0.9579546728590252,2.3367727456720853,1.806878987249037,1.149788734239495,2.427595482791083,1.1361852433523774,1.2775457561509422,1.2775457561509422,1.2775457561509422,1.2775457561509422,1.5695161551008874,1.181452848308607,2.3991446628800888,1.2775457561509422,1.6056374099637911,1.3925150768984067,1.2775457561509422,1.2775457561509422,1.2775457561509422,2.081177352578064,1.2775457561509422
2024-01-01 05:00:00,1.5219192040669687,0.9238077860418267,3.5275490028128544,1.4703048490641948,0.9222885206245328,3.5275490028128544,1.955516488402089,3.5275490028128544,1.40731124212851,3.5275490028128544,3.006927475428504,1.5435399834188586,2.027887013911482,0.9201151405081776,0.9239619108124153,0.9199131957734789,0.9204382275699265,0.9238857461931561,0.759481456679929,0.9233818147391533,0.9239619108124153,8.828025667575403,0.9222029155862148,0.5506822991733132,0.9239619108124153,0.9239619108124153,1.17269071739556,8.828025667575403,8.083438468891185,0.9218148556804222,2.0382729728401574,1.8091399844192302,0.9526939162375732,0.9239619108124153,0.9039201882015144,0.4743804437434963,0.7404078351590775,1.4885870525757747,8.828025667575403,8.828025667575403,8.828025667575403,8.828025667575403,8.745920132277272,1.2072831146536387,0.9209796409080191,1.3296835510979133,0.9234616656208186,2.248884405608093,8.828025667575403,4.052996245766492,0.0,0.6037308641213024,0.83719918361953,0.342998730710503,1.6346828461766476,0.342998730710503,0.342998730710503,7.513134540499284,1.8236798296049401,3.9876136871587926,1.393571798559408,0.0,0.47969494962568593,0.08043735371786356,0.3866949147165639,2.7713115254472203,0.010646158439302316,0.35750977876897516,0.13162412104254745,1.8236798296049401,1.8236798296049401,0.09586889840293321,0.0,0.23726745837570834,0.23515185856639237,0.0,0.342998730710503,0.18220416977232395,1.8236798296049401,0.18160778676059403,0.3044862186796378,0.3413968402940848,1.8236798296049401,1.8236798296049401,1.8236798296049401,0.342998730710503,0.29588232896974465,0.342998730710503,1.2979247081937901,1.8236798296049401,0.25733610282521435,0.342998730710503,0.342998730710503,1.8236798296049401,0.32686051070074096,1.85086107164167,1.8236798296049401,0.8636002408102947,1.9396770808754917,2.616448354152154,1.8688541716277196,1.8236798296049401,1.7172648223752465,3.292503731486684,3.292503731486684,3.292503731486684,3.292503731486684,2.9196041162043795,2.2217005465930098,1.860016731693068,3.292503731486684,2.8734706653808253,3.145666875318442,3.292503731486684,3.292503731486684,3.292503731486684,2.2661191588925513,3.292503731486684
2024-01-01 06:00:00,3.321482554549188,3.601585673559017,2.453256573360575,1.2323657048850583,3.668122774403551,2.453256573360575,2.160772478962511,2.453256573360575,3.408901739606952,2.453256573360575,2.134950685239832,1.58347196442693,2.317402130279137,3.7633072038846285,3.5948356907801204,3.7721514894352075,3.7491574205982765,3.59817136399084,0.7608713140019523,0.8617529744522717,3.5948356907801204,9.75532887642531,3.671871896184725,0.6901104321512401,3.5948356907801204,3.5948356907801204,1.9123390156338915,9.75532887642531,8.932529614862249,3.688867202463361,2.204024450010588,2.1532587997538926,3.741209822866338,3.5948356907801204,3.6775143085750996,5.449505321986373,0.9906725919571633,3.34690722374579,9.75532887642531,9.75532887642531,9.75532887642531,9.75532887642531,9.664598906942993,3.4771113269565648,3.6071385231450854,3.4490990130706423,3.616744216032779,2.6370694015811136,9.75532887642531,4.478726365464718,0.0,4.91589280894721,3.8805178755648,5.991497577242735,2.8607383095665044,5.991497577242735,5.991497577242735,8.302320484250568,3.4623318652204382,4.406475968148482,1.5399537472790692,0.0,5.427581258414925,0.23353581642220198,5.811236620304271,3.0538526432435367,0.18596696367911345,1.4374735435772976,0.14545002894096942,3.4623318652204382,3.4623318652204382,0.10593904777330333,0.0,4.144585022433925,4.107629751183577,0.0,5.991497577242735,2.667433288657878,3.4623318652204382,3.1723225684554857,5.318761494375957,5.963515775301087,3.4623318652204382,3.4623318652204382,3.4623318652204382,5.991497577242735,5.168468855552177,5.991497577242735,4.736934499339473,3.4623318652204382,4.495143854965719,5.991497577242735,5.991497577242735,3.4623318652204382,5.709595350114351,3.437426563895176,3.4623318652204382,4.6409244053464445,3.356047299861306,2.735943462573076,3.9868585334525095,3.4623318652204382,4.186013656529957,2.1164955778028434,2.1164955778028434,2.1164955778028434,2.1164955778028434,2.4581715494207073,3.5232958650977158,3.4290375258922916,2.1164955778028434,2.500442152521999,2.2510374851808246,2.1164955778028434,2.1164955778028434,2.1164955778028434,3.0569388813691245,2.1164955778028434
2024-01-01 07:00:00,3.6183459051175166,1.9483451597414136,0.8473632514947694,0.43534813622417295,3.071799167116161,0.8473632514947694,1.261774156118573,0.8473632514947694,3.8764825337083075,0.8473632514947694,0.7327487120612635,0.7908934196500292,1.7288722085620072,4.67895258051861,1.8343742306445783,4.828285026898875,4.440038793552153,1.8906958224829624,0.23797472214446186,0.2748037138442906,1.8343742306445783,9.783792438743653,3.1351016830919933,0.25505231468856837,1.8343742306445783,1.8343742306445783,1.5173453320952888,9.783792438743653,8.958592458726745,3.4220610591836387,1.2522440565894832,1.3933348722940155,4.652730956488113,1.8343742306445783,2.053364244336526,6.746818811407265,0.5121295515277099,3.6934213978152624,9.783792438743653,9.783792438743653,9.783792438743653,9.783792438743653,9.692797742344057,2.88170499223229,1.8669606175473485,3.725577309331559,2.20429146746978,1.7654047788641087,9.783792438743653,4.49179414704595,0.0,5.3334447776708584,3.5786098898985754,8.182388183089813,2.7752870011937376,8.182388183089813,8.182388183089813,8.326544538558096,3.8212039554909065,4.419332941492228,1.5444469396673821,0.0,6.688748767304688,0.28239398500928864,7.704932820616703,2.979401824895288,0.2539688727961282,1.4330865980702268,0.14587441503962478,3.8212039554909065,3.8212039554909065,0.10624815090313511,0.0,5.660121376028467,5.609652796030996,0.0,8.182388183089813,3.5165141047656894,3.8212039554909065,4.3323350068055415,7.263654977606245,8.144174370500028,3.8212039554909065,3.8212039554909065,3.8212039554909065,8.182388183089813,7.058405339087153,8.182388183089813,6.442925893618855,3.8212039554909065,6.138867868337981,8.182388183089813,8.182388183089813,3.8212039554909065,7.797403724312231,3.8024849797184936,3.8212039554909065,6.322728756853532,3.741319830502585,3.2752460193495896,5.402939240194097,3.8212039554909065,5.679069498169757,2.809665226093944,2.809665226093944,2.809665226093944,2.809665226093944,3.066470961997367,4.760205690473073,3.7961797277932514,2.809665226093944,3.09824180407651,2.9107877410031726,2.809665226093944,2.809665226093944,2.809665226093944,3.516508126120568,2.809665226093944
2024-01-01 08:00:00,1.4677168919256736,8.632613929053434,4.4608303606611,2.382831999741006,5.888888851067249,4.4608303606611,1.6669143842318703,4.4608303606611,1.4246721421559703,4.4608303606611,3.953544729435022,1.8444231241177897,2.6602628319521493,1.9638620181240947,8.910956339398377,1.5991589013067018,2.5473427342668966,8.773406459345717,1.7636677990757357,1.9220288624287931,8.910956339398377,9.698185333101657,5.7342899983840185,1.446958322879159,8.910956339398377,8.910956339398377,2.3509834105550347,9.698185333101657,8.880205761970911,5.033471245344236,1.6933379132921167,1.6171563347255753,1.860602281520644,8.910956339398377,8.966536518972887,10.157746306418067,1.3023691795007888,1.4551979177116943,9.698185333101657,9.698185333101657,9.698185333101657,9.698185333101657,9.607986830267727,4.889361564966567,8.919226840893884,2.1933341191771962,8.00753600105416,1.7452939630459052,9.698185333101657,4.452491443265611,0.0,9.799028658628316,6.471861039323075,10.522097183084178,1.4351526653892506,10.522097183084178,10.522097183084178,8.253688191450568,0.8775799271292526,4.3806642652750885,1.5309331991469892,0.0,10.143007992899987,0.0891653460012883,10.400917891217478,2.9781151475855507,0.32658987831473213,1.6955823356132225,0.1445980299837328,0.8775799271292526,0.8775799271292526,0.10531849129152959,0.0,7.2786020235151145,7.213702230014348,0.0,10.522097183084178,4.791180290404729,0.8775799271292526,5.571142428257635,9.34065725905284,10.47295634048313,0.8775799271292526,0.8775799271292526,0.8775799271292526,10.522097183084178,9.076717612709238,10.522097183084178,8.611957334768114,0.8775799271292526,7.894243448173013,10.522097183084178,10.522097183084178,0.8775799271292526,10.027028530926303,0.9468757555096572,0.8775799271292526,8.320936816138644,1.17330319120162,2.898663126645156,7.469926282730947,0.8775799271292526,7.773150682752588,4.622197957765749,4.622197957765749,4.622197957765749,4.622197957765749,3.6715280910685824,6.764127155838027,0.9702171851166513,4.622197957765749,3.553915522572081,4.247852239082145,4.622197957765749,4.622197957765749,4.622197957765749,2.0055342637863465,4.622197957765749
2024-01-01 09:00:00,3.5735189651060204,1.8309113466703049,0.7217185105257419,1.446775618226547,2.661288621227718,0.7217185105257419,2.615541801133531,0.7217185105257419,3.6675857568601153,0.7217185105257419,0.8849265928415722,2.089095342987072,1.9851152465256625,3.849182084116592,1.7466721442989006,3.959558004282652,3.6725940102185013,1.788301058008309,1.5894717096582833,1.539554080354303,1.7466721442989006,10.599234029725931,2.708077337404423,1.778496765714159,1.7466721442989006,1.7466721442989006,3.1595346795980452,10.599234029725931,9.705256794999606,2.920177292599289,2.624786496551534,2.6492369592515845,3.857351490120901,1.7466721442989006,2.0681007252765777,8.957047010740087,2.0916705608844155,3.600876999399673,10.599234029725931,10.599234029725931,10.599234029725931,10.599234029725931,10.500655274233953,2.7618380174327903,1.794501704764982,3.4901564306139643,2.0200886481436,2.8809580232466883,10.599234029725931,4.866167968707112,0.0,6.882528623369013,3.5831978189644262,11.0641432123232,3.0777834358308693,11.0641432123232,11.0641432123232,9.020530103809776,2.4796797272673,4.787667399469912,1.6731706710379346,0.0,8.871813115556815,0.25125911255198086,10.363345047819696,3.3159432086535046,0.3434141618819617,1.2108739045744432,0.1580324882845633,2.4796797272673,2.4796797272673,0.11510352695018697,0.0,7.653559340161095,7.5853162326086325,0.0,11.0641432123232,4.724854877827254,2.4796797272673,5.858139932559049,9.82184138895157,11.012470878314891,2.4796797272673,2.4796797272673,2.4796797272673,11.0641432123232,9.544304886889007,11.0641432123232,8.905253090339711,2.4796797272673,8.300915544093924,11.0641432123232,11.0641432123232,2.4796797272673,10.543571089475634,2.515140654687513,2.4796797272673,8.662035144327092,2.6310109321729045,3.513933683433459,7.614499662304063,2.4796797272673,7.95721182682343,4.395922469498086,4.395922469498086,4.395922469498086,4.395922469498086,3.909433802987471,6.816786989853932,2.527085222788118,4.395922469498086,3.849247629409112,4.204357599424891,4.395922469498086,4.395922469498086,4.395922469498086,3.0568906186060634,4.395922469498086
2024-01-01 10:00:00,4.324941255432926,4.972606245711957,3.872991546364214,2.791632970715523,4.979688227752537,3.872991546364214,3.0594917736841527,3.872991546364214,4.451831803767863,3.872991546364214,3.599653473254723,2.819632253693158,3.6710478808822105,4.989819333730581,4.971887800570711,4.990760689314698,4.988313279065737,4.972242838248514,2.4196934987436896,2.5057219102692994,4.971887800570711,10.349843756018439,4.98008727148581,2.3081280772389157,4.971887800570711,4.971887800570711,3.5671123635836883,10.349843756018439,9.476900987238558,4.98189619391122,3.0685267755737087,3.108793135177845,4.953976429332827,4.971887800570711,5.2071960302941545,10.25038711853434,2.42054393055185,4.361845628465682,10.349843756018439,10.349843756018439,10.349843756018439,10.349843756018439,10.253584468399794,4.666328910364515,5.006902388158072,4.53620838611687,4.974219669263599,3.395281349012031,10.349843756018439,4.751671491110807,0.0,8.731694388173434,5.710191598290925,11.792929090201596,3.6976499656612196,11.792929090201596,11.792929090201596,8.808285288263047,0.8139553400684896,4.675017968404835,1.6338024968435312,0.0,10.187989938647585,0.3063334808203583,11.2798957594966,3.2791418265233445,0.3660345660687282,1.9335756967492586,0.15431412850522153,0.8139553400684896,0.8139553400684896,0.11239524633195562,0.0,8.157692905279918,8.084954681197203,0.0,11.792929090201596,5.163833133478487,0.8139553400684896,6.244010719980651,10.46879788270491,11.73785314268435,0.8139553400684896,0.8139553400684896,0.8139553400684896,11.792929090201596,10.172980282918152,11.792929090201596,9.256517905251357,0.8139553400684896,8.84768992200137,11.792929090201596,11.792929090201596,0.8139553400684896,11.238067316156645,0.8721493020606675,0.8139553400684896,9.09556113597208,1.0623008580000797,2.51124133324549,7.740052848255036,0.8139553400684896,8.14269444564527,3.9586491036501688,3.9586491036501688,3.9586491036501688,3.9586491036501688,3.160285805559802,6.802845658238288,0.8917512073865677,3.9586491036501688,3.0615159156421106,3.644277213824136,3.9586491036501688,3.9586491036501688,3.9586491036501688,1.7612004099448302,3.9586491036501688
2024-01-01 11:00:00,3.365759906213513,4.027800119319761,0.9632435412494614,1.9614825703600158,4.400060112781391,0.9632435412494614,1.218786836962617,0.9632435412494614,3.682602163067092,0.9632435412494614,1.2243170167177928,1.6475073815188395,2.2866948853954456,4.932595414838903,3.9900354960758193,4.982077187255229,4.853430585491012,4.0086978314023,2.35133253985613,2.268532549411078,3.9900354960758193,11.968556498379689,4.421035599119576,2.4045413246084513,3.9900354960758193,3.9900354960758193,2.73067628683191,11.968556498379689,10.959085718502596,4.516120484452133,1.1115365046005083,1.487307860522776,4.858025481817894,3.9900354960758193,4.260854024376559,10.065111657277093,2.182252782832351,3.4579091245193596,11.968556498379689,11.968556498379689,11.968556498379689,11.968556498379689,11.857242284415097,3.760643675096981,4.030334125199889,3.7901633668888355,4.112608727608172,1.205013309352702,11.968556498379689,5.494831617146824,0.0,8.317233435334924,5.198450477088307,11.840438202804313,2.420883168767546,11.840438202804313,11.840438202804313,10.185898706453388,3.804563414063413,5.406189504383259,1.8893287620206631,0.0,9.99329813657317,0.2758616368420512,11.249983156867128,3.564356637549399,0.36750917659871896,1.7871115213734066,0.17844881614169145,3.804563414063413,3.804563414063413,0.1299738322224501,0.0,8.19055706886904,8.11752581084607,0.0,11.840438202804313,5.143481953771538,3.804563414063413,6.269165404293526,10.510972587023089,11.785140375771615,3.804563414063413,3.804563414063413,3.804563414063413,11.840438202804313,10.213963253482092,11.840438202804313,8.378536159999229,3.804563414063413,8.883333814503661,11.840438202804313,11.840438202804313,3.804563414063413,11.283341107042387,3.7553945692843143,3.804563414063413,8.59920115150239,3.5947330157756237,2.370504128746582,6.308740257107765,3.804563414063413,6.858298537245572,1.147570244219966,1.147570244219966,1.147570244219966,1.147570244219966,1.8221179075395828,5.029563006628069,3.738832661358655,1.147570244219966,1.9055698881224539,1.4131871935496174,1.147570244219966,1.147570244219966,1.147570244219966,3.0042235813024782,1.147570244219966
2024-01-01 12:00:00,4.164593043434538,4.188184695943542,0.33246057072425333,2.71140614471156,4.48845982691166,0.33246057072425333,3.169533182712559,0.33246057072425333,4.32302499364685,0.33246057072425333,0.9190253370217456,3.136340337686957,2.579316955723968,4.918017422084582,4.1577227140230875,4.957930778216896,4.85416089729539,4.172776266064014,3.451138550581327,3.26759407443976,4.1577227140230875,10.853879317594686,4.505379230065218,3.7806380415103944,4.1577227140230875,4.1577227140230875,3.485344121164847,10.853879317594686,9.938424390268446,4.582077309090099,3.1058432130203353,3.315073599740288,4.885535255993663,4.1577227140230875,4.1157983869999395,3.217264609953121,3.849630234211397,4.2106707999551345,10.853879317594686,10.853879317594686,10.853879317594686,10.853879317594686,10.752932219682906,4.214769861814804,4.15148424534599,4.343615057261275,4.256593647773739,3.093381378481592,10.853879317594686,4.983077052866769,0.0,3.4878466068095806,4.212406499571584,2.9424334485308643,3.4846568239602833,2.9424334485308643,2.9424334485308643,9.237247224931103,3.7072595882647352,4.9026905171535775,1.71336838966412,0.0,3.22838177222989,0.30120281842542934,3.033839419140264,3.3953424915992976,0.09132865484741881,1.805950311209725,0.16182919928829972,3.7072595882647352,3.7072595882647352,0.1178688749623864,0.0,2.035411922156162,2.0172631330054207,0.0,2.9424334485308643,1.4082485838680654,3.7072595882647352,1.5579323724350724,2.612051749007289,2.9286915436194776,3.7072595882647352,3.7072595882647352,3.7072595882647352,2.9424334485308643,2.5382428086143647,2.9424334485308643,3.5846258911888014,3.7072595882647352,2.20757189071517,2.9424334485308643,2.9424334485308643,3.7072595882647352,2.803990841882991,3.7298127413732978,3.7072595882647352,3.0119328778185293,3.8035062485366256,4.365045199739086,3.968578779007729,3.7072595882647352,3.866634191916342,4.925990148990829,4.925990148990829,4.925990148990829,4.925990148990829,4.616583312238429,4.20586971125271,3.737409487786508,4.925990148990829,4.57830490029375,4.804154873963022,4.925990148990829,4.925990148990829,4.925990148990829,4.0743657683719405,4.925990148990829
2024-01-01 13:00:00,4.697095975363532,4.51183825129708,5.1718327805822,5.1870611767628265,4.856344854218409,5.1718327805822,3.9290603079973083,5.1718327805822,4.838457088709086,5.1718327805822,5.195198631066072,4.5436975247911136,5.087079437096293,5.349177635258112,4.476889123556027,5.394970354382069,5.275914843369356,4.494160111195924,5.296065546632322,5.287302003177744,4.476889123556027,12.638605898214738,4.875756538712879,5.1865482476514515,4.476889123556027,4.476889123556027,4.073060127257724,12.638605898214738,11.709200402591776,4.963752486196986,3.8568773990306195,4.076120483165087,5.323419889451581,4.476889123556027,4.346848272145836,1.5597767629605417,4.838573546661184,4.73820891346401,12.638605898214738,12.638605898214738,12.638605898214738,12.638605898214738,12.536120472918684,4.643038689103008,4.457538645304635,4.8345544476213,4.590324057059438,3.7600489182897903,12.638605898214738,6.678338794196643,1.6193248986970095,2.3990678320349645,4.28785950896988,0.7073056378863355,4.143767553341284,0.7073056378863355,0.7073056378863355,10.997338036223606,4.949786836291021,6.596727252398356,3.3588032169048185,1.6193248986970095,1.5942599699763154,1.8460938540624974,0.9908286205082928,4.991958302694176,1.5910172092482087,2.94923164216828,1.7836202044310623,4.949786836291021,4.949786836291021,1.738989971092101,1.6193248986970095,0.9884406631956254,0.9940659544912132,1.6193248986970095,0.7073056378863355,1.3531484707739507,4.949786836291021,1.1364373990967445,0.8097087945440704,0.7115649974194019,4.949786836291021,4.949786836291021,4.949786836291021,0.7073056378863355,0.8325861769677865,0.7073056378863355,1.6565166140997034,4.949786836291021,0.9350789780418725,0.7073056378863355,0.7073056378863355,4.949786836291021,0.7502164890536704,4.925533075000359,4.949786836291021,1.354445639166729,4.8462827492118805,4.242401260343613,2.2240292026286705,4.949786836291021,2.0733470790082484,3.6391585638184596,3.6391585638184596,3.6391585638184596,3.6391585638184596,3.971896053967553,2.574763877285705,4.9173635000764095,3.6391585638184596,4.013060828641094,3.770180761161882,3.6391585638184596,3.6391585638184596,3.6391585638184596,4.554999215341191,3.6391585638184596
2024-01-01 14:00:00,4.39888222519567,6.195087725545618,7.686002666787646,3.5622331943285612,6.332165924883052,7.686002666787646,1.1210873143835742,7.686002666787646,4.8110015029588915,7.686002666787646,6.696223677305149,1.9361774434991437,5.224467894410468,6.528262689434209,6.181181566828968,6.54648348237997,6.499111632515753,6.188053643783025,2.4234943867408747,2.7312113399015487,6.181181566828968,12.088530212226509,6.339889779038659,1.6986504516943302,6.181181566828968,6.181181566828968,0.9929230798266365,12.088530212226509,11.168372408828835,6.374903116744896,1.0437740056934164,1.40069019510628,6.416653949384368,6.181181566828968,5.9739580205918505,1.5326856397455872,1.1483872192606819,4.518741456321527,12.088530212226509,12.088530212226509,12.088530212226509,12.088530212226509,11.987064528770997,5.360445053372266,6.150346066436947,5.0518644052033626,6.226317004857598,1.5164045765440928,12.088530212226509,6.187568455570846,1.1788923337226174,2.8701182216820236,5.500029222761948,0.1742502889541262,3.2666741542977364,0.1742502889541262,0.1742502889541262,10.463593155377408,5.888940587411604,6.106768958056929,2.9010626413848604,1.1788923337226174,1.58763554484039,1.4615316103578024,0.6260516826048184,4.363402794646094,1.147709774063476,3.20773434013073,1.3415528821535943,5.888940587411604,5.888940587411604,1.2973667248006322,1.1788923337226174,0.48393680416183316,0.4901333883705859,1.1788923337226174,0.1742502889541262,0.9618614495328193,5.888940587411604,0.6469637815116327,0.28705329774577,0.17894222020446007,5.888940587411604,5.888940587411604,5.888940587411604,0.1742502889541262,0.3122540596646391,0.1742502889541262,1.5840697503854644,5.888940587411604,0.42515581697357296,0.1742502889541262,0.1742502889541262,5.888940587411604,0.22151907713869617,5.8637705187939275,5.888940587411604,1.0992067420461256,5.781526114960478,5.1548299778293085,2.4269701297164823,5.888940587411604,2.2031688930121547,4.5287967666219116,4.5287967666219116,4.5287967666219116,4.5287967666219116,4.874105082241843,2.9479002311601534,5.855292297253409,4.5287967666219116,4.916825062485202,4.664768983798902,4.5287967666219116,4.5287967666219116,4.5287967666219116,5.479237886472489,4.5287967666219116
2024-01-01 15:00:00,3.7891701426783544,1.581927529134426,9.694544676900156,5.655104954610389,3.2463486576593232,9.694544676900156,0.9857621456690854,9.694544676900156,4.222399775022098,9.694544676900156,8.759822180457629,2.915298507709905,6.408820407270739,5.627380796481595,1.4130771612678672,5.848620008143167,5.273424913719565,1.496518803589316,4.72476361532533,5.012715663344721,1.4130771612678672,12.396412844788344,3.340132688324866,3.8165701170934163,1.4130771612678672,1.4130771612678672,2.4775913495350674,12.396412844788344,11.364258111870564,3.765269138468782,0.8221681307324123,1.37190470664975,5.574065508596445,1.4130771612678672,1.6358096565400722,6.409474124367952,2.6372093932235727,3.915169030465138,12.396412844788344,12.396412844788344,12.396412844788344,12.396412844788344,12.282597274219214,2.838137728958593,1.4462204409288721,4.033431191759802,1.9611174555173472,0.855671315662786,12.396412844788344,5.7772160250590545,0.15890931100549155,4.97194590114091,3.6691261228700007,7.86957699801311,2.5784559404388734,7.86957699801311,7.86957699801311,10.573696710960759,1.555942051092815,5.686582023512338,2.09069343257734,0.15890931100549155,6.350411678526343,0.472166592607596,7.383962049313551,3.7502859006631195,0.39823669772394676,1.7142398657898539,0.3413680743850984,1.555942051092815,1.555942051092815,0.29180380261246713,0.15890931100549155,5.4927206656023735,5.445161635122753,0.15890931100549155,7.86957699801311,3.4532047842048175,1.555942051092815,4.241482124564311,7.003809415005575,7.833566238887507,1.555942051092815,1.555942051092815,1.555942051092815,7.86957699801311,6.810392564070799,7.86957699801311,7.29889446926063,1.555942051092815,5.94386708226202,7.86957699801311,7.86957699801311,1.555942051092815,7.506787166991494,1.6401594643500128,1.555942051092815,6.739360702370861,1.9153438927654751,4.012228425308992,6.957695802961415,1.555942051092815,7.048288576855094,6.106894850809195,6.106894850809195,6.106894850809195,6.106894850809195,4.951515675669114,6.746827875735232,1.6685270424448277,6.106894850809195,4.808577399054021,5.651940651858384,6.106894850809195,6.106894850809195,6.106894850809195,2.926780653151594,6.106894850809195
2024-01-01 16:00:00,4.663543021701305,5.82856899512366,12.350783515712992,7.642459996564377,5.77998448020594,12.350783515712992,3.4863141083244598,12.350783515712992,4.860356141059412,12.350783515712992,11.240821927417759,5.123026400177649,8.11000659371181,5.710482063127936,5.8334977436692546,5.704024082274927,5.720814048568127,5.831062079012847,6.449282159342948,6.792832812005027,5.8334977436692546,13.54936496098798,5.777246920847418,5.507161301635211,5.8334977436692546,5.8334977436692546,4.804845152753848,13.54936496098798,12.406563152276997,5.76483717198633,3.3996469673958853,3.675567935608206,5.652380008592628,5.8334977436692546,6.040462276933252,10.476183420071807,4.47995703146507,4.720783414069695,13.54936496098798,13.54936496098798,13.54936496098798,13.54936496098798,13.42334835150329,5.2699200101953,5.8642947021350365,5.008553144852597,5.8175004270075314,3.3422424855409587,13.54936496098798,6.220589675118916,0.0,9.140422522631098,6.4083470260905795,11.832920834574713,3.8615204510945897,11.832920834574713,11.832920834574713,11.531253501462482,5.214699526848758,6.120239700841801,2.138871544899772,0.0,10.421302197993727,0.34062192676021524,11.381684156779693,4.198917205320491,0.3672758489328902,2.232125622797788,0.20201835844509344,5.214699526848758,5.214699526848758,0.14714079249227838,0.0,8.185356971335686,8.112372080081363,0.0,11.832920834574713,5.216044255054163,5.214699526848758,6.2651851778839,10.504299282367088,11.777658115544014,5.214699526848758,5.214699526848758,5.214699526848758,11.832920834574713,10.207478516891697,11.832920834574713,11.08004117254386,5.214699526848758,8.877693880385829,11.832920834574713,11.832920834574713,5.214699526848758,11.27617743383123,5.294139375671267,5.214699526848758,10.170041395764986,5.553712883644863,7.531643383063018,10.629910804736246,5.214699526848758,10.749426390995053,9.50748160629531,9.50748160629531,9.50748160629531,9.50748160629531,8.417645865015773,10.351720802792007,5.320897691180562,9.50748160629531,8.282816325065703,9.078336475994966,9.50748160629531,9.50748160629531,9.50748160629531,6.507771910525914,9.50748160629531
2024-01-01 17:00:00,4.993539312013137,6.853502919226093,12.770046647703728,7.833451301157605,6.3207070552697004,12.770046647703728,4.4763526406287655,12.770046647703728,5.074368162291661,12.770046647703728,11.590670991455145,5.705816480584145,8.358370769838995,5.5585176947945305,6.907553409264361,5.487697074400985,5.6718220906151835,6.880843004578501,6.499480973705335,6.865724461126188,6.907553409264361,13.713930818307126,6.290685960976067,5.600480440205022,6.907553409264361,6.907553409264361,5.138807861862005,13.713930818307126,12.583981410143544,6.154596038556896,4.445080300870829,4.549236664420899,5.513063504917361,6.907553409264361,7.000086739932368,8.98328668639638,4.799255162832128,5.017047272863095,13.713930818307126,13.713930818307126,13.713930818307126,13.713930818307126,13.589331441389254,5.904352915159523,6.9213226531842755,5.284385859495713,6.732120883773443,4.442911186831694,13.713930818307126,6.467577834168686,0.3169473676686563,8.386071294623862,6.634557051675898,9.589880627038928,4.433306456305713,9.589880627038928,9.589880627038928,11.718515837409342,0.9594886078291619,6.368356435340525,2.4317643183203708,0.3169473676686563,8.958749427814315,0.6385027070711411,9.388133825026822,4.543605517021448,0.6047650994481197,2.5319077408819415,0.5166937478574384,0.9594886078291619,0.9594886078291619,0.4624333566879635,0.3169473676686563,6.731447216052456,6.674252206045608,0.3169473676686563,9.589880627038928,4.487469680751867,0.9594886078291619,5.226694067093889,8.548699066474128,9.546573694417045,0.9594886078291619,0.9594886078291619,0.9594886078291619,9.589880627038928,8.316093846957553,9.589880627038928,8.78506549622993,0.9594886078291619,7.274000829008442,9.589880627038928,9.589880627038928,0.9594886078291619,9.153585609953678,1.0731960329681578,0.9594886078291619,8.16165898724028,1.444740486582616,4.275881123509413,8.30388404171836,0.9594886078291619,8.43164410357092,7.104026949377274,7.104026949377274,7.104026949377274,7.104026949377274,5.544074132218438,8.00650381736674,1.1114969512442854,7.104026949377274,5.35108383770451,6.489763597914744,7.104026949377274,7.104026949377274,7.104026949377274,2.8103472568024768,7.104026949377274
2024-01-01 18:00:00,2.28014310197905,7.301301274467763,13.622755115966916,5.749173957828382,5.236875352257152,13.622755115966916,2.660670777339704,13.622755115966916,2.1773709267775874,13.622755115966916,11.706535488433563,3.514864819750098,6.82820658581485,2.283617679208004,7.51073088962018,2.0092087836850463,2.722638601959973,7.407235994939954,3.4344991886968756,4.032250950379455,7.51073088962018,15.690081698492929,5.120552517442544,2.2009159132791476,7.51073088962018,7.51073088962018,2.6785669156867633,15.690081698492929,14.571855104743525,4.593244438307829,2.735943497270008,2.5282204434521396,2.225970272601579,7.51073088962018,7.550065207424203,8.39308919024198,1.5501010024120918,2.2502532264856336,15.690081698492929,15.690081698492929,15.690081698492929,15.690081698492929,15.566774994823236,4.660214883745605,7.51658395696745,2.7077803019617575,6.830981894323986,2.9323753115869406,15.690081698492929,8.518906992779144,2.432087081838559,8.139223260551022,5.694705053097643,8.650941778784743,2.508059273476199,8.650941778784743,8.650941778784743,13.71536842276118,0.39874114614332357,8.420714979900456,4.524963575286313,2.432087081838559,8.382658826175986,2.4044354489710873,8.565182703984323,6.368182358797234,2.625110864397592,3.0769615337935505,2.6297611659334277,0.39874114614332357,0.39874114614332357,2.576063706600657,2.432087081838559,6.733945123399744,6.695587524280443,2.432087081838559,8.650941778784743,5.256087377205986,0.39874114614332357,5.724788589388301,7.952677631164652,8.621898161860855,0.39874114614332357,0.39874114614332357,0.39874114614332357,8.650941778784743,7.79668189373571,8.650941778784743,8.053176717632773,0.39874114614332357,7.097806480955292,8.650941778784743,8.650941778784743,0.39874114614332357,8.358342313182737,0.5172845924416842,0.39874114614332357,7.659323786671225,0.9046309766435932,3.856181129559159,7.695785994508352,0.39874114614332357,7.79067797437124,6.804609100932887,6.804609100932887,6.804609100932887,6.804609100932887,5.17831088177265,7.474911036782041,0.5572144637169677,6.804609100932887,4.977112634728968,6.164220889449441,6.804609100932887,6.804609100932887,6.804609100932887,2.3283175356554544,6.804609100932887
2024-01-01 19:00:00,4.313431779144792,7.416591489573265,12.890726230515812,4.997347722168062,6.9716777510342895,12.890726230515812,1.1896539492128904,12.890726230515812,4.675913018042134,12.890726230515812,10.981814183914654,2.357940135151332,7.222395287104559,6.335207874324826,7.461726610206929,6.2760687760011935,6.4298232528360835,7.43942195881863,2.741323628656225,3.335886256416314,7.461726610206929,13.90966163488612,6.946608492429262,1.4356187543070205,7.461726610206929,7.461726610206929,1.6398742432229843,13.90966163488612,12.937299209020606,6.832965950778549,1.152512792758302,1.401009614609111,6.213233324652056,7.461726610206929,7.526341573796618,8.911187352142186,0.6053333134755567,4.418854468487524,13.90966163488612,13.90966163488612,13.90966163488612,13.90966163488612,13.802439354378802,5.888885952435704,7.471341515324037,5.052229315188331,7.315230839391623,1.742760214878893,13.90966163488612,7.673912215108033,2.381071741189679,8.49415869321459,7.197055833195107,9.334764944188112,3.3928177737430043,9.334764944188112,9.334764944188112,12.192534710958157,6.305458020713718,7.58852860468682,4.200948388356795,2.381071741189679,8.894053265879158,2.5704713906851864,9.193887466070324,5.6807098607356,2.5969037922998144,4.066619902013047,2.5529607420555487,6.305458020713718,6.305458020713718,2.5062677085402605,2.381071741189679,7.191250219641277,7.14836017166987,2.381071741189679,9.334764944188112,5.514196391780935,6.305458020713718,6.06284872559081,8.553991812507185,9.302289446458072,6.305458020713718,6.305458020713718,6.305458020713718,9.334764944188112,8.379563151295814,9.334764944188112,6.937311892511739,6.305458020713718,7.598106525531533,9.334764944188112,9.334764944188112,6.305458020713718,9.007591048943901,6.224482454117264,6.305458020713718,7.219072054424925,5.959890914818724,3.943723396214267,5.503926879770701,6.305458020713718,5.884509622869589,1.9296886013264036,1.9296886013264036,1.9296886013264036,1.9296886013264036,3.040592863548148,4.61806489844421,6.197206851360604,1.9296886013264036,3.1780289054493576,2.3671298929862243,1.9296886013264036,1.9296886013264036,1.9296886013264036,4.9873881795634665,1.9296886013264036
2024-01-01 20:00:00,2.1065162593219733,8.341786463298238,13.791107361137131,7.056481505568325,5.828995114281105,13.791107361137131,2.9530522273840263,13.791107361137131,2.0049431987446997,13.791107361137131,12.174328148289538,4.4123842019562804,7.3170509281547185,2.2343297632909627,8.596701362167295,1.9003229620078845,2.76870010075862,8.470728774232809,5.194931765344269,5.697606150536789,8.596701362167295,14.719940945012535,5.687408530877667,4.013150695917157,8.596701362167295,8.596701362167295,3.6609979587363792,14.719940945012535,13.716722770263349,5.045576259125474,2.9671505749711584,2.8896924546658718,2.1574631759778344,8.596701362167295,8.629446710277557,9.331254071478215,3.0440330171310293,2.0769751298461356,14.719940945012535,14.719940945012535,14.719940945012535,14.719940945012535,14.609316205016798,5.068479426607421,8.601573970578965,2.666571757873796,7.76932006623087,2.8227021824026135,14.719940945012535,8.286313950906216,2.8255170111678263,9.119913727850442,6.34074558936097,9.545913260815974,2.3793282402250377,9.545913260815974,9.545913260815974,12.948324834998473,1.6545351675091409,8.198220882394216,4.703143377298288,2.8255170111678263,9.322570918411737,2.7607651134100495,9.47451985895388,6.318768247034262,3.034107880004113,3.4511915275805074,3.0028605253977454,1.6545351675091409,1.6545351675091409,2.9546857927973837,2.8255170111678263,7.4743136237053545,7.432862540213494,2.8255170111678263,9.545913260815974,5.888891746671547,1.6545351675091409,6.3837700884449555,8.791335129052554,9.514527318586554,1.6545351675091409,1.6545351675091409,1.6545351675091409,9.545913260815974,8.622758563130638,9.545913260815974,8.754546870332234,1.6545351675091409,7.867519868564068,9.545913260815974,9.545913260815974,1.6545351675091409,9.229716075465046,1.7553355166177065,1.6545351675091409,8.389654476105637,2.0847054815774047,4.594479704578404,8.28140612502621,1.6545351675091409,8.40703127187777,7.101599061374439,7.101599061374439,7.101599061374439,7.101599061374439,5.718718494249766,7.988995227495213,1.7892888484136988,7.101599061374439,5.547634776209463,6.557061532744871,7.101599061374439,7.101599061374439,7.101599061374439,3.295300471437696,7.101599061374439
2024-01-01 21:00:00,0.636744892965122,1.860465604403196,2.8692344502475113,5.827863031758671,1.3096450360066383,2.8692344502475113,2.4696824328112426,2.8692344502475113,0.5872469732235942,2.8692344502475113,3.657941379273578,4.405590323009881,3.2323350012556107,0.5216704942277207,1.9163446448745534,0.44845398295509825,0.6388080246212913,1.8887306161508393,7.062672367837629,6.811490526871376,1.9163446448745534,14.888732716752333,1.278608315676431,7.135422436221843,1.9163446448745534,1.9163446448745534,5.095381437306917,14.888732716752333,13.912009575723637,1.1379144148955003,2.2945026165602584,2.6427433422687705,0.51257719214104,1.9163446448745534,2.185326201007327,7.950213338121481,6.102698842453062,0.6223491029046592,14.888732716752333,14.888732716752333,14.888732716752333,14.888732716752333,14.781029580740933,1.2107992044834912,1.9563699268957768,0.7137299510979147,1.7349771644879937,1.2024562977358588,14.888732716752333,8.625018079144649,3.308441013707564,6.214191039283417,2.3762347397429235,9.713497777543015,0.963755694105497,9.713497777543015,9.713497777543015,13.163905061887938,7.195241081519261,8.539251552235974,5.136479189415196,3.308441013707564,7.878886931204213,3.1241687214676537,9.127047810182347,6.5308514671189535,3.5072442249592997,2.414642103578469,3.4811008783506856,7.195241081519261,7.195241081519261,3.4341984424419594,3.308441013707564,7.739103296216243,7.699597211630568,3.308441013707564,9.713497777543015,5.944951761951298,7.195241081519261,6.699731064684158,8.9943265282366,9.683584550093602,7.195241081519261,7.195241081519261,7.195241081519261,9.713497777543015,8.833660038691605,9.713497777543015,8.751479087978751,7.195241081519261,8.113859222006557,9.713497777543015,9.713497777543015,7.195241081519261,9.41213743426806,7.186855232038579,7.195241081519261,8.490491508282703,7.159454067518458,6.950659266203703,8.176309046323924,7.195241081519261,8.329024325370058,6.74208533027863,6.74208533027863,6.74208533027863,6.74208533027863,6.857130847364857,7.82084190513648,7.184030563946386,6.74208533027863,6.87136375747647,6.787386857426633,6.74208533027863,6.74208533027863,6.74208533027863,7.058741446413329,6.74208533027863
2024-01-01 22:00:00,2.7690198415376823,5.117208543419056,7.943620861703933,7.181972183425246,3.256064370171784,7.943620861703933,6.790961821671667,7.943620861703933,2.261760196251833,7.943620861703933,7.758296444004929,6.9645008738395315,5.703456978860268,0.5936107305625885,5.306015854813866,0.34622257703519377,0.9894017461290497,5.212711988531911,6.958278383232274,7.016086040737958,5.306015854813866,14.22753166614082,3.1511957169052205,6.838717216257172,5.306015854813866,5.306015854813866,7.092218524966972,14.22753166614082,13.23307452406007,2.675811084098006,6.887732263804152,6.445008543417246,0.6597286304139343,5.306015854813866,5.453661093109357,8.618034693080958,6.725644710239838,2.6214903413523776,14.22753166614082,14.22753166614082,14.22753166614082,14.22753166614082,14.117873004098445,3.7694044592879545,5.327985919924765,2.457515258159274,4.6932009951208125,6.310531287885216,14.22753166614082,7.850089077072815,2.436980886989219,7.665123907362588,4.087548861656495,9.585909795686934,3.803504388696821,9.585909795686934,9.585909795686934,12.4713869530835,6.6717752008414335,7.762765319036364,4.298210076167717,2.436980886989219,8.578883293641278,2.3716827947097343,9.264004656820802,6.2285429474723575,2.658872757188417,2.355083407333188,2.612775672975561,6.6717752008414335,6.6717752008414335,2.565021646874272,2.436980886989219,7.382212575636379,7.33811832314534,2.436980886989219,9.585909795686934,5.56136677657282,6.6717752008414335,6.222129462110944,8.78321524916863,9.552522498064063,6.6717752008414335,6.6717752008414335,6.6717752008414335,9.585909795686934,8.603889233160086,9.585909795686934,8.11549263060338,6.6717752008414335,7.800492002403529,9.585909795686934,9.585909795686934,6.6717752008414335,9.249549986647038,6.641656076632714,6.6717752008414335,7.989867024075381,6.543240396796542,5.793320359545536,7.236362202821207,6.6717752008414335,7.469782998192315,5.04419359578705,5.04419359578705,5.04419359578705,5.04419359578705,5.457398033424394,6.693041172060422,6.63151082786416,5.04419359578705,5.508517814251697,5.206901300731988,5.04419359578705,5.04419359578705,5.04419359578705,6.181514855282942,5.04419359578705
2024-01-01 23:00:00,7.007170374645513,1.4758498461730973,1.7578698607855154,2.463763496807907,2.989955570705333,1.7578698607855154,7.815842934898632,1.7578698607855154,6.730718633563251,1.7578698607855154,1.8514990569743466,5.239261486890224,3.632803260284776,5.155954505651025,1.3222485104325998,5.357213400486532,4.833964704429974,1.3981544612392,2.2556824284734454,2.232338911688147,1.3222485104325998,17.34520869798417,3.075269879245896,2.811202537362896,1.3222485104325998,1.3222485104325998,6.107448041141939,17.34520869798417,15.97292017134571,3.462011865296447,8.045869202189394,7.428700123866968,5.298442529321864,1.3222485104325998,1.5856930917273575,7.231910252055265,4.285453511534256,6.926768183053394,17.34520869798417,17.34520869798417,17.34520869798417,17.34520869798417,17.193886617424308,4.289661930526016,1.361449873585101,6.102041359730421,1.8207947813110978,8.722560094574773,17.34520869798417,8.544737643030576,1.0749876172408968,5.531623904503602,3.6010252522215853,8.958897550090185,7.0901431425165145,8.958897550090185,8.958897550090185,14.92183906356943,7.676926711839386,8.424236330117642,3.6433672423397763,1.0749876172408968,7.162052096441413,1.417769753578697,8.38451963242585,6.457743762424172,1.3196921795360383,2.1431333061444557,1.317573403640058,7.676926711839386,7.676926711839386,1.251675840691819,1.0749876172408968,6.528638328878566,6.480010748490586,1.0749876172408968,8.958897550090185,4.400780737713367,7.676926711839386,5.249287128375443,8.073678017323505,8.922077706065762,7.676926711839386,7.676926711839386,7.676926711839386,8.958897550090185,7.87591550256301,8.958897550090185,8.680383938805122,7.676926711839386,6.989921042626627,8.958897550090185,8.958897550090185,7.676926711839386,8.587956605877606,7.68473080125579,7.676926711839386,7.980896988046961,7.710231036923174,7.904540904145857,8.513866710873902,7.676926711839386,8.558079244712314,8.098645228298146,8.098645228298146,8.098645228298146,8.098645228298146,7.9915808808679145,8.410955573845852,7.687359510775786,8.098645228298146,7.978335364904082,8.0564864500638,8.098645228298146,8.098645228298146,8.098645228298146,7.803956818941497,8.098645228298146
2024-01-02 00:00:00,1.8189165587308085,0.42206559402752175,5.002109136043071,6.133279309969504,0.8464868907050842,5.002109136043071,3.2143151084867307,5.002109136043071,1.770664192178887,5.002109136043071,5.328503829071321,4.770856412413927,4.3564262472770485,1.4536413725071227,0.37900936814440006,1.510056561836367,1.3633839177356548,0.40028668157430164,6.737501372973218,6.631851752674866,0.37900936814440006,17.262449324656718,0.870401475313845,6.623874960816952,0.37900936814440006,0.37900936814440006,5.09640869558942,17.262449324656718,15.878694286881124,0.9788097142761143,3.0937101633650292,3.326823211425942,1.4852541762967484,0.37900936814440006,0.6648887308287204,6.7919343335083235,5.766995628304373,1.8048830207068018,17.262449324656718,17.262449324656718,17.262449324656718,17.262449324656718,17.109862833378298,1.1379417571142172,0.4215490957004387,1.6143568018560424,0.5187576375761035,2.307601969565009,17.262449324656718,8.388443661342853,0.8562782103713167,4.946852627784919,1.7632808958677522,8.665990826527425,1.8394828864271102,8.665990826527425,8.665990826527425,14.8188305994983,2.564362280407913,8.266935468593985,3.4461185946355632,0.8562782103713167,6.7161270995654645,0.9113201755728626,8.042699232390945,5.764905204466015,1.0986798009101186,0.9436261941704416,1.1008909849493196,2.564362280407913,2.564362280407913,1.0344427978977757,0.8562782103713167,6.258603342134036,6.210433407256064,0.8562782103713167,8.665990826527425,4.121105639147437,2.564362280407913,4.991292414413587,7.7891023014174925,8.62951750264985,2.564362280407913,2.564362280407913,2.564362280407913,8.665990826527425,7.593200975846462,8.665990826527425,8.54979701560475,2.564362280407913,6.715544816587308,8.665990826527425,8.665990826527425,2.564362280407913,8.298540894128354,2.6706342046323566,2.564362280407913,7.790193814537679,3.0178828031496643,5.663890861712627,8.480327264347942,2.564362280407913,8.498772405228237,8.307099944452041,8.307099944452041,8.307099944452041,8.307099944452041,6.84915480695409,8.437393501999662,2.706430567796782,8.307099944452041,6.668784440378939,7.733004204787883,8.307099944452041,8.307099944452041,8.307099944452041,4.294190476353862,8.307099944452041
2024-01-02 01:00:00,5.202787669148518,5.51566103911001,1.0010587942709828,4.505403737326792,6.4938078764482805,1.0010587942709828,2.020044323731189,1.0010587942709828,5.763798682597842,1.0010587942709828,1.9141916151280185,3.5142963145621042,3.9875135687979792,7.893092598490876,5.416431072317619,8.023110435607478,7.685079841774795,5.465468048080701,5.856050748641609,5.56668421661218,5.416431072317619,18.705465046474725,6.548922865927917,6.06203870386988,5.416431072317619,5.416431072317619,4.545715238100749,18.705465046474725,17.424294849464076,6.798767011149769,1.7508391606815494,2.584334824080577,7.774488116395243,5.416431072317619,5.606804792172444,9.686947031716649,5.289281341993981,5.365950016443047,18.705465046474725,18.705465046474725,18.705465046474725,18.705465046474725,18.564190572485032,5.490323339549759,5.444759266771434,5.8614688748845705,5.738503335981536,1.4747258761045439,18.705465046474725,10.489334825754835,3.5155673370738105,8.458264189917667,6.928856877285932,10.934924858601963,3.8869300133019116,10.934924858601963,10.934924858601963,16.44300427989081,0.7024785109716805,10.376834657016355,5.913409603048674,3.5155673370738105,9.636465230644696,3.722945070482421,10.519860482440492,7.74722763277794,3.745852899729974,4.881148852421255,3.7420457151407858,0.7024785109716805,0.7024785109716805,3.6805236721694534,3.5155673370738105,8.647866509922542,8.602104266647538,3.5155673370738105,10.934924858601963,6.713914461484244,0.7024785109716805,7.443899945999803,10.101866102911375,10.900274591281446,0.7024785109716805,0.7024785109716805,0.7024785109716805,10.934924858601963,9.915756569207668,10.934924858601963,10.555276459790242,0.7024785109716805,9.081968548244626,10.934924858601963,10.934924858601963,0.7024785109716805,10.585841281046212,0.8701344570554532,0.7024785109716805,9.946100070514468,1.417958284802543,5.592334420749301,10.32829294301716,0.7024785109716805,10.388560078981236,9.762294856658754,9.762294856658754,9.762294856658754,9.762294856658754,7.462221971470206,10.188012372123971,0.9266072571528253,9.762294856658754,7.177667375566142,8.85659407935111,9.762294856658754,9.762294856658754,9.762294856658754,3.4314775845294077,9.762294856658754
2024-01-02 02:00:00,9.688652938847262,8.76586427252641,3.6353703946642764,6.592964556868838,8.966803267138893,3.6353703946642764,9.841925594640275,3.6353703946642764,9.616048620350313,3.6353703946642764,4.3230161571745525,8.491551163808296,6.728355252971177,9.254255881093018,8.745479633940906,9.280965218050024,9.211524184168209,8.75555321413617,7.291481059168731,7.079386551342717,8.745479633940906,19.259864916343393,8.97812544306521,7.937878182256835,8.745479633940906,8.745479633940906,9.280568835401324,19.259864916343393,18.051221773528656,9.029450488993188,9.90991299754203,9.731763996879318,9.283395295215083,8.745479633940906,8.781635092338165,9.556528880773014,8.765403876395197,9.667536970094979,19.259864916343393,19.259864916343393,19.259864916343393,19.259864916343393,19.126587991356523,9.228793185888684,8.750859677241134,9.508150449318292,8.811642375957536,10.126886575312227,19.259864916343393,11.508849887335913,4.929867427046451,9.32317949093094,8.987326143354725,9.793542741903963,9.442850279706244,9.793542741903963,9.793542741903963,17.125482070255156,8.66562271140562,11.402718353970146,7.191967824857825,4.929867427046451,9.5469414615648,5.230471767975656,9.714714409947565,9.530510129273871,5.080828504634227,6.539299254683268,5.143524862479424,8.66562271140562,8.66562271140562,5.085485582809358,4.929867427046451,8.29428769160686,8.264288774271588,4.929867427046451,9.793542741903963,7.132055578472438,8.66562271140562,7.5050411241144825,9.247440563363346,9.770828153837407,8.66562271140562,8.66562271140562,8.66562271140562,9.793542741903963,9.125438578379082,9.793542741903963,10.609996659497869,8.66562271140562,8.578858338295628,9.793542741903963,9.793542741903963,8.66562271140562,9.564704978788543,8.73316245998028,8.66562271140562,9.765716085142884,8.953851820861994,10.63548806021753,11.09813669137649,8.66562271140562,10.968529034886846,12.315345446646772,12.315345446646772,12.315345446646772,12.315345446646772,11.388767248868998,11.39981746239129,8.755912376156695,12.315345446646772,11.274135192493723,11.950486315717601,12.315345446646772,12.315345446646772,12.315345446646772,9.76499267467835,12.315345446646772
2024-01-02 03:00:00,10.59351357112713,10.07161135814357,4.130049032180364,3.2762753514698995,9.668800532428666,4.130049032180364,10.77221854841874,4.130049032180364,10.287679059248546,4.130049032180364,3.8020561543779654,6.994205724395284,5.7998043953416,9.092560838365939,10.112475268686975,9.039018169384747,9.178222609271469,10.09228134284304,2.386159483530762,2.4974917054912034,10.112475268686975,19.45042427387876,9.646103618658566,2.936616905197831,10.112475268686975,10.112475268686975,7.6134931944438105,19.45042427387876,18.168377530246435,9.543215256098698,11.118450530454508,10.241139379575893,9.162709245914789,10.112475268686975,10.066921646149279,9.0906038034237,5.0578262357303805,10.504565804246447,19.45042427387876,19.45042427387876,19.45042427387876,19.45042427387876,19.30905314320505,10.268461287724781,10.105696749685993,10.196501585528988,9.979842631628758,12.383459344024285,19.45042427387876,11.228672769425426,4.250133992474643,9.384609480449589,9.489988948509534,8.79198112112963,10.703639571684956,8.79198112112963,8.79198112112963,17.18641558466423,2.355970141012599,11.116095630708193,6.6496168059290355,4.250133992474643,9.102683353651583,4.614920776614701,8.891299902812955,9.368419887930301,4.391106013095799,6.26600079826925,4.4767673217398585,2.355970141012599,2.355970141012599,4.415203186828633,4.250133992474643,7.391931404712063,7.363917508277458,4.250133992474643,8.79198112112963,6.4010482940713285,2.355970141012599,6.654909086339835,8.282014387951515,8.770769551707323,2.355970141012599,2.355970141012599,2.355970141012599,8.79198112112963,8.168085243977146,8.79198112112963,10.04875652514222,2.355970141012599,7.657672082469606,8.79198112112963,8.79198112112963,2.355970141012599,8.578285495897699,2.546906492092201,2.355970141012599,9.053874613558229,3.170800157350123,7.924822702027332,10.800155192671323,2.355970141012599,10.600648874754532,12.673816390452915,12.673816390452915,12.673816390452915,12.673816390452915,10.054359495702554,11.26453531836451,2.6112210042685375,12.673816390452915,9.730292157239624,11.642351622107197,12.673816390452915,12.673816390452915,12.673816390452915,5.463913147963067,12.673816390452915
2024-01-02 04:00:00,11.475464146937785,10.727646067200148,2.119094123499684,5.179347383963852,9.925166008896348,2.119094123499684,13.92557537293911,2.119094123499684,10.921736121136881,2.119094123499684,2.7471958215163736,9.891847752757077,6.117487264128479,8.777180816423629,10.809055183395554,8.670513067240096,8.947836266878994,10.76882482771963,5.458617816816792,5.271438391248466,10.809055183395554,20.555401705799426,9.879949198615195,6.6022370451490495,10.809055183395554,10.809055183395554,10.873960642609688,20.555401705799426,19.122107939116425,9.674974918097067,14.27988965980188,13.269354172844352,8.90110709621885,10.809055183395554,10.738836558676704,9.233891564501276,8.952166232772804,11.314419956562718,20.555401705799426,20.555401705799426,20.555401705799426,20.555401705799426,20.397352585211614,10.98136361514568,10.798606436284704,10.777936179359605,10.544824334756951,15.040785229074563,20.555401705799426,11.363704725108771,3.561886125873919,9.687086571840329,9.716046068273691,8.773579675074894,11.973428507083298,8.773579675074894,8.773579675074894,18.02430090305213,9.291648220722157,11.237846512843234,6.2444433546714,3.561886125873919,9.252511585412284,3.987389247161299,8.926674596401591,9.476155585056475,3.7236491596523544,5.858419481614345,3.815256090558769,9.291648220722157,9.291648220722157,3.746429044074109,3.561886125873919,7.167046062444276,7.13490058524072,3.561886125873919,8.773579675074894,6.051393760104305,9.291648220722157,6.321325289932235,8.188401385642118,8.749239754246382,9.291648220722157,9.291648220722157,9.291648220722157,8.773579675074894,8.057669600115679,8.773579675074894,10.763532888405837,9.291648220722157,7.471979041648142,8.773579675074894,8.773579675074894,9.291648220722157,8.528367522405292,9.39580339310662,9.291648220722157,9.393119723316369,9.73613540368025,12.329439585208501,11.95328261470391,9.291648220722157,11.637388273399338,14.920000541641983,14.920000541641983,14.920000541641983,14.920000541641983,13.491095134768202,12.688572882463584,9.430886754994876,14.920000541641983,13.31431743208911,14.35733979030732,14.920000541641983,14.920000541641983,14.920000541641983,10.987021248538412,14.920000541641983
2024-01-02 05:00:00,12.249482592353786,9.688131017763801,2.183375991626672,6.6734896969948725,9.663809484723695,2.183375991626672,14.7093310148846,2.183375991626672,11.749552159913176,2.183375991626672,3.1789472076724286,11.14999201494348,6.985554735731675,9.629016396098796,9.690598361953633,9.625783514285427,9.634188614565504,9.689379061966472,7.476680682360028,7.17341040507372,9.690598361953633,20.343415659825936,9.66243905547272,8.733443061891697,9.690598361953633,9.690598361953633,12.244073337632274,20.343415659825936,18.94241849658522,9.656226703297229,14.997464692748435,14.152440246337239,9.77038301106592,9.690598361953633,9.689628654498154,9.668845615998304,10.845129771605258,12.104084693051497,20.343415659825936,20.343415659825936,20.343415659825936,20.343415659825936,20.188927881574692,10.89984425962586,9.69045406650475,11.416079275640843,9.682590064116347,15.504350144460416,20.343415659825936,11.358836437718733,3.7328172784069733,9.675104163202302,9.563325346039269,9.662488785843772,12.584371291241556,9.662488785843772,9.662488785843772,17.86934849581968,1.9555379649756128,11.235814205673009,6.354928080209794,3.7328172784069733,9.669102755370814,4.207239032645042,9.664603001085112,9.547105558708108,3.9168652549998377,6.028742564608544,3.98047802320695,1.9555379649756128,1.9555379649756128,3.913201865924551,3.7328172784069733,7.834634461980892,7.798060530979883,3.7328172784069733,9.662488785843772,6.4713117211751285,1.9555379649756128,6.872404752833675,8.996694644867828,9.634795727211761,1.9555379649756128,1.9555379649756128,1.9555379649756128,9.662488785843772,8.847952870925397,9.662488785843772,11.38011118857256,1.9555379649756128,8.181575889252684,9.662488785843772,9.662488785843772,1.9555379649756128,9.383495498683766,2.1963348375281755,1.9555379649756128,10.049144116436477,2.983150142995237,8.97862326443033,12.407040248934418,1.9555379649756128,12.134376955202121,14.967754309822485,14.967754309822485,14.967754309822485,14.967754309822485,11.66426063522529,13.041703932458132,2.2774442402387627,14.967754309822485,11.255567365677193,13.666936058287687,14.967754309822485,14.967754309822485,14.967754309822485,5.875079487130698,14.967754309822485
2024-01-02 06:00:00,8.884183908969991,10.76399401490289,0.7635600769927648,5.138106998235505,11.309908934789219,0.7635600769927648,4.667813020025884,0.7635600769927648,9.521812748985425,0.7635600769927648,1.8631367158427494,5.228766590057157,5.413412613490925,12.090865717321728,10.708612637277419,12.163430156957856,11.974771422392546,10.735980733429543,6.609846195391284,6.264220605791653,10.708612637277419,19.818132345691087,11.340669239804551,7.096408443553574,10.708612637277419,10.708612637277419,5.561667083182012,19.818132345691087,18.257736896762477,11.480110110353202,4.438609015427536,5.223173225829984,11.932240503233336,10.708612637277419,10.434859352849267,4.567703214591207,6.870260764588257,9.069629498709745,19.818132345691087,19.818132345691087,19.818132345691087,19.818132345691087,19.646067738835836,9.941130971980025,10.667877307424302,9.797384175638438,10.888364845539062,4.550692851953413,19.818132345691087,9.811333690734905,1.3176651082041007,6.334522519900171,10.090877554970687,2.773138138781967,6.916363436712355,2.773138138781967,2.773138138781967,17.0625784842335,8.994465999584875,9.674314618863875,4.238106254748143,1.3176651082041007,4.640294950771153,1.924999972259151,3.369991718729727,6.913907656696918,1.3628407753430607,5.31176516255453,1.593503424800145,8.994465999584875,8.994465999584875,1.518572930721177,1.3176651082041007,2.3244804570080295,2.315503168784319,1.3176651082041007,2.773138138781967,2.315526389750446,8.994465999584875,2.088295469504405,2.6097150191552054,2.7663407133389972,8.994465999584875,8.994465999584875,8.994465999584875,2.773138138781967,2.5732054687995065,2.773138138781967,7.262368455285177,8.994465999584875,2.4096392874678583,2.773138138781967,2.773138138781967,8.994465999584875,2.7046575822006496,9.135934141371319,8.994465999584875,5.236799938221629,9.598188065243447,13.120528005247657,9.946381579095462,8.994465999584875,9.23374047562825,16.639141976125472,16.639141976125472,16.639141976125472,16.639141976125472,14.698339728178818,11.605157945968532,9.183585908444709,16.639141976125472,14.45823246768699,15.874911365919564,16.639141976125472,16.639141976125472,16.639141976125472,11.297196304659966,16.639141976125472
2024-01-02 07:00:00,6.551908166422653,10.95622735421675,1.6046915967865627,4.012833500328117,10.639482759969,1.6046915967865627,2.1089788149970428,1.6046915967865627,7.227727001301689,1.6046915967865627,2.2359699682969354,3.2070623339915465,4.474983398605852,10.186364828589154,10.98836011217199,10.14426230830239,10.253723750286108,10.9724809042675,4.961105192537598,4.760791532485793,10.98836011217199,19.540869550806132,10.621635362918468,5.081113542642392,10.98836011217199,10.98836011217199,4.0933991653601,19.540869550806132,18.332132766803028,10.540730554578223,1.8627176573424713,2.7013311563251636,9.980541525128867,10.98836011217199,10.964660329471256,10.456720028997987,4.508967830555219,6.748460791596166,19.540869550806132,19.540869550806132,19.540869550806132,19.540869550806132,19.40758230001738,8.827544003204528,10.984833511686526,7.780208422192112,10.884066314371362,1.9697991772806775,19.540869550806132,11.789254001899383,5.209761826447511,10.60967977775406,10.520961958247208,10.301358231502682,5.0244822016627175,10.301358231502682,10.301358231502682,17.406321340650486,11.907225638071596,11.683114245856007,7.472037483408551,5.209761826447511,10.463004550394425,5.414160350551696,10.353029940861216,9.093206421425823,5.367797227700789,7.248400807509464,5.423435815266218,11.907225638071596,11.907225638071596,5.3653920389280065,5.209761826447511,8.731845233578152,8.700440509830822,5.209761826447511,10.301358231502682,7.588437330326862,11.907225638071596,7.905613068476472,9.729664664591205,10.27757919456971,11.907225638071596,11.907225638071596,11.907225638071596,10.301358231502682,9.601945434185778,10.301358231502682,12.896732096542738,11.907225638071596,9.02975140285689,10.301358231502682,10.301358231502682,11.907225638071596,10.061796694888582,12.025855397604845,11.907225638071596,11.285888044995794,12.413483814432658,15.367183034627704,14.448449656979191,11.907225638071596,14.03644805209544,18.31775779997439,18.31775779997439,18.31775779997439,18.31775779997439,16.69027544905003,15.407443633007103,12.065814342409421,18.31775779997439,16.488930706589702,17.67690331237156,18.31775779997439,18.31775779997439,18.31775779997439,13.838206980665028,18.31775779997439
2024-01-02 08:00:00,10.451990897580249,3.1139908292257292,1.9652084681145292,2.4478100098225597,5.311276188754764,1.9652084681145292,10.43058084419557,1.9652084681145292,10.181948303869685,1.9652084681145292,1.9630740190389204,6.52453023070103,4.829298774548517,8.45459549030617,2.8910830356956785,8.74666440988817,7.987320672783599,3.0012385101160666,1.9538599185362007,1.963496272122343,2.8910830356956785,17.574725222263034,5.435085165946522,2.7101611941135024,2.8910830356956785,2.8910830356956785,7.847691396237603,17.574725222263034,16.59343158888918,5.996329001231926,10.759260918181873,9.93592503291805,8.62402214726268,2.8910830356956785,3.24667069140078,10.867723718096185,4.932192106372707,10.373452718466055,17.574725222263034,17.574725222263034,17.574725222263034,17.574725222263034,17.46651809864449,6.870599834447571,2.9439955714378576,9.358941262789948,3.614578366503932,12.006570433253662,17.574725222263034,11.281700068091489,5.940244535298321,8.572740714908806,6.163581926099707,13.198746666917586,10.640293139824045,13.198746666917586,13.198746666917586,15.841826384007849,11.515785500881261,11.195532204060513,7.776836859195711,5.940244535298321,10.773431788975737,6.190678205004726,12.423472807697376,9.854156248349408,6.1655373915289,6.168092469010242,6.1137123470008685,11.515785500881261,11.515785500881261,6.066590435157472,5.940244535298321,10.961272889591378,10.916502794688217,5.940244535298321,13.198746666917586,8.867610857043246,11.515785500881261,9.783408924244743,12.38374904260863,13.164847634760509,11.515785500881261,11.515785500881261,11.515785500881261,13.198746666917586,12.201674456880243,13.198746666917586,15.951426506122651,11.515785500881261,11.385963378135473,13.198746666917586,13.198746666917586,11.515785500881261,12.857231396296173,11.704267837082133,11.515785500881261,14.050655708700258,12.320142891276042,17.01306422608675,17.597193885647364,11.515785500881261,17.16022080567604,21.701021338163727,21.701021338163727,21.701021338163727,21.701021338163727,19.115231087599057,18.61431262113652,11.76775574516288,21.701021338163727,18.795328833813834,20.682813500067773,21.701021338163727,21.701021338163727,21.701021338163727,14.583783582006035,21.701021338163727
2024-01-02 09:00:00,6.693899571260024,8.74811131320747,3.237486003281904,6.135757377535016,6.366831349366716,3.237486003281904,12.100013251228518,3.237486003281904,5.8640338018295495,3.237486003281904,3.8668612491528984,9.461579930994247,5.092504265757233,2.960299175346938,8.989684789413051,2.6437732115047603,3.466702294881826,8.870305199954144,6.583780961901194,6.393151573989165,8.989684789413051,17.368574300332387,6.232654950542694,7.470381650547951,8.989684789413051,8.989684789413051,9.735617945281748,17.368574300332387,16.497496223734547,5.624414107359389,12.408757156131601,11.36552634685283,3.0964026243472835,8.989684789413051,8.798414304341339,4.699052344537662,9.027799051226042,6.45254451113893,17.368574300332387,17.368574300332387,17.368574300332387,17.368574300332387,17.272520632082493,7.474299757266964,8.961223153539578,5.9913095014099245,8.20560595881669,12.31162002231724,17.368574300332387,11.78236028564394,7.040838835289512,5.933522960174065,6.140216942545039,3.445195853793451,8.460711617160502,3.445195853793451,3.445195853793451,15.830308754090053,2.748759999697405,11.705870502451743,8.671151368240997,7.040838835289512,4.749771942734775,6.875450383219654,3.862215412086119,10.551415763049128,6.9292355509482615,6.267939196605154,7.1948233335379825,2.748759999697405,2.748759999697405,7.152993994247324,7.040838835289512,4.553572862967066,4.5757506173577704,7.040838835289512,3.445195853793451,5.608717317672723,2.748759999697405,5.1370511375971155,3.8489210900260025,3.4619884116579915,2.748759999697405,2.748759999697405,2.748759999697405,3.445195853793451,3.9391153469693454,3.445195853793451,9.090251322294037,2.748759999697405,4.343194007005904,3.445195853793451,3.445195853793451,2.748759999697405,3.6143722160258704,3.084309401292761,2.748759999697405,7.104622827191087,4.1807331302093775,12.535399022888047,12.465307154558499,2.748759999697405,11.56918504128287,20.88122726000034,20.88122726000034,20.88122726000034,20.88122726000034,16.2778230964219,14.551162399368069,3.197335003555737,20.88122726000034,15.708310790970431,19.068542646367995,20.88122726000034,20.88122726000034,20.88122726000034,8.210624177356939,20.88122726000034
2024-01-02 10:00:00,11.053524632509365,9.220614182973385,3.302622785271175,9.369801596996462,9.086294514020809,3.302622785271175,14.063419113757686,3.302622785271175,10.635834099146798,3.302622785271175,4.742570363701713,12.298665311072849,7.977211492150488,8.89414395598536,9.234240497327166,8.876289834116545,8.922708383690352,9.227506712480652,10.958610773343127,10.512177466069414,9.234240497327166,19.34923665904364,9.078726092942663,12.117744680662383,9.234240497327166,9.234240497327166,13.601646040066964,19.34923665904364,18.51246024583808,9.044417355649951,14.181792914322028,13.735210264574137,9.00745564914774,9.234240497327166,9.371657623693881,12.31681949873201,13.246944255633075,10.93204507821841,19.34923665904364,19.34923665904364,19.34923665904364,19.34923665904364,19.256965430834907,10.073011937770634,9.25468858795632,10.390373835666477,9.190013354547801,13.922738322554235,19.34923665904364,13.982998830092148,9.42819092141307,11.42992153054154,9.59326481475799,13.217645131969283,11.792322558744853,13.217645131969283,13.217645131969283,17.87154555313303,0.6811295664201025,13.909521092394492,10.994304350711376,9.42819092141307,12.280380309318605,9.463364949713187,12.918039945534947,12.714088887495787,9.545809811257048,9.266693611829528,9.576111756060708,0.6811295664201025,0.6811295664201025,9.53592958934254,9.42819092141307,12.04952473016313,12.026151557356753,9.42819092141307,13.217645131969283,11.013906915376655,0.6811295664201025,11.434595991146626,12.792158423688615,13.199947426876406,0.6811295664201025,0.6811295664201025,0.6811295664201025,13.217645131969283,12.697102543975072,13.217645131969283,15.892530342953439,0.6811295664201025,12.271243361750496,13.217645131969283,13.217645131969283,0.6811295664201025,13.039349878105817,1.066015166630424,0.6811295664201025,14.383220699844726,2.323647285723887,11.906708919486116,17.491786007020096,0.6811295664201025,17.067162404752192,21.479633487436445,21.479633487436445,21.479633487436445,21.479633487436445,16.199385732304997,18.480159527480268,1.1956590478571238,21.479633487436445,15.546137404432288,19.40042785573862,21.479633487436445,21.479633487436445,21.479633487436445,6.946057658352179,21.479633487436445
2024-01-02 11:00:00,7.264931389873542,12.39946551424147,3.4491375463955682,11.133101069408804,8.59453535444397,3.4491375463955682,15.157158116021188,3.4491375463955682,6.29143153463012,3.4491375463955682,5.300861485202543,13.918068167584188,7.17512455100114,3.151405102618109,12.785463893003795,2.6456438294918825,3.9605617460167553,12.594713117247126,13.294479449871929,12.718223001251854,12.785463893003795,20.72134063935026,8.380141484604698,14.602790733619392,12.785463893003795,12.785463893003795,14.247291065982635,20.72134063935026,19.89646890351254,7.408263350243684,15.32062687455349,14.518148404952989,3.2684782201679012,12.785463893003795,12.449209791315273,5.2425188438170816,15.470347993073595,6.981802328831053,20.72134063935026,20.72134063935026,20.72134063935026,20.72134063935026,20.630382138394378,9.485656482943293,12.73542824950327,6.734919101094132,11.532622885017908,14.092284744858436,20.72134063935026,15.431447373922063,10.941439951692633,7.412721987109519,8.147813418737448,3.0382352723949326,9.610882384179282,3.0382352723949326,3.0382352723949326,19.26467239640229,6.06128073515916,15.35901499164696,12.485272548497328,10.941439951692633,5.331684053616067,10.532326441725456,3.7713569398998414,14.129718162304865,10.696136509840969,9.213740828143074,11.08725634149136,6.06128073515916,6.06128073515916,11.047645839704435,10.941439951692633,5.474442206844856,5.523188796308531,10.941439951692633,3.0382352723949326,7.693435862561866,6.06128073515916,6.756924437159636,3.9256212538630053,3.0751452277423885,6.06128073515916,6.06128073515916,6.06128073515916,3.0382352723949326,4.123867764205871,3.0382352723949326,9.100440913594907,6.06128073515916,5.012030569367501,3.0382352723949326,3.0382352723949326,6.06128073515916,3.4100840417256166,6.351843052294395,6.06128073515916,7.386323937356865,7.301269329681253,14.53582575900504,12.724901757228224,6.06128073515916,11.762559303621384,21.762729396617083,21.762729396617083,21.762729396617083,21.762729396617083,17.77650330257582,14.964894526541046,6.449715320082669,21.762729396617083,17.283345471501626,20.193071280499936,21.762729396617083,21.762729396617083,21.762729396617083,10.790873170113016,21.762729396617083
2024-01-02 12:00:00,7.2448131218238405,16.922141261437,4.464238467779636,4.44769439166447,14.098134275779806,4.464238467779636,4.1810652809216755,4.464238467779636,7.638761473938003,4.464238467779636,4.465261052046743,4.276661948071203,5.563190804223371,10.05826042542342,17.208628022638205,9.682886027366308,10.65881389617893,17.067053407432905,4.469675396861659,4.468977671719134,17.208628022638205,22.930722681678276,13.939011831823985,4.438344535160759,17.208628022638205,17.208628022638205,4.8951732112794115,22.930722681678276,21.842721006778405,13.217686991320459,4.098250062087045,4.458322126905519,9.827155794127833,17.208628022638205,16.989258481871275,12.287669785515945,4.382815763406446,7.359387588817909,22.930722681678276,22.930722681678276,22.930722681678276,22.930722681678276,22.81074887594971,11.97721828530269,17.17598516094055,8.728446998052126,16.278773436645423,4.506074330162109,22.930722681678276,15.953380044301607,10.031082814978737,13.703493308632424,13.772040588980703,10.84961245817102,6.6527893888006355,10.84961245817102,10.84961245817102,21.009384588439694,1.6021323917221484,15.857842096026213,12.06739025298626,10.031082814978737,12.345840469613979,9.915452937533512,11.327895288682965,13.35841576655902,10.056488729019993,11.002574745841738,10.223413900450767,1.6021323917221484,1.6021323917221484,10.17116784762168,10.031082814978737,10.597296129072094,10.592247477278338,10.031082814978737,10.84961245817102,10.670153071220415,1.6021323917221484,10.464470298921217,10.757706483283698,10.845789718686627,1.6021323917221484,1.6021323917221484,1.6021323917221484,10.84961245817102,10.737174224287532,10.84961245817102,13.617273530162672,1.6021323917221484,10.645187794287821,10.84961245817102,10.84961245817102,1.6021323917221484,10.811100328872506,1.931455828421726,1.6021323917221484,12.376640311073709,3.0075359190702424,11.207184826719379,15.271997862789618,1.6021323917221484,14.832646592903405,19.398160057438538,19.398160057438538,19.398160057438538,19.398160057438538,14.88016994194737,16.294652183031836,2.042384292592165,19.398160057438538,14.321224675520844,17.619108973527705,19.398160057438538,19.398160057438538,19.398160057438538,6.962654190364043,19.398160057438538
2024-01-02 13:00:00,12.563827911798477,14.13643655318302,5.317729938816434,13.44431932541126,12.596584462011304,5.317729938816434,16.854747043886217,5.317729938816434,12.073681278666466,5.317729938816434,7.290492249828391,15.916229300666641,10.574272124887198,10.393754147449062,14.292649778068517,10.189072978189822,10.721219172323316,14.21545309676145,15.806614938984646,15.191602590978489,14.292649778068517,22.506507669953894,12.509819440068306,17.108484580548545,14.292649778068517,14.292649778068517,16.923748266869865,22.506507669953894,21.612510870257903,12.11650116227907,16.896388324395375,16.578564781279145,10.468525349207628,14.292649778068517,14.207807999161336,12.389455518255733,17.81401719178794,12.421275496136223,22.506507669953894,22.506507669953894,22.506507669953894,22.506507669953894,22.40792675703521,13.196884887982563,14.28002506068356,12.187649099058074,13.785626057518696,16.04655207465775,22.506507669953894,16.773316139002247,11.907041672696531,12.937029196442234,12.565649926016318,11.833282854558204,13.535327006940673,11.833282854558204,11.833282854558204,20.927769193611592,8.204017341837575,16.694813851755693,13.580248961594695,11.907041672696531,12.411953191824592,11.86604833693925,12.018260067071527,15.363517226283912,11.90475231126779,11.84388337835035,12.065077619571223,8.204017341837575,8.204017341837575,12.022147718723184,11.907041672696531,11.856019421750513,11.85647436262235,11.907041672696531,11.833282854558204,11.974015336449844,8.204017341837575,11.86798853775218,11.84156462681156,11.833627326806418,8.204017341837575,8.204017341837575,8.204017341837575,11.833282854558204,11.843414816563225,11.833282854558204,14.55672733396066,8.204017341837575,11.851703838736057,11.833282854558204,11.833282854558204,8.204017341837575,11.836753234848857,8.426845866588225,8.204017341837575,13.42689359637807,9.154948735657618,14.703037532117943,16.185015527999816,8.204017341837575,15.752683403738295,20.245257500492905,20.245257500492905,20.245257500492905,20.245257500492905,17.18827169236986,17.191331760498798,8.501902856979417,20.245257500492905,16.81007525915396,19.041506766998857,20.245257500492905,20.245257500492905,20.245257500492905,11.831081289232023,20.245257500492905
2024-01-02 14:00:00,3.4341401818491955,16.824561459415868,5.084506765763479,12.01048093395859,11.430201392474535,5.084506765763479,7.567150426529754,5.084506765763479,3.21699924412136,5.084506765763479,6.878430624699732,10.407082838225122,7.069809874715959,3.7133174454713047,17.37180257892446,2.99628499005753,4.860482334637693,17.101369660509306,14.622534205971558,14.054805921152944,17.37180257892446,23.293806437398132,11.12624897245967,15.09105588768919,17.37180257892446,17.37180257892446,10.355489581656823,23.293806437398132,22.272474650056004,9.74838909652189,7.29951806864665,7.7652720291497745,3.5480435561415353,17.37180257892446,16.885355913872747,6.459696390717742,13.631496661092163,3.370987722727982,23.293806437398132,23.293806437398132,23.293806437398132,23.293806437398132,23.181184311655294,9.795283836980555,17.299417820516087,4.637978276395462,15.595613471667551,5.3221805002825775,23.293806437398132,16.744017047242842,11.184622651133731,9.599250900947196,10.701966669022687,3.2708389559321756,4.536803962573605,3.2708389559321756,3.2708389559321756,21.490202900632923,10.855202732517691,16.65433341373181,13.096150512917305,11.184622651133731,6.588688479520666,10.637421032886294,4.331419595526163,14.283510643694818,10.93899085273331,10.121434502661518,11.365168192393748,10.855202732517691,10.855202732517691,11.316123640580521,11.184622651133731,5.7103069310548955,5.759118771384026,11.184622651133731,3.2708389559321756,8.110573031458017,10.855202732517691,6.994505857376101,4.159412768260228,3.3077983179469865,10.855202732517691,10.855202732517691,10.855202732517691,3.2708389559321756,4.357924646016808,3.2708389559321756,9.734983492693376,10.855202732517691,5.247276321873592,3.2708389559321756,3.2708389559321756,10.855202732517691,3.643185471962357,11.084329945614117,10.855202732517691,7.8540885445680475,11.83301408030498,17.53793056425596,13.5997548560811,10.855202732517691,12.573606770358184,23.23681232610461,23.23681232610461,23.23681232610461,23.23681232610461,20.093414776466982,15.988264563460795,11.161508570078752,23.23681232610461,19.704527874115783,21.99903520068088,23.23681232610461,23.23681232610461,23.23681232610461,14.584792805956388,23.23681232610461
2024-01-02 15:00:00,14.410210558569137,20.614393603936453,6.720395903166062,12.689099700432722,16.14476886558587,6.720395903166062,21.702428950732592,6.720395903166062,13.299510921768224,6.720395903166062,8.068025352076589,17.8418643981534,11.01126524332937,9.750761983493696,21.06782318877044,9.156647767692958,10.701272610140201,20.84374959204851,13.885542070831729,13.473034042685523,21.06782318877044,28.507621241611524,15.892921892280235,15.418308064549649,21.06782318877044,21.06782318877044,18.708309118374824,28.507621241611524,27.031434171720313,14.751263472922234,22.10839659847389,20.72751570879914,9.878926653844173,21.06782318877044,20.723549590031244,13.34498256278155,17.73362264744561,14.087178825617269,28.507621241611524,28.507621241611524,28.507621241611524,28.507621241611524,28.344842281957398,17.109664725803007,21.01659421946819,13.842859078122796,19.596119654844912,21.93349604133626,28.507621241611524,19.04084998462429,11.005551146703363,15.566943997257955,15.661020726366896,11.088127898512939,16.451472227839105,11.088127898512939,11.088127898512939,25.900773738008876,16.198989536689773,18.91122529085619,13.768387619897801,11.005551146703363,13.436274319538372,11.03873294323338,11.838734161806622,17.072851096766215,11.008114203369335,12.03962397585437,11.266503558875046,16.198989536689773,16.198989536689773,11.195616767596668,11.005551146703363,11.062673154071131,11.062163824605038,11.005551146703363,11.088127898512939,11.453606740545403,16.198989536689773,11.04927311938516,11.07885603286799,11.087742244294718,16.198989536689773,16.198989536689773,16.198989536689773,11.088127898512939,11.076784651251797,11.088127898512939,14.322091477985499,16.198989536689773,11.067504668952916,11.088127898512939,11.088127898512939,16.198989536689773,11.084242631107914,16.28925848981351,16.198989536689773,12.962858501615093,16.584216614366152,18.831775216005873,16.255607933427672,16.198989536689773,15.742233655129724,21.07695632594913,21.07695632594913,21.07695632594913,21.07695632594913,19.83855604069756,17.45056162899476,16.319664453120104,21.07695632594913,19.685346768501674,20.589310865584334,21.07695632594913,21.07695632594913,21.07695632594913,17.668331335772855,21.07695632594913
2024-01-02 16:00:00,10.499313501347258,20.010090655549668,4.721823746026728,9.70978108237431,13.221297171475241,4.721823746026728,21.344693403394416,4.721823746026728,8.828936782596868,4.721823746026728,5.783426378328317,16.143823096910666,7.743805032774745,3.5096111129509953,20.698792725903683,2.607226918945382,4.9533162842944325,20.35845333223451,10.366207696354405,10.046474847810968,20.698792725903683,27.946392098554327,12.838773538855445,12.01477262775094,20.698792725903683,20.698792725903683,17.245254802039206,27.946392098554327,26.782321766011947,11.10473909702075,21.970780657491947,19.86110117175428,3.699538934764533,20.698792725903683,20.36850453805247,13.289676706658977,15.06940910477247,10.013507376754898,27.946392098554327,27.946392098554327,27.946392098554327,27.946392098554327,27.818030211663224,14.645395990532668,20.649644828712926,9.665545501259016,18.463461585936454,21.804451454744502,27.946392098554327,20.481222005961698,14.144861810755966,15.421375501908308,13.304641170879528,11.124502147718943,14.301993798929091,11.124502147718943,11.124502147718943,25.890721850318343,17.07536444895528,20.379004432418355,16.323539593341266,14.144861810755966,13.377259922494844,13.618067901603297,11.844616566602541,18.942720859317223,14.051114444840756,12.328598596728895,14.350639904474683,17.07536444895528,17.07536444895528,14.294741019855428,14.144861810755966,12.055544864466285,12.074174298790865,14.144861810755966,11.124502147718943,13.14384272357583,17.07536444895528,12.545669788998637,11.463633542226729,11.138607987668651,17.07536444895528,17.07536444895528,17.07536444895528,11.124502147718943,11.539397208672813,11.124502147718943,13.606666526424037,17.07536444895528,11.87882548109842,11.124502147718943,11.124502147718943,17.07536444895528,11.266611212232776,17.107117281016166,17.07536444895528,12.882513117112099,17.210871179447615,18.00146803866939,15.09069859833792,17.07536444895528,14.69666838889987,18.79122859601824,18.79122859601824,18.79122859601824,18.79122859601824,18.35561131099397,16.007861523785085,17.11781282375942,18.79122859601824,18.301718714238827,18.619695373660036,18.79122859601824,18.79122859601824,18.79122859601824,17.59221727345154,18.79122859601824
2024-01-02 17:00:00,13.55807175711029,21.10816615675737,3.7639007557167106,9.44865888680778,16.500738769441828,3.7639007557167106,19.136200594534024,3.7639007557167106,12.632870808830344,3.7639007557167106,5.030967038480478,14.898341814832087,8.730260560978898,9.909598763780611,21.575575393478704,9.297167459293968,10.88941450884061,21.344593401309957,10.500704502074994,10.114187131878841,21.575575393478704,30.566172250852297,16.2411271218991,12.054204904312767,21.575575393478704,21.575575393478704,16.124836087814845,30.566172250852297,29.028875862679683,15.064270321556048,19.53796541817574,18.252864123281114,9.979127591233564,21.575575393478704,21.235918089282062,13.956288763977913,14.576543704789186,13.288989769731234,30.566172250852297,30.566172250852297,30.566172250852297,30.566172250852297,30.396654774476335,16.94777628468509,21.52503334298834,13.342656870470421,20.0584978835847,19.75173434568835,30.566172250852297,20.707507615552828,12.339573677252028,16.148456370285945,16.074398263354816,11.72969580408675,15.393650461542949,11.72969580408675,11.72969580408675,27.85140978372102,12.952440876415107,20.572516883272286,15.21678254730831,12.339573677252028,14.046356408168336,12.260796499261208,12.470237340925832,18.340647383585207,12.320643996512707,12.964580799543434,12.611328666100444,12.952440876415107,12.952440876415107,12.537507393428394,12.339573677252028,11.917694061004584,11.921455758633904,12.339573677252028,11.72969580408675,12.462471721939895,12.952440876415107,12.016661197341756,11.79817398439658,11.732544087280642,12.952440876415107,12.952440876415107,12.952440876415107,11.72969580408675,11.813472355753083,11.72969580408675,14.14828513812537,12.952440876415107,11.88201048232538,11.72969580408675,11.72969580408675,12.952440876415107,11.758390788688702,13.068055789688547,12.952440876415107,13.201252795721146,13.445833052073596,16.32446722044988,15.59430707418047,12.952440876415107,15.210369060239172,19.200056338598117,19.200056338598117,19.200056338598117,19.200056338598117,17.613934680790706,16.487978938982344,13.106999221389461,19.200056338598117,17.41770689588072,18.57548847049645,19.200056338598117,19.200056338598117,19.200056338598117,14.834348429249651,19.200056338598117
2024-01-02 18:00:00,14.11331331004686,18.99618466386349,4.038154469759613,9.942897530187281,16.732898014342666,4.038154469759613,15.396074949938551,4.038154469759613,13.882273215933463,4.038154469759613,5.426535392624858,13.22212908270219,9.50772597464587,13.4951607857529,19.225788083821122,13.194318802000915,13.976471440998331,19.112323797743716,11.419970188294352,10.99052546288663,19.225788083821122,26.08386501029025,16.605370106347593,12.62215316003441,19.225788083821122,19.225788083821122,14.405902205737798,26.08386501029025,24.25730324590886,16.027267824812537,15.510527510294672,15.159666796882698,13.465674076368627,19.225788083821122,18.997588294618108,14.106747270487661,13.979015797117448,14.046118472207734,26.08386501029025,26.08386501029025,26.08386501029025,26.08386501029025,25.882450277825534,16.395667332170586,19.19183125402449,14.383144588634728,18.480560653024448,15.633511334003236,26.08386501029025,14.370144735371445,4.427658500340109,15.579561720453245,16.13491520651216,12.61080404238645,13.787394068554985,12.61080404238645,12.61080404238645,22.858279261185576,15.010311094867117,14.2097534718347,7.846257379916532,4.427658500340109,14.167259490199466,5.025180213488162,13.108339118225475,11.64249072711249,4.681650880405288,8.71587901796686,4.750548266899993,15.010311094867117,15.010311094867117,4.662836414391821,4.427658500340109,10.088303775201442,10.037830523850054,4.427658500340109,12.61080404238645,8.477002502850842,15.010311094867117,8.76039450654175,11.691985799282293,12.572586692739685,15.010311094867117,15.010311094867117,15.010311094867117,12.61080404238645,11.486717162929246,12.61080404238645,15.013412952870286,15.010311094867117,10.567094580116974,12.61080404238645,12.61080404238645,15.010311094867117,12.225783949583514,15.10323608915568,15.010311094867117,13.163171667377268,15.406872955331007,17.720562911769186,16.44988054140452,15.010311094867117,16.06847933352418,20.031805422051516,20.031805422051516,20.031805422051516,20.031805422051516,18.756966892837486,17.337647619181357,15.134536706575387,20.031805422051516,18.59924964619741,19.529811657294694,20.031805422051516,20.031805422051516,20.031805422051516,16.522886277838154,20.031805422051516
2024-01-02 19:00:00,7.2733657098092435,20.26380752581901,3.134484537900295,9.072123124468341,13.739689505975715,3.134484537900295,13.856491392394439,3.134484537900295,6.400909727396225,3.134484537900295,4.539502636717243,12.076333083513823,6.350896447907248,4.406634057152123,20.925659090171408,3.539431218423196,5.79405333066488,20.598588547178995,10.604757656655465,10.169475620964972,20.925659090171408,25.55253542438487,13.372079365757854,11.76296506908425,20.925659090171408,20.925659090171408,13.432870469922788,25.55253542438487,24.599078787556632,11.705649922066348,14.06578627920607,13.213464782693032,4.380441085276527,20.925659090171408,20.67278260193094,15.253063736089931,12.899355557792248,7.019623871255263,25.55253542438487,25.55253542438487,25.55253542438487,25.55253542438487,25.447397882819992,13.28210706851185,20.888030291736747,7.704074301291877,18.77747705977262,13.32203683783226,25.55253542438487,19.438028619380468,14.24809763964456,16.885143008546123,14.037354684480386,13.595354623165187,9.683459256369744,13.595354623165187,13.595354623165187,23.86879485775584,13.972749292331612,19.354305135351353,16.032590151174624,14.24809763964456,15.320119528164934,13.639354797136022,14.14669134084593,17.572950818938025,14.22783749011225,12.649750357452309,14.416644576788352,13.972749292331612,13.972749292331612,14.370859402953434,14.24809763964456,13.796566299654646,13.800592387443176,14.24809763964456,13.595354623165187,14.247875538400493,13.972749292331612,13.902489321209398,13.668645778567285,13.598403097368914,13.972749292331612,13.972749292331612,13.972749292331612,13.595354623165187,13.685019392869172,13.595354623165187,15.107232080909561,13.972749292331612,13.758374707844705,13.595354623165187,13.595354623165187,13.972749292331612,13.626066428972628,14.05218171951677,13.972749292331612,14.54333005776564,14.311730976935124,16.289476688956412,16.011150715527457,13.972749292331612,15.771148322281256,18.265130320261935,18.265130320261935,18.265130320261935,18.265130320261935,17.175396396467747,16.569791377668388,14.07893753514072,18.265130320261935,17.04057945291564,17.836025282680488,18.265130320261935,18.265130320261935,18.265130320261935,15.2657008712182,18.265130320261935
2024-01-02 20:00:00,5.064134263100482,17.820909219815178,2.7354824796809045,11.367926635430837,11.412765318687423,2.7354824796809045,12.89463970652359,2.7354824796809045,4.206664645279576,2.7354824796809045,4.862075983127546,12.971330189088434,6.384716973203748,2.2456162617023128,18.470995569059138,1.3938290063002516,3.6083724731666504,18.149739102063815,14.042265144397707,13.376961833202255,18.470995569059138,22.24357046012356,11.051689895026342,15.24853218660137,18.470995569059138,18.470995569059138,14.498461352664915,22.24357046012356,20.67636953290586,9.414883257903623,12.925972947327594,12.457988141006208,2.220037749026312,18.470995569059138,18.34530111927536,15.65138289237849,15.391161594565844,4.814751002837553,22.24357046012356,22.24357046012356,22.24357046012356,22.24357046012356,22.070755414046587,10.964619303274281,18.452291848724446,5.486307898101543,16.361000082352284,11.205458160500543,22.24357046012356,12.193128348608731,3.66241564551679,16.46262203755287,11.989957057722004,14.827404212903565,6.742560444734293,14.827404212903565,14.827404212903565,19.47599857977759,15.126920572257314,12.055511684429003,6.59559394713971,3.66241564551679,15.68471355490204,3.6073280571847564,15.101450906040878,9.739436570111339,4.008959893698636,5.293265967210423,3.939456997969023,15.126920572257314,15.126920572257314,3.8641997034940423,3.66241564551679,11.38573419742589,11.316869080533912,3.66241564551679,14.827404212903565,8.966224966370184,15.126920572257314,9.573950241374577,13.573779292381989,14.775260905701034,15.126920572257314,15.126920572257314,15.126920572257314,14.827404212903565,13.293713153224488,14.827404212903565,13.872691358632853,15.126920572257314,12.038990800963587,14.827404212903565,14.827404212903565,15.126920572257314,14.302087277958275,15.066808163267543,15.126920572257314,13.116104868210837,14.87038798994772,13.373681124354189,13.301889316930314,15.126920572257314,13.453444834022108,11.87855749140357,11.87855749140357,11.87855749140357,11.87855749140357,12.703239974848834,12.949121691265756,15.04656005316142,11.87855749140357,12.805265955128451,12.203293099174168,11.87855749140357,11.87855749140357,11.87855749140357,14.148448216970655,11.87855749140357
2024-01-02 21:00:00,8.642405110253469,14.857285342349213,2.060636451848774,9.58828357470023,12.26674591978275,2.060636451848774,10.728772506017831,2.060636451848774,8.4970924252798,2.060636451848774,3.919628587830836,10.836112953683553,7.0319136604753485,8.560858319399184,15.120087542451556,8.216517040738074,9.111762566184966,14.9902172468798,11.944622283132603,11.362699636678743,15.120087542451556,23.628945889026443,12.120778517373244,12.970529318015402,15.120087542451556,15.120087542451556,12.594224281609154,23.628945889026443,22.929473420709744,11.459087365300551,10.636757750534764,10.76380003081002,8.493176243205687,15.120087542451556,15.1856445733873,16.59068099975968,13.070372523593136,8.600142911823177,23.628945889026443,23.628945889026443,23.628945889026443,23.628945889026443,23.55181514928376,11.583868117261545,15.129842630084338,9.151538291117582,14.267106308870103,9.804982577586914,23.628945889026443,19.143236731173936,15.33581257304398,16.167572184470156,13.010210355726102,17.020434229704623,9.50628144183637,17.020434229704623,17.020434229704623,22.393724354397673,15.179306342752366,19.081815718651825,16.644947496982272,15.33581257304398,16.573297103510296,14.870494623910801,16.877502798995103,17.351919344720677,15.388100664693585,13.588721210619195,15.459461554651966,15.179306342752366,15.179306342752366,15.425872750171925,15.33581257304398,16.50114020551824,16.49074953949968,15.33581257304398,17.020434229704623,16.03543129682055,15.179306342752366,16.22777042362076,16.83128189177846,17.012566622493644,15.179306342752366,15.179306342752366,15.179306342752366,17.020434229704623,16.789024304099396,17.020434229704623,12.71656457457765,15.179306342752366,16.59970638093652,17.020434229704623,17.020434229704623,15.179306342752366,16.941172143596948,14.967375537760036,15.179306342752366,14.339785589216799,14.274881489559636,8.99812921505388,10.143374556889372,15.179306342752366,10.82659065496602,3.726958745938088,3.726958745938088,3.726958745938088,3.726958745938088,6.634438674240002,8.55308919242902,14.895989307421228,3.726958745938088,6.99413891740395,4.871838479109479,3.726958745938088,3.726958745938088,3.726958745938088,11.729628690440414,3.726958745938088
2024-01-02 22:00:00,10.451907445697977,18.645263023790744,3.863609336859553,10.51465171803017,15.962636666054141,3.863609336859553,10.185384815332213,3.863609336859553,10.635916428179344,3.863609336859553,5.5273618711952315,10.917336347779976,8.658685220762138,12.125014405224357,18.917407158222506,11.76843269017836,12.695501864377722,18.782920311601703,12.70953512527025,12.187158227613649,18.917407158222506,26.627272464475634,15.811480502336646,13.49506083460597,18.917407158222506,18.917407158222506,12.39302315367205,26.627272464475634,26.08180485791458,15.126267951711675,9.997449166989847,10.482085933331733,11.959657477973217,18.917407158222506,18.839127991615843,17.16142723338242,13.221795081316667,10.505423930731562,26.627272464475634,26.627272464475634,26.627272464475634,26.627272464475634,26.56712382116881,14.421929466523803,18.90575897771205,11.541474734030897,18.03410466148099,9.357167247005398,26.627272464475634,23.12919477179515,20.160062122877854,17.666645437624442,16.24249354353461,16.648275185365122,10.878194738987615,16.648275185365122,16.648275185365122,25.6640132018372,16.209389421974972,23.081296999959157,21.180961051672845,20.160062122877854,17.182184685197356,19.552980632409657,16.818944190933802,21.211914946271452,20.05106160248413,17.95540590550447,20.256486953169933,16.209389421974972,16.209389421974972,20.23029349221633,20.160062122877854,17.73080310114719,17.752463635458696,20.160062122877854,16.648275185365122,18.632109794467695,16.209389421974972,18.30067374562249,17.04258491473536,16.664676114394954,16.209389421974972,16.209389421974972,16.209389421974972,16.648275185365122,17.13067569988904,16.648275185365122,14.290517422236675,16.209389421974972,17.525330610664863,16.648275185365122,16.648275185365122,16.209389421974972,16.813506089011884,16.08274586896264,16.209389421974972,15.638644093274955,15.668931998406325,12.51570160118542,12.880865358777477,16.209389421974972,13.25514668888598,9.365806725040999,9.365806725040999,9.365806725040999,9.365806725040999,11.103230354633308,12.009670837544856,16.040087578457914,9.365806725040999,11.318176533955047,10.049952841439143,9.365806725040999,9.365806725040999,9.365806725040999,14.147964540151701,9.365806725040999
2024-01-02 23:00:00,8.102261703850695,16.487949863160964,3.734215619819561,10.042957882183032,14.557856697096307,3.734215619819561,5.581520425707495,3.734215619819561,8.708675676719485,3.734215619819561,5.376790272765179,8.3016807199021,7.863367329059553,11.796768303923807,16.683751836304364,11.54021526985365,12.207222015847563,16.586991382564765,12.467541749767806,11.947110698041131,16.683751836304364,21.815533087626964,14.449103020775226,12.845799501433794,16.683751836304364,16.683751836304364,10.149051044090545,21.815533087626964,21.631790745693298,13.956107021742831,5.172667724890822,6.323509605865587,11.542785714650769,16.683751836304364,16.84988747114798,20.410552366154707,11.438676910113356,8.278628878243806,21.815533087626964,21.815533087626964,21.815533087626964,21.815533087626964,21.79527184305003,12.26806579010681,16.708473329234934,9.68310478574522,16.048234292978993,4.225232469100626,21.815533087626964,20.637195492895586,19.637034567000686,19.338303506914087,15.56677783049854,21.49963960308244,7.796706313525384,21.49963960308244,21.49963960308244,21.491056417193057,15.905648654782738,20.621060989829427,19.980927325797115,19.637034567000686,20.36649782923893,18.982346587466864,21.137420575754824,19.035085897493655,19.69484699179565,17.251880573627975,19.669515550152234,15.905648654782738,15.905648654782738,19.66069220702228,19.637034567000686,20.92548120921848,20.913992750205807,19.637034567000686,21.49963960308244,20.299055022099594,15.905648654782738,20.62322940658872,21.290502972424196,21.49094076868532,15.905648654782738,15.905648654782738,15.905648654782738,21.49963960308244,21.243780792810462,21.49963960308244,19.684623453244285,15.905648654782738,21.03446108253041,21.49963960308244,21.49963960308244,15.905648654782738,21.412003331655683,15.905424790588304,15.905648654782738,20.249939590221963,15.904693303618979,15.899119428234519,18.599464790703706,15.905648654782738,18.887588816569902,15.893551448955469,15.893551448955469,15.893551448955469,15.893551448955469,15.896622643121905,17.928813992553167,15.905349384745584,15.893551448955469,15.897002597348834,15.89476079452087,15.893551448955469,15.893551448955469,15.893551448955469,15.902004732849269,15.893551448955469
2024-01-03 00:00:00,12.147547701242853,16.131903801684597,1.1354772730402045,10.464567026475306,15.425962215782144,1.1354772730402045,10.525545579172288,1.1354772730402045,12.543911892231144,1.1354772730402045,3.461549235608176,11.279504433091349,8.51223789954286,14.41607981561424,16.20351938888732,14.322244212792615,14.566205389565571,16.168128751084662,13.502857357960714,12.773082697097902,16.20351938888732,25.197917080572562,15.38618499461755,14.647888386712605,16.20351938888732,16.20351938888732,13.390952157113572,25.197917080572562,24.53864066530111,15.205869151051253,10.255029710288017,11.014200586221742,14.273464569060662,16.20351938888732,16.312518855905708,18.64862559274248,14.41858878819711,12.262824781789845,25.197917080572562,25.197917080572562,25.197917080572562,25.197917080572562,25.125218754465223,14.15343627802802,16.219738844489772,13.019226045226166,15.971075551308905,9.614885651023338,25.197917080572562,20.96998476372784,17.38135895772496,17.945136818173925,15.964115702259102,19.363161811738458,11.755083397014763,19.363161811738458,19.363161811738458,24.03367908364908,18.58018290962078,20.912093385879373,18.615262819356186,17.38135895772496,18.619721974033094,17.10512207949356,19.125514536608144,19.034057629461245,17.442871101328482,16.471085269719975,17.497902297225735,18.58018290962078,18.58018290962078,17.466243715060028,17.38135895772496,18.752260025491243,18.740036360023534,17.38135895772496,19.363161811738458,18.166438703287337,18.58018290962078,18.43066555243942,19.140641436517548,19.35390629352561,18.58018290962078,18.58018290962078,18.58018290962078,19.363161811738458,19.09092926076878,19.363161811738458,18.47841153155192,18.58018290962078,18.868214089705493,19.363161811738458,19.363161811738458,18.58018290962078,19.269917237894717,18.544101497669683,18.58018290962078,18.642861112685658,18.42620375728359,17.527831892055143,17.949438590558948,18.58018290962078,18.08988792630526,16.630410334261768,16.630410334261768,16.630410334261768,16.630410334261768,17.125411431607677,17.622522225862184,18.53194792714659,16.630410334261768,17.18665072455982,16.825327148212025,16.630410334261768,16.630410334261768,16.630410334261768,17.992872157528545,16.630410334261768
2024-01-03 01:00:00,12.181955496720382,14.982266647627121,4.363380293553638,4.430118527815299,14.980641299462842,4.363380293553638,7.181115088013512,4.363380293553638,12.714061129368108,4.363380293553638,4.33953607631676,5.76970222312985,7.225705121731558,14.978316163023756,14.982431534163794,14.978100117492742,14.978661809647932,14.982350051348028,4.236604122333928,4.2470491625982705,14.982431534163794,26.935144297782863,14.980549717050511,4.475233504694979,14.982431534163794,14.982431534163794,7.062142893553193,26.935144297782863,26.219852577679838,14.98013456085178,7.179818889962093,7.431751124624469,14.826692930503757,14.982431534163794,15.045435555811693,16.39575518071993,5.274150896954207,12.336711111048952,26.935144297782863,26.935144297782863,26.935144297782863,26.935144297782863,26.85626917116618,13.6539579253586,14.991806726170209,13.076997746798714,14.98189635933878,8.355251065303024,26.935144297782863,22.347986454210016,18.45445368688813,15.989123632929937,15.259104768310182,16.808772387512658,11.592073309032248,16.808772387512658,16.808772387512658,25.671987023931635,15.478920286520538,22.285176345610402,19.79319597340624,18.45445368688813,16.379048271331452,18.13320150667192,16.671407183108965,20.140099022869684,18.40337424464805,17.106310235510747,18.580899110760505,15.478920286520538,15.478920286520538,18.546550662721444,18.45445368688813,17.316062829317257,17.3262133130696,18.45445368688813,16.808772387512658,17.61973025197797,15.478920286520538,17.583113615530465,16.993552432353876,16.816458133452553,15.478920286520538,15.478920286520538,15.478920286520538,16.808772387512658,17.03483322767382,16.808772387512658,17.550335360771513,15.478920286520538,17.21977503021679,16.808772387512658,16.808772387512658,15.478920286520538,16.886202315081945,15.545916242180542,15.478920286520538,17.410907845991638,15.764828733688,17.43292536279494,17.993699726605364,15.478920286520538,17.875980603661084,19.09925746132114,19.09925746132114,19.09925746132114,19.09925746132114,18.18013956165609,18.267708197515823,15.56848298854234,19.09925746132114,18.066430459561296,18.737335975474068,19.09925746132114,19.09925746132114,19.09925746132114,16.56943872740491,19.09925746132114
2024-01-03 02:00:00,13.684820957875822,12.916631838416933,1.184421476786424,9.45971762289682,14.111884464133734,1.184421476786424,10.930984664203978,1.184421476786424,14.151394135197686,1.184421476786424,3.226453389708433,10.88406491436897,8.685911540100395,15.821749153466081,12.795377161888872,15.980625260070406,15.567566668631747,12.85529820012228,12.041602690029222,11.402500862433604,12.795377161888872,24.384054183312625,14.179232569118822,13.17848821196111,12.795377161888872,12.795377161888872,12.699901315084999,24.384054183312625,23.623514635591764,14.484531179917393,10.720792182469534,11.384942675303012,15.739183402205363,12.795377161888872,12.920206035173242,15.595572987033325,13.379910563021776,13.820517357717316,24.384054183312625,24.384054183312625,24.384054183312625,24.384054183312625,24.3001895845237,13.431321366057892,12.813952081780899,14.121591487425981,13.188935372292534,10.57144319649865,24.384054183312625,19.506722524597762,15.366893184103184,14.789920321935615,14.352959737111654,16.413877457486326,12.848402174129685,16.413877457486326,16.413877457486326,23.04099227618366,14.91875161342879,19.439939182579252,16.79032145048466,15.366893184103184,15.562471851256902,15.336383973031507,16.14171794693924,17.595034089381546,15.3993899820791,15.136653294255874,15.501337275626318,14.91875161342879,14.91875161342879,15.464816018071735,15.366893184103184,16.091138714080447,16.0846809650254,15.366893184103184,16.413877457486326,15.701580126802684,14.91875161342879,15.921240706813823,16.29632018740177,16.40898777736944,14.91875161342879,14.91875161342879,14.91875161342879,16.413877457486326,16.270057299496845,16.413877457486326,16.524683534503254,14.91875161342879,16.15239711898249,16.413877457486326,16.413877457486326,14.91875161342879,16.364616451430653,14.952753067148773,14.91875161342879,16.370064884467293,15.06385444446908,15.910438537139882,16.59093207689103,14.91875161342879,16.573342209713594,16.756127104039198,16.756127104039198,16.756127104039198,16.756127104039198,16.28966096558653,16.631875064642383,14.964206029860808,16.756127104039198,16.231951888458983,16.572446514217525,16.756127104039198,16.756127104039198,16.756127104039198,15.472206100841273,16.756127104039198
2024-01-03 03:00:00,13.564513323182535,4.33938877196199,0.27874882132278755,11.406151882532692,8.737586812496305,0.27874882132278755,11.432800772666175,0.27874882132278755,14.063666633668753,0.27874882132278755,3.05397899789047,12.352643846276415,9.139840273113865,15.02941446833629,3.8932052043739223,15.614034460562452,14.094093446919524,4.113698000017782,15.034236600325945,14.163487670113922,3.8932052043739223,21.208198863327144,8.98540915315126,16.39557649507448,3.8932052043739223,3.8932052043739223,14.411099681234887,21.208198863327144,20.643934783040425,10.1088233359788,11.103548748279778,12.035389387339452,15.07242367004918,3.8932052043739223,4.357528132041486,14.309025594033335,16.110373643525868,13.709685207238824,21.208198863327144,21.208198863327144,21.208198863327144,21.208198863327144,21.145977535263327,9.267874990057654,3.96229788268247,13.124514241137794,5.341390226176749,10.355698521933538,21.208198863327144,17.58957959375022,14.518132484446845,11.312258946231022,9.661879726149616,17.352852854883604,12.598969210495522,17.352852854883604,17.352852854883604,20.21174628690912,5.404988196511461,17.54003129455201,15.574210953989697,14.518132484446845,14.185900103364055,14.541144660288905,16.34050773468124,16.099183045631946,14.606117889326548,13.219893391849965,14.61788005428805,5.404988196511461,5.404988196511461,14.590783982996678,14.518132484446845,16.47903448576373,16.46155006574055,14.518132484446845,17.352852854883604,15.273855531178164,5.404988196511461,16.01903393528836,17.03456537275666,17.33961399716182,5.404988196511461,5.404988196511461,5.404988196511461,17.352852854883604,16.963458341616622,17.352852854883604,15.97946459230969,5.404988196511461,16.64489222847381,17.352852854883604,17.352852854883604,5.404988196511461,17.219478189299565,5.547588283275279,5.404988196511461,16.25973925262855,6.013540891535221,9.564064526845979,15.158345634058806,5.404988196511461,15.37636361440871,13.110832380013893,13.110832380013893,13.110832380013893,13.110832380013893,11.154500972435269,14.650876907376727,5.5956213317998875,13.110832380013893,10.912472514675187,12.340486845346163,13.110832380013893,13.110832380013893,13.110832380013893,7.7261435969483925,13.110832380013893
2024-01-03 04:00:00,11.67289642988964,1.360301925027,4.727378003026664,13.1249301714183,6.096306732158569,4.727378003026664,10.191257397544303,4.727378003026664,12.138272272836879,4.727378003026664,6.86704988878564,12.347471251375493,10.437090507972098,12.871382740350661,0.8798489073399001,13.500904891925257,11.864223714582268,1.1172768108774893,16.103696489315375,15.429044211920905,0.8798489073399001,26.662632481042802,6.363163246085322,16.873327238121792,0.8798489073399001,0.8798489073399001,12.559434327457563,26.662632481042802,25.49204270231015,7.572862063927697,9.819455876220793,10.82569307194122,12.93823523782567,0.8798489073399001,1.0125182095426855,3.8559234033962686,15.830265129415428,11.808244601474689,26.662632481042802,26.662632481042802,26.662632481042802,26.662632481042802,26.53355169565298,6.847038171067981,0.8995905071453687,11.077863539332208,2.4392628222351243,8.757755954319876,26.662632481042802,19.15565325255924,12.783805889456547,2.9996681630494804,5.824231835841284,4.725625101633195,10.791234841017285,4.725625101633195,4.725625101633195,24.595449327449078,15.352395501659222,19.052863203322822,14.974685488523573,12.783805889456547,3.820743204536556,12.790667379578469,4.436371410543012,16.47994817598965,12.533692225123147,11.206226469214098,12.99073645581513,15.352395501659222,15.352395501659222,12.934524506117087,12.783805889456547,7.20960428614938,7.259306760857779,12.783805889456547,4.725625101633195,8.905900485635986,15.352395501659222,8.517235062322793,5.630412078235353,4.7632588344200215,15.352395501659222,15.352395501659222,15.352395501659222,4.725625101633195,5.832546058781565,4.725625101633195,8.01020737448341,15.352395501659222,6.738125092026182,4.725625101633195,4.725625101633195,15.352395501659222,5.10476555548546,15.343483377067907,15.352395501659222,7.472221339478463,15.314362583436555,15.09246433834845,9.973987645269679,15.352395501659222,9.452577922371772,14.870800819613976,14.870800819613976,14.870800819613976,14.870800819613976,14.993066307959177,11.187645013042708,15.340481439813399,14.870800819613976,15.008192440201821,14.918945358226313,14.870800819613976,14.870800819613976,14.870800819613976,15.20732948806862,14.870800819613976
2024-01-03 05:00:00,3.1985826207502166,11.971180255405503,3.895551697314226,14.798285651241851,8.879030611374723,3.895551697314226,6.640473706943662,3.895551697314226,3.2828791733557536,3.895551697314226,6.738417678703245,11.651395118347025,7.850170864354706,4.455566168208112,12.284869258714279,4.044549546356359,5.113142870478889,12.129851973617521,19.010649032270887,18.109626447532033,12.284869258714279,24.931116924697662,8.704799311333945,19.640574009533406,12.284869258714279,12.284869258714279,13.242531680610599,24.931116924697662,23.965669146746585,7.914983861116681,6.097591270438616,7.288099709230214,4.301367157088401,12.284869258714279,12.49492264063522,16.996844842860966,17.035944059947948,3.2230991151901223,24.931116924697662,24.931116924697662,24.931116924697662,24.931116924697662,24.82465712153271,7.421612251202479,12.316125847350964,4.239620115755824,11.26672392774271,3.2408236798689765,24.931116924697662,18.739711065071063,13.484508952499143,15.641148340082527,10.240174195197818,18.37383092738729,3.8819786020674116,18.37383092738729,18.37383092738729,23.226200805905233,20.23208015885749,18.654934633195648,15.291444122365071,13.484508952499143,16.9411445442656,12.822286566057176,17.915859753665888,16.013160242868146,13.636266063371238,11.033586022379247,13.655175619089505,20.23208015885749,20.23208015885749,13.60881462831695,13.484508952499143,16.866670151052777,16.836513046341828,13.484508952499143,18.37383092738729,15.491471800489862,20.23208015885749,16.073261805257683,17.82484909590762,18.350996562962287,20.23208015885749,20.23208015885749,20.23208015885749,18.37383092738729,17.702203781911983,18.37383092738729,17.339044269572945,20.23208015885749,17.152741368021807,18.37383092738729,18.37383092738729,20.23208015885749,18.143786479217283,20.138545822958545,20.23208015885749,17.26529375278625,19.83291790390854,17.504056275147157,16.720367843080112,20.23208015885749,16.884634644666797,15.177658141300002,15.177658141300002,15.177658141300002,15.177658141300002,16.46085623155912,16.33801284417798,20.107039956469187,15.177658141300002,16.61960768521517,15.682943654324992,15.177658141300002,15.177658141300002,15.177658141300002,18.70958649265303,15.177658141300002
2024-01-03 06:00:00,10.672854114376287,17.61053001729591,5.341815030727052,5.799014385666327,15.515749770139037,5.341815030727052,8.129846086220933,5.341815030727052,10.919260666562858,5.341815030727052,5.4209415371900604,6.987722507999872,7.395238571411797,12.519068817962598,17.823038984690182,12.240625146140218,12.964544893018191,17.718022350900984,5.76251894529536,5.740247145789592,17.823038984690182,26.8022780931755,15.397716580359086,6.017112173236181,17.823038984690182,17.823038984690182,8.25868730104997,26.8022780931755,25.479223178653267,14.862655217074703,8.158369004698006,8.213285715760795,12.360689999177367,17.823038984690182,17.81282422286663,17.59389862108219,6.672679410384205,10.74451807547452,26.8022780931755,26.8022780931755,26.8022780931755,26.8022780931755,26.65638499673544,14.056677781444922,17.821518996745116,11.696354590668914,17.133295287398084,8.863928248976908,26.8022780931755,18.317541645011225,11.115783931505751,17.659825276269856,15.77968974446597,17.52693666712957,10.193888112810095,17.52693666712957,17.52693666712957,24.465851720530413,4.399680472525102,18.201363559163365,13.592017769640211,11.115783931505751,17.596607291032893,11.128974349462275,17.54920751284905,15.52653064749654,11.314776352441635,12.373047940109828,11.349666464703674,4.399680472525102,4.399680472525102,11.286133109420675,11.115783931505751,15.550663068489548,15.51111938424067,11.115783931505751,17.52693666712957,14.087554948029986,4.399680472525102,14.510301621087152,16.807080951188677,17.49699496995735,4.399680472525102,4.399680472525102,4.399680472525102,17.52693666712957,16.64626154834038,17.52693666712957,16.65292693706368,4.399680472525102,15.92577566583413,17.52693666712957,17.52693666712957,4.399680472525102,17.225289506076336,4.592649333922848,4.399680472525102,16.354550985343913,5.223184323920098,10.027813260832803,16.13037553728119,4.399680472525102,16.2691198686169,14.827359809507112,14.827359809507112,14.827359809507112,14.827359809507112,12.180018894053456,15.80742781964667,4.657648471676587,14.827359809507112,11.852501870889446,13.784915137268754,14.827359809507112,14.827359809507112,14.827359809507112,7.540707416578773,14.827359809507112
2024-01-03 07:00:00,5.85864670526312,4.493651152735966,7.149782200022027,14.334652222044593,3.843025214712716,7.149782200022027,12.339165225686218,7.149782200022027,5.265312148008066,7.149782200022027,8.969897767385808,14.017640962930981,9.175365423145745,2.9122744316115075,4.559655138804151,2.8257915294493565,3.0506365770410064,4.527037614383689,16.82706707439781,16.25393017800947,4.559655138804151,29.190818966678165,3.8063648275801336,17.54571192997681,4.559655138804151,4.559655138804151,14.014484449674603,29.190818966678165,27.50801215692652,3.6401780393194603,12.224717033153098,12.189515484533663,3.0538750330341724,4.559655138804151,4.578060479771679,4.9725288400689625,16.7501244144644,5.686083499244277,29.190818966678165,29.190818966678165,29.190818966678165,29.190818966678165,29.005256074699684,5.059180543543264,4.562393910092092,5.050367546111993,4.345424963273625,10.27298462388475,29.190818966678165,18.398997616560727,9.239009781252468,4.853739720113186,4.115614219068271,5.093183400169253,7.383741972968671,5.093183400169253,5.093183400169253,26.21909484002672,1.1812172355738537,18.2512295444552,12.38855642486618,9.239009781252468,4.967648256960682,8.914688492150137,5.0530549550637405,15.195602376104947,9.110329641756255,7.005711746737609,9.536487319960344,1.1812172355738537,1.1812172355738537,9.455678608437427,9.239009781252468,6.37115751174419,6.396728771098729,9.239009781252468,5.093183400169253,7.3032383918958965,1.1812172355738537,7.043916079877583,5.558684214264414,5.112545453009024,1.1812172355738537,1.1812172355738537,1.1812172355738537,5.093183400169253,5.662679447323488,5.093183400169253,8.644794016033895,1.1812172355738537,6.128587763981582,5.093183400169253,5.093183400169253,1.1812172355738537,5.288246099443981,1.456613797008435,1.1812172355738537,7.5904395986705975,2.3564852418189535,9.213437594704107,10.768224722763556,1.1812172355738537,10.204425690428067,16.063136589536615,16.063136589536615,16.063136589536615,16.063136589536615,12.284969584870193,12.08054940618962,1.5493776704330477,16.063136589536615,11.817551881633893,14.57540599849321,16.063136589536615,16.063136589536615,16.063136589536615,5.663950944525789,16.063136589536615
2024-01-03 08:00:00,12.314346712046785,15.118312675765381,1.4887459969071974,3.7789007973081485,14.2063712853953,1.4887459969071974,10.32303880326347,1.4887459969071974,12.380455960747586,1.4887459969071974,1.9601259580446002,7.261470989224505,5.972024499750491,12.901796546478225,15.210826305037315,12.780578910611126,13.095730049438348,15.165108375837015,3.995003429014037,3.854409424065175,15.210826305037315,35.813393767543495,14.154986730216379,4.843225265772792,15.210826305037315,15.210826305037315,8.915222224966929,35.813393767543495,33.54252314433796,13.922053178246365,10.498466994377505,10.157478710394548,12.844571542537942,15.210826305037315,15.232504811666004,15.697124564084582,6.624796807456848,12.333573678964207,35.813393767543495,35.813393767543495,35.813393767543495,35.813393767543495,35.56298515396462,13.673754726564226,15.214052133432718,12.690717326614482,14.910553363681643,11.627836128244898,35.813393767543495,21.25032572381432,8.889342179190136,15.557210246337323,14.353785400858612,15.839236067779636,11.889572628233713,15.839236067779636,15.839236067779636,31.803188329594352,0.274345829286991,21.050919486540014,13.13951094957533,8.889342179190136,15.691376028730012,9.126027775320777,15.791971267591821,16.994078347817993,9.105056305364881,10.756436284631679,9.290774476587899,0.274345829286991,0.274345829286991,9.181726825940727,8.889342179190136,13.696892503095768,13.654025889114399,8.889342179190136,15.839236067779636,12.071838467525401,0.274345829286991,12.569107537835148,15.058889529927729,15.806778313804296,0.274345829286991,0.274345829286991,0.274345829286991,15.839236067779636,14.884556171932438,15.839236067779636,18.510138167901516,0.274345829286991,14.103526513440302,15.839236067779636,15.839236067779636,0.274345829286991,15.51224093171535,0.7150451871043029,0.274345829286991,16.675456552236486,2.155051430393347,13.127790097714048,20.10701241665325,0.274345829286991,19.68302111175483,24.08892168388904,24.08892168388904,24.08892168388904,24.08892168388904,18.042964668268976,21.093914172534827,0.8634892316991887,24.08892168388904,17.294986260057765,21.70820235804611,24.08892168388904,24.08892168388904,24.08892168388904,7.447775506514133,24.08892168388904
2024-01-03 09:00:00,14.020816034582772,19.471367596762096,4.6663646013495415,13.52785049328521,17.988500891538532,4.6663646013495415,13.340592393661431,4.6663646013495415,14.297911612278611,4.6663646013495415,6.879311663107576,14.187777540170105,11.260828274569988,15.867190832313346,19.621799830758054,15.670084309666876,16.18253734208218,19.547459971027177,16.432276344834534,15.737739418171632,19.621799830758054,29.49944032408031,17.90494678724832,17.500190328690078,19.621799830758054,19.621799830758054,15.45774581761988,29.49944032408031,27.24527292873886,17.526184059299737,13.093326066169597,13.747349446392958,15.725834695193567,19.621799830758054,19.446971919631192,15.700011754205295,17.20848981443218,14.101405477210303,29.49944032408031,29.49944032408031,29.49944032408031,29.49944032408031,29.250873573304627,16.69979163329965,19.595784900408777,14.917941920087017,19.133539563247684,12.30303524785609,29.49944032408031,15.043489894824138,2.773426688267742,16.82836106015434,17.386449003280376,14.553943080580716,12.500255277227332,14.553943080580716,14.553943080580716,25.518731667906124,13.348318909472997,14.845550375990182,6.992333643599662,2.773426688267742,15.746371240367893,3.56098699969536,14.935113537946467,11.27812011658695,3.1390759830904,8.35822515788199,3.1719062788635766,13.348318909472997,13.348318909472997,3.0636607204792528,2.773426688267742,10.922533179033769,10.84987151587952,2.773426688267742,14.553943080580716,8.419889231401648,13.348318909472997,9.010865248093133,13.231205593042645,14.498925103487291,13.348318909472997,13.348318909472997,13.348318909472997,14.553943080580716,12.935699357334158,14.553943080580716,17.078165217128273,13.348318909472997,11.611803936447876,14.553943080580716,14.553943080580716,13.348318909472997,13.999665328666184,13.514909666836523,13.348318909472997,14.804883042667342,14.05925293946088,18.207107508604082,18.58734270730956,13.348318909472997,18.186636055620813,22.35057443250899,22.35057443250899,22.35057443250899,22.35057443250899,20.06511487747828,19.520046028288736,13.571023671489597,22.35057443250899,19.78236817656948,21.45062795306218,22.35057443250899,22.35057443250899,22.35057443250899,16.059979504446353,22.35057443250899
2024-01-03 10:00:00,15.474911787681954,4.435207309943491,1.1523144121854436,12.399664997420775,8.921781843453507,1.1523144121854436,15.020128214718994,1.1523144121854436,15.674032818596405,1.1523144121854436,3.91707748059022,14.686759794443512,10.260856773017128,15.340036198934126,3.980058220893359,15.93640342585965,14.385921027977606,4.204981553731274,15.852150127484723,14.987641279303451,3.980058220893359,24.827145385097985,9.174583875597172,17.458023205506912,3.980058220893359,3.980058220893359,15.495261038907572,24.827145385097985,23.532449262037797,10.320571713526745,14.838081539523394,15.317309303992763,15.472221800443313,3.980058220893359,4.007919927082697,4.605059723350683,17.88556720036604,15.532823404425361,24.827145385097985,24.827145385097985,24.827145385097985,24.827145385097985,24.68437940897038,10.235412373511732,3.98420412838179,14.504798704799981,5.457342776693368,14.24783526543633,24.827145385097985,16.524273551095074,9.476880666226517,4.42523868311367,8.225527730895733,4.787704636577167,14.556490917478698,4.787704636577167,4.787704636577167,22.54079873895631,3.4065955167393054,16.410585664310652,11.90003809894793,9.476880666226517,4.597671575919158,9.905694095591086,4.726958848203169,14.302282789670468,9.331335780803718,10.225026904524233,9.705750084766256,3.4065955167393054,3.4065955167393054,9.643578524185486,9.476880666226517,6.233169308675633,6.262091922743693,9.476880666226517,4.787704636577167,7.2790205046382495,3.4065955167393054,6.994099232279446,5.314213722726346,4.8096042690546215,3.4065955167393054,3.4065955167393054,3.4065955167393054,4.787704636577167,5.431838511907942,4.787704636577167,10.302675815060535,3.4065955167393054,5.958808507674284,4.787704636577167,4.787704636577167,3.4065955167393054,5.008332142323987,3.747379711176348,3.4065955167393054,8.484534421868844,4.860908376237388,13.345912588703674,13.59995708086441,3.4065955167393054,12.724485147117514,21.821941272325088,21.821941272325088,21.821941272325088,21.821941272325088,17.146720955750045,15.637746013462559,3.862168587672091,21.821941272325088,16.56832388124324,19.98097757849006,21.821941272325088,21.821941272325088,21.821941272325088,8.953668392025893,21.821941272325088
2024-01-03 11:00:00,15.052389414851794,14.215198340875311,0.25165925718148724,12.38045999220119,15.189998825272855,0.25165925718148724,13.923187213608715,0.25165925718148724,15.392811289403166,0.25165925718148724,3.253004452911668,14.190900515256127,9.920016390144642,16.58449643318721,14.116307851223272,16.71406946431459,16.37719531205954,14.165177065846834,16.209367100693925,15.269403226471347,14.116307851223272,26.553022990404862,15.24492526002831,17.827770481871017,14.116307851223272,14.116307851223272,14.752263062320848,26.553022990404862,25.06817001379411,15.493914659665787,13.657031722538473,14.380759944535656,16.528579453656373,14.116307851223272,13.67582600373302,4.235297168828909,17.933448883427076,15.15139644107878,26.553022990404862,26.553022990404862,26.553022990404862,26.553022990404862,26.389288442323604,14.734881023203826,14.050762798898852,15.341192087722856,14.437278268594286,12.905857349616035,26.553022990404862,17.03067737003129,8.948207579584514,7.078192125905454,13.379556303501117,1.347757968394585,13.829198554021115,1.347757968394585,1.347757968394585,23.930872075900528,1.0104047915428889,16.900291718842784,11.727263191698675,8.948207579584514,4.352100669951685,9.40827881822342,2.308123313876165,14.355121376620719,8.71230119414965,11.579286025029173,9.210691904146058,1.0104047915428889,1.0104047915428889,9.139388974335246,8.948207579584514,3.6906389640267934,3.7375181746723856,8.948207579584514,1.347757968394585,5.9640722445105965,1.0104047915428889,4.923992010581087,2.201150068372912,1.3832539813606237,1.0104047915428889,1.0104047915428889,1.0104047915428889,1.347757968394585,2.391802173891845,1.347757968394585,7.625173455893633,1.0104047915428889,3.2459413390898204,1.347757968394585,1.347757968394585,1.0104047915428889,1.7053619972620235,1.3754538059349413,1.0104047915428889,5.789844094248031,2.5682689314994787,11.657429976629633,11.378303583817498,1.0104047915428889,10.381797727682663,20.73697640931017,20.73697640931017,20.73697640931017,20.73697640931017,15.728866888706463,13.69781666770339,1.4984159823268497,20.73697640931017,15.109286270172342,18.764930777686303,20.73697640931017,20.73697640931017,20.73697640931017,6.952445293830184,20.73697640931017
2024-01-03 12:00:00,17.87211793630786,4.659174924546202,3.303128353849113,13.32745207489656,10.257093564271983,3.303128353849113,15.965852193918693,3.303128353849113,18.227393926370983,3.303128353849113,5.76312381087182,15.501904057837141,12.10162609164758,18.265177554116597,4.091283418360828,19.009267547672597,17.074723888396676,4.3719212430527925,16.382559821906508,15.61365492279702,4.091283418360828,28.03544980186274,10.572515763842674,17.837318270163614,4.091283418360828,4.091283418360828,16.963522297800445,28.03544980186274,25.829947187383297,12.002369794112443,15.78136228613678,16.338897306903526,18.39967817512421,4.091283418360828,4.433567356381463,11.769491424580082,18.312325830011865,17.975445077997428,28.03544980186274,28.03544980186274,28.03544980186274,28.03544980186274,27.792249310257105,11.629887129855806,4.142216320034757,16.841307949298276,5.934497810393268,15.512039122132956,28.03544980186274,13.891586070890694,1.8864188691048998,9.560371373818633,10.300995713425577,14.013303046659441,15.791710665706264,14.013303046659441,14.013303046659441,24.1406798895585,0.24098320119829011,13.697919829776884,6.014244663879379,1.8864188691048998,11.678727270355122,2.9991399105051815,13.267034762817715,10.530034352051159,2.262818892690645,6.336317574637296,2.276295761429787,0.24098320119829011,0.24098320119829011,2.170387095322827,1.8864188691048998,10.275123342922509,10.20032529979131,1.8864188691048998,14.013303046659441,7.07703843001536,0.24098320119829011,8.30724903143736,12.651674763611464,13.956667444816837,0.24098320119829011,0.24098320119829011,0.24098320119829011,14.013303046659441,12.3474801277532,14.013303046659441,16.505777953180665,0.24098320119829011,10.984659866091427,14.013303046659441,14.013303046659441,0.24098320119829011,13.442728559445209,0.6383116558001163,0.24098320119829011,14.20991383870164,1.9366013971257645,11.82947103739319,17.995974465326135,0.24098320119829011,17.600307515199326,21.711875893602606,21.711875893602606,21.711875893602606,21.711875893602606,16.260924547761952,18.916947144041806,0.772146756277346,21.711875893602606,15.586557545091404,19.565452229037156,21.711875893602606,21.711875893602606,21.711875893602606,6.708448327455783,21.711875893602606
2024-01-03 13:00:00,8.543593961774665,16.95477006344798,3.685165055212186,14.506251013765317,12.180265287377074,3.685165055212186,16.51767412527694,3.685165055212186,7.696613459830878,3.685165055212186,6.350065458885743,16.544597728052814,9.008435426532294,5.350113275992528,17.43912878372852,4.715473607804403,6.365459707134892,17.19977077933931,17.85404577389111,17.020397451703793,17.43912878372852,29.661470047170035,11.911239441298886,19.371056325216703,17.43912878372852,17.43912878372852,18.390367167564357,29.661470047170035,27.592323515820485,10.691706729951434,16.517945616594425,16.120730718205863,5.390328782913549,17.43912878372852,17.462993330335355,17.974464896433723,19.588409003371815,8.297261316787596,29.661470047170035,29.661470047170035,29.661470047170035,29.661470047170035,29.43330552343535,12.364976774450959,17.44267990158946,8.508275039269996,15.86703806850644,14.643768913865046,29.661470047170035,16.39205636038143,5.129113432649052,17.820441752033904,12.996472332603387,18.13090678892137,10.031784950203393,18.13090678892137,18.13090678892137,26.007495845760605,0.07525072152308021,16.21036361224804,9.001734743183636,5.129113432649052,17.968136684244577,5.208245957273199,18.07887585126203,13.094485680028171,5.532669305229733,6.839517321346282,5.494886029839008,0.07525072152308021,0.07525072152308021,5.395525209463468,5.129113432649052,14.123031449717795,14.042837008507133,5.129113432649052,18.13090678892137,11.10277115452611,0.07525072152308021,12.013182392496393,16.671042135722733,18.070185140970892,0.07525072152308021,0.07525072152308021,0.07525072152308021,18.13090678892137,16.344900998592387,18.13090678892137,18.457115101058392,0.07525072152308021,14.883758369996713,18.13090678892137,18.13090678892137,0.07525072152308021,17.519167493938138,0.4280241970497164,0.07525072152308021,16.97547405155066,1.580728411871187,10.36424735069587,18.652147952826567,0.07525072152308021,18.6003641424333,19.138474988582946,19.138474988582946,19.138474988582946,19.138474988582946,14.298773656027127,18.77268234306742,0.5468515123249913,19.138474988582946,13.70002773547388,17.23274352804563,19.138474988582946,19.138474988582946,19.138474988582946,5.817477647413842,19.138474988582946
2024-01-03 14:00:00,16.096344606868758,16.124396240362454,5.542310209789325,11.433542902664529,16.27009647378463,5.542310209789325,15.337381151471202,5.542310209789325,16.176379404376217,5.542310209789325,6.951800078275925,13.905184362628443,11.311532775883515,16.47852746067048,16.10961540299506,16.497894316947892,16.447542841540294,16.116919724332377,13.036359065515134,12.598499461992223,16.10961540299506,29.20222441011557,16.27830614796207,14.097557078874685,16.10961540299506,16.10961540299506,13.983561737694812,29.20222441011557,27.287694685013104,16.3155217774447,15.338055116051992,15.37410629565211,16.46186633373758,16.10961540299506,15.667190884699052,6.185026191557013,15.033423021099448,16.119621628377246,29.20222441011557,29.20222441011557,29.20222441011557,29.20222441011557,28.991109461857658,16.12942097049772,16.043781275285724,16.188522759360495,16.15758979927521,15.508675939982869,29.20222441011557,16.924366581714867,6.503046148109762,9.040459256772216,14.540894526634967,3.284751987087613,15.126730024000606,3.284751987087613,3.284751987087613,25.82129313368579,20.981424556782986,16.756250809406538,10.086286146220456,6.503046148109762,6.3023448347972995,7.147931704491387,4.24935286175197,13.824992078551109,6.4031551967014275,10.323825646622081,6.841486417727283,20.981424556782986,20.981424556782986,6.7495503265721215,6.503046148109762,4.2768091171173745,4.296659401983669,6.503046148109762,3.284751987087613,5.544177287865025,20.981424556782986,4.799053604122549,3.646107821666022,3.2997822309694986,20.981424556782986,20.981424556782986,20.981424556782986,3.284751987087613,3.726836540276933,3.284751987087613,6.412426580368381,20.981424556782986,4.088508708198406,3.284751987087613,3.284751987087613,20.981424556782986,3.436173944594926,20.83271216643775,20.981424556782986,5.439153033924529,20.34678731369414,16.64407668590305,8.282395163738475,20.981424556782986,7.785893688808996,12.945282825294589,12.945282825294589,12.945282825294589,12.945282825294589,14.985468960737368,9.438074942414799,20.782620265207044,12.945282825294589,15.237871545489545,13.748647875429219,12.945282825294589,12.945282825294589,12.945282825294589,18.560776885414846,12.945282825294589
2024-01-03 15:00:00,17.796917527347585,4.566906111440041,4.714313425535939,12.830769059922668,9.690807502737183,4.714313425535939,17.079773993207947,4.714313425535939,17.905930620225455,4.714313425535939,6.673408956928602,15.668802161491717,12.179780950521188,17.02078768608604,4.047102186817155,17.70187006662929,15.93113855278676,4.303976327535319,15.130534182805134,14.520625273540292,4.047102186817155,28.065017942420532,9.97952056758184,16.494569560827024,4.047102186817155,4.047102186817155,16.6738403003333,28.065017942420532,26.07205289971164,11.288298262752127,17.040111785510184,17.175255175373515,17.20547145151051,4.047102186817155,4.287674197840042,9.443680103356266,17.46570227864665,17.828622488022827,28.065017942420532,28.065017942420532,28.065017942420532,28.065017942420532,27.84525394170814,11.486082972559805,4.0829000412352885,16.48995626871086,5.734237959168533,17.04392335998473,28.065017942420532,15.284155294783801,4.435889503595166,7.891014628382604,9.519666444491053,11.020728320698023,16.45163177787615,11.020728320698023,11.020728320698023,24.545575147994825,26.23434786505297,15.109152079662355,8.16592929469253,4.435889503595166,9.379887115473283,5.333629524650972,10.496218573484645,12.295598752146022,4.640272876090248,7.57511689782204,4.788195146881322,26.23434786505297,26.23434786505297,4.692492576462508,4.435889503595166,8.990915018445735,8.95030004673146,4.435889503595166,11.020728320698023,7.189221783222282,26.23434786505297,7.922368888729169,10.281370820337406,10.989975465802829,26.23434786505297,26.23434786505297,26.23434786505297,11.020728320698023,10.116194620348507,11.020728320698023,11.928240431631785,26.23434786505297,9.376189881428473,11.020728320698023,11.020728320698023,26.23434786505297,10.71090916381922,26.004684856223875,26.23434786505297,10.867826426054606,25.254249983333633,19.535993006710388,12.470822175947433,26.23434786505297,12.326759522318769,13.823784863906292,13.823784863906292,13.823784863906292,13.823784863906292,16.97453299827114,12.806149066335312,25.92732575569495,13.823784863906292,17.36432928165986,15.06445643252092,13.823784863906292,13.823784863906292,13.823784863906292,22.496036442373622,13.823784863906292
2024-01-03 16:00:00,16.757629690450237,1.7566278623237255,5.387844534392583,9.41554141220272,7.372996393120607,5.387844534392583,15.512856900893633,5.387844534392583,16.782071456087124,5.387844534392583,6.299123892390011,12.830193669586388,10.692211877963771,15.407473813597163,1.1868646718385891,16.154016214951803,14.213096593093528,1.4684274362499785,10.2329819012754,9.953886936281465,1.1868646718385891,29.940225981951944,7.689458176436263,11.256507202008994,1.1868646718385891,1.1868646718385891,14.31648734685763,29.940225981951944,27.824367082160208,9.124024788793031,15.642895454509958,15.378630583710466,15.636979733597755,1.1868646718385891,1.7510225600245892,13.842210519765445,12.860691474381667,16.76473824225712,29.940225981951944,29.940225981951944,29.940225981951944,29.940225981951944,29.706910491315377,9.577684119125689,1.2708130990236721,15.165259262174056,3.0361540190360348,16.415929125475483,29.940225981951944,16.37124639600744,4.8540349900342346,10.201103344845086,8.284030414539117,17.54049690013069,15.711287035631232,17.54049690013069,17.54049690013069,26.20376086625084,25.986270621141795,16.185451812423786,8.814083319754724,4.8540349900342346,13.69261158191679,5.641362905818815,16.310485519909406,13.08316136698978,5.247803454568454,7.037506636954629,5.228065148526458,25.986270621141795,25.986270621141795,5.126461191099105,4.8540349900342346,13.629824238448057,13.551574746555483,4.8540349900342346,17.54049690013069,10.038783871847635,25.986270621141795,11.57114518033339,16.116038226684232,17.481247929413094,25.986270621141795,25.986270621141795,25.986270621141795,17.54049690013069,15.797806964261985,17.54049690013069,17.021178182960448,25.986270621141795,14.372101310052772,17.54049690013069,17.54049690013069,25.986270621141795,16.94359406895548,25.800294453972207,25.986270621141795,15.925307393082068,25.192608427031836,20.562086860563443,16.71068882196661,25.986270621141795,16.793127867763584,15.93646350968173,15.93646350968173,15.93646350968173,15.93646350968173,18.48787161294294,16.518799889079816,25.737650717458404,15.93646350968173,18.80352026324661,16.941132673530106,15.93646350968173,15.93646350968173,15.93646350968173,22.95906639865615,15.93646350968173
2024-01-03 17:00:00,11.611080090320428,15.130485127388445,1.3100624171649706,8.314115673805794,15.771920099593393,1.3100624171649706,5.592699626036723,1.3100624171649706,12.609717371832694,1.3100624171649706,3.1005378156146373,7.472513855979386,7.850917624443273,16.68952277695072,15.065413536333077,16.774783991886483,16.553115182784662,15.097570294383024,10.829754903755207,10.264786439820726,15.065413536333077,22.905384719829993,15.808062609486024,11.43830006737,15.065413536333077,15.065413536333077,9.073635004011319,22.905384719829993,21.495661946455538,15.971901786006846,5.158724519093935,6.546508927272315,16.43209652308103,15.065413536333077,15.09416976678745,15.710481254614834,10.52059668107008,11.90152002650911,22.905384719829993,22.905384719829993,22.905384719829993,22.905384719829993,22.74993476966376,13.542027217244321,15.069692551780648,13.103422368401237,15.27661742270807,4.919110105001208,22.905384719829993,13.864848257005427,6.191333162796367,15.524886903771392,15.593124160516588,15.898990141341583,9.06675173276816,15.898990141341583,15.898990141341583,20.415908712690985,25.76141468833353,13.741059824953894,8.829774844621152,6.191333162796367,15.702855904296083,6.719451472689402,15.836294056696063,10.880618937392775,6.4926440570201125,10.04622912874931,6.440536374034718,25.76141468833353,25.76141468833353,6.372841211250278,6.191333162796367,12.906550718591543,12.84667435342199,6.191333162796367,15.898990141341583,10.638479873731942,25.76141468833353,11.331253345161777,14.808997022698573,15.853652939516973,25.76141468833353,25.76141468833353,25.76141468833353,15.898990141341583,14.565487054565853,15.898990141341583,14.918447567886282,25.76141468833353,13.47453974857026,15.898990141341583,15.898990141341583,25.76141468833353,15.442241208846868,25.522860012336317,25.76141468833353,14.323450605209032,24.743371191424096,18.80372532820069,14.332202499119411,25.76141468833353,14.487858344838653,12.870362486345176,12.870362486345176,12.870362486345176,12.870362486345176,16.143095453549154,13.969890759046455,25.44250586537899,12.870362486345176,16.547983147752934,14.159068079722063,12.870362486345176,12.870362486345176,12.870362486345176,21.878370245257397,12.870362486345176
2024-01-03 18:00:00,13.377843885560276,4.151015394867768,4.972956932386647,4.990309607304493,8.0741693717628,4.972956932386647,9.9496828103356,4.972956932386647,13.63313195664265,4.972956932386647,4.902368336256371,7.459897810428394,7.880225975892813,13.68642431400457,3.7530235760646993,14.20790020625334,12.852126187583933,3.9497012108903067,4.5976478224138475,4.625279290163949,3.7530235760646993,21.25497121547445,8.295224720417771,5.026196576844847,3.7530235760646993,3.7530235760646993,8.461429808987775,21.25497121547445,19.909824255456805,9.297300292832132,10.080933666115277,9.922203306181068,13.778890524838616,3.7530235760646993,4.102945545753885,11.602570022084434,6.435225913338811,13.452090914434077,21.25497121547445,21.25497121547445,21.25497121547445,21.25497121547445,21.106642031999268,9.020550189131384,3.805093040319409,12.666023083452988,5.044791880994271,11.375061299051321,21.25497121547445,12.628558725316783,5.3065478331205815,9.344153679463888,8.540001013943247,13.896452074949448,12.168476331886255,13.896452074949448,13.896452074949448,18.87953177001236,23.59696363978466,12.510440726370874,7.824129214738598,5.3065478331205815,11.509780474882085,5.8814088875679005,13.13353088937304,10.428426300798275,5.573165384000472,7.222868940949047,5.544335679323488,23.59696363978466,23.59696363978466,5.479741459702975,5.3065478331205815,11.2485661692457,11.195584049637235,5.3065478331205815,13.896452074949448,8.855281319660445,23.59696363978466,9.854650663158868,12.931962236249051,13.85633505978023,23.59696363978466,23.59696363978466,23.59696363978466,13.896452074949448,12.71649033475791,13.896452074949448,13.81181470080465,23.59696363978466,11.751156175125534,13.896452074949448,13.896452074949448,23.59696363978466,13.492293831476456,23.412613617650248,23.59696363978466,12.958299164335177,22.810241097438677,18.220208050387413,13.761211856451942,23.59696363978466,13.774647583169589,13.635030389730906,13.635030389730906,13.635030389730906,13.635030389730906,16.164129399934872,13.729938238016848,23.350517627671213,13.635030389730906,16.47701807032627,14.630914891557008,13.635030389730906,13.635030389730906,13.635030389730906,20.596228793411914,13.635030389730906
2024-01-03 19:00:00,2.738882756979219,13.078568630909412,5.20792211429437,9.45366937382181,9.35649683077844,5.20792211429437,4.396470908474958,5.20792211429437,2.7984760666772925,5.20792211429437,6.3437360566434045,7.281242895795379,6.033493711506865,4.031899331244028,13.456161285741212,3.537151808098517,4.823435311616141,13.269564409194391,11.246876607892514,10.884877400983473,13.456161285741212,18.78181658215506,9.146771725839278,11.32857159313239,13.456161285741212,13.456161285741212,8.3360393574348,18.78181658215506,17.534950456538073,8.19605777179878,4.112094235528112,4.742943994511377,3.858214541097043,13.456161285741212,13.53554580006156,15.236936676339823,9.785840102847517,2.7562146525397075,18.78181658215506,18.78181658215506,18.78181658215506,18.78181658215506,18.644324813736535,7.7065344104611695,13.467973945387739,3.9215956836103163,12.230602868101265,2.645425588236234,18.78181658215506,10.785677989658216,3.9986371500771467,14.724584494934021,10.206190055717476,15.757334732045216,2.719406936142442,15.757334732045216,15.757334732045216,16.579934508272043,5.792165874094466,10.67619007786203,6.332275805575687,3.9986371500771467,15.21588611713885,3.9259964046463285,15.584255780084916,8.19835930837975,4.3636092222424265,5.278081489237249,4.219051438869755,5.792165874094466,5.792165874094466,4.15917668410361,3.9986371500771467,12.132650600514442,12.060123514741603,3.9986371500771467,15.757334732045216,9.332330179678824,5.792165874094466,10.224523288561855,14.43704709962517,15.70241865428861,5.792165874094466,5.792165874094466,5.792165874094466,15.757334732045216,14.142088173923982,15.757334732045216,14.851519124726003,5.792165874094466,12.820644752775475,15.757334732045216,15.757334732045216,5.792165874094466,15.204083563409776,5.924800929080477,5.792165874094466,14.013074607298892,6.358192319085672,9.660601933874636,14.309951683006792,5.792165874094466,14.453745025835458,12.959518224204011,12.959518224204011,12.959518224204011,12.959518224204011,11.139897144696448,13.975251652883085,5.9694773817867,12.959518224204011,10.914781869301446,12.243005179453137,12.959518224204011,12.959518224204011,12.959518224204011,7.951116693513907,12.959518224204011
2024-01-03 20:00:00,5.876725011794566,3.4190978529572362,1.8237099952844538,2.3506704696067446,5.61058373646669,1.8237099952844538,1.0971593711863878,1.8237099952844538,6.532513332566353,1.8237099952844538,1.9760044816933897,1.7080033259145575,3.673472896744158,8.745606616785336,3.1967783983052236,9.036904654839438,8.279565116131247,3.306643130319508,2.6334372215125343,2.584126203426627,3.1967783983052236,19.751744030377964,5.73406593443921,2.5791257211930505,3.1967783983052236,3.1967783983052236,2.9960045207204087,19.751744030377964,18.35930423144676,6.29382843269674,0.9182204363913533,1.6047154730958835,8.651093111485586,3.1967783983052236,3.6072786238621983,12.405233041702367,2.2428001287932773,6.067452037076268,19.751744030377964,19.751744030377964,19.751744030377964,19.751744030377964,19.598199871596158,4.8603616385428685,3.2578620931648943,6.341857795778686,3.9183641483650757,1.3583806931134546,19.751744030377964,10.822043090389034,3.24260405692605,9.755841181937852,6.603304929414146,15.096230411597679,4.283233448654566,15.096230411597679,15.096230411597679,17.29278859864647,13.21646755515089,10.699772284602695,5.848698868133269,3.24260405692605,12.296379830542955,3.5285596086586324,14.201232823879797,7.87358083809588,3.610522573681831,4.631983697492043,3.4887520768797353,13.21646755515089,13.21646755515089,3.4218868459020535,3.24260405692605,11.442283956272478,11.36917135435789,3.24260405692605,15.096230411597679,8.225851563581898,13.21646755515089,9.51875220155545,13.76528400649574,15.04087099257587,13.21646755515089,13.21646755515089,13.21646755515089,15.096230411597679,13.467943857141202,15.096230411597679,15.42284709626961,13.21646755515089,12.135832332549063,15.096230411597679,15.096230411597679,13.21646755515089,14.538512808302341,13.269922247209214,13.21646755515089,14.059845355963004,13.44458801182099,14.775527928328067,15.618124105090512,13.21646755515089,15.566275467759578,16.105059962256387,16.105059962256387,16.105059962256387,16.105059962256387,15.371714735550139,15.738809389507427,13.287927788971317,16.105059962256387,15.280988586832262,15.81629026885241,16.105059962256387,16.105059962256387,16.105059962256387,14.086569740680233,16.105059962256387
2024-01-03 21:00:00,4.036722484958373,12.69802805851799,6.711660939764513,8.45070322569597,8.825529451274141,6.711660939764513,7.325517987402086,6.711660939764513,3.699776888370261,6.711660939764513,7.161466436897873,8.068884374728537,6.329419391102221,3.285739380498097,13.09088104697732,2.7709967325322733,4.10926513340446,12.896742893995373,9.103210142392564,8.960903346049744,13.09088104697732,4.406602060180803,8.607328347052457,9.224441155216752,13.09088104697732,13.09088104697732,8.77863581679848,4.406602060180803,4.5355231565782095,7.618191473663939,7.310688251077515,7.1843396690253245,3.2186636951711005,13.09088104697732,13.108401862029112,13.483912818155705,8.841578676410158,3.9387264864273415,4.406602060180803,4.406602060180803,4.406602060180803,4.406602060180803,4.420818173014379,8.103076296734345,13.093488198091219,4.596529065071287,11.815791924505348,6.484494162390181,4.406602060180803,5.233371617161274,5.935125180239105,13.37083247888993,9.52955827007231,13.598768948036813,4.901023860974377,13.598768948036813,13.598768948036813,4.634268082435059,15.745255759757288,5.244692240395017,5.6938360411076925,5.935125180239105,13.479266786651266,5.7523463566113,13.560569000192864,5.5520750842082,6.1729930160918505,6.224923634300324,5.912335202077867,15.745255759757288,15.745255759757288,5.918526018294931,5.935125180239105,11.236408001069439,11.189139011880371,5.935125180239105,13.598768948036813,9.452063567406192,15.745255759757288,9.9928002051827,12.738281294930356,13.56297780245138,15.745255759757288,15.745255759757288,15.745255759757288,13.598768948036813,12.54604400700379,13.598768948036813,14.61659065452871,15.745255759757288,11.684803077182456,13.598768948036813,13.598768948036813,15.745255759757288,13.238191610199527,15.76371098023846,15.745255759757288,13.398472622240309,15.824014296417063,16.283521005005568,15.225124105771002,15.745255759757288,15.063550398719086,16.742541642448543,16.742541642448543,16.742541642448543,16.742541642448543,16.48935436689726,15.601210533373642,15.769927389505957,16.742541642448543,16.458031184337923,16.64284397036699,16.742541642448543,16.742541642448543,16.742541642448543,16.045658344764682,16.742541642448543
2024-01-03 22:00:00,6.2218799943247225,14.89246589903615,6.478394050754898,9.349268797577773,12.733764823616198,6.478394050754898,3.907567935713179,6.478394050754898,6.765313573488174,6.478394050754898,7.278618521218876,6.819048411560996,7.7408119562551505,9.645642142044377,15.111459436459956,9.358701946468894,10.104711623724643,15.003238289823976,10.733069030180888,10.475828366601956,15.111459436459956,17.713624061260756,12.612129929426677,10.604948188752072,15.111459436459956,15.111459436459956,7.701275989393779,17.713624061260756,16.785930994560214,12.060741523933864,3.548273815425728,4.564546797418853,9.399972545483754,15.111459436459956,15.137734900262869,15.70087791079833,9.016530157943196,6.379930186298335,17.713624061260756,17.713624061260756,17.713624061260756,17.713624061260756,17.61132746528326,10.508704904531262,15.115369306207423,7.76332940476621,14.400668668249565,2.7288174385158883,17.713624061260756,11.764338744871786,6.714646078646548,15.531294569360401,13.108127168366442,15.873124354489029,5.125081291500325,15.873124354489029,15.873124354489029,16.075380234063424,2.6125861404127186,11.682877572277512,8.450919409369291,6.714646078646548,15.693910390608131,6.775584407629493,15.815836988354532,9.565467996205891,6.998911301977131,8.586393168170957,6.878638670404105,2.6125861404127186,2.6125861404127186,6.8340906682363,6.714646078646548,13.049972330720475,12.9934832735923,6.714646078646548,15.873124354489029,10.91122697259666,2.6125861404127186,11.563792214917669,14.844794004542342,15.830351955452283,2.6125861404127186,2.6125861404127186,2.6125861404127186,15.873124354489029,14.61505981038782,15.873124354489029,15.770341316882911,2.6125861404127186,13.585829253093566,15.873124354489029,15.873124354489029,2.6125861404127186,15.442214487668211,2.8521034204817886,2.6125861404127186,14.865569620447092,3.6347375962684696,9.598350825754613,15.70888957518328,2.6125861404127186,15.725205828120462,15.555655680934676,15.555655680934676,15.555655680934676,15.555655680934676,12.26971674295208,15.670911110797151,2.932781808532805,15.555655680934676,11.863195265878792,14.261749966258886,15.555655680934676,15.555655680934676,15.555655680934676,6.511299253056832,15.555655680934676
2024-01-03 23:00:00,6.706083343602925,15.183021048321498,1.5735691703314865,7.377736323943811,13.531114948134947,1.5735691703314865,2.8473079972142608,1.5735691703314865,7.47248162890646,1.5735691703314865,3.0918353179346845,5.542967896804904,5.839046988938354,11.167986141697241,15.350601805329015,10.948410460350228,11.519280577889422,15.267787573042416,9.645965390071435,9.164424684311484,15.350601805329015,20.066199679644154,13.438036093450016,9.953755227424745,15.350601805329015,15.350601805329015,5.776044241567942,20.066199679644154,18.86013606222591,13.016096307077085,2.4168497644309137,3.6884205529042537,10.880149261513179,15.350601805329015,14.928532224069645,5.882620173623195,8.549330203704418,6.928979757746002,20.066199679644154,20.066199679644154,20.066199679644154,20.066199679644154,19.93320719859329,10.954855383184134,15.287796554793001,8.474982332931713,14.80668230701005,1.6883962850688705,20.066199679644154,12.33172711830779,5.766785735767612,8.606681314699447,12.228371344421838,3.1157809312312543,5.022655337947775,3.1157809312312543,3.1157809312312543,17.93637210265255,6.69154225706476,12.2258220943028,8.024058285541075,5.766785735767612,5.99454125525099,5.960241872642253,4.0360027327264705,9.554906043047211,5.684502582375226,8.424489081597448,5.979987176572124,6.69154225706476,6.69154225706476,5.922071766215176,5.766785735767612,3.9329679522113876,3.9493192233876826,5.766785735767612,3.1157809312312543,5.045559962188676,6.69154225706476,4.3631562988706705,3.4134405004579387,3.1281617910130644,6.69154225706476,6.69154225706476,6.69154225706476,3.1157809312312543,3.4799391516668816,3.1157809312312543,7.579051189060817,6.69154225706476,3.777859294094877,3.1157809312312543,3.1157809312312543,6.69154225706476,3.2405117099543195,6.880483956881144,6.69154225706476,5.98925463214204,7.497860003673629,12.202218788566569,10.247543358662359,6.69154225706476,9.539023274513593,16.901601252067895,16.901601252067895,16.901601252067895,16.901601252067895,14.309508989429299,11.89672745051844,6.944126595827316,16.901601252067895,13.988827079264215,15.880911867725862,16.901601252067895,16.901601252067895,16.901601252067895,9.76701757302937,16.901601252067895
2024-01-04 00:00:00,7.987381667021211,4.452485287206419,5.668247126928366,3.6151970605809494,7.646892642601984,5.668247126928366,0.7674905332592924,5.668247126928366,8.952318381879918,5.668247126928366,5.2024536606483345,1.9169469428697496,6.1088602434133525,12.216641516450965,4.128422555827727,12.641250500873067,11.537318684024157,4.288566278717228,3.1916922605010853,3.3344531428581967,4.128422555827727,18.49310725607655,7.826885789914504,2.6772778457358575,4.128422555827727,4.128422555827727,2.1604848218000807,18.49310725607655,17.0640447547157,8.642820519480257,0.5281858179229597,1.4874434241216068,12.076302357523549,4.128422555827727,4.318494146951899,8.392161079942943,1.9803238986514,8.268020256304878,18.49310725607655,18.49310725607655,18.49310725607655,18.49310725607655,18.335524716575378,6.530831238352414,4.156705792598104,8.680561834891504,5.180238059128401,1.3080982747231522,18.49310725607655,9.328545332825048,1.5497586934410024,7.165428194196998,7.631126941330941,9.638158329062534,5.4285290079630295,9.638158329062534,9.638158329062534,15.969478584515812,14.395079708275444,9.203058669994416,4.224396672437262,1.5497586934410024,8.34175939498413,2.1390528873244423,9.223752672356698,6.4034651660599105,1.8008103048065869,4.601385184669908,1.8023806777953955,14.395079708275444,14.395079708275444,1.7337568174975349,1.5497586934410024,7.144864016121314,7.094975153001191,1.5497586934410024,9.638158329062534,5.057318361822651,14.395079708275444,5.832329515839214,8.729978326086853,9.600383466649419,14.395079708275444,14.395079708275444,14.395079708275444,9.638158329062534,8.527086326311014,9.638158329062534,11.992658120012653,14.395079708275444,7.6181112964146225,9.638158329062534,9.638158329062534,14.395079708275444,9.257596066991916,14.441629864481474,14.395079708275444,10.172314057767185,14.593734727748714,15.752762282273684,13.400362312797558,14.395079708275444,13.02659816820295,16.910563804968007,16.910563804968007,16.910563804968007,16.910563804968007,16.271941945190473,14.270353009126504,14.4573097000455,16.910563804968007,16.192934542244807,16.65909337612603,16.910563804968007,16.910563804968007,16.910563804968007,15.152794159373691,16.910563804968007
2024-01-04 01:00:00,4.055188370630688,11.735267483503087,7.865759212035096,8.02078658473492,8.415553038756194,7.865759212035096,6.439791139459707,7.865759212035096,3.8148974627908636,7.865759212035096,7.927856012890151,7.262002555951812,6.551009841647183,3.6665465228030136,12.072042230951899,3.225281392175736,4.372517167293465,11.905616546634004,8.195918704342567,8.174720172315775,12.072042230951899,19.156642923798877,8.22849929619591,8.081508433593985,12.072042230951899,12.072042230951899,6.70271113885549,19.156642923798877,17.909272792267465,7.38055787659739,6.424189148822131,6.34474111664997,3.595215580347843,12.072042230951899,11.742370915135893,4.676764055886926,7.620041853274675,3.9853030606870874,19.156642923798877,19.156642923798877,19.156642923798877,19.156642923798877,19.019095578712538,7.675221329855732,12.022986126215372,4.61671818994981,10.978967137188981,5.805625236380646,19.156642923798877,11.157272146979775,4.367487862329255,6.8044815238510346,7.795493099546084,2.5156333461848708,4.5844860883081155,2.5156333461848708,2.5156333461848708,16.953870809224803,17.349729990607287,11.0477399781828,6.702069816920083,4.367487862329255,4.764183694463324,4.30566205809752,3.2344028230950674,8.824783320532518,4.310009117307161,5.225157361035941,4.587991246577175,17.349729990607287,17.349729990607287,4.528092289348627,4.367487862329255,3.086477832300883,3.097899982619399,4.367487862329255,2.5156333461848708,3.9051563117351975,17.349729990607287,3.3869851083308884,2.723562889202969,2.5242819729476222,17.349729990607287,17.349729990607287,17.349729990607287,2.5156333461848708,2.7700153993410366,2.5156333461848708,3.0784547508706592,17.349729990607287,2.978126965288255,2.5156333461848708,2.5156333461848708,17.349729990607287,2.6027638015824843,17.107388301647894,17.349729990607287,3.0350142997606935,16.315525234637473,10.281588552000276,3.4149534221428115,17.349729990607287,3.325608559301676,4.2540346325753235,4.2540346325753235,4.2540346325753235,4.2540346325753235,7.578721652311435,3.6229166539313495,17.025758546929712,4.2540346325753235,7.9900368664947194,5.563198197552,4.2540346325753235,4.2540346325753235,4.2540346325753235,13.405042909099658,4.2540346325753235
2024-01-04 02:00:00,3.49919192407594,13.712546982494347,1.7132932327789632,7.134416551012078,8.876682446147687,1.7132932327789632,8.32672787098564,1.7132932327789632,2.9637342963197226,1.7132932327789632,3.045228675130282,8.258383124909743,4.113444071744562,1.9587524327039623,14.203130460390135,1.3159566646211065,2.987147633621149,13.960696335972095,8.794996692180915,8.378564875913549,14.203130460390135,21.866905615367187,8.604199202454973,9.572746441038884,14.203130460390135,14.203130460390135,9.530984946642224,21.866905615367187,20.318482779024283,7.3689936122800095,8.354281839966161,8.045107508814057,1.9076562710613834,14.203130460390135,14.142224041864688,12.836860827474933,9.728257160939444,3.3434614280125916,21.866905615367187,21.866905615367187,21.866905615367187,21.866905615367187,21.69616122697259,8.260314907582996,14.194067398173408,4.005447318555451,12.610835951488506,7.325746319993315,21.866905615367187,11.936887191730706,3.508388886029303,13.229954325121092,9.438339982232339,12.437594269608034,4.6212532414121705,12.437594269608034,12.437594269608034,19.1324945859173,13.582608750785111,11.800919440706254,6.406422052307232,3.508388886029303,12.853011511016504,3.4157969624559166,12.570386151958033,9.215907457267654,3.785537827816158,4.552688105309249,3.7821107485539356,13.582608750785111,13.582608750785111,3.707755181668634,3.508388886029303,9.685116893995493,9.63004198113004,3.508388886029303,12.437594269608034,7.702939232824074,13.582608750785111,8.236141737718963,11.435007090790197,12.395892632693647,13.582608750785111,13.582608750785111,13.582608750785111,12.437594269608034,11.21102405109161,12.437594269608034,12.7505840636946,13.582608750785111,10.207559200672431,12.437594269608034,12.437594269608034,13.582608750785111,12.01747177908439,13.579309698500456,13.582608750785111,11.695886527822658,13.568529887269582,13.486388540958988,12.937713851145862,13.582608750785111,12.888028409209,13.404334084649232,13.404334084649232,13.404334084649232,13.404334084649232,13.449593801849833,13.053363981992273,13.578198454166248,13.404334084649232,13.455193128993631,13.422156024690036,13.404334084649232,13.404334084649232,13.404334084649232,13.528908832358482,13.404334084649232
2024-01-04 03:00:00,6.803570017942409,5.074561719720242,6.531362965086889,3.7221556147341395,6.997264255176277,6.531362965086889,1.6838933829069018,6.531362965086889,7.460227610085048,6.531362965086889,5.86385723619032,2.391917334642375,5.862238268312527,9.747780006182865,4.879509503159257,10.003350658293604,9.338897986144296,4.975899445887424,2.982333876145042,3.1893440411376224,4.879509503159257,24.461891150137163,7.105601496548438,2.4501057268616897,4.879509503159257,4.879509503159257,1.928453048356371,24.461891150137163,22.634075653757563,7.596709736282766,1.5474963922775995,2.144200043410466,9.64170225804825,4.879509503159257,4.826748644659612,3.6959633265853764,1.9877650403831792,6.994549858862136,24.461891150137163,24.461891150137163,24.461891150137163,24.461891150137163,24.260338168805134,6.1364508753054805,4.871658525302293,7.348337016009949,5.512593549754731,2.2274427846195177,24.461891150137163,12.740130705861299,2.790820057126736,4.036484915418815,6.3982198249310995,3.350094256079209,5.09300253595865,3.350094256079209,3.350094256079209,21.234091394287415,9.902580507420883,12.579629351517195,6.211765425547912,2.790820057126736,3.7099540347839435,3.167623964720266,3.465126692465903,9.037178558024221,2.8081790768546755,4.835777462966973,3.113931451687449,9.902580507420883,9.902580507420883,3.026159394723968,2.790820057126736,3.1776948640558693,3.1742452874751965,2.790820057126736,3.350094256079209,3.1118239099318394,9.902580507420883,3.086939372943646,3.2872979469759867,3.3474823047824906,9.902580507420883,9.902580507420883,9.902580507420883,3.350094256079209,3.2732689343455075,3.350094256079209,6.271475878541549,9.902580507420883,3.2104176529283226,3.350094256079209,3.350094256079209,9.902580507420883,3.3237801934884166,9.94830491288319,9.902580507420883,4.993467367375474,10.097711596075355,11.236179222489493,8.018106383446163,9.902580507420883,7.554352805148571,12.373442565586382,12.373442565586382,12.373442565586382,12.373442565586382,11.7461491849945,9.097560644490281,9.963706604678563,12.373442565586382,11.668543290165221,12.126432957299368,12.373442565586382,12.373442565586382,12.373442565586382,10.64685390219368,12.373442565586382
2024-01-04 04:00:00,7.779003822286361,1.1318414992068406,7.812337174396326,3.365667428662868,4.455573571870924,7.812337174396326,3.5060308306534793,7.812337174396326,8.217933152834613,7.812337174396326,6.702766312218333,3.0055259611241905,6.317078408711318,9.21032749214908,0.7946591758506185,9.652126656391957,8.503502458699208,0.9612862740209935,1.9129132509169153,2.2610894839126114,0.7946591758506185,27.842906571889948,4.642853693040159,1.3720278502912056,0.7946591758506185,0.7946591758506185,3.039961073393314,27.842906571889948,25.684620540173462,5.491821319312847,3.52390769888933,3.6915544565728875,9.225251217436009,0.7946591758506185,1.1018619916253194,7.685917741048638,1.559515987544616,7.906660389005685,27.842906571889948,27.842906571889948,27.842906571889948,27.842906571889948,27.60491264683495,4.702511362640951,0.8403718987446257,7.550254024800287,1.88905714514557,4.588853048226985,27.842906571889948,14.001842260903636,2.2536881168421066,5.703213253357033,4.889982478247755,9.699758216172608,6.397924359351232,9.699758216172608,9.699758216172608,24.03151798260009,7.588529532254457,13.812322130541139,6.293143203284404,2.2536881168421066,7.604456122047293,2.6925988696242147,9.029975931192263,9.895674471124472,2.484802797247531,3.821781655277145,2.6352183155684616,7.588529532254457,7.588529532254457,2.5315769989834305,2.2536881168421066,7.40446556635588,7.358538561175232,2.2536881168421066,9.699758216172608,5.325255306893074,7.588529532254457,6.196164253714414,8.863700124385767,9.664983194389325,7.588529532254457,7.588529532254457,7.588529532254457,9.699758216172608,8.676920523848862,9.699758216172608,11.871836835541437,7.588529532254457,7.840130541150452,9.699758216172608,9.699758216172608,7.588529532254457,9.349417801727958,7.7517509948935475,7.588529532254457,10.194149173928986,8.285084935753277,12.349049229477131,13.17047537919155,7.588529532254457,12.825669611834472,16.408714617999586,16.408714617999586,16.408714617999586,16.408714617999586,14.16947843660343,13.97306121836181,7.80673009492864,16.408714617999586,13.892450282046184,15.526969538038935,16.408714617999586,16.408714617999586,16.408714617999586,10.245346846113673,16.408714617999586
2024-01-04 05:00:00,9.219761702366489,10.655520506378013,9.660385894970522,6.757193497389514,10.783313490354669,9.660385894970522,6.198054158793609,9.660385894970522,9.558522611659232,9.660385894970522,8.946022501960952,6.1904414449555425,8.570128939392305,10.966127320790768,10.642556303998326,10.983113898614334,10.9389508582483,10.648962889613843,5.862221546542872,6.0856477632657136,10.642556303998326,31.06126108090978,10.790514156654023,5.451786994427332,10.642556303998326,10.642556303998326,6.506333164743361,31.06126108090978,28.69093697771085,10.823155808835697,6.176460883355991,6.380884527188532,10.87502163869311,10.642556303998326,10.760010972574142,13.277331928708751,5.393392597100949,9.318285659662784,31.06126108090978,31.06126108090978,31.06126108090978,31.06126108090978,30.799885744794516,9.99065891663591,10.660033919571848,9.752115190288452,10.684634419531296,6.797193559401738,31.06126108090978,15.860398976378956,2.958062341406269,12.519272801228647,11.034370243561922,14.047295462323374,7.986880322355788,14.047295462323374,14.047295462323374,26.875427457798114,11.485078199685983,15.652259681383672,7.394368565178118,2.958062341406269,13.246186226357935,3.4282112070710373,13.791213641907982,11.453586815493175,3.302255255855522,6.021603122304285,3.377075490196435,11.485078199685983,11.485078199685983,3.2632520640246065,2.958062341406269,10.628977485860352,10.560579624948518,2.958062341406269,14.047295462323374,7.937376508376849,11.485078199685983,8.829486646068755,12.802176499061535,13.99550595212598,11.485078199685983,11.485078199685983,11.485078199685983,14.047295462323374,12.524010633718452,14.047295462323374,15.403896755942004,11.485078199685983,11.277801684889834,14.047295462323374,14.047295462323374,11.485078199685983,13.525542849786897,11.610034142731909,11.485078199685983,13.689812327034469,12.018333666954941,15.129545162161943,16.214979150726904,11.485078199685983,15.999626011170797,18.23746558433957,18.23746558433957,18.23746558433957,18.23746558433957,16.52319428554835,16.716245070822723,11.652123983011629,18.23746558433957,16.31111240769191,17.562436172085047,18.23746558433957,18.23746558433957,18.23746558433957,13.519033217526363,18.23746558433957
2024-01-04 06:00:00,6.903201253486975,11.969801248247881,9.54193057755904,8.417928557986862,11.366995492283689,9.54193057755904,3.022131868067792,9.54193057755904,7.558406467000911,9.54193057755904,9.345766128514601,5.549441024941775,8.549872331151546,10.504653712418252,12.030954024971425,10.42452719398552,10.632846415472576,12.000733847267329,8.49895325805974,8.554340375746285,12.030954024971425,26.833139447694762,11.33302959715424,7.882359640257944,12.030954024971425,12.030954024971425,5.709437830699137,26.833139447694762,24.82118829032683,11.179057327261187,2.7287388151734495,3.657629185879883,10.2926574904144,12.030954024971425,12.0635830124501,12.762896500398009,6.426077887874217,7.0937586900322085,26.833139447694762,26.833139447694762,26.833139447694762,26.833139447694762,26.61128185054388,9.491031919327392,12.035809318563587,8.180044014790193,11.832469495898737,2.5224127969728776,26.833139447694762,13.930519057965526,2.9789065377829202,12.552307154920637,11.444595577144309,12.97679289806338,5.203070172303033,12.97679289806338,12.97679289806338,23.280168446301566,19.06665662084588,13.753848663020655,6.744480802209687,2.9789065377829202,12.754244202925786,3.349641531907838,12.905653192735647,9.859120614604594,3.289225710186861,6.103920888921709,3.3345684443226293,19.06665662084588,19.06665662084588,3.237954156971405,2.9789065377829202,9.894888649200885,9.833222163049294,2.9789065377829202,12.97679289806338,7.555421697442727,19.06665662084588,8.272494681428102,11.854212304438652,12.930100251965836,19.06665662084588,19.06665662084588,19.06665662084588,12.97679289806338,11.603422129799489,12.97679289806338,15.307516705070451,19.06665662084588,10.479858821526044,12.97679289806338,12.97679289806338,19.06665662084588,12.506388563386741,19.087181090054422,19.06665662084588,13.299513245502471,19.15424577548278,19.66527360639737,16.701005754404143,19.06665662084588,16.331015919042656,20.175760866568318,20.175760866568318,20.175760866568318,20.175760866568318,19.894185555867004,17.562211194133777,19.094094499771128,20.175760866568318,19.859350334222885,20.064884824589363,20.175760866568318,20.175760866568318,20.175760866568318,19.400741147901037,20.175760866568318
2024-01-04 07:00:00,8.085655351319327,3.592281361007161,11.200732741260632,5.573257843767809,7.084087952634551,11.200732741260632,0.9974205885584868,11.200732741260632,9.020647931308924,11.200732741260632,9.870036400803237,2.6954055074528678,8.470378986882704,12.07928031995609,3.2380483983207946,12.543420389056863,11.336712550662567,3.4131014973717972,4.125617403091681,4.537802569095619,3.2380483983207946,22.78974890272389,7.280838456972089,3.0226289193704243,3.2380483983207946,3.2380483983207946,2.8509958095487296,22.78974890272389,21.092386480912538,8.172736687241034,0.7773837914228723,1.6817663108207968,11.959991354659097,3.2380483983207946,3.677128584842624,13.087616634037746,1.939185230918608,8.357585100284675,22.78974890272389,22.78974890272389,22.78974890272389,22.78974890272389,22.602580965262668,6.162616926879335,3.303384879186392,8.64199836764098,4.387787895820284,1.6005662637744213,22.78974890272389,11.904582574395212,2.665364474133324,10.253768076764882,7.908371628657518,15.96596737184847,5.6745587730505935,15.96596737184847,15.96596737184847,19.79232053997989,19.418822855619883,11.755536367021922,5.842153448145713,2.665364474133324,12.971184814312133,3.182584975959829,15.008658012959428,8.393010976592745,3.0781949399895727,5.129657531047904,2.9654150756698128,19.418822855619883,19.418822855619883,2.8839074008142336,2.665364474133324,11.865982324433782,11.783944840225297,2.665364474133324,15.96596737184847,8.282555105531017,19.418822855619883,9.707644338644863,14.47255184796318,15.903850208119321,19.418822855619883,19.418822855619883,19.418822855619883,15.96596737184847,14.138915276859908,15.96596737184847,17.622083148906448,19.418822855619883,12.644192406918327,15.96596737184847,15.96596737184847,19.418822855619883,15.340168974923866,19.44958691872274,19.418822855619883,15.554076524149393,19.55010996726191,20.316087994651166,18.61223873611972,19.418822855619883,18.349339287523073,21.081255762232967,21.081255762232967,21.081255762232967,21.081255762232967,20.659203404210697,19.224175642473238,19.459949407058957,21.081255762232967,20.60698899876261,20.915064007533875,21.081255762232967,21.081255762232967,21.081255762232967,19.91958111482662,21.081255762232967
2024-01-04 08:00:00,10.47585710231881,1.2982027066040818,12.949627725438356,9.738892708312427,5.896858209631269,12.949627725438356,6.103666183647205,12.949627725438356,11.08681323220362,12.949627725438356,12.20623735512411,7.575311745144596,11.197886735195251,12.475449625244776,0.831683350372478,13.086714947918592,11.497499309548514,1.062225585788121,8.997131238186004,9.226175090981076,0.831683350372478,18.24288120488096,6.155975593642367,8.277700582375676,0.831683350372478,0.831683350372478,6.395667928600559,18.24288120488096,16.762437866687062,7.330591826569213,5.926626652081895,6.588099702540534,12.495054961801312,0.831683350372478,0.9074998049971343,2.5324190386100645,7.374687539704766,10.65354530068961,18.24288120488096,18.24288120488096,18.24288120488096,18.24288120488096,18.079632907064717,6.229392372753865,0.8429650717731202,10.16551862249466,2.345872561167101,6.270866755843003,18.24288120488096,8.748814546618542,0.6903476506350321,2.043095317907526,5.248480386257702,3.0294269993558034,8.378380312684591,3.0294269993558034,3.0294269993558034,15.6285174165026,19.94968611782067,8.618816107891837,3.461150169289572,0.6903476506350321,2.5123146293288814,1.4390861984201475,2.864127348408421,6.192052820579541,0.7629491127366494,3.697994037943523,0.9520524630296217,19.94968611782067,19.94968611782067,0.8809612849164377,0.6903476506350321,2.308392740366002,2.293965410521725,0.6903476506350321,3.0294269993558034,1.6798703396950836,19.94968611782067,1.9288216901705473,2.766790979181171,3.0185029099744924,19.94968611782067,19.94968611782067,19.94968611782067,3.0294269993558034,2.7081167657303102,3.0294269993558034,8.820435720603012,19.94968611782067,2.4452508322062285,3.0294269993558034,3.0294269993558034,19.94968611782067,2.9193724313060834,19.967573148154724,19.94968611782067,6.159736410885384,20.02601987583436,20.471379520473096,12.28275382684674,19.94968611782067,11.363462421786368,20.916268058882913,20.916268058882913,20.916268058882913,20.916268058882913,20.670875787216332,14.42253898597466,19.973598169706214,20.916268058882913,20.64051696721905,20.819639829132058,20.916268058882913,20.916268058882913,20.916268058882913,20.240840057484384,20.916268058882913
2024-01-04 09:00:00,12.144995455916739,10.955587608290019,2.9601765513706373,7.205575212745831,12.902257899618677,2.9601765513706373,6.817208084573592,2.9601765513706373,12.916634216689516,2.9601765513706373,4.026673080571958,7.313907769685925,7.976039572482915,15.687060644493659,10.758103937137001,15.945817153430944,15.273081640259008,10.855695444107832,8.630580626625393,8.29539783968841,10.758103937137001,21.70934071081501,13.011945636194977,9.106294125322554,10.758103937137001,10.758103937137001,8.242490607210273,21.70934071081501,19.996001457053655,13.509175864213987,6.568704134931608,7.4569451357236645,15.549242978281395,10.758103937137001,10.768544467521838,10.992308803580967,8.913406950801956,12.36941599036762,21.70934071081501,21.70934071081501,21.70934071081501,21.70934071081501,21.520411010135266,11.764575419389008,10.759657520137681,12.876096630524302,11.3990797941378,6.8650846288986935,21.70934071081501,10.721715136929378,1.3955306745986489,10.924925025226928,12.393460845304576,11.060750763065373,9.630447774824354,11.060750763065373,11.060750763065373,18.683698332832815,21.99761521706081,10.571265996288925,4.602221938732583,1.3955306745986489,10.989540266104392,2.235291006658871,11.037987682981198,7.67973847121934,1.695524392357889,6.278050942649658,1.698405574573493,21.99761521706081,21.99761521706081,1.6161306891286675,1.3955306745986489,8.081392748437853,8.021778131981984,1.3955306745986489,11.060750763065373,5.844896031287011,21.99761521706081,6.5129817659904745,9.97552253447404,11.015611752200183,21.99761521706081,21.99761521706081,21.99761521706081,11.060750763065373,9.733077066845768,11.060750763065373,12.87321635224563,21.99761521706081,8.64689882211885,11.060750763065373,11.060750763065373,21.99761521706081,10.605998502299437,21.898821036185968,21.99761521706081,11.116090753966612,21.57600632194403,19.116182613643893,13.956850090067212,21.99761521706081,13.669130951950935,16.658960933356266,16.658960933356266,16.658960933356266,16.658960933356266,18.01431886698481,14.626558452779312,21.86554345696703,16.658960933356266,18.181997609511882,17.192660861703025,16.658960933356266,16.658960933356266,16.658960933356266,20.389505070191184,16.658960933356266
2024-01-04 10:00:00,15.240918581603452,14.037115683840742,7.120612422052801,8.420249036756498,16.186727160655025,7.120612422052801,8.488313881975705,7.120612422052801,16.113859667207983,7.120612422052801,7.4459954444912215,8.489709106312123,10.711907259302741,19.26184674701363,13.819044258040021,19.547578729357877,18.804710259840153,13.926809720100325,8.850625756306457,8.748443145985663,13.819044258040021,20.272118786610136,16.307849889275523,9.002526192877196,13.819044258040021,13.819044258040021,8.731781690313207,20.272118786610136,18.724914496468312,16.856916574851297,8.300155168020675,9.107890410174694,19.10372054870098,13.819044258040021,13.658064121673421,10.207893296531058,9.027039119626862,15.494801505757374,20.272118786610136,20.272118786610136,20.272118786610136,20.272118786610136,20.101508767149493,14.87846021642617,13.795089919123535,16.083304689675746,14.526842114054643,9.157218553975303,20.272118786610136,10.349914886205154,1.9280494680782363,11.246868274668444,14.999398299691041,9.152602466958099,12.299930769291485,9.152602466958099,9.152602466958099,17.53985962814402,18.353553392043814,10.214054136306359,4.823801999362617,1.9280494680782363,10.250580739035161,2.9538571889763205,9.503581162580288,7.765454648661549,2.1522885949108317,7.921873795769484,2.201555922558048,18.353553392043814,18.353553392043814,2.127258870499208,1.9280494680782363,6.925593699201356,6.8810330009294915,1.9280494680782363,9.152602466958099,5.454834117079294,18.353553392043814,5.753238785086423,8.341416712099374,9.118861985797022,18.353553392043814,18.353553392043814,18.353553392043814,9.152602466958099,8.160193717259478,9.152602466958099,7.426016920144183,18.353553392043814,7.348297844901253,9.152602466958099,9.152602466958099,18.353553392043814,8.812684515872398,18.08459706287549,18.353553392043814,7.399556458340856,17.205769385220822,10.509168946539692,6.3937289909654,18.353553392043814,6.667815135485253,3.8196522439292635,3.8196522439292635,3.8196522439292635,3.8196522439292635,7.509465665224817,5.755753414192052,17.994002500816492,3.8196522439292635,7.9659526634496896,5.272591803065717,3.8196522439292635,3.8196522439292635,3.8196522439292635,13.975649772919596,3.8196522439292635
2024-01-04 11:00:00,13.471414348467137,13.27627138638377,1.6860703128814138,8.123171582855509,15.16582294867169,1.6860703128814138,7.344678707134525,1.6860703128814138,14.40299273578194,1.6860703128814138,3.3053860480401296,8.213751127195337,8.470856131608965,17.868914684689667,13.084582233364001,18.1200788227014,17.467082552309364,13.179310233932041,10.29573222209034,9.78664467975127,13.084582233364001,18.942592571581944,15.272292254200623,11.004304546977785,13.084582233364001,13.084582233364001,9.414727967941412,18.942592571581944,17.775715302788544,15.754932873084694,7.005529942596249,8.16085768961463,17.683137986728802,13.084582233364001,13.043724759107977,12.168056065759888,10.646848914650539,13.742351126389886,18.942592571581944,18.942592571581944,18.942592571581944,18.942592571581944,18.81392116418895,13.606523529292378,13.078502515656648,14.488016463696447,13.706750731737726,7.148030363868808,18.942592571581944,11.459421628038017,5.107782494237064,12.431752534032405,14.513925827435905,11.90021856185999,10.821399351550788,11.90021856185999,11.90021856185999,16.88196546191018,19.8057150986696,11.356957576077823,7.291713747747848,5.107782494237064,12.178890328436838,5.8180567796943095,11.98929851510428,9.216048909592521,5.318609369353926,9.415964409280882,5.314056783052225,19.8057150986696,19.8057150986696,5.258023108806225,5.107782494237064,9.806412248947796,9.764516827295104,5.107782494237064,11.90021856185999,8.292054034127004,19.8057150986696,8.704178546194989,11.13755167026149,11.868496175545848,19.8057150986696,19.8057150986696,19.8057150986696,11.90021856185999,10.967168034537035,11.90021856185999,11.756848967215111,19.8057150986696,10.203833499180284,11.90021856185999,11.90021856185999,19.8057150986696,11.58063187582627,19.651225599485183,19.8057150986696,11.1138615317675,19.14642376712041,15.299871982267177,11.67113140619633,19.8057150986696,11.693890556190436,11.45738912132178,11.45738912132178,11.45738912132178,11.45738912132178,13.576831446038874,11.618156156864428,19.599187751688092,11.45738912132178,13.839039247424434,12.291962918228931,11.45738912132178,11.45738912132178,11.45738912132178,17.291031247623796,11.45738912132178
2024-01-04 12:00:00,11.288883478613394,14.05745365062363,6.100627918669201,10.772773322724628,15.479741782399032,6.100627918669201,3.981421024851934,6.100627918669201,12.54494642298313,6.100627918669201,7.372477740816011,7.658481575993882,10.184510965852493,17.514391363796758,13.913166925259024,17.70344562394574,17.211927496571832,13.98446982783322,12.86286503538459,12.456010299948876,13.913166925259024,16.752282896056233,15.55988250608948,12.827729796369194,13.913166925259024,13.913166925259024,8.228042002298336,16.752282896056233,15.418902760957712,15.923171890646085,3.401956567100422,5.2187629549732275,17.21652136994087,13.913166925259024,13.849386034935403,12.482416345612842,10.842365048352024,11.65419213288201,16.752282896056233,16.752282896056233,16.752282896056233,16.752282896056233,16.605251238861992,12.923324073780748,13.90367613280667,12.986903741800882,14.381480618763112,2.9077423522772996,16.752282896056233,8.2013309232018,0.943370148045029,12.894061848127858,14.75521801905759,12.064306445971344,7.793682590443649,12.064306445971344,12.064306445971344,14.397622875364474,21.34374490297162,8.084246174788882,3.43892870225633,0.943370148045029,12.499329258907622,1.8397745709690108,12.203365426766505,5.5791748158178915,1.2885470808455162,6.8887393145223985,1.1790779182136213,21.34374490297162,21.34374490297162,1.1150487438228518,0.943370148045029,8.636215788322897,8.567622383727574,0.943370148045029,12.064306445971344,6.153121379748306,21.34374490297162,6.831580356836067,10.815627793192709,12.012368873956591,21.34374490297162,21.34374490297162,21.34374490297162,12.064306445971344,10.536666675232,12.064306445971344,13.197275432071635,21.34374490297162,9.286894920710296,12.064306445971344,12.064306445971344,21.34374490297162,11.541062186965728,21.236783286952647,21.34374490297162,11.57331206515174,20.887281087488468,18.22410076014844,13.874652936269694,21.34374490297162,13.694800219539948,15.56373757364282,15.56373757364282,15.56373757364282,15.56373757364282,17.031144596822607,14.293286431556071,21.200754609768047,15.56373757364282,17.21268554502325,16.14155912446367,15.56373757364282,15.56373757364282,15.56373757364282,19.602690333537193,15.56373757364282
2024-01-04 13:00:00,4.200795801555864,10.047369856720676,6.054674451580576,8.984652879989948,8.157419181505603,6.054674451580576,4.7403418664047,6.054674451580576,4.344560234573508,6.054674451580576,6.850280105291372,7.097258346069674,6.623067448999962,5.453756495810112,10.239099498510633,5.202539306663749,5.855673503566024,10.14435148940176,10.284791866473551,10.030417483391762,10.239099498510633,15.885686270179695,8.050927387425926,10.274096891452475,10.239099498510633,10.239099498510633,7.357866111545899,15.885686270179695,14.618276516375595,7.568184824718777,4.497668865352971,5.079514654742088,5.333236290282223,10.239099498510633,10.188712775728995,9.108810591276537,9.001928564164286,4.2426077121713135,15.885686270179695,15.885686270179695,15.885686270179695,15.885686270179695,15.745929158504865,7.036761894609271,10.231601799343242,4.992163068779931,9.6167995850988,3.446811747323411,15.885686270179695,7.757801618661795,0.8589360686049964,9.434009372828378,8.19566234566815,8.77850495429653,3.620356395289318,8.77850495429653,8.77850495429653,13.647525524746964,20.138685998607876,7.646509761033164,3.2310242447671254,0.8589360686049964,9.12217174489622,1.1034920979904417,8.888361155426233,5.424019836715263,1.1047474305111797,3.2847757090709493,1.0829819495172812,20.138685998607876,20.138685998607876,1.0221206857150504,0.8589360686049964,6.337253661929641,6.288406138821531,0.8589360686049964,8.77850495429653,4.5748775026729245,20.138685998607876,5.052115951367933,7.889281570415006,8.741518573985807,20.138685998607876,20.138685998607876,20.138685998607876,8.77850495429653,7.690624575092472,8.77850495429653,10.481101589640527,20.138685998607876,6.8006227590428825,8.77850495429653,8.77850495429653,20.138685998607876,8.405886242865705,20.02577823707517,20.138685998607876,8.950499806722705,19.656846722565696,16.845616484004413,11.499047070632926,20.138685998607876,11.22876903644282,14.037359995068218,14.037359995068218,14.037359995068218,14.037359995068218,15.58634222262938,12.12815871381235,19.987746675443034,14.037359995068218,15.777975285505171,14.647303452326472,14.037359995068218,14.037359995068218,14.037359995068218,18.300843775784024,14.037359995068218
2024-01-04 14:00:00,13.301701558928897,13.822426193272557,1.4748746756357884,2.009365051018297,15.75221908427553,1.4748746756357884,4.127957879418753,1.4748746756357884,14.390150227470446,1.4748746756357884,1.5788199984063906,3.022065481685805,6.102850905345696,18.512877919951983,13.626654682104041,18.769391040675217,18.102488064538278,13.723400082295068,2.02753656032424,1.9970720043081513,13.626654682104041,18.51798541251314,15.86095584119736,2.2600402227369454,13.626654682104041,13.626654682104041,3.134185497178313,18.51798541251314,17.045016921316794,16.353875142168427,3.9899968836952624,4.792223474332035,18.284115580096408,13.626654682104041,13.223350262998679,4.579618360079168,2.8944696335626765,13.618261903398652,18.51798541251314,18.51798541251314,18.51798541251314,18.51798541251314,18.355561365120607,13.818225910672503,13.566641745354097,14.570328321396406,14.262073354518478,5.6069036783629285,18.51798541251314,9.071854864890152,1.054075650446548,7.182568074747469,13.7553675900461,1.9357924532672035,9.998479131099472,1.9357924532672035,1.9357924532672035,15.91682170333397,5.174594763418542,8.942512796059095,3.8108882213921538,1.054075650446548,4.686563444055271,2.0468240653471765,2.815101305596107,6.420887867901886,1.0814427977300944,7.171199724552015,1.314459099584129,5.174594763418542,5.174594763418542,1.243726865083012,1.054075650446548,1.6639983296910474,1.6585599425108555,1.054075650446548,1.9357924532672035,1.9413312061947505,5.174594763418542,1.5209188856334328,1.8367917108851366,1.9316746138410703,5.174594763418542,5.174594763418542,5.174594763418542,1.9357924532672035,1.8146744449958017,1.9357924532672035,5.656350145661143,5.174594763418542,1.7155870366938664,1.9357924532672035,1.9357924532672035,5.174594763418542,1.8943073442093696,5.327319882721613,5.174594763418542,4.011194338463364,5.826356519381873,9.628977948983959,7.880790633280644,5.174594763418542,7.290172163634759,13.427576924681143,13.427576924681143,13.427576924681143,13.427576924681143,11.332340137668181,9.255541478440687,5.378763421311889,13.427576924681143,11.073126935733962,12.602534553693125,13.427576924681143,13.427576924681143,13.427576924681143,7.660559137618673,13.427576924681143
2024-01-04 15:00:00,5.738683409336489,13.690808479817637,5.881686178320063,6.982948392477445,10.613109938188924,5.881686178320063,6.555347901504935,5.881686178320063,5.674241054761668,5.881686178320063,6.16259370984608,6.870807840946327,6.222787924278551,6.210318471753402,14.00303146355069,5.801222728246848,6.8648220018444075,13.848738648780051,7.375229915145674,7.286635819366947,14.00303146355069,17.079202059508944,10.439692904806744,7.4744004361152,14.00303146355069,14.00303146355069,7.090847126875492,17.079202059508944,15.887450615090097,9.65356864203633,6.528458779434354,6.555291523521341,6.099091847183944,14.00303146355069,13.790512923491839,9.23575676995548,7.319445722371916,5.719941235679387,17.079202059508944,17.079202059508944,17.079202059508944,17.079202059508944,16.947787779946733,9.53218411852384,13.971408051808677,6.525459907012342,12.989644415370014,6.23182955294798,17.079202059508944,9.436513304398243,2.949477079961539,10.607363543903055,10.294647767365902,7.842610562602226,5.640448898661415,7.842610562602226,7.842610562602226,14.97464882153276,1.3077852633606835,9.331865039160512,5.179962920665455,2.949477079961539,9.292110759736918,3.1219063587635203,8.305956424202968,7.338402576686866,3.1013524942318482,5.2619144959325155,3.160148491785452,1.3077852633606835,1.3077852633606835,3.1029203547699655,2.949477079961539,6.334274867738552,6.304094253829605,2.949477079961539,7.842610562602226,5.461366588467724,1.3077852633606835,5.540248014494685,7.293200768203071,7.819758397476539,1.3077852633606835,1.3077852633606835,1.3077852633606835,7.842610562602226,7.170459845129628,7.842610562602226,8.514167252802144,1.3077852633606835,6.620569093678327,7.842610562602226,7.842610562602226,1.3077852633606835,7.612386781550867,1.467100134437692,1.3077852633606835,7.727355777622447,1.987669100401067,5.954365250819723,8.915676385281488,1.3077852633606835,8.809070382246732,9.916865387326611,9.916865387326611,9.916865387326611,9.916865387326611,7.731223757960007,9.163817444701852,1.520763348162155,9.916865387326611,7.460826078547108,9.056224259221226,9.916865387326611,9.916865387326611,9.916865387326611,3.9010135128131864,9.916865387326611
2024-01-04 16:00:00,14.646378296854884,15.45519048152642,4.338642231960529,2.7203841345930115,17.332584531792463,4.338642231960529,4.880491250046916,4.338642231960529,15.762790782816042,4.338642231960529,3.9053117335917347,3.562147396050955,7.658684089060193,20.018284379209597,15.264734670442808,20.26783250891106,19.619037663960896,15.358853184173494,2.0346881574707503,2.172824902045968,15.264734670442808,15.795685782997879,17.43836880607496,2.0059254441524663,15.264734670442808,15.264734670442808,3.351103827094133,15.795685782997879,14.617006162231181,17.91790408015477,4.784671954502834,5.510644088343243,19.779351197767998,15.264734670442808,14.815896215505859,5.196266257565674,2.714721046554998,14.97107153351413,15.795685782997879,15.795685782997879,15.795685782997879,15.795685782997879,15.66571293176022,15.307767180932697,15.197946129253934,15.977257140836333,15.882900091499367,6.699842659738804,15.795685782997879,8.236826487547528,1.8209438530209208,8.093095235541924,15.173099048634727,2.2539460673528535,11.23629160995005,2.2539460673528535,2.2539460673528535,13.714216510157396,16.89317973873818,8.133326065406692,4.0269644264874085,1.8209438530209208,5.31528569792146,2.85650981624638,3.2325309972357585,6.191729550606016,1.8343835825755974,8.242441415759968,2.02930449815199,16.89317973873818,16.89317973873818,1.9727040726601697,1.8209438530209208,2.120470719061436,2.1177999820584836,1.8209438530209208,2.2539460673528535,2.555275896256963,16.89317973873818,2.050205849543087,2.205327802922818,2.2519238380111024,16.89317973873818,16.89317973873818,16.89317973873818,2.2539460673528535,2.1944662370839754,2.2539460673528535,4.467972131280516,16.89317973873818,2.1458054118962337,2.2539460673528535,2.2539460673528535,16.89317973873818,2.233573149397362,16.7488240604427,16.89317973873818,3.4984621035699472,16.277134972831444,12.682899798709109,5.791690139286093,16.89317973873818,5.440225441317205,9.092466645266168,9.092466645266168,9.092466645266168,9.092466645266168,11.072883023129242,6.6097756130884,16.700199662956507,9.092466645266168,11.317891164285784,9.87229612996371,9.092466645266168,9.092466645266168,9.092466645266168,14.54344791273831,9.092466645266168
2024-01-04 17:00:00,15.55769478369621,3.3467744227475755,4.795847549022307,2.1308341693449275,10.725617662795516,4.795847549022307,3.198574091815169,4.795847549022307,17.016696933410692,4.795847549022307,4.119138156377219,2.3008608300985744,8.029306374790073,21.281397447600618,2.598213632356764,22.262212599141826,19.712212264816674,2.9681337131765693,1.1978839431852575,1.411087938147269,2.598213632356764,3.0500370587624475,11.141388436694664,0.9403844621454993,2.598213632356764,2.598213632356764,2.4300310655322086,3.0500370587624475,3.0403477056074126,13.02613693422342,3.021623911074351,4.08004577354107,21.176516539228835,2.598213632356764,2.744344846391847,5.8762694594901745,1.3878776586214219,15.982025518295385,3.0500370587624475,3.0500370587624475,3.0500370587624475,3.0500370587624475,3.0489686150275936,10.0662936968264,2.6199584060057455,15.864492666145042,5.027829161258751,5.237860412663321,3.0500370587624475,2.987899344770928,2.93515748722804,4.933130272668171,9.779884730711242,6.8342195120010185,11.447159610881178,6.8342195120010185,6.8342195120010185,3.0329263099969896,3.572243031498261,2.987048518028742,2.953292111791825,2.93515748722804,5.837519537058929,4.016228851020724,6.515615341018578,3.0192092247742774,3.056178436764542,7.542404139238201,2.93687031897529,3.572243031498261,3.572243031498261,2.9364050343452233,2.93515748722804,5.632311889959477,5.608262661383518,2.93515748722804,6.8342195120010185,4.561096122496984,3.572243031498261,4.999596685864463,6.396425841957094,6.816009910823876,3.572243031498261,3.572243031498261,3.572243031498261,6.8342195120010185,6.298620524824612,6.8342195120010185,8.337496887285639,3.572243031498261,5.860443607239164,6.8342195120010185,6.8342195120010185,3.572243031498261,6.650767169022514,3.7185320808010593,3.572243031498261,7.3061756869967525,4.196538550708768,7.838911700151421,9.23627371973246,3.572243031498261,8.99763654319869,11.477431908045903,11.477431908045903,11.477431908045903,11.477431908045903,9.470491602252935,9.791736640360565,3.767807710032745,11.477431908045903,9.222202040910759,10.687158083824142,11.477431908045903,11.477431908045903,11.477431908045903,5.953445066644075,11.477431908045903
2024-01-04 18:00:00,15.735047540136641,1.423344647188467,0.8473755146751789,3.342582941098768,9.542533449745685,0.8473755146751789,4.398277744278455,0.8473755146751789,17.173794139510903,0.8473755146751789,1.4573317723401367,3.9620556489338528,7.39829837983228,21.157412129631098,0.5996780927360958,22.236635950588717,19.430785021461862,1.0067135697512857,4.090422589362494,3.89994912346876,0.5996780927360958,9.369220101610802,10.000019982804298,4.4660483136,0.5996780927360958,0.5996780927360958,4.751123952978325,9.369220101610802,8.698321726764885,12.073871994420227,4.114743564694558,5.389661777334927,21.08947138961091,0.5996780927360958,0.8480711548501632,6.1716999914048305,4.762193021117804,16.153487226146712,9.369220101610802,9.369220101610802,9.369220101610802,9.369220101610802,9.295240223505575,9.232336494749674,0.6366397435874399,15.792470328513984,3.273065581132174,5.6848550457980815,9.369220101610802,5.066756287306524,1.4148689068272065,4.568557006783857,8.813652221728432,7.800018406924008,11.525003625707319,7.800018406924008,7.800018406924008,8.184458502413861,0.9159143398419106,5.007844379620375,2.670524465419642,1.4148689068272065,6.105833078897903,2.604147164427884,7.2584567278864105,3.935730966798779,1.6130542269181913,6.311939927927632,1.5334667138456675,0.9159143398419106,0.9159143398419106,1.5012500429123485,1.4148689068272065,5.8317604507074945,5.792377153174944,1.4148689068272065,7.800018406924008,4.066705022804883,0.9159143398419106,4.795618644431368,7.083082380857772,7.770198151407565,0.9159143398419106,0.9159143398419106,0.9159143398419106,7.800018406924008,6.9229152514744845,7.800018406924008,8.130785764499246,0.9159143398419106,6.205351614759169,7.800018406924008,7.800018406924008,0.9159143398419106,7.49959470793733,1.0622138453481194,0.9159143398419106,7.33191677048475,1.5402544814009014,5.182887974285046,8.328544370333375,0.9159143398419106,8.276036836062566,8.821668250226924,8.821668250226924,8.821668250226924,8.821668250226924,6.814584495719439,8.450763333718225,1.1114929966206204,8.821668250226924,6.566277187552258,8.03133794013766,8.821668250226924,8.821668250226924,8.821668250226924,3.2972865745546773,8.821668250226924
2024-01-04 19:00:00,15.553379993777865,7.8197415609984375,2.5793967671804006,5.341701998614444,13.349086252834244,2.5793967671804006,5.20190861660568,2.5793967671804006,16.91628947981322,2.5793967671804006,3.273964849931902,5.391008479062734,8.56309769283989,21.259072008395655,7.25880666941549,21.994046973362018,20.083201281959482,7.536006708600923,6.27231238306661,6.053974030617291,7.25880666941549,11.635534549374912,13.660644561757579,6.578179938141744,7.25880666941549,7.25880666941549,6.206560210151503,11.635534549374912,10.865664481077783,15.072983022032071,4.883625190964675,6.196705230786911,21.103690372908506,7.25880666941549,7.353764027515805,9.38891640062734,6.526248937027453,15.94976349706108,11.635534549374912,11.635534549374912,11.635534549374912,11.635534549374912,11.550641075273765,12.183156179260896,7.272936616065361,16.23653522712401,9.079441868036238,6.091973047416258,11.635534549374912,6.698366366004237,2.5077483939921072,8.776056197604621,12.504296457302345,10.011400835449383,11.608699422962568,10.011400835449383,10.011400835449383,10.275995567783186,13.699413248816883,6.630763706504181,3.9486396927275424,2.5077483939921072,9.36373635757521,3.600146965714627,9.804369021226789,5.323299329622059,2.7406503426370317,7.901505892976145,2.643841884768802,13.699413248816883,13.699413248816883,2.606872573794637,2.5077483939921072,7.698358107419625,7.652075937099529,2.5077483939921072,10.011400835449383,5.8586236345553555,13.699413248816883,6.480712695320513,9.16887729511896,9.97635688963301,13.699413248816883,13.699413248816883,13.699413248816883,10.011400835449383,8.980653280721192,10.011400835449383,9.194441694793857,13.699413248816883,8.13739218958179,10.011400835449383,10.011400835449383,13.699413248816883,9.65835115002873,13.584468970115008,13.699413248816883,8.75918861869654,13.208883038288727,10.346946643041688,8.70599960103998,13.699413248816883,8.835687458966119,7.488037634938422,7.488037634938422,7.488037634938422,7.488037634938422,9.064958853215035,8.404132149455123,13.545751433248022,7.488037634938422,9.260048401432748,8.10898264165675,7.488037634938422,7.488037634938422,7.488037634938422,11.82842186786435,7.488037634938422
2024-01-04 20:00:00,14.995519727311311,9.36438615354271,3.690753395480522,3.991482116410035,13.909774698637534,3.690753395480522,4.798312911700428,3.690753395480522,16.25412064949597,3.690753395480522,3.756885564185916,4.309318646494958,8.13719368256115,20.41216524380988,8.90327056519645,21.016350183052722,19.44554268212603,9.131142393240323,4.042368340925612,4.022268235911142,8.90327056519645,11.644706521565372,14.165890684786888,4.129654232956621,8.90327056519645,8.90327056519645,4.769131856127818,11.644706521565372,10.741146963773383,15.326901151109823,4.58615614830156,5.625376368457589,20.245065101207118,8.90327056519645,8.876085969858554,8.293458200712427,4.4094521288381685,15.361566517566095,11.644706521565372,11.644706521565372,11.644706521565372,11.644706521565372,11.545071124532823,12.606865646872075,8.899225413883194,15.789485949421547,10.399920681588386,6.159874855624507,11.644706521565372,5.850189129327486,0.931861897770454,8.468909128909832,12.780363254316567,8.115252026874908,11.184161269207515,8.115252026874908,8.115252026874908,10.049080854853667,13.697309418033587,5.770847131711521,2.62296687551228,0.931861897770454,8.300666797230456,2.0733164075179773,8.174521536940322,4.352516101967945,1.1548233917892556,6.943272731380641,1.0915882975986115,13.697309418033587,13.697309418033587,1.0481991912399546,0.931861897770454,5.900931943374488,5.856625135719849,0.931861897770454,8.115252026874908,4.28033059949806,13.697309418033587,4.735256680259107,7.308688112785583,8.081703786677721,13.697309418033587,13.697309418033587,13.697309418033587,8.115252026874908,7.128497660517949,8.115252026874908,8.21264011216843,13.697309418033587,6.321227674919812,8.115252026874908,8.115252026874908,13.697309418033587,7.777270804380865,13.599577487440666,13.697309418033587,7.428643411699799,13.2802337268336,10.84685842272572,8.270866329270644,13.697309418033587,8.25540649591948,8.416057169223528,8.416057169223528,8.416057169223528,8.416057169223528,9.75684208514644,8.306851351849247,13.566657713889976,8.416057169223528,9.922717919952184,8.944018673562638,8.416057169223528,8.416057169223528,8.416057169223528,12.106489919679364,8.416057169223528
2024-01-04 21:00:00,3.3851343779321357,2.389231356693281,2.7243511424872953,4.4971252756031745,3.2723923971104725,2.7243511424872953,2.2250062956567698,2.7243511424872953,3.6483703035059456,2.7243511424872953,3.2017024648508263,3.487843692734513,3.7408699774997833,4.535795501619664,2.2996374047755856,4.653187578062049,4.347982429360156,2.343912502215643,5.262357417749594,5.1100074125567225,2.2996374047755856,14.055713049094393,3.322155285046474,5.278810204562182,2.2996374047755856,2.2996374047755856,3.8969472112858683,14.055713049094393,12.905385807943734,3.547737587021414,2.0559763888154996,2.5376305617652175,4.498004373122207,2.2996374047755856,2.4570520803053673,5.830806962244893,4.60099680948074,3.4616929311141766,14.055713049094393,14.055713049094393,14.055713049094393,14.055713049094393,13.92886661113575,2.9726583424355946,2.3230611921643716,3.570825336731364,2.5904339034290658,1.6838518435773082,14.055713049094393,6.678677248708306,0.41712454134860444,4.814843671627427,3.612104723568996,6.8627247334442005,2.585766262442054,6.8627247334442005,6.8627247334442005,12.024312179866678,10.572236107265221,6.577666462603638,2.570080709833672,0.41712454134860444,5.789064980515688,0.6576093923883026,6.5195196726445594,4.473866922539052,0.6171861588925026,1.7145955010362672,0.6204732052731472,10.572236107265221,10.572236107265221,0.565234266585459,0.41712454134860444,4.875832514164055,4.8360763596468725,0.41712454134860444,6.8627247334442005,3.205197049943491,10.572236107265221,3.829881150696304,6.139001195371565,6.832622157978706,10.572236107265221,10.572236107265221,10.572236107265221,6.8627247334442005,5.977317701523117,6.8627247334442005,8.42197344031554,10.572236107265221,5.252960610967456,6.8627247334442005,6.8627247334442005,10.572236107265221,6.559456806535169,10.592713885410856,10.572236107265221,7.103765081156516,10.65962600555655,11.169491300555634,9.35421431402209,10.572236107265221,9.10669199043809,11.678817254554088,11.678817254554088,11.678817254554088,11.678817254554088,11.397882498812422,9.930358713548072,10.599611567829342,11.678817254554088,11.363126523725604,11.568193444201619,11.678817254554088,11.678817254554088,11.678817254554088,10.905560626277726,11.678817254554088
2024-01-04 22:00:00,0.6404147646520685,8.105994589976024,0.725471419241689,2.8700330467866912,5.407370954846732,0.725471419241689,1.1773188466509343,0.725471419241689,0.6777163786671775,0.725471419241689,1.2860613890391845,2.2049241534079353,1.5303071000551365,1.5468638417683989,8.379761598646963,1.188155726751603,2.1207532827545332,8.244472768035788,3.7060452535205344,3.528272945112552,8.379761598646963,13.454370600207325,5.255313403176483,3.821983268090274,8.379761598646963,8.379761598646963,2.732141333239939,13.454370600207325,12.319580954991093,4.566014731793885,1.0634829524090013,1.3223088524067148,1.4226187002375363,8.379761598646963,8.289961896751334,6.365349838520618,3.2858465586564582,0.651263426718717,13.454370600207325,13.454370600207325,13.454370600207325,13.454370600207325,13.329237490967865,4.225810993499344,8.366399127087686,1.4879920444376913,7.491191713466768,0.5048950244627975,13.454370600207325,6.176977229696708,0.0,6.944922234342699,5.485771952018319,5.776675955843343,0.5087624082935148,5.776675955843343,5.776675955843343,11.450408084830405,12.331485852832865,6.07733080733426,2.123875953904571,0.0,6.389162214991872,0.048540518140459094,5.972462733951259,3.9669411881727554,0.1792992275832151,1.5184453944408258,0.20060201126707414,12.331485852832865,12.331485852832865,0.14610919096941677,0.0,3.995983364322828,3.9603531025858625,0.0,5.776675955843343,2.7736385818085973,12.331485852832865,3.05858080874153,5.128060429520598,5.7496974249512585,12.331485852832865,12.331485852832865,12.331485852832865,5.776675955843343,4.983156444858867,5.776675955843343,7.278073003123032,12.331485852832865,4.333973116114875,5.776675955843343,5.776675955843343,12.331485852832865,5.504881167252169,12.296003411400445,12.331485852832865,6.053245656189654,12.180062835850519,11.29660441865482,8.175725628370293,12.331485852832865,7.937386943767175,10.414080533288235,10.414080533288235,10.414080533288235,10.414080533288235,10.90086435065561,8.73049376538592,12.28405159657499,10.414080533288235,10.96108703896066,10.605761625052539,10.414080533288235,10.414080533288235,10.414080533288235,11.75392476980242,10.414080533288235
2024-01-04 23:00:00,6.530411164251858,7.168476723556215,0.8548407973592456,2.2075138525568354,7.864996368614431,0.8548407973592456,2.7833813874029456,0.8548407973592456,7.008928979099126,0.8548407973592456,1.1846209467942252,2.5724024402824615,3.4719395386343863,8.861400242479268,7.097816963067236,8.953983456269668,8.71327833895226,7.132735255136935,2.6082330045468582,2.50531713774957,7.097816963067236,13.749389511750834,7.9042426979428635,2.816884944732845,7.097816963067236,7.097816963067236,3.245105274236125,13.749389511750834,12.657737246166073,8.0821519327397,2.6860669804610833,3.1164842865150324,8.754434122708494,7.097816963067236,7.097934613217883,7.100456123799873,2.9638068125799335,6.669581497847782,13.749389511750834,13.749389511750834,13.749389511750834,13.749389511750834,13.629013155853709,6.9534819316046885,7.097834469771142,7.13231410761996,7.327158458849947,3.190318666302301,13.749389511750834,6.748635676923909,0.8064672621081437,7.099696803019956,7.6200654556023375,7.101227368798658,5.049824514606724,7.101227368798658,7.101227368798658,11.821604719846695,9.773140759601036,6.652777168531673,2.849607157396071,0.8064672621081437,7.1004249262611285,1.2652465726131514,7.100970860776325,4.733976450469987,1.0018470330315197,3.6946670682841334,0.9994436793707749,9.773140759601036,9.773140759601036,0.9470223244643282,0.8064672621081437,5.160832447382945,5.122006667317175,0.8064672621081437,7.101227368798658,3.712204382428623,9.773140759601036,4.139358462017006,6.3944404257736664,7.071829254503389,9.773140759601036,9.773140759601036,9.773140759601036,7.101227368798658,6.236540652803625,7.101227368798658,7.215798043343937,9.773140759601036,5.529134983705532,7.101227368798658,7.101227368798658,9.773140759601036,6.805056524959048,9.730244469815755,9.773140759601036,6.516578447763499,9.590078789950285,8.522026909995745,7.284297356678978,9.773140759601036,7.266109879945432,7.455104826823422,7.455104826823422,7.455104826823422,7.455104826823422,8.043599272233749,7.326631368051434,9.715795393272101,7.455104826823422,8.116405138597326,7.686836560231371,7.455104826823422,7.455104826823422,7.455104826823422,9.074901670457127,7.455104826823422
2024-01-05 00:00:00,5.55625089799798,9.429728643692261,3.2719197469522396,4.103756502792124,9.105266732883813,3.2719197469522396,1.7998963353059025,3.2719197469522396,6.127086644375293,3.2719197469522396,3.516006937119468,2.9679746642962916,4.612507674311846,8.641108819830112,9.462644299507833,8.59798049363235,8.71010890646362,9.446378202998588,4.569695182638132,4.490430281582102,9.462644299507833,2.9732388173264472,9.08698449332823,4.463004689193551,9.462644299507833,9.462644299507833,2.8326607022978,2.9732388173264472,2.853329751220599,9.004108481600198,1.5923511669719468,2.2997147142769627,8.46486196889545,9.462644299507833,9.21286419898877,3.8595079715504825,3.8179732049620885,5.722270633913486,2.9732388173264472,2.9732388173264472,2.9732388173264472,2.9732388173264472,2.9600164599220795,7.551836771402334,9.425476253080033,6.6102993591507975,9.35580943781042,1.6823780926242735,2.9732388173264472,2.2042633103490776,1.5515647471463008,5.471602981117094,8.166864571556346,2.22209695030929,4.026075586983716,2.22209695030929,2.22209695030929,2.7614874370217866,12.005291683592025,2.19373403781241,1.7759869413661273,1.5515647471463008,3.9257426879585653,1.9130947119848634,2.766682734936255,1.9176111574277876,1.5723770459520148,4.412623642179528,1.5727616270538596,12.005291683592025,12.005291683592025,1.5670035702907308,1.5515647471463008,2.015401657778562,2.0112658471351423,1.5515647471463008,2.22209695030929,2.1585249351080797,12.005291683592025,1.9065919191591174,2.1468083931536865,2.2189653961256295,12.005291683592025,12.005291683592025,12.005291683592025,2.22209695030929,2.1299885492114203,2.22209695030929,4.40462692548121,12.005291683592025,2.054634083943368,2.22209695030929,2.22209695030929,12.005291683592025,2.190548156540114,11.94899891213184,12.005291683592025,3.423692369500335,11.765059587245617,10.36345584279935,5.709514107351997,12.005291683592025,5.363049243622684,8.963334729890127,8.963334729890127,8.963334729890127,8.963334729890127,9.735615584176019,6.515961735912793,11.930037398962426,8.963334729890127,9.831158672323745,9.26743612360279,8.963334729890127,8.963334729890127,8.963334729890127,11.088993009126412,8.963334729890127
2024-01-05 01:00:00,3.796414417372665,8.495835169811558,3.337053280292223,4.36726324759788,7.623118256428567,3.337053280292223,1.2801731855009462,3.337053280292223,4.243364798432341,3.337053280292223,3.642200280516386,2.866703963976208,4.091031550825504,6.374655963294688,8.584369597392804,6.258652147546631,6.560247986962158,8.540618090465635,4.959474681812069,4.860203843882243,8.584369597392804,0.652808499800022,7.573943856774323,4.8111140095945935,8.584369597392804,8.584369597392804,3.259237446165989,0.652808499800022,0.6637852298396419,7.3510292565102535,1.063213087800592,1.7325231281680522,6.210610927448537,8.584369597392804,8.556748545147883,7.964766510804579,3.9337729493475755,3.926403796457232,0.652808499800022,0.652808499800022,0.652808499800022,0.652808499800022,0.654018902419512,6.1572537700645125,8.580259499950731,4.801642497747273,8.297012013539735,0.8274896445658405,0.652808499800022,0.7232021474306306,0.7829515571975311,8.143034356763824,7.566296323577789,7.783699182902444,2.608533133922011,7.783699182902444,7.783699182902444,0.6721926699266526,2.9454840667431252,0.7241660193537642,0.7624074739113214,0.7829515571975311,7.972090843521772,1.0579872411959323,7.843920282893054,0.6961321853677727,1.0002441059554725,3.2494270819394147,0.7810111498873605,2.9454840667431252,2.9454840667431252,0.7815382546067474,0.7829515571975311,5.62567967003925,5.582499392633178,0.7829515571975311,7.783699182902444,4.047625914079237,2.9454840667431252,4.4896424809223445,6.997642696333191,7.751003929173226,2.9454840667431252,2.9454840667431252,2.9454840667431252,7.783699182902444,6.8220337069541594,7.783699182902444,7.758494192370593,2.9454840667431252,6.0352891012169305,7.783699182902444,7.783699182902444,2.9454840667431252,7.454311359272851,3.0335767240208513,2.9454840667431252,7.04459882644151,3.321423697740368,5.514795867842417,7.743424676974087,2.9454840667431252,7.747425833296912,7.705847865238908,7.705847865238908,7.705847865238908,7.705847865238908,6.4973041951715045,7.73411140060513,3.0632496294005715,7.705847865238908,6.347788648128197,7.229959058219407,7.705847865238908,7.705847865238908,7.705847865238908,4.379401477450585,7.705847865238908
2024-01-05 02:00:00,1.1723550650920151,9.046405599236824,2.747651668571885,2.994289507716308,6.392553227077076,2.747651668571885,0.7482600648123096,2.747651668571885,1.310347338441069,2.747651668571885,2.843767460654072,1.875274629312929,2.385207898564849,2.5960934961180877,9.315630701960584,2.243336494527287,3.160461878019374,9.182586368037752,3.258685098307773,3.22599516459222,9.315630701960584,0.15385656534340666,6.243018371993233,3.0918976943136025,9.315630701960584,9.315630701960584,2.397161824724892,0.15385656534340666,0.20130473909452723,5.565155445736148,0.6360613018246059,0.9385693508415417,2.445054567636838,9.315630701960584,9.289355858352637,8.726226140007322,2.4588246160364946,1.2124882223534166,0.15385656534340666,0.15385656534340666,0.15385656534340666,0.15385656534340666,0.15908866940272823,4.9781286308590715,9.311720924500035,2.1761910096365904,8.441802552337121,0.3094374848904232,0.15385656534340666,0.4581411757598548,0.7164148479658764,8.895805478671573,6.6788991202241395,8.553983761949041,0.8452705308386383,8.553983761949041,8.553983761949041,0.23764686253299594,0.835070581400497,0.4623076226267806,0.6276106931945411,0.7164148479658764,8.733193495739114,0.7701166771594227,8.611269775896705,0.5009118959079674,0.9596810555823712,2.3487534198558953,0.7080272149578128,0.835070581400497,0.835070581400497,0.710305685524205,0.7164148479658764,6.1380094183399025,6.089667667145733,0.7164148479658764,8.553983761949041,4.365791654112313,0.835070581400497,4.866178146225598,7.673967481809294,8.517380342148273,0.835070581400497,0.835070581400497,0.835070581400497,8.553983761949041,7.477367399966678,8.553983761949041,8.309168081973645,0.835070581400497,6.5965807476197895,8.553983761949041,8.553983761949041,0.835070581400497,8.185223180201328,0.9639192776302231,0.835070581400497,7.600402217886852,1.3849385591862777,4.593073643285639,8.162798113929695,0.835070581400497,8.201661282897074,7.797815127539373,7.797815127539373,7.797815127539373,7.797815127539373,6.03013912550956,8.072338405794367,1.0073203429366246,7.797815127539373,5.811450259741,7.101756520276922,7.797815127539373,7.797815127539373,7.797815127539373,2.9323894111445115,7.797815127539373
2024-01-05 03:00:00,3.1671574411588774,6.992428549433362,3.317014073091079,4.458205967148277,6.323484625120917,3.317014073091079,1.2080834493430135,3.317014073091079,3.552213103617099,3.317014073091079,3.65214667781784,2.8911107893988235,3.8825237098909895,5.366529107337128,7.060290838469766,5.277611330505103,5.508786756672637,7.026754987050326,5.098864492254182,4.990016642613044,7.060290838469766,7.550513869154617,6.285792086594416,4.950954804939351,7.060290838469766,7.060290838469766,3.1682693093526253,7.550513869154617,6.929197447759892,6.11492640815907,0.9944183685941079,1.6277570609753376,5.228692488251457,7.060290838469766,7.0440668450701,6.696349729417051,4.021520794760491,3.2791455915152317,7.550513869154617,7.550513869154617,7.550513869154617,7.550513869154617,7.482001386723707,5.094064532659558,7.057876658402298,4.009063643994938,6.840029139772453,0.6404537347751731,7.550513869154617,3.5660185707455616,0.18401962180329418,6.801060307803764,6.281772085185014,6.589994797435072,2.1114240254614516,6.589994797435072,6.589994797435072,6.453310679196086,11.065973003061059,3.511460478143979,1.346877436667167,0.18401962180329418,6.700651879987094,0.4464272802985132,6.625367335747687,2.329343551100313,0.382851339159049,2.42239333608872,0.2938525977124932,11.065973003061059,11.065973003061059,0.26401686186332185,0.18401962180329418,4.615317210548254,4.57580546124243,0.18401962180329418,6.589994797435072,3.160555843930321,11.065973003061059,3.575795944939906,5.870720427206657,6.560077280771377,11.065973003061059,11.065973003061059,11.065973003061059,6.589994797435072,5.710030899926836,6.589994797435072,6.734164967147999,11.065973003061059,4.990126872047037,6.589994797435072,6.589994797435072,11.065973003061059,6.288591242537736,10.991383544107272,11.065973003061059,6.011074632084782,10.747658917166628,8.89049569258116,6.820361174580025,11.065973003061059,6.797474937611167,7.03529699525749,7.03529699525749,7.03529699525749,7.03529699525749,8.058590210129601,6.873632237427646,10.966259021516443,7.03529699525749,8.185187410211558,7.438239643767228,7.03529699525749,7.03529699525749,7.03529699525749,9.85185224482475,7.03529699525749
2024-01-05 04:00:00,4.895240926415433,2.7154046226567172,2.089653933128514,3.4945142623583028,3.923022988180853,2.089653933128514,3.5008819455254203,2.089653933128514,5.099497184395088,2.089653933128514,2.440375276606927,3.602739769566034,3.648087898734919,5.650577445683631,2.592895480128662,5.8110972387803335,5.3937652619861325,2.6534364441851457,3.9543873672149235,3.844320916648188,2.592895480128662,12.44620511474131,3.9910678572849614,4.124312285713652,2.592895480128662,2.592895480128662,3.6288855913677134,12.44620511474131,11.41336974053894,4.299524999680489,3.4330600786208008,3.672510445921035,5.643245670951399,2.592895480128662,2.568057402446947,2.035720848979754,4.096003448301455,4.9546460534140095,12.44620511474131,12.44620511474131,12.44620511474131,12.44620511474131,12.332314489944661,3.901151991133065,2.589199497852521,4.887410988138166,2.9905253305556805,3.4980857982436104,12.44620511474131,5.822643350025906,0.20063171521082948,2.1960272184411807,3.55710668904288,1.8728970609439184,4.075034626433991,1.8728970609439184,1.8728970609439184,10.622287013988412,3.1105484609535545,5.731949581041933,2.1336897272025213,0.20063171521082948,2.042307214458636,0.5445761295754847,1.927050550332438,4.01532468653914,0.25253628577979564,1.904214433579476,0.3832107986966481,3.1105484609535545,3.1105484609535545,0.33361384239665554,0.20063171521082948,1.3574119385369314,1.3470974856547584,0.20063171521082948,1.8728970609439184,1.002182097468588,3.1105484609535545,1.0860472608775305,1.6851321117473514,1.8650871608154567,3.1105484609535545,3.1105484609535545,3.1105484609535545,1.8728970609439184,1.6431844737180212,1.8728970609439184,3.400744011937953,3.1105484609535545,1.455255153814229,1.8728970609439184,1.8728970609439184,3.1105484609535545,1.7942163439388188,3.174974241725713,3.1105484609535545,2.5895853159998303,3.3854885637800196,4.989591776800909,4.314210459085116,3.1105484609535545,4.071672994904951,6.5919981521658455,6.5919981521658455,6.5919981521658455,6.5919981521658455,5.708140496517291,4.8787518694893075,3.1966752569515333,6.5919981521658455,5.598793632050789,6.243961109120322,6.5919981521658455,6.5919981521658455,6.5919981521658455,4.159231195728754,6.5919981521658455
2024-01-05 05:00:00,5.370698460707634,5.538873350638279,2.8014389738237906,3.1086907135698425,5.604672895845679,2.8014389738237906,4.504697854144264,2.8014389738237906,5.4364379946067105,2.8014389738237906,2.856937949840697,3.830988347859276,3.7991739657285093,5.698802217550192,5.532198190594157,5.7075484652755355,5.684809282883551,5.535496888274698,3.09651880874309,3.0806523654859097,5.532198190594157,9.203668005329707,5.608380459069764,3.2543872660840716,5.532198190594157,5.532198190594157,4.015050623355403,9.203668005329707,8.472239521795467,5.625187374453823,4.53634458759084,4.5000321067582245,5.68284860057816,5.532198190594157,5.486647430763549,4.5103909423683834,3.642104042725217,5.389817901153325,9.203668005329707,9.203668005329707,9.203668005329707,9.203668005329707,9.123013479870496,5.467390449753788,5.525420097572785,5.462081862983018,5.55386386251993,4.854592998711476,9.203668005329707,4.513025277390077,0.5316555962438473,4.804378143319512,5.347967451529243,4.211787026293588,4.828482720950233,4.211787026293588,4.211787026293588,7.9120142879552375,13.633213275099392,4.448798191863323,1.9005995011587071,0.5316555962438473,4.522469733486185,0.8613062557978293,4.311099566528605,3.395519460446909,0.6458812734077484,2.5140516999929106,0.6609535903818148,13.633213275099392,13.633213275099392,0.6258302518125554,0.5316555962438473,3.077365981491419,3.0546671063802977,0.5316555962438473,4.211787026293588,2.2847689611868915,13.633213275099392,2.480177454079888,3.798575275680495,4.194599886105796,13.633213275099392,13.633213275099392,13.633213275099392,4.211787026293588,3.7062616835092634,4.211787026293588,4.779452320601203,13.633213275099392,3.292688204533275,4.211787026293588,4.211787026293588,13.633213275099392,4.038635450601286,13.491312336508916,13.633213275099392,4.1615506944251015,13.027644228366205,9.494528311173815,5.118847048078687,13.633213275099392,5.028733243881952,5.965149762052546,5.965149762052546,5.965149762052546,5.965149762052546,7.91188955183414,5.328600103302858,13.443514787266936,5.965149762052546,8.152731378099245,6.731718400887821,5.965149762052546,5.965149762052546,5.965149762052546,11.323438173195859,5.965149762052546
2024-01-05 06:00:00,5.0403993834459175,7.733951918814086,2.155453987750546,1.833445941456242,6.850554297268463,2.155453987750546,3.9222574288001604,2.155453987750546,5.100128932764694,2.155453987750546,2.043487195571558,2.8489709631468583,3.0155357213096776,5.5868127524087,7.823569871154438,5.469389228983667,5.774676136023143,7.779282913303839,1.5601431383655968,1.5975907454723473,7.823569871154438,10.628011513007845,6.800778078852916,1.7009369429675414,7.823569871154438,7.823569871154438,3.173899084405306,10.628011513007845,9.731607082612983,6.575135347903971,3.99347439092758,3.8704496860850703,5.532606605953285,7.823569871154438,7.727570273376832,5.670080331118224,2.301459004610743,5.057770902428719,10.628011513007845,10.628011513007845,10.628011513007845,10.628011513007845,10.529165110959505,6.345350519914426,7.809284836038217,5.397742870302187,7.5326954739517165,4.520822899091118,10.628011513007845,4.879379873168672,0.0,6.289667208439818,6.558062687853371,5.040763587674219,4.493935319620194,5.040763587674219,5.040763587674219,9.045021322092943,14.198882629282776,4.800666170717081,1.677713418266512,0.0,5.695536747065197,0.34186529992916714,5.250067756304739,3.455752497012615,0.15645762798679194,2.4682120359145157,0.15846155488285274,14.198882629282776,14.198882629282776,0.1154160391386346,0.0,3.4869200893041548,3.4558288999496054,0.0,5.040763587674219,2.44129856066549,14.198882629282776,2.668936753336139,4.4747776205748195,5.017221952794699,14.198882629282776,14.198882629282776,14.198882629282776,5.040763587674219,4.348333496795831,5.040763587674219,4.8227732780771575,14.198882629282776,3.7818520617505254,5.040763587674219,5.040763587674219,14.198882629282776,4.803593754344007,14.016947601246995,14.198882629282776,4.392211046821408,13.422466189832964,8.892562795020547,4.6924416152816235,14.198882629282776,4.727046401363843,4.367451180809117,4.367451180809117,4.367451180809117,4.367451180809117,6.863418873133163,4.611893915949368,13.955665071703779,4.367451180809117,7.172208686991885,5.350289548075614,4.367451180809117,4.367451180809117,4.367451180809117,11.237457552779617,4.367451180809117
2024-01-05 07:00:00,1.3279367136372309,1.4654753134887606,1.6735765979693014,2.503437689346279,1.5086813457753432,1.6735765979693014,1.3940396488504654,1.6735765979693014,1.3762627055712189,1.6735765979693014,1.8975240210588198,2.0147564823737487,1.8975047423133826,1.570489592319605,1.4610921953459926,1.5762326511875127,1.5613013952722654,1.4632582230600129,2.8642718752249996,2.792764108548398,1.4610921953459926,2.553340656488183,1.5111158473491677,2.869170925829545,1.4610921953459926,1.4610921953459926,1.9596882804581612,2.553340656488183,2.382312329305404,1.5221517918444172,1.327238903792189,1.4915024318684156,1.558544455241364,1.4610921953459926,1.4489918667058301,1.189654275179321,2.5353439457872797,1.3419916645923036,2.553340656488183,2.553340656488183,2.553340656488183,2.553340656488183,2.5344813846939585,1.4056800766546882,1.4592916292650495,1.3966157656511848,1.4753185508289206,1.0574369254171072,2.553340656488183,1.4565378969139093,0.5255829070665707,1.2677504861039899,1.4421235530296845,1.110331657265128,1.1596600373712802,1.110331657265128,1.110331657265128,2.251316084633194,3.3953940816267414,1.4415198175736181,0.8456800749172799,0.5255829070665707,1.1928629448622152,0.5866711698704965,1.1367135305731022,1.1502099162711328,0.5437326180841667,0.9162911619688574,0.5558163750587564,3.3953940816267414,3.3953940816267414,0.5476035613991778,0.5255829070665707,0.9300795926974114,0.926472890299839,0.5255829070665707,1.110331657265128,0.8099311593284348,3.3953940816267414,0.8351902520109864,1.0446750199055492,1.107600733401313,3.3953940816267414,3.3953940816267414,3.3953940816267414,1.110331657265128,1.0300069954954163,1.110331657265128,1.816264626446307,3.3953940816267414,0.9642928818711618,1.110331657265128,1.110331657265128,3.3953940816267414,1.0828190074031594,3.3934578811575453,3.3953940816267414,1.460918101220926,3.3871312534589917,3.338922828873907,2.23832658812541,3.3953940816267414,2.1262635361849114,3.2907653996795823,3.2907653996795823,3.2907653996795823,3.2907653996795823,3.3173281450131826,2.4991697267742614,3.39280569634335,3.2907653996795823,3.3206143675121216,3.301225024351039,3.2907653996795823,3.2907653996795823,3.2907653996795823,3.3638778162625664,3.2907653996795823
2024-01-05 08:00:00,4.662738967733898,0.6749991670227249,1.4186071043646276,0.960380426552562,2.3449030969317644,1.4186071043646276,3.1853584312145626,1.4186071043646276,4.759925619835551,1.4186071043646276,1.2707052431073675,2.028938746677448,2.363346758961162,4.73377863913476,0.5055925859389788,4.955746639103053,4.378656783548502,0.5893090949658394,0.6322348154280746,0.6811008913543612,0.5055925859389788,9.225883894869304,2.4389960633614187,0.76752812854221,0.5055925859389788,0.5055925859389788,1.9536108474236487,9.225883894869304,8.70936650780427,2.865532963594168,3.2574080905063187,3.1501589672592942,4.776406255914855,0.5055925859389788,0.49663427518252506,0.30463728032292503,1.412107668078456,4.691004370555682,9.225883894869304,9.225883894869304,9.225883894869304,9.225883894869304,9.168927588568701,2.776335929787943,0.5042595617732482,4.340454019906977,1.0554381901742433,3.87588811364097,9.225883894869304,5.9134636377525815,3.1019151255741777,0.362454728688968,2.0280674091813413,0.24591187852414814,4.32873472935962,0.24591187852414814,0.24591187852414814,8.313748781033711,0.7592401896192063,5.868107998559009,4.068630730343386,3.1019151255741777,0.3070127744924612,3.2212964203203285,0.2654433331200005,4.953544469381061,3.0132691326042527,3.1668255980333093,3.19322229174057,0.7592401896192063,0.7592401896192063,3.168419025978846,3.1019151255741777,1.1262908130974418,1.1439065048883372,3.1019151255741777,0.24591187852414814,1.794152938994627,0.7592401896192063,1.5897450146136372,0.5665890401695054,0.2592501326373104,0.7592401896192063,0.7592401896192063,0.7592401896192063,0.24591187852414814,0.6382299377839492,0.24591187852414814,1.19466609324183,0.7592401896192063,0.9591878223867921,0.24591187852414814,0.24591187852414814,0.7592401896192063,0.3802879115025023,0.8039699596354379,0.7592401896192063,1.0939451987119473,0.9501266239048646,2.063829351924107,1.7619055940113288,0.7592401896192063,1.6112959788151482,3.1763539932023592,3.1763539932023592,3.1763539932023592,3.1763539932023592,2.5627060219956155,2.1124714947091485,0.8190366209709442,3.1763539932023592,2.486788275389177,2.93471754416016,3.1763539932023592,3.1763539932023592,3.1763539932023592,1.4873235280637198,3.1763539932023592
2024-01-05 09:00:00,5.0044666171137315,0.34579078817466025,1.063090277765567,1.039960121015554,2.4630846568767146,1.063090277765567,2.8944645929890154,1.063090277765567,5.20332814266301,1.063090277765567,1.0295938604111643,1.9514761080974796,2.4517717218728983,5.491972395870303,0.13099788361162307,5.77340863717942,5.041708572899458,0.23714318221054725,0.8849947882142966,0.8975341593544832,0.13099788361162307,10.553661493188375,2.5823864067206994,1.0399912735815544,0.13099788361162307,0.13099788361162307,2.2480622166403945,10.553661493188375,9.98730993424157,3.123198334558472,2.9248761586850347,2.9535232730985475,5.524477461250256,0.13099788361162307,0.2514354599525401,2.8326869206669447,1.5727430946631629,5.062302760286208,10.553661493188375,10.553661493188375,10.553661493188375,10.553661493188375,10.491209979119331,2.8216132661669837,0.14891936502582948,4.722997581923167,0.8281545916885457,3.534279522169685,10.553661493188375,6.921655246186993,3.8388454070550457,2.0553759364051207,2.526060382029072,3.6222046383009174,4.490586380684083,3.6222046383009174,3.6222046383009174,9.553522569257307,9.188945045269636,6.87192364448764,4.898830808379611,3.8388454070550457,2.8007502343687154,3.9496934411338778,3.359619300742441,5.771282521524622,3.832121207394624,3.759768892801804,3.938961990148579,9.188945045269636,9.188945045269636,3.911765677724433,3.8388454070550457,3.6889853639103514,3.69032159383784,3.8388454070550457,3.6222046383009174,3.5954285101600387,9.188945045269636,3.7241404620715683,3.646529451969284,3.623216405226567,9.188945045269636,9.188945045269636,9.188945045269636,3.6222046383009174,3.651963738204589,3.6222046383009174,3.709478051037724,9.188945045269636,3.6763098459794588,3.6222046383009174,3.6222046383009174,9.188945045269636,3.632397668409209,9.090918425228695,9.188945045269636,3.695445207562091,8.770611752746557,6.329899132974883,3.7616569255062897,9.188945045269636,3.7478027418776465,3.8917683253004367,3.8917683253004367,3.8917683253004367,3.8917683253004367,5.236596087449645,3.793904563586249,9.057899389238004,3.8917683253004367,5.402972084872685,4.4213217830916625,3.8917683253004367,3.8917683253004367,3.8917683253004367,7.5933287756143155,3.8917683253004367
2024-01-05 10:00:00,2.4830978216564725,6.726913370068204,0.5737374074911112,0.9167625623909423,4.731284589987381,0.5737374074911112,3.5207988801042163,0.5737374074911112,2.267656575544298,0.5737374074911112,0.6189641201096844,2.274457812776878,1.2344645423472524,1.8764444410027887,6.929363728253919,1.6111802416318515,2.300834959972491,6.829317808372169,0.814201139459171,0.8029626920185984,6.929363728253919,9.730501233893404,4.618838221997562,1.085700667295323,6.929363728253919,6.929363728253919,2.6602714488202928,9.730501233893404,9.397657718539236,4.109102722472566,3.6478327175457514,3.2776017841193092,1.8537841237083494,6.929363728253919,6.818007414121076,4.431388077797562,1.7990778072368987,2.420439694494952,9.730501233893404,9.730501233893404,9.730501233893404,9.730501233893404,9.693798621967012,4.463151993338041,6.912793566559223,2.701308222275763,6.272267417047206,3.8897079127556333,9.730501233893404,7.595979472730942,5.784219183886267,5.150088078014701,4.719626754129815,3.7014017591636765,3.210228593343846,3.7014017591636765,3.7014017591636765,9.142721876663774,9.040756660020905,7.566752324200465,6.407170178948514,5.784219183886267,4.460916666630344,5.530029863448188,3.944187575884783,6.824923549193958,5.7195717017868315,4.947121502061073,5.84305747069891,9.040756660020905,9.040756660020905,5.827074260113674,5.784219183886267,4.343441850393253,4.3562885689145,5.784219183886267,3.7014017591636765,4.955314004959598,9.040756660020905,4.681428331142487,3.935264231370394,3.7111290408504067,9.040756660020905,9.040756660020905,9.040756660020905,3.7014017591636765,3.9875102888733944,3.7014017591636765,3.3100802441297366,9.040756660020905,4.221577485870945,3.7014017591636765,3.7014017591636765,9.040756660020905,3.79939910676526,8.91958225721955,9.040756660020905,3.6890439831318536,8.52363909672802,5.506582158653007,3.0761176251660167,9.040756660020905,3.138237805380221,2.4927166959027196,2.4927166959027196,2.4927166959027196,2.4927166959027196,4.155109022406005,2.9315238228384777,8.87876618128449,2.4927166959027196,4.360772668870575,3.147317700940378,2.4927166959027196,2.4927166959027196,2.4927166959027196,7.068355199123265,2.4927166959027196
2024-01-05 11:00:00,4.777877133475663,6.892608705169535,0.13141284316837507,0.5185022396298224,6.19573656651396,0.13141284316837507,3.610383334096934,0.13141284316837507,4.823074914540724,0.13141284316837507,0.18090321747454607,2.1015387269057575,1.837032816815313,5.198828434099615,6.9633042250421,5.106198365937891,5.347025298933158,6.928368261576522,0.39454583279165534,0.3824619768205354,6.9633042250421,10.977852475302635,6.156470375463165,0.709721785457531,6.9633042250421,6.9633042250421,2.5124168053161533,10.977852475302635,10.633863951384832,5.978471104632714,3.70546514649156,3.5250364082699988,5.15661457041506,6.9633042250421,6.83988276543782,4.194679892994959,1.5719236835953425,4.791022287268166,10.977852475302635,10.977852475302635,10.977852475302635,10.977852475302635,10.939920904705405,5.801989383184242,6.94493873263007,5.056541015861668,6.733846664465746,4.342462640813472,10.977852475302635,8.77185789820712,6.8994322125529575,4.991249029959899,5.9039153032283025,3.3856015965503694,4.860594654526494,3.3856015965503694,3.3856015965503694,10.37039177934276,1.7971495083615088,8.741652101135703,7.5432422415288,6.8994322125529575,4.227407821915531,6.7676211884240605,3.65469257809264,7.907037657044378,6.790368259490087,6.4767501198487665,6.960240654048346,1.7971495083615088,1.7971495083615088,6.943722257976148,6.8994322125529575,4.468759487628632,4.4904326272515815,6.8994322125529575,3.3856015965503694,5.4242885287403375,1.7971495083615088,5.038961767365085,3.780140793803085,3.402012070073207,1.7971495083615088,1.7971495083615088,1.7971495083615088,3.3856015965503694,3.8682828432407232,3.3856015965503694,3.3294016151537424,1.7971495083615088,4.263167422776756,3.3856015965503694,3.3856015965503694,1.7971495083615088,3.5509286560430446,1.8233322302729038,1.7971495083615088,3.7164776277804012,1.908885527208588,2.5607951795298125,3.295800869147924,1.7971495083615088,3.304722313122428,3.212015234799327,3.212015234799327,3.212015234799327,3.212015234799327,2.8528143228391825,3.2750349038516626,1.8321515513590074,3.212015234799327,2.8083756135228852,3.070572523454443,3.212015234799327,3.212015234799327,3.212015234799327,2.223335548931249,3.212015234799327
2024-01-05 12:00:00,4.542006226600986,1.9199134461372414,1.6195828324836399,1.217057360308774,3.2667110933569425,1.6195828324836399,2.569586737096384,1.6195828324836399,4.7334478852246535,1.6195828324836399,1.499129498448444,1.843740888943003,2.5234199770849854,5.193368011827057,1.7832849965955058,5.372387879234425,4.906957954928802,1.8508033701806044,0.9791502970841116,1.018411888726605,1.7832849965955058,12.218252169040529,3.3425982049072953,1.0440950635822306,1.7832849965955058,1.7832849965955058,2.1488728751997597,12.218252169040529,11.865360731008755,3.686605356095414,2.5913203396975915,2.6348919734554817,5.195546004695875,1.7832849965955058,1.8779209772319616,3.9061854996142626,1.4458780718708928,4.597684403396381,12.218252169040529,12.218252169040529,12.218252169040529,12.218252169040529,12.179338875241056,3.332918365491734,1.7973671212912952,4.472153711278136,2.2267421038307025,3.1403985282440376,12.218252169040529,9.955163302774896,8.034276567099905,3.2953994850661195,3.435947283904372,4.526563173328405,4.43307099715959,4.526563173328405,4.526563173328405,11.595069522993052,4.4744480076386575,9.924175736550227,8.694749318798015,8.034276567099905,3.8810906769024833,7.837410558370779,4.320232045821659,8.879761982697042,7.925402483302572,6.473755120312627,8.09665881787786,4.4744480076386575,4.4744480076386575,8.079712902131876,8.034276567099905,5.607835396525893,5.6294708054139235,8.034276567099905,4.526563173328405,6.302310261420686,4.4744480076386575,6.177045012004161,4.920415517908861,4.542945077883518,4.4744480076386575,4.4744480076386575,4.4744480076386575,4.526563173328405,5.008404120990304,4.526563173328405,4.0375410279344415,4.4744480076386575,5.402601246578599,4.526563173328405,4.526563173328405,4.4744480076386575,4.691602415201436,4.447460767371682,4.4744480076386575,4.604755328147499,4.359278668205347,3.687337741700818,3.745165327974,4.4744480076386575,3.822794956383199,3.0161076015455777,3.0161076015455777,3.0161076015455777,3.0161076015455777,3.3863457054367627,3.5644710172644256,4.438370454380246,3.0161076015455777,3.4321498861301096,3.1618964331267416,3.0161076015455777,3.0161076015455777,3.0161076015455777,4.035166518334031,3.0161076015455777
2024-01-05 13:00:00,4.534717525712601,5.61737003392151,1.7813276605773087,1.1378847748136323,5.415526913971241,1.7813276605773087,3.067138107891116,1.7813276605773087,4.637282680883487,1.7813276605773087,1.5917717222547205,2.0411264053019362,2.4958231860153943,5.1267809065063625,5.6378463932219605,5.099951390843648,5.1697048747719885,5.627727486935988,0.7734868137270272,0.8350898584909812,5.6378463932219605,2.7249539762385204,5.404153793895659,0.860280067673277,5.6378463932219605,5.6378463932219605,2.3018594298494195,2.7249539762385204,3.149906271571238,5.352597810838848,3.13143983790592,3.04313680479056,5.0890699535792825,5.6378463932219605,5.58716282277161,4.500898516946801,1.4270853331412985,4.5645471922737215,2.7249539762385204,2.7249539762385204,2.7249539762385204,2.7249539762385204,2.771813411568754,5.07850871994898,5.630304522209376,4.765852765736821,5.571385951838467,3.723253351690206,2.7249539762385204,5.450168318715453,7.763302442773636,4.82801317027681,5.315827615103287,4.1686469217284525,4.589852501240237,4.1686469217284525,4.1686469217284525,3.475391270286863,5.915956194611545,5.487483583340156,6.967960358521772,7.763302442773636,4.514338386289284,7.568515917228309,4.279150328220971,5.981421357689866,7.6517298077015266,6.809048861857521,7.688181661141847,5.915956194611545,5.915956194611545,7.708587953323189,7.763302442773636,5.276719540709033,5.29889120449078,7.763302442773636,4.1686469217284525,6.164236354988556,5.915956194611545,5.860037576482469,4.572261284132358,4.185434867904111,5.915956194611545,5.915956194611545,5.915956194611545,4.1686469217284525,4.662430771302372,4.1686469217284525,3.4273802453585938,5.915956194611545,5.066398460450584,4.1686469217284525,4.1686469217284525,5.915956194611545,4.337776823573178,5.841251943433232,5.915956194611545,4.108942870805938,5.597152227405058,3.7371308523402926,2.984193028987466,5.915956194611545,3.1018651163984687,1.8790770279196893,1.8790770279196893,1.8790770279196893,1.8790770279196893,2.9039450779779736,2.7102940401579874,5.816088754523076,1.8790770279196893,3.03073710953371,2.2826398000183072,1.8790770279196893,1.8790770279196893,1.8790770279196893,4.699966920037449,1.8790770279196893
2024-01-05 14:00:00,3.630021096320749,9.021664482070072,1.4594168411351809,0.8010058933850197,7.677070256111861,1.4594168411351809,0.8310776925099133,1.4594168411351809,3.966793798701986,1.4594168411351809,1.2957293820992042,0.7277539207006934,2.0856171958120258,5.753565434637549,9.15806940135003,5.574838451749907,6.039506911857054,9.09066149084764,0.5891148669873678,0.640434692067609,9.15806940135003,9.570465701059629,7.601307299274286,0.505584100623202,9.15806940135003,9.15806940135003,1.0311664437399002,9.570465701059629,9.349066811739938,7.257862959190419,0.7833330453854476,1.042272389518598,5.601033728391576,9.15806940135003,9.007183282987825,5.773350244688405,0.5491483169113531,3.72796681094656,9.570465701059629,9.570465701059629,9.570465701059629,9.570465701059629,9.546052073812039,6.29542130317061,9.135617083327325,4.587260345782835,8.715337809800623,1.262618876170489,9.570465701059629,8.150637086861694,6.945501047972937,6.7471778551309844,7.381194011648658,4.7842298438031445,3.2019707148232404,4.7842298438031445,4.7842298438031445,9.179490089841215,3.776447132904424,8.131195944330365,7.359871922107649,6.945501047972937,5.8133610351351575,6.7852325351135585,5.113200946732647,7.25805239223727,6.878418479993076,6.940581200128794,6.984638753077184,3.776447132904424,3.776447132904424,6.974007135190417,6.945501047972937,5.450453750241726,5.463784367932204,6.945501047972937,4.7842298438031445,6.127448056606054,3.776447132904424,5.80117121571487,5.026901246930885,4.794323524389276,3.776447132904424,3.776447132904424,3.776447132904424,4.7842298438031445,5.081115264094522,4.7842298438031445,3.6063600472429203,3.776447132904424,5.323999103410838,4.7842298438031445,4.7842298438031445,3.776447132904424,4.885918471400702,3.7277716144215836,3.776447132904424,4.321949553366991,3.5687220281962313,2.3567762099544085,2.9021373254802474,3.776447132904424,3.0891178037318534,1.146112401052552,1.146112401052552,1.146112401052552,1.146112401052552,1.8138921180864704,2.4669129230687497,3.711375877263869,1.146112401052552,1.8965067990199138,1.4090643330033168,1.146112401052552,1.146112401052552,1.146112401052552,2.9841373583483817,1.146112401052552
2024-01-05 15:00:00,3.148817232783344,2.4742124500925264,0.6629019526267188,0.3424985822075278,3.4401412252802794,0.6629019526267188,0.21213134018897756,0.6629019526267188,3.5156333215534676,0.6629019526267188,0.5860147254479674,0.21565348446242716,1.5360712841204416,4.821947438935821,2.3762219678592875,4.950341219260612,4.616532975944814,2.4246464212538696,0.25410395432856253,0.2780066108695341,2.3762219678592875,10.462974850813156,3.4945677717356363,0.1976985508655202,2.3762219678592875,2.3762219678592875,0.5357679688274466,10.462974850813156,10.167125886772112,3.741291106075381,0.14577902207741555,0.45824006011593965,4.758139307898199,2.3762219678592875,2.435072439598662,3.6963720335974055,0.18789503826398649,3.2555006536686957,10.462974850813156,10.462974850813156,10.462974850813156,10.462974850813156,10.430351623335016,2.915669249646794,2.384979098877177,3.4845737815883906,2.6942712169979903,0.5873123886075338,10.462974850813156,8.565698735666306,6.955310130152841,3.3165477337251046,3.5318316923192494,4.082161016911312,2.698902990899598,4.082161016911312,4.082161016911312,9.94052539363788,1.7799387191069673,8.539720096408711,7.509022003858404,6.955310130152841,3.680766529804113,6.767899411261019,3.9538516349339106,7.471073000530755,6.866131955598234,5.7989086393676486,7.007608719118733,1.7799387191069673,1.7799387191069673,6.993401994109655,6.955310130152841,4.967825260395092,4.985546707070764,6.955310130152841,4.082161016911312,5.558891181162603,1.7799387191069673,5.4340617849822745,4.404763347132692,4.095579346535764,1.7799387191069673,1.7799387191069673,1.7799387191069673,4.082161016911312,4.476834337130821,4.082161016911312,3.5402237596566537,1.7799387191069673,4.799719075615288,4.082161016911312,4.082161016911312,1.7799387191069673,4.217343769378928,1.7915661801495726,1.7799387191069673,4.063875079930655,1.8295594655899667,2.1190654272434193,3.2162112657095276,1.7799387191069673,3.302240882768868,2.4082651463724694,2.4082651463724694,2.4082651463724694,2.4082651463724694,2.2487479416899747,3.0159647532155427,1.7954827443898347,2.4082651463724694,2.2290131958867123,2.3454519819700574,2.4082651463724694,2.4082651463724694,2.4082651463724694,1.9692032883292425,2.4082651463724694
2024-01-05 16:00:00,3.797011323086262,7.531447266866169,2.6012936033008014,1.083897368367832,6.429971149864606,2.6012936033008014,2.096685811019843,2.6012936033008014,3.9430333819923975,2.6012936033008014,2.207937872461269,1.4460196011440676,2.488615299257378,4.854258134823623,7.6431886070621875,4.707847047140874,5.088498102493409,7.587968822474426,0.5098794466624573,0.6343890608886973,7.6431886070621875,10.581319660400702,6.367907007464665,0.4091044841786356,7.6431886070621875,7.6431886070621875,1.5094511994383804,10.581319660400702,10.111311410217318,6.0865613562499625,2.138366387024829,2.118376055389945,4.766292262548127,7.6431886070621875,7.501069518204415,4.455133882044535,0.7447266949549795,3.8394798331809525,10.581319660400702,10.581319660400702,10.581319660400702,10.581319660400702,10.52949191068376,5.62175201885705,7.622040849967186,4.36285456356701,7.280507981993878,2.6968650220399812,10.581319660400702,7.56716198070307,5.00877570057522,5.372378584227219,6.109249959043469,3.5234849558855323,3.5925345306766947,3.5234849558855323,3.5234849558855323,9.751316567531516,2.822412778596601,7.525890331099072,5.888444655001607,5.00877570057522,4.492819900775044,4.954139875218652,3.833341647252235,6.460421677139214,4.962674536983038,5.323632936884886,5.09186123162176,2.822412778596601,2.822412778596601,5.069291343692637,5.00877570057522,3.9813341143877587,3.9904953168497475,5.00877570057522,3.5234849558855323,4.492339354001609,2.822412778596601,4.222357732554358,3.690256061876808,3.5304216375594986,2.822412778596601,2.822412778596601,2.822412778596601,3.5234849558855323,3.7275135692966277,3.5234849558855323,2.5095494713851996,2.822412778596601,3.8944306678427107,3.5234849558855323,3.5234849558855323,2.822412778596601,3.5933684471935408,2.777431644708508,2.822412778596601,3.0867216208447976,2.6304536369576423,1.5104923337274034,1.903339507710263,2.822412778596601,2.0642962979784243,0.3917157376264201,0.3917157376264201,0.3917157376264201,0.3917157376264201,1.0088121712318368,1.5286890441240641,2.762280314609269,0.3917157376264201,1.0851565459815236,0.6347100893225337,0.3917157376264201,0.3917157376264201,0.3917157376264201,2.0902378955963568,0.3917157376264201
2024-01-05 17:00:00,3.938725636693624,1.6820527271774668,0.5416905689128603,0.3541372950777556,2.6621069940345476,0.5416905689128603,2.6727352458627998,0.5416905689128603,4.01169345783068,0.5416905689128603,0.45977859659523135,1.495710064586476,1.6285372061309193,4.064120383064717,1.5826292575687453,4.194391760704092,3.855701992289102,1.6317618575995885,0.1061767449814556,0.13444907940309023,1.5826292575687453,9.86941339515822,2.7173294601770435,0.28322173282450674,1.5826292575687453,1.5826292575687453,2.0286986620892686,9.86941339515822,9.407241998006462,2.967660812512905,2.746923226659215,2.6237987520794857,4.084601106546856,1.5826292575687453,1.7156504625464868,4.566597734042961,0.945291224686777,3.9599473251957598,9.86941339515822,9.86941339515822,9.86941339515822,9.86941339515822,9.818449814224131,2.875614322918641,1.6024232215883785,3.776359792135382,1.9053295763665663,3.326012954179095,9.86941339515822,6.905513366769301,4.3897852682109555,3.708071293123427,2.9782026200593146,5.438606299323824,3.823634308519804,5.438606299323824,5.438606299323824,9.053249659900464,0.7251741223850385,6.864929874984221,5.25478674326941,4.3897852682109555,4.531324220381733,4.372645598764158,5.148585368375807,5.916352640107696,4.422339076350625,3.9299406155516143,4.471485442520433,0.7251741223850385,0.7251741223850385,4.449291881803805,4.3897852682109555,5.115301365100465,5.108832287011363,4.3897852682109555,5.438606299323824,4.7155653035279625,0.7251741223850385,4.945105300369137,5.320842794790476,5.433708041085965,0.7251741223850385,0.7251741223850385,0.7251741223850385,5.438606299323824,5.2945338330680265,5.438606299323824,3.6778137476373987,0.7251741223850385,5.176667237565846,5.438606299323824,5.438606299323824,0.7251741223850385,5.389258873122265,0.7117544515081767,0.7251741223850385,4.304691640143452,0.667905034660204,0.33377579457562856,2.625074194565197,0.7251741223850385,2.9045905166388812,0.0,0.0,0.0,0.0,0.1841045416701254,1.9744590855639212,0.7072342038909352,0.0,0.20688112140218498,0.07249493160423535,0.0,0.0,0.0,0.5067370776761896,0.0
2024-01-05 18:00:00,3.255850379799992,6.285812657385193,0.4305197704616762,0.2902051132132133,5.258620056739419,0.4305197704616762,2.2745575776236433,0.4305197704616762,3.305884064046057,0.4305197704616762,0.3654185382378572,1.27010991477135,1.3354024277355172,3.7891730802608126,6.390018164943584,3.6526359519482927,4.00761591152337,6.338522400975311,0.08438616158579934,0.10701587276166075,6.390018164943584,9.80022878469689,5.200741518244921,0.23858412186965158,6.390018164943584,6.390018164943584,1.4367087639830014,9.80022878469689,9.12912018603172,4.938369809325517,2.3399376565198624,2.2247478990857386,3.7316742808002834,6.390018164943584,6.227114665532471,2.735721791433554,0.8040329653374081,3.2704019896074144,9.80022878469689,9.80022878469689,9.80022878469689,9.80022878469689,9.726225725237963,4.719573019253601,6.365777623696379,3.6387145509480936,6.051796710372342,2.816830610940341,9.80022878469689,5.496416807378435,1.8433851198902043,3.787110264317723,4.818337110661237,1.6678225281207184,3.0329913603356835,1.6678225281207184,1.6678225281207184,8.615095944314064,1.9144681826592085,5.437486439838011,3.099434134059654,1.8433851198902043,2.77891925617537,1.9449055480792712,2.022994656968942,4.249878241763603,1.8379359243082825,2.9478567648327703,1.962020089144976,1.9144681826592085,1.9144681826592085,1.9297933232228164,1.8433851198902043,1.7219406764990837,1.7230235381904406,1.8433851198902043,1.6678225281207184,1.9563127458224092,1.9144681826592085,1.750429867072898,1.6875350104779752,1.668642449619129,1.9144681826592085,1.9144681826592085,1.9144681826592085,1.6678225281207184,1.691938878602031,1.6678225281207184,1.1420800516892178,1.9144681826592085,1.7116686173997473,1.6678225281207184,1.6678225281207184,1.9144681826592085,1.6760828144651927,1.879853369827683,1.9144681826592085,1.3798270140765114,1.7667478122553895,0.9048920176390509,0.8277500648094593,1.9144681826592085,0.9112088477474589,0.043947903364995225,0.043947903364995225,0.043947903364995225,0.043947903364995225,0.5188287189841835,0.6334875446264474,1.8681938048011852,0.043947903364995225,0.577578821844525,0.23094194455579395,0.043947903364995225,0.043947903364995225,0.043947903364995225,1.3510298176315425,0.043947903364995225
2024-01-05 19:00:00,3.222404794602495,9.311824208585577,0.12242660838553879,0.14808427137551244,7.285621616701166,0.12242660838553879,1.8034578098827738,0.12242660838553879,3.3425338379665877,0.12242660838553879,0.10391381615224693,0.9709873318242905,1.214257789407946,4.387044202391683,9.517376185274953,4.117716051953922,4.817936549751374,9.41579752285275,0.02399683421401225,0.031628877468299496,9.517376185274953,10.200866988561756,7.171452526465989,0.16893507355169549,9.517376185274953,9.517376185274953,1.0551528731219102,10.200866988561756,9.3404894521596,6.653907680138804,1.8403271866858621,1.8184120290746515,4.267519199207872,9.517376185274953,9.208048907960283,2.5784611109826634,0.6403788620683278,3.2573426767895475,10.200866988561756,10.200866988561756,10.200866988561756,10.200866988561756,10.105993267512536,6.168901711830457,9.471347335976212,4.013663966237621,8.850212902116246,2.3098720052998134,10.200866988561756,4.683275419107293,0.0,4.5748769945760435,6.449443811466987,0.5506939189884501,2.7014464678600927,0.5506939189884501,0.5506939189884501,8.681497879678389,1.421200199864623,4.607725255475728,1.610285367466494,0.0,2.660486077934176,0.23263682396490443,1.2251080843798055,3.1568003470010395,0.017092700899991493,2.3915886711010828,0.1520929142937283,1.421200199864623,1.421200199864623,0.11077741703223354,0.0,0.3809394461334861,0.37754279231033616,0.0,0.5506939189884501,0.6225430631875032,1.421200199864623,0.2915763087602232,0.4888610190927726,0.5481220397591011,1.421200199864623,1.421200199864623,1.421200199864623,0.5506939189884501,0.4750472369453263,0.5506939189884501,0.7820316714657733,1.421200199864623,0.41316020811062615,0.5506939189884501,0.5506939189884501,1.421200199864623,0.52478356181522,1.4183139557955073,1.421200199864623,0.6284271675268963,1.4088830151656688,1.3370199608209394,0.9203434799286454,1.421200199864623,0.8836198592685499,1.2652329239891065,1.2652329239891065,1.2652329239891065,1.2652329239891065,1.3048293229148722,1.005823076545515,1.4173417607248595,1.2652329239891065,1.309728009981762,1.280824816540246,1.2652329239891065,1.2652329239891065,1.2652329239891065,1.3742197164719072,1.2652329239891065
2024-01-05 20:00:00,1.2910157985803905,2.4470456187261695,0.47330337149872054,0.26169071014867973,1.8779841052292494,0.47330337149872054,1.482567548343333,0.47330337149872054,1.2192837530976763,0.47330337149872054,0.4017325986461471,0.8628408225724927,0.6296121677269215,1.0639150397855501,2.504775146575778,0.988273894359465,1.184931690501953,2.4762466531228053,0.09277217337443978,0.11660368907054638,2.504775146575778,9.284908324262627,1.8459195744937649,0.17385625954537243,2.504775146575778,2.504775146575778,1.5415781393007153,9.284908324262627,8.501786011354666,1.7005664618617382,1.54459600374796,1.3794897920557672,1.0603864778666776,2.504775146575778,2.664555751817424,6.089017893984512,0.5203441957686189,1.2701535184528812,9.284908324262627,9.284908324262627,9.284908324262627,9.284908324262627,9.198553526840856,1.8271883216156044,2.528550991575209,1.335926300981836,2.3174015102056957,1.733618389186265,9.284908324262627,4.26275364363071,0.0,5.057784758116945,2.5023793410211237,7.136445304973528,1.3332976297759533,7.136445304973528,7.136445304973528,7.901966766205151,2.4471669827260287,4.193987298182946,1.465694242420073,0.0,6.046648533680389,0.07261208415167417,6.788081900151165,2.861417331467889,0.2215043981439342,0.6064244097689009,0.13843615131641912,2.4471669827260287,2.4471669827260287,0.1008304649689307,0.0,4.936596225417101,4.8925789711983425,0.0,7.136445304973528,3.1041731397018455,2.4471669827260287,3.778538872402273,6.335152439848099,7.103116308922582,2.4471669827260287,2.4471669827260287,2.4471669827260287,7.136445304973528,6.156139566542452,7.136445304973528,4.905962490538748,2.4471669827260287,5.354145244220145,7.136445304973528,7.136445304973528,2.4471669827260287,6.8006728542104335,2.4064536560753256,2.4471669827260287,5.099075536769793,2.273420912727461,1.2597214695786907,3.572405349492035,2.4471669827260287,3.9264824678568564,0.24709432861907363,0.24709432861907363,0.24709432861907363,0.24709432861907363,0.8056406902751994,2.748239085244119,2.392739883250976,0.24709432861907363,0.8747415154091449,0.4670333910600625,0.24709432861907363,0.24709432861907363,0.24709432861907363,1.7844608079285922,0.24709432861907363
2024-01-05 21:00:00,0.8620006458197039,8.829361682243237,2.2490404061205242,0.9208128226661232,5.626182819854434,2.2490404061205242,1.4843566043278487,2.2490404061205242,0.7361278849561199,2.2490404061205242,1.9089507939696275,1.0985064747597704,1.2259169621384838,1.0438858956960269,9.154314255836239,0.6181109796121533,1.7250740772509698,8.993730795108394,0.44083431272007695,0.5481857659070062,9.154314255836239,9.550589434781312,5.445695430269485,0.32855795420342127,9.154314255836239,9.154314255836239,1.8684223433159148,9.550589434781312,8.745058628595968,4.6275202296585105,1.556516769543345,1.3445750717679998,0.9448728031032994,9.154314255836239,9.197146511847423,10.115139274186056,0.5190406868808872,0.8253922822928075,9.550589434781312,9.550589434781312,9.550589434781312,9.550589434781312,9.461763655667921,4.6477261932118115,9.160687827136446,1.5819957192176948,8.099610577667319,1.6833143509816972,9.550589434781312,4.384729336050626,0.0,9.838697451876662,6.251569490415938,10.395922282566614,1.0535239543779693,10.395922282566614,10.395922282566614,8.128075978316714,2.3257539300697583,4.313995290073485,1.5076340505913004,0.0,10.103781354463372,0.035086588304826714,10.30253678989237,2.9403445268373543,0.32267360148422997,1.4949854683726869,0.14239740425863381,2.3257539300697583,2.3257539300697583,0.10371565768936483,0.0,7.191321240013097,7.127199687279934,0.0,10.395922282566614,4.748112904744228,2.3257539300697583,5.504336512153318,9.228649502431436,10.347370708513333,2.3257539300697583,2.3257539300697583,2.3257539300697583,10.395922282566614,8.967874867590826,10.395922282566614,7.030158791774849,2.3257539300697583,7.799580248964403,10.395922282566614,10.395922282566614,2.3257539300697583,9.906790207200277,2.282714815299013,2.3257539300697583,7.360146248748934,2.1420824479580136,1.0704744447351509,5.017842037226317,2.3257539300697583,5.552138840682777,0.0,0.0,0.0,0.0,0.5904538622044738,3.7741881051735784,2.268217629952532,0.0,0.6635021387358561,0.23250329387673047,0.0,0.0,0.0,1.6251900247644269,0.0
2024-01-05 22:00:00,2.265164577225719,8.731854424161291,1.9635349785529548,0.8391070848073569,6.294460166231171,1.9635349785529548,1.9228834838400315,1.9635349785529548,2.2462877995834694,1.9635349785529548,1.666618192405624,1.2863564672229617,1.6269004547403134,2.807653874450994,8.979120521685587,2.483669051805288,3.325990262651831,8.856927780689318,0.38487240621226815,0.47923846331969416,8.979120521685587,8.937407537044743,6.157121932588146,0.3411063320531268,8.979120521685587,8.979120521685587,1.937659474243188,8.937407537044743,8.183594681023102,5.534548039083241,1.9895366496907076,1.8393770308182826,2.7104081218130847,8.979120521685587,8.969626803597706,8.766154810665977,0.6775339035361487,2.259674525737194,8.937407537044743,8.937407537044743,8.937407537044743,8.937407537044743,8.85428468969034,5.35827673328223,8.977707827263856,2.9423196137064207,8.176565060555467,2.320379830190046,8.937407537044743,4.103214077364155,0.0,8.827427808474452,6.58977349480419,8.703919594180158,2.115322720025892,8.703919594180158,8.703919594180158,7.6062245169628655,0.87864051527101,4.0370214093661465,1.4108385685378921,0.0,8.76867227992755,0.14578070545573513,8.724618376441724,2.80027837461113,0.2701564138463222,1.9187250619827287,0.13325498313663633,0.87864051527101,0.87864051527101,0.09705674263064026,0.0,6.020887820021357,5.967202459158344,0.0,8.703919594180158,4.02933228753886,0.87864051527101,4.60847062135447,7.726627907437826,8.663270098614065,0.87864051527101,0.87864051527101,0.87864051527101,8.703919594180158,7.508296008433479,8.703919594180158,6.102387808522367,0.87864051527101,6.530148793934755,8.703919594180158,8.703919594180158,0.87864051527101,8.294396885255868,0.8747517692645608,0.87864051527101,6.288273230471566,0.8620451055753127,0.7652212892582441,4.546988561340496,0.87864051527101,4.959967702914211,0.6684998942169297,0.6684998942169297,0.6684998942169297,0.6684998942169297,0.7218496229664827,3.585719225736527,0.8734418940052489,0.6684998942169297,0.7284498096839032,0.6895074418945596,0.6684998942169297,0.6684998942169297,0.6684998942169297,0.8153419297046003,0.6684998942169297
2024-01-05 23:00:00,1.4188049788378132,9.770709329958207,1.7120129748579038,0.6524935224302322,6.916446327720843,1.7120129748579038,0.3292681024904395,1.7120129748579038,1.544995039652317,1.7120129748579038,1.453130196659598,0.38556633146736996,1.271525992434497,2.8332898329450416,10.060265470322038,2.453893725993769,3.440277549741988,9.91717404445489,0.33557158914773805,0.416405135539327,10.060265470322038,7.922926725107569,6.755619068115821,0.1754013931697017,10.060265470322038,10.060265470322038,0.8459945778993683,7.922926725107569,7.254678802211757,6.026566053976464,0.31660231988931953,0.40255117310614197,2.6771744795338788,10.060265470322038,9.949703831302664,7.580116191894305,0.12064305462756622,1.4555056246970477,7.922926725107569,7.922926725107569,7.922926725107569,7.922926725107569,7.849239112000357,5.450589275579673,10.043813558725933,2.4610865076091892,9.120448552113428,0.5227864660674754,7.922926725107569,3.6374602296736813,0.0,8.293687313621975,6.924785138066278,6.855339294613024,1.0359382148734366,6.855339294613024,6.855339294613024,6.742845646550917,1.9181773178176231,3.5787810594429583,1.2506949641884069,0.0,7.6094340550501105,0.1150205025061626,7.096392512262817,2.3501482006365313,0.21277929552230385,2.07052273389998,0.11812927437525321,1.9181773178176231,1.9181773178176231,0.08603987866200144,0.0,4.74214271104341,4.6998593052872515,0.0,6.855339294613024,3.2963083496533243,1.9181773178176231,3.6297014691823763,6.085609515985121,6.823323134394038,1.9181773178176231,1.9181773178176231,1.9181773178176231,6.855339294613024,5.9136479956244825,6.855339294613024,4.81599856194455,1.9181773178176231,5.143244390339226,6.855339294613024,6.855339294613024,1.9181773178176231,6.532792987958005,1.8929765375635665,1.9181773178176231,4.958367994758141,1.8106317819884061,1.1831709721749117,3.596721112471512,1.9181773178176231,3.92045545613658,0.5563738971641917,0.5563738971641917,0.5563738971641917,0.5563738971641917,0.9021035458996298,2.8431820928947573,1.8844879711939966,0.5563738971641917,0.9448756515670125,0.6925120228794194,0.5563738971641917,0.5563738971641917,0.5563738971641917,1.5079747119888491,0.5563738971641917
