Timestamp,41,50,55,35,36,37,38,39,42,44,45,46,26,33,48,49,21,23,25,29,31,34,56,14,17,60,24,28,40,53,54,57,58,13,75,27,32,47,12,16,19,20,22,66,68,69,43,52,11,15,18,30,51,59,10,65,72,73,76,77,62,71,74,82,67,79,61,63,64,70,83,86,88,81,90,84,85,89,78,80,87
2024-01-01 00:00:00,0.0,2.1386438403899737,1.2102836229309613,7.0979153518559635,0.0,2.7165840534287415,7.496293525345826,0.0,0.0,0.0,0.0,1.2102836229309613,1.3868929160077181,7.824267240658012,1.2102836229309613,1.2102836229309613,0.0,0.11260867952021188,0.9022750603907764,0.23367666257854203,7.813911680911618,3.729062261309125,1.2102836229309613,0.4572290862275203,0.46781410148923963,7.065368898186073,0.006019234928371754,0.6875166796892108,0.5353125246007874,1.9954509878787505,1.238493754087198,6.846114253095438,1.2102836229309613,0.025957631339316493,6.860235714317093,0.20773506429898161,7.824267240658012,1.2102836229309613,0.5838836173457225,0.36807392366108693,2.293485146432533,0.0,0.0,6.819877882601159,1.9049799642270204,1.2102836229309613,0.0,6.117408518080959,0.18519244827116296,0.23714144742114027,0.0029145057256373882,1.5725183431615608,6.265114108292983,1.2102836229309613,0.0,6.846114253095438,1.2102836229309613,7.109940502501225,7.065368898186073,1.378339605192416,7.091805323403251,1.2102836229309613,1.2102836229309613,1.2102836229309613,4.4367114002012915,1.2102836229309613,7.065368898186073,7.484920000828982,7.184378119605026,1.2102836229309613,1.2102836229309613,1.2102836229309613,1.2102836229309613,1.2102836229309613,5.747607775811226,6.8462939218354695,6.9766344699820175,7.1954466364543,7.170019029060952,7.065368898186073,7.065368898186073
2024-01-01 01:00:00,0.0,0.39849828170771434,0.10643611615785686,6.564045337252028,0.0,2.5122560646626324,6.932459478944399,0.0,0.0,0.0,0.0,0.10643611615785686,1.1797763213043204,7.2357646368698525,0.10643611615785686,0.10643611615785686,0.0,0.5655210455329849,1.433051280849574,0.2346332107224891,7.226187971004124,3.4485806797158025,0.10643611615785686,2.2962055144698494,2.3493634852700995,7.1300047137707,0.03022861154668347,2.2140753053643993,0.04707705282434872,0.3534498039625599,0.11531102466964888,1.8794686821410367,0.10643611615785686,0.13035928382354606,2.030409724313928,1.0432459669783798,7.2357646368698525,0.10643611615785686,0.5399667854497417,1.5005033229637976,2.120980560519194,0.0,0.0,1.8712147188209574,0.3249876159127975,0.10643611615785686,0.0,1.650217825615266,0.9300368978425282,0.2193048430490103,0.014636654405298235,1.454241306987961,1.69668601084106,0.10643611615785686,0.0,1.8794686821410367,0.10643611615785686,5.208424264432418,7.1300047137707,0.15930653562416278,7.270058442095115,0.10643611615785686,0.10643611615785686,0.10643611615785686,1.1214704378557168,0.10643611615785686,7.1300047137707,9.348667919465264,5.495093137639606,0.10643611615785686,0.10643611615785686,0.10643611615785686,0.10643611615785686,0.10643611615785686,1.5338784957106955,1.8813891198663288,4.399643366852636,6.669932288296348,5.888111449427906,7.1300047137707,7.1300047137707
2024-01-01 02:00:00,1.5945450605632492,0.2317527289883693,0.1762252916303587,2.091388623371677,0.0,0.8004368468959276,2.2087700710975127,0.0,1.9123860130666572,1.9385715060732287,1.9385715060732287,0.1762252916303587,1.3215717255439017,2.3054069655892864,0.1762252916303587,0.1762252916303587,1.8595717444448108,0.47836471458783675,1.3847435971634623,0.2509520768821341,2.30492145219854,1.0987618198500073,0.1762252916303587,1.9401452798768009,1.9850603301569347,7.026654062237946,0.025541223396577366,1.940278039801758,1.159079837013547,0.22318802317870567,0.1779126068138191,0.5133177546544241,0.1762252916303587,0.11014517106791573,0.7020695947420179,0.8814754279740186,2.3054069655892864,0.1762252916303587,0.17204030960592467,1.2264913365802914,0.6757714773066035,1.771220906067095,1.3149255037218877,0.511748494800625,0.21777673561590322,0.1762252916303587,1.9385715060732287,0.46973212776900014,0.785821080077428,1.4963864141078416,0.012367027157925687,2.0122979613780183,0.47856675117668435,0.1762252916303587,0.9607684776793305,0.5133177546544241,0.1762252916303587,4.666992810185879,7.026654062237946,0.18627712049179296,7.204363313524066,0.1762252916303587,0.1762252916303587,0.1762252916303587,0.36920562719760686,0.1762252916303587,7.026654062237946,9.841984022961247,5.034657737582054,0.1762252916303587,0.1762252916303587,0.1762252916303587,0.1762252916303587,0.1762252916303587,0.44761346395170337,0.5157192628804462,3.6444934209884656,6.4847277142659525,5.516264793162092,7.026654062237946,7.026654062237946
2024-01-01 03:00:00,3.038414815323622,2.748617801118721,1.9535809875268664,7.3430620456296944,0.14770114623145605,2.9015805191178687,7.746909455834879,0.14770114623145605,3.6146212887075273,3.6620923601987747,3.6620923601987747,1.9535809875268664,0.9621782292329053,8.079385842239036,1.9535809875268664,1.9535809875268664,3.5128564807841594,0.8115864244317701,1.6637152813725238,0.21802320032955896,8.07353947411744,3.927958793207935,1.9535809875268664,3.291202594048561,3.3673950995928803,8.078698334414781,0.04332734335406425,3.017439946999174,2.9064120230565718,2.6259891198712104,1.9777398133400297,6.780040309979647,1.9535809875268664,0.18684686992288854,6.85563248780473,1.4953077201117517,8.079385842239036,1.9535809875268664,0.6029217671636706,2.125828993517126,2.368266682556996,3.3459557865221403,2.483982987640463,6.757571789672864,2.5485107951716275,1.9535809875268664,3.6620923601987747,6.155985256007453,1.3330426355355733,2.93965316817574,0.020979043314436032,4.549878374400936,6.2824785929508336,1.9535809875268664,1.814956472333694,6.780040309979647,1.9535809875268664,8.214186102564629,8.078698334414781,2.097502161796805,8.214084771840778,1.9535809875268664,1.9535809875268664,1.9535809875268664,4.716655935251569,1.9535809875268664,8.078698334414781,10.227134201482599,8.590766689327863,1.9535809875268664,1.9535809875268664,1.9535809875268664,1.9535809875268664,1.9535809875268664,5.839292232901891,6.7810020766929435,7.527088579113643,8.695442937254674,8.53739971610111,8.078698334414781,8.078698334414781
2024-01-01 04:00:00,3.490225567347919,1.7736069744488014,0.3221085631737361,9.302948025381248,0.699832725601677,3.9925017241237484,9.785807173391898,0.699832725601677,4.046435072249608,4.092258683040088,4.092258683040088,0.3221085631737361,1.1473208068934937,10.18333173493658,0.3221085631737361,0.3221085631737361,3.925492866319279,0.17797061380154894,0.8649788491622954,0.19969863871188498,10.175270089165997,5.219688345704339,0.3221085631737361,0.7180265426834982,0.7346491114166747,9.431336604054447,0.009452527355330765,0.8590035364902142,2.4247085811044,1.5497238372600184,0.3662153223659965,9.133773531206751,0.3221085631737361,0.04076352281216798,9.16782374768535,0.3262244124567992,10.18333173493658,0.3221085631737361,0.7599281040822707,0.555183189775565,2.984984964970078,3.738987243817149,2.7757631293449387,9.092752762141158,1.4082716890234819,0.3221085631737361,4.092258683040088,7.994436454101502,0.29082378476916804,3.3199617889352266,0.004576901454535497,5.3164402976290575,8.225375291739345,0.3221085631737361,2.0281496621904482,9.133773531206751,0.3221085631737361,9.729456547254452,9.431336604054447,0.5848653968577927,9.506411795615003,0.3221085631737361,0.3221085631737361,0.3221085631737361,5.366653455047445,0.3221085631737361,9.431336604054447,10.623113484635589,9.949408521152193,0.3221085631737361,0.3221085631737361,0.3221085631737361,0.3221085631737361,0.3221085631737361,7.416250121039942,9.134206755459997,9.359042519784612,9.892100347115147,9.87133715287218,9.431336604054447,9.431336604054447
2024-01-01 05:00:00,5.100372373580851,4.204533379779731,3.354330824626124,10.578022320658402,0.6227205331148129,4.432911658603508,11.136774397298055,0.6227205331148129,5.99290351688366,6.066435161648198,6.066435161648198,3.354330824626124,0.6105631269389622,11.596779504778091,3.354330824626124,3.354330824626124,5.819218626068748,1.0436401729738074,1.8032493013863065,0.17862037929562363,11.589459993633863,5.852980173526684,3.354330824626124,4.230719693250595,4.328662352346501,8.391166979449284,0.05569570378795262,3.744718521672079,4.866862274661486,4.0733957816844635,3.3801659747534067,8.515686850085451,3.354330824626124,0.24018476821646956,8.612401742452686,1.9221629900225754,11.596779504778091,3.354330824626124,0.8654062238090325,2.7458197294677045,3.3993012665074818,5.542739460447799,4.114839347290553,8.491659291802907,3.990541417581491,3.354330824626124,6.066435161648198,7.848330078206382,1.7135772013249129,4.815514497487917,0.026967787354214814,7.177921727237458,7.983600491400579,3.354330824626124,3.006564192725185,8.515686850085451,3.354330824626124,10.037856987866109,8.391166979449284,3.508238351941992,8.651949025020926,3.354330824626124,3.354330824626124,3.354330824626124,6.309129068525368,3.354330824626124,8.391166979449284,12.532074312866797,10.832384316990119,3.354330824626124,3.354330824626124,3.354330824626124,3.354330824626124,3.354330824626124,7.509662468303861,8.516917363173382,8.78023052792731,10.317171777735439,10.428332612965153,8.391166979449284,8.391166979449284
2024-01-01 06:00:00,2.0677387987518574,6.164018666380622,5.75349412659571,11.781481555608872,1.292162170320058,5.306737769047881,12.37020594730939,1.292162170320058,2.2223346270021227,2.2350710851193285,2.2350710851193285,5.75349412659571,1.2838130907653693,12.854886431557452,5.75349412659571,5.75349412659571,2.143988510969326,0.9745784626015698,2.0674508815752826,0.28269289834833267,12.84083091313852,6.802980928713797,5.75349412659571,3.95460702241486,4.0461575754029395,7.4969818507343176,0.05206079279361256,3.653001153692027,3.7912814520621696,6.100698223763471,5.765968757555107,8.245680599306272,5.75349412659571,0.22450940736660968,8.376047101276182,1.7967154077108864,12.854886431557452,5.75349412659571,0.959292079291886,2.5884881915500615,3.768083346725601,2.042124636675579,1.5160400136118277,8.234078773075211,6.060691581244738,5.75349412659571,2.2350710851193285,7.923444056981952,1.6017427116762928,2.034306379764447,0.025207768177151035,4.369437655126484,7.988760049960861,5.75349412659571,1.1077155716091858,8.245680599306272,5.75349412659571,10.195783918103565,7.4969818507343176,5.827809142985381,7.876979346472113,5.75349412659571,5.75349412659571,5.75349412659571,7.180233180578966,5.75349412659571,7.4969818507343176,13.531445258444096,11.368464872653899,5.75349412659571,5.75349412659571,5.75349412659571,5.75349412659571,5.75349412659571,7.759916714171075,8.247339265132965,8.377466302933511,10.462876891733188,10.714626838815397,7.4969818507343176,7.4969818507343176
2024-01-01 07:00:00,6.590257060213483,9.252034498184221,9.528638851542372,12.155048018774103,0.0,4.652099663012777,12.837263231038452,0.0,7.903894180333913,8.012118861109489,8.012118861109489,9.528638851542372,1.9137304215478195,13.398912118196984,9.528638851542372,9.528638851542372,7.685612731114668,1.1180034363330624,2.6057374466155894,0.395748797032243,13.391782599521372,6.385949761905609,9.528638851542372,4.530475313553175,4.635357421409586,6.324635807206221,0.05964186459453611,4.279791143247207,8.682880762952141,9.294698720141927,9.520233660389332,7.849446596450369,9.528638851542372,0.2572023773714362,7.982009183866096,2.05835238595823,13.398912118196984,9.528638851542372,0.9998898344648506,2.9510093797340313,3.927550654424641,7.320458587280784,5.434589024092498,7.857263706833339,9.321654505756408,9.528638851542372,8.012118861109489,8.06656402008766,1.8349878439961718,6.301881007258296,0.0288785132856555,9.094754582391001,8.022555230719448,9.528638851542372,3.9708575190845883,7.849446596450369,9.528638851542372,9.698720288501068,6.324635807206221,9.478566675433154,6.7484663655853305,9.528638851542372,9.528638851542372,9.528638851542372,8.567326688219264,9.528638851542372,6.324635807206221,13.055857612241386,11.024835649319588,9.528638851542372,9.528638851542372,9.528638851542372,9.528638851542372,9.528638851542372,8.176745922826722,7.851133203288182,7.687958053605606,9.826501020496922,10.216448513760493,6.324635807206221,6.324635807206221
2024-01-01 08:00:00,8.116656086735595,3.381034903111342,2.690203161981874,12.778185710424397,0.9496645095118752,5.476792613630582,13.442074251990832,0.9496645095118752,9.545253801424218,9.662949570872875,9.662949570872875,2.690203161981874,0.27645703635242047,13.98863529880549,2.690203161981874,2.690203161981874,9.442333728414084,4.89045625395535,3.028017146996239,3.653339066552029,13.98291017520964,7.164065475266431,2.690203161981874,6.846631672419995,6.9067615707032814,8.029203857971016,4.283460832113848,5.617411260705159,6.5788803388153285,3.2744791010021346,2.7111955027324237,6.884060905696758,2.690203161981874,4.396724131077407,7.036246632205707,5.4293403610785855,13.98863529880549,2.690203161981874,4.9760650110777025,5.9634433467073595,7.104115781107628,9.195603937856987,7.921346996779727,6.864537322966028,3.207155821077282,2.690203161981874,9.662949570872875,6.341800431557789,5.301283369635783,8.528153243961203,4.2658239136454625,10.532324292454362,6.4517143508983,2.690203161981874,6.932323118067512,6.884060905696758,2.690203161981874,9.514079735277523,8.029203857971016,2.815260660837947,8.37380877434849,2.690203161981874,2.690203161981874,2.690203161981874,5.091123275836871,2.690203161981874,8.029203857971016,13.499831883265998,10.529500387380649,2.690203161981874,2.690203161981874,2.690203161981874,2.690203161981874,2.690203161981874,6.0666162025820904,6.885997179663278,7.819366826464437,10.206199345929104,10.1458226489031,8.029203857971016,8.029203857971016
2024-01-01 09:00:00,8.371614773127389,10.172909762384299,10.754827660916739,12.674860862338464,2.2850611595861623,6.26154760548825,13.257999604254527,2.2850611595861623,9.584848595009882,9.684801497579603,9.684801497579603,10.754827660916739,1.1938472811155665,13.738081577755393,10.754827660916739,10.754827660916739,9.347167781790803,2.5516822315156418,2.918435263818584,1.4539870394145378,13.732716987980005,7.74359483510591,10.754827660916739,6.068068766465786,6.176144931710711,8.93528307298352,1.4610815072690204,5.343477481841883,10.158077675189725,10.262666391601204,10.737144890876577,7.2221572005575645,10.754827660916739,1.6646584858512923,7.3958272583328215,3.5206603334249866,13.738081577755393,10.754827660916739,2.320377102185808,4.42456252947142,5.016328870162062,8.96956889744438,7.0194274158055485,7.238602771248797,10.319375745332014,10.754827660916739,9.684801497579603,7.67892699960045,3.2904934952451366,7.870296456166478,1.4293812954073555,10.499428232582556,7.586341680840312,10.754827660916739,5.505810789493537,7.2221572005575645,10.754827660916739,10.294602632720943,8.93528307298352,10.649486240426898,9.308615930563391,10.754827660916739,10.754827660916739,10.754827660916739,8.732427264382364,10.754827660916739,8.93528307298352,14.861505146721743,11.382229895436836,10.754827660916739,10.754827660916739,10.754827660916739,10.754827660916739,10.754827660916739,7.910726754448133,7.224366821783866,8.446758708707952,11.160963955146233,11.020774399534538,8.93528307298352,8.93528307298352
2024-01-01 10:00:00,8.562469564057507,11.87330413389469,12.942258669661426,13.490550816799345,4.285910782219576,7.808801250186741,14.007171190927748,4.285910782219576,9.414916791968421,9.485146102411647,9.485146102411647,12.942258669661426,0.24571124438625047,14.432490434762212,12.942258669661426,12.942258669661426,9.317372998288326,5.760974191976574,3.1798359648556787,4.566731302995809,14.4259425347169,9.121792034721597,12.942258669661426,6.958466427616535,6.9952823614050095,10.227268387158926,5.389105250574756,5.629905164171099,11.014238640011946,12.0381826436613,12.909776291499453,6.452916923182068,12.942258669661426,5.458453349180566,6.608069104317573,6.090696739540583,14.432490434762212,12.942258669661426,6.044591885509065,6.451374800706148,8.025144979333678,9.1297408573681,8.16069874292813,6.483126627038916,12.14235493505125,12.942258669661426,9.485146102411647,7.291980560371316,6.012290857396925,8.672404709254467,5.378306635557886,10.479461540939969,7.121905887150826,12.942258669661426,7.408569592390665,6.452916923182068,12.942258669661426,9.590636873063268,10.227268387158926,12.748751665459096,10.450783572160372,12.942258669661426,12.942258669661426,12.942258669661426,9.227208690164451,12.942258669661426,10.227268387158926,13.772610560288499,10.169414519607315,12.942258669661426,12.942258669661426,12.942258669661426,12.942258669661426,12.942258669661426,7.7177853001102745,6.454890939642565,8.415386995546594,10.787276362226775,10.268342240029456,10.227268387158926,10.227268387158926
2024-01-01 11:00:00,7.5912040431257655,3.930223496041136,3.1637636440934975,12.905536443099221,6.87697897159614,9.184287847572197,13.243895749349344,6.87697897159614,7.7335706545507215,7.745299602247597,7.745299602247597,3.1637636440934975,0.0542815150097886,13.522457593762562,3.1637636440934975,3.1637636440934975,7.6225803254538524,5.118412860050764,2.7714105807070006,4.003719093250259,13.514811420273674,10.044228092316777,3.1637636440934975,6.291780242034929,6.3278457923809,11.9565261681614,4.754405830542218,5.062758438476876,5.718870809987008,3.8120026045469806,3.1870541002578228,7.816739750955319,3.1637636440934975,4.822340474167856,7.931928106223013,5.441697461198135,13.522457593762562,3.1637636440934975,5.389740657869821,5.794036310410248,7.3100401934449595,7.485334962096527,6.776519636254182,7.795078843619449,3.7373091761884805,3.1637636440934975,7.745299602247597,7.215115856190299,5.364889650044436,7.216228965697651,4.743827313213409,8.90639068382416,7.3370624914259315,3.1637636440934975,6.2263674179248065,7.816739750955319,3.1637636440934975,10.38045419741325,11.9565261681614,3.302511686998208,12.056889421671475,3.1637636440934975,3.1637636440934975,3.1637636440934975,5.827522075335782,3.1637636440934975,11.9565261681614,13.546061626960354,10.575948434684204,3.1637636440934975,3.1637636440934975,3.1637636440934975,3.1637636440934975,3.1637636440934975,6.909806110210473,7.818205303728679,9.791416084845949,11.520818332069357,10.90086277016987,11.9565261681614,11.9565261681614
2024-01-01 12:00:00,3.3997237267827085,9.776891017494982,10.230947284595445,3.2750781884941245,9.223690114870864,6.946978785113237,2.9412059124024803,9.223690114870864,2.2388314635788693,2.1431907476796774,2.1431907476796774,10.230947284595445,0.014216381034768697,2.666338115629727,10.230947284595445,10.230947284595445,2.1585161039788017,2.3653765965317173,0.9598461447927864,2.100973276756288,2.6656457205902497,6.098442328416983,10.230947284595445,1.8948670221105015,1.8804121276621382,3.3532994424558655,2.5110390930359316,1.4495469792902624,5.720432716506904,9.846925914363645,10.217149852729746,7.474491148477229,10.230947284595445,2.483811223404781,7.618478848913651,2.235576002050968,2.666338115629727,10.230947284595445,2.5302346972506458,2.1341901566560035,2.5623714767750947,2.1756554984472745,2.2641733556464403,7.4873232240281435,9.891174832517956,10.230947284595445,2.1431907476796774,7.830897422284391,2.266360193402164,2.2469839493456325,2.5152789105332745,2.2483327126682044,7.75865536832703,10.230947284595445,2.3328771402916324,7.474491148477229,10.230947284595445,9.051560760587499,3.3532994424558655,10.148751957248916,3.9345073129043424,10.230947284595445,10.230947284595445,10.230947284595445,8.652917846166506,10.230947284595445,3.3532994424558655,12.585961268207209,10.923556051531314,10.230947284595445,10.230947284595445,10.230947284595445,10.230947284595445,10.230947284595445,8.011765087063866,7.476323118151716,6.3450799819571575,8.726058239306587,9.582093771219018,3.3532994424558655,3.3532994424558655
2024-01-01 13:00:00,7.5720867008675565,8.810251794366781,9.409794717423155,8.186160978869584,10.587573447952982,9.66848122216149,8.05137910760099,10.587573447952982,6.9710091875005284,6.9214891023802485,6.9214891023802485,9.409794717423155,2.048672217351539,7.940416926391497,9.409794717423155,9.409794717423155,6.639427807509923,1.168433695880356,2.749881153690863,0.4215210117821804,7.939068356917287,9.325933069281165,9.409794717423155,4.736463456391199,4.8461142626995475,12.004514408756798,0.06235361470306724,4.484643329928832,8.022075060522159,8.902726956206802,9.39157637482818,5.77012737029382,9.409794717423155,0.2688966558701562,5.9226265135623075,2.1519399581101726,7.940416926391497,9.409794717423155,0.5925512531221729,3.019322765007973,2.327531475730732,6.323979363590404,4.694819105686943,5.787071041468769,8.961153912631671,9.409794717423155,6.9214891023802485,6.240731730758903,1.918419650143389,5.333893967123625,0.030191539162176605,7.126272840503262,6.145342204536133,9.409794717423155,3.4303344123932193,5.77012737029382,9.409794717423155,9.296217721403618,12.004514408756798,9.301262734958502,12.100436152076533,9.409794717423155,9.409794717423155,9.409794717423155,7.32614022185518,9.409794717423155,12.004514408756798,13.521468789163059,9.423074401178638,9.409794717423155,9.409794717423155,9.409794717423155,9.409794717423155,9.409794717423155,6.4795521948408865,5.772067631892597,8.676116159121388,10.94791995343924,9.99492048487976,12.004514408756798,12.004514408756798
2024-01-01 14:00:00,5.948159885967663,8.579821818536427,8.982871379007452,2.670204583471001,8.245506211427113,6.111671874898917,2.357284751506614,8.245506211427113,5.490229431461532,5.4525025916080745,5.4525025916080745,8.982871379007452,3.2362524360128733,2.0996665216091968,8.982871379007452,8.982871379007452,5.230304749709589,0.2742578011100001,2.1195624801824384,0.5460359966331315,2.104104061020212,5.316386059157317,8.982871379007452,1.107457876772348,1.133095918796458,13.094368491416457,0.014579232455591128,1.6389148391400066,7.013996602225109,8.641989299630358,8.970623890640843,6.536063539056877,8.982871379007452,0.0628721666118461,6.646993189788794,0.5031566017329856,2.0996665216091968,8.982871379007452,0.1566869901230248,0.708602434307278,0.6154638935067066,4.981805700942984,3.698411275701643,6.5474541150393515,8.68126748673105,8.982871379007452,5.4525025916080745,6.852432681860293,0.44855596840704803,4.0759045700261485,0.007059245397938467,4.778650835332487,6.7883059861074155,8.982871379007452,2.7022952715802524,6.536063539056877,8.982871379007452,9.455246109253622,13.094368491416457,8.909909517317168,13.06494557609958,8.982871379007452,8.982871379007452,8.982871379007452,7.582110905794125,8.982871379007452,13.094368491416457,12.620740075792575,9.193259701561338,8.982871379007452,8.982871379007452,8.982871379007452,8.982871379007452,8.982871379007452,7.012982459662739,6.537474907913565,9.432998354646227,11.037826314870816,9.989606814563722,13.094368491416457,13.094368491416457
2024-01-01 15:00:00,4.887628355573992,6.936927968494313,6.668951374098175,8.33782211726044,6.38424067207711,7.131934598811756,8.447468988111375,6.38424067207711,4.589308354483741,4.564731105262889,4.564731105262889,6.668951374098175,3.8061331869243458,8.537738219706846,6.668951374098175,6.668951374098175,4.378711312810637,0.09974142266286273,2.177843155506002,0.6252212691405954,8.532479872659,7.410602143085919,6.668951374098175,0.39985933713965477,0.40911622239401524,12.618022929074376,0.0052639855185173485,1.1564788792789278,5.495434820561051,6.895594515987209,6.677094393082129,8.29576677448083,6.668951374098175,0.02270065832139507,8.351379851835347,0.18166999347438878,8.537738219706846,6.668951374098175,0.6371261771030747,0.3402909799074973,2.502621036418004,4.1706726519434225,3.0962393335188327,8.288193493030214,6.869479527048885,6.668951374098175,4.564731105262889,8.085421611564868,0.16195585941382737,3.6177589412885114,0.0025488149434202607,5.363224609230819,8.128057692144266,6.668951374098175,2.2623100263670377,8.29576677448083,6.668951374098175,9.940360231021565,12.618022929074376,6.7174617141013115,12.552562002129614,6.668951374098175,6.668951374098175,6.668951374098175,7.600278580454014,6.668951374098175,12.618022929074376,11.57436705770784,9.627916066905932,6.668951374098175,6.668951374098175,6.668951374098175,6.668951374098175,6.668951374098175,7.978676469264561,8.296474345133806,10.14842173563143,10.928591696723284,10.221605425825064,12.618022929074376,12.618022929074376
2024-01-01 16:00:00,3.345463668951692,2.334317910129397,1.2268140302757207,2.1206208474877437,4.50895641725094,3.594869111129597,1.986572931332426,4.50895641725094,3.1135444510528805,3.0944376650627596,3.0944376650627596,1.2268140302757207,4.598371905786612,1.876214995037418,1.2268140302757207,1.2268140302757207,2.968334584960683,1.2793574481154864,4.273991318192663,0.8438639351279462,1.8778273348586225,3.254186305316969,1.2268140302757207,5.191147414849715,5.311324315810642,11.957924828130967,0.06833934405966806,5.418947456427874,2.2683814382414713,2.163493442707088,1.2604678094006245,7.950178702438575,1.2268140302757207,0.2947097962085079,8.002748593257197,2.358518682410959,1.876214995037418,1.2268140302757207,0.14001198636571685,3.2350706977017363,0.5499647558396055,2.8273048828530376,2.098945018391768,7.918879556299781,2.0555644213807853,1.2268140302757207,3.0944376650627596,7.080856198498134,2.1025812400179578,2.3339314742494235,0.033089821533529074,2.849599722320278,7.257064216850791,1.2268140302757207,1.5336231629433763,7.950178702438575,1.2268140302757207,9.491123150980565,11.957924828130967,1.4272994117977906,11.899869710031343,1.2268140302757207,1.2268140302757207,1.2268140302757207,5.075838594442083,1.2268140302757207,11.957924828130967,11.032169787594643,9.209431852744679,1.2268140302757207,1.2268140302757207,1.2268140302757207,1.2268140302757207,1.2268140302757207,6.639695807160511,7.950847554329943,9.671269717413281,10.410587241114426,9.755971717739538,11.957924828130967,11.957924828130967
2024-01-01 17:00:00,2.3650994166026185,1.8924188357124054,0.37910751773175855,7.239936264933058,3.9911239500525304,5.234541388791023,7.4222793687677715,3.9911239500525304,2.040983655130771,2.01428120870751,2.01428120870751,0.37910751773175855,0.8759594680739411,7.572397395321122,0.37910751773175855,0.37910751773175855,1.932196160597614,2.014453954787548,3.322431795271987,0.2958778311565578,7.565041127637832,5.697966423783846,0.37910751773175855,8.177098877580883,8.36640161229954,9.935120262016579,0.10764818044010475,7.17264415067259,1.291038375298577,1.6590015045041837,0.42509258899784463,9.56602237950141,0.37910751773175855,0.4642270679686423,9.612167171653756,3.7151402049434044,7.572397395321122,0.37910751773175855,0.5650879049969144,5.145999724741913,2.219655900658224,1.840394835260758,1.3662791002031804,9.523254717052025,1.511525534006231,0.37910751773175855,2.01428120870751,8.378165968233438,3.3119873746199917,1.7117323339748438,0.05212310899651183,3.131349349153343,8.618939471010915,0.37910751773175855,0.9982906921127999,9.56602237950141,0.37910751773175855,10.367310073675084,9.935120262016579,0.653054004480953,10.038536730177539,0.37910751773175855,0.37910751773175855,0.37910751773175855,5.6384772970124,0.37910751773175855,9.935120262016579,11.57683920442254,10.671369451431744,0.37910751773175855,0.37910751773175855,0.37910751773175855,0.37910751773175855,0.37910751773175855,7.775357232841737,9.566609484230511,9.85808606642253,10.581290515936903,10.559145508354177,9.935120262016579,9.935120262016579
2024-01-01 18:00:00,2.8964158905951334,4.3583927219225,3.4972980671506795,9.341758815622565,5.150521821186904,6.754633312914875,9.576996523560268,5.150521821186904,2.4471045517422847,2.4100878022371113,2.4100878022371113,3.4972980671506795,4.620565537482882,9.770661212511442,3.4972980671506795,3.4972980671506795,2.3118730284803486,2.2810366834283333,5.70534184398336,0.9239363873052375,9.760919359968147,7.3524899948515765,3.4972980671506795,9.259070021364229,9.473420771212849,9.836719824142001,0.12189189042339814,8.89862807570709,2.8909645658781344,4.225575096199123,3.5234641960866386,8.724777163698883,3.4972980671506795,0.5256523117164366,8.768974304843507,4.206717298119913,9.770661212511442,3.4972980671506795,0.7291326889981005,5.839889275958131,2.864021086252534,2.202032727400677,1.6347531713131969,8.700441783995656,4.141659269763272,3.4972980671506795,2.4100878022371113,8.048870762797725,3.7502203985275764,2.06961570815779,0.0590198948496363,3.8894131304540727,8.185874149866178,3.4972980671506795,1.1944549796459272,8.724777163698883,3.4972980671506795,9.625035817088136,9.836719824142001,3.6531773318006167,9.898588408530982,3.4972980671506795,3.4972980671506795,3.4972980671506795,6.489950768942556,3.4972980671506795,9.836719824142001,10.817997882527113,9.783470426215166,3.4972980671506795,3.4972980671506795,3.4972980671506795,3.4972980671506795,3.4972980671506795,7.705864420528241,8.72533948827265,9.298043138475943,9.972840067461334,9.818563706063074,9.836719824142001,9.836719824142001
2024-01-01 19:00:00,1.2624473827427294,5.9488967571161115,5.579164404537843,10.677659563085808,6.311708117753315,7.982688044462801,10.92270330848384,6.311708117753315,0.255977336115806,0.17305877524536475,0.17305877524536475,5.579164404537843,4.5845629151506815,11.124441036452643,5.579164404537843,5.579164404537843,0.166006364772365,0.5588398505088329,3.2468983161283695,0.7866888372732661,11.109946683202255,8.605466772573042,5.579164404537843,2.268883341574577,2.3214087943968784,8.185431962179932,0.029868926254640604,2.9197143473215137,2.564197511525006,5.891868214492563,5.590399481141496,7.823712241073479,5.579164404537843,0.12880816008105594,7.891511602173989,1.0308325542840633,11.124441036452643,5.579164404537843,0.830158105996251,1.525792541129121,3.260847245463333,0.1581191716336812,0.11738509335358416,7.813263242071222,5.8558368725782435,5.579164404537843,0.17305877524536475,7.533495059555708,0.9189705412983478,0.4645112757427696,0.01446249525458204,2.374063541446869,7.592320862655639,5.579164404537843,0.08576903948120744,7.823712241073479,5.579164404537843,8.96940513399084,8.185431962179932,5.646095033961461,8.346232669638852,5.579164404537843,5.579164404537843,5.579164404537843,6.8641340855729975,5.579164404537843,8.185431962179932,10.73832440367626,9.447770380154017,5.579164404537843,5.579164404537843,5.579164404537843,5.579164404537843,5.579164404537843,7.386216776995507,7.824574859013131,8.182942338227411,9.24978617665993,9.248933111781167,8.185431962179932,8.185431962179932
2024-01-01 20:00:00,2.8888968613329338,6.120078468607446,5.525498091638361,12.53906343546585,8.426913911040335,10.00075626750743,12.76986227363874,8.426913911040335,1.785002930961754,1.6940580525058506,1.6940580525058506,5.525498091638361,4.767316933957912,12.959872564067522,5.525498091638361,5.525498091638361,1.6250225890662016,2.0298240336390716,5.42829021104075,0.9285935018644284,12.944962054025119,10.587331561045954,5.525498091638361,8.23986604567389,8.430621862561228,5.870197040860669,0.1084744846755978,8.059416692677512,3.388716892255813,6.028368743627593,5.5435656370822315,9.135039127109383,5.525498091638361,0.4677904611530393,9.125471236944573,3.74365751080259,12.959872564067522,5.525498091638361,0.9671266382270128,5.243346728249984,3.7988573640344723,1.5478155070831452,1.1490729803088473,9.118235702355266,5.9704253997229415,5.525498091638361,1.6940580525058506,8.668330060438748,3.3374100913288047,1.6393796513820844,0.05252320443291214,3.9582572963696836,8.762930026978767,5.525498091638361,0.839586041117111,9.135039127109383,5.525498091638361,8.410659499865652,5.870197040860669,5.6331317314752996,6.005066325396894,5.525498091638361,5.525498091638361,5.525498091638361,7.591905729530939,5.525498091638361,5.870197040860669,8.01490358264836,8.905850980735051,5.525498091638361,5.525498091638361,5.525498091638361,5.525498091638361,5.525498091638361,8.431486364848258,9.134917393901771,7.840521981007461,7.76574673937465,8.329730359777583,5.870197040860669,5.870197040860669
2024-01-01 21:00:00,3.4597670550708046,5.228694649654524,4.649761566899033,11.517748815710975,9.792156213552353,10.452592005381426,11.614599566242372,9.792156213552353,2.1975307899864696,2.093540795520126,2.093540795520126,4.649761566899033,1.1985370527083412,11.694334106426373,4.649761566899033,4.649761566899033,2.008225797704817,0.5589280730447981,1.432937176385444,0.23713051665824503,11.68162728217231,10.698738207295255,4.649761566899033,2.267085623932871,2.3195694589551534,9.429776371024323,0.029845260033163783,2.193217059201716,3.224165856156737,5.139398406694247,4.667353637183904,8.16431199597641,4.649761566899033,0.1287061007563078,8.188377827334977,1.0300157886820052,11.694334106426373,4.649761566899033,0.8726862069623597,1.5308650754278355,3.427896919360932,1.9128121986280304,1.420040569299297,8.147950779107228,5.082979930721526,4.649761566899033,2.093540795520126,7.709885093940225,0.9182424079809453,1.8949856555426046,0.014451036100915634,4.023104692807614,7.801995517322776,4.649761566899033,1.0375722519236628,8.16431199597641,4.649761566899033,8.770071060200106,9.429776371024323,4.75456266248284,9.43110695595569,4.649761566899033,4.649761566899033,4.649761566899033,6.661788519643295,4.649761566899033,9.429776371024323,9.449660925724201,8.740782167040084,4.649761566899033,4.649761566899033,4.649761566899033,4.649761566899033,4.649761566899033,7.479274303321187,8.164618187915766,8.731898496837264,9.083770676925193,8.88396805280032,9.429776371024323,9.429776371024323
2024-01-01 22:00:00,2.9534016985263896,4.731569929303439,4.066982865283446,11.295839812567788,8.454777386043583,9.542136772581369,11.455297513053532,8.454777386043583,1.8568114974430139,1.7664683405421249,1.7664683405421249,4.066982865283446,0.4086968922098611,11.586574620946534,4.066982865283446,4.066982865283446,1.6944820468254447,1.973536152237435,3.0143205426269497,0.21692696198637565,11.573577531995605,9.947398550369599,4.066982865283446,8.011237041325499,8.196700015799273,7.846576674267521,0.10546467683514052,6.930917730842208,2.7839936666617415,4.629062178917977,4.087177707638989,8.101516079197607,4.066982865283446,0.4548108244958091,8.133318269442245,3.639783408411623,11.586574620946534,4.066982865283446,0.8646446873861455,5.086858143900454,3.3963099640929726,1.613974849455809,1.1981885967163177,8.082734196788797,4.5642965083766915,4.066982865283446,1.7664683405421249,7.579856064194663,3.2448080099292667,1.6510407932497324,0.05106585939015038,3.74010967752096,7.685594357038609,4.066982865283446,0.8754730445043902,8.101516079197607,4.066982865283446,8.564574414898473,7.846576674267521,4.187289433511707,7.942819521005993,4.066982865283446,4.066982865283446,4.066982865283446,6.376692096079209,4.066982865283446,7.846576674267521,9.375003363113366,8.863302105924685,4.066982865283446,4.066982865283446,4.066982865283446,4.066982865283446,4.066982865283446,7.315126075817813,8.101920701591977,8.105683094234289,8.61611225704954,8.690210098030017,7.846576674267521,7.846576674267521
2024-01-01 23:00:00,1.6769369224263113,2.479258859710557,1.3094409410711774,13.194141596571956,7.108251368771118,9.437503201767207,13.53571876575828,7.108251368771118,0.5943120410937216,0.5051194243601347,0.5051194243601347,1.3094409410711774,6.249916259888465,13.81692978759331,1.3094409410711774,1.3094409410711774,0.5113645607874407,1.0310682172989298,4.18094311932048,1.5942820211877722,13.799311364895168,10.305621645809982,1.3094409410711774,2.1718265330724265,2.2068636215852675,8.914812530790945,0.6782925978869467,3.148377701000686,0.8608735414476824,2.2988229022680895,1.3449882601969994,8.411097747982073,1.3094409410711774,0.7442899859474821,8.418942756440556,1.3459851040715036,13.81692978759331,1.3094409410711774,1.6403222612940085,1.7384301724891347,4.51546644274664,0.5183489241293325,0.5544202613088269,8.378037545975275,2.18482122210657,1.3094409410711774,0.5051194243601347,7.492862551984079,1.2713675798120843,0.944414626991758,0.6680157424271337,3.1805221595959368,7.678984967468626,1.3094409410711774,0.5824172944483442,8.411097747982073,1.3094409410711774,8.624531390858763,8.914812530790945,1.5212066928631767,8.910775185373861,1.3094409410711774,1.3094409410711774,1.3094409410711774,5.375032029600667,1.3094409410711774,8.914812530790945,8.850211461122989,8.599016183072752,1.3094409410711774,1.3094409410711774,1.3094409410711774,1.3094409410711774,1.3094409410711774,7.026880138587119,8.411197560796282,8.63141595212182,8.743969316833779,8.662836793461418,8.914812530790945,8.914812530790945
2024-01-02 00:00:00,2.211303614197299,1.8465592778241442,0.4363005951950392,15.576177427365414,6.519076611258477,9.985499416779678,16.08451700333553,6.519076611258477,1.3526344511755015,1.2818925433559776,1.2818925433559776,0.4363005951950392,7.506396598574006,16.503018895421196,0.4363005951950392,0.4363005951950392,1.2449257636631423,2.9832940457932438,7.889453865877895,1.7312566856488223,16.482873458347274,11.27744455113326,0.4363005951950392,10.965246891938806,11.210420264695479,9.39028166479623,0.5141858090018138,10.948350047301924,0.9078843753730658,1.6290370706607415,0.4791542005661089,8.997610020722446,0.4363005951950392,0.9760050671288767,9.010895187425582,5.186389769260333,16.503018895421196,0.4363005951950392,1.5783324876659464,7.108161424203685,5.102353869859909,1.2035832847662002,0.9900665441374383,8.957754726845783,1.4916038370605211,0.4363005951950392,1.2818925433559776,7.890643596957993,4.664250776954223,1.5311047245044822,0.4422731181544623,4.341028901560101,8.11502103919642,0.4363005951950392,0.824343958543263,8.997610020722446,0.4363005951950392,9.278448850899125,9.39028166479623,0.6915920259294066,9.406013842516403,0.4363005951950392,0.4363005951950392,0.4363005951950392,5.337520726347522,0.4363005951950392,9.39028166479623,9.63969679777236,9.315841384013371,0.4363005951950392,0.4363005951950392,0.4363005951950392,0.4363005951950392,0.4363005951950392,7.328884596711298,8.997779049205064,9.192542880551617,9.394001471803104,9.337375407929574,9.39028166479623,9.39028166479623
2024-01-02 01:00:00,4.068354707729765,5.048625876669357,4.383313588691048,14.638823008155908,7.966110195612027,10.519956546417905,15.013336229391856,7.966110195612027,3.291414408246304,3.2274057755688346,3.2274057755688346,4.383313588691048,10.096979955014175,15.321662590563378,4.383313588691048,4.383313588691048,3.101437564538158,3.6230987504701346,10.409557314788078,2.018895644891917,15.305655622091608,11.471781973355172,4.383313588691048,14.290473109690955,14.618147746766873,10.102834911319402,0.32261188192065776,14.359798062103394,3.738667696266182,4.946006265730903,4.403530468465469,8.422249446450923,4.383313588691048,0.939834119800629,8.43848242345684,6.567020562229513,15.321662590563378,4.383313588691048,1.2694824938152713,9.06632912362735,4.587487427014324,2.960558695740435,2.232977822708127,8.403447068501583,4.881169920302163,4.383313588691048,3.2274057755688346,7.900020175196306,5.869180895207872,2.871154146403594,0.2265004461247936,5.658105047911967,8.005873853890254,4.383313588691048,1.6682605871756397,8.422249446450923,4.383313588691048,8.975646487652664,10.102834911319402,4.503751440253496,10.063187420472914,4.383313588691048,4.383313588691048,4.383313588691048,6.695543266485556,4.383313588691048,10.102834911319402,9.471648070334544,8.811092320484551,4.383313588691048,4.383313588691048,4.383313588691048,4.383313588691048,4.383313588691048,7.635001302878659,8.422455980213956,9.125170349411526,9.343016607433167,9.063147195265984,10.102834911319402,10.102834911319402
2024-01-02 02:00:00,1.7218809225738065,6.450866103357531,6.108327119265796,12.435219752576746,9.02804518921846,10.33207258701589,12.626451108830787,9.02804518921846,0.2655418907772263,0.1455606384183209,0.1455606384183209,6.108327119265796,11.878775516534951,12.7838865873998,6.108327119265796,6.108327119265796,0.13962881918879938,3.4733175244598753,11.282495881150687,2.1929371705146563,12.767159533551359,10.818087117316338,6.108327119265796,14.102673112739831,14.429154989387348,9.194229725860014,0.18565595483873548,14.590175755864484,2.782912345068237,6.398031941244636,6.118735869539262,8.187791170249705,6.108327119265796,0.8006314571536939,8.230133218077482,6.407334515907698,12.7838865873998,6.108327119265796,0.9539937370238291,8.872078758531856,3.747271546340201,0.13299485990549997,0.09873321422225632,8.178110682518378,6.364650661059856,6.108327119265796,0.1455606384183209,7.918919112314175,5.712035037982226,0.4945717853766036,0.08989437192851701,2.685606724568714,7.973418348563634,6.108327119265796,0.0721407864218958,8.187791170249705,6.108327119265796,9.039962259951476,9.194229725860014,6.170335081640507,9.256385843434085,6.108327119265796,6.108327119265796,6.108327119265796,7.298788830449931,6.108327119265796,9.194229725860014,10.180176957437583,9.202047739689856,6.108327119265796,6.108327119265796,6.108327119265796,6.108327119265796,6.108327119265796,7.782472969759563,8.188329892288747,8.714225713989123,9.3620865040279,9.224607796553423,9.194229725860014,9.194229725860014
2024-01-02 03:00:00,3.119664825982563,7.662634193718227,7.4477778362534925,14.29636644968864,9.109487645426901,11.09466097424669,14.587485630704904,9.109487645426901,1.9257123706117842,1.8273479735004492,1.8273479735004492,7.4477778362534925,12.813660137261161,14.82715598854637,7.4477778362534925,7.4477778362534925,1.8260934070777561,5.2547822910839965,12.596254587317647,3.8485061753586045,14.80995050662061,11.834540431228167,7.4477778362534925,15.83806342583493,16.16312915103788,9.727132916659176,1.9814128774211566,16.149994680195853,4.313283040427827,7.629494153756417,7.4543066877809965,8.752114254071591,7.4477778362534925,2.5937208551098747,8.766616940957531,8.176104215884127,14.82715598854637,7.4477778362534925,2.7689664125806055,10.633437083310087,5.6161497124703175,1.8246903396132383,1.8174440786269814,8.746042202629184,7.608555864682462,7.4477778362534925,1.8273479735004492,8.5834652135974,7.4838206767610895,2.2141533182143966,1.8860666710254488,4.440044591914931,8.617649665379489,7.4477778362534925,1.8118198399701142,8.752114254071591,7.4477778362534925,9.154352035562852,9.727132916659176,7.48667210974755,9.717520652418616,7.4477778362534925,7.4477778362534925,7.4477778362534925,8.194490703533319,7.4477778362534925,9.727132916659176,9.573548503133349,9.099509956528626,7.4477778362534925,7.4477778362534925,7.4477778362534925,7.4477778362534925,7.4477778362534925,8.497879856774054,8.752298773183245,9.176367466674225,9.383406048694631,9.22573105368025,9.727132916659176,9.727132916659176
2024-01-02 04:00:00,2.0583951788174524,6.355504455372564,5.844282349075021,4.296716245639997,9.985171381932537,7.8080298205223375,3.977445550677048,9.985171381932537,0.478349458573279,0.34817656602547814,0.34817656602547814,5.844282349075021,12.199451045528873,3.714598831189373,5.844282349075021,5.844282349075021,0.37323504912595334,5.119555292780854,12.869748822214042,3.103924453182205,3.7101433102023926,6.996603285195247,5.844282349075021,17.840440047411093,18.231156781230755,10.831517081966703,1.185269033682871,17.7859262103339,2.7791226735768877,6.276652141054418,5.859816882327743,8.947777254721494,5.844282349075021,1.9212401145616549,8.952883512812763,8.631054236887872,3.714598831189373,5.844282349075021,1.1684163893451598,11.444538000749281,1.769621742870266,0.4012596652104201,0.5459951731765458,8.933329616473488,6.226832268982859,5.844282349075021,0.34817656602547814,8.546499309243774,7.798955549416598,0.5939940466857887,1.0706664919299125,1.0247588707925273,8.627836662482359,5.844282349075021,0.6583327001395333,8.947777254721494,5.844282349075021,9.359115552765012,10.831517081966703,5.936826096223898,10.752609866609276,5.844282349075021,5.844282349075021,5.844282349075021,7.620986233077745,5.844282349075021,10.831517081966703,9.576751595250338,9.070091976848104,5.844282349075021,5.844282349075021,5.844282349075021,5.844282349075021,5.844282349075021,8.342860343658872,8.947842222145413,9.693344940447766,9.72991892811335,9.40413067124674,10.831517081966703,10.831517081966703
2024-01-02 05:00:00,1.9384509003759867,8.040203371159338,7.37905932402462,12.757852885909491,10.079324467376878,11.10447723797716,12.908188189462624,10.079324467376878,0.315729114243844,0.18204033170120226,0.18204033170120226,7.37905932402462,3.3157098875786737,13.031955080647895,7.37905932402462,7.37905932402462,0.20290391506915648,4.840102143497772,7.97247787351571,1.4359649513223656,13.014947985181202,11.48655444213027,7.37905932402462,17.529109751703864,17.91884825317972,9.504239627995236,0.9156380704254032,15.636321227936254,3.3653060831210513,7.938226681239173,7.399149543243497,11.39269088828029,7.37905932402462,1.6497665101959282,11.390327256418985,8.342781359219437,13.031955080647895,7.37905932402462,1.614726263288906,11.253349996817114,4.310565718707364,0.2262370877791237,0.34674323831691095,11.374006308906358,7.873796541299267,7.37905932402462,0.18204033170120226,10.87373343000357,7.512765986279804,0.6912173357805644,0.8013224575478194,2.7646114568001443,10.978923925956195,7.37905932402462,0.4402749716522638,11.39269088828029,7.37905932402462,11.02431139982969,9.504239627995236,7.4987426217015205,9.590599927984142,7.37905932402462,7.37905932402462,7.37905932402462,9.676802676589766,7.37905932402462,9.504239627995236,10.87735232678406,11.33607272109056,7.37905932402462,7.37905932402462,7.37905932402462,7.37905932402462,7.37905932402462,10.610374924566074,11.392660815559644,10.65416827853683,10.66120646826164,10.990354094914174,9.504239627995236,9.504239627995236
2024-01-02 06:00:00,3.6790617230121643,9.337165974657674,8.86700063480655,15.240180999319957,9.831348254262503,11.90146998078383,15.543757585243137,9.831348254262503,2.4527253468700163,2.351692983518947,2.351692983518947,8.86700063480655,0.8354465626965003,15.793683779479146,8.86700063480655,8.86700063480655,2.3209883768984483,5.250509692522632,6.364049072378454,1.7531947985366358,15.775893060614802,12.673009934836472,8.86700063480655,16.4268548183886,16.77014264015045,9.527257922162603,1.7934468184826051,14.101924801349176,5.233435511700331,9.264646369768245,8.88128757392014,11.721250713323778,8.86700063480655,2.4400787320038746,11.710733787037746,8.335391819728914,15.793683779479146,8.86700063480655,2.657565274520599,10.935189707954304,5.759269472905179,2.2866493145891367,2.1093023132443633,11.707963379573453,9.21882758220934,8.86700063480655,2.351692983518947,11.352199807100869,7.604301182477766,2.582914876846428,1.6927558228803987,5.053259334092451,11.427004874911752,8.86700063480655,1.9716531363054455,11.721250713323778,8.86700063480655,11.16921391148499,9.527257922162603,8.952112099653933,9.607127998037496,8.86700063480655,8.86700063480655,8.86700063480655,10.501015625838182,8.86700063480655,9.527257922162603,10.797616757894625,11.469329464278049,8.86700063480655,8.86700063480655,8.86700063480655,8.86700063480655,8.86700063480655,11.164915293615,11.721116905436253,10.838111216130201,10.723033535172311,11.098259325410062,9.527257922162603,9.527257922162603
2024-01-02 07:00:00,4.451464692991035,3.7438993590410687,2.3331293763788548,19.57454923476372,11.806853932470082,14.779782763550973,20.010519532147498,11.806853932470082,2.985313638543235,2.8645240175694915,2.8645240175694915,2.3331293763788548,0.21127172974883332,20.369441801774187,2.3331293763788548,2.3331293763788548,2.7748662639354262,4.327266536046749,5.6104711751893825,0.8704063650162396,20.346273725276482,15.887801361852611,2.3331293763788548,15.53434876485741,15.878592961716055,11.447990863960964,0.8601731463375355,13.269692380024882,2.629486377180536,3.5262982875437,2.375998518651143,10.897542769885076,2.3331293763788548,1.508606529703298,10.935749531787327,7.420343534233728,20.369441801774187,2.3331293763788548,2.134898191089885,10.086757702198257,6.440444037949972,2.6745958639069927,2.1567408739103273,10.857673026167877,3.388815226477246,2.3331293763788548,2.8645240175694915,9.790175007007386,6.687216131229051,2.880611794344173,0.7592016328883183,6.382655935170243,10.014633798997501,2.3331293763788548,1.754803922023695,10.897542769885076,2.3331293763788548,11.603858804890542,11.447990863960964,2.5885133649670364,11.521613297253584,2.3331293763788548,2.3331293763788548,2.3331293763788548,7.2361264822425735,2.3331293763788548,11.447990863960964,12.616451980214716,11.812743173370803,2.3331293763788548,2.3331293763788548,2.3331293763788548,2.3331293763788548,2.3331293763788548,9.22821233675393,10.898028878274564,11.234125372668595,11.827147804001665,11.765854180575172,11.447990863960964,11.447990863960964
2024-01-02 08:00:00,3.481775618317126,8.529472547743625,8.01566020156123,19.83143647757618,2.7966159837156668,9.316350217308942,20.7875341960841,2.7966159837156668,3.618348610993601,3.6296002483815744,3.6296002483815744,8.01566020156123,9.452535037556828,21.574662964192992,8.01566020156123,8.01566020156123,3.490457682770579,3.8609556127273117,10.326158260642748,1.9925359733632524,21.55091234788726,11.74627276078899,8.01566020156123,15.014399116607036,15.357006112067973,9.87934337693114,0.4100128541665731,14.834824936884957,5.569569344964934,8.450220707647848,8.031273444570687,11.134879772060826,8.01566020156123,1.0553623335733033,11.19428410149423,6.9389835291082145,21.574662964192992,8.01566020156123,1.809131776791611,9.611691570901254,6.476174864452738,3.3348450318922045,2.5311702909803935,11.120358931092571,8.40014841022514,8.01566020156123,3.6296002483815744,10.731568647410134,6.209342828914649,3.3750826107005274,0.3095215541950447,7.2361923319394075,10.813318117522952,8.01566020156123,1.9073922413135316,11.134879772060826,8.01566020156123,11.8633900871455,9.87934337693114,8.108672845696379,10.097326244388487,8.01566020156123,8.01566020156123,8.01566020156123,9.801366218310605,8.01566020156123,9.87934337693114,13.341781832724307,12.557844283037847,8.01566020156123,8.01566020156123,8.01566020156123,8.01566020156123,8.01566020156123,10.526897891994022,11.135635579186888,10.841043750513649,11.812866564684487,12.088009865011287,9.87934337693114,9.87934337693114
2024-01-02 09:00:00,6.000822047914228,7.280555714753056,7.029196132957268,24.14352165218938,9.532989202079179,15.124876044698992,24.96355358306713,9.532989202079179,5.296754536467122,5.238749566522431,5.238749566522431,7.029196132957268,13.822081984270138,25.638663157190035,7.029196132957268,7.029196132957268,5.192019216249657,7.22690300741746,13.7438984031747,5.910397163580683,25.611663501182417,17.20898736160808,7.029196132957268,16.81936341775769,17.11400556246456,10.208744917014794,4.2595857497513565,17.04730294963681,6.030670115955262,7.24178531631668,7.036834209898182,8.555134021751584,7.029196132957268,4.814586544297427,8.687976635437318,9.874502981096704,25.638663157190035,7.029196132957268,5.699946330231599,12.207522177971786,10.407882062482622,5.139757468376243,4.869847236498046,8.548030353378836,7.217289696790911,7.029196132957268,5.238749566522431,8.35783219282706,9.247011705032067,5.588899086239321,4.173163194052641,9.338716673159475,8.397824444419028,7.029196132957268,4.6603544287048155,8.555134021751584,7.029196132957268,10.9653831663596,10.208744917014794,7.074698385881398,10.47748555872351,7.029196132957268,7.029196132957268,7.029196132957268,7.902772489997568,7.029196132957268,10.208744917014794,14.474275063003754,11.737230791855554,7.029196132957268,7.029196132957268,7.029196132957268,7.029196132957268,7.029196132957268,8.25770623075265,8.556824191391172,9.624682565571577,11.692722694648417,11.525271996849252,10.208744917014794,10.208744917014794
2024-01-02 10:00:00,6.036597396793715,7.124360300179309,6.611074197718729,23.841963427150677,12.197608461532651,16.654250650677717,24.49551543963806,12.197608461532651,4.808521957828729,4.707346320877997,4.707346320877997,6.611074197718729,13.347239526406781,25.033566708379805,6.611074197718729,6.611074197718729,4.5678608488204215,5.366421539001397,13.526494343856626,3.553691679378116,25.006664586664513,18.31525322158457,6.611074197718729,17.85457350283022,18.23817613804167,11.515028398172948,1.5026567873503405,18.021781661753025,5.549371575616689,7.045189629373455,6.626671449732305,9.72709908103704,6.611074197718729,2.225227441810266,9.84103564379381,8.81287049958448,25.033566708379805,6.611074197718729,3.0567844017968095,11.803584601848582,8.245948759714386,4.411864702202109,3.606209364997548,9.712593112232625,6.995168615716797,6.611074197718729,4.707346320877997,9.324201025377121,7.995922512357261,4.523030283270181,1.3901409076525553,8.792502594732852,9.405866768141372,6.611074197718729,2.980894060979171,9.72709908103704,6.611074197718729,11.85904659079852,11.515028398172948,6.703991578825675,11.72739896107375,6.611074197718729,6.611074197718729,6.611074197718729,8.394951304385849,6.611074197718729,11.515028398172948,14.88536354759399,12.456322470173058,6.611074197718729,6.611074197718729,6.611074197718729,6.611074197718729,6.611074197718729,9.119739892600242,9.728548707131164,10.787497960873482,12.552500098552795,12.344023867142745,11.515028398172948,11.515028398172948
2024-01-02 11:00:00,5.359329441224547,3.6258771561360934,1.730665385089755,24.859127159661707,8.760302604006348,14.921803255800524,25.762691094125756,8.760302604006348,4.6814128515765505,4.6255623389932925,4.6255623389932925,1.730665385089755,10.938624674921556,26.50657025299692,1.730665385089755,1.730665385089755,4.551574079734382,6.063552786093695,11.772170356034234,4.377484198320929,26.47761034176238,17.21821117658935,1.730665385089755,16.01857799905796,16.324362001293842,12.673454924137317,2.9838538378667834,15.833495626050592,3.345139661620891,3.333554440766234,1.7882552856742464,13.235997420047187,1.730665385089755,3.5598419212050683,13.260423800258287,8.811098494031423,26.50657025299692,1.730665385089755,4.578319769084992,11.246833130757363,9.756024778635904,4.468827947329836,4.041478524604213,13.182436876138503,3.1488613165469803,1.730665385089755,4.6255623389932925,11.748372615950723,8.15987871026954,4.864194733640772,2.8941632235410637,9.02319923626526,12.049907912223299,1.730665385089755,3.709788133126176,13.235997420047187,1.730665385089755,13.52744937307455,12.673454924137317,2.0737452260683202,12.76535595111191,1.730665385089755,1.730665385089755,1.730665385089755,8.317293923148126,1.730665385089755,12.673454924137317,14.133242861632707,13.821104137075132,1.730665385089755,1.730665385089755,1.730665385089755,1.730665385089755,1.730665385089755,10.993438586561194,13.236308199285055,13.097263734467521,13.497957398878345,13.619213092775581,12.673454924137317,12.673454924137317
2024-01-02 12:00:00,5.525793927678153,2.8624428839671903,0.5535482733526054,6.941017979919649,10.805497112193153,9.326445606908962,6.724119910291044,10.805497112193153,4.4733897463195165,4.3866868777495585,4.3866868777495585,0.5535482733526054,9.69355093115513,6.545553737558829,0.5535482733526054,0.5535482733526054,4.336824477933227,5.883549248745856,10.514268801642704,4.430571800203026,6.542696438074592,8.775199119415655,0.5535482733526054,14.207616506563296,14.46330061021837,13.130453134430336,3.308512108765528,13.995817469789595,2.6912767568596383,2.5063125810696643,0.623708776319485,14.5702399880618,0.5535482733526054,3.7901298380368864,14.558829041024476,8.181016280978373,6.545553737558829,0.5535482733526054,3.4155291785650053,10.039323331723725,4.1545915059955405,4.281059944768951,3.993059281006108,14.50498836127179,2.281305030123539,0.5535482733526054,4.3866868777495585,12.757899570347645,7.636492874010976,4.166006656789956,3.233516477331368,4.82057514269182,13.125253356932372,0.5535482733526054,3.769525451709784,14.5702399880618,0.5535482733526054,14.135983677054288,13.130453134430336,0.9715148604895052,13.170992829167242,0.5535482733526054,0.5535482733526054,0.5535482733526054,8.577892236374225,0.5535482733526054,13.130453134430336,13.775570180043117,14.296903468221853,0.5535482733526054,0.5535482733526054,0.5535482733526054,0.5535482733526054,0.5535482733526054,11.838180128723081,14.570094805460325,13.976106847988717,13.829065501857816,14.071139613632798,13.130453134430336,13.130453134430336
2024-01-02 13:00:00,7.1627966665714755,6.565777312251537,5.474626877243597,20.837715011113747,12.430186018687696,15.647998299809405,21.309596666153485,12.430186018687696,6.112847003630281,6.026346351843115,6.026346351843115,5.474626877243597,7.674427321015502,21.698083761807545,5.474626877243597,5.474626877243597,5.9811707451807665,7.34185022335415,9.828087518235954,5.5501657280529395,21.67734193281743,16.847285620801202,5.474626877243597,14.759062430629024,14.986891506138733,13.77675822176772,5.047340648410238,13.914676965124299,5.78231896915074,6.3974752454791135,5.507783723372796,12.09871408831213,5.474626877243597,5.476489431773804,12.149109253216409,9.389018934636468,21.698083761807545,5.474626877243597,6.1700090897097795,11.194300598040579,9.83650268788297,5.9306477734582215,5.669717598565518,12.06787710656789,6.291139908228885,5.474626877243597,6.026346351843115,11.242228033868576,8.903817615393965,6.242113330555806,4.980515276270712,9.17604635420497,11.41583415785145,5.474626877243597,5.467194727921182,12.09871408831213,5.474626877243597,13.197036846985643,13.77675822176772,5.672151883918465,13.827193882008453,5.474626877243597,5.474626877243597,5.474626877243597,9.26681659679678,5.474626877243597,13.77675822176772,14.57594444865565,13.305874102869895,5.474626877243597,5.474626877243597,5.474626877243597,5.474626877243597,5.474626877243597,10.807581833821024,12.099355270951795,12.911117864173258,13.670874135784663,13.422998505101344,13.77675822176772,13.77675822176772
2024-01-02 14:00:00,2.7582506941396314,11.373593782972115,10.94904238794505,24.888514829986473,10.226767340713703,15.838255707413172,25.711421260311653,10.226767340713703,1.2695499333745806,1.1469025430592223,1.1469025430592223,10.94904238794505,7.875491756554176,26.388897330207094,10.94904238794505,10.94904238794505,1.1309509242530171,3.92231856846038,9.055185153961618,2.1527000340001265,26.355489091825593,17.929672565244818,10.94904238794505,13.6135108244757,13.911179103805123,12.710355572724467,0.9247374281409058,13.263579484569345,5.482422025797131,11.308109799332726,10.961943253698493,13.526382208388432,10.94904238794505,1.4854383818464576,13.502692046232685,6.597322904650055,26.388897330207094,10.94904238794505,2.668353661765162,8.996260929239183,8.269255469753478,1.1131111375756984,1.0209760453779444,13.514383969467467,11.266736204710158,10.94904238794505,1.1469025430592223,13.193135446467295,5.963386952866205,1.8204174638268582,0.8374272659246982,6.220029342015587,13.260683164689699,10.94904238794505,0.9494647172356832,13.526382208388432,10.94904238794505,13.005311765103432,12.710355572724467,11.025896609366805,12.687979811715147,10.94904238794505,10.94904238794505,10.94904238794505,12.424530445310744,10.94904238794505,12.710355572724467,12.355867202764319,12.958910774429892,10.94904238794505,10.94904238794505,10.94904238794505,10.94904238794505,10.94904238794505,13.024020680388263,13.526080796125289,13.1339545243512,12.77744353012859,12.898738841440586,12.710355572724467,12.710355572724467
2024-01-02 15:00:00,4.850560356663726,10.902680693038771,10.744643607890017,21.160382382281995,8.960453863474605,13.629730633378136,21.845116561136148,8.960453863474605,4.031334547873528,3.9638422014093058,3.9638422014093058,10.744643607890017,8.392965710758254,22.40883924371366,10.744643607890017,10.744643607890017,3.814718301524775,3.240122403990198,8.79396375424071,1.8411835501188132,22.384426955250266,15.369982686364516,10.744643607890017,12.220012670184603,12.495861061267803,15.087662994116311,0.46136060929543715,12.214824218963548,6.963013512121835,10.878304615090332,10.749445889176691,11.704045172533844,10.744643607890017,0.9809606698290069,11.68687197098396,5.718130260741133,22.40883924371366,10.744643607890017,1.9540276195650994,7.923309054206914,6.783823808434629,3.647942841632584,2.786616826281401,11.699578889468476,10.86290350612481,10.744643607890017,3.9638422014093058,11.579995770020584,5.130663525140976,3.6672035663911435,0.380450517609449,7.670910901448371,11.605140062611211,10.744643607890017,2.1180923167596477,11.704045172533844,10.744643607890017,12.022321965044902,15.087662994116311,10.773252198692308,14.876553791117148,10.744643607890017,10.744643607890017,10.744643607890017,11.293886489880798,10.744643607890017,15.087662994116311,11.732276724430218,11.292680267342288,10.744643607890017,10.744643607890017,10.744643607890017,10.744643607890017,10.744643607890017,11.517043663397455,11.703826676201462,12.958061939689363,12.605893258481697,11.996375623197782,15.087662994116311,15.087662994116311
2024-01-02 16:00:00,6.481364922428364,4.006189421021736,2.3527475507548483,23.615953357127974,8.782278520276723,14.459568614332362,24.448509395726287,8.782278520276723,6.022723402878056,5.984937981559264,5.984937981559264,2.3527475507548483,8.316865115137569,25.133929720822564,2.3527475507548483,2.3527475507548483,5.935764337008833,6.932901502558578,9.72555931644526,5.516987127432887,25.108585682596374,16.57550995352689,2.3527475507548483,13.525449008270982,13.727949341877432,16.694007370499715,4.893421263820433,13.007972953095434,4.378407914965406,3.7511579651144173,2.402990776543982,12.390358127339024,2.3527475507548483,5.27485972422546,12.37120435651725,8.752416431165626,25.133929720822564,2.3527475507548483,6.297303378478269,10.416054407365472,10.745013178553283,5.880770085981175,5.5967476096798325,12.343630238009803,3.5900259220362347,2.3527475507548483,5.984937981559264,11.09250784173074,8.32115703728414,6.283154287983209,4.8340251567987345,9.833495276045072,11.355576640604413,2.3527475507548483,5.3763014797843,12.390358127339024,2.3527475507548483,12.838103709294346,16.694007370499715,2.65206110641374,16.43257673675212,2.3527475507548483,2.3527475507548483,2.3527475507548483,8.099127757494399,2.3527475507548483,16.694007370499715,12.538696856880096,11.931550892399619,2.3527475507548483,2.3527475507548483,2.3527475507548483,2.3527475507548483,2.3527475507548483,10.433879844294447,12.390114432028998,13.994046563168517,13.5887703374449,12.816003401830065,16.694007370499715,16.694007370499715
2024-01-02 17:00:00,6.865503152663152,8.518325628714264,7.362431242684785,24.08900393792208,11.36591955758466,16.23542369009243,24.803100805148162,11.36591955758466,5.968434344650324,5.894528862006827,5.894528862006827,7.362431242684785,7.162404328183414,25.390996975727116,7.362431242684785,7.362431242684785,5.693984145559355,4.1106291361138005,8.730807415147495,2.2171578980646904,25.36519304621073,18.050301021469252,7.362431242684785,13.706167998543542,14.00093675070557,14.865692140170609,1.1409934057712432,13.175165248063491,6.543787031232709,8.340037275524917,7.397555466686864,14.379561946379242,7.362431242684785,1.6962326836418105,14.34365438261803,6.758323361821257,25.390996975727116,7.362431242684785,2.7955293744176224,9.123407289889462,8.130777887666747,5.469701268432523,4.311373316634154,14.346895237063398,8.227392478418464,7.362431242684785,5.894528862006827,13.472255868059586,6.13056245333973,5.334704303124258,1.0545337143808358,9.812921830025044,13.656162997318695,7.362431242684785,3.412328573946783,14.379561946379242,7.362431242684785,13.891443613170111,14.865692140170609,7.5716764933767795,14.747304195963133,7.362431242684785,7.362431242684785,7.362431242684785,11.37963241582855,7.362431242684785,14.865692140170609,12.985411073189912,13.519436272119574,7.362431242684785,7.362431242684785,7.362431242684785,7.362431242684785,7.362431242684785,13.011819720645727,14.379105090913837,14.451596674869215,13.87060047285306,13.752148804359983,14.865692140170609,14.865692140170609
2024-01-02 18:00:00,3.3478664471977324,10.082363980674511,8.517403584527601,23.25022511136496,13.151261959625089,17.016436576987548,23.817040337398833,13.151261959625089,1.3937538639278082,1.2327632773459265,1.2327632773459265,8.517403584527601,7.276407089169579,24.283683612429005,8.517403584527601,8.517403584527601,1.3001647581513518,5.863558436160275,9.455829893863097,3.8263854895795584,24.253175300864832,18.456997587714447,8.517403584527601,14.975525666980165,15.255385680909447,16.61419481802542,3.0458692472786026,14.153152009343117,4.454784231576852,9.840980152525646,8.56495811907073,18.017866411058076,8.517403584527601,3.573025775571429,18.00907594715257,8.379087331675205,24.283683612429005,8.517403584527601,4.483466774467132,10.605168325143293,9.158699848228535,1.3755444455619106,1.7648492379919551,17.973639094990432,9.688470850262187,8.517403584527601,1.2327632773459265,16.789468646595346,7.783077153176602,2.318153026418227,2.9637824919513602,5.865528741351929,17.03845971129651,8.517403584527601,2.0670110103931405,18.017866411058076,8.517403584527601,17.63176728186222,16.61419481802542,8.800699821945654,16.65986436538545,8.517403584527601,8.517403584527601,8.517403584527601,13.956274830299504,8.517403584527601,16.61419481802542,17.340729917104696,17.8073006443561,8.517403584527601,8.517403584527601,8.517403584527601,8.517403584527601,8.517403584527601,16.166086143517102,18.017754569121223,17.446184375465556,17.339855224845437,17.57801283226739,16.61419481802542,16.61419481802542
2024-01-02 19:00:00,6.184569862820822,10.430402244936513,9.076321620404281,25.650008716955266,15.26286854978334,19.23833711204086,26.232998189561354,15.26286854978334,4.3749909596348795,4.225907855834067,4.225907855834067,9.076321620404281,5.949517018573474,26.71295727377402,9.076321620404281,9.076321620404281,4.161938293455405,5.809629813251339,8.887142179179099,3.4313113209135926,26.683195255606037,20.72000497367726,9.076321620404281,15.458539865848032,15.754919453645268,16.226712139319165,2.824699816346541,14.297417872544498,6.371262207884655,10.221545097128466,9.117468140144997,17.296588835579225,9.076321620404281,3.382973334475966,17.284807317124304,8.472727040005763,26.71295727377402,9.076321620404281,4.451392934236882,10.845370622495635,9.70780011025974,4.090396755224012,3.7209144099390814,17.25832118873672,10.089586555708292,9.076321620404281,4.225907855834067,16.233718736007997,7.841535579152729,4.540396053822379,2.7377676449158317,8.745346750960204,16.44915803864058,9.076321620404281,3.4341379753995485,17.296588835579225,9.076321620404281,16.92118367531844,16.226712139319165,9.321443443956587,16.248140567861906,9.076321620404281,9.076321620404281,9.076321620404281,13.782300245395543,9.076321620404281,16.226712139319165,16.56801075207738,17.0143756903982,9.076321620404281,9.076321620404281,9.076321620404281,9.076321620404281,9.076321620404281,15.694337566255117,17.296438938161156,16.844422241655252,16.682781069484516,16.859611916318993,16.226712139319165,16.226712139319165
2024-01-02 20:00:00,8.338206459414405,4.814004503903577,2.5305298138824894,23.096071770863304,17.824173810540447,19.841886507913177,23.391962743937423,17.824173810540447,6.4473668883877195,6.291589081992124,6.291589081992124,2.5305298138824894,6.236723351482805,23.635561586003313,2.5305298138824894,2.5305298138824894,6.143585640796581,6.546845967303133,10.081237033495636,3.5368733181892034,23.61260652350598,20.593893475367395,2.5305298138824894,18.438621192733166,18.803907892370315,16.05569421253122,2.8674620257826193,16.904331023906035,4.628059894421018,4.461795039999298,2.599917880374348,16.392903878607395,2.5305298138824894,3.5555319851478044,16.37928913725954,9.828633809997012,23.635561586003313,2.5305298138824894,4.2250539577446675,12.658756585823209,8.808268777298835,5.978063266515018,5.123208918138065,16.328370643711054,4.239264723852757,2.5305298138824894,6.291589081992124,14.600516536834812,9.050692767269435,5.968009324790344,2.760318459553157,9.777374276562455,14.96382591877596,2.5305298138824894,4.45970744044471,16.392903878607395,2.5305298138824894,16.11651441990393,16.05569421253122,2.9438947715613315,16.036375059080083,2.5305298138824894,2.5305298138824894,2.5305298138824894,10.466529256796012,2.5305298138824894,16.05569421253122,15.749269398510474,16.066777921982524,2.5305298138824894,2.5305298138824894,2.5305298138824894,2.5305298138824894,2.5305298138824894,13.690922804312306,16.392730656914154,16.218370533645484,16.010376779694578,16.05696763863623,16.05569421253122,16.05569421253122
2024-01-02 21:00:00,5.602422856220889,8.406238126630864,7.818383880468961,22.926615772889903,12.671393523909096,16.596373161580356,23.50220120970598,12.671393523909096,4.193363666985421,4.077277589168954,4.077277589168954,7.818383880468961,7.3089179972515534,23.976064756341678,7.818383880468961,7.818383880468961,3.9905995841128528,4.962149935920568,9.08644407871536,3.0497961983013413,23.94972835025375,18.05922366477044,7.818383880468961,14.177065794691712,14.460119983621373,18.683914511208485,2.111250551284378,13.54203425906132,5.731981507863502,8.31556585870543,7.836247038619326,11.387092345443419,7.818383880468961,2.644423766921413,11.541912446831013,7.505339181771357,23.976064756341678,7.818383880468961,3.5939569150215753,9.761002092198813,8.406586265121163,3.8936616407854423,3.393017406216935,11.370479007744446,8.258277993060076,7.818383880468961,4.077277589168954,10.925662878222948,6.902526456580208,4.183017745401878,2.028226900907189,8.076528492109155,11.019192692141136,7.818383880468961,3.0044387084942814,11.387092345443419,7.818383880468961,15.13625501324017,18.683914511208485,7.924799925563727,18.73386036999838,7.818383880468961,7.818383880468961,7.818383880468961,9.861415489464868,7.818383880468961,18.683914511208485,19.469804825323255,15.095635341579458,7.818383880468961,7.818383880468961,7.818383880468961,7.818383880468961,7.818383880468961,10.691498453155171,11.389062136820622,14.711776095581762,16.99534157519997,15.85808030502875,18.683914511208485,18.683914511208485
2024-01-02 22:00:00,6.0019635806753975,7.95855957480505,7.324077951754822,22.27241705107653,15.485098001108389,18.082807579577135,22.653362671301807,15.485098001108389,4.111688698231133,3.9559574139995615,3.9559574139995615,7.324077951754822,6.596328207569385,22.96698464838627,7.324077951754822,7.324077951754822,3.9494124415069702,3.9247616885758987,5.478659877165854,4.25980086761293,22.941823208687097,19.050980949836784,7.324077951754822,4.320622707243265,4.332782941704977,19.092887889914547,3.8022656290938768,4.8437526225527385,5.445688477086399,7.860695371059671,7.34335797847921,11.175848954232986,7.324077951754822,3.8251711770928933,11.288149649686641,4.033999993110914,22.96698464838627,7.324077951754822,5.226028126029744,4.328729267706941,9.415028043165096,3.942092750979302,3.9042895880926567,11.15791788112031,7.798863550990217,7.324077951754822,3.9559574139995615,10.677819860802549,4.008102676054606,4.494596993524874,3.7986988666365846,7.776786653199084,10.778768265149113,7.324077951754822,3.8749483857177793,11.175848954232986,7.324077951754822,14.354817791153346,19.092887889914547,7.438934696349499,19.00046116907264,7.324077951754822,7.324077951754822,7.324077951754822,9.52915858131896,7.324077951754822,19.092887889914547,17.617529330863224,13.865886965144862,7.324077951754822,7.324077951754822,7.324077951754822,7.324077951754822,7.324077951754822,10.425082000273925,11.177277767026519,14.603082442020135,16.19761894601806,14.912274537162865,19.092887889914547,19.092887889914547
2024-01-02 23:00:00,1.9402168440759475,9.787869859622633,8.976988362615797,22.00407392609128,5.0020611092302145,11.509238865639887,22.95833027825548,5.0020611092302145,1.3298988783296743,1.2796175137101717,1.2796175137101717,8.976988362615797,1.811114513396877,23.74394310045873,8.976988362615797,8.976988362615797,1.2885137565210238,4.557239216030128,6.0002280841161015,1.7822667528351896,23.714211157693892,13.9344815761878,8.976988362615797,13.920023173807369,14.207599214808248,16.532832677692713,1.6614539144440743,12.176270609655573,4.6841905772847285,9.66279725049814,9.001628661664089,13.89963658937107,8.976988362615797,2.203144687862407,14.003123909431478,7.141714280945067,23.74394310045873,8.976988362615797,3.1580247179855885,9.431983248359424,8.018777873525176,1.2984630335131173,1.3498469188447175,13.876720282766877,9.583774821795572,8.976988362615797,1.2796175137101717,13.263144432368344,6.529271491700563,2.0115234454921134,1.5771039432417528,5.794489381627717,13.392158717830974,8.976988362615797,1.389728898636799,13.89963658937107,8.976988362615797,16.012767190589138,16.532832677692713,9.123777813428449,16.676246892233642,8.976988362615797,8.976988362615797,8.976988362615797,11.795130002913854,8.976988362615797,16.532832677692713,18.807425526351302,16.37856001442489,8.976988362615797,8.976988362615797,8.976988362615797,8.976988362615797,8.976988362615797,12.940139876758808,13.900953268722638,15.253387080720326,16.832722029228837,16.466293416689695,16.532832677692713,16.532832677692713
2024-01-03 00:00:00,5.498669308243134,8.564470083714738,7.209240449495638,21.42558524418712,13.701982942123573,16.658036065992547,21.85908077425901,13.701982942123573,3.8635013323969414,3.728787164009119,3.728787164009119,7.209240449495638,6.104925555537907,22.215965636507917,7.209240449495638,7.209240449495638,3.5969698372483547,4.413772682843887,9.051059452907927,1.70382516230584,22.191497520155835,17.759765042674317,7.209240449495638,16.40557198312803,16.77392754910619,17.528530679977827,0.7035955531742437,15.287405422016105,5.268203379934543,8.355435709468578,7.250421884254639,15.436483000177018,7.209240449495638,1.3974461630275403,15.47043780146371,7.723249909581406,22.215965636507917,7.209240449495638,2.115113551541572,10.583333974722038,6.861332709012874,3.449549502149098,2.6881846712869235,15.39818288119355,8.223365194182442,7.209240449495638,3.728787164009119,14.372710998593341,6.938773186568477,3.532732685670694,0.595551846632023,7.4443334723252725,14.588333112973737,7.209240449495638,2.097245768888022,15.436483000177018,7.209240449495638,16.34483640118401,17.528530679977827,7.454570271999131,17.515377083922182,7.209240449495638,7.209240449495638,7.209240449495638,11.919212348541889,7.209240449495638,17.528530679977827,17.317618679426676,16.249832425531725,7.209240449495638,7.209240449495638,7.209240449495638,7.209240449495638,7.209240449495638,13.832872135127298,15.436915010453394,16.355955522882535,16.84518760429887,16.509492445890587,17.528530679977827,17.528530679977827
2024-01-03 01:00:00,6.408337767667659,3.8554605580099435,1.8757750523532835,22.962480505032843,15.432277322461784,18.314310831004818,23.385121300417335,15.432277322461784,4.609594280032505,4.461403857605487,4.461403857605487,1.8757750523532835,8.071667052188403,23.733069760270087,1.8757750523532835,1.8757750523532835,4.5339708120583095,9.294688761707556,11.547536079482885,6.7720754289767635,23.707563360561426,19.388452497299998,1.8757750523532835,18.638571084776256,18.92555329399324,21.879721674235455,6.405315227829599,17.22321509453139,3.317771524493243,3.5501083797294095,1.9359318607907812,13.893924905230897,1.8757750523532835,6.945887433799904,13.982663909053269,11.874259099471352,23.733069760270087,1.8757750523532835,7.547377857444121,14.108684305308865,11.369148231227225,4.6151274020564,5.034267498133676,13.837977050710885,3.357183078928098,1.8757750523532835,4.461403857605487,12.339993409280362,11.26308097745296,5.461889908516994,6.3211394355807675,8.33461616018945,12.654968793347933,1.8757750523532835,5.359586160471673,13.893924905230897,1.8757750523532835,16.708789803777215,21.879721674235455,2.234146712367446,21.721879490291542,1.8757750523532835,1.8757750523532835,1.8757750523532835,8.755984033294578,1.8757750523532835,21.879721674235455,19.36560685708095,16.019568850429337,1.8757750523532835,1.8757750523532835,1.8757750523532835,1.8757750523532835,1.8757750523532835,11.55141031870347,13.895053940304406,17.27158065853059,18.490781419919685,17.17161477391903,21.879721674235455,21.879721674235455
2024-01-03 02:00:00,7.106507585331183,8.635852772522279,7.108996657277834,21.638598009557548,14.23388763498288,17.067891300378538,22.054195385408637,14.23388763498288,5.685805643527873,5.56876037145547,5.56876037145547,7.108996657277834,1.8538031537330542,22.396345193059542,7.108996657277834,7.108996657277834,5.387145875967195,4.945132214903312,6.938241090915076,1.5249693375611868,22.37407357903515,18.12413211451593,7.108996657277834,16.67040226933945,17.03058176698839,20.388724676917505,1.3169489622932886,14.561219657829787,6.250012070663452,8.400346254250227,7.155393315016617,16.37813841962237,7.108996657277834,1.9953987732435812,16.37407611241394,8.18079415232315,22.396345193059542,7.108996657277834,2.700458829812778,10.977878624868055,7.351057360933509,5.184033960093222,4.1350452342749096,16.33498796791446,8.251550309403347,7.108996657277834,5.56876037145547,15.179650174654379,7.413729777276255,5.0366683338218605,1.211303407995315,8.950762160143618,15.422578705444181,7.108996657277834,3.320864934454741,16.37813841962237,7.108996657277834,17.01549460277573,20.388724676917505,7.385395084734839,20.181401961849005,7.108996657277834,7.108996657277834,7.108996657277834,12.415440093214109,7.108996657277834,20.388724676917505,17.09284573703873,16.28083037750787,7.108996657277834,7.108996657277834,7.108996657277834,7.108996657277834,7.108996657277834,14.571446037792596,16.37808673448821,17.91720345447542,17.758204701539796,17.05079249494723,20.388724676917505,20.388724676917505
2024-01-03 03:00:00,7.024336643092503,10.5678198351968,9.089335558702032,20.912653443943803,14.009958571523832,16.65182592081495,21.300074656950166,14.009958571523832,5.631891372980779,5.517174041575371,5.517174041575371,9.089335558702032,7.178011055542436,21.61902781019987,9.089335558702032,9.089335558702032,5.512009902782138,7.798324367977487,9.759218985102699,5.864343321394536,21.597716714400097,17.63645701142741,9.089335558702032,15.167082430300251,15.39341489898127,23.266025583363756,5.519156847513403,14.124636153155286,7.097153117375797,10.33977432337625,9.134262338811709,18.06482461454761,9.089335558702032,5.94548655698015,18.041646225870036,9.832314694210103,21.61902781019987,9.089335558702032,6.601504163386461,11.620945368756795,10.147446302008165,5.506234493053346,5.476406899401756,18.023041198456976,10.195692335122189,9.089335558702032,5.517174041575371,16.904305291176197,9.350300657389932,5.9755643401025775,5.452770450548798,8.753318671003662,17.139537681117012,9.089335558702032,5.453255993634659,18.06482461454761,9.089335558702032,18.605471528685726,23.266025583363756,9.356977496251359,22.94999307321742,9.089335558702032,9.089335558702032,9.089335558702032,14.227667262527719,9.089335558702032,23.266025583363756,18.242846549300783,17.509612143934742,9.089335558702032,9.089335558702032,9.089335558702032,9.089335558702032,9.089335558702032,16.315369474453703,18.064529713628765,20.002874883344298,19.512600292670918,18.578640512150784,23.266025583363756,23.266025583363756
2024-01-03 04:00:00,7.328140423735048,14.162566585758565,12.931663118368137,21.74054360005915,15.430857502034579,17.84576269409954,22.094681554433055,15.430857502034579,5.713024377329535,5.57996219762977,5.57996219762977,12.931663118368137,1.5580269620427387,22.38623352278411,12.931663118368137,12.931663118368137,5.622165712382518,9.471557856057895,7.953879898930905,6.012802446487433,22.363990117559226,18.74580437621755,12.931663118368137,18.212934937108773,18.48141752606863,21.554907997900557,6.768266597413793,15.439509334111088,8.831644287204636,13.97270862400314,12.96906664730305,20.404154220240365,12.931663118368137,7.273992111809401,20.38387778192133,11.884668110736623,22.38623352278411,12.931663118368137,7.7924717132009125,13.96862206034764,11.238355081101572,5.669364790380118,5.913128434061285,20.369367680699128,13.852754004430924,12.931663118368137,5.57996219762977,19.437970621387247,11.312888121437522,6.331499503891244,6.689516995853559,8.957680407665343,19.633811976634632,12.931663118368137,6.1023273754920115,20.404154220240365,12.931663118368137,20.281941636492256,21.554907997900557,13.154486853585402,21.44509690722175,12.931663118368137,12.931663118368137,12.931663118368137,17.209551230804603,12.931663118368137,21.554907997900557,19.81016031257003,19.918454736512636,12.931663118368137,12.931663118368137,12.931663118368137,12.931663118368137,12.931663118368137,18.947655539651784,20.403896241121352,20.78396012357221,20.435219628041423,20.21459412913017,21.554907997900557,21.554907997900557
2024-01-03 05:00:00,8.835039443540502,6.088841746153977,3.1971927831025555,21.345140922274304,19.80136474316141,20.392213963298232,21.43178702947976,19.80136474316141,6.649119857509792,6.46903172984059,6.46903172984059,3.1971927831025555,7.641377192829585,21.503120369478204,3.1971927831025555,3.1971927831025555,6.480881462157696,10.71304341710703,12.833043485775182,7.204631048626522,21.48322248021244,20.61242506215107,3.1971927831025555,22.81158737044913,23.183191660037345,19.03252636190151,6.971126860806975,20.66041677994903,5.0218863388916555,5.642825797071439,3.285061473478744,20.751632849754884,3.1971927831025555,7.671096908144808,20.650302324878375,14.052691281696404,21.503120369478204,3.1971927831025555,7.860026787217954,16.86017333409815,11.081438091255507,6.494133828534347,6.562576799296071,20.66991201326572,5.3610273778707835,3.1971927831025555,6.46903172984059,18.481866068072133,13.261295841316397,6.992685886228665,6.862130259364335,9.490577317611027,18.941938256368328,3.1971927831025555,6.615699313469799,20.751632849754884,3.1971927831025555,18.832980246680922,19.03252636190151,3.7206522094134202,18.84997685734084,3.1971927831025555,3.1971927831025555,3.1971927831025555,13.246844158772333,3.1971927831025555,19.03252636190151,16.13563241015023,18.324373049783738,3.1971927831025555,3.1971927831025555,3.1971927831025555,3.1971927831025555,3.1971927831025555,17.33001368059396,20.750343611520567,19.758632919492353,18.191953706478277,18.399996266019613,19.03252636190151,19.03252636190151
2024-01-03 06:00:00,11.490317613083922,12.732471659279065,10.734688852318468,23.800660941878565,23.930497294675313,23.880805047293023,23.793373736196937,23.930497294675313,9.010614369129273,8.80632272124211,8.80632272124211,10.734688852318468,9.866259202574879,23.787374381612047,10.734688852318468,10.734688852318468,8.702723690514226,8.815858437513288,11.807551348020118,7.043426449092693,23.767546687751256,23.8622846125906,10.734688852318468,16.622209695737308,16.862003351238272,21.080256487914028,6.400471042949159,15.883511719877841,9.659245558850417,12.42432810309615,10.795395584410338,22.86270266004241,10.734688852318468,6.852156831017748,22.78373014855336,10.970155157824053,23.787374381612047,10.734688852318468,7.571779215801675,12.868741510030626,11.400610356911834,8.586861806487546,7.988483274272479,22.806243358033562,12.229639175048096,10.734688852318468,8.80632272124211,21.294565894412656,10.459473201472559,8.66592049638776,6.330136296474421,11.817208956488017,21.612420626948712,10.734688852318468,7.5240473839965745,22.86270266004241,10.734688852318468,21.289886937357124,21.080256487914028,11.096336567994772,20.95968719271132,10.734688852318468,10.734688852318468,10.734688852318468,17.677793285394138,10.734688852318468,21.080256487914028,19.167567358268148,20.97100415484134,10.734688852318468,10.734688852318468,10.734688852318468,10.734688852318468,10.734688852318468,20.498773969022057,22.86169788501143,21.917485229136737,20.706922335092486,20.94672494699048,21.080256487914028,21.080256487914028
2024-01-03 07:00:00,10.33609552577503,10.565702039489764,8.410251850045922,25.96019106961518,19.81754304677002,22.168517781953845,26.304953831415705,19.81754304677002,8.446156893297864,8.29045331119559,8.29045331119559,8.410251850045922,2.549210754465514,26.588787463410316,8.410251850045922,8.410251850045922,8.301589469875063,11.620633500019146,9.673936215425126,7.820950059988572,26.56456928594469,23.044732410264963,8.410251850045922,20.976113833444906,21.263465076867327,17.86210546872099,8.727127071550015,17.878989973768856,8.343440608602915,10.233239429322017,8.475749629249965,21.49542285479954,8.410251850045922,9.26839440644505,21.470070855345586,14.203103530200337,26.588787463410316,8.410251850045922,9.90883807389974,16.445955341674058,13.847312672066476,8.31404379803198,8.378365232685551,21.43450771788534,10.023185420757276,8.410251850045922,8.29045331119559,19.80352688053552,13.59113948617914,8.908947194379014,8.642843036540445,11.968045757697636,20.146467084582426,8.410251850045922,8.428288786354114,21.49542285479954,8.410251850045922,20.45454737653658,17.86210546872099,8.800441231269183,17.97347589829745,8.410251850045922,8.410251850045922,8.410251850045922,15.901314298605929,8.410251850045922,17.86210546872099,19.634051198762517,20.888143960325586,8.410251850045922,8.410251850045922,8.410251850045922,8.410251850045922,8.410251850045922,18.944930114978877,21.495100298817,20.007256911154848,19.69081655611892,20.304873261948472,17.86210546872099,17.86210546872099
2024-01-03 08:00:00,12.815914334629039,11.57438927730772,9.448482359950996,23.132750292680544,25.314832596200354,24.47968457101843,23.010278564097096,25.314832596200354,10.324502719006974,10.119246470800057,10.119246470800057,9.448482359950996,7.120016475036343,22.909450982374075,9.448482359950996,9.448482359950996,9.999308161376891,11.583367417374419,13.389220967986759,7.503323068421499,22.892522914490613,24.168422648243098,9.448482359950996,25.067826360771253,25.482026489966476,18.887590288439384,7.411623315117079,22.44768701649279,9.82256524436104,11.246483503293776,9.51308240617953,22.35430393264947,9.448482359950996,8.191828743750298,22.279957450030242,15.304925357693161,22.909450982374075,9.448482359950996,8.350183527404297,18.426623126640127,11.787922078060454,9.865172944096301,9.172420231597473,22.294223717587276,11.039308560438098,9.448482359950996,10.119246470800057,20.68559761192306,14.422814728633554,9.818687720354408,7.290132773526697,12.689817054422715,21.0238373706489,9.448482359950996,8.634735128524953,22.35430393264947,9.448482359950996,20.560443024428345,18.887590288439384,9.833323683904625,18.861776574186944,9.448482359950996,9.448482359950996,9.448482359950996,16.8368699718466,9.448482359950996,18.887590288439384,18.481116406088375,20.57341679374611,9.448482359950996,9.448482359950996,9.448482359950996,9.448482359950996,9.448482359950996,19.838769041234563,22.353358015038793,20.772189993471912,19.67471456788345,20.214295359199653,18.887590288439384,18.887590288439384
2024-01-03 09:00:00,10.152493130743899,14.109229152552036,12.14233297244363,23.61719241566996,22.111216340769126,22.687598332821356,23.701716951156506,22.111216340769126,7.768758691494877,7.572373483746014,7.572373483746014,12.14233297244363,6.733454037270618,23.77130365992549,12.14233297244363,12.14233297244363,7.687752042686876,14.347037057809704,14.026310419703679,10.109051913394046,23.749864081737847,22.902417456724773,12.14233297244363,26.418327781306814,26.789073413994966,21.81157299459515,10.614469434497266,23.29801530933949,9.593681964557863,13.805849635284446,12.202101150967511,24.08284219476808,12.14233297244363,11.312822078247937,23.927793050104757,17.679670658503294,23.77130365992549,12.14233297244363,11.401200350919456,20.466103587451247,14.322032813987743,7.816787779037387,8.48320378952561,24.02725577913477,13.61417068622506,12.14233297244363,7.572373483746014,22.5389495336348,16.890103876119447,8.725384100290238,10.505724688823072,10.828028493747091,22.851890088071595,12.14233297244363,9.000447468003657,24.08284219476808,12.14233297244363,21.20993954661344,21.81157299459515,12.498389450670537,21.514638075350295,12.14233297244363,12.14233297244363,12.14233297244363,18.978093866935918,12.14233297244363,21.81157299459515,17.09897128177746,20.368812722209356,12.14233297244363,12.14233297244363,12.14233297244363,12.14233297244363,12.14233297244363,21.755460911769433,24.080869489250748,22.702437105580717,20.296740664704686,20.552052876723035,21.81157299459515,21.81157299459515
2024-01-03 10:00:00,9.95205030686617,12.637771302983502,11.3266606919329,26.133633931134717,25.430956064915282,25.699891856826348,26.173072486121583,25.430956064915282,6.866637249858572,6.612443882420214,6.612443882420214,11.3266606919329,6.928313108565511,26.205541156009478,11.3266606919329,11.3266606919329,6.610682605302312,12.00763065313853,14.4667431930893,7.042602980510103,26.179609336045658,25.800124952240907,11.3266606919329,28.65093436971572,29.162133784785965,17.018933165427345,6.859920719293179,25.50889717081269,8.697557862318842,12.435541969128664,11.366501479595373,19.286068260599944,11.3266606919329,7.822838233410966,19.258546922949954,16.601712434756017,26.205541156009478,11.3266606919329,8.03457831719826,20.45683472601468,12.325111453341645,6.608712848599574,6.5985398729527,19.249014988493286,12.307770962926936,11.3266606919329,6.612443882420214,18.256926981661962,15.513025093014555,7.1961741113009605,6.709978965488705,10.550257343336302,18.46552959409244,11.3266606919329,6.590644043227959,19.286068260599944,11.3266606919329,18.449763918330063,17.018933165427345,11.564003888517316,17.057611809501182,11.3266606919329,11.3266606919329,11.3266606919329,15.883301115567063,11.3266606919329,17.018933165427345,17.635312431853897,18.62682528716557,11.3266606919329,11.3266606919329,11.3266606919329,11.3266606919329,11.3266606919329,17.734662382160593,19.285718103914174,18.319635538282373,17.9365737129853,18.308929245711248,17.018933165427345,17.018933165427345
2024-01-03 11:00:00,9.468000352180667,15.014230234750926,13.043359294061743,26.031360664810204,21.969656215042747,23.524191735826847,26.259328218625978,21.969656215042747,6.976043050003011,6.770741845123984,6.770741845123984,13.043359294061743,1.8288302750318985,26.447007591069035,13.043359294061743,13.043359294061743,6.78233337194635,11.88768837248561,11.103179053978529,6.575851907060107,26.420965696122085,24.10357131960351,13.043359294061743,26.6770897871868,27.131343813366502,15.841399631184,7.313500171418041,22.697760263837157,9.545141679035776,14.710237639396933,13.10324825384616,25.007998242119186,13.043359294061743,8.169152867356374,24.8660897070209,15.970098709084533,26.447007591069035,13.043359294061743,8.502294725648346,19.41686607325265,12.739405650954875,6.795296969452513,6.862248568877387,24.952299495852508,14.518171339983935,13.043359294061743,6.770741845123984,23.46098563812746,15.002686396672207,7.433611623104476,7.1802612760864255,10.72527047492804,23.77455859187058,13.043359294061743,6.91421354424036,25.007998242119186,13.043359294061743,21.137581557137928,15.841399631184,13.400135301498427,15.917122361466292,13.043359294061743,13.043359294061743,13.043359294061743,19.892934091503164,13.043359294061743,15.841399631184,17.052753908869693,21.60873742770378,13.043359294061743,13.043359294061743,13.043359294061743,13.043359294061743,13.043359294061743,22.675913719837425,25.00619272586979,21.001413214257084,18.966727129313,20.44396576693542,15.841399631184,15.841399631184
2024-01-03 12:00:00,7.939556253051062,13.064332279819283,11.406217980875915,24.310011234362058,21.363354808936727,22.49112817047037,24.47539551220586,21.363354808936727,5.263788082718233,5.043343523388814,5.043343523388814,11.406217980875915,6.5286638692676435,24.61155180707384,11.406217980875915,11.406217980875915,5.369611898505508,16.811581804327847,14.890565708453195,12.278639859158115,24.585652928140032,22.911452345803582,11.406217980875915,28.333412276929835,28.68723729231243,15.72673362306131,13.250832929683048,24.709283087338346,7.857664336312499,12.80858013556518,11.456603188003008,21.472193642646786,11.406217980875915,13.9173131606866,21.482423366625536,19.993582435967284,24.61155180707384,11.406217980875915,13.912433246649677,22.639866257128574,16.4387122951643,5.734500144792641,7.618996457536393,21.425333705899376,12.646992752633619,11.406217980875915,5.043343523388814,20.170675787587587,19.240051027122504,7.508564659683297,13.147051231617,8.976154804297067,20.434487987376556,11.406217980875915,9.081662104131205,21.472193642646786,11.406217980875915,20.629538659737875,15.72673362306131,11.706377360791388,16.03535187871081,11.406217980875915,11.406217980875915,11.406217980875915,17.16883676977959,11.406217980875915,15.72673362306131,20.632721193671507,21.717235280481788,11.406217980875915,11.406217980875915,11.406217980875915,11.406217980875915,11.406217980875915,19.510186586320856,21.472323796431105,19.281630366280744,19.57935795633897,20.596850691132907,15.72673362306131,15.72673362306131
2024-01-03 13:00:00,8.257936175995786,13.812229143329406,12.756130695461387,19.32073004388891,22.135045121603813,21.057922743771393,19.162773567274705,22.135045121603813,5.491809564492188,5.26392077775681,5.26392077775681,12.756130695461387,9.240911612657069,19.03273237541182,12.756130695461387,12.756130695461387,5.517455307284406,14.557625322720707,14.638626356308201,11.355760419702133,19.01450910328284,20.656476326753967,12.756130695461387,23.96667331530061,24.255619376796137,15.803833971067693,11.64970388093695,21.66668585707371,8.577750470149729,13.649333592185677,12.788222414998659,19.167426514722973,12.756130695461387,12.193975284712254,19.18863916555556,17.156072364762217,19.03273237541182,12.756130695461387,12.04861086649279,19.29655770879931,13.697703709105705,5.801000317797513,7.265392586515221,19.137580136522345,13.546414158695582,12.756130695461387,5.26392077775681,18.33845411669441,16.540711880531227,7.136021894301568,11.56495206405629,8.03117145247012,18.506483338143934,12.756130695461387,8.401991395495582,19.167426514722973,12.756130695461387,18.91714233758265,15.803833971067693,12.94731043225261,16.02459839750987,12.756130695461387,12.756130695461387,12.756130695461387,16.42650056230017,12.756130695461387,15.803833971067693,19.312509457518846,19.675551925891117,12.756130695461387,12.756130695461387,12.756130695461387,12.756130695461387,12.756130695461387,17.917770439618653,19.167696405365874,17.934221963233362,18.349988600325858,18.959723111182665,15.803833971067693,15.803833971067693
2024-01-03 14:00:00,9.31440354682562,13.776846330834026,12.65588993298708,7.760115043666254,28.943120179467446,20.835751874410157,6.5711959770532316,28.943120179467446,5.401807944958714,5.079466711196116,5.079466711196116,12.65588993298708,9.72079768098847,5.592391842111105,12.65588993298708,12.65588993298708,5.399540104164084,14.561460768441318,13.522365581152068,12.53670655549751,5.591712976387933,17.814113827992916,12.65588993298708,19.551672201523214,19.704879839106987,16.230588433224895,13.020855413561428,17.899052368173574,8.430544231752062,13.603946909758285,12.689952494489594,19.46092130255196,12.65588993298708,13.309444001844055,19.547327843489683,15.94049274208644,5.592391842111105,12.65588993298708,12.385887538053812,16.952318274568785,10.781805318952397,5.757500078070478,7.606214740163556,19.429241975057355,13.494706906928624,12.65588993298708,5.079466711196116,18.5810393984695,15.614210647900851,6.931604648269265,12.975917525922425,5.182554214756965,18.759387762856665,12.65588993298708,9.041108195944686,19.46092130255196,12.65588993298708,20.274735133621977,16.230588433224895,12.858810550404367,16.616493262301447,12.65588993298708,12.65588993298708,12.65588993298708,16.55166744596733,12.65588993298708,16.230588433224895,22.36128789087057,21.53069369866155,12.65588993298708,12.65588993298708,12.65588993298708,12.65588993298708,12.65588993298708,18.1345203639611,19.462020661470778,18.490101867725716,19.936773576289326,20.583332446287258,16.230588433224895,16.230588433224895
2024-01-03 15:00:00,10.499246278740038,14.039535147207747,12.962237068473836,16.139976957350747,24.86031687714877,21.522782517795356,15.650538450796638,24.86031687714877,7.636651504306652,7.400815137544665,7.400815137544665,12.962237068473836,2.7389117452701846,15.247597285608824,12.962237068473836,12.962237068473836,7.46944906233019,12.846441662385331,11.016368897217284,8.342235305471492,15.237211926973709,20.278874455156057,12.962237068473836,24.359547290191237,24.713158009464696,20.40057749073613,9.286102791893313,20.77420487907397,9.86065079739289,13.873369706253165,12.994972982318385,19.502230269134635,12.962237068473836,9.952179365399202,19.552665787514552,16.024768514043426,15.247597285608824,12.962237068473836,9.544900360949086,18.61091937875834,10.891422850576074,7.546207076164157,7.942630352374097,19.47178476856827,13.768384315746165,12.962237068473836,7.400815137544665,18.656617463318618,15.271693485731413,8.032462761925057,9.182383949795971,8.977858518489544,18.82801962549787,12.962237068473836,8.250317188215465,19.502230269134635,12.962237068473836,20.464681278635858,20.40057749073613,13.15725445871223,20.48934532491617,12.962237068473836,12.962237068473836,12.962237068473836,16.706284239237604,12.962237068473836,20.40057749073613,21.809180674960068,20.71035690623109,12.962237068473836,12.962237068473836,12.962237068473836,12.962237068473836,12.962237068473836,18.22748917704633,19.502871965195542,20.013001611832244,20.791782495839257,20.6807426169526,20.40057749073613,20.40057749073613
2024-01-03 16:00:00,10.643509630786836,12.657606987415196,11.391816563766547,24.30234965783497,19.811250886027825,21.53012842979489,24.554417432242463,19.811250886027825,8.816102124446875,8.66555020185626,8.66555020185626,11.391816563766547,10.705037782695621,24.76193784873185,11.391816563766547,11.391816563766547,8.710464510171846,12.327236014561219,13.896504427233447,10.11521007878398,24.740633987443452,22.17075872904241,11.391816563766547,20.161512697154937,20.40213313387982,19.737149424281707,9.904530653225896,18.847062019750908,9.871387000171467,12.462367964851584,11.430280204491234,19.076097198382268,11.391816563766547,10.357773802467806,19.083409468030368,14.489970518675271,24.76193784873185,11.391816563766547,10.886640859025759,16.366996326497464,14.162880100515466,8.760695254075884,9.020116193601162,19.04032471923204,12.339013524191156,11.391816563766547,8.66555020185626,18.082529482217286,13.977527789078868,9.411126656248669,9.833953400552849,11.900596252152251,18.283921482966182,11.391816563766547,9.221467660136277,19.076097198382268,11.391816563766547,19.308574089059324,19.737149424281707,11.620955694227842,19.723995504553447,11.391816563766547,11.391816563766547,11.391816563766547,15.79095097975965,11.391816563766547,19.737149424281707,19.527637786896292,19.251254468958006,11.391816563766547,11.391816563766547,11.391816563766547,11.391816563766547,11.391816563766547,17.578317615508492,19.076190233108193,19.355586414482936,19.455980074973255,19.346750592776004,19.737149424281707,19.737149424281707
2024-01-03 17:00:00,6.129177615431122,11.48567783977377,11.091016770700085,26.704473796854998,20.844615969907544,23.087358456810072,27.033364653153985,20.844615969907544,3.1959466527138747,2.954290886658783,2.954290886658783,11.091016770700085,15.627138761723995,27.30413138499485,11.091016770700085,11.091016770700085,2.9105855550388076,2.6688784800920695,10.357623137806403,4.172616366559293,27.271903929012087,23.923234634103487,11.091016770700085,5.076375415432479,5.15033078768843,18.965876816185276,1.9238629538717806,7.553623488612244,6.553192162727017,11.424804222838233,11.103009357533784,13.48690028637554,11.091016770700085,2.0631685186063757,13.578838820302007,3.3332108746983033,27.30413138499485,11.091016770700085,3.7789411141649216,4.136039723045463,9.333716019955064,2.8617068924883635,2.6092688918527536,13.475746777389313,11.386343515191465,11.091016770700085,2.954290886658783,13.177115593955072,3.17571015138905,3.4415142456959287,1.9021708355077642,7.8481128458217615,13.239907649285483,11.091016770700085,2.413337284596279,13.48690028637554,11.091016770700085,15.913927617357883,18.965876816185276,11.16246010958536,18.939360834679153,11.091016770700085,11.091016770700085,11.091016770700085,12.462623838645948,11.091016770700085,18.965876816185276,18.539465773732655,15.68918540963881,11.091016770700085,11.091016770700085,11.091016770700085,11.091016770700085,11.091016770700085,13.019907267333883,13.488070029385252,15.904697575640254,17.233755021715254,16.35736680283397,18.965876816185276,18.965876816185276
2024-01-03 18:00:00,11.895569252793475,5.038316714919409,2.9099833745391477,28.22319762230262,16.707234372204105,21.114737219770312,28.869543510937522,16.707234372204105,10.936459182777217,10.857442398334772,10.857442398334772,2.9099833745391477,15.594806383397351,29.401662177518382,2.9099833745391477,2.9099833745391477,10.649629566417778,4.699626200030896,9.52449314804704,7.273491621147178,29.377118565961286,22.757425425459797,2.9099833745391477,1.4551272925555454,1.355515818948516,17.50796188410783,5.701288217468182,4.188474459813645,7.342254492307865,4.7100366826944775,2.9746571526127648,15.830535123025655,2.9099833745391477,5.5136557012414,15.881193010281853,3.803018775558405,29.401662177518382,2.9099833745391477,7.5223391728743945,3.3499844837097656,12.688491411505613,10.417218258496703,9.216910336074418,15.770386334868423,4.502625278850247,2.9099833745391477,10.857442398334772,14.159924209297985,4.015158592645801,10.227051971440517,5.73050561993652,14.584452847422302,14.498550021021412,2.9099833745391477,8.28528253102634,15.830535123025655,2.9099833745391477,16.9329439288828,17.50796188410783,3.2952639406069197,17.559119633181375,2.9099833745391477,2.9099833745391477,2.9099833745391477,10.306803789236207,2.9099833745391477,17.50796188410783,18.318614286726856,17.043988358744045,2.9099833745391477,2.9099833745391477,2.9099833745391477,2.9099833745391477,2.9099833745391477,13.312129103186827,15.831179648307643,16.64354949556422,17.407487391400988,17.159962696567067,17.50796188410783,17.50796188410783
2024-01-03 19:00:00,5.280287306190109,9.59402712890087,8.700406754394592,25.19368459367667,15.635934823054694,19.29397092611201,25.73012363352771,15.635934823054694,3.2160942319679613,3.0460346066002155,3.0460346066002155,8.700406754394592,17.232652284429932,26.17175903588221,8.700406754394592,8.700406754394592,3.094692799717972,6.035874511365057,13.7428558521997,6.48574520332693,26.141151719741266,20.657330853558616,8.700406754394592,11.53302385710632,11.701858651101874,18.502037147170267,4.336064721075629,13.251671898756946,5.546982460573487,9.45619264603393,8.727561244100867,14.125340937987907,8.700406754394592,4.654089302751736,14.269188243734868,7.553504626013179,26.17175903588221,8.700406754394592,5.876702601079342,8.994403065719379,10.668777347247191,3.1491105861426862,3.4301558620827457,14.100086349536287,9.369107106911079,8.700406754394592,3.0460346066002155,13.42390384537869,7.193941806397616,4.026141932606134,4.286543175532718,7.693834169858366,13.566082196367507,8.700406754394592,3.6482912160632344,14.125340937987907,8.700406754394592,17.1880516692384,18.502037147170267,8.862173972530618,18.66625251284004,8.700406754394592,8.700406754394592,8.700406754394592,11.806099506431394,8.700406754394592,18.502037147170267,21.10520522977202,17.571042842712828,8.700406754394592,8.700406754394592,8.700406754394592,8.700406754394592,8.700406754394592,13.067941287327384,14.12717112140695,16.28437873626656,18.462757518666507,17.82770173662326,18.502037147170267,18.502037147170267
2024-01-03 20:00:00,3.9074837842659136,12.130207088339384,11.772063417474016,23.346807059450924,18.53350288643868,20.37569805396601,23.616958960374113,18.53350288643868,0.9920767771252468,0.7518894469668634,0.7518894469668634,11.772063417474016,3.658243037884188,23.839367537300532,11.772063417474016,11.772063417474016,0.7854433728682202,5.410719460793095,8.125231930944405,2.206087392095993,23.808810840883563,21.06228916438272,11.772063417474016,17.14941529457836,17.5099623268719,16.026015956201146,1.7802950047042854,15.32509667480272,5.626149527761644,12.07496601609652,11.782946348191944,13.946259416293515,11.772063417474016,2.4594371199411245,14.10600703555236,8.651144205009562,23.839367537300532,11.772063417474016,3.236719520833793,11.461483125153524,8.101422882515005,0.822969023871985,1.0167734329464722,13.936137924805305,12.040064020181331,11.772063417474016,0.7518894469668634,13.66513863794623,7.88329710153334,1.6441687887110832,1.6745416474871948,5.392002275134666,13.722120638349761,11.772063417474016,1.1671961477031476,13.946259416293515,11.772063417474016,16.860637607008226,16.026015956201146,11.836896211109595,16.344712488362173,11.772063417474016,11.772063417474016,11.772063417474016,13.016757735694952,11.772063417474016,16.026015956201146,21.084343979171052,17.772835611775015,11.772063417474016,11.772063417474016,11.772063417474016,11.772063417474016,11.772063417474016,13.522476562563766,13.948291900965238,15.267737070848039,17.752472215062404,17.535099982750744,16.026015956201146,16.026015956201146
2024-01-03 21:00:00,12.551805489821382,11.787380468465306,12.04170276747659,25.860026599762573,15.84714744201883,19.67937514556889,26.422010268558182,15.84714744201883,11.894944388297601,11.840828543109103,11.840828543109103,12.04170276747659,0.7764114326672974,26.88467585634636,12.04170276747659,12.04170276747659,11.368591867329497,4.474059186298052,6.509585509359073,0.6596075983097482,26.86476505129891,21.107656752605013,12.04170276747659,17.380028510975706,17.776533746569037,15.781508347954585,0.4781097165439683,14.995457734242557,11.929675889413744,11.826607844614959,12.033974662290543,10.49777900195297,12.04170276747659,1.224984271828336,10.662638660370297,8.034204863307732,26.88467585634636,12.04170276747659,2.2400427096731144,11.148135038692267,8.059140799404103,10.840457283657218,8.11286140823491,10.504966399620741,11.851392188338766,12.04170276747659,11.840828543109103,10.697406381871124,7.189778562731158,9.587074265113271,0.3618093283493721,14.864335425499007,10.656942750865525,12.04170276747659,5.995817847154511,10.49777900195297,12.04170276747659,14.054745385426223,15.781508347954585,11.995664190028371,15.956586314174556,12.04170276747659,12.04170276747659,12.04170276747659,11.157829768097997,12.04170276747659,15.781508347954585,18.556265581135776,14.446808398583704,12.04170276747659,12.04170276747659,12.04170276747659,12.04170276747659,12.04170276747659,10.798712505487165,10.4998765276017,13.075807427607117,15.566078330943396,14.791287181296518,15.781508347954585,15.781508347954585
2024-01-03 22:00:00,10.347675587273402,12.07674679143576,11.946989154840146,25.18254391726526,4.086924348654939,12.160847588990737,26.366558374437183,4.086924348654939,11.59563225296115,11.6984458151673,11.6984458151673,11.946989154840146,7.604874619749663,27.34132468028224,11.946989154840146,11.946989154840146,11.22495243793848,4.642078305505488,10.569471188285522,1.648748759989099,27.320621046100175,15.170020569529033,11.946989154840146,18.592322058136762,19.020902443057125,14.527674165744884,0.32312858337588835,17.50486899082935,11.808377371797619,12.056732613997074,11.950932107024057,12.73471362759374,11.946989154840146,1.1304212888858283,12.89015298845993,8.490471346577827,27.34132468028224,11.946989154840146,2.113825681311568,11.839754166366461,8.070550229001467,10.695412399055451,7.960557930928844,12.731046549487461,12.044087407978267,11.946989154840146,11.6984458151673,12.63286185478948,7.577735482204111,9.455636262209822,0.19742011684267718,14.842345837833044,12.653506781120267,11.946989154840146,5.837880559838099,12.73471362759374,11.946989154840146,15.530099406521703,14.527674165744884,11.970478471447967,14.84908649475458,11.946989154840146,11.946989154840146,11.946989154840146,12.397949498844246,11.946989154840146,14.527674165744884,19.62940621130451,16.458090294432473,11.946989154840146,11.946989154840146,11.946989154840146,11.946989154840146,11.946989154840146,12.581174514653814,12.736691297870196,13.931262662080574,16.35442645761844,16.183394261840228,14.527674165744884,14.527674165744884
2024-01-03 23:00:00,12.948009316009905,4.097437367882457,2.681049722831534,25.63608309733626,12.93750762952343,17.7976314697016,26.34880437534751,12.93750762952343,12.950102619058095,12.950275076923884,12.950275076923884,2.681049722831534,8.7011796539427,26.93556806142919,2.681049722831534,2.681049722831534,12.660013291401414,9.000748601517042,11.859527892869597,6.535973778254876,26.91705827225439,19.60901274081285,2.681049722831534,18.703793054891115,19.00188253692007,15.136492349854045,5.997064955353396,17.442038302392053,8.408162099570003,3.878969812571203,2.724089569308717,11.279566466701981,2.681049722831534,6.558559304834485,11.362473985953626,11.677677180031393,26.93556806142919,2.681049722831534,7.402733750202468,14.030495692810462,12.014832382428796,12.335393677730352,10.658868135370101,11.239537962334584,3.7409392962634764,2.681049722831534,12.950275076923884,10.167789183981625,11.042844204436934,11.70861573667352,5.909631248646306,15.761034100892726,10.393141767113509,2.681049722831534,9.35762052885249,11.279566466701981,2.681049722831534,13.278418817467005,15.136492349854045,2.9374506461752046,15.165718867573874,2.681049722831534,2.681049722831534,2.681049722831534,7.603570480865387,2.681049722831534,15.136492349854045,15.59677261284958,13.26552369765585,2.681049722831534,2.681049722831534,2.681049722831534,2.681049722831534,2.681049722831534,9.60358878780875,11.280621307223745,13.040385522791825,14.264447601335203,13.664309638134169,15.136492349854045,15.136492349854045
2024-01-04 00:00:00,14.132808791272266,10.168773453717522,10.068623442600053,25.2295687866799,15.22560836667113,19.054422603096477,25.791051881677063,15.22560836667113,13.91498085618876,13.897034987898852,13.897034987898852,10.068623442600053,2.239565733528287,26.253305360922685,10.068623442600053,10.068623442600053,13.384473985165954,2.112820483620591,2.931458076404403,1.5289724743580866,26.236951612749877,20.481432001723395,10.068623442600053,4.5270661165560835,4.601326478138617,17.29162512446424,1.361552805653839,4.256490979245983,12.203715661176371,10.153326038478001,10.071666706298549,10.676607810792847,10.068623442600053,1.501432861586054,10.7423499947847,2.776712827213316,26.253305360922685,10.068623442600053,3.180015122290135,3.576413913388968,8.628087258416038,12.811241947781118,9.850736445643758,10.673777473228538,10.143566169567062,10.068623442600053,13.897034987898852,10.597996204984472,2.618562576519193,11.330442052814742,1.3397712297646938,16.38039364846138,10.613930447128473,10.068623442600053,7.552918368076606,10.676607810792847,10.068623442600053,12.884340058630308,17.29162512446424,10.086753052395169,17.14043060423692,10.068623442600053,10.068623442600053,10.068623442600053,10.416685295840331,10.068623442600053,17.29162512446424,14.884410506984114,12.25138856476803,10.068623442600053,10.068623442600053,10.068623442600053,10.068623442600053,10.068623442600053,10.558102694089607,10.677444255065812,13.449374139350102,14.336141662241204,13.236242465460858,17.29162512446424,17.29162512446424
2024-01-04 01:00:00,5.124414307776172,3.702938620232847,2.3570405824220515,28.81261960318001,15.941712308113946,20.867792682092134,29.53501319132347,15.941712308113946,2.9682003600022013,2.7905595468678346,2.7905595468678346,2.3570405824220515,7.588423773905826,30.12973982241773,2.3570405824220515,2.3570405824220515,2.6862144441728346,3.6194603417333546,8.971897011117678,1.682899511403987,30.093555920966903,22.70375613134566,2.3570405824220515,13.989351673269667,14.307884613648852,16.088307198480575,0.4111756282946265,13.559073304915412,2.5988126481055525,3.4953435772754036,2.3979384574661644,10.52763346643611,2.3570405824220515,1.0111781675628047,10.55693298868821,6.481373418449692,30.12973982241773,2.3570405824220515,2.4612961067763806,9.075266849298623,8.994377245103323,2.569518176821114,1.9668304011172477,10.489597067521714,3.364182449383822,2.3570405824220515,2.7905595468678346,9.47118619472742,5.803002571583887,3.0204321142603288,0.31774557670040116,8.285177911499183,9.685323617143226,2.3570405824220515,1.4990498598747923,10.52763346643611,2.3570405824220515,11.968985756311373,16.088307198480575,2.6006811569688,15.892839909776884,2.3570405824220515,2.3570405824220515,2.3570405824220515,7.034581404293931,2.3570405824220515,16.088307198480575,12.97915023294572,11.229470870392653,2.3570405824220515,2.3570405824220515,2.3570405824220515,2.3570405824220515,2.3570405824220515,8.935064456589945,10.528006247139462,12.77450094706554,13.108108027366388,12.15954044709079,16.088307198480575,16.088307198480575
2024-01-04 02:00:00,8.167518098557887,9.04637387858243,7.983795229881724,25.582900271109416,8.993647629955964,15.342849747655809,26.51399001212986,8.993647629955964,8.00284555110538,7.989278917209626,7.989278917209626,7.983795229881724,6.823475596966689,27.28053040508466,7.983795229881724,7.983795229881724,7.6667823354309315,1.0019684563769748,4.998763353200086,1.2412283664729151,27.25499808349839,17.70921451133224,7.983795229881724,3.8282358215795322,3.9151118232165176,13.282108459102961,0.12495275482261212,4.725952882768524,7.986853463826632,8.882478803305045,8.016083863625324,14.434430643468492,7.983795229881724,0.28859618059078074,14.397204561503404,1.780525684035422,27.28053040508466,7.983795229881724,2.1057137387624776,2.6947556448179357,8.049998918438542,7.306112343689516,5.443401564512565,14.404401128435063,8.778927858046375,7.983795229881724,7.989278917209626,13.600371685910536,1.59550825151293,6.723470626029649,0.099470839810679,11.866427523482823,13.769431931601174,7.983795229881724,3.9976449197159623,14.434430643468492,7.983795229881724,13.638389112663795,13.282108459102961,8.176148042054367,13.240576287618465,7.983795229881724,7.983795229881724,7.983795229881724,11.676686419344712,7.983795229881724,13.282108459102961,12.623778464999258,13.542721335000909,7.983795229881724,7.983795229881724,7.983795229881724,7.983795229881724,7.983795229881724,13.177106701457626,14.433957012366296,13.86807827795855,13.304802172503567,13.472600749751786,13.282108459102961,13.282108459102961
2024-01-04 03:00:00,3.7431492300104003,9.9720232161977,8.761817329545357,24.400666816368023,13.00517526036334,17.366569994935602,25.0402511009162,13.00517526036334,1.8969479225610724,1.7448476628425929,1.7448476628425929,8.761817329545357,2.040060986879668,25.566803126146286,8.761817329545357,8.761817329545357,1.6742660214216698,2.822407020591704,5.07844541836735,0.5562596819174909,25.535274335591396,18.992073582481595,8.761817329545357,11.418657503893956,11.682706032506697,14.040156734492381,0.1630008623784034,10.190031549985823,4.848476990845218,9.785357706650192,8.798591919996847,16.10865886425574,8.761817329545357,0.6603741873132606,15.982103925373492,5.19490366329672,25.566803126146286,8.761817329545357,1.9198043249522472,7.353458854346708,7.503340697067986,1.5953297428168665,1.187656633348141,16.0744572586511,9.66742011805504,8.761817329545357,1.7448476628425929,15.158721594684213,4.632566770429482,2.0618544664455483,0.08555183113441228,6.532575482434864,15.351269887258956,8.761817329545357,0.8712381568416966,16.10865886425574,8.761817329545357,13.726144492249288,14.040156734492381,8.980894294709403,13.808314011296561,8.761817329545357,8.761817329545357,8.761817329545357,12.967772965600584,8.761817329545357,14.040156734492381,10.360911649041702,13.07717633704044,8.761817329545357,8.761817329545357,8.761817329545357,8.761817329545357,8.761817329545357,14.676651136723216,16.107048693321097,14.898868404563734,12.940340520797381,13.186390744717153,14.040156734492381,14.040156734492381
2024-01-04 04:00:00,2.109823632195117,13.253834131861202,13.237370584598,23.34158533888516,10.32899064043751,15.30929901256976,24.071931285737843,10.32899064043751,0.47149560039803307,0.3365210891489442,0.3365210891489442,13.237370584598,0.4406680755057371,24.673204873480135,13.237370584598,13.237370584598,0.4934365075914977,6.424085740319734,5.351702718593952,3.749880917259948,24.640994830647223,17.16547338307885,13.237370584598,13.27445498540005,13.484831367200751,7.9544607334329465,4.3066931445230825,11.147639622463444,6.042610291760232,13.251294748709343,13.237870863281701,13.337316448500994,13.237370584598,4.702967272819549,13.332137337219805,8.315780074079708,24.673204873480135,13.237370584598,5.715833678411996,10.036946374251833,10.192053788932633,0.6689257557616166,1.5752548701352418,13.33685117250411,13.249690334877483,13.237370584598,0.3365210891489442,13.324393575370763,7.867747276866277,1.9745143470014672,4.244986885250658,5.227698816785566,13.327012987447846,13.237370584598,2.2787088653160006,13.337316448500994,13.237370584598,12.312160177057116,7.9544607334329465,13.240350890684788,8.204725965941488,13.237370584598,13.237370584598,13.237370584598,13.294588079707587,13.237370584598,7.9544607334329465,11.933543231391301,13.21325660939791,13.237370584598,13.237370584598,13.237370584598,13.237370584598,13.237370584598,13.317835526152553,13.337250554158773,11.237264617305192,11.28204114656043,12.221684984261671,7.9544607334329465,7.9544607334329465
2024-01-04 05:00:00,4.5287902285683685,10.354633517541856,10.27981151270491,22.408403038269718,7.865771892164042,13.431670879121771,23.22462393504436,7.865771892164042,3.863629075913952,3.8088294266746416,3.8088294266746416,10.27981151270491,3.9127609353274377,23.89659599035435,10.27981151270491,10.27981151270491,3.73259978605192,2.364664078391587,3.599102579934933,2.2911926197462575,23.87000946660413,15.50609645209292,10.27981151270491,3.667584147549675,3.7076192206803817,11.147525008897617,1.9609999861280052,3.8382454960551264,6.6709666079830345,10.343092764177246,10.282085132933489,10.734036218524984,10.27981151270491,2.036411796001158,10.592659353208253,2.7239377600279973,23.89659599035435,10.27981151270491,3.576870044853768,3.2475062629940146,8.37476976320608,3.647346963519013,3.2070515269051514,10.731921675265687,10.335801172786352,10.27981151270491,3.8088294266746416,10.67530554156944,2.6386761653191977,3.980250325326245,1.9492571536795689,7.846061338998391,10.68721000298156,10.27981151270491,2.8653129917153883,10.734036218524984,10.27981151270491,8.549470277161983,11.147525008897617,10.293356131788288,10.754968373615563,10.27981151270491,10.27981151270491,10.27981151270491,10.539848285303515,10.27981151270491,11.147525008897617,4.913972597581486,7.347510961230171,10.27981151270491,10.27981151270491,10.27981151270491,10.27981151270491,10.27981151270491,10.645501126853626,10.732237466762511,10.436912593662967,8.18476941570747,7.98166455328335,11.147525008897617,11.147525008897617
2024-01-04 06:00:00,4.858839711750898,10.388088069465727,10.431041524103767,18.88016594756503,10.540390175824255,13.732271277189934,19.348244879838063,10.540390175824255,3.7263352401874696,3.633033267340793,3.633033267340793,10.431041524103767,6.9501491984624515,19.73360129917225,10.431041524103767,10.431041524103767,3.563217565398743,1.6950477836255657,4.294594161474172,2.719015887511203,19.712291905068465,14.921893977506928,10.431041524103767,1.0052185389511252,0.9840449833970346,11.411876599293109,1.907788503832174,2.2155557510709514,6.639815225913464,10.394713329337016,10.42973629519998,10.170282401978703,10.431041524103767,1.8679050711088054,10.130203687094559,1.504289669516438,19.73360129917225,10.431041524103767,3.2491764431530763,1.5467973964072188,7.1414837304670264,3.4851378893166576,3.0818887762686855,10.171496308745386,10.398899250854763,10.431041524103767,3.633033267340793,10.203998224937052,1.5493824087329537,3.720411738205766,1.9139989961771637,6.868919489862806,10.197164169309033,10.431041524103767,2.7689040170592913,10.170282401978703,10.431041524103767,9.747848194877873,11.411876599293109,10.423265894692937,11.245466997948995,10.431041524103767,10.431041524103767,10.431041524103767,10.281760871435115,10.431041524103767,11.411876599293109,8.768349502981557,9.210241450929187,10.431041524103767,10.431041524103767,10.431041524103767,10.431041524103767,10.431041524103767,10.221108199179241,10.16977247654731,10.521213502953628,9.856245058735414,9.601394637338666,11.411876599293109,11.411876599293109
2024-01-04 07:00:00,6.316773505021566,8.760274444007365,8.158406213629108,14.009062098423076,12.154774030042077,12.864465417909905,14.113136021143573,12.154774030042077,5.153083814789502,5.057212631402383,5.057212631402383,8.158406213629108,1.7940288899088186,14.198817198911769,8.158406213629108,8.158406213629108,4.861785418736317,2.123731201357756,3.7186590783948774,0.6523576438076786,14.186718119296385,13.128969313392043,8.158406213629108,7.8169931873508345,7.991902444840271,12.134205085606975,0.36109651537625087,7.043716878102588,6.428881002620396,8.66744062032238,8.176695215460978,11.8121898897251,8.158406213629108,0.690563221426322,11.751109423271254,3.6942958605558873,14.198817198911769,8.158406213629108,1.3016914834548656,5.0916960756336795,4.346964633482118,4.643225796213912,3.514456078501405,11.79518050308404,8.608787056886825,8.158406213629108,5.057212631402383,11.339760305872307,3.3217964230203774,4.212912572208331,0.3097932469227832,6.894488944465671,11.435519797205542,8.158406213629108,2.6383531761769126,11.8121898897251,8.158406213629108,10.893472631532674,12.134205085606975,8.267359133784423,11.957575880826326,8.158406213629108,8.158406213629108,8.158406213629108,10.250142093979537,8.158406213629108,12.134205085606975,9.329310885516907,10.349075384322191,8.158406213629108,8.158406213629108,8.158406213629108,8.158406213629108,8.158406213629108,11.100013584549368,11.81141275694287,11.739309068039088,10.762912468428349,10.650008387097273,12.134205085606975,12.134205085606975
2024-01-04 08:00:00,5.154073367261619,10.858037835171928,10.926836123768936,14.02564348963433,11.261639112581285,12.319506083669662,14.180776223777244,11.261639112581285,3.9366511933884776,3.836353231250769,3.836353231250769,10.926836123768936,5.506373378713714,14.3084927066801,10.926836123768936,10.926836123768936,3.680015954115647,0.5084983610517763,3.6677999613945342,0.9323714251091931,14.294632639957575,12.713775958629562,10.926836123768936,2.0603675648662385,2.108065803617411,12.682986766344538,0.02712390087439862,2.938957857369049,6.972497706742121,10.868649473851423,10.92474554652516,10.509179814411796,10.926836123768936,0.11697038373816392,10.531981448431669,0.9360965902200791,14.3084927066801,10.926836123768936,1.0677670155395487,1.4312263399228293,4.194171093758452,3.505173280924483,2.6021834578986915,10.511124121540709,10.875354039038303,10.926836123768936,3.836353231250769,10.5631822441982,0.8345149623447268,3.2566790027081334,0.013133357534765647,5.941039959189526,10.552236178617523,10.926836123768936,1.9013212782101785,10.509179814411796,10.926836123768936,11.25379736289608,12.682986766344538,10.914381945153094,12.636455392069363,10.926836123768936,10.926836123768936,10.926836123768936,10.68773420494091,10.926836123768936,12.682986766344538,11.94201087408961,11.055367547057408,10.926836123768936,10.926836123768936,10.926836123768936,10.926836123768936,10.926836123768936,10.59058718649495,10.509469921844074,11.424230549544077,11.734633249037962,11.37429369339932,12.682986766344538,12.682986766344538
2024-01-04 09:00:00,5.827037639861084,12.554158579758392,13.108686178656848,15.811528626768888,13.513017354111605,14.392726220785296,15.940535057129832,13.513017354111605,4.294989926868681,4.168771375236742,4.168771375236742,13.108686178656848,6.2593499662154874,16.046742477817546,13.108686178656848,13.108686178656848,4.027862005185613,2.8799508305913437,6.7539841209598155,1.7769330410728552,16.031021767412927,14.72059608943967,13.108686178656848,9.513778957931958,9.717566342235004,11.39294189196606,0.8268878109195837,9.418494128719402,8.12292581677607,12.639690453258748,13.091835719104093,9.742295021033307,13.108686178656848,1.2107506161512611,9.828919762437227,4.710409962145975,16.046742477817546,13.108686178656848,1.8554278563293043,6.328729553353218,5.206285274785994,3.8702734160218863,3.056393774155208,9.757966514986187,12.693730553827464,13.108686178656848,4.168771375236742,10.177565117642068,4.276409571776115,3.720231583917832,0.7671141943918215,6.556001624900407,10.089337698216086,13.108686178656848,2.4246951157014522,9.742295021033307,13.108686178656848,11.4141956345608,11.39294189196606,13.008303074586491,11.540123315983987,13.108686178656848,13.108686178656848,13.108686178656848,11.181478167475568,13.108686178656848,11.39294189196606,13.72831680506992,11.817294166146565,13.108686178656848,13.108686178656848,13.108686178656848,13.108686178656848,13.108686178656848,10.398454287411727,9.74339715613812,10.661246862590163,11.996290298821227,11.786678624129264,11.39294189196606,11.39294189196606
2024-01-04 10:00:00,2.4923318684867644,12.463678953023805,12.834329347402473,13.674831679012724,9.507573521615845,11.102507596723555,13.908723548795365,9.507573521615845,1.0939824933461764,0.9787787491619065,0.9787787491619065,12.834329347402473,4.415504461718602,14.101280246472676,12.834329347402473,12.834329347402473,1.0979628674324275,3.5971250561489736,3.7448286925657435,3.9632193821166752,14.083912377495578,11.696943830719054,12.834329347402473,2.6630050649003767,2.6342887344712427,9.940607045570239,3.887102608684371,2.9534626897724845,6.222528727292905,12.520849096958623,12.823066374213948,10.584208320631888,12.834329347402473,3.8330112762292923,10.706096634847443,3.339863113438491,14.101280246472676,12.834329347402473,4.664443698922225,3.245967504256998,6.892672344085368,1.2312546211473079,1.9196511944838446,10.59468326439605,12.556969904341063,12.834329347402473,0.9787787491619065,10.875146108561214,3.401019492960496,2.06038399548407,3.895525499674537,3.6161342583726093,10.8161742415699,12.834329347402473,2.453955248168588,10.584208320631888,12.834329347402473,12.417365841660223,9.940607045570239,12.767232529883305,10.293126536018983,12.834329347402473,12.834329347402473,12.834329347402473,11.546169099268688,12.834329347402473,9.940607045570239,15.538662218078834,13.503907054475683,12.834329347402473,12.834329347402473,12.834329347402473,12.834329347402473,12.834329347402473,11.022790081650628,10.585759117641912,10.72925450681587,12.677713553810252,12.903194671224767,9.940607045570239,9.940607045570239
2024-01-04 11:00:00,5.039030166897351,4.345820738897391,3.4580280730101456,12.914592850065041,10.714328061722776,11.556435066530668,13.038085090268309,10.714328061722776,3.907772021081943,3.8145727274334673,3.8145727274334673,3.4580280730101456,4.478385406955676,13.139752830940154,3.4580280730101456,3.4580280730101456,3.726143147026312,3.4163077138294895,5.671523869878882,2.2396880165180026,13.127410785769975,11.870290619792595,3.4580280730101456,8.835882576519499,9.002363237599003,10.261027130455734,1.7392735993430433,8.394311465389126,3.656871825367183,4.208885137956962,3.485005475825589,8.847583770837778,3.4580280730101456,2.052863833583304,9.060319530031368,4.911851417465618,13.139752830940154,3.4580280730101456,2.5024254481047383,6.222696412703001,5.0141143454359804,3.6272462971458004,3.1164851234489657,8.822493879148888,4.1223675236055435,3.4580280730101456,3.8145727274334673,8.150721071457413,4.557302130007803,3.5897925967115643,1.6904425530607254,5.6887439839888945,8.291972212161935,3.4580280730101456,2.7200540891567857,8.847583770837778,3.4580280730101456,12.491209398725564,10.261027130455734,3.6187403328682475,10.751923287071012,3.4580280730101456,3.4580280730101456,3.4580280730101456,6.5434671771496475,3.4580280730101456,10.261027130455734,18.054253151616972,13.943431808102353,3.4580280730101456,3.4580280730101456,3.4580280730101456,3.4580280730101456,3.4580280730101456,7.797079908628047,8.850290428825511,10.082522752369592,13.423419486738986,13.371885654376449,10.261027130455734,10.261027130455734
2024-01-04 12:00:00,5.306796341782782,9.356618682870794,9.587936263209118,12.571126020842648,12.555557870362327,12.561516266206702,12.571999800120862,12.555557870362327,3.861899408045489,3.742860818915951,3.742860818915951,9.587936263209118,6.1183382504563495,12.572719158397266,9.587936263209118,9.587936263209118,3.5903335009519903,2.4916676188562006,6.805354471244929,1.183061657591018,12.561032680574584,12.563736976417651,9.587936263209118,10.112806242133683,10.346921287821152,10.668755710638752,0.13313098048669844,9.948591617893632,6.328157383525525,9.392297747464168,9.58090720362926,8.183668092245822,9.587936263209118,0.57412029143881,8.34991896745039,4.594599333751525,12.572719158397266,9.587936263209118,0.9382354303966097,6.39899427278459,3.6853731797671636,3.4197517657689724,2.538767918673856,8.190205353995585,9.414840223852405,9.587936263209118,3.742860818915951,8.365238181347202,4.096010956618605,3.1352732620980506,0.06446184764434203,5.517482490093012,8.328434687307134,9.587936263209118,1.8549858387424645,8.183668092245822,9.587936263209118,11.272834117715227,10.668755710638752,9.546062104399834,10.984705110678364,9.587936263209118,9.587936263209118,9.587936263209118,8.784013979015075,9.587936263209118,10.668755710638752,15.683065735621524,12.166022536633236,9.587936263209118,9.587936263209118,9.587936263209118,9.587936263209118,9.587936263209118,8.457380661497076,8.185783318482567,9.683048232068202,12.26137486234432,11.978892537300359,10.668755710638752,10.668755710638752
2024-01-04 13:00:00,3.9167219719043205,2.8943424565606857,2.412183819543199,13.826065718497373,15.507305678600213,14.863844966659165,13.731704307956068,15.507305678600213,1.6063688457873313,1.4160291958770574,1.4160291958770574,2.412183819543199,6.06145968209208,13.654019172432148,2.412183819543199,2.412183819543199,1.3583238346960487,2.48282112349442,6.7632716285902,1.1732045955648605,13.637821970511508,14.624025422829762,2.412183819543199,10.079498596050033,10.312842557935648,9.802671167019088,0.13269249887490356,9.907961402858312,1.8566317425727488,2.8199729722818043,2.4268351996137545,5.339242049740879,2.412183819543199,0.5722293627471267,5.493517593373202,4.579466512570084,13.654019172432148,2.412183819543199,1.0189271225655459,6.390104726233476,4.002328805738054,1.2937879812435864,0.9604870895090954,5.3256157736468515,2.772985407936479,2.412183819543199,1.4160291958770574,4.9607771420748845,4.082520291413394,1.455828441058471,0.06424953541805906,3.8756159059983957,5.037490388417367,2.412183819543199,0.7017931557387163,5.339242049740879,2.412183819543199,8.583616786185484,9.802671167019088,2.4994663655053704,9.990094766109955,2.412183819543199,2.412183819543199,2.412183819543199,4.0878803759746525,2.412183819543199,9.802671167019088,12.774262198033309,9.03474077170839,2.412183819543199,2.412183819543199,2.412183819543199,2.412183819543199,2.412183819543199,4.768715247879486,5.3412049126562025,7.565568354942557,9.907305441171388,9.266662506360571,9.802671167019088,9.802671167019088
2024-01-04 14:00:00,7.513875834033923,9.528237543974234,9.842290008615212,14.96320317650809,18.488174798970512,17.139062950818317,14.765360332947976,18.488174798970512,5.326366855867763,5.14614778529671,5.14614778529671,9.842290008615212,1.0949164203907655,14.602481800015525,9.842290008615212,9.842290008615212,4.982543717336189,1.6305037409248948,1.8173566979123386,1.163547061590797,14.589966170262693,16.63624532420253,9.842290008615212,3.1531922089933704,3.1999956757905332,9.158059201354742,1.1580901924467906,2.850652857561475,7.223267314817424,9.576677866388316,9.832746879718854,7.935760122460959,9.842290008615212,1.2462512438326296,7.9763569918525885,2.050011449901457,14.602481800015525,9.842290008615212,2.1367449797403366,2.529676155685435,5.080158455860373,4.799574094790932,3.8546119521646047,7.9446355532064885,9.60728306404983,9.842290008615212,5.14614778529671,8.18227201275468,1.9503353932598695,4.4939889713303725,1.1443620979130134,7.046678306536598,8.132305088521003,9.842290008615212,3.1211726485133395,7.935760122460959,9.842290008615212,8.797865596315486,9.158059201354742,9.78543880534917,9.205036863904608,9.842290008615212,9.842290008615212,9.842290008615212,8.750830490658654,9.842290008615212,9.158059201354742,9.902785803878329,8.90821288730227,9.842290008615212,9.842290008615212,9.842290008615212,9.842290008615212,9.842290008615212,8.30737090470607,7.936276640423111,8.54009509750902,9.155185627302405,8.978222379962455,9.158059201354742,9.158059201354742
2024-01-04 15:00:00,4.426926730130275,11.071473522278291,11.299414520532642,14.029896152563767,4.460269405757348,8.122851182087192,14.567001800544713,4.460269405757348,4.420280528625893,4.4197329778410035,4.4197329778410035,11.299414520532642,4.101763778055068,15.009186002907773,11.299414520532642,11.299414520532642,4.387013367044457,5.269990282746784,6.218443179136432,3.8216947229007845,14.995170669572419,9.487905294229746,11.299414520532642,10.328321278318015,10.483694725381376,10.264732896033252,3.7051820374296716,9.453792711328877,7.462639305986682,11.106631773494215,11.29248806533162,9.915644691028007,11.299414520532642,3.9978502389095283,9.985700940656786,6.666092622972431,15.009186002907773,11.299414520532642,4.466979291096457,7.896689774762238,6.956208267366753,4.350420787703969,4.161435306415906,9.92208652725555,11.128845193518517,11.299414520532642,4.4197329778410035,10.09456437064063,6.335198063874834,4.552936697810337,3.6596088883599966,6.547997339701521,10.058298103465988,11.299414520532642,4.014752837834806,9.915644691028007,11.299414520532642,11.095155283135501,10.264732896033252,11.258151605945306,10.432095900412374,11.299414520532642,11.299414520532642,11.299414520532642,10.507227226726034,11.299414520532642,10.264732896033252,12.921836101700363,11.593764079710875,11.299414520532642,11.299414520532642,11.299414520532642,11.299414520532642,11.299414520532642,10.185361831327688,9.91653602358238,10.27728391117357,11.380222338244716,11.383669662175382,10.264732896033252,10.264732896033252
2024-01-04 16:00:00,0.9776817600141111,11.541182663599777,11.907753964713596,13.000228586980757,1.1372972230204,5.6775951235621065,13.666048436153007,1.1372972230204,0.9458655811861066,0.9432443886631338,0.9432443886631338,11.907753964713596,0.9462169108537852,14.214199475023058,11.907753964713596,11.907753964713596,0.9643168854337103,3.9201267716489747,4.670280275034561,1.56466456646417,14.196635125025606,7.3697764038657585,11.907753964713596,11.448477181274795,11.6797060613027,7.787201677001778,1.5918311591592138,9.882399456134886,5.792883920222667,11.597723636885886,11.896614943148412,9.682396039951247,11.907753964713596,2.0273839625952523,9.748382923726135,5.998298618677023,14.214199475023058,11.907753964713596,2.4120942818810542,7.78409753059199,5.198810861327786,0.9878837002951163,1.1095965155511243,9.692755704538035,11.633446926433868,11.907753964713596,0.9432443886631338,9.970131990275025,5.505856829210496,1.4663812268185588,1.524008578030353,3.61043604542704,9.91180912231112,11.907753964713596,1.2040648105652472,9.682396039951247,11.907753964713596,10.403994563144117,7.787201677001778,11.84139556318045,8.053878518414477,11.907753964713596,11.907753964713596,11.907753964713596,10.633770217864843,11.907753964713596,7.787201677001778,12.023447691728743,11.263038304533922,11.907753964713596,11.907753964713596,11.907753964713596,11.907753964713596,11.907753964713596,10.116151107313136,9.683235597563618,9.16228106820799,10.25359304358166,10.647043698254077,7.787201677001778,7.787201677001778
2024-01-04 17:00:00,2.617717682907894,4.041638624581015,3.106625419782631,13.093191591141483,0.2292217461779871,5.152646950942979,13.815195807397064,0.2292217461779871,3.093817005753366,3.133040697321776,3.133040697321776,3.106625419782631,3.997015585872063,14.409601879401487,3.106625419782631,3.106625419782631,3.0294424399831694,1.2508594159934858,3.349088692569981,1.1939649400854722,14.394677145945543,6.987620811465321,3.106625419782631,3.2678628039741193,3.3298366483879374,9.140104803434681,0.6260896528739848,3.6069000923153567,3.121357131057146,3.8974195968665364,3.1350377156179388,8.782844585694532,3.106625419782631,0.7428262891924668,8.898032538450119,1.807108774351173,14.409601879401487,3.106625419782631,1.622068252892432,2.3986277107110836,4.6414644863654555,2.9135814208906283,2.3152073557013297,8.756420195251264,3.806300222969271,3.106625419782631,3.133040697321776,8.048916664358403,1.6751247815230375,2.8803655292071113,0.6079118798807654,5.3993998030612005,8.19768076979238,3.106625419782631,1.8507749325402654,8.782844585694532,3.106625419782631,10.684275788225637,9.140104803434681,3.2758857560235697,9.42591150939704,3.106625419782631,3.106625419782631,3.106625419782631,6.35617502277308,3.106625419782631,9.140104803434681,13.67788891413949,11.542043627694472,3.106625419782631,3.106625419782631,3.106625419782631,3.106625419782631,3.106625419782631,7.676465787356329,8.784310133346692,9.293583911310975,11.112168387131032,11.15585989265349,9.140104803434681,9.140104803434681
2024-01-04 18:00:00,4.5958539824349804,8.764361811280974,8.978714965676291,12.1056335115851,6.477780254446098,8.631727667947327,12.421502860556947,6.477780254446098,4.2207292815839965,4.189824437027755,4.189824437027755,8.978714965676291,0.9333583684257959,12.68154934610612,8.978714965676291,8.978714965676291,4.0680200972098985,1.114731579121408,0.9343917926960557,1.1508197431183942,12.670310394017553,9.43450968175536,8.978714965676291,0.8477533802901907,0.8395785276774788,10.973670711703281,1.1962246805738912,0.8419527524050188,6.307966854521148,8.797424235806936,8.97220140500714,7.677433361300734,8.978714965676291,1.1808261716475261,7.804124996807275,1.0404386817837665,12.68154934610612,8.978714965676291,2.0576153946091145,1.106812774402502,4.566141830959403,3.9317979704702064,3.2282672369725463,7.683491191730743,8.818313486484007,8.978714965676291,4.189824437027755,7.845687418280732,1.05784844067177,3.748278067658083,1.1986224762319215,5.896488176121189,7.811583027993061,8.978714965676291,2.6822166937839267,7.677433361300734,8.978714965676291,10.277092291840626,10.973670711703281,8.939911784286911,11.145681674815673,8.978714965676291,8.978714965676291,8.978714965676291,8.233750932879289,8.978714965676291,10.973670711703281,13.70168112318935,10.712190303815245,8.978714965676291,8.978714965676291,8.978714965676291,8.978714965676291,8.978714965676291,7.931072330422066,7.679045271439972,9.36283120274768,11.294578338626108,10.833247161747735,10.973670711703281,10.973670711703281
2024-01-04 19:00:00,1.4424000034703583,9.607850363893583,9.747768675229002,10.604316126812927,5.292907416289284,7.325742057023367,10.902424683461646,5.292907416289284,0.674877671251352,0.61164494272971,0.61164494272971,9.747768675229002,3.7502652843594264,11.147849200658296,9.747768675229002,9.747768675229002,0.5867194733696702,2.592393212728711,5.681105956016135,0.8064968882280124,11.133904343033008,8.083385013577516,9.747768675229002,10.525301105917503,10.768965553775683,7.2509868229768815,0.13856130757360213,9.793941964209493,4.6525832547474595,9.629431751960286,9.74351697008298,8.898361419386676,9.747768675229002,0.5975382889503111,8.983430580951861,4.782010086112305,11.147849200658296,9.747768675229002,0.831904933292844,6.638972686595889,3.2677087540569993,0.5588436156515705,0.4148763828923359,8.902315648129024,9.643067141129357,9.747768675229002,0.61164494272971,9.008188697620044,4.2630846096831725,0.7879578223993503,0.06709120495888464,2.7292073870176257,8.985927169854634,9.747768675229002,0.3031351583708291,8.898361419386676,9.747768675229002,9.967982891601675,7.2509868229768815,9.722440027140012,7.555762850054098,9.747768675229002,9.747768675229002,9.747768675229002,9.261495871039948,9.747768675229002,7.2509868229768815,12.091941117179973,10.936098383012109,9.747768675229002,9.747768675229002,9.747768675229002,9.747768675229002,9.747768675229002,9.06392341612251,8.899443762696201,8.535863343062891,9.923997983255472,10.291590442311502,7.2509868229768815,7.2509868229768815
2024-01-04 20:00:00,2.005862945798217,2.827355938925114,2.0230107539186637,8.434708083647402,1.489792642820305,4.147819063779063,8.824498971705092,1.489792642820305,2.1087313317184506,2.117206197461507,2.117206197461507,2.0230107539186637,0.8702818441514769,9.145403012785469,2.0230107539186637,2.0230107539186637,2.0309267982267234,3.9537913686563435,6.067038729542093,0.44297995596643847,9.13610106670005,5.13847268401008,2.0230107539186637,16.051345038806822,16.422939360613263,2.2132531539296094,0.21130942806393446,13.897821353084547,2.0755432353810175,2.7032915086762745,2.047452433707599,6.905978750212416,2.0230107539186637,0.9112606996532675,7.023612168681159,7.292683895578859,9.145403012785469,2.0230107539186637,0.6824729816795692,10.039333479460273,2.6807425312582818,1.9344346430608184,1.4360927192824484,6.883247166197669,2.6249060599158245,2.0230107539186637,2.117206197461507,6.274617196558421,6.501309683309695,1.8351458657217907,0.10231575030750528,3.5297306002600415,6.402591530282845,2.0230107539186637,1.0493009769800554,6.905978750212416,2.0230107539186637,7.962255347581007,2.2132531539296094,2.16861697185152,2.753083238329681,2.0230107539186637,2.0230107539186637,2.0230107539186637,4.818436062557583,2.0230107539186637,2.2132531539296094,10.789465927794266,9.723756198126898,2.0230107539186637,2.0230107539186637,2.0230107539186637,2.0230107539186637,2.0230107539186637,5.954216299511577,6.9074754117653665,5.470150265633443,7.446596719333607,8.378570856218754,2.2132531539296094,2.2132531539296094
2024-01-04 21:00:00,2.482942390996621,1.5212324244391786,0.5410301462291699,10.08190816363821,5.218206231735872,7.079690125789584,10.354888693269878,5.218206231735872,1.9377217597392018,1.8928034730477583,1.8928034730477583,0.5410301462291699,0.17933396354615525,10.579626001860063,0.5410301462291699,0.5410301462291699,1.8600948115875557,1.5848224066643128,1.3029064941832356,0.9800854086897752,10.568128834529686,7.773470196636612,0.5410301462291699,3.097732740733678,3.1442085953529473,6.876597432272165,1.1165959229531275,2.6100706459415783,1.2949095756529807,1.370043308818671,0.5708156048344848,6.491580287652987,0.5410301462291699,1.2041398697519257,6.574398372499774,2.0022739619955536,10.579626001860063,0.5410301462291699,1.7983151857120392,2.436387640176215,3.871760900706538,1.8235144776390255,1.6345922387168819,6.463878809663287,1.2745201467661857,0.5410301462291699,1.8928034730477583,5.722181719971011,1.903295612003385,1.968404230911744,1.1029639215350169,3.6386778597714975,5.878135576359275,0.5410301462291699,1.4879588561623303,6.491580287652987,0.5410301462291699,7.881113618641442,6.876597432272165,0.7184708137433095,7.0758044293436235,0.5410301462291699,0.5410301462291699,0.5410301462291699,3.9476300826380806,0.5410301462291699,6.876597432272165,10.039294975544784,8.475395217104797,0.5410301462291699,0.5410301462291699,0.5410301462291699,0.5410301462291699,0.5410301462291699,5.3317303378031315,6.4926339902920205,6.908391453619293,8.212899532223027,8.22182832004523,6.876597432272165,6.876597432272165
2024-01-04 22:00:00,3.331360744640536,6.99993563070849,6.9547425585874105,10.793888873916579,6.437583492392661,8.104871582580898,11.038391223553896,6.437583492392661,2.712196808009893,2.6611866634553167,2.6611866634553167,6.9547425585874105,0.0686891790237086,11.239683235389354,6.9547425585874105,6.9547425585874105,2.6264516168826186,1.5923612633061504,0.5698986148397098,1.5098748125251842,11.228329439429613,8.726274353256613,6.9547425585874105,0.9289527444869081,0.908583391159444,7.26310308556345,1.7972417982763285,0.684644449858312,4.560240903462052,6.992964926030433,6.956115842866414,7.229097809212373,6.9547425585874105,1.7588731959422015,7.290189594689897,1.4090684325701939,11.239683235389354,6.9547425585874105,2.512599954008313,1.3663147839933723,4.573241447406355,2.587605037823031,2.3869785837089266,7.227820608658488,6.988560748190983,6.9547425585874105,2.6611866634553167,7.193624024125274,1.4524484844116503,2.7218767625822706,1.8032164071505647,4.385289739333942,7.200814411289223,6.9547425585874105,2.231260888616396,7.229097809212373,6.9547425585874105,8.210330854663997,7.26310308556345,6.962923613725155,7.422307612528654,6.9547425585874105,6.9547425585874105,6.9547425585874105,7.111806789140859,6.9547425585874105,7.26310308556345,9.790972712591879,8.692483449213475,6.9547425585874105,6.9547425585874105,6.9547425585874105,6.9547425585874105,6.9547425585874105,7.175621926123307,7.229875086007653,7.439804385060748,8.407985869944397,8.458436309416976,7.26310308556345,7.26310308556345
2024-01-04 23:00:00,2.639267479153191,8.055996560376794,8.045927239261477,11.792320015629146,6.052492124295009,8.249295572359046,12.114474062013759,6.052492124295009,1.9589087993321448,1.9028570938735063,1.9028570938735063,8.045927239261477,5.261034283221489,12.379694564859165,8.045927239261477,8.045927239261477,1.9021546987863456,3.490012553548624,5.966395187771154,2.555882852067575,12.365828280254227,9.068050145902987,8.045927239261477,8.39997042561413,8.550779920468772,5.862496902979793,1.9713798128115192,8.173042876246365,4.619957718901913,8.054443440384967,8.046233216256155,8.107055438530933,8.045927239261477,2.2554511548548852,8.104771360195066,4.845316371182143,12.379694564859165,8.045927239261477,2.6687381700441515,6.033647885471466,4.961692074864482,1.9013691623044133,1.8973121924820375,8.106770869637911,8.053462159873751,8.045927239261477,1.9028570938735063,8.099151640084552,4.524141535643436,2.216363478548991,1.927145333110943,4.008488023225786,8.10075370681512,8.045927239261477,1.8941633455735387,8.107055438530933,8.045927239261477,7.677595668633659,5.862496902979793,8.047750033494703,5.96652542918285,8.045927239261477,8.045927239261477,8.045927239261477,8.080922208599604,8.045927239261477,5.862496902979793,7.51650140347744,8.052342887388125,8.045927239261477,8.045927239261477,8.045927239261477,8.045927239261477,8.045927239261477,8.095140651297475,8.107026377977617,7.230967323967071,7.247664014312301,7.63936443095347,5.862496902979793,5.862496902979793
2024-01-05 00:00:00,3.633572012210549,1.9629746973076845,2.094852371367488,12.902920561990523,6.818130740686253,9.14696141527277,13.244435969672452,6.818130740686253,2.998793350512383,2.9464967786713463,2.9464967786713463,2.094852371367488,5.218238761593416,13.525596144971685,2.094852371367488,2.094852371367488,2.9749543113934203,5.208553226824838,6.703243659395236,4.019540539931702,13.511594514891684,10.01492289243973,2.094852371367488,9.994902123262696,10.141908892092186,7.509702437115838,3.728411177008961,9.406106476857614,2.5698115876151206,1.9833158751996616,2.0908449974927334,1.2942577089471303,2.094852371367488,4.0053195384559865,1.3811589084193487,6.529880193759073,13.525596144971685,2.094852371367488,4.382165227875384,7.684462739370821,6.541114848533244,3.006780317223444,3.171148425120362,1.2979847013919672,1.9961676841684433,2.094852371367488,2.9464967786713463,1.397773580911982,6.216803919301707,3.43042321670283,3.6852920886657294,5.072680266013105,1.37679134867447,2.094852371367488,3.2987239386360008,1.2942577089471303,2.094852371367488,3.7698153287569567,7.509702437115838,2.070979275950778,7.433815196757833,2.094852371367488,2.094852371367488,2.094852371367488,1.6365240384786017,2.094852371367488,7.509702437115838,6.298634592766977,3.3758790989996665,2.094852371367488,2.094852371367488,2.094852371367488,2.094852371367488,2.094852371367488,1.4503054115946927,1.2953633614551368,3.9807986217506715,5.212593104029893,4.202339064369034,7.509702437115838,7.509702437115838
2024-01-05 01:00:00,4.958770543961437,6.0158255731927,6.419004151980966,13.537037446950421,7.529513089984621,9.828771965261389,13.874216246905835,7.529513089984621,4.446343971845362,4.404127440857641,4.404127440857641,6.419004151980966,1.4237066657716275,14.151806213186191,6.419004151980966,6.419004151980966,4.473497507127067,6.893232293383388,4.714124283563091,5.406527294986487,14.138904983357158,10.68571195302104,6.419004151980966,9.303125860756074,9.377131282199398,8.726119900555476,6.148479941110106,7.834546139316365,5.295314199527253,6.078012954429403,6.406752743127909,3.971413075770924,6.419004151980966,6.287879780676928,3.919500198326807,7.558781636030563,14.151806213186191,6.419004151980966,6.706782620564517,8.173352486206682,8.464703799913664,4.551078798347275,4.951753960482634,3.9828072979376152,6.117303714687594,6.419004151980966,4.404127440857641,4.287883490026872,7.401174324342779,5.097612308792149,6.126773142637487,6.363212323986469,4.223736266976145,6.419004151980966,5.26274092879669,3.971413075770924,6.419004151980966,3.9751619910207685,8.726119900555476,6.346018934809021,8.356311579372669,6.419004151980966,6.419004151980966,6.419004151980966,5.017795287857844,6.419004151980966,8.726119900555476,2.849508991666911,2.7278979486708006,6.419004151980966,6.419004151980966,6.419004151980966,6.419004151980966,6.419004151980966,4.448484660670788,3.9707525831253383,5.6437430424691595,4.708235608951792,3.826078043749658,8.726119900555476,8.726119900555476
2024-01-05 02:00:00,3.6925124457220875,6.294773145420747,6.792899853105244,10.472678199218793,4.176361684253055,6.586149937845496,10.826065771288139,4.176361684253055,3.5960666903488216,3.5881209563804686,3.5881209563804686,6.792899853105244,3.5605399846150805,11.116999970673149,6.792899853105244,6.792899853105244,3.6594933264160012,6.17917734700603,5.577138242379268,5.114935532634097,11.107035362607265,7.4842845231858615,6.792899853105244,8.75076414525004,8.829735556778129,6.482449080450677,5.3844318376020786,7.8726094745252615,5.005605461242621,6.371605589168279,6.777763250424587,3.7689036670609815,6.792899853105244,5.53318583268353,3.795989570340648,6.889369088903552,11.116999970673149,6.792899853105244,5.770666660385227,7.514702701986137,7.03304446766702,3.739313930930021,4.151554216601709,3.782981216497209,6.42014928191271,6.792899853105244,3.5881209563804686,4.159902529169805,6.721185844644028,4.225846719695429,5.3612684465733365,5.101272282794481,4.080648702933806,6.792899853105244,4.4715175404442,3.7689036670609815,6.792899853105244,4.676417975444085,6.482449080450677,6.702726694479693,6.420737822878247,6.792899853105244,6.792899853105244,6.792899853105244,5.061707783423049,6.792899853105244,6.482449080450677,5.499911772426152,4.417716295405345,6.792899853105244,6.792899853105244,6.792899853105244,6.792899853105244,6.792899853105244,4.3583251056458785,3.7692482836724284,4.906700741100789,5.2723301362333075,4.8212494210048815,6.482449080450677,6.482449080450677
2024-01-05 03:00:00,1.5342263991472587,5.693638897279837,5.886453324059766,2.87741990406367,4.475552054981188,3.863899182096603,2.7877230091702323,4.475552054981188,0.9479314293815637,0.899629211842674,0.899629211842674,5.886453324059766,3.6134836398736505,2.7138780401739173,5.886453324059766,5.886453324059766,1.127719882429712,7.210379358019009,5.9659502015196875,6.083396351534136,2.7114768489110492,3.6359345057224477,5.886453324059766,9.40065224793509,9.467878945411591,5.206197147848719,6.5349645354755905,8.360023547874608,3.1053183203065418,5.723379128772634,5.880594261848802,4.715927668233822,5.886453324059766,6.661595674925402,4.778269937096611,7.816085885046232,2.7138780401739173,5.886453324059766,6.214441029614229,8.253974678058038,5.3878870580618115,1.3828092846900228,2.7002401498138235,4.72137679309129,5.74216937660698,5.886453324059766,0.899629211842674,4.867275147311108,7.672915035447953,2.2634082826563193,6.515246029106165,1.2642562719698178,4.836597649316986,5.886453324059766,3.7227737866001362,4.715927668233822,5.886453324059766,5.797010244557848,5.206197147848719,5.851549180950993,5.346325449679032,5.886453324059766,5.886453324059766,5.886453324059766,5.216345093739477,5.886453324059766,5.206197147848719,7.430719920082189,6.20926724418152,5.886453324059766,5.886453324059766,5.886453324059766,5.886453324059766,5.886453324059766,4.944080375284677,4.716720855052204,5.107263867881926,6.084521097345173,6.056074383529648,5.206197147848719,5.206197147848719
2024-01-05 04:00:00,0.8001777341924655,5.7372911173665,5.655078679504361,7.812302922165169,3.1432228710788555,4.9302191625529055,8.074360088308092,3.1432228710788555,0.3331381274199927,0.2946608252957446,0.2946608252957446,5.655078679504361,2.0135879185818806,8.290104494310958,5.655078679504361,5.655078679504361,0.36483696150642275,3.4294146620912884,4.017257921928657,2.124068404569563,8.27952237945384,5.596237502900936,5.655078679504361,7.754699532664276,7.88753602706411,4.121127709671304,2.092248095110707,6.9175865136207495,2.665591704706013,5.724610443132523,5.657576873213169,6.154168759809739,5.655078679504361,2.3424647096074835,6.156602576523886,4.623677949109277,8.290104494310958,5.655078679504361,2.484860009248551,5.638150223443585,3.8555960592598333,0.4433197358910466,0.8486506843298177,6.151845355662918,5.716598635570745,5.655078679504361,0.2946608252957446,6.089637046975645,4.3407797185732795,0.9396634120044056,2.053285341335231,1.9015821438707503,6.102717353982373,5.655078679504361,1.1632512753598407,6.154168759809739,5.655078679504361,5.837060505235886,4.121127709671304,5.669961148334021,4.227209778433882,5.655078679504361,5.655078679504361,5.655078679504361,5.940800200275179,5.655078679504361,4.121127709671304,5.807531300281432,6.212468126934763,5.655078679504361,5.655078679504361,5.655078679504361,5.655078679504361,5.655078679504361,6.056888745213602,6.154199725499169,5.37519912388101,5.461739454087477,5.820685802847429,4.121127709671304,4.121127709671304
2024-01-05 05:00:00,1.4458057976877832,5.387014660398993,5.038350127783968,10.948992157940529,3.1171774992371484,6.114646721757515,11.388561223529562,3.1171774992371484,1.1126509770770423,1.0852038430419322,1.0852038430419322,5.038350127783968,3.8245848406070397,11.750446259335144,5.038350127783968,5.038350127783968,1.0603043800332141,2.3317248637550057,4.899984627624534,1.1597062934059759,11.736330617364509,7.231811590175098,5.038350127783968,8.015698308805552,8.190286733130417,5.5326630894967685,0.5734778650554061,7.633681586262603,2.8336937653270287,5.333235676707415,5.0489450154252316,7.155000772231146,5.038350127783968,0.9023402357635953,7.14452143374652,3.900563177682315,11.750446259335144,5.038350127783968,1.3156838133300661,5.266795017553743,3.779543017683508,1.0324576069970814,0.8886405845460218,7.145147170489206,5.299257446508074,5.038350127783968,1.0852038430419322,6.881320535040317,3.528747009717903,1.2655768951838704,0.5222687013406303,3.2287003287876512,6.9367943690191805,5.038350127783968,0.7770159468578488,7.155000772231146,5.038350127783968,6.703654260495401,5.5326630894967685,5.101466964768568,5.584605821046348,5.038350127783968,5.038350127783968,5.038350127783968,6.250100601169328,5.038350127783968,5.5326630894967685,6.359020687676243,6.903979897080011,5.038350127783968,5.038350127783968,5.038350127783968,5.038350127783968,5.038350127783968,6.742434356443529,7.154867442576916,6.493228166449413,6.36526754917349,6.640230675753914,5.5326630894967685,5.5326630894967685
2024-01-05 06:00:00,1.4101554788736312,6.33002449370827,6.370295455167416,10.446852792020794,4.333206676108464,6.6730815159022745,10.789987790437435,4.333206676108464,0.8275031602134307,0.7795010443898706,0.7795010443898706,6.370295455167416,2.9867644498143133,11.072481329926516,6.370295455167416,6.370295455167416,0.9245975226321574,4.844200889935522,4.331035114033258,4.158953442363345,11.058858383644537,7.545159183246566,6.370295455167416,6.391170597941528,6.438655534026777,5.829581763837989,4.367019435168905,5.8024308058918095,3.2523282510487017,6.336235998398213,6.369071739326102,6.125821043371915,6.370295455167416,4.456464131827973,6.117206816143338,5.271927272164383,11.072481329926516,6.370295455167416,4.8424249924902485,5.683304742272527,6.313467743109793,1.0868688413566003,1.924932837420873,6.126959140249757,6.340160504250716,6.370295455167416,0.7795010443898706,6.157431273989237,5.170799909113098,1.9240338750121813,4.353091456407551,2.8481804244471247,6.1510240130803115,6.370295455167416,2.575402359914368,6.125821043371915,6.370295455167416,5.936434041573943,5.829581763837989,6.363005422853069,5.821421717203024,6.370295455167416,6.370295455167416,6.370295455167416,6.230337552808344,6.370295455167416,5.829581763837989,5.700304760626564,5.919476829866427,6.370295455167416,6.370295455167416,6.370295455167416,6.370295455167416,6.370295455167416,6.17347271044832,6.125711443711637,5.983313901674066,5.853667787989316,5.8976882040633285,5.829581763837989,5.829581763837989
2024-01-05 07:00:00,1.8073675300076668,2.398110499442538,1.6664119212162831,10.814902887535057,3.1388044406024953,6.076676421286732,11.245732212375872,3.1388044406024953,1.5419719721598557,1.520107220405047,1.520107220405047,1.6664119212162831,0.8660567369152526,11.6004220617109,1.6664119212162831,1.6664119212162831,1.5143104173659336,2.3433345459080934,2.4716177429655555,1.3684880140928886,11.587080582005404,7.171629236838622,1.6664119212162831,5.297852263727708,5.388601478858414,5.078137125110979,1.4294648450789025,4.616843697640085,1.5848182825629897,2.285251283133811,1.6886460847127451,6.10836148094889,1.6664119212162831,1.6004040247135132,6.075736372709402,3.158848576911995,11.6004220617109,1.6664119212162831,2.1407154131599766,3.9163402321044325,4.374344153356052,1.5078274559258076,1.4743456514174667,6.087682961310225,2.2139454277861614,1.6664119212162831,1.520107220405047,5.534023050425876,2.9655824680840004,1.7923637316470085,1.4028468637746636,3.546045177946497,5.650439036722683,1.6664119212162831,1.4483585030695612,6.10836148094889,1.6664119212162831,5.4071485614799535,5.078137125110979,1.798867320500508,5.042734554196286,1.6664119212162831,1.6664119212162831,1.6664119212162831,4.2093608466237065,1.6664119212162831,5.078137125110979,4.517015067824339,5.326863370720754,1.6664119212162831,1.6664119212162831,1.6664119212162831,1.6664119212162831,1.6664119212162831,5.242560025344534,6.107946388487933,5.60414179315589,5.110963262214133,5.26158855260362,5.078137125110979,5.078137125110979
2024-01-05 08:00:00,2.8563898324803123,3.343505566434609,3.7452719298509773,10.4935834255508,1.4653864520526558,4.920746894327536,11.000300742103251,1.4653864520526558,3.1336587854281928,3.1565017330445113,3.1565017330445113,3.7452719298509773,2.9355105643949595,11.417467072946314,3.7452719298509773,3.7452719298509773,3.0391634290614475,0.5086841916368653,2.0277149360957494,0.7261864217102322,11.406533535337104,6.208569056045532,3.7452719298509773,1.2140472084585272,1.2357368841277674,7.045392560595809,0.28947647412640043,1.6466388897261377,3.416916775015339,3.4054751236589733,3.7330634340613127,1.3062540416122097,3.7452719298509773,0.33033209320917245,1.2988269465447084,0.7028108726343585,11.417467072946314,3.7452719298509773,1.1084859146441715,0.9782571960331623,3.5426456040306054,2.9079359757498184,2.230200657024544,1.3176083531870662,3.4446282599993046,3.7452719298509773,3.1565017330445113,1.6216159535635315,0.656618966596409,2.733587662654785,0.28311459671922623,4.816787499066606,1.5576934192716385,3.7452719298509773,1.7041714143670457,1.3062540416122097,3.7452719298509773,2.1925438222862685,7.045392560595809,3.672542358318544,6.744464329540707,3.7452719298509773,3.7452719298509773,3.7452719298509773,2.3489710861467503,3.7452719298509773,7.045392560595809,2.2615159958670077,1.1283462560769029,3.7452719298509773,3.7452719298509773,3.7452719298509773,3.7452719298509773,3.7452719298509773,1.7816545857843744,1.306159545951178,3.5034332800094425,3.250307540208552,2.2365120738582283,7.045392560595809,7.045392560595809
2024-01-05 09:00:00,1.258145239285889,1.6138450952978682,1.0015852023264036,8.50597811005278,1.0704166828626949,3.9162279668917046,8.923307034588506,1.0704166828626949,1.29556520605971,1.2986480695816836,1.2986480695816836,1.0015852023264036,0.6956178212974463,9.26688237830824,1.0015852023264036,1.0015852023264036,1.4562050540602964,4.7839141382725625,2.2331417803751896,4.410597559589228,9.256336275533465,4.976869512358629,1.0015852023264036,3.6222128002381675,3.586498312713767,4.423920047024168,5.144622377047056,2.890201826792405,1.1672561624099846,1.5194084327782673,1.0201899761605335,4.718453927996621,1.0015852023264036,5.077349010663685,4.634708827552145,4.4640208575023,9.26688237830824,1.0015852023264036,5.471038497522004,4.254100841769339,6.367314280737789,1.6324118094227424,2.5424465505795437,4.701150862776148,1.4597421758487767,1.0015852023264036,1.2986480695816836,4.237867527441003,4.540081019815386,2.444220249409047,5.155097922866883,2.900100860965125,4.335280371242115,1.0015852023264036,3.248776695189835,4.718453927996621,1.0015852023264036,3.3299641489707876,4.423920047024168,1.1124192684330283,4.217835870135124,1.0015852023264036,1.0015852023264036,1.0015852023264036,3.1294363192113313,1.0015852023264036,4.423920047024168,1.1519354581936208,2.712433372974818,1.0015852023264036,1.0015852023264036,1.0015852023264036,1.0015852023264036,1.0015852023264036,3.9939814166137357,4.7173884308469605,4.33366454464445,3.0123194580674637,2.986659229588162,4.423920047024168,4.423920047024168
2024-01-05 10:00:00,1.9081313755704246,0.8991652449597797,0.2689859115938223,7.226017331142806,1.4270599076486041,3.6464939924827355,7.551490086451594,1.4270599076486041,2.0040234374306727,2.0119235550695422,2.0119235550695422,0.2689859115938223,1.6120199064333245,7.8194427904273125,0.2689859115938223,0.2689859115938223,2.076605754160376,3.4211540324915783,2.2834003505892833,3.263107699694139,7.8117564332809755,4.473683065423542,0.2689859115938223,2.8781867852134897,2.861496068165838,3.642448893936018,3.5896657742313653,2.557830882544465,1.2410163623478596,0.8019646382973381,0.28813520441343676,4.094638845324042,0.2689859115938223,3.5582264116371047,4.09309815213262,3.271595204769544,7.8194427904273125,0.2689859115938223,3.914094623258864,3.198492374063509,4.836226591061031,2.1489442827836545,2.52254275258091,4.076829359138516,0.7405520871112999,0.2689859115938223,2.0119235550695422,3.599986784975873,3.30714096604916,2.5590891364355235,3.594561388961354,3.179116628231454,3.7002506789081315,0.2689859115938223,2.812513947375782,4.094638845324042,0.2689859115938223,3.990869712945133,3.642448893936018,0.3830638361730933,3.660561168960948,0.2689859115938223,0.2689859115938223,0.2689859115938223,2.459114341912298,0.2689859115938223,3.642448893936018,3.9304858229971273,4.057733256882803,0.2689859115938223,0.2689859115938223,0.2689859115938223,0.2689859115938223,0.2689859115938223,3.3489626880152925,4.094619242933033,3.914647643742253,3.9008727833531065,3.9787871043849883,3.642448893936018,3.642448893936018
2024-01-05 11:00:00,0.63457697286769,3.151811486968077,2.999404766152481,6.902355453931803,2.316748253931371,4.071796993918372,7.159727616055498,2.316748253931371,0.2992694701381672,0.27164498626150035,0.27164498626150035,2.999404766152481,2.4389653324027254,7.371614988022141,2.999404766152481,2.999404766152481,0.4212785164443924,3.186816911989218,2.0671304494000062,3.641644023745585,7.362218048821396,4.725908395611238,2.999404766152481,0.8752488026939435,0.8042178101988446,5.8524807771347245,3.9031030635425346,1.0003907790480173,1.4781423283817978,3.128303852016636,3.004035957259601,3.924625870269196,2.999404766152481,3.7693059880718973,3.9224135420569755,2.54948427245928,7.371614988022141,2.999404766152481,4.199317694617389,2.080641763782382,4.948361472637767,0.5886239307667582,1.452893524139502,3.9203187068234375,3.11345143612862,2.999404766152481,0.27164498626150035,3.8049959578446275,2.7007570245811117,1.3454363677732313,3.9239374214764617,1.6985943375884212,3.8292444383665116,2.999404766152481,2.1237027133505144,3.924625870269196,2.999404766152481,4.226853119515527,5.8524807771347245,3.026994122835619,5.752138871428929,2.999404766152481,2.999404766152481,2.999404766152481,3.529079851571394,2.999404766152481,5.8524807771347245,4.257324738477404,3.871632013379486,2.999404766152481,2.999404766152481,2.999404766152481,2.999404766152481,2.999404766152481,3.7442866368024514,3.924597722599759,4.6636019441646415,4.583054862579454,4.242768051068955,5.8524807771347245,5.8524807771347245
2024-01-05 12:00:00,1.4265512250011922,4.726545078497598,5.52504874872543,8.100766239087605,2.5797553602841825,4.692811006720179,8.41063894405587,2.5797553602841825,1.1966828381775918,1.1777450109775656,1.1777450109775656,5.52504874872543,4.070442935966792,8.665748558701623,5.52504874872543,5.52504874872543,1.1600687039947428,1.0016157397515373,2.8902622342481283,1.3034988873448725,8.655838050057858,5.480352548589559,5.52504874872543,1.7895595512729412,1.8137649277312482,6.651183106909623,0.7577514676425997,2.349350663638529,3.100572102882285,4.849708497319615,5.500784575355831,0.6775430517598446,5.52504874872543,0.8033457704535982,0.761870131713193,1.2190269090841566,8.665748558701623,5.52504874872543,1.3351460365158956,1.4774607537386388,3.0660500787692664,1.1403000805310424,1.0382033470669356,0.7001095488362492,4.927524675863873,5.52504874872543,1.1777450109775656,1.3043193751979194,1.1674773842306816,1.3032675774430134,0.7506517009162288,2.6826812012021546,1.1772744483695288,5.52504874872543,0.9589602179307093,0.6775430517598446,5.52504874872543,3.0696697963682906,6.651183106909623,5.3804999883242015,6.580372360952045,5.52504874872543,5.52504874872543,5.52504874872543,2.749925069980404,5.52504874872543,6.651183106909623,5.52095904506474,2.6975042773546383,5.52504874872543,5.52504874872543,5.52504874872543,5.52504874872543,5.52504874872543,1.6223933775109236,0.6786159534920365,3.2621756454906956,4.458843284358531,3.4886369470254706,6.651183106909623,6.651183106909623
2024-01-05 13:00:00,3.810450566830946,3.936419637816421,4.090831614667233,8.116334046994861,3.64271123445137,5.35490020701117,8.367420964293425,3.64271123445137,3.8438860779961046,3.8466406800600943,3.8466406800600943,4.090831614667233,2.483196532467374,8.574133868294398,4.090831614667233,4.090831614667233,3.6941167790099154,0.5150358219204049,1.9591685014275575,0.5213150794257123,8.567876945229829,5.993037657719492,4.090831614667233,1.7691590451646748,1.8077112219255338,4.721026522951435,0.12578664432978726,2.035828402272772,3.954647153263962,3.9602365690154797,4.086139489738638,3.153437128740247,4.090831614667233,0.19840520592437494,3.1280927301975296,0.8604652552792668,8.574133868294398,4.090831614667233,0.7359551018084319,1.2270649713859234,2.586708197444813,3.5235388651953556,2.642574753881926,3.157800962688777,3.9752844021163174,4.090831614667233,3.8466406800600943,3.2746410439554934,0.7783617442054933,3.1147363822051246,0.11447876559188042,4.796770516760889,3.2500735196824477,4.090831614667233,1.9588079920223644,3.153437128740247,4.090831614667233,3.0233019315156078,4.721026522951435,4.062879257430704,4.57743403555613,4.090831614667233,4.090831614667233,4.090831614667233,3.554187452320111,4.090831614667233,4.721026522951435,2.4394770486433734,2.546340305624443,4.090831614667233,4.090831614667233,4.090831614667233,4.090831614667233,4.090831614667233,3.336149133790556,3.153114669464853,3.6781815283947177,3.239228963267697,2.9407891698249586,4.721026522951435,4.721026522951435
2024-01-05 14:00:00,4.615014732418226,3.628141300013243,3.54268188853055,8.587451125941806,6.138360488516789,7.075700572361375,8.724908985958887,6.138360488516789,4.311365950025484,4.286349686371688,4.286349686371688,3.54268188853055,3.182706340129639,8.838074234581152,3.54268188853055,3.54268188853055,4.111674363630915,0.5411818810621875,2.46952629633397,0.5577442879839803,8.832049944502819,7.425049751183058,3.54268188853055,2.1925684754477066,2.243327212094286,4.799732868047184,0.028864272085469284,2.554381057959743,3.9574229135194074,3.6149598035703736,3.5452787481989447,4.061483491412951,3.54268188853055,0.12447564226821312,4.039436978941231,0.9961600583747703,8.838074234581152,3.54268188853055,0.6595386629487474,1.4537163170310543,2.5906569083874067,3.916322999399787,2.9074143011093763,4.059068324606235,3.6066315703133784,3.54268188853055,4.286349686371688,3.9944031037711247,0.8880605722626322,3.4220125048083263,0.013976043012199244,5.201153606652433,4.0080000164509615,3.54268188853055,2.1243424088691003,4.061483491412951,3.54268188853055,3.838788383910043,4.799732868047184,3.5581521392695565,4.705484379624527,3.54268188853055,3.54268188853055,3.54268188853055,3.8396879577820133,3.54268188853055,4.799732868047184,3.3024985714300183,3.533383853940588,3.54268188853055,3.54268188853055,3.54268188853055,3.54268188853055,3.54268188853055,3.9603614104651217,4.061202991466399,4.275915806580905,3.9088264647889948,3.7589405959180935,4.799732868047184,4.799732868047184
2024-01-05 15:00:00,4.622957953722699,3.441906483931324,3.1908484286960657,8.823889817605105,10.914970251805642,10.114651358103895,8.70652566732972,10.914970251805642,3.3687700154530704,3.2654430865981947,3.2654430865981947,3.1908484286960657,2.600796456537301,8.609903013349768,3.1908484286960657,3.1908484286960657,3.1323712733355698,0.4072908207448221,1.9685941171933776,0.4531069435895274,8.602829523605438,9.8163703466236,3.1908484286960657,1.6500718387634035,1.6882715861599475,2.463400768064682,0.021722524540499086,1.966376618719042,3.232449618053509,3.4031825937872004,3.198477343133396,4.7149558290725375,3.1908484286960657,0.09367723481330548,4.684479466669629,0.749684982536054,8.609903013349768,3.1908484286960657,0.6425114533802299,1.1152894743579123,2.523774312146543,2.9835479601527295,2.2149373299197195,4.707860682136197,3.3787163587784295,3.1908484286960657,3.2654430865981947,4.517890679973135,0.6683320305914119,2.66385483557514,0.010518018137183623,4.33957067076823,4.5578349575591615,3.1908484286960657,1.618374547150148,4.7149558290725375,3.1908484286960657,3.834204879955271,2.463400768064682,3.2362960979129713,2.4935341721370228,3.1908484286960657,3.1908484286960657,3.1908484286960657,4.063376858808667,3.1908484286960657,2.463400768064682,2.9440805371355534,3.9849285307822626,3.1908484286960657,3.1908484286960657,3.1908484286960657,3.1908484286960657,3.1908484286960657,4.417884827252617,4.7145680753161985,3.7449976519190757,3.314698501721597,3.6815916147710057,2.463400768064682,2.463400768064682
2024-01-05 16:00:00,1.8658981388234013,2.999566108278395,3.0939292495752206,7.66446290500218,10.514241019454383,9.423545879013353,7.504516027107956,10.514241019454383,0.14202240351815454,0.0,0.0,3.0939292495752206,0.7168442158256453,7.372836193004574,3.0939292495752206,3.0939292495752206,0.0,0.5003939293181617,1.0928618841522755,0.1545320638592176,7.3630781104456995,9.01704085674328,3.0939292495752206,2.031767533646246,2.0788036715467335,1.977836480168008,0.02674739309731849,1.8890696631599735,1.368455332408317,3.0141209406808387,3.0910618317968237,2.521075445547726,3.0939292495752206,0.11534671392129647,2.5259231557258595,0.9231026020784725,7.372836193004574,3.0939292495752206,0.5501957095865939,1.3382334581495685,2.1611596045528354,0.0,0.0,2.523742240493813,3.023316864663324,3.0939292495752206,0.0,2.5951447140749657,0.8229310321841103,0.22345927006719102,0.012951052958668321,1.481789897765571,2.5801311846093697,3.0939292495752206,0.0,2.521075445547726,3.0939292495752206,2.503350179725074,1.977836480168008,3.076847205233295,2.0172350273653947,3.0939292495752206,3.0939292495752206,3.0939292495752206,2.765979112866562,3.0939292495752206,1.977836480168008,2.6039534252689776,2.6371969405427906,3.0939292495752206,3.0939292495752206,3.0939292495752206,3.0939292495752206,3.0939292495752206,2.6327330973751266,2.521137123441116,2.326503378176259,2.416202517255529,2.5159909916005776,1.977836480168008,1.977836480168008
2024-01-05 17:00:00,2.8829642038913224,2.984686905292505,2.8462707950289095,8.12533270765027,8.231041195472631,8.190583402149526,8.119399704477722,8.231041195472631,1.816931059324481,1.7291053614967948,1.7291053614967948,2.8462707950289095,0.18369505420528587,8.114515227307665,2.8462707950289095,2.8462707950289095,1.6586416664715022,0.32037531325845203,0.5516111764153764,0.054229331570633574,8.106064021420037,8.175504673395716,2.8462707950289095,1.2988903572454338,1.328960128983231,2.2043845906755286,0.017099363190045458,1.1488769125535332,2.223231397154904,2.963337220881855,2.850476852711303,3.6865585833908,2.8462707950289095,0.07374009672427687,3.655986900426072,0.5901310306086709,8.114515227307665,2.8462707950289095,0.6055432870834423,0.8924373169582153,2.3785639692395804,1.5798372953905035,1.172845433522277,3.6826468083244444,2.949848224962024,2.8462707950289095,1.7291053614967948,3.577910440708046,0.5260922643368116,1.5183141971644971,0.00827948942269009,3.0124426803468527,3.599932962652488,2.8462707950289095,0.8569557123417713,3.6865585833908,2.8462707950289095,2.9389956945000018,2.2043845906755286,2.8713275078583615,2.1965468282022984,2.8462707950289095,2.8462707950289095,2.8462707950289095,3.327322842044157,2.8462707950289095,2.2043845906755286,2.0813897312993124,2.9542479872680447,2.8462707950289095,2.8462707950289095,2.8462707950289095,2.8462707950289095,2.8462707950289095,3.5227741053126462,3.686169616861578,3.014062599589886,2.5641102366453765,2.7959267607339857,2.2043845906755286,2.2043845906755286
2024-01-05 18:00:00,1.786635868511493,3.6088542812164945,3.7524166236295224,7.30376179180318,3.032986974371384,4.6675399648894516,7.543463646053964,3.032986974371384,1.5382004793602744,1.5177329999685674,1.5177329999685674,3.7524166236295224,2.0964119019857765,7.740803543009564,3.7524166236295224,3.7524166236295224,1.4558830528103266,0.1889279011049278,1.3897828984401963,0.35461910160159105,7.732567196162972,5.276742275576822,3.7524166236295224,0.7654069712527757,0.7831264136858529,1.5716005043820582,0.010076271424017383,1.1026813578846582,2.5061410967161675,3.6309977347345486,3.7480541871179134,2.880887413853549,3.7524166236295224,0.04345338602198164,2.8354613584109254,0.3477509878034394,7.740803543009564,3.7524166236295224,0.5776551637153572,0.5580123392730447,2.2690198840718176,1.3867120252982348,1.0294723837871231,2.884944626489054,3.6449882438404826,3.7524166236295224,1.5177329999685674,2.993575032604408,0.3100143783494618,1.3514475586550538,0.004878917521552717,2.7684434216255562,2.9707337258362485,3.7524166236295224,0.7521982136512437,2.880887413853549,3.7524166236295224,1.9264574669949042,1.5716005043820582,3.726428316487266,1.516170969752509,3.7524166236295224,3.7524166236295224,3.7524166236295224,3.2534793354730116,3.7524166236295224,1.5716005043820582,0.6927576724072091,1.792756878839378,3.7524166236295224,3.7524166236295224,3.7524166236295224,3.7524166236295224,3.7524166236295224,3.050761305548793,2.8803094536822966,2.2272702959817545,1.5376346291284835,1.725400336103537,1.5716005043820582,1.5716005043820582
2024-01-05 19:00:00,0.7892137078974056,3.269276233120276,3.3357820910916467,7.335269722017866,0.6327330706388166,3.197993894705558,7.711456838454393,0.6327330706388166,0.820405021347677,0.82297473400989,0.82297473400989,3.3357820910916467,2.7295610146184246,8.021161271178302,3.3357820910916467,3.3357820910916467,0.7894372515856868,0.2861315570397332,1.8668481482252295,0.46480808714071464,8.011634340609776,4.1540735266310636,3.3357820910916467,1.1608664189376354,1.1877408876260904,2.483475716887566,0.015282334187650981,1.5760531996562503,1.9343978952167888,3.279534280947543,3.333761174058853,2.9320425249280757,3.3357820910916467,0.06590425553544317,2.9032468453806297,0.5274219585858522,8.021161271178302,3.3357820910916467,0.5985767758534702,0.8059503697305005,2.351199628892049,0.7519299904474408,0.5582205573940089,2.9339220457185644,3.2860154430399637,3.3357820910916467,0.82297473400989,2.984245537513474,0.4701881413814101,0.8487014329374462,0.007399686342373964,2.2696636083847874,2.973664206237663,3.3357820910916467,0.4078715589732629,2.9320425249280757,3.3357820910916467,2.3938047669268467,2.483475716887566,3.3237428986776165,2.4296403892089318,3.3357820910916467,3.3357820910916467,3.3357820910916467,3.1046472972103047,3.3357820910916467,2.483475716887566,1.62910085253959,2.242274111475684,3.3357820910916467,3.3357820910916467,3.3357820910916467,3.3357820910916467,3.3357820910916467,3.0107373185921746,2.9316761546650096,2.6653221823586586,2.2191676576175356,2.2712770154850492,2.483475716887566,2.483475716887566
2024-01-05 20:00:00,0.963482663717654,3.168052567383117,3.56710894114819,6.488007525116557,0.11436259514070515,2.55374674114379,6.845735238086925,0.11436259514070515,1.1327379190636047,1.14668210174453,1.14668210174453,3.56710894114819,1.6009896111606554,7.140242555255516,3.56710894114819,3.56710894114819,1.0999530476871506,0.23529679404045498,1.1903087663786507,0.27776315798993034,7.132309969179284,3.4629117954551893,3.56710894114819,0.9540968022792743,0.9761844811201134,0.7231552692537898,0.012560296294163326,1.1577933987314566,2.2172450486965007,3.2296041282940386,3.5549827939577625,1.1445426870886648,3.56710894114819,0.05416561150981189,1.165136266367203,0.4334793357181841,7.140242555255516,3.56710894114819,0.5328384784998527,0.6683430214872146,2.0929806892724176,1.0476927494600996,0.777790004403553,1.1558204116973954,3.268493169369162,3.56710894114819,1.14668210174453,1.4577774236574248,0.3864398132665244,1.060204761059373,0.0060816791337538895,2.3512656702885306,1.394286058876445,3.56710894114819,0.5683030075619048,1.1445426870886648,3.56710894114819,1.3995218182197067,0.7231552692537898,3.4948699442485363,0.798043105788514,3.56710894114819,3.56710894114819,3.56710894114819,2.1802264091322705,3.56710894114819,0.7231552692537898,1.9126634062468255,1.637838929077272,3.56710894114819,3.56710894114819,3.56710894114819,3.56710894114819,3.56710894114819,1.6167365652174817,1.1448047012232963,1.048045978036468,1.3846188681598226,1.4775692903643032,0.7231552692537898,0.7231552692537898
2024-01-05 21:00:00,0.08966864860593504,2.8028982309631605,2.8185719762093,6.412112894252811,0.5052782698663675,2.7660001792440476,6.743640374100038,0.5052782698663675,0.006825108364848965,0.0,0.0,2.8185719762093,0.6601728107789326,7.016577765074715,2.8185719762093,2.8185719762093,0.0,0.023442010812896628,0.38675840903441994,0.10892997274076029,7.007291197013251,3.6085773358145037,2.8185719762093,0.09518244267656614,0.09738594993086587,0.6046781779473468,0.0012530381394884348,0.2226530312924585,1.2466638825531715,2.8053157928632944,2.818095697281371,2.723420792556292,2.8185719762093,0.0054036605093502,2.6727559951534587,0.04324469165487769,7.016577765074715,2.8185719762093,0.523610030287622,0.13510350904668536,2.056731498045597,0.0,0.0,2.7238637479733567,2.8068432385144617,2.8185719762093,0.0,2.735723719626217,0.03855194282835182,0.21266162772488248,0.0006067194378420701,1.4101892103664417,2.73322996801033,2.8185719762093,0.0,2.723420792556292,2.8185719762093,1.5436323435543404,0.6046781779473468,2.8157346436701425,0.5751384615886602,2.8185719762093,2.8185719762093,2.8185719762093,2.7640993630092017,2.8185719762093,0.6046781779473468,0.13771762374988447,1.5098020319759835,2.8185719762093,2.8185719762093,2.8185719762093,2.8185719762093,2.8185719762093,2.7419671610373904,2.7227761793558263,1.7395833983781992,0.9859417363740846,1.3108892917518373,0.6046781779473468,0.6046781779473468
2024-01-05 22:00:00,0.7199017187067723,2.179907493281405,2.055476581846221,5.548529870964305,0.5126165195273563,2.4400108637534155,5.831175952714784,0.5126165195273563,0.7612199145837656,0.7646239357479973,0.7646239357479973,2.055476581846221,1.2111300811026111,6.063870642632317,2.055476581846221,2.055476581846221,0.7334643378326069,0.10148226345413175,0.7920843657113698,0.2042863875245779,6.05685699340535,3.1583559372503203,2.055476581846221,0.4111937315466757,0.4207130120453338,0.994729175379339,0.005413198210276711,0.6105605185484133,1.335572410781493,2.160714924692303,2.0592576705502204,2.8108639076033746,2.055476581846221,0.02334413013964562,2.7690474135354632,0.1868196027662195,6.063870642632317,2.055476581846221,0.45251454443405853,0.32045784661654697,1.7774696110195645,0.6986164276289518,0.5186414381524846,2.8073473679758045,2.1485888213546667,2.055476581846221,0.7646239357479973,2.7131932867919,0.16654665276694902,0.7464410851347224,0.002621063534752127,1.829664583671122,2.732990711184405,2.055476581846221,0.37895252893396825,2.8108639076033746,2.055476581846221,1.825314358185765,0.994729175379339,2.0780016304767663,0.9736536621207239,2.055476581846221,2.055476581846221,2.055476581846221,2.4879243983892287,2.055476581846221,0.994729175379339,0.661868867899777,1.8091963927999963,2.055476581846221,2.055476581846221,2.055476581846221,2.055476581846221,2.055476581846221,2.6636277813505145,2.810331872236509,1.9727553751837956,1.3523223668460722,1.632348292632061,0.994729175379339,0.994729175379339
2024-01-05 23:00:00,0.050477968226149444,1.1486578519060981,0.9259176537114893,4.74148035499364,0.0,1.814706048678552,5.007601066473599,0.0,0.060539750673218595,0.06136869587938597,0.06136869587938597,0.9259176537114893,0.3404125754973122,5.226690876793805,0.9259176537114893,0.9259176537114893,0.058867827414782,0.3688296845295387,0.70484312790963,0.08339693306503411,5.219854479108425,2.4910518903162284,0.9259176537114893,1.4975035891074766,1.5321713274964874,0.6900869751399814,0.019714025595546747,1.352091521569172,0.4437616131174991,1.1143017865032747,0.93268607192531,2.278114794375271,0.9259176537114893,0.08501568965368132,2.2363565390289852,0.6803679243984051,5.226690876793805,0.9259176537114893,0.3900402532306146,0.9840865460020772,1.5320716333192248,0.056070935108202304,0.041626147443698525,2.271819937859555,1.0925951974443298,0.9259176537114893,0.06136869587938597,2.1032774232878575,0.6065369949445162,0.20357156007091465,0.009545505559645178,1.0994932419862884,2.138716223679722,0.9259176537114893,0.030414719463526578,2.278114794375271,0.9259176537114893,1.333433873308793,0.6900869751399814,0.9662390958551029,0.6579815074410033,0.9259176537114893,0.9259176537114893,0.9259176537114893,1.7000300607864014,0.9259176537114893,0.6900869751399814,0.18186529797385534,1.2778423232468048,0.9259176537114893,0.9259176537114893,0.9259176537114893,0.9259176537114893,0.9259176537114893,2.0145516365979397,2.277583499985389,1.5284778713073983,0.9035900348304088,1.1436481906666451,0.6900869751399814,0.6900869751399814
