Timestamp,222,231,236,216,217,218,219,220,223,225,226,227,207,214,229,230,112,114,206,210,212,215,237,105,108,316,205,209,221,234,235,238,239,421,104,307,317,204,208,213,228,416,419,436,103,107,110,111,113,306,308,309,312,313,203,224,233,414,427,429,430,102,106,109,304,310,314,202,211,232,240,413,417,101,303,305,311,201,412,415,302,315,318,406,411,426,433,434,437,438,301,405,410,418,420,423,404,409,432,435,403,408,428,623,402,407,422,424,425,431,620,509,512,515,401,615,624,506,507,516,612,613,505,514,611,627,629,504,508,511,610,622,503,513,609,618,502,510,517,608,631,501,607,606,625,605,616,604,614,626,630,603,619,602,617,621,628,601
2024-01-01 00:00:00,1.7964890565407408,2.695095339344208,2.7803081750530745,0.0,0.6236543944646047,2.7844385923530424,0.0,0.8696281424202731,3.5471637728085836,0.17524812755832242,0.5911456935222855,4.077367534060436,1.5637633354256422,2.8543978872634965,0.0,2.4285115621728943,0.8654489320537323,1.7534331479636117e-06,2.5355945154722344,3.493325564949309,2.2371882929125255,1.7815822397996777,2.0570347724680165,0.0,0.0,1.0469205020461398,3.6050035964801297,2.88996986388435,0.0,0.3288184812239581,0.3984034564912085,3.036740772313646,2.5507053636714843,3.612810847958739,0.31684129166135844,0.006891808306916493,2.473355880852567,3.430699789517807,1.923868836901436,0.28448117689149915,0.1310761908893499,6.648648101905342,1.3628189539546078,4.954308631496819,0.014184619027039103,0.0,0.0,3.3650038465401853,1.0579401782172442,0.3233471739238544,3.1627974721149337,1.0669821719088644,1.3349364882860852,1.213375729539965,3.607201132750992,1.0600392689791271,3.306232701362773,0.3483127502365936,1.5374437766205213,7.892668383543133,6.656679915687815,0.18300865676377995,3.1858753947913896,1.8763339209188938,1.504729563626881,2.3522066546361238,2.7243322172118707,3.3461349951728123,1.8300537640474726,0.715395358452632,1.1353055287574119,3.4442884426027374,3.477129734294332,1.93371731397324,1.7776484428724544,2.159415782666103,2.641243748779626,0.5364725623801644,0.20635341077804287,0.8060330492701644,3.3367821217760345,2.764699188242885,1.6150058071839926,0.9866061414118797,0.5786460170326246,6.357282401970062,0.18887841070951636,0.1971299046810388,0.19241784206917203,0.8430755257735034,2.7355357915181284,0.41109855096470027,0.4176317613827717,0.43417474281765284,0.3115558737801422,1.216581405155179,0.30756189777498794,0.2806675268001481,0.12414112989729188,0.007126374485396743,1.0392732621642455,0.0,0.5597715388542045,9.051995912711874,1.4532477311310368,1.4242876681916568,1.485414903337902,0.7103967350728931,1.5673368361979705,1.6643430016323832,9.628589783084717,9.373802839195662,9.035200255345753,3.0089336419183503,1.6448319452725886,9.627474403188192,7.629102487079396,5.192647575999255,7.439139255851165,1.63354919827295,2.0723804513329727,0.7155332435558187,1.6731368802423408,2.4154976299009245,3.746147482238222,4.016066563087944,5.74013869736533,2.2387458547038346,0.9075277024171942,0.8811795796783205,5.197431173352477,3.8624949710751935,0.8604867612588118,0.9835889085872184,6.099951553072214,3.9279077490960743,3.9725566375543613,3.0837136772804103,8.13313855054898,5.8160109757467024,5.733690191888645,3.4614154384174514,8.13313855054898,4.950193071972674,0.8383080306700754,0.938863008235019,0.9678134713136841,1.0474769935390245,1.3844093392147583,1.683564735663448,1.9826167174505709,2.4820716820872533,2.0806202858281124,0.1278079363077095,1.5890182044783807,3.245812909941621,3.821243322848336,1.9519726501697188
2024-01-01 01:00:00,2.1389239940046916,2.3865507984922214,1.444002260184679,0.0,0.7422209543011977,0.4819390780148799,0.0,1.0282598612439817,4.242864763629276,0.09548485744193996,0.707086391793798,4.877056754820598,1.835204318365399,0.7054011898350088,0.0,2.8715043133257865,1.3264495071488958,0.21694910974079004,1.690763508475078,2.7462469178937545,2.6452811396427336,1.2191198712654143,2.4322652252550863,0.24040785832256995,0.15057498118537338,1.1090330625385223,3.1166726229233195,3.4265214146209817,0.0,0.2689172093043587,0.3444606886991044,3.4073495096162185,1.8575514340844805,3.632474035230482,0.20675610365644534,0.007300691177706227,2.4619363171173894,2.8928136936833266,1.5337426753090169,0.2593842121120897,0.11267761224951917,7.559257518181334,1.4734296522572157,5.462129674755227,0.013410439336966678,0.0,0.0,3.5976405914666554,0.7950000965492523,0.25931746916380194,3.2855623941762313,0.8556967209723034,1.377652165669051,1.1033823557556943,3.2819111042733713,0.7022159367306151,2.56756835306996,0.41179517974350643,2.498666581457584,9.333258503851251,7.883934104596928,0.19802202259010368,3.418237410177206,1.5388697841087087,1.206760700829766,3.1051959012826953,3.373001868180583,3.05187838138337,1.3791114135144604,0.739002734257505,1.0845632606019926,4.076218369972452,2.878718116063118,2.0488741641841486,1.5808109056385327,2.3170985647582536,3.623064435473612,0.4927280955286094,0.24396275997450495,2.2224588853319016,3.625776837986483,3.357643677976827,1.7780647065967772,1.2649970007806235,0.6891293726258132,7.590403364350824,0.3136902565533192,2.084219517091134,1.3839508963339218,0.25873132171808394,2.9702285838023377,0.3775771964789997,0.49863972153843594,0.44625466555923576,0.7248498367579201,0.37389018256696377,0.0943876247011627,0.3351085581832395,0.038097652744021965,0.008365552269759328,0.31894241562678144,0.0,0.17178820364288874,8.389559668054682,0.44598697834854995,1.6395033951836349,0.5005699936812428,0.21801354753002342,0.6395796053632621,0.8041849670413475,8.888087678849308,3.8852608984096464,2.3665850917949895,0.7881283533202522,0.785111648979814,10.675540070768543,9.108918170279734,1.3601271187723254,2.0300297765304918,2.562011644668885,2.4324795426095625,0.8429453246403489,2.62409982805403,3.563376810662561,4.397550625091301,2.091809573878667,6.562479441213353,3.480284078079538,0.6610424966042474,0.6889320772639635,6.023335606439885,4.534129330198003,0.6212517208180821,1.1244993076860295,7.03015451780211,4.607101446325302,4.217267867904229,4.572740469124806,9.298303986106713,6.713400736526603,6.367661936779966,3.6525602191438806,9.298303986106713,5.39654449739467,0.761216440923137,0.6156943881694392,0.5737975978026318,1.753376188580127,1.4283413532243234,2.1716784386985823,2.4590163924311756,2.6594993107079166,2.5324207986630536,0.1285114692934201,1.5977651317353363,3.520570551313936,2.6325323199507085,1.8484104315870513
2024-01-01 02:00:00,1.7106057549664921,1.0288020288528834,0.984379892043288,0.0,0.5622013867961779,0.17507915861003456,0.0,0.10106182641909237,5.3720734648815185,0.014461981352123203,0.8952724761100063,6.175051206883608,2.2772350534732957,0.35719636353659223,0.0,0.2822238632595503,2.2460516958111985,1.5354890022269996,1.2120994591794065,2.0204452993541095,0.259989671327684,0.8778409091398053,0.2390535459611794,1.7015377556736404,1.1337403565387434,0.8628891043068494,2.3232628344061643,0.40225907913178705,2.57411023804606,3.39010115657118,0.6935623560568992,0.6575694465770363,2.2465508305845616,4.885441616543444,0.352781937239377,0.005680341807603255,1.6857116317816745,2.526471786651215,1.8871989375587828,3.321872765987866,3.6312327057260236,8.660552029923055,1.7440398761924316,6.642352673289219,0.04494981855671795,0.8868402832354781,0.15132673033365004,3.6862082771078106,1.0467794614654913,0.31166309857556423,2.5222614925249403,1.0284270178910304,1.1200746110869986,1.0988348227567002,4.8684845984168055,1.1457839965243308,3.6162717842023433,0.4574713222939947,2.117095376609522,10.33622199095177,8.54241766330661,0.8111049756912734,3.3232221281609586,1.8285956550256306,1.4503565088484383,2.959488609001096,1.3240687936782698,4.241701080221823,1.9735473444529639,3.615442748753007,3.6584091776247165,4.463920960657991,0.5087508954350954,2.373468985799446,1.6878752976355118,1.2639269913026852,3.468250355857347,1.700858266615683,0.27102300339101804,2.837369491827973,2.8177726967600742,0.9819843751133833,2.3247575669896587,3.590176486463341,0.6882531921438124,7.285770873315713,0.626669077429163,3.2268396887343926,2.31181291728085,1.2369883151295638,3.1552088254795883,1.3033665052688113,0.47862736472289014,0.9716676623358986,1.374570195253529,1.7857832105696647,0.45126499595356945,0.32165934475592706,0.18214397454966139,0.01058501965043366,1.5248561276218688,0.0,0.8213153288603121,9.573268427844786,2.1322531700209626,2.114860265645439,2.1803831852467783,1.0423176020738176,2.3029585813843916,2.4481037060267066,10.040740888138915,8.154761499678095,7.145019998364581,2.3794592745787324,2.419203297975677,10.721268775454835,8.743341757584751,4.106330141364611,5.913922109894424,0.6268484591736008,3.078163980248467,1.0122793866424837,0.6420396009347445,0.8423342055814684,5.564266204950436,3.812255629482566,5.509837362150002,0.8474689435599477,0.24119014356418678,0.3033196275936943,6.384050946039505,5.737080650520426,0.24199073330540202,0.9441261271295865,6.821453029961702,5.7687826331730045,3.2905869967531682,1.5406704259748683,7.806827155226353,6.683842619135504,5.201689316107919,3.2640753801009734,7.806827155226353,4.328203738956213,0.4439170769715355,0.14941694823559845,0.06462835487009007,1.9235720658915805,1.1994643825504512,2.3304545494625675,2.51176148092413,2.5919934140052834,2.5724274029300966,0.12234778395948778,1.521132893665907,4.143348537497107,2.8333875547548306,2.0329636223825833
2024-01-01 03:00:00,2.62785751052333,1.4217448797127705,1.4332328682555993,0.0,0.8764438020033487,1.3497806796221146,0.0,0.44895521375180103,7.44689206570438,0.08698653426434716,1.2410473428129416,8.559998320662206,3.121630560590335,1.4024533937969441,0.0,1.2537461408040957,3.745067723889322,2.3605296750920317,1.3402673116517438,1.8835053396207073,1.1549733722418627,0.9444746468712661,1.0619671109056052,2.615798193587874,1.821971067246064,1.0457523120642012,1.969283773274994,1.5940689452375947,2.8187683919691793,3.6743702421052338,0.695955483269338,1.584985330534008,2.161952596781917,4.579635279440743,0.3990101936595844,0.00883696717405995,2.094917278074895,2.281753157561761,2.047755888544387,3.674021976118583,3.9754372550591452,8.496736555883222,1.6507058830671317,6.494449918131179,0.10197177113543407,2.3941701697460496,0.40853122089609617,5.863291051810514,1.1141287811576182,0.052034011340175705,2.973085673941762,0.02851237207533416,1.2059241772477989,0.510792381330821,5.768454178325963,1.155568623573289,3.947893245862435,0.46015300489073835,1.929232955540522,10.434952376357337,8.847722059687399,1.972181745316951,5.1256630870162265,2.067974786025486,0.006241744139199007,4.752214038149565,1.622845208388907,5.556887412067282,2.113448262739375,5.7146252756410085,8.039274593489084,4.566219928961557,0.11605467177969596,4.02047227118761,0.7142435573130591,2.244038680713377,5.200679119220496,3.775191437147762,0.2726117317682775,3.1506470064695486,3.690784375898927,1.045586680605398,4.7573352256184736,7.26823558079345,0.7836437131563074,8.688651081272972,1.1287559533861793,3.234567141251361,2.7977789239246413,1.5792560898078638,5.498101443794114,2.8929265693293775,0.5704342680188076,2.089461673871113,1.495890580681635,2.2796660503222492,0.5761275060242994,0.3879156997703195,0.23254219745740468,0.30492590476839165,1.946775322105967,0.18835819833297054,1.2290518139745112,10.722822628862634,2.722235741907574,2.568499025732339,2.77207675804924,1.3307210750948713,2.899009655718241,3.049314625833887,11.26084909482141,7.4652417511486995,6.2721006654158975,2.0769137467441796,3.0178539878962383,12.55600254757982,10.478603022507366,3.7333249503782495,5.324512639942609,2.9713665861635694,3.599550852076901,1.3889578315975772,3.168780466917082,4.005605388113606,6.269609605680212,3.881683360711621,4.622695953379954,3.9895757774651344,0.23350927638635258,0.23871218928086144,6.42674262245886,6.455213257092864,0.3257845709553972,0.9087034605109086,6.407494265917993,6.453818176713554,2.797493530288382,4.9284258859875205,6.364131801068348,6.413549962378253,4.30687264239219,2.894253068198652,6.364131801068348,3.621527864364412,0.25402525139426063,0.22422182478773367,0.21564121522981594,1.1028222209163354,1.1173086300995403,1.9461458579904665,2.2741599816760987,2.9312597989698546,2.3962509249696975,0.1526323725366034,1.8976569496393536,4.450389442865753,4.271407102702966,3.013006227741919
2024-01-01 04:00:00,0.6880928457461323,1.6609692040743997,1.721201425329026,0.0,0.23216296521538138,0.5530330740977886,0.0,0.17890942995074535,1.7816166710732109,0.0352663143554178,0.29691186820464655,2.047919531784964,0.8364431041734663,0.8128205923466962,0.4215639871766283,0.4996200077057416,5.405030081735823,3.7408819266320754,1.9600873752069927,3.1854207727657764,0.46025888842960944,1.61091807249426,0.42319573226651186,4.145423418443616,2.8025885710829126,0.9531368508479853,3.6171042155858806,0.7563445559877623,3.2704635312682457,4.083658483230145,1.2581942394404224,1.0847487266288294,2.6822702253744053,4.536900619745979,0.4523817013140654,0.047933316598694785,2.6789141184274516,3.473468493713196,2.373379334157632,3.7958075267667137,4.358576912278628,9.70549550506221,1.845741723246273,7.020769169395193,0.2922483064490171,2.691854360992172,0.622765637502522,6.861827950325855,1.2206559162273396,1.3431215315783493,2.99305610304064,1.377464025461866,1.4890401178525519,1.1453353797560917,2.0803031998725525,1.358950950604994,2.460636338151886,0.5370985052437781,2.1103488464273514,12.11725659481112,10.0339283851925,2.2244227802216074,5.782561844623556,2.2200986740392157,1.2442382630112037,5.071801341429299,1.4331640315489655,2.5992054414350516,1.4865881526876077,7.596308428818655,12.124054872669955,5.213004423280979,0.1278699400648014,4.992922757374284,1.6511332704859503,2.9540425023064323,5.195064078482116,5.706138674410998,0.5867259059087486,3.75726579932467,3.8221167727822003,0.8248191408579474,6.924066390672957,10.751693079611435,1.5775464282705305,7.934417310887072,1.6110398185443542,3.656893595465492,3.444564882293813,2.7585302068465505,7.049096108641452,4.372610092576712,0.9401306786647636,3.1163072589996017,1.9879880234856049,3.981430020313093,1.0063378185589593,0.41756598774179426,0.4061878755400394,0.07926105642864953,3.400486195133868,0.04494567256667907,1.87463043505293,9.738882252928072,4.755004316698871,1.9836249244094653,4.759122548374922,2.3244072359303813,4.769610678842155,4.782029981996783,10.304068062314899,7.3124603083746536,6.0046954218928335,1.9395843392230585,4.74827501124297,11.453994834200639,9.508281091476219,4.104091819203857,5.5106457758432175,4.234800248113362,2.749782022315631,0.9850527000598558,4.974042498704907,5.8010837994571816,4.913037307955621,4.453335115711916,4.435930139875932,5.591548575927122,1.3417696995314001,1.3547065656094568,5.150660320487577,5.063450400649542,0.9437198074526241,1.3519815373068642,5.209620988295731,5.0677237457860755,2.9481712289534943,6.60140690273647,5.342446867737161,5.1910714614006785,3.962019188687698,3.3741736234089963,5.342446867737161,3.526058124929841,1.4054101647979105,1.3129600650563888,1.2863430515181262,2.2587096282068932,2.0802102686884125,2.691964117856875,3.061396496323594,3.245543316392217,3.1452615802505157,0.15530534902516221,1.9308896926376962,4.548290747699426,4.5348661900151015,3.2713449202950526
2024-01-01 05:00:00,0.17912947307736615,1.1538880376408538,1.5260101603596232,0.0,0.0605442633156638,0.17384693957294517,0.0,0.049007615041032244,0.4571300616964522,0.01054915197765115,0.07618212314382951,0.5254584766263454,0.26776249991560586,0.39608102128991574,3.104953322063069,0.13685799016396977,1.7552927904976632,1.2213346478326323,1.4487823547140626,2.4257113358293645,0.12607602868994408,2.5045192616169234,0.11592353482784408,1.3534106204835104,1.0282075108458246,1.360051140251914,2.79908554440126,0.21568446464559837,4.5914127413389245,4.77059900886901,3.323515252707903,0.585846463266603,0.9370994876026699,5.354648614023278,0.17016044113268908,0.10382363548980361,3.5233288328545807,2.7054087242849567,1.1404658217602095,5.081793623413366,5.149264134085723,9.759979213872668,1.928473023176707,7.457924652780269,1.5161008668025016,2.381230110195078,1.7011046777947905,4.4867993016413825,0.48215060410550187,2.9516383731964893,4.223924498816413,2.7835928953961213,2.420299869436209,2.351858978479572,6.586667325843046,0.29373220171531916,2.9063603457045843,0.5226359894527214,2.664291127326533,11.811776955540806,9.821870854604464,2.232554843127078,4.033580160082446,1.1604607791042978,2.4835283467381517,4.675881358808169,2.0707565173303015,5.35851652389693,1.385603773365803,3.7309593334724815,2.0469325535018856,5.10887267596127,0.15678771616201737,2.5673844344361534,2.6965216145927675,3.219733791511632,4.802570791948507,0.9265259895627823,0.39760306949922786,3.5058206396019727,4.1453749965982505,1.6364213933704175,1.657358686781599,2.4204556463268885,1.060264197166998,8.445010205374428,0.523074425228028,4.43049890070183,2.8191673639344397,1.8640827453321511,3.2014712022570206,0.7099962205904569,0.6920176777564518,0.5921468978861416,1.9225089582017933,2.690976655499763,0.6800349544460523,0.39486852179596804,0.2744823342075623,0.03496669350332781,2.2978858909562163,0.014350716061866522,1.2514339874627072,9.870103666150637,3.2132044371814,2.5568183224308707,3.2617894504656126,1.5707232100881068,3.385523615554123,3.532040872525677,10.292050034498523,5.684443996746114,4.2895042380915,2.1496734027208957,3.495652560450642,11.996442604938558,10.12997839025217,3.8967212677854026,4.545459484767724,5.7525282434577765,3.686919991529413,1.221009248912712,6.4319526437459675,6.910932569415377,6.646382158580961,5.300986041096348,4.658452759292005,6.688445786556572,1.4384114206969114,1.449456907644155,6.23706463160531,6.852110226129103,0.9921718139712619,1.875551982188849,5.821246120902229,6.821972575446865,2.81120593608098,7.814959562666399,4.884495208380796,5.9520661562662305,3.689279405477112,4.033486391093174,4.884495208380796,3.3175833919392206,1.4976055428157506,1.4116146175281836,1.3868572443187857,2.405441040094409,2.2537447030458773,2.9844574239842845,3.3335568522088583,3.5833651963519624,3.430541916861197,0.17264225043685574,2.1464369641788155,5.650550443550626,3.3484542957361243,3.753439668206956
2024-01-01 06:00:00,0.7346196254336453,2.6570241872511904,2.1843032582030997,0.0,0.319603287765671,0.03908111986176217,0.0,0.8753168220852199,0.1124517650550919,0.11559136619662545,0.018740430636689592,0.12926022178569596,0.1919483403885383,0.41591940399371263,3.7360447015414104,2.335268054352603,7.458194413764267,4.742125136100871,2.2750637301020435,3.857526556434501,2.151290705544645,3.394722589517056,1.9780542393378313,5.254940381421379,3.4663997448794626,1.5049677128866659,4.489204045734104,2.9840992183580006,6.220623092842655,6.673364003798765,4.241029474515931,3.082924494685307,2.350551339300322,1.7461612039670276,0.33636631980404774,0.1735322301005172,3.999338458992227,4.133016422789517,2.4676956322982315,6.51678269036811,7.079630758282302,9.190868378737399,1.238382104765258,5.942760375411723,0.27132094083148806,2.2860133818168134,0.5468395720978545,5.540385761886023,1.0174260485333706,4.848386335862882,4.724792977336147,4.001162086611973,3.109892294790873,2.2877291306055576,3.1170223746455443,1.0691463566512027,2.152036531395227,0.6097384891122088,2.369198753578997,13.777996155582551,11.395166947452525,1.971149614380559,5.118550794580566,2.0250522300268363,2.821770467282108,5.442554915558029,2.573810427664755,2.0070602048525785,1.239202977000329,5.149362868283152,3.4156396253318286,5.9525335565707795,0.6780164182493401,3.3369533434123633,2.744312330027641,3.7908303447750935,5.607432382439652,1.582735697734635,0.3612317287423149,3.0852781645476712,4.784830061051911,2.095677419078145,2.584134482154406,3.438875777708267,0.9207160722727217,9.770686078308692,0.6390801954579151,3.6878206429261993,2.477486805311342,2.4962675924354736,4.327447611840683,1.2128492629931187,0.6412301288769648,0.9671471142423075,1.8829403047162507,3.6030021100182528,0.910661945001018,0.4391948367443713,0.36757024724044196,0.5447082855037508,3.0771906961064786,0.3413071547199144,1.9844684536771,11.044701285128513,4.302930288095431,3.115915768494022,4.345055560330848,2.1034181319727328,4.4523383423419265,4.579375033697916,11.544051965974361,5.579891812378561,3.760456507501707,1.6381347224171283,4.54084649012295,13.76422457189875,11.819108001883299,3.5665706747257966,4.188527325194684,2.096598513920307,4.248287116619948,1.7550516609469051,3.0007122315474737,2.3814726399960255,7.249386200243242,5.3908371480501796,4.589008405162046,2.0617292693232057,1.7371116732917682,1.7304863433387978,6.591211522000563,7.458016324642157,1.207274305094417,1.9271300056472178,6.005184265950098,7.415542302253744,2.925139171662158,2.6152824360928633,4.6849891502023615,6.18955341832661,3.67077060749929,4.054549849232155,4.6849891502023615,3.3674081675748284,1.7447401526318047,1.7336583091394753,1.730467770902211,2.6864510789290317,2.7704443668267285,3.0883047626747064,4.1176830419908566,4.887548331666517,4.267022147556808,1.3389551811053457,3.546590459438346,1.9484213313647487,3.740392394406939,3.1539776546501868
2024-01-01 07:00:00,2.4857661939533355,3.1160521955692424,3.3514029645370966,0.0,1.0514012633830132,2.2083179236018866,0.0,1.2127477666480215,5.275462966906319,0.3977013200327507,0.8791720410906604,6.06400008741934,2.3755914932628355,2.386321419174704,5.073917782526679,2.897632703901324,10.227879061962105,6.580921851157298,2.7957853240414274,4.012000468568641,2.6693510804322833,4.317707558921302,2.4543968917456573,7.292585558601506,4.725954749381598,1.3330180192553236,4.312345867655902,3.7328482324415693,7.005742655300542,7.193261159508337,5.317634458382857,3.623808931562147,3.3990743387882665,1.2578593606317987,0.5270786767862448,0.2733376000277812,4.029218845351157,4.524008144718348,3.7371989743857954,7.615111015018682,7.714972039542261,9.98084679339664,1.210889440786453,6.290168857701403,1.0998051517643703,2.0844729541706255,1.2711279696594169,5.772007695696191,1.5515177341074897,7.75488486537523,4.426189365688877,6.190963997699907,3.737286528663221,3.2476326509080575,9.255760108870787,1.7957198790707964,5.903067668860987,0.6884975269173319,2.4114000221302345,15.493231160256514,12.512976756656455,2.0216351093691673,5.3698496395609485,2.8462176787977596,4.276196264742308,4.922877515123876,2.6241755105486093,7.2719470376675295,3.1346531665278907,4.803948160799954,1.5340042616540428,6.5966437717467405,0.686146154543034,3.2224382339010567,3.904125864096255,3.85896892807431,4.997091943433706,0.6912524502301133,0.5350329212806155,2.961894363145043,5.583194549403264,2.264889092395193,1.6061361058935004,1.8671039550636235,1.2701131955973421,8.9096427640154,0.43021235611911135,3.5328728771965214,2.30105036464349,0.5740376761382227,3.934449252826194,0.5297062712389431,1.0031438801627721,0.4967764636754482,1.2667911342159897,0.8292486084358742,0.20941435455077761,0.8646322815933205,0.08452586220437798,1.2313651302691186,0.7076258176727434,0.9584951454097992,1.132029398935696,10.080459940818622,0.9894949205959066,3.168557016952348,1.0652197072325944,0.48369864676510643,1.2580722479159747,1.4864346023288504,10.53609250645626,6.045479500932103,4.084261301183631,1.9659435359039767,1.4658830509643566,12.379345856616247,10.725992281983567,3.8552392162530786,4.4672880117744125,5.72951122569439,4.139515177251257,2.1866058271555873,6.754998341257139,6.926970130722607,6.49724832706774,5.253536745616507,2.120825301806536,6.929304321151066,1.228081296905685,1.3389386138028598,4.915792489285059,6.661107334224975,0.73644169818234,1.9174507982352857,3.7358243275867355,6.575585724777387,0.9081837172964,7.6993634983733035,1.0776063219760574,4.107052333720389,0.9799775949322632,2.869962120032933,1.0776063219760574,0.9512168616752763,1.592972625438052,1.0628973097350138,0.9102850151694736,4.187658250466624,2.8757169806435616,4.299555206784663,5.137321784546745,5.2343133961365975,5.235115430858178,1.1102265207664328,3.434898347646069,4.006938856927505,4.755148019309363,3.7727505685147356
2024-01-01 08:00:00,1.2430681206208762,3.307856597550612,3.8264246361079417,0.0,0.452573746587818,3.2877947975966895,0.0,1.085202644094329,1.1280490101402147,0.21126103824657916,0.18799281824489072,1.2966614189152423,0.5914266052950407,3.3839886249818707,4.15411931110762,3.0305219437229614,3.6616438109011176,1.8476599013082844,3.074448858915273,4.2625123267657745,2.791771025312845,4.108125721806246,2.56695875534056,2.04746486054027,1.3499545605298195,1.7248204745668947,4.424009772408587,3.6862812143641457,2.837056690774255,2.104925679890246,3.9604091565672697,3.7764544726279223,4.086020116346033,4.108737402925615,0.5960535825416657,0.3770901057323688,4.605573917519947,4.771941260418808,3.577261719744696,3.22406625251225,2.3843498209263507,12.294383904212339,2.067240236806227,8.322790114188813,0.4273784966393266,0.8883579075197049,0.5015839559951816,1.910644464213162,1.550073187650625,10.370122491633762,5.4933607092120695,7.402358324996995,4.878428185169171,3.29947055546332,11.226079779971002,1.963033767490331,7.863735687351513,0.7361684341037908,0.6765155965440859,16.519187823898545,12.983770602147201,0.8027861728413366,1.6684310104162305,2.355065070991612,4.133865960561533,5.6002474873957,1.4658864220370975,9.997614343850467,4.145470254415492,2.3518339732287057,1.9508136035057246,6.955864781413536,0.05425010915746467,1.221319129806304,2.7267208843422868,3.691305759432634,5.4938272141514535,0.9127925596458601,0.43613352419990864,1.022213367947265,1.7506653702368549,0.7861329986511596,1.3419451573770707,1.8178736528433166,0.8345136186057295,7.684517196334216,0.3039739296981358,1.3642909834933068,0.8790986043679723,2.5785935299986753,1.6878564037688062,0.6994723028087658,0.5042188632684033,0.5340696636831249,1.1817477825071108,3.721182885568917,0.9406952229446667,0.34664787477627657,0.3796925715121293,0.515681405577457,3.1786752524438717,0.32191883955716044,2.020552180176279,9.09461801774422,4.4448392610396885,3.3217059232431003,4.493277443560995,2.172788046611229,4.6166376665503,4.762712127705496,9.300796995976576,5.8570073057083185,3.495419707295943,1.7607423645081188,4.721140114562028,10.893399819047438,9.310261827377804,2.5209516223187407,3.2094949197497065,5.917525878014338,4.564095892865069,1.7718177144390004,6.229196406849413,7.725321472086396,7.84469027121994,3.6342506343553636,3.0502161734760094,7.747798821645139,1.6398081535111813,1.737387908418559,6.717896257715207,8.072747763437171,1.303981053149273,1.5515337443187216,5.801911588693504,8.006359122059505,2.301592105194085,8.694275255619283,3.738392403097597,6.0900881457969644,2.9096403732977323,2.354171413129915,3.738392403097597,2.633685541970326,1.959738783773207,1.4949775889229096,1.3611696747078248,4.313875924984181,3.173526213851841,4.4069867799035665,5.272158793051966,5.267852713098816,5.371299180121417,0.6331517801514208,3.211418334271119,4.2949189446387805,4.8285086524592415,3.604303156003961
2024-01-01 09:00:00,0.8949276759509027,2.747637225074924,2.6654844026681235,0.0,0.4470581794517442,1.629712555926663,0.0,1.0854101662610418,0.20359542546980866,0.2716409321307248,0.033929800453509976,0.23402736131253776,0.23724097309698733,1.8084520844952785,3.5407663149348756,2.7502260908960467,1.8070602071671564,0.5918477578963574,2.3341941410539064,3.440853212110663,2.5335574716844507,3.2951329361085167,2.329538302078377,0.6558484359580598,0.435012778268048,1.9018568449972146,3.741582044883941,3.2984121627048144,7.563374735201069,8.477340331603145,4.2455850204439525,3.3834541104477878,3.998438858007607,6.274848120754833,0.6042302064004768,0.4200490352320461,5.244773232715243,4.435205577116402,3.3389656447218456,8.902802757851058,9.17047995360378,5.294948761558132,1.458434871385828,5.520934015203968,2.3952334423765365,0.36145832247519694,2.2133063040686336,5.989048334847406,1.8936205117537084,11.502290059604551,6.092091923296255,8.073844092717023,5.389859848743435,4.257105772030893,13.17852922647773,1.9348369018669198,8.252230383027662,0.19226507066282636,2.937378422600731,4.313096811080477,3.3828159357591665,1.0481105406471014,5.444564535624764,3.3475813109266888,4.643462656093945,7.397411209420451,2.62311446247647,10.552218133205054,4.331039666442366,5.4268635161153185,1.0162005043732436,1.8142303776076183,0.21012035105691293,3.2235991082014785,4.087018814648238,4.961574127854598,7.4532422689366244,0.4341903649235295,0.11390496924906268,3.749375526323616,5.906483600894169,1.843765092370224,1.1538335449044894,1.6250538066000608,0.2150309911047485,1.9850571592405408,0.43477534558899106,4.92444053790103,2.965025286625811,2.4011175923510675,3.7164263124704524,0.3327197742806634,0.1288431648537103,0.33859500034157086,2.2272213666465657,3.4660300061376734,0.8759503281830577,0.1067507734029458,0.3535596062490926,1.311238897598491,2.9598977040083834,0.8332127953290628,2.392631811976259,3.5784208032073153,4.138915893758796,3.8376306087012844,4.192687568684079,2.0232423383033207,4.329630894465831,4.491789506355696,3.1362003229581807,3.634324333943641,3.641989623672173,2.1350843559771207,4.456318327383622,3.022216641444317,2.6109895102018204,3.549789945862123,3.903699156720805,6.821529636133432,4.983423975981232,2.2993518782747806,7.433128365433666,8.425827480286898,7.959418649041253,5.221139399596097,2.823953132025582,8.088774445839906,2.525799470492839,2.56947896866718,6.333455164787511,8.166290714516713,1.6075043628469563,1.7304587704014796,5.094316220556645,8.076480531259493,2.2534862702697023,9.096930901791273,2.302798991594305,5.484159857462326,2.27542810365979,3.0288769467492536,2.302798991594305,2.3086820251100493,2.7021401140136136,2.445971181028789,2.37221840005394,4.327435963696653,3.740040197719285,4.412703320747585,5.376428354719563,5.408849348191462,5.485874430988543,0.45674667954908216,3.222766667510098,4.112842671276485,4.799314947842774,3.6351603485981556
2024-01-01 10:00:00,2.0355070296370927,2.1372612118306638,2.446319172465528,0.0,0.7140277621493943,2.980749789636757,0.0,1.1553185417638632,3.552744426947865,0.20425868143368398,0.5920757266058332,4.083782343035638,1.5001395819625056,2.8374607667089133,4.001090553047304,3.2263266329648417,12.760727046171938,8.309815077203595,1.422026591927183,1.5288237546529824,2.9721498076470603,2.841253887049897,2.7328122191068434,9.20844238464266,5.772284373923346,2.2667437331966953,1.2930412591259675,4.198771957562442,2.8423565447652255,2.24532569244488,3.505086303308894,3.473733025302248,2.8373375065096673,7.032267801055368,0.44994717434831344,0.3946415872627179,5.61462853407291,2.226269470062051,3.877108883801925,3.4203174359865667,2.5031773507398865,11.959570078946284,2.326012339793799,9.541458818422065,0.44068532801909516,0.06994396694131366,0.3920900224947407,5.664732787906802,1.5280874422786206,10.667841784533172,6.997655051654847,7.3594155583522305,5.564108161963718,3.4464691950829134,13.097607928883766,1.8857783199304439,8.096362605082055,0.6430266892319385,0.981166410266767,14.42456357404078,11.331447772497118,0.4240040163301536,5.240637409947558,2.767791269427539,3.834910937975269,8.538702851855934,3.074615278406408,11.87092180560891,4.12569895147964,2.8890894651659123,2.90146277866568,6.066654063464231,0.7949954302673838,3.3432503816825867,3.083285667556863,5.11918892443191,8.852248406813342,1.3630049639787345,0.3809528949319027,1.2315897562870588,5.046576334019106,2.126737372840301,2.3390001604339554,2.6182526602856795,0.7179630364613756,6.761383059908366,0.4372476890851269,1.126226676768413,0.9796685605621105,0.6400376750704236,4.261574890513834,1.0444697547314283,0.7035023234514648,0.8455814062791823,0.5475609142842721,0.923849688156698,0.23349177621013717,0.8382742746187641,0.09424422573194724,2.6268985876537063,0.7889851171615686,1.885980729083632,2.033062607963194,7.984876632267565,1.1032621285988582,4.7770808598269845,1.205277019450754,0.5393119131011598,1.4650840359131043,1.7727291504762221,7.984569953527831,5.204254209707093,3.368531941792416,2.362856219743499,1.7533798196936705,9.302427789067863,8.37406531050331,3.342287624884839,3.633784632028749,6.873827787412928,5.902907785463118,3.576347809089354,7.124439556495896,8.305096246994287,8.559342460573307,5.104992069259201,4.735761194486862,7.907646518661055,3.089030822298235,3.194984241556969,7.640132732939691,8.743942902076379,1.89397619611484,1.9358183123766413,6.893871472447763,8.689855456213605,3.6536150813915733,9.115229115473005,5.212703129164506,7.128651603623906,4.3146025892171,3.8996470366528575,5.212703129164506,4.062451993201869,3.473786055254192,2.9148545717414667,2.7539343898788853,5.830005360101634,4.398971706382639,5.388048889385176,6.227129102873311,5.781759729065325,6.267582660765619,1.9290544250663186,3.9388384687518556,3.674042876268733,4.809805726035672,3.855021587289542
2024-01-01 11:00:00,1.753268009828461,3.923168398257219,2.548088075744015,0.0,0.6474258811798972,0.8807162221974367,0.0,1.7397002385123235,1.017404015388994,0.16414689148729983,0.16955349140625658,1.169478030072807,0.5601418284561809,1.226243985703435,1.6862390147582766,4.858262903249424,4.7722809180858885,2.176365391052685,2.717578675134465,4.3818968806537875,4.475518692328563,2.7469887770685126,4.115119681305433,2.411715356147941,1.7108305781684061,2.4065636962096524,4.958100281513627,5.875539922775557,7.731748684236269,9.605468610579473,3.0737505275269754,5.713863272078522,4.710091257269456,5.7001109870473705,0.7674613786321669,0.3785905572183477,6.298165266231946,5.586237193960368,4.2172459676636445,9.626414732470735,10.233432559849488,13.72198712109857,2.477222172755307,9.707022092244873,3.210997557572302,2.6713451935881705,3.278506970860311,5.901161726249788,2.015378947359178,10.495381365484803,7.5729048769080896,8.034735908091122,5.723671790532066,5.060106443555438,14.775968623524413,2.25226147648041,9.268648442381613,0.7860138531205887,3.579282752117667,17.600256551389474,13.812041557332332,2.820300586039017,5.07698815375188,3.4174202670175404,5.47510230887166,8.891063387001994,3.2576685484364774,12.146281822471956,4.866432153541945,7.158338439560587,3.6535084268121856,7.365135661284672,2.2394906087491506,3.4325275219819495,4.858675680871364,5.542268553625571,9.144641353377123,1.686239799781163,0.8924212798031528,4.086805420331758,5.509802346648871,2.287980879181873,2.7745336885280416,3.795076278384774,2.093103514972091,6.954077468971117,0.7252051229199843,4.328041456397023,3.057970046280653,0.2160132474380479,4.4139870816570195,1.2921643843134842,1.1191068627294873,1.0349872801406879,1.4177693705110916,0.31284119113033015,0.07880366858666567,0.45614412972701895,0.03180750453542029,2.9912399297671546,0.26628313297276834,1.9120604465923743,1.975543854734157,8.105601593351535,0.3723518856102185,5.108136142314972,0.48880058907855245,0.18201821903404267,0.7853670017500072,1.1365399963989193,8.086588406452385,5.007988272598317,2.5835305825564188,2.431751401724298,1.1205760098404292,9.670685258463878,8.829331081582943,3.019526642196619,3.024018964799255,6.854216459095237,6.259422426503921,3.9169155681207934,7.078377103968892,8.047499341297703,8.909919889562063,5.000914923420019,4.9916433529965065,7.79481372357489,2.972800277543954,3.069896916658592,7.95942987063506,9.094092038021989,2.1137279808427083,2.4535268832116373,7.192310267153843,9.03849282334989,3.743530160852095,8.893080498292482,5.464152501019099,7.433652610201891,4.472453936357479,4.161749992684575,5.464152501019099,4.172377470795498,3.315472062581185,2.817674936607495,2.674355752762427,5.589258403999675,4.336753984528204,5.774457983018172,6.222684784845917,6.575057136144334,6.286828683610793,5.14682765893884,6.048196138387791,4.793277687536774,4.711265092204561,4.786947973328546
2024-01-01 12:00:00,1.336584214076244,4.0460234842996465,3.473617876358393,0.0,0.6473758704064596,3.033460984633821,0.0,1.658936160915205,0.15427036010420825,0.406665887808889,0.02570962742482208,0.17732955060562827,0.269261711693926,3.207290017656207,0.0,4.27033913535139,15.773444960689591,10.199703861740034,3.3843475563035987,4.794844330853942,3.933912800409461,2.36154702442588,3.617127556020024,11.302704382210997,7.116211743696164,2.3345195589422643,5.080151895570244,5.522899719773144,1.8262249319237382,2.615310585945102,0.8712032244079977,5.138184662293367,5.952080616831007,6.530386124670961,0.9364734307379812,0.37656839182423457,6.3563023955432145,5.749426059355457,6.159985160525464,3.1077269785840684,2.7766822832588463,5.613598900497278,1.5322799346254858,5.797654474109216,4.576782717752076,0.568854756595517,4.202717910968308,7.114517999423913,3.1817356193466853,10.380418218958226,7.403698107650948,7.76887775225336,5.598074531827718,5.374077480060234,12.844218247468262,3.382647145890298,10.207857549264428,0.20697841746541207,5.465846754798393,4.726032831909549,4.561043554702719,1.7058552027997846,6.43235341867632,4.774379756541214,5.33331687537846,9.39597818286605,4.043480802474807,11.344885818328803,5.8296971958757275,2.3593194460647315,0.826856999320764,2.141596048188005,2.436162667456187,3.9938326823194226,5.2868382093493285,6.142841159705465,9.675064946718964,0.7014267717514455,0.8803459797983568,6.0968545133061145,7.398956562113215,3.1331272578661826,1.4842032625074886,1.8896786171322233,2.723535897742441,5.248767872527429,0.5901850790249821,7.47814746085571,4.474608069473493,2.8719562030557575,4.396565489505057,0.24470012891952264,1.6523064643237577,0.350345992438722,3.15349789495924,4.146107633476503,1.0477166910142066,0.703242195657718,0.42288961921385565,2.6850481913345465,3.5403083124778854,1.8138837202855875,3.5475136411998136,6.142605284596521,4.9505218790086944,5.944743531780898,5.039694363981966,2.419982845607205,5.266794908598282,5.53571132978338,5.672197477183183,1.6751154969938409,1.0768313911050895,2.084482089241043,5.493758639099194,7.0320942252298,6.597868878538,2.232572247773286,1.7991909675920204,4.848731167909832,7.476123912662569,4.00040368845152,4.88960511673773,5.035409247922428,11.359414855652023,5.124114701918261,4.761677228844189,4.83802607830044,2.6648293015167352,2.8284500355667666,9.590816939071377,11.629335979272273,1.6942436039171374,2.329150353732077,8.21262000719592,11.529447165679139,3.280842075292137,5.625420583289201,5.10783462526171,8.646212468151191,4.054576007060462,3.9859670462460217,5.10783462526171,3.725894245265758,3.2182201235505925,2.4143127907109725,2.1828623929123134,6.814788232810077,4.782610661378648,7.114008641600664,7.718443969465451,8.642459558029557,7.808824040745147,8.520426807132996,8.867485404644984,4.0024015205902765,5.2799817779417575,5.4336490872871055
2024-01-01 13:00:00,2.2391324572454177,4.555617263984589,2.890001835143512,0.0,2.184606562470068,0.91381147117057,0.0,2.8116914127994446,2.4668602057340316,1.8026530533190908,0.4111097994177291,2.835588193313556,1.7677775329151817,1.3708907823153944,0.0,4.387477485952371,18.965116201047575,12.699866606470417,3.822277714556254,5.545327119356769,4.0418227443840005,2.4553859809941248,3.7163478620416153,14.019423027344182,9.131661957760713,2.3303287367842964,6.304163765878247,5.7597945510902795,0.5355200404524041,0.9215805930206379,0.7875178748456478,5.456659788240435,5.495041424437225,7.4149383090027134,1.2942535883877757,0.3070588809262724,6.082843649625932,6.456374791386456,6.310985755402895,1.504252182265526,0.9700196035102283,13.068284200862564,2.439352533371583,10.452241105824523,5.659864481746453,2.7453147851420305,5.491278012022505,8.844315796318439,2.7842243486280474,8.484361056834171,7.286172858070593,6.60691655616157,5.0724184594603905,5.459751693347423,11.221948152237209,3.326268978332121,8.872099199434318,0.7211828861252594,4.4449546963277,16.075980589931138,12.222941631394002,3.5580589903127255,7.86731444241658,4.662908073950465,5.050650665346086,10.766197342175229,5.1882720294636675,10.215500115753262,4.979100364538474,1.7489574450945153,1.6751859658257073,6.610491984639526,2.220257804419281,4.883015748824452,5.6540774273597325,6.2667557694883,11.573376420493416,0.9887272151173907,0.7448913264826393,4.96178882392961,8.974113536745756,4.160441391881616,2.336529801048237,2.352674283346772,1.5228221160865796,4.3829497610055,0.6149544331719325,6.125309580826469,3.648643403157435,4.219693491405342,5.720672282816169,0.5641226285031972,1.6586301318115597,0.6251811100709149,3.1313488699829124,6.090490104042682,1.5393839562056708,2.0002101159597796,0.6213411513312501,3.372881677285953,5.201686546555295,2.8477788711465797,4.863796675109063,5.3935733058815165,7.273678104730891,7.132894686333135,7.358108843728885,3.5556203301624816,7.573133319210861,7.827750112453294,4.6091061461794895,4.319981385727562,2.2055455855877093,3.0131364903663105,7.775807001125696,5.3119071296051095,5.14748908793961,2.7867953370349188,2.5023077696829725,2.947700731012544,8.849963534392845,4.856518649932063,2.4046942861497493,2.4035051841800716,13.28879197423523,5.441855911648452,4.641254190814113,1.9866998510990728,4.029278842733746,4.175652066881847,10.992018744724275,13.597346333607673,2.6973062700362003,2.3144506735667743,9.230615285291428,13.469683517247923,4.132371848377481,2.359526540587451,5.26254687209775,9.784767774712028,4.611798097396867,3.74415441199375,5.26254687209775,4.440155983788024,4.543988728112096,3.796272946307207,3.581000478860263,7.617399146479074,5.693146891243934,7.817030221315494,8.02574191148085,8.680975090998423,8.064648638823313,9.76688584207066,9.360433918554023,5.519556384384375,5.40461669530351,6.367459981104581
2024-01-01 14:00:00,2.555109857218162,5.030879830418551,4.252542121548192,0.0,2.592551039512927,3.510443183029547,0.0,3.0953178903548784,3.3441162076814877,2.2690346222692312,0.5573071956707949,3.843969923195763,2.260767812026324,3.7626954323299837,0.0,4.418645998416247,19.519928499427692,12.843187674711986,4.679143032570177,6.066477139147424,4.070535735616083,2.9530342308374147,3.742748689174977,14.232056479475323,9.192181436906452,2.7653094283971433,6.480784150261397,5.813714648960825,9.204474310811024,12.042285502197355,2.2782171207539177,5.5126233425168865,5.9600424653994715,8.548046995071646,1.0275329983028512,0.25281911716883193,7.5663406386947125,6.916453801069707,6.46957898515741,11.440819298180877,12.87712397842457,5.891450951258733,2.102550203462819,6.981673939305621,7.9651605886704235,3.77767682684595,7.75398647683949,9.216704442115738,2.806018400388112,7.016178547093998,8.685866090959912,5.949207810738226,5.17957539495659,6.473195464549991,11.94366066154441,3.3494440848666214,8.704819162575443,0.6353128921782164,4.222901734892177,4.184887972458539,4.051342055535664,4.711340029110034,7.717373723877988,4.712248204697767,5.451758205356783,11.666218681158847,6.402529655983053,9.148845918790457,4.887924731082107,8.545912385551551,3.9541548438154512,2.151185520059536,1.0287499481829456,5.131449584351656,6.428222648487978,7.752382574895044,12.207592276177023,1.9228329596472176,0.9761902667412989,5.364423943082862,9.27149887497748,5.467702773433805,4.060900603949005,4.354237943661774,2.0457876701088127,5.289146244109384,0.9350668698772612,6.3277416031048865,4.245676495232381,1.2408722757859367,6.650460732774224,1.3866832431364244,2.474553866601196,1.2732147229654944,2.3362137156622644,1.7922054062872432,0.452681901407279,2.863699779381469,0.18271587973445064,4.717004557542373,1.529643950703037,4.0323310069009235,3.725096168829573,5.726056494834851,2.138948130127292,4.296488551046963,2.1601593311763256,1.045590325436185,2.2141790807845765,2.278145451990374,5.9462894529691015,4.505128725276628,4.429629929674214,4.057745588256595,2.289861882263411,6.362185021283356,6.154196565862399,4.196662108618994,4.353276020365752,5.590616845278316,4.1865535768724875,4.553776219917576,5.054630840176109,5.642570294604803,3.757476063043426,4.068927051559071,4.545828512172779,5.407434825222951,3.7322337700450174,3.9002444145343436,4.132123310316262,3.727618320178324,2.639372855629931,2.641445433639035,4.405600047762617,3.747439338653284,3.8446460309786303,6.091293255183824,5.021685134795182,4.319561943293742,4.343444895022001,3.9055738902564796,5.021685134795182,4.144480348050681,4.303117447972815,3.473798354465099,3.2350317376507234,7.645781941712026,5.503215565452203,8.187575340685173,7.994084489131081,9.04552057970799,8.025630537264655,12.226035356495727,10.773465104944796,6.528236097320095,5.071976506370078,7.049768266958159
2024-01-01 15:00:00,3.5572974668290716,5.026046364658338,4.270282745715844,0.0,2.6396484490111347,3.6785206462197597,0.0,2.932534972869611,6.53033340595424,1.9448626501292767,1.08830003841012,7.50643926286653,3.450167439582332,3.9020479771257754,0.0,4.673062389652148,18.005860921650232,11.970268996235626,4.55134500862512,5.9434893412488945,4.304908666288376,2.918597999464029,3.9582483275583393,13.204409031185815,8.714539927484577,4.024905806481467,6.309165159579442,6.066803877747465,11.130310828391275,14.486830430827828,2.586151119675589,5.7472558198176324,4.904470002345686,8.539274697354486,1.3128448462082578,0.8980554978029119,9.194296470203092,6.517345866146831,5.686800131827583,13.529475003390424,15.49222961164955,4.117234437906086,1.995629616078214,5.871376810818983,9.305956325078657,3.7974509342689617,8.95484537893204,8.512508469083805,2.662847480880139,9.2024491915854,11.195274288441842,8.377143286351481,7.021769330536135,8.557706386948956,10.620377709122891,2.9595088635896643,6.8290493315376555,0.5510220182396097,4.7528540015137,1.2129551022237588,1.9030136641570672,4.948227185983319,6.900535076443885,3.9697876033151855,7.934020188755042,11.21669688016416,8.307448018589021,7.834450762051681,4.134153686072733,10.560444069272554,5.655412013411569,1.008411750212783,0.5603986618269027,5.161164182212421,8.269345824912804,8.131521705787197,12.032448164848295,3.099881697837658,0.6297885338747393,6.366190313723243,8.998631166240301,7.705636504816548,5.97370330898799,5.980496143367309,1.1137304247790227,5.848274689743178,2.6546844555119935,7.801110402761927,5.716725012386375,4.417982404258505,7.197039031683733,3.1163218662134344,2.0173751755225986,3.0329329076768015,4.412424110073976,5.605593343891339,2.717301417679222,2.785462272456575,2.1347948367743665,5.641534585155336,5.041066005579206,4.612503467365126,5.922035801657273,5.9359789918975725,6.355763655632342,3.9624248480499955,6.282905605353655,3.996621891902906,6.097353942159201,5.87763677109078,6.4634097418972445,3.799192472550263,4.013568032774101,4.813177727901383,5.8940586852229835,7.127765181853121,7.0352251822875225,3.9541836774260926,3.8191527292930845,6.440793715016798,3.1014806081844957,4.908252915152744,4.817340575185389,6.15590588323988,1.0419877566734497,2.8240091156274296,4.1087473965406796,5.5344586466847545,4.951532079927795,5.097683532213837,2.132806418866985,0.898863204053967,3.1357421244521646,1.8486571506345464,2.9670477083651896,0.9593272572898016,4.443403506794464,6.346601090090845,4.846416397073048,2.704588312775189,4.6157596224852995,3.2332701331425517,4.846416397073048,4.610141887987657,5.485577797430466,4.709772975091496,4.486413481516264,8.403276750919193,6.372692036905619,8.51406389384816,8.395922707956675,8.972712325705634,8.39106939046516,11.749092690644396,10.378067267125434,6.2530546299922305,5.314488214421775,7.254336524038747
2024-01-01 16:00:00,3.9621430883622155,2.8647103881301934,2.8536094371375933,0.0,1.6330946062188,4.236747720414238,0.0,1.6476065203430303,9.128341092591599,0.6057372185456286,1.5212659667008934,10.492777890909984,3.929374901048248,4.040943392843779,0.0,3.90046036471217,15.085916156196756,11.479332417258956,2.152480001951081,2.252692032455491,3.593173860410118,1.4083602269954913,3.303827218210708,12.353489902257147,9.146776360503843,6.0059152950436845,1.9218537810240368,5.065536932635507,2.8368676987739248,3.944573693033981,0.6936537549976005,4.2842483916773775,4.64731080664199,7.161049356537151,3.7564419182143793,2.419412893820816,11.073778759160295,2.5221741800435904,5.377069039422789,3.4419918728944356,4.003117509034047,13.879724492128656,2.8456327346377255,10.360580545056237,11.388422812283343,5.38242015082856,11.058044538800171,10.43802145773064,2.3889272432203175,10.86144130528832,13.86107791071248,9.620561335670228,9.088646965734089,10.278946383343124,2.6567622337073824,4.68405956863499,4.470936344290805,0.9218269740110661,2.190980064506659,16.692469512931275,12.563696719278303,6.590357105525943,8.370800013698913,4.979114898959045,8.981485920076821,12.519508435801685,9.624278890546934,2.345516375269656,2.7709259111494027,4.2986532946330795,4.985852967330451,6.8671970717584125,2.905095128291278,5.7281018507644115,9.626678144812429,9.500544837373992,13.394942812507853,2.3976524943934345,1.2590201405199,2.205512172242027,11.258360139237011,9.033086734628654,6.085012643483787,4.466449585643912,2.5276381026416206,3.08781109622519,1.7415049167132048,2.233102169520955,1.886474511751132,6.2219455627992675,8.220037329204937,2.5145777225108876,3.4980506739919557,2.515574332544664,2.9651737134498806,8.48486504244314,2.9774588759539626,4.633797155476151,1.866177652926381,6.181552144641502,7.41063789559404,5.713028379013997,7.613187123420989,3.4479663451681892,9.918762027330109,8.762171723536706,9.961539129170474,5.418091939757469,10.070481962018146,10.199484368298846,2.4531820641407407,5.019863126627106,3.0953122352467313,4.167437310624713,10.160910683584273,2.2942226285567164,3.0286918792569306,3.6737476183925253,3.29134133295383,6.6905011730233,9.90002099598236,7.095916691384135,5.379322410178688,6.6636050708922,12.913199274482254,5.875234899602305,5.112459752923979,5.770883066279595,5.784389180804563,6.00646325837521,10.855176374057425,13.122668602609233,3.1474389332063506,1.7393443212557644,9.322175812957163,13.011559947710737,5.12743745660306,6.830450780936725,5.8686506871073325,9.804470810544155,5.443685953725765,3.967866674042118,5.8686506871073325,5.403669471745829,6.590675858083959,5.419388322353665,5.082166661339819,10.322739777997718,7.172528122689783,9.61985951704375,9.240095313453917,8.7646764434425,9.12231951120441,12.145754234192495,10.120304126919596,6.626991295925322,6.6228335229551,7.612570290602261
2024-01-01 17:00:00,2.3470357508626227,5.055051619675836,4.824616211204092,0.0,0.9486971922448757,5.029419817505136,0.0,1.9932051143932716,2.484922607284432,0.46087737512884597,0.4141199538890394,2.8563504288306527,1.2372587447366148,5.112462871282114,0.0,5.314915010770861,4.667388309882652,4.392974017259449,4.353710983602175,5.870882543258173,4.896194782487551,3.031320229406095,4.501920089721823,4.3408110745459965,4.6473867775358135,9.453775247748352,5.999598908598515,6.410679840433702,0.6260937260560356,1.149426191227853,0.7694037667074024,6.381295268803352,3.230609687280251,7.136374912450424,4.600997811051561,5.0579418350903635,13.189348840708428,5.371228911735914,4.015909763235445,1.2036765157849518,1.0362191999025663,15.627144127959177,3.890904652166681,11.19349440638435,14.031169403522053,6.446994461351784,13.591824022030249,11.871676531560965,1.5058003821264978,11.540808999172592,18.01014347611829,10.19755903325698,12.033975039599403,12.417313409597167,6.197478500071486,3.7068029916011174,3.900484526231768,2.017071111385136,5.044855789247328,19.313342262793945,14.708839337632803,7.972973635968355,9.544233386672724,4.065427455391409,9.783732946040917,13.410085787576076,4.6213240545895395,5.924217812661889,2.1352904332788567,2.7350522908228507,4.114084718675779,8.610464114111094,3.6211481222686066,6.371157043820537,10.886918368986139,9.209361010660958,13.678313002226856,2.0575276926765813,1.5572895254998276,5.447430494961626,12.029059178124063,3.1484632776192365,3.327956430812958,4.411878121379855,1.410067590857727,6.063213936051563,1.0348349385046094,6.239748027135344,3.997422439656023,5.21064376355654,7.190033247512075,1.5753925749139472,3.031200365346825,1.3278476052925794,3.543684488155428,7.433389612358131,2.025626183863104,4.758911727802407,0.9347139462889172,7.656636777819352,6.377548220939097,6.690532823802495,8.10104353843664,6.089382902728204,8.839700241479534,11.24396740471695,8.95658620295569,4.421524199198635,9.254266205001084,9.60675783351596,4.9675363537338395,3.7339847204312715,0.9653358224885129,4.216879463319949,9.564201790952152,6.154218635618298,6.8682305942935304,2.6944115163999465,1.61662968980147,8.30709332283019,12.979488301235431,9.017941625183102,7.092481651768987,8.404944368502973,17.294294079871403,6.179453921859266,4.608056902680973,7.984677360638168,5.003888767124982,5.0947639340254725,13.630411173421548,17.594190013339126,3.7741635325710763,3.0717267857195605,10.950589338022404,17.39996216564342,4.666669660082478,8.8555170906969,4.9135191136582455,11.793684049422755,4.772400078798578,4.008906949560585,4.9135191136582455,4.775353174117523,5.340474320028713,4.851518624824514,4.710744949130841,7.41393207840259,6.163592683556453,8.125345533644902,7.783454926190156,9.038104205961064,7.818200850204669,12.968202948983338,11.15982073045173,7.024946933273161,3.0056983134425797,7.3538428386378
2024-01-01 18:00:00,2.70354451560382,3.901813849419166,3.7963527010517906,0.0,1.1844215092322763,1.2940564441617595,0.0,0.7372591303215577,7.472125571036363,0.42275983433025266,1.2452525836658788,8.589003543426337,3.42457431704461,1.8763063860795968,0.0,1.3547121302561091,9.30944828010974,6.98320295218456,4.519735226402752,7.193907195213426,1.2479850478306207,3.19689359170053,1.1474888577955398,7.5925474347215705,5.835439434857165,6.335361315244095,8.160276990703855,1.8853381491450654,7.702070223582988,10.43169535329518,2.2088675168450935,2.688268227778028,6.931526124219899,1.703637548147516,2.5189214652266907,6.3051912556279115,7.221431774965756,8.193357036661258,6.059358102191815,9.460405420214297,10.830633452677771,13.20791543591664,3.6520613278739775,7.887523113010017,16.483148413403693,9.146744388749475,16.23008138571258,13.105846134790532,3.5395660179625836,3.9495833176025394,6.516482321359355,6.020991191365813,5.716686228192432,10.607417693623095,8.66218689504331,4.172640093110957,7.9529561694226105,3.154578751474453,6.7906628894484085,19.494121683862776,14.999307703613423,10.416806657123395,10.434243559806534,6.058076816949283,9.198513599470457,11.90707270866492,11.955299429860528,6.6653453564918586,4.834651536104791,8.084466843452438,5.106947907339621,9.35340519186919,4.868330648234319,7.160088225364073,11.674495742219419,9.171889091168914,13.160542546038542,2.672760250654516,2.6064901830175633,7.331228303846583,14.531792799148464,11.825703206543457,6.973328222745837,5.588138194228012,2.198454031084264,6.402042768485857,1.2800683480620827,8.419518840090026,5.294531132921299,6.430962615652654,9.883040558745549,1.793343856333968,3.9684589318967567,1.8988633974612685,4.500246203422728,9.281881556817838,2.3460757739058233,5.796216562109907,0.9469459627616378,6.688058201828915,7.927554877475127,6.468629113857837,8.367186172371548,7.057927814076624,11.085343536228486,11.414493420140612,11.198718872777052,5.418891553451214,11.487458170374905,11.829362848308186,5.830199774495043,6.166243525427053,3.6319250945738517,4.993772489412221,11.765464888247198,6.4276723795755775,6.688543427798679,3.783548377292693,3.4702632490711998,8.404884069995537,13.59229486341423,8.545381548993328,6.778561907543767,8.861190038177233,19.18793565227996,6.779366139357363,5.730556261355914,8.213714102523223,5.900710031722948,6.0344512585639345,15.685561962883158,19.576895572595557,4.100125118525048,2.5896804692878685,13.054718720290264,19.386217590244726,5.974241541797868,9.341032893790347,7.127986877514013,13.882404350377332,6.464383965863377,4.186187330055355,7.127986877514013,6.317735863789919,6.3975557893505055,5.675791112482386,5.467990144940429,9.529015478475547,7.692228943990235,9.818577968955463,10.185467238689615,11.157144348720317,10.25004062241284,12.447336547520354,12.022781566247879,6.760602525852543,5.879682379764061,8.303220598596324
2024-01-01 19:00:00,3.042490443722656,3.412969398331198,3.2140498848854753,0.0,2.586098011158593,4.4470324188045165,0.0,2.770955773943207,5.527242195234818,2.105319419817998,0.9211318196849565,6.353413409467498,2.9837516765335477,4.289542853003215,0.0,3.9062342906540777,10.017340748102932,8.717721381592149,2.918098866692814,2.8512144269381867,3.5984929042732743,1.6852455734635141,3.3087179367154747,9.103340793659818,8.11570538280337,12.829396508888816,2.582023549878277,4.915459059635558,8.519398577180821,11.3966904832039,1.7311802554131384,4.409525811276005,2.4748356537198846,5.537098049836748,5.080247620832227,9.575628331550025,14.027744314660922,2.9356366145563575,4.1880466377946926,10.446695654507723,11.944927902336339,13.745444382980372,4.645156530720113,9.551654420230523,19.36099191190379,11.79855851397353,19.140367606084993,13.026195770350407,2.4778682688257794,10.332870164414945,18.300408961756492,9.212336920068157,13.469057318467222,14.329536857686543,9.197117436782522,4.023066699387893,4.32662043725925,3.4537538977958833,6.944909721772444,17.540220368366963,13.669332766924358,12.942041570161464,10.271802663213492,4.459661245420441,9.860652452339666,12.27658785591823,15.29630307367003,7.282133002845937,2.9586069741863943,8.677214148936029,5.139837042274494,8.855166020683377,3.8388993907997433,7.484563947179794,11.95187095625927,11.773350371198342,13.511949747228801,3.330618226887775,2.44529467159587,7.897856455772857,15.262372353322633,15.666276866117816,8.450739878837906,5.770110257201227,1.1145044175475303,7.708736224516635,2.0410076182820536,8.820564142872982,6.127637300293106,1.9078002190631045,10.549322900108393,2.29555575310562,3.2025180913952935,2.6460638729508474,3.6118491798634285,2.412909590482159,1.1865429671944645,5.27922167184312,0.939502458683877,7.727161820184329,2.172049404841859,6.931269586078761,5.789169068761712,8.518432339041219,2.7296114765051316,11.693870384955206,2.9491076877870137,1.7291016109256436,3.5081109401722577,4.170043100292097,7.495633889880795,6.1497649224281306,4.056771348833276,5.757468003666872,4.140378023112599,8.496544309701639,8.675597463927167,4.99051343674056,4.437263191814081,9.18512700738787,13.854645174495662,9.352790591758573,7.9805712422983826,9.073694726131704,18.824069468138926,8.219965556880304,5.5632863737232165,8.609916703246958,5.774898281770596,5.9600087696089545,14.969036402468124,19.169373038642505,4.102044073592104,3.661644895324793,12.129283154811866,18.96355369871724,5.2363483560730195,9.59145693236056,5.73192137892592,13.022693646940484,5.447458809415848,5.07861074505106,5.73192137892592,5.407467754150618,6.423050086191258,5.481484076021463,5.210400807210217,8.722658115837143,6.102342175132229,8.038859808817543,6.738510737479041,5.867715603778035,6.527379046899355,11.846887024954782,8.255957946542518,8.27679318930296,7.981391288893981,8.793667953888706
2024-01-01 20:00:00,3.0152958441590063,6.583684959274892,6.552523736644666,0.3771694282623665,2.4295691338078313,5.5336011057544905,0.3771694282623665,2.912029995151266,4.397811347202359,2.035308101121586,1.0472217032084021,4.99878711392907,2.76819136534188,5.898113794307311,0.0,4.642444307578693,3.9254844856045015,2.385846672999729,6.804547758121539,9.227153143291133,4.3064169454216135,4.512227799613087,3.9900073811678447,2.4811081958561267,2.32434643270167,13.48025329997391,9.823637949673259,5.515699709435127,8.654140001447006,11.659814217658234,2.554371041782229,6.21795590856111,6.633063056115191,3.0584819910264516,2.3933857628453876,8.83009376008921,15.037150694269442,9.158511608566904,5.107921016675539,10.177571649895285,12.063131620077163,11.228757779467646,3.3985278800995298,7.906238943247596,19.563558462073456,4.562441079314091,18.366520630297003,13.491163604780025,3.975488026013457,11.613580283249094,21.249321974023005,7.247207743767962,14.774917853365103,13.153886156217418,4.139237848180154,3.586572228051073,5.070922852469335,3.095745137410214,6.4752798521064125,16.401535745466642,11.938168982416027,7.76123611142771,10.575692069429435,5.791848827355101,5.6929283525425936,11.881272512612803,16.234789464768408,2.6505582704369193,3.9198089713301094,9.091281687353758,6.367864037565274,8.015475161961213,4.971054293307328,7.863213781473163,8.445964461343,12.220613923546253,13.034068259775669,3.944818695810894,2.0973439982230855,7.020950573951471,15.174205486911468,16.840990172021762,9.702876330503445,6.555165244699507,0.4839923071867743,2.193134368799914,3.182334226946976,7.75647787314975,5.748204595030661,6.48117841140066,11.41686281311311,3.605859400999446,0.9878829402252145,3.9469383016317634,5.143136659364046,8.425185973865412,3.6957123918906034,1.7811695141426638,2.741652047795718,7.695635687880768,7.501697963561748,5.56984685070631,8.434060883821308,4.386639816355452,9.65497988947926,12.875974355567944,9.820179542993598,5.7910516925204805,10.240902721166531,10.739093386340997,2.6004083679687744,5.249858699800396,3.2744567095700567,6.66667996021811,10.676947635509155,2.3893033756720596,3.353591411560429,3.9950143292310742,3.0572716400256508,5.540105821138551,15.372560854779772,9.545561817849382,2.5991466308778195,3.5426886357582177,21.595529737761066,6.968048957844248,5.044535853636334,2.8746730186235117,6.529839884013771,6.671611510511366,17.093724681120957,22.02805411277736,4.683105893670831,2.804791036180606,13.757735392101884,21.786268628763796,5.950236926496464,3.2348610452264923,6.242459063093575,14.80726595779387,6.075770658119092,3.7961948228208393,6.242459063093575,6.093973491879897,7.051485021001916,6.293694443226049,6.075521373383819,9.92738651434642,7.947210352459047,9.872022169850633,9.96098151495164,10.244871326389427,9.961042094283327,11.497343612019893,10.886007418908049,8.662690983598162,8.907111788294076,10.542582112529612
2024-01-01 21:00:00,2.479804833663718,4.102987597086436,3.87561822417456,0.06734625650821116,3.4837627355480594,5.519062915936431,0.06734625650821116,3.921032423036735,2.6110232004542437,3.44899637860179,0.4912578003315836,2.991233184957426,2.2560263599533874,5.2987508338177935,0.0,4.426010581852036,7.937244318437081,7.452028571479654,3.68948735174465,3.2866738514188194,4.082625801922397,1.9843884295301764,3.7592883573421445,7.623598144320582,7.619939930379362,14.74511682568177,2.9139016239718836,5.449745366622695,8.782952855363844,11.790635855774257,1.8122956751153505,4.982050001329791,7.2091481605027905,6.282408673989169,6.615469540667654,10.44907328095392,12.620358083921852,4.108909503780879,6.849378443751389,10.603332945076449,12.289464341450593,5.163722752173876,2.186862729477392,5.291677978702842,21.224016037655826,14.676042407738418,21.198592024821345,13.394513788231668,4.945431496946102,14.940495089431371,21.1231936000428,10.47776638774194,16.517861650259206,15.201761210050007,7.461642737652819,7.098056807402486,7.951345963059721,1.0013241753720146,3.075961651122198,3.924298570694722,4.432499894616653,15.381930632137925,10.390320890343244,7.609810953538982,8.591895988989682,10.144988144071718,14.986779179683761,5.954329182356624,5.725802951169031,9.415801104112463,7.097496834587254,2.3311182130234327,4.3250737544699795,8.077154881978709,10.65066670027432,7.56339770297911,13.151167351829098,4.6485930480727875,1.623962126999144,3.0437681866227106,15.030683127363021,15.355809038640775,9.637081954258983,6.333855635689652,3.3013047222225635,7.984112061235542,3.010503323950574,2.830954442945894,2.784277434006846,7.388961778218022,11.16801589949294,3.9728034130572945,5.703044257934497,4.138780367350284,3.925999341891643,9.690193204845206,4.089355314098618,7.7010547417167245,2.959194810798283,2.490534152477617,8.597848509373783,4.527249612982673,5.82161612556017,7.251241455541812,11.148582538101449,3.936195693049995,11.07859416135932,6.571451685928658,10.900350855930364,10.689287725821462,7.439169871854578,5.376331958381771,5.610466034858369,3.157781032170758,10.649573685493436,7.982405532519188,7.091899984928025,5.262203172641855,5.917726304003503,5.700394003165144,4.32198616694552,3.218068500611599,6.9463496847943995,8.073883131773767,5.803523422403039,6.349276526021426,5.594146852789126,6.912446411435376,9.054045847308851,9.18384757640075,5.743007807405986,5.906614036494629,6.1381116501046815,3.8234880550548223,5.6323973110019585,5.8985972204640555,6.966807380417566,7.477686115433356,5.3832153222883585,5.667196312678767,6.3000191662803555,5.446680159802828,5.3832153222883585,6.7388374849759085,9.582320795444296,8.81489913311761,8.59395320842077,12.41338868815464,10.39782781310481,11.475410045990504,12.31649923918535,11.627814357325176,12.304534639865668,9.139648579376109,10.316457730004066,7.986556056488185,9.20054529784695,9.97963937486015
2024-01-01 22:00:00,1.8082677353624292,7.710410295875093,8.069031838363308,0.0,1.4237625829614902,5.970338179925016,0.0,2.2436137431043766,1.3567761598591193,1.265051023479198,0.2261108974225261,1.559577008426809,1.2529348676305705,6.5830023076725706,0.0,4.350123230269003,8.597892678340713,8.46180518312249,8.408715764649946,12.178371283934997,4.007411335845957,5.813710372876126,3.684707492674134,8.628583558818532,8.570239390755061,13.587766778178164,13.186660999416464,5.394862553616413,7.327402879999099,9.961922045176621,2.7008672880869664,6.569710676296266,9.670577255509759,9.288995811890222,7.503990877961241,9.54573044152243,15.523890367249521,12.418733651244944,8.98083961705992,9.051581577940123,10.322646687659812,10.769465649085976,3.6282806349196997,10.038308860023676,19.969224987248833,14.736129561112122,20.109605418288773,13.880571521569568,3.9120346227510456,15.812130901457877,20.90128384716061,11.953632513161967,15.912172610900674,15.289691184094101,8.996246358268403,7.9432074323616035,9.037775695106758,2.065407895491346,6.941979845983807,11.453083810349492,9.936115981491332,15.159585452055735,10.65981259189058,7.836556824744209,10.162471668795883,12.09031749697371,14.42882589960501,7.090182596409227,5.458685534934652,8.39331684819751,6.346745020656392,5.759108803705111,5.032954061976269,7.530054326230709,11.82851557614326,12.23749278362909,12.960624944192611,3.1944704970010083,2.714129208112288,7.576848718436087,15.613814965363918,14.754571646247232,8.715927720374529,6.652808294107126,4.582592071647963,8.25080666995944,1.4863195184156188,8.586707466926796,5.515604403462566,6.778594854659946,11.057849255425033,2.242141029871351,7.250246161697925,2.3698780691424246,4.658672066989551,9.78354719004991,2.4728952911237565,9.671502757352764,0.998134091962158,7.834946496106533,8.356086936610751,8.685733465626926,9.303888463788258,7.714597497763591,11.68457307991835,12.30640265200337,11.796275143266346,5.711815259628406,12.080753022611075,12.417611630101243,6.514144341863749,5.304071245987384,4.335592569004477,6.179697530488207,12.358016998645384,7.199640893064077,7.598430126852333,5.789097473100858,5.06810182292542,9.012596838981434,14.378617079583938,9.664177780732738,8.606567991897691,9.34062745759784,19.6821501939904,9.523425090052667,6.577678268183117,8.702469317791731,8.753769164777683,8.939730214250869,15.724496116204376,20.05080080073097,6.684906909598871,5.636663551022572,12.799578700674438,19.83880894112234,7.1255152667346,9.26004473202806,6.2103601172719,13.719782563387117,6.740112335399827,6.5862420313122545,6.2103601172719,6.991030218582695,9.41896817323279,8.452637798021062,8.174424699805298,12.656830709357024,10.077801046120285,11.06166715331882,12.014451105484794,10.652716716293945,11.945459954893266,7.843461915890219,8.995658722762704,6.0276786701293235,9.20431498555526,8.730983585307325
2024-01-01 23:00:00,2.7362915042043925,8.93415956407872,7.365116228954462,0.01569879646253912,1.2899630829105524,1.7656586125279163,0.01569879646253912,2.263538662987367,3.4386675769078865,0.5903929018948818,0.5861470145946682,3.950307590811954,2.0270980877864324,3.039813870052277,0.0,5.540610855961416,3.219542203818569,4.946257906763416,8.986890736489945,14.676481460016177,5.105346616719506,6.4291216995257,4.695493777981329,4.593492579826792,6.256574127080572,12.651200245998112,16.791479429425166,6.6286618712172345,1.607064761269225,2.5694440679348336,2.1284314885477706,8.359467851989635,12.659127646839682,8.18787419843542,8.868942485120323,7.580758416920819,12.58300454294792,15.59944590951116,10.583989176138388,2.4789246542833423,2.450297004818772,5.57752945800986,2.0750383066286293,6.206232550271509,21.773240383171313,12.54470378598912,21.441577554682958,14.32562649550588,4.675273148645674,4.773480811908561,20.447859258702046,6.282999176057549,12.579779128372829,15.13350985810352,8.418244783890046,9.747376973383302,11.412079639910282,0.38760920176047553,9.220266240683099,3.223595996680344,4.336381630707136,13.9529373165032,10.804544255938149,9.452166026592394,9.73219803912576,10.084956705918138,11.959306232744973,7.676756209498543,6.785337148433155,4.5490637071672655,6.0351643461448905,1.79533838265362,5.321404403764398,7.515150188825666,12.93204599040831,7.094883562682014,12.695757944471186,2.8294703293964014,1.3141970568202033,10.280038104054835,15.853602835958164,11.908467323189639,7.578836381574284,6.956836469989231,3.752013355285861,10.247073506155338,2.469064715768484,12.074079975265334,7.902257662138581,7.912450995197609,10.466099818668662,2.791674846772954,6.542366476364007,2.871373316777022,6.488611166804954,10.946748126444355,3.5655870248399872,8.905501520382321,2.0767264513326107,8.118140620986106,9.50502460451947,8.538224962513784,9.931494285983163,10.685688448821631,12.865332558819864,13.027955104401087,12.980540553118262,6.835472511787843,13.273947182496833,13.621378584996432,9.674143416837357,6.1900755378478,6.635986446942314,3.0412318581447626,13.554506959376683,10.56471620176663,10.386742137341706,6.0494730760768345,7.032283458797541,6.937729875979858,15.283379358089002,10.134917419131032,10.292030072151535,10.628796388506911,21.09048473491236,10.788583520057735,8.238415833199578,10.769000001929237,8.558204595624856,8.97028623799988,17.327533235545832,21.494146447025955,7.23120115392284,7.923139900509607,14.510579637796877,21.289979577750497,7.492124584349761,11.055137957546483,8.164580637511577,15.396817166408029,7.776344103042273,8.175323566713312,8.164580637511577,7.6328047274764135,9.892164352116847,7.954329485221899,7.396413625409203,16.52497307532401,11.370649753589028,14.17782163996583,15.459924147080418,13.402696504708661,15.343862552246192,9.709587204937346,11.143613839003898,6.518490604310075,9.576380620719762,9.590581422440083
2024-01-02 00:00:00,3.6650046750207,10.032682789099574,8.199340474667272,2.2329683590153066e-05,6.6032768527083485,3.701058920350873,2.2329683590153066e-05,6.681823071218994,4.4745185944966455,6.626875116116825,0.745710819711064,5.143333146420428,4.511464841521412,4.78273646158123,0.0,5.350655336695408,7.223770787585468,8.022954370234572,10.83516521459298,14.661534129679755,4.929121169241006,6.628496665650752,4.532196819431737,7.967178959530479,8.390224032871663,11.87858039789121,16.453442400725596,6.53193902533927,0.3903529452392634,0.6650489611965099,1.8845792016022038,8.118328804603284,12.561102569248654,7.0870071431877095,9.085163841524189,7.84694089876354,14.567376706213393,15.011606029104165,10.733259905223061,0.6254612946507254,0.6090137585860645,10.471408947306438,2.6337189498996914,8.357295020004505,18.798005159859844,11.470522776244502,18.525322111633884,13.961818973169482,5.548631811378437,13.179011998834586,19.396732765832535,11.009451752581526,14.001868172082094,14.59429384926112,2.6330635617581795,10.040732094627646,8.890101854278692,0.8670485595796967,7.522902239963529,11.263416679077904,9.179222175359325,12.635674050458235,11.032795274650788,9.70474113718614,10.499775036124007,12.416659476624092,11.73693469015818,3.1058069161570088,6.2443399642358,4.130650744579451,7.642999131417438,4.837900519882574,1.9248760599692256,8.185927659022287,12.178306927533814,11.30885435291507,13.152759861142723,4.365376158028788,1.7677201301816876,9.493816309931425,14.901418091830033,11.557501156154018,8.531501929614645,8.224301780555017,4.023934148617573,4.816960888645233,4.1410579815510715,11.542486471732284,8.415088037040881,7.7737472260968765,10.910641064480345,4.588808493639727,6.357159757027225,4.57027249544047,7.032762683665995,9.913865866808745,4.7081777149625825,8.595553613907155,3.6581780803757584,10.159171805077287,8.896889135820023,9.788929844474112,10.569430106921555,4.479708286880372,11.266702795270204,15.33642867911891,11.443978827592792,7.014222100534458,11.895457593716069,12.43006685338146,2.457337054221722,3.2038734739440384,2.6655483082344205,5.7363796657334065,12.37030419669431,2.655515217596406,4.270182593186326,6.747551658841246,5.11634952816243,10.769889392508329,17.864137354624802,12.108448714932003,13.409509467416598,11.590192785651338,24.11015587717085,13.312268361080674,5.932360030773034,12.15057166209077,8.203790051157121,8.539929369230627,17.545456684566567,24.544270025450746,7.813898533349961,10.495052353999727,12.813716198971198,24.20132343167656,5.013005220205915,11.883531245290323,2.1541084527900085,14.302361946396493,3.8017003845248194,9.119667437118364,2.1541084527900085,4.293803685680869,9.25252937276983,7.72903242032105,7.290407268783016,14.703652637208934,10.68109373100789,13.06812399333938,14.242611678120983,12.924981348112947,14.19046389213512,9.526570741394114,11.020001545576525,6.76238579223509,9.289590642086702,9.026513527816524
2024-01-02 01:00:00,2.4391782950737153,9.538192942281892,8.713914911095637,0.0016044308450894804,3.6767965759942327,5.039347510055129,0.0016044308450894804,4.445006939262858,1.4807396203700725,3.6735707745907846,0.24810683485804,1.7018297901834518,2.2240809698503865,5.972477998121691,0.07002071404196203,5.422142846166388,7.730979870525753,4.95993308527648,10.211189668488748,14.494617857897566,4.995101383023106,6.732571644470332,4.5929912619779785,5.319007305434197,4.720695986956412,11.094924181119929,16.034119772622574,6.631589086324395,4.539432868235108,6.44646087805509,2.5931513003807534,8.070761259259053,5.740376473135537,8.644114306897182,2.3873892013959264,8.274115328516114,12.538033723634339,13.77315917657798,5.487139183751274,5.817653797753341,6.479246794751051,12.055925678682147,3.9324843830878455,9.749767663235097,17.52638699997273,12.063549207358056,17.506904465113855,17.622079308567685,3.8491813056159585,13.861723886039266,16.32454207630835,10.763264461406852,13.074484575832415,13.25657453155073,8.509388799920277,2.5021704463993615,5.360887639268723,1.977574523097056,4.448213861511091,12.484028034798447,9.499868729887671,13.015683191863772,14.927290059887598,5.553516532608591,9.380620926422486,11.368996967162047,10.834916795133225,7.841438359798181,3.997903823417139,7.200774785005041,8.289458577344243,5.855428306309967,6.280355974018827,10.735320585857218,11.62406076442683,10.656925645227265,12.01751045789994,5.350170095791781,1.6801745592247022,4.164337259719995,17.61183352802556,10.743619807397227,8.44521668411294,7.482509038698752,1.3695993099714088,4.104727673937773,1.8825178850604436,3.7357052126286536,2.9553163736889196,7.4116895957476805,12.906383686650631,3.4222359187480897,6.134564158454733,3.1372560259618925,3.619175774913696,10.394907201121683,3.1350653278516942,10.564415201502403,1.6702628165250428,10.31883677655079,8.978529274302478,10.80558386872975,11.058724110596355,2.8711689801301867,12.284538996015183,15.810158629965802,12.461248260803579,6.3521136923929005,12.911283608413573,13.44418367384731,0.5725279835587258,2.2499557737483533,1.447745275348947,5.734248586375732,13.378614095810583,0.6051694518293023,2.640479604692246,6.155179592383867,4.098161957561153,11.12331728911239,18.460883839733015,12.411201340800595,13.746536688729197,11.750781191526961,25.060925607838684,13.297204252865283,9.289640448041963,12.594908004378155,7.798496970885687,8.150807422740886,19.67669961910264,25.51965664098943,8.064250693755616,11.722266615309895,15.72640762680859,25.233347789670376,6.77199116161772,12.572754742190261,6.8272375964731635,16.969203040741107,6.793037579912539,11.059324658240783,6.8272375964731635,6.689494435937339,8.874697000735857,7.311308051820767,6.861197722733106,14.67009488904539,10.56751053456849,13.442687429877683,14.517902944382765,13.586642230800726,14.497436453481205,10.421685275457351,11.90190045870909,8.110765529670784,10.601066604771674,9.892170160485435
2024-01-02 02:00:00,2.8000844907908,2.9459240106735516,4.264872557868168,0.3367964961277745,2.961742936163438,5.977451181528396,0.3367964961277745,2.2802392931793327,6.773012528349474,2.736526168492735,1.4094115863000618,7.735050417513936,3.820211348204578,5.7536288305246455,0.0,1.246237867056251,6.78009190444187,7.245745184184655,3.8542057356416013,3.709493092392224,1.1745901553480207,2.21292612061733,1.1071253480303844,7.439093384311242,6.503953044170235,8.075540902332026,3.3309533667913453,1.6084517955591104,6.242263768055408,8.736428719639493,1.4271144587124545,1.776072277291744,8.718548813050836,10.281933644050774,6.062252731217404,5.0500818235938665,12.101340719082923,4.837620933371529,7.679862122923719,7.880640959476091,8.88395948102312,12.199818439804167,2.795124254813265,11.21565190348976,16.12947786650683,3.128223265214072,15.022498988374206,16.773925520986566,4.4987251182996895,12.871792370191143,14.581769391539508,9.960778989318639,10.792916086951909,11.965242231008382,9.618222872406038,7.81495973143222,10.740816626305477,0.7072555232396628,9.078173443149922,13.013558091560164,10.990331860493065,6.285107083188974,14.079763375398608,9.241522383220985,8.672606165350132,12.61925007241701,3.9751119042780942,7.5079313807551955,6.254031813285547,6.111662118943628,2.424648323742969,5.550725102765923,7.026512744992729,8.60190169513437,11.08401140299879,10.6302559910295,11.840328112743588,1.0482819883642593,1.8924622250778627,9.184296954398505,16.672774925185553,2.7528907506345166,2.2810061722497417,3.704257378442418,5.0075987414741805,7.418723301902383,1.8550174934984502,10.08463629838434,6.68449595320857,2.3374402923059954,9.156861816543366,1.539090789954732,5.950848665764483,1.5179709591247112,4.26204119165209,2.8694393453339435,1.5779629281554164,6.971099480049378,1.3178315065912687,11.850250555070446,2.6156922954217112,10.115289123039037,8.500342145200026,9.344263952280766,3.202800115052038,17.61993233300529,3.5417908296832796,2.149272273843793,4.405117403297372,5.427407741185074,7.42434833216422,7.9966614312306366,6.9014202447137825,7.558029040821503,5.388060746246905,7.515402679288452,8.397157881563027,6.400977465881223,6.37472398749742,10.244568334286173,20.81567276709108,14.094765144700345,10.711720438484964,12.072478602110133,28.087179128872446,10.388885565999152,7.487467167657016,12.98575180418468,7.201011697953426,7.100184935359102,22.215464330488324,28.59242523782595,9.380483630740692,9.841778194609219,17.90414430655746,28.27994983445617,8.035017885648909,12.78057760483852,8.191654692373346,19.260522205758043,8.098755533797634,7.374603617496934,8.191654692373346,7.96710642858524,6.791922543802234,7.3862037601018065,7.557301370856215,5.9995803909861145,7.736173456317596,8.035760472608185,8.30300070450954,11.21313960362117,8.54272024315009,12.920498154304997,12.849352396690511,8.626672351644162,9.20978097249508,9.97719614140875
2024-01-02 03:00:00,4.2057744610767385,6.737477253982732,5.057303320436488,0.7014520592395854,4.167956324365694,1.543341884684873,0.7014520592395854,4.083818300658333,7.547148592601423,3.531082754642763,1.8423083275288556,8.57039259340022,4.748112365313722,2.344961227532708,0.3559957579180786,4.486269037104935,8.953192982762003,7.606318153763684,6.775197570683776,9.666029654099408,4.188093163027792,4.441466461153345,3.907325258348553,7.922919185743467,7.114484385497857,5.421061563743325,10.997827922838091,5.419111973544104,8.060182980198821,11.019620927815375,2.839402010288837,6.213257607441945,10.47205206991626,9.926319233364367,5.726181758498827,1.7332361783404426,12.951971712584186,11.050858837439485,9.000000843404445,9.878197454764555,11.252422606214607,12.026793504915382,3.006791953799142,11.035723823799568,15.717015751010521,10.15577033354444,15.612150513950652,18.129163764985634,4.904343241474198,4.071303273209418,13.684301315834551,6.074478465351509,6.7877496964433615,11.073091089942185,9.820977655828337,7.549130324090951,10.820534314402195,1.0968015913790388,10.530766136740093,13.125652517886733,11.424614673382102,11.255946126583352,15.106069083396662,9.313474798668324,9.054864544863229,11.811981359851652,6.987533682694396,8.061159171990148,6.533614648370124,10.284125616378114,9.152052947976095,5.912451454866845,7.799608862008834,10.265762061280762,12.151935927798508,12.545521739865944,10.5808411668636,4.460987646845815,2.702832646987122,11.37402373073692,17.198510462677287,6.4926674106497995,7.313232398686437,9.66881030065322,6.75346799728468,7.673048069522302,2.747119673758536,11.756374294933071,8.555131438670294,0.9605173843408756,12.538460322355728,3.91494510167036,4.645892348849644,3.3685675547524445,4.3765497270929545,0.9178483725674129,1.0257462952373397,2.973686555195061,1.0480880925304767,11.282428215482732,0.93661927233026,8.063678972727446,7.283602548861147,8.645756510834909,0.8861945915418923,9.230776815007552,0.9584550143555021,0.9766784912931055,1.1424846663282464,1.3603995792319559,8.881341098988594,7.262386416376102,6.607185305174945,6.478323739934288,1.4115451985066705,9.674622334566314,10.213908294248089,8.488456707109787,8.114644299195042,10.325248957756951,8.610781643442301,10.313972479708726,13.407446439101754,12.454134079009107,6.448744338315185,10.168217026143473,10.120126417826821,12.76290133828391,10.188607699169495,10.368778574931417,6.9776883165679475,6.2983341200433225,10.038219215205638,11.695319364859591,7.4369844285212015,6.331622935777746,9.122645735613634,12.709034511569412,8.471681155375148,7.292485970512013,8.846347019544446,11.362533832061384,8.471681155375148,8.938994775537322,10.750221083699373,9.93436888653947,9.69947948092779,13.914223702208792,11.79083327881088,13.255757320994784,14.057116638183192,13.79591207255173,14.069449702218515,12.066739964764553,12.950249295833242,8.94815576599555,8.35343114078348,10.099244538837405
2024-01-02 04:00:00,4.267630625287562,8.859665134527132,7.264970230138719,0.1152165084233464,3.6236255118885685,4.032918730343566,0.1152165084233464,4.339733651403497,6.359859829542003,2.8886718859660974,1.1559054202688614,7.293262849135831,3.9181733257072895,4.845073873615365,0.0,6.787766097545908,9.293336528731256,5.723940686437714,8.52976809846398,12.26236417471727,6.26208855020468,5.6434836202735355,5.767100872342675,6.16804463447455,5.385750217004697,6.572812636017494,13.602865986632215,8.266147586381058,7.329234289630372,9.733434279768906,2.7474616296544707,9.044249110363229,5.015847029374227,12.37389319386757,2.348874124814946,7.666676320780768,8.239165432333717,11.911546399958318,5.229171523971653,9.156739599387675,10.29521916200452,13.028494286881255,3.2295667234548278,12.586379335713646,14.25830321259269,13.823988396983786,14.775716959709934,16.313820960515553,3.5269235896758557,7.066353980265176,5.3222980708570855,8.335198691093613,6.2985134951629815,10.25174175655728,10.24735972236802,2.347693900547333,5.560294084217592,0.8093800151058226,9.319515215434363,13.137216144896716,12.012313004383206,13.536140237239147,13.82221818114098,4.941836315988583,10.211890089508325,11.927067037226529,8.061202431530265,9.253229239734937,3.9959484411844084,11.038378031492917,11.971407212840756,5.82686248250229,2.584588915177359,10.513799737651405,12.153431389918442,11.12149510335074,11.286541973900777,6.944718430456485,2.91476749277071,11.960526565620006,15.175847215938134,7.609114631319932,9.18433244166047,12.283451032185845,8.096494140269193,10.329618107293932,2.577678068985442,14.357857195747727,9.626157072244443,9.309020573083249,12.62892454966082,4.437217321779312,7.243908807367943,3.61445178979664,7.326453722242347,13.300880804231811,3.5902127819279666,6.60195270249172,1.6314426189367814,11.752330359289903,11.404237360883686,9.758437259268995,13.310650081671561,11.348048376937912,15.825115364147534,15.152365820853404,15.89365631884802,7.8921294571361225,16.068213393776098,16.274911550143383,10.435582245897626,7.343701280387247,6.906543714423143,7.97451799812278,16.226437028104186,11.66742123420238,12.077071965586264,10.20662571476476,9.253697329564554,11.928554223499408,16.68413706183381,12.957767525372693,15.367907352199166,12.866379687007655,20.680845786956507,15.327877247704116,6.9591124971915805,13.600744313659527,9.937513993852951,10.299765452257075,15.117102549916376,20.958675282729402,9.75109631123329,12.98072324217706,11.167746444369854,20.672434262512496,6.0442387789947745,13.01481077155497,2.2706847683817997,12.410247420382323,4.445379480598593,11.12651711187714,2.2706847683817997,5.094234248400553,11.055531412272305,9.43139460854564,8.963794558208779,16.60532270245868,12.284218021662063,14.980450019360196,15.698045867614127,14.052280870436388,15.599088447494669,11.382244847509675,12.371152243301813,9.992963441419178,8.945072469570729,10.141023444378485
2024-01-02 05:00:00,4.496560428887966,5.032705861936467,4.477691371575363,1.8717849223239487,3.889469824013348,6.197005105289343,1.8717849223239487,4.598282313095195,5.241647084294053,3.465849278377852,2.4333827600338864,5.745349114313985,3.743388067088025,5.933094380537617,1.7365963503918722,6.7728734557099965,9.60752336622041,8.082309479350801,3.9314751954337868,3.5228375776663463,6.386755351210246,2.9703651139307685,6.023179419741465,8.332655032993856,7.148512891019804,9.850415060447228,3.07598053732587,7.889542199246692,5.651596932071022,7.334322756960153,2.5491184072223074,7.0590212574016915,2.0059680579627974,10.567239206057202,5.107922976206694,8.972028411141322,12.061362835794947,3.0801086535441886,4.044599465629537,6.765812463051424,7.352380064815897,6.880194571943833,2.3826552984092677,7.857105206126066,14.286299002303398,2.994727438164069,13.263388368347318,8.106290613136384,2.40874033173003,10.843156921729403,12.004116967491592,10.329012310658765,10.532508686675797,11.979853057982602,8.784529129627861,3.8994898580297086,3.808983911398142,0.1711569114707781,5.24661190019521,3.6454854954279243,4.44341635774665,5.323466904515803,5.853937242046753,2.9539056930598044,10.59650591519073,13.681272619349414,8.15057707800349,8.720998489287556,3.065563097173924,9.363639214884781,12.14476578200036,1.8197973838154025,7.298967911008213,6.256030420268974,10.66501817647947,11.80273743222061,12.989819755230936,7.306334000381998,0.8495927234844455,5.170244835843757,7.8381134035552185,7.33720491019243,9.365829118634775,10.828419959085752,2.820124307984233,9.890584936231107,2.317796608254752,4.980036810994939,3.7722658928918564,13.06024534698786,8.23581778917775,4.831937765273062,5.308169051816276,3.9572410343836335,5.676074052546929,18.53514220598352,5.211142859220141,7.493040132693576,2.52271752289783,11.782399857898044,15.93594460146741,10.322410086851516,15.706460560420268,10.963354199252173,22.003629650648957,16.14626439845362,22.02012642933884,11.115552678652891,22.062139696390997,22.111888839164074,9.783232337601412,6.34459668753173,7.45197946093615,8.340703518817119,22.035899528557707,10.674174855027713,11.185626605502593,10.64348517434977,9.740493797951803,13.797318244546648,17.92082764091268,13.333876597506043,17.313087257868645,15.484907432918202,22.893456596194692,16.32870453490009,10.808431638422451,16.096165229156696,10.804134299349887,11.101351646350858,18.347519926823345,23.23920044533891,10.736250464529888,13.950780660553482,15.040364609957278,22.999504786953977,8.90538212868551,16.100683162557377,7.590045104733165,16.08082376309872,8.347127356856488,13.379117651055745,7.590045104733165,8.535667656758271,11.721902634709785,10.388666402254353,10.004818608166676,16.29439003561035,12.74934191875765,14.516747273952696,15.575453319264952,13.774226089182955,15.497756142327564,9.426964183788419,11.302412786566446,8.38106499789405,8.048629050277244,7.965167949239673
2024-01-02 06:00:00,2.859080623618505,7.917282067348138,7.65441584124876,0.2986881908053769,4.3203134774733885,7.7226218836887925,0.2986881908053769,5.303489903378663,1.232906575791307,4.436877550456147,0.45437854243989073,1.3725466187312978,2.2265921409822527,7.8801870862446854,0.9433259654625121,6.553702653060201,4.72958161549164,4.66747496713807,7.82087101008875,9.319206291369468,6.060919404740511,5.225951343622927,5.596905605770465,4.528442161243085,5.259312010364589,12.305291445719766,9.570911254511266,7.810412353113713,7.062563645912684,9.76688601577495,2.935177236411634,8.161406943703167,9.383522932263602,5.287195910100845,6.574811433979424,11.420147459671796,12.871971142657525,9.704359821476693,8.19154501164325,8.687214906778129,9.713374377159123,9.313537630695992,3.2330222666575477,8.032460922966317,13.691534840832452,8.690140410638152,13.454040127427634,5.579086987620446,5.8610893474368755,15.255907446257057,14.168919006653637,13.868879316759983,13.554703143036617,13.529072996745601,10.700661027252721,7.493464890146608,10.354585191608326,2.774229549695006,11.76155360445616,12.442561838339977,10.648170082425287,9.200980875094624,3.7666844465063236,6.626853951055017,12.853283569313108,13.203122869486222,9.74278195540026,10.166141994222471,7.736543908670941,11.14465862459479,12.66615997942875,6.444993236209919,10.694700445817054,5.480271044229984,11.521085472446075,11.053445374779322,13.226447783186833,8.166093255809828,4.434824300825954,12.2166188423592,5.950943514353418,9.121276681314917,10.496825219984663,12.636020894717975,8.132565669625546,4.758963954806607,5.211914934564647,13.130106952963752,9.732405210008464,14.008419072086355,7.5488137858291475,6.7898355547535125,8.223889656342749,6.136944609220934,9.598484150147508,18.645462052249346,7.362762860129415,8.34601855346425,5.086534391389676,2.0288861347430447,16.443208099753527,4.369877401674966,9.532045804767685,6.835737591688008,21.580578761193273,11.316410271617723,21.647203212308106,12.361892105237828,21.81687942058555,22.017797999478955,4.868761639991652,9.707599487163465,9.94792327838723,9.45245676372263,21.862144550683283,3.559318806251831,2.819253643989901,11.253778515885246,11.000473152983854,12.501319395236111,15.177582972790232,5.772387635931969,14.611573185867446,13.343779076772309,25.82997610202235,16.193622900028956,10.33777730025367,13.872880943471714,10.12387482738894,10.490341031518957,20.866751891676774,26.570596967610374,9.689736326406187,12.221783499918786,17.01051036117337,26.291104695859065,8.649306827285397,13.961887102747074,8.32321607383092,18.223716700976766,8.509878864196118,11.99875247332126,8.32321607383092,8.515656469352837,11.274370678568397,9.603052661826624,9.121868818837445,16.989436282696783,12.543312227702414,15.809990897123589,16.063216513156775,14.965045825572282,15.961088807211656,14.863938925423545,14.588463785290042,11.461432085557686,10.171077020694455,11.48498038754437
2024-01-02 07:00:00,5.692236530716734,8.304074472829516,5.341982291158923,2.011736512165832,5.198789027879314,1.808548971210273,2.011736512165832,5.789623198922262,7.613596171038651,4.415112287267735,2.945303560421088,8.450920650925209,5.369807261628536,2.6272500547893265,0.11798817240436214,7.822030703003621,9.712659016032317,8.02266029747933,7.279197415678926,10.104323440385391,7.364283456801104,4.544559342721793,6.933260203874467,8.238895472181053,7.109986089960033,15.584768283503635,11.464699481856934,9.100357223363662,8.106379951975935,10.760251047065397,2.7274133549824935,9.440729987068126,12.737775036178315,3.6101737843886355,6.878914565072684,15.434572962745698,13.078842777986733,11.891353433313512,10.818976016017157,10.07288073539969,11.341312459667234,9.214176286424589,2.6766296083822114,7.426190187376422,14.179385617713526,2.2620839190642443,13.086279563340884,16.51030914140439,5.872637407311345,15.33890836332989,15.000262180433063,13.451251862263973,15.472994499460999,13.99832437485242,10.959962901054698,9.460759229660164,13.162025343064489,2.512651333086326,7.766798598539512,13.726323843577923,12.508082931072721,5.144870972776652,13.372236809768701,10.247910674488857,12.225733271313759,5.6974269102833395,6.980522597814701,9.886094276927283,8.16336910838044,12.907007971137105,15.266680235606026,6.977330564884596,3.212117029397868,10.309952718066029,12.946126389833474,10.411498029107513,4.359463397325087,7.634121268778141,4.75446086897955,10.096713965431851,14.77276924668644,7.519501864362632,11.166813933381597,14.57473696276011,9.970941745219095,9.215789050655374,4.09618581538934,10.701908129166156,8.728887519313515,3.5815521918245543,13.646510089447315,6.7064490157386265,9.438072338323353,5.5930481237607115,5.185817373035048,4.312381305036708,2.536895507017661,9.057764503785027,2.1790862538488884,10.292523765677052,3.964286199230875,9.786773068767552,8.141464524489347,11.9129805520822,4.771849580879756,17.888534873795166,5.134216762300924,3.3227281799025428,6.0570774886392424,7.149863964332047,9.931227034112098,11.764675970149634,12.14886423863662,9.721144805988402,7.081888853385646,9.483563280625857,9.468491587754164,13.612190674103669,13.79437497699335,12.829202537389392,21.871069147335145,13.382346487770286,15.630246719375386,13.297705838325626,31.25987517611078,20.342042808102256,11.541679132121203,13.36024385772088,9.857725574562991,10.214372390100944,24.61255767565736,31.912318319346323,8.542039836386882,11.776706828051042,19.677353478807724,31.554625103912787,8.516633868805613,13.908346554440378,8.5593851443493,21.230010637982268,8.534629424950769,13.62593356658159,8.5593851443493,8.522571001576507,11.018460171034185,9.332268394028638,8.846802294131,17.00296360872321,12.544713881742139,15.778237250984057,16.41609294168785,15.484254072803317,16.34935533728752,14.47097624045898,14.753441913154264,9.915537764948459,9.852186714673934,10.548297211696084
2024-01-02 08:00:00,5.128137160646756,8.436436838426086,5.142569214717972,0.5485525515480727,4.851167125122321,0.4086610647210714,0.5485525515480727,5.363554513835508,7.8998562468152524,3.9402647829307527,1.7736698000225668,8.998674660335858,5.040139273029303,1.4582704467009344,0.0,7.233669126491091,11.006830996458742,8.506200520799283,7.476283058036198,11.044194458142364,6.707001525468683,4.740179547915165,6.21108159479298,8.889947810064985,7.907142693467126,19.53545320692541,12.792393824509135,8.753924081719877,8.272229322986636,11.72736652264879,2.8171560307906285,9.31266139180411,16.634175032031322,2.714046587451924,6.904572380426443,19.700649238940315,16.185827082872994,13.806281812977115,13.130271452163942,10.339556056020532,11.784865964608327,10.748198962194195,2.878720164813794,7.7900564408046495,3.7401878044195715,11.276711185695422,4.822784887678061,17.731002279415335,7.425403162449493,16.485791546857595,17.953413826493342,15.484627998522825,18.452164317569377,12.032645157611487,11.659118103646668,11.15651988957821,17.11730917832101,2.748662252875829,11.25395863090322,16.542586253081918,14.402955614517833,9.69570534079884,15.855069878119094,13.003298012989333,13.111180274273263,12.16228846623751,9.92033530917081,10.240098693522995,10.40382390187979,12.961418353463467,14.543280520406828,8.211100219404765,10.947159474578536,11.087124158714433,12.313640190356475,14.086532321478042,11.184958066966175,6.947768011052392,4.323022630845361,11.671902329349386,15.68242602737746,9.81313424900423,11.634156318051524,14.05479042445634,8.350921796778508,10.1633357937121,4.470404926084373,11.814318548778294,9.001451011333247,10.56130227963397,15.417391442373498,6.754865619098435,7.973442322372796,5.86684562126571,7.752106283217042,14.168646938987052,5.392107347050193,7.83998361338805,3.6215871319294672,14.044237323591721,12.455155753589342,11.717130924373649,14.954897965686207,12.836867679312189,16.45115999198779,19.288314242519988,16.612331432113884,9.280583178022537,17.02279573441748,17.508838563536223,11.275067851513079,12.032867576553329,11.538929986458188,10.868451283542733,17.44476022752613,11.283858643351257,11.79430994777357,12.371572470120121,12.327944744601915,15.556677254992879,21.799385760062794,15.942215494077374,15.634582673832128,15.835453754935767,28.08560371043456,17.134788606343932,12.066114295533762,15.332718703602183,8.440313265112465,8.244204067117048,23.149295479582577,28.522530294122898,8.182832642111798,9.224567305988433,19.51657212031679,28.25923814909154,9.983425679086288,16.77645114515919,11.332816866188447,20.65945774492076,10.555997473870038,12.076004185207925,11.332816866188447,10.3571508029867,7.849518600113713,8.707762258093942,8.954856454070544,6.3681801908686175,8.833799573089042,9.3210378524777,9.158890253380527,13.205055729583584,9.448922611708166,17.593246825354708,16.37319652819123,11.085302025955528,9.182555225783979,11.941215742518267
2024-01-02 09:00:00,6.5314835754046845,9.492925037782424,7.527668185176838,2.9818918813785533,6.037293159255375,5.024523751185155,2.9818918813785533,6.496905017319922,8.710481210701303,5.364391322925938,3.9365788168807008,9.566748302837635,6.371406407497804,5.687783759795285,0.5547690294168615,8.259707176387128,8.848720895264819,7.039054524233505,9.015154213511291,11.745237276809172,7.8439097420566375,5.788845267065075,7.452387206005406,7.214103537771265,6.363559833997183,17.851862490376604,12.838310090948621,9.38595739192031,8.718647158782682,12.217061402773798,3.2979863586520604,9.92481177090691,6.423656027826108,9.015990439730647,5.237736116053861,17.175553395798737,16.197932922099834,11.60877926237587,6.872670544870514,10.713130514380897,12.195479564919937,6.619504957110923,3.5195747605845047,7.140951394944562,10.670898825552072,3.1743049342364387,9.979693585914816,16.892772927078795,3.9811890408059276,14.300616327056803,18.152796448699572,14.112622583196973,17.039402752299758,14.142542248028791,11.405482892928104,5.169356072896759,6.968654609467945,1.9612391252617387,14.589426773875537,4.411885694553117,6.727934386216386,5.36006536280187,15.262200804966849,6.993543937015044,13.607446281543117,13.911842867914322,9.882710904512187,9.034621747331393,4.669741843034499,8.90378199376458,4.3897922925076776,3.331778060092071,12.446551528993602,9.984323714903798,14.230334713038674,14.267314319955494,13.208297894415717,3.1322415999923363,4.702031170139188,14.388584621692008,17.592344070296914,9.435464421014993,5.6925152533632195,6.240022381238764,10.879175007003264,13.59164662667703,2.281435097790948,16.491596684939484,9.996563168561494,12.788456491345952,11.59963499867735,2.0174963669885937,11.712376258189545,2.146714754046818,9.177880860063619,18.08529008980385,5.198988978762722,12.312723592602918,2.599492185107448,13.319601348205733,15.569032500111941,12.983303740801592,16.453619035580175,12.692290619298232,21.436008836465916,11.107807193958786,21.237338440632588,10.908090952574074,20.73137345483667,20.132245463069495,13.324965720439513,10.191235899481079,11.351253522975473,11.877319481463624,20.134086494394488,13.962966998075766,14.054536762568844,12.543984910475615,12.17700923435382,8.797003374387163,9.698677053953094,12.32795736219072,8.235456885928796,4.4248178753920895,6.760163639548848,12.180438018429232,11.148113860193583,5.405296114091342,4.23321509183131,4.737584619252605,7.619060213082845,6.556052968977255,4.445411247522206,9.854175200796345,8.337735532516373,6.608141043878998,5.7204765234567825,5.6287519881087675,9.956758601373238,8.111634172707834,7.510332146502688,11.751030488167057,9.956758601373238,6.580325825506035,5.7915062775436414,3.527786568045376,2.876046241934226,14.177955390907353,8.236957971842934,14.023543998441166,13.952865462287221,14.609997891334599,13.919107113231037,19.08736105544869,16.793878875884708,9.36877308857882,10.672669850895652,12.140942727461455
2024-01-02 10:00:00,5.947727400955127,10.37930796208181,7.161797171121824,0.33290825337489277,6.117119446013719,1.8002742697325336,0.33290825337489277,6.463223537444728,9.767398721962312,5.156923312730227,1.9051949500972725,11.177596460867143,6.25193614026228,3.018095019107558,0.19579042289749785,7.8647340173041975,10.282659515006173,7.668308413198824,9.823043329043031,14.140268051750676,7.271360878341213,6.2964817807967925,6.712629782355632,7.994036276553258,7.294159035993979,12.80940209915674,16.15768019150389,9.520798170059612,7.742413149861571,11.335879994359663,3.241007497596155,10.528250244420727,4.819841176203498,2.23513299406177,4.533895036813835,11.114557110457332,15.088094415596117,13.833057924210848,6.074858508718506,9.776624754386651,11.074984040001295,1.7395945817147314,2.5518028548996954,1.833073081855346,12.459283647166648,11.94176628632038,12.9229824352032,8.599237854545093,1.1285316284119842,14.668892208733439,16.51750006809644,15.17280205289471,14.189859562233758,14.584569048599468,12.663658776010317,3.480235706294212,5.502506298206402,2.5805379524663286,13.819702445089607,1.4442887383434615,2.9599561114211754,11.313664035446642,5.989361917697621,2.5638989338175966,15.285908029310237,15.537407826092839,3.965662498161419,11.287737916168524,2.9312680335258827,12.486784172615152,13.915954723327168,2.4765337065984045,15.006665850466737,5.879093380856221,13.931182978369732,11.957867296970292,14.482461224757522,6.83248035938703,2.475956761778609,13.396892070704745,7.4187152090669635,2.190519672920169,8.335597718221756,13.768383511791422,2.6975974561211946,10.006610306068847,2.629039102266236,13.08112832193793,9.095954010871456,8.947901803041768,7.889833125331157,5.156869999070197,3.397170565243652,3.83408937680316,6.837704499613548,12.776263771328468,3.4630565527964037,3.850280215670714,1.5844217713616207,3.270661837166659,10.957401031985082,3.3999505054898034,7.844559269001838,12.657419599420926,15.197416189622949,9.917258935414754,15.274655917337697,7.588977217494977,15.471366643020541,15.704297587544373,11.94447175918107,7.703095230947524,8.881286118835597,12.162915322735536,15.598600915113481,12.889895934737398,11.23426408422711,10.89751436292437,9.735071197757655,7.98452962532175,12.75966985650274,6.008339371080866,6.216303492359572,4.126710518367018,20.447985724138746,13.562825025623187,11.489712723684208,3.7918472329086508,11.032970949087055,11.389200569674212,17.915880944767913,20.98249420686557,9.095686317721645,9.715805935358024,15.84261260352393,20.83222808010439,10.226956847728522,3.627258257419668,11.171978755891054,16.494880433693403,10.627719687433618,11.313689187017205,11.171978755891054,10.479399578882994,12.222568077181933,10.49444788377924,9.996910307160638,17.92143854888988,13.297787107394768,15.863832410161546,16.62834978432621,14.862327276181812,16.488559200806883,13.561603339068776,13.752054418125173,8.3824589628067,10.22989826900834,10.295548729772403
2024-01-02 11:00:00,5.677427308110645,11.604151634939482,10.23897735454679,5.375123031129629,5.550506379325723,6.305736694385735,5.375123031129629,6.44218541760526,3.5095446420290735,5.526835164166879,5.064218685776599,3.2306918057451424,4.987351842596344,7.319084567457994,0.4157185495725629,8.276007328564697,10.600356822485693,8.000815133657548,12.095914334961467,16.57383769295248,8.047469537690537,7.913349186628656,7.832274137048703,8.366653330716499,7.506919207281417,14.41191295912501,18.249910193085118,8.956960299872895,8.133121000789531,11.731009362945219,3.6962110319691206,10.368922019433665,15.737095823726907,6.6331563650275385,6.435574055351424,13.307421947156696,15.455746887136312,17.773541618083524,12.657034575681795,10.142986070559965,11.509664394497468,12.81723672405743,3.171341808978375,9.452908892282517,13.050445061970242,11.830638983469465,13.301382718863394,18.962889055107585,8.532508986447958,15.635812070961876,16.675313801641348,15.462021935815976,15.287829829031471,14.858074734488998,12.407147145443194,9.791975533875164,15.579118477323732,1.4422557859711393,16.680024153066373,15.39659762408315,13.364086722599554,11.989487486525682,16.246474205967644,12.137491144476206,15.073810094127607,13.998726443138715,8.886274401650226,11.914542830169946,10.695833852109478,15.106770716892191,19.054554614955762,7.062275568590137,14.85285331374676,13.098228488388271,15.360646994828965,13.728289180726815,13.248928733134367,10.734580710060957,3.0170362722340784,17.530121890011678,16.485580377432534,8.23229083228853,13.621831461922234,18.86992573645957,7.193246233922838,9.285921308239569,6.484456380754187,17.998787671321796,13.68113336435367,12.248767857324616,16.283648655466546,9.265481856561811,4.124343273843979,7.905403624514063,10.74092588251858,15.971889121555334,6.915353605955331,1.6191706707630975,5.088586020128899,11.495674862266428,14.20278685636245,7.580841789763541,14.113842535003027,13.009046921879648,18.325739507899147,15.665654470752333,18.38353890043085,10.927361797460462,18.530739839446685,18.705044792268815,12.090182244553734,10.388723590186828,9.561735226150693,10.256315049759078,18.64053214388557,12.86341207825885,12.75432989518173,10.548655989850698,10.198103469805972,6.044409744063442,17.47395840936272,12.869671254029537,5.910380051412853,4.287503956047415,22.318021100870418,13.587426807193953,5.139417203551501,3.6340757055547384,12.691535691748694,12.860392208527587,16.283072689975377,22.65478111690108,10.522613581380144,8.977541282517091,11.975303750064668,22.342563088628822,7.789964270944688,2.4877641028842494,2.2708139750187883,13.330564448070165,5.4562096808201925,7.884996001256833,2.2708139750187883,6.593016502377428,13.297312181606667,12.417304521796078,12.163944321423754,16.99101420217542,14.735914737911386,15.926188417072314,17.591049348900782,17.05484879908173,17.651786666225668,11.856162618458628,14.587649101368687,8.965413420929991,8.790625596111903,10.08946921544945
2024-01-02 12:00:00,8.473347959979876,5.4572295572718055,5.215700578329984,8.45932779595166,2.5232128182045503,7.371448007120745,8.45932779595166,3.3063721300237447,10.687674559291283,1.3493601193956846,8.830688600581086,11.02075132455171,6.785950041430573,7.068601458387849,0.6764460868649513,8.93612632648974,11.19148321981908,8.584427224028701,4.039793498945039,4.302749653781431,8.898563131377971,2.9302694878345257,8.86319293378157,8.972034339857856,8.066051233693114,16.34795444673761,3.7888501664056813,9.10603389756446,2.148081966365252,4.075489693356461,1.2700963297708587,8.170263209220531,4.575698704431581,14.991937614094109,5.304389608027883,15.652057819996365,16.957705628118735,4.160122262648287,5.701921024801282,3.0636531926486517,3.1757348624997705,17.861999566560556,5.511211027044586,16.351346119510733,13.702659845363074,12.701072608814021,13.970797654962091,21.221385993116904,5.869615910686557,18.88009287239056,17.78126279941446,16.322297856455695,17.316324811504916,15.0379229322516,9.547026753801182,4.988769821057172,6.9295308259741635,2.788746702828737,17.74270533642295,19.083248116590646,16.406132273915045,12.944575963519725,18.729594970902717,7.645423538967943,14.039775441491818,17.338534663998544,10.447797188366378,11.213728146785014,5.858617274277634,10.917105246105967,18.787485891740083,9.27549083739327,17.1149566445207,14.889913168170972,14.668406316172986,16.463740762869193,16.280806423829276,11.464371755612719,4.034701902535123,18.00668088352019,18.63475565466236,9.559574606793678,13.97787083763199,18.672539257337544,7.625517329237265,12.151916918467604,6.739234845231019,18.280235951546555,13.811796855349602,13.930315092162271,17.701439420213333,9.370193120342666,7.332682563232778,8.125079506617528,11.440712438877423,18.259173348980113,7.728292885351582,7.289273588473215,5.604015152552419,14.148347935827116,16.202568596838248,11.557256648809544,16.777053944048436,14.420590997843181,20.996991586932197,17.25366040247221,21.014809784467353,12.393702831941223,21.06018838264736,21.113922512794787,13.658288143615792,12.581492699056314,11.452412859743934,13.11432675573303,21.061020239190395,14.322254341116022,14.456810865025457,12.490292245473565,11.906097915858115,14.018244739735326,18.532715872074583,15.16335292406391,12.501345709254785,12.17699645072059,22.08458106537605,14.759385820205374,10.224951264411672,11.955809905163367,10.589094610095252,10.82710430758136,18.23404085747626,22.33153361494396,9.179081307604177,9.805954134347312,15.463818046034005,22.130753694728167,9.428087056176935,12.521431871972613,9.223093596036584,16.335353672349143,9.342020960096137,10.882421855528376,9.223093596036584,9.40872409346149,11.387094460782182,10.227845145416962,9.894089370057428,16.303955481839854,13.33968744509072,14.978660309705237,17.17500879167034,16.131555433694395,17.264121268156856,7.3688619960112165,11.930755355511298,8.898435638094783,11.942303640733591,10.541700625501173
2024-01-02 13:00:00,9.243711018022655,6.813833160178402,5.141877300535529,10.868271541409115,1.9170848801337779,1.9637042659358255,10.868271541409115,2.4116356465871056,11.861311306402953,0.46968862683208845,11.033764655956709,12.009743533442615,7.802814436978578,2.69313641331909,0.7163766313568053,8.197101607694314,13.736937280269302,11.103637237834688,5.873720375324489,9.354930082816479,8.407542015896881,4.522664378299309,8.605696587100025,11.67619625666746,10.215730930842499,15.694795527846704,10.562617379737826,7.807791076946161,7.316560768892231,9.541073427112785,2.9249428908033783,8.07786794304008,3.6888912155272022,17.019608914651144,5.738373578617725,13.577207526503718,19.579623158345207,8.911714683397213,5.416072176212324,8.486593591739844,9.90314328859429,21.038531200461662,8.66253371920006,19.21108145581768,16.19835599790301,15.544012272264917,16.538778776417857,19.451731796730545,6.63076169410343,19.17885590883859,20.530916041217733,16.808614522978743,17.61825435924327,16.38650987066738,3.9976418831213336,4.209439779530964,1.613245462284162,6.266639201337377,11.023875008659788,23.163726800225255,18.947431551117038,15.468832307123343,17.2971769303229,6.457013276868823,14.937590087364423,18.82039208982009,10.216429576208878,5.486947491771931,4.3264717141372,14.240263025463838,19.909870728785975,12.770394830320097,3.9765436774493854,15.173961771355073,15.34253936432734,18.424545182198386,17.01088574061655,13.656090197919955,6.666502285130716,14.349997215999073,17.027208963054346,9.155763206537227,14.158845934131927,19.263322990120873,8.296917764671704,9.130169477920703,4.160587468234338,16.738958722462474,11.844059831807556,14.729150013844034,16.664446403816637,7.727620027294425,5.3831018786334015,6.168653522905279,9.93681171584926,20.830760778190314,5.985720195656445,3.2128416241496374,2.9909754734153933,16.402164574978283,17.932506658624845,11.333572145627452,19.587408932919285,13.163783238328545,24.69154420069585,19.045016036846384,24.671491079365392,12.562878915966387,24.620420676014298,24.55994671228666,12.137850209683766,13.938977234503044,12.193874088000234,10.744608755405464,24.508136298638696,12.080466704049591,12.821937791417874,11.25357956741316,11.79499191032667,13.668890571652728,20.039263504508753,16.966465631532245,13.809267505506938,14.933494460691808,22.984779636379557,13.57876511865689,10.61694120299344,15.04035672899126,10.83946831591239,11.093429889575642,19.33722385625638,23.18961151892401,10.036518198694395,10.262708656592139,16.732711093618576,23.000841914355206,10.296294510698118,15.645096999359728,10.86529623767717,17.55211293106483,10.536856529862419,10.450631283778897,10.86529623767717,10.418123492084188,11.661277267447382,10.46744062248076,10.123726919300415,16.18940962587245,13.069477031651026,15.348416918824238,16.236721170275704,15.790325444772531,16.237840924205766,13.764338422696696,14.75710325038656,10.372139809050399,11.831361840029231,11.796692856988056
2024-01-02 14:00:00,9.51941113008993,7.767815071932819,4.852940980447865,9.213796198370874,5.13866940950444,0.5497085900222366,9.213796198370874,5.115788013051564,13.107998839607916,3.892123552206265,9.862776980909615,13.690075399841268,9.164424035525034,1.4906413015508915,0.6963478673060178,8.163397782694915,13.399578679705261,9.995036827807704,6.930511686330898,10.084037690195474,8.246150388053412,4.673041492573491,8.324071768128722,10.622990019580566,9.17563722070732,12.871843562565612,11.651405135571276,8.104951360157514,1.8809046517189671,3.2397386724630484,2.1077267773087778,8.502963675536838,13.993179468802747,17.8979266921052,6.3011532833187935,10.642027946251357,17.244591106903123,12.102980957358351,11.530997313081086,2.6406882837114094,2.6701571625557716,20.968720191205175,5.070172931701059,19.852131522111925,16.169355896192805,16.88652965728827,16.684582722573737,21.202678441863423,11.631789176218984,17.845806168046664,18.196814249698047,15.615439456122994,15.319778681994915,15.274168589823006,8.357333800480845,9.416877573785182,14.166832027469358,1.8303872625830822,6.822733290543224,22.870249487817137,17.407400109135885,16.516079732250784,19.030651075705237,13.219260716862294,13.996004071309967,8.053341733202014,8.170480944981032,10.65694481479997,12.045687694611642,10.537702397237036,19.949029123767986,9.768267691482041,11.54927822059856,16.230425065853602,14.97720517026444,15.105008214177591,5.308739722948481,13.902403181610019,3.0175006152569965,6.354584721881981,18.355573940135407,8.77178075599479,14.494293319674227,17.34529560882547,6.180427207276399,2.60106354039634,6.001269928697562,4.79573100513986,5.504266282243451,16.388491304572035,17.739898482806524,9.885514240722584,3.29031962383313,8.410939599166888,7.982995689842827,21.811306849945083,8.61269877696067,1.2871475360600997,5.949383108220896,16.082832921672324,19.2373317687509,10.51090567176171,19.60651027345422,6.867406375228363,25.24834514752299,18.446379278567758,25.205333701845955,14.461961902961404,25.09579405246961,24.96608493821837,5.236634361973703,12.168511952013679,10.723593326830185,5.2682642855883515,24.914917424337663,3.716251776607412,5.583333186565085,9.383666240314763,10.849177173453606,9.53211969120641,19.26838607043348,16.35459428105442,14.164569331695512,12.811430939791899,21.84750683069933,13.579468805813953,9.661438801324595,14.633141752445466,5.138506163065156,5.8118762252101615,17.871241413788827,22.0268867576777,6.230028216032923,11.632412540207149,15.06170294494737,21.823257321342396,5.518369274379813,14.769130501442742,8.732408657395558,15.945607611021288,6.873376250022097,10.656152991352055,8.732408657395558,6.05051971806387,7.176676043159104,4.215839601820131,3.363394619456242,18.255384175022243,10.49861023897978,15.67371235409968,18.129418958710687,15.465889504251827,18.109379286259042,4.621384287132539,9.852553446864288,8.089894492933173,12.611243022459336,9.851273777805442
2024-01-02 15:00:00,7.182691494170958,5.932836723731164,4.7520254903905315,9.43338560173601,4.277413289782791,7.022531093794831,9.43338560173601,5.583317023241031,3.665382355936854,4.0769688893672305,8.472130216485791,2.8032239635674605,5.053507183656438,6.7028281779655075,0.0,9.746526400938212,15.521672780153438,10.49191293696767,4.365708356515392,3.783029717708465,9.721856507504159,2.3552900732241335,9.698626880662026,11.311103004300968,9.271492858087045,13.090862387079207,3.247864042258821,9.991022251542065,6.259561256437696,9.20279167721079,1.4203722863431014,8.711846410453024,16.11288558950591,20.059912852225697,5.956443829534193,9.385737242814407,19.039656001507378,6.133784169891776,12.274465834919749,7.464966484398162,8.916703100934642,22.38355064357973,4.996897294692197,21.46718331638024,15.951846690762416,17.458773646903126,16.59020953024484,21.464603517127912,13.102414525122416,5.854920025642828,20.420401041219886,9.186109700530881,12.698145702219337,14.446633509360815,4.288068316819729,11.03799726628393,15.643972703161953,1.1673519305441387,11.917575813931336,23.550201207492147,17.426936928102386,16.88471548161321,19.283044349690382,15.466835519992388,12.757648900054521,15.124826992936796,10.886266055417254,5.80921662467461,13.222805029921291,13.301142835464598,18.886504605451062,9.5246728120522,12.12580183643011,16.034966451733194,15.212732686606364,17.449780355898906,13.33103919688494,13.031802120522777,1.1784273748287524,12.482993563271096,19.13874981222685,10.576384265530182,14.506088679940769,17.753513284994973,1.9345312474729135,4.579329558592367,6.695281356472116,12.660071017384325,10.307064352151807,16.684664786987717,17.99445860434843,9.680162400850797,6.605350239315959,8.470394583880458,10.644908072715886,22.075125634569503,8.958099912567075,11.268191742250657,6.311645390728093,19.212230535587906,19.515469568003954,16.742600465976416,21.6255138388926,5.4020438308500935,25.488427908542423,20.704138064014323,25.454254224538936,14.770332022685432,25.367222196093564,25.264165016474955,3.4922645590581682,11.69752088885984,10.368841925873175,9.266619378917678,25.2305136800203,1.649886751419663,4.560067111534796,11.147740372923444,11.129007727991578,11.82228354195723,21.20418875768889,19.294730869199128,13.961700511656428,13.014090896499194,22.816735802243993,15.118286356959413,11.062442249227363,13.418578417821733,10.729042875604739,11.061009752438682,18.792592673840062,22.92889754837736,10.212611849993914,12.182728797698786,15.99612986188271,22.72621580813896,9.630297288131212,13.505831271852466,9.696292256038717,16.875920815238324,9.65712446587423,12.146517952200947,9.696292256038717,9.6005793271938,11.777644846927814,10.254347422372538,9.815779716274342,17.100824079522262,13.06281831292715,16.091692612813436,16.437871219792207,15.235084439072288,16.36424596878622,13.344406793215125,14.03336164064996,13.669596908482426,13.547847482377517,13.144145716343619
2024-01-02 16:00:00,6.325801241579616,9.8489583160803,6.034191478728959,2.399459304302851,6.467990633363935,2.1421314966341996,2.399459304302851,7.465026756657778,6.839116294019377,5.767713137654394,3.13934172256205,7.502723329211884,5.6255689449359885,3.042907727371297,0.32002949679823994,9.867459821850474,15.207590591260061,10.129246884895506,8.346101099644725,11.26956103993106,9.279114970579958,5.17019966247637,8.725118603062628,10.862712839479297,8.93483314651941,11.253772808007318,12.76941751846558,11.600574230671215,8.855349540008007,11.622153812837126,3.1437736535584424,11.630240374214235,18.89127254857757,20.960977062286858,6.374086065182846,7.457633617965085,19.608442474532882,14.35218985487051,14.654569201331363,10.999051382071684,12.305275295385186,21.290065003816284,7.020733604276036,21.336206176933633,17.104853729827386,15.08240168435298,17.33086656165658,20.197876121327496,12.981775434076408,14.511755438476053,20.18992914525656,13.253008704952556,13.931595277215694,14.95707029210415,12.479970823626763,11.761139449362942,19.76789958772109,3.667188965423665,3.5752433243022077,21.607680426256046,17.754764704264435,15.297023399936037,17.745478614507782,15.615916206015715,12.860830020520961,15.98205560466926,10.302260671839981,12.462401180299393,14.988886282940626,14.791398241190075,18.98028405995148,10.580983658492991,2.677063461919386,15.091644652469258,14.371128453467428,18.75563391699346,13.4188388337789,12.825763260511438,4.116802437777157,5.365360705237217,17.843901053233253,9.853367393208,14.591903795732575,16.6412694570924,5.90984664513051,11.831064131749038,7.961336827937338,4.452127341136401,6.717825691423445,6.58393546374799,17.211012383724263,11.116102917872272,10.370955764895673,9.934879241335539,5.990217420923238,6.570666119674206,6.602146008719625,14.708308332355365,6.608383370324507,24.60653772892467,6.577263611688444,21.36789294153715,17.6772774884876,9.173579903968815,6.563186097522457,17.591891717413425,6.559759130219982,6.588447306133526,6.551031481315641,6.540696816056778,9.352735005564593,9.78599436092741,8.008465450980726,10.28597914740375,6.667294682514887,9.842098485737534,13.005373201709492,10.062049529385053,9.09502315515813,14.227211753091172,14.801233153659798,21.496510839983667,13.897135529049857,14.576586501398387,6.85877307032429,10.303895056176295,11.102860049931074,13.811662006961948,12.278996838278667,12.293912143105407,7.6000798623488075,6.306514125806393,10.60961856084175,9.742598248208171,8.474630599488979,6.369899722987381,11.305252072332605,14.614940699664094,10.444807924392476,8.19948950928873,10.943383266654676,11.207028637585372,10.444807924392476,11.198951483694742,12.398114834915281,12.225072877664532,12.175252919311777,14.01862638537905,13.68745626181224,14.79957954089532,15.559274838278629,16.58339788544303,15.719047056134588,13.673339104831749,15.60239022485342,14.189302229198685,13.277866097518242,13.231966428376753
2024-01-02 17:00:00,9.918302993692443,7.561194712286228,7.008007445664865,9.941508321180585,7.16523684204628,10.884631962096558,9.941508321180585,7.766354701971158,10.240039068986611,6.690787312321955,9.991259383508838,10.284661233474596,8.748611710862775,10.308463706474994,0.08550906933566284,10.821655766821083,14.758403148966503,9.542745106746187,6.4066299378175025,5.046406020047964,10.752315892408282,3.3431568730719565,10.687024187269968,10.29251828779338,8.490410487512623,14.419794147190828,4.071992605213479,11.128285262661544,2.325677725566841,3.712703944931806,0.9061177898112815,9.839770078880429,5.452516861092165,21.87368772216186,3.737133419239572,10.871503611224487,19.004699964859512,4.298920071812786,5.7504980756420165,2.8489924849983246,3.3692929294823313,11.409173632987901,7.553523465436306,16.30965105877182,13.1344166941386,16.733452324513603,13.887578512349846,20.838315119148255,9.34853925556138,15.355028010564421,21.752887520130095,15.409693353346112,16.330587022468375,15.459312038357123,2.8043497055202833,4.333831691622265,4.903335585028248,4.932897130995027,12.207773393194216,5.735225892204519,7.061476232204972,16.06146113924201,20.42106125431889,9.489934132465969,15.162116618353933,16.014424064500577,10.853326992828224,3.7883655828965646,6.940785331305805,4.131592926438413,4.041398540596448,5.5172679412025065,8.283838553976402,14.789739404516169,16.38471042534912,16.473615513595924,15.138877570093067,6.778617902560068,5.26198120652505,12.80396406994925,21.543304241730382,10.24538093755698,6.458091232254726,5.7547093747456035,6.355329760469596,14.56831965672696,7.57186454952912,15.314024168177472,11.390374620219493,14.51120196350061,13.978115357835106,6.18402745071348,10.962146634196985,6.7281778319267005,11.940058889521067,17.623843776548576,10.050793184786432,15.11864744428385,8.523041955937332,26.196437264626496,16.145375325310077,22.462534698200326,23.65817194226888,12.852115675969511,19.593458173256074,24.415834703716275,19.62153963600619,13.406091632318109,19.693056264550137,19.777741203706732,11.942343968966892,6.957859649512345,7.171609953138547,9.869217039203448,19.815455981255177,13.374757738309018,16.459630095779126,9.109936388811432,8.118663009255133,13.661469450890117,23.784992505646947,25.093382519862406,12.697514628999818,13.763368078164822,21.8324885903044,12.670621888658694,12.084458777678096,12.864775611525008,11.36447427775635,11.286342431973793,18.840603824759114,21.69669516870054,9.875213602697356,8.73453028649352,16.90966462343176,21.55674475850873,11.848251552371035,13.96390348087243,12.559668141051949,17.51715449726221,12.151914303665883,11.02340145153463,12.559668141051949,12.118579415640365,11.1919225645108,11.442587342546549,11.514755439814126,11.912951752273194,12.777922108560318,13.123506555152591,14.563285237507664,17.054388618081383,14.838963762898665,15.234736766625836,17.000056054970642,9.154002876018744,10.902840116527768,12.328517852239653
2024-01-02 18:00:00,8.895760997045429,12.859653866899404,12.906399475280402,8.249593489076764,9.224144080823056,12.129817405594979,8.249593489076764,9.186534103018852,9.325289760469591,9.318887873141,8.428861563262231,9.486076869717012,9.27555775004597,12.607762842698548,0.048963414092623905,8.98557521081776,5.419464051277078,2.4563265800996223,14.263858999226304,16.97276635767084,8.927593016574725,8.530295789624159,8.872995912645017,2.6136259967541426,3.207426805298043,12.66909999182597,17.750127559036006,9.029706228277973,0.6196887432121276,1.825630313846279,2.101726632607074,10.461236442036238,17.420912688342863,5.378753240063363,4.145671602908954,8.038180364815767,21.989761495321407,17.500038673188975,12.160302546395037,1.3176384845570945,1.1899615224695173,12.115861951076804,6.572903465750727,9.201890469774412,15.880553951603396,16.867062318793646,16.436024047959243,26.535977765781944,13.391685635806436,14.205597500233726,23.170536334401337,14.078085202419544,15.250768522932356,15.72483485677267,8.165733582365018,8.833104645318858,16.68035850742708,6.431724071215365,14.685238746407157,16.339735255764047,14.918136575692078,16.843278850489416,24.817393231212016,15.958222329258078,14.268252443665274,16.920629907432758,12.028981330101987,9.572831806288162,13.67016065748991,6.822190291670621,12.036236742518913,10.498333504299838,11.520459419002131,18.21456874715733,16.82653802263757,20.954682293765405,14.319477376777888,10.016291532757691,6.1619478162880785,15.508728661447059,25.290946317105124,11.798687094253546,11.328694338572088,12.785042550651584,6.486619796311113,16.629281772254473,8.114162036433807,17.451824418708767,13.192146424118642,17.539696780971234,19.27239225416554,8.662932120830172,9.372482611410906,8.397560124260089,13.268656555712036,22.27497635301522,10.753556912249906,12.173418875045103,8.429210862834772,26.41694306310418,20.025955227932336,21.346850577214173,25.97402455858288,17.288187767835023,25.27192564139877,26.977402878926473,25.30922022151095,15.858363600577102,25.40420041026819,25.516669239822228,16.21954509232301,11.367159888227535,10.277900075592706,10.846593438237033,25.513688364894325,17.936919364613704,20.18728185205484,11.049838927452493,10.82066822542706,8.328275389377517,27.299525145652055,26.18278018451466,8.126793058249632,6.701588595751685,28.01546265274207,15.362983730596472,12.483304432973863,6.522136658662848,10.330522192220311,10.375394018762242,23.2443830854178,28.065203944580578,9.917051611240149,10.574689668990064,19.985134392521324,27.8289804574949,11.170381517216022,6.473208239712324,12.642738350452943,21.01052171485063,11.793882357219022,11.976975430309498,12.642738350452943,11.5272340111602,10.491257012957462,10.257758559625051,10.190532764186337,12.886659257154248,12.465991950714399,14.474046415053627,15.298943221655396,17.733869133551238,15.547751254581145,16.916818485517638,18.10714234315756,13.184513374066926,11.27433740230857,13.749938656375647
2024-01-02 19:00:00,9.139217750982287,15.186492673356124,16.43083245300612,9.009249527268981,7.25473238382369,14.172999172986964,9.009249527268981,7.645688185118599,9.545562762948787,7.081600181231255,9.098627768578684,9.625726892089473,8.899999766309241,14.971408299729767,2.277098165806859,9.720293865040336,3.6261418948777298,3.673250632473157,17.12600498788693,22.263158307300344,9.664276290567777,12.041049258121173,9.611529108863182,3.3812654258854913,5.28921979768502,13.090176772018408,23.573911538671883,9.680940286183471,7.998583676689147,10.648829434422877,5.601321621155155,12.04103494951341,23.127771056332314,16.58864856829991,9.27025746193823,9.208455469589893,22.108372479953488,23.373189629845537,16.871607575941766,9.652283176403925,10.531624765663349,17.12327675631159,4.623727385067424,17.343675184194247,19.70364028019778,16.921109841102822,19.900701086920343,25.54928825226709,14.233698360695303,11.427424398770839,21.690039480157218,8.053270539519144,14.153030652052585,13.298838689402906,13.417117023642176,14.232209115484316,22.01382573711949,1.9257978101645439,16.04497583739722,17.99617128533556,14.845304855406475,17.653333574451604,23.693758761974603,19.426266390018966,7.075096903500952,18.65563335474491,15.261984118202884,11.322517349408015,16.165730625824857,7.537857080390964,2.817458519340081,8.059438420120406,12.785593827324455,15.912359719190963,11.843152686416659,24.574044377534452,15.01098198750921,4.808322401213074,3.443671719428943,15.94548362575403,26.457664376421583,15.459512242671938,7.761985497987934,5.266268412136156,7.17397440590587,8.019833322732385,8.859047808830038,17.506689804876135,13.619512976132718,6.769862020801031,16.94260082920773,6.620479704938493,11.147262265762318,7.658554211932252,10.912417760640523,5.8315882280050815,8.118555579290188,14.759421706573304,8.580501634807694,6.054581851955069,6.275737110760309,9.569499652830011,5.714959517378611,7.670962445122478,5.233140488595488,13.344718745739558,5.5168411824315,7.104014171204456,6.239357574090834,7.094910442186598,5.783865723448276,9.98178357481444,8.432707726659451,9.890429357864203,7.017324971647534,4.943479017744067,4.953893760338045,7.660943829860216,7.476012147365752,13.770079339872558,16.99527377936014,9.24488896488591,12.801116628314283,16.203729614858766,25.865220575518663,10.233908936146044,9.215639396017952,16.131083276989234,13.212758284725549,13.314009418207783,21.600136686801,26.481670175913766,12.572812261125629,9.935272281546066,18.299841548581686,26.24247172884183,11.9757742476461,16.399786008314283,10.864976570854536,19.338142431251583,11.505994563843068,8.185537591272421,10.864976570854536,11.73150445849343,13.55157052223367,13.059380136445316,12.91767517129591,16.593571089202236,15.454838012641764,17.855638896654284,18.483731732275828,20.38305175946489,18.677492372528285,19.760511510577842,20.680772966137354,16.532649693469192,12.20143280339938,15.979512127155697
2024-01-02 20:00:00,7.941936705373029,14.813506606933348,14.637837402450618,5.755811091139563,7.1934741875237,13.349796162043173,5.755811091139563,8.39159955229518,7.020250471336842,6.966744808742112,5.966533781772981,7.2092495021666885,6.962221744750845,13.95939040393924,0.5078246613598952,11.529797443128073,15.328875007069673,12.22220480529116,15.343523924304797,19.526722576223555,11.074910605142925,9.961039472011706,10.646580765371208,12.683344282722176,11.718534191717678,10.630839965653216,20.52401193130969,12.859572876112166,9.388110426539495,12.916468710132884,4.226384113391062,13.985042733391968,24.32424527895568,4.379358381068048,10.888495543649846,6.937026501704901,18.837695687039936,21.370234522269584,19.222212905474738,11.72999491582625,13.144090333184419,13.06754566548617,5.712827574027548,9.215239887059745,19.751441454394108,18.621350244131648,20.189145473124224,27.01240457187921,14.254533972801731,16.14573675143777,19.616716807807872,15.250539315821566,13.987457330747503,16.70691166588759,14.703089774190163,16.435123716999275,23.864972439004106,5.415384097262754,17.83053247999482,17.96855248700599,14.134715887516327,18.854174126915126,24.443672273849298,20.506299959031505,15.233866526933927,18.304023560518424,13.95578009902053,12.732856667062595,16.850186414744016,11.767122524785966,9.21261257430882,10.000306472333472,10.452231222499295,16.975583783874907,18.177456944197885,19.08015427194662,17.29129616844653,7.23531682576834,6.23837806469611,19.626066954595977,26.946503089131525,13.525630697009202,10.829119503658092,11.377986197181537,8.132923413424269,2.12106657178857,12.237556307071529,23.09045626768445,18.035054086117267,17.57558763643285,19.08176728108395,10.823281544470879,5.489563949976272,11.238231324497367,16.990697796414047,20.106594666210462,13.950497758695715,3.6490943999194667,12.708854718750421,19.166651014045975,18.903722703477285,13.385128530501623,20.137064810874968,5.475982158616827,21.70606904656098,21.66849531082932,21.76305065507532,16.677435813561743,21.908168897889784,22.080007669004434,3.288980521063581,9.925434898434094,9.002806845011065,4.908020259999382,22.045600396090084,1.717984085154669,4.615605799320136,8.222998614294038,9.250677815448077,13.851211663452144,22.813152192980255,19.47017926331705,19.002391090794987,21.046670381669173,25.768432235075892,13.576848214164219,11.797409753856453,21.650567942922166,10.80519041156576,10.494466125234341,21.549147851401347,25.973860512901137,13.10158801262915,13.600846792882141,18.55769901317586,25.757046595772273,12.047864563116654,21.995645757140977,11.818599245272837,19.498834226575966,11.949271524191886,11.972610728611583,11.818599245272837,11.930828818412323,9.74168980195326,11.286630383737226,11.731429302247063,6.351869529136528,10.699475605478497,10.714390129561036,10.222924585772722,15.437672534576429,10.62734100559637,19.667697702580618,18.888698665056655,16.867409216170387,13.443424906469307,15.424741359530158
2024-01-02 21:00:00,8.481885214974437,13.647784512265822,13.699714881360809,6.53003920014293,7.042269576380459,13.826321054858143,6.53003920014293,8.228313831946606,7.9025147925695425,6.714475824733754,6.758766456027437,8.10766227600665,7.320967494442975,14.126397350918644,0.9438096203447263,11.787940985393249,12.866085243215888,8.682121212200274,13.803544656111114,16.866948856131824,11.37371237941373,9.084807618742063,10.983667081084251,9.142866431647926,8.48451891939662,10.594458370572479,17.350301694906396,12.925150410219993,7.772259417481773,10.507441017188349,3.9151615616246165,13.571584387019595,22.833596780472497,17.895715693415973,7.85071077862563,6.249510395037212,21.9024832433213,18.60713779446668,17.124310278301326,9.629605167344627,10.676880753294915,17.808018357227276,4.669745999740838,18.117385581533377,18.887184678679493,19.110010020668305,19.644167828871417,28.03922432810409,11.689791705718646,16.825538799096016,21.741204136049852,18.02513072564841,14.586030388816841,18.509390143224074,12.607942407603138,14.020250666767932,22.708167219314507,1.576884484303153,18.484457963609906,18.143246041026014,16.29648354071288,19.003158472035192,25.125442107081756,19.24876091681673,19.170425179254583,20.499728508484928,13.994473019228359,9.89919094629704,14.56537452934866,7.800639501226948,2.8849385073027807,8.203699990217206,8.963491840562009,15.30614527030984,21.748644866287904,21.989080021180325,18.71153463936762,2.0952878643143573,4.036115052740369,20.376590343753715,29.500598678014633,13.343465875820327,7.4418737709054845,6.388497090625398,10.097298378589928,13.670357911909669,13.232489094530004,24.049734742393913,19.179564559267583,8.932675663136965,18.046704751087987,9.78638801132185,12.398304723681058,10.985948986245987,15.523080772289434,6.758805382365057,12.053752129614177,14.390357333709927,13.122763658276606,5.066564360901188,7.789197503460809,8.596552091513221,5.159455265510953,12.842605406319024,5.376474642151602,13.41517055439985,5.683467271152853,9.705953185137728,6.465302534129719,7.391096618997553,11.404518394426661,8.404122732404357,6.798263901723893,10.056075392875305,7.298797101129744,12.815635342522969,11.804047018435439,9.20921095658975,7.981178203848963,17.83177897627108,17.54781759017233,8.828732555156233,18.810761425044582,20.869886919333677,27.666279164770504,14.321595884490229,10.978696763079178,20.6801940053536,14.827765871197608,14.808322891753756,22.637261768353792,28.36951672082758,14.300720306896435,13.100073835078941,18.761812958491944,28.088632345884704,12.801207619912574,21.12493236925456,10.031248744479672,19.98106207152511,11.629715029524338,11.80999707733572,10.031248744479672,12.191314246407133,14.784760899324581,14.847233948859856,14.865220365423019,15.549281200720893,15.838281010316152,16.83076796208481,17.14159464537517,19.31274293462191,17.305657186758715,21.27481091416531,20.838656407924407,14.64729925759045,14.160443002187725,15.536246399468494
2024-01-02 22:00:00,7.040998927517715,10.8423962262297,15.087814992592605,7.669446004709724,7.355510067888822,16.96969775510431,7.669446004709724,6.249126107459993,9.39188546625347,7.878572658458319,7.956495809923039,9.649342956104867,8.620394941306527,16.951843519799123,1.4391052268173676,3.825826245609807,8.936971560747203,9.35787123204236,14.633866896551563,16.788783484460005,4.128634726968972,9.61771780265582,4.413764780141282,9.584037203797713,9.788936460833256,7.938425201832406,16.737488383723537,3.1771038329026005,9.057727391425715,11.89086697482182,4.422293131461407,5.225117849779477,19.561250166552757,19.350083254717777,9.799908356932805,9.157887818750776,15.337740439885552,17.51250466549305,15.341209303485744,11.103499234946497,12.244677101401091,16.81408011286113,4.136338481027623,18.55106846136416,20.01727406219126,21.464147664324017,20.771634556825514,29.801950525831394,13.973394913493976,14.539887841862926,8.668860583890108,15.562637376348697,9.502744900571928,15.571652280610206,14.019795470720732,13.713932022662233,20.107764914379118,0.9594062194779472,18.02810474319816,16.402734433187337,15.358800492540585,21.131126525563076,27.286119851715927,18.853115116276893,17.02556532538647,9.808983773908764,10.842541562214427,13.1077934279428,15.275643644690888,13.035815423109995,13.06970677085695,7.312182800583499,7.926596746401978,19.64983584170228,20.188266561708232,19.953014498494642,5.56756274404666,10.080977509155456,2.921875905011824,21.127268055914204,28.58729303043148,11.95335535248777,11.522247176291513,14.948541414570096,8.17290886859821,17.42164895548932,6.0508168318446,24.980323758833382,17.127219405297765,12.826680729611418,20.878004752311387,6.852195113431685,12.732729664354286,6.347950489126824,12.926982266728418,16.937428044618887,6.940181591983033,16.55159561384651,4.923974841147203,1.0877257273177727,14.983335099707013,6.964634045130678,8.165456322344752,15.44973429357211,19.533845538966908,10.213633157631755,19.610264403118876,11.36824242625813,19.80488458975014,20.03534006561736,14.661134691175388,8.072590588675043,6.655981007556612,12.127640511149835,19.88450607127233,17.075683062651297,14.779510884408335,10.321127968416251,8.350259754707732,19.90738027043724,14.036953240596596,5.274518268599748,19.201420808635305,21.04050991304385,24.528047942826575,14.742071489561678,12.832756099635592,20.342421844564615,15.444086326280095,15.505788524690193,21.138358974746343,25.257442762676362,13.642398083285238,12.383597924332069,18.353538952607312,25.055604867345007,13.730170438522904,21.416617361773564,12.079930082872657,19.22966698539406,13.033958643228718,13.03303399243493,12.079930082872657,13.43706234570972,15.711744570024639,15.322919139110557,15.210973648650334,18.176862145920342,17.285054560781212,18.960393262234895,19.76841452757721,21.19666847583876,19.93197420227652,19.89724770410719,21.0519397767578,16.25826713150384,13.112355814944173,16.062043070190853
2024-01-02 23:00:00,9.314579024000075,9.664371194984831,8.306759923581058,9.227222100631293,3.2039383410392137,4.837361211888014,9.227222100631293,3.8769834177928617,12.024651433303703,1.851487266663565,9.69342225626517,12.442790444924468,8.037174277524986,5.691640701450546,1.1965400594442501,9.419657708677313,12.881558782589972,11.725749573914381,9.113917613392935,13.49364629712511,9.404497225100892,6.813118682200985,9.39022183403899,12.010775382085658,11.753470258459384,10.240749903735189,14.91214328040684,9.567212039865389,2.7086156806027764,3.871214971640134,2.9684221025559596,10.332178571971966,19.377769673614523,10.360089424008773,11.306216304733805,6.376683300869675,22.533770026223515,15.815810245918827,16.06868229616608,3.824228466390749,3.619431395649194,4.974115777472843,2.097699351517971,9.114597631573066,20.789361583613996,20.178898798520645,21.073665298587542,31.243267301397992,17.73279498615026,16.969041707538413,20.84518655894377,17.37859027409369,14.125575319345549,18.271236864784658,12.780571611465826,14.703088585011017,20.048108117873923,1.6261826691839294,8.16004370338447,5.10182594575753,6.695321010883795,20.684304442409026,29.8684560595865,20.647887998902462,18.19361371771582,18.352566143614,13.193927946676956,14.2955777181629,17.662986589307117,8.042778386325494,12.67726674640191,3.4745932103994956,8.777839807494445,22.68304450977868,21.258690885430827,23.610676836577095,15.065160874984928,13.17498569867779,1.7111626120373329,8.344474868689126,30.187916606950306,13.10162641206735,11.627362180450133,11.88709071840081,2.7953408541671925,18.041611582798353,2.7233188820738494,8.704518908930964,6.074944573169652,13.732060483791686,21.74244173475465,5.009154670048629,9.683275968042517,4.389151153082106,7.03372886167101,19.49711004891415,5.468295246847748,15.383663544882472,2.6378422274047573,0.30456474914727527,16.75968097519289,6.149364730013126,9.077266783892222,17.363095626284064,23.147917701148966,9.16067390781469,23.15133810513317,11.684631023650098,23.16004903886853,23.170363911205158,16.962762909685495,9.788597619834524,9.811235039869887,14.623153437898013,23.01035733513275,18.871062631192082,15.855523890362074,9.976275373055067,8.946654546597893,11.303329680893325,12.68150043803229,4.369936588423315,6.227938542280492,7.553386115774975,22.70699932760454,10.581461894508907,10.548667842617572,6.99788133433349,12.7775823276003,13.205483004166224,20.07375860295511,23.40409809541667,10.100983182117844,7.839678150518038,17.822190881438082,23.240909204754377,11.690461382507937,7.305754198114287,12.749886346056432,18.530553211088257,12.140303447548284,8.582331463770437,12.749886346056432,11.996465022324799,14.222067292786328,12.123673157115993,11.519531190001775,21.621509482386212,16.067378126174667,20.92126094615812,20.816131948347344,20.424413885154237,20.723786004125273,22.99166342172941,21.444456674313624,16.33845437917169,12.440906225928249,15.97259045625655
2024-01-03 00:00:00,3.2106546527627806,8.92499481418088,13.256799373560618,3.5009891179403847,4.635598700615779,15.273329838792657,3.5009891179403847,4.314817091074225,2.8062033777910664,5.425406230071012,3.3852009489930115,2.702351952741232,4.027563193899374,15.153189298154459,2.600329682671157,2.6687562961962845,3.542093983431877,5.213875598236343,12.13292829734482,14.055963879800355,2.7343213553551537,8.819171194096722,2.7960586248011836,5.0770159016765035,6.630746010188433,10.78159980416904,13.840052250511977,2.5210702658505477,8.184692928652591,10.427286328586213,4.789670255981965,4.334841299456131,18.790388958179527,8.282754429969572,9.098868961066483,6.19647335272952,24.349353108235608,14.749163812945039,13.584098719216485,9.17985902571586,10.453997583738433,9.91375528030306,3.3332313200515635,11.035768597821367,15.79249505729322,20.070914661182748,16.62526236348077,28.276598050033925,15.975902481703338,17.940272456291545,22.996837607105267,18.385031920055845,15.131166891101737,17.27031092838772,5.605028532879683,13.01484551503625,16.404677265411383,3.2394861897127063,4.855190828574355,14.270293566628983,14.204320210668076,19.349567863223974,26.974877704220077,19.03487727634313,18.378935615667757,21.331070935375138,15.187036078126798,6.441539346995283,14.991736059524873,11.539365390524255,13.982681207027136,7.925808331131826,9.000460397277381,20.462590064256688,20.045329300918866,25.152172551149786,18.292267579915084,12.511028010326177,4.261160838567493,4.258131853353821,27.216230788353908,14.82402167297025,13.66219628826987,12.08896061262827,7.474824965975252,20.593855746655997,7.5787543938985715,3.4527121631733086,4.842046183144154,17.747763891017428,21.514625453360665,9.508846257297204,14.749344103267013,9.133404982595755,9.026623947458374,22.549955515892563,10.860363259754804,20.828023967466965,8.50133400929655,0.1179464906464539,20.271121547703693,8.087662571026518,9.90326147092074,18.527088024959195,25.595370772779233,9.6705348876166,25.587072537012755,16.041342356533008,25.565938956822784,25.54091406416514,18.086840601739304,12.135034779625695,11.383457231987826,15.873834560341134,25.366013858731957,19.985619507535915,16.751467835760145,12.898042386544208,11.62519884628352,18.184862418706413,13.436146559331924,4.607161977490169,15.598220026086254,16.660496807331736,24.223749346453022,14.814400329665636,13.488869400750549,16.6840725598121,14.658211914540772,15.10596702806333,21.524451906082383,24.97385199306734,12.953126301652677,12.886321802525657,19.19238999106338,24.804829052637494,13.349570863056009,17.31365323085237,13.938749109956847,19.926076477694252,13.598886627772963,13.004149912431874,13.938749109956847,13.484845142418731,16.11915551673646,13.996852023603378,13.38582638959149,22.949192810519385,17.249703381515157,21.484978968755374,21.094227646007305,19.656922913309465,20.893108885915318,22.664954608828463,20.5565550258451,16.737805409789853,12.872179280236324,16.229919523082028
2024-01-03 01:00:00,5.511992533051044,11.690548661948274,14.653255964579046,0.9849707562835166,8.073834987746135,18.628797881588458,0.9849707562835166,8.229844306166704,7.138059526667417,8.418409798993496,2.010401822183462,8.057777650308202,6.154571165732543,18.184200718087837,1.8068292165629065,7.439885119380949,3.4402774097105646,4.772306835794737,13.457955499304397,14.123761950876885,6.931353334735655,8.832985378482544,6.452510423384903,4.3769839241745325,6.876398049201024,4.688479512779279,13.362092939484558,8.671224759816091,2.615626451890343,3.5703071780205837,3.2205326977785016,9.56006075950858,19.49406361484301,17.47955929958035,10.565836174497813,4.801847743022522,19.391174853864037,14.585135128339102,14.784863187650195,3.4193886037893773,3.2188957135733265,7.767386824120129,4.942796615600587,12.908395433366808,3.8694492982123196,21.186445567830436,6.149836305770536,30.22078787870433,10.841904416306447,16.969441669290923,10.001008131391268,19.8501078958049,8.633401877208719,11.81571711346503,10.703694155311581,14.30640288510704,19.62869122133916,3.100199357529468,16.00073235155578,3.741201131248892,7.136349214438306,17.666779646554122,28.410202081096763,18.58441454484047,19.835539439062035,12.418868508410618,4.1514167395833885,11.205727118224344,12.886579677534533,9.64877105649364,15.868537322116207,3.9399584896920308,9.757886706595643,18.791065032122464,20.002592996051327,23.91294537953248,5.2866312654700955,8.637197485233793,4.340999302788147,18.154020192416247,26.224749684772803,4.175832434599008,10.619576785534916,16.553003813738805,7.696032171695558,23.368083108084903,8.586542801783981,21.04901501013461,15.66693758752599,19.816514637294357,21.39364952206172,10.008156530384408,17.91257254557512,8.93285342473553,15.049633818014778,25.574570404264968,11.565138080185072,26.611123377810273,8.738928353628495,18.65561217133697,22.839596250853155,22.246351453752077,22.739181864357896,16.84327242803891,29.218256008292258,14.209393117480579,28.901223764530634,17.77215459494701,28.093820054285505,27.137749620471634,18.054323201584467,8.750712581897865,9.316484852735183,12.475875750281697,27.157318146067645,20.585029345102207,21.201413658587686,11.194141539002946,10.163626080787932,15.864428597789832,11.597249693145306,17.039428533445548,15.229442407028426,16.717460567646814,5.871087192565846,10.432263088319607,13.830746037425236,15.889971996056033,17.15697029408613,17.326851539706233,8.177090203614313,5.473269867017897,14.768512161130925,12.598607553286753,10.005082397335697,5.605758894721551,15.318940710009247,16.401957995124675,14.123161105893491,9.429980526513724,14.815312933482636,13.25710488569854,14.123161105893491,15.141406435593153,17.78621738081523,16.872114133980855,16.608937581825845,20.851350551653496,18.411993974735054,19.005413665471856,20.24765923676147,19.184275035300487,20.182408656154628,17.5201041993724,18.125103038191885,9.639530280531554,11.461067585474092,12.915243055074164
2024-01-03 02:00:00,6.632514109158497,13.977271366965002,15.606219222071346,0.12229276034969368,8.558591721097635,17.513142275447652,0.12229276034969368,8.92414694457021,9.87720776515665,8.401392882379485,1.7479791862125968,11.33530018983926,7.192899855321707,17.526532048966374,0.5389388604327793,9.278993416561166,13.997004397463009,10.559954935463665,15.314297259780005,17.64881882887184,8.557609202265947,9.619563112140705,7.878340515812973,11.066237828356117,10.004066623009106,7.776170308733045,17.646425829145347,11.347375494464123,8.55588795826028,11.495399781949674,3.7897290930191954,12.245075221607717,19.02300186437487,13.143496408416757,8.301954716008307,4.100045660747606,23.347428509129596,17.974052872202822,15.248322517078336,10.574641931908417,11.872755446421735,15.174859098305262,6.8770112872209985,13.615809214699125,14.248795353077108,17.457303721373577,15.011776378415004,31.57782707622684,12.914503518295284,16.528778339360066,19.16370025170767,16.809702484261646,12.20116990217367,15.145951773171603,12.13265690465649,12.526975074153013,18.51558587270362,4.727688466220195,5.5639371245765314,15.359324128168574,14.325780394839363,17.141298989052533,29.12200852773673,18.122772078620617,16.696622906029404,21.867073291544546,12.645473067787245,11.829170508712151,13.878083623664054,13.951993847534595,17.375674524832103,9.184415962940069,6.502978123943064,20.857475223096273,19.053101487567428,26.651842276325873,17.44502082187569,11.641673585481346,3.5740251750140137,6.357467566676506,28.728918450193518,12.01700735586068,14.58333828259962,15.404854762531432,2.3447373936699507,21.836754326802364,8.997192155499542,7.066566180544823,7.333468324061887,24.81842896245915,23.678247477707256,11.441569743295256,12.62693771577177,10.61805790837471,12.662799293923337,32.255774318948546,14.153295580908555,21.71660466426274,10.50034101152926,20.693057317613583,28.725845913893615,21.71446718130612,26.963210168780968,16.48685104581682,36.970440817274195,21.01052609606499,36.74931784707755,22.176036825748174,36.18617163696703,35.51933367899239,16.203498970694287,5.039880605651861,3.198439010932625,10.081550958586314,35.47096260850239,20.095845854079847,21.65946601495166,8.190553934664317,5.661337210192406,10.414847150348987,20.54417631236253,20.741547782239504,11.478657454096878,9.676976105270274,20.417415913423216,12.944117755747142,15.754198796122461,9.93189313746906,15.555525018271544,15.896773888820672,18.914662796380725,20.40883875264428,14.838684216194533,15.842517183188072,17.90448399598965,20.335623118830114,14.880657828171508,9.247197202855812,15.628765410311166,18.222294826892004,15.196416658448232,15.37327360142949,15.628765410311166,15.01938714740377,16.64345658717414,15.063025305979163,14.608008373326062,22.108277865320954,17.911536350894153,21.37062529910395,21.329730144220214,20.967458195227564,21.242184145907924,23.441441202265548,21.955039893137595,16.642681120325967,13.980992029094386,16.905655768812117
2024-01-03 03:00:00,5.232426019514301,14.798234053705169,16.06568961685078,2.155973926985462,8.399838556981516,17.030884944556632,2.155973926985462,9.669092144006271,1.9802148688135741,9.05062427159225,2.1266831422936745,1.9539437069261056,4.679305327124739,17.192185850549997,2.367857670612064,10.357790038149604,15.675910331491597,12.433942137432904,15.98784602135184,18.66532267113789,9.711633644784005,10.857311807987601,9.103200862548185,12.955648913565938,11.738806223610457,8.264624749570867,18.91124023963459,12.24427960700205,8.141906457395331,10.612771547141339,5.175816687702251,13.186454207916064,18.108540312643743,7.875630000667572,9.587146904222571,4.340743555770501,23.006319196155527,18.718925791731852,15.381195944331086,9.804780087698058,10.651909918805503,13.818412944944914,5.186119184476468,12.234596047338162,15.578747696320312,17.93289142764409,16.100571306761857,27.82093195192358,15.440937709515214,17.7428911511958,19.83464049732705,16.765141045957304,12.960374700659802,15.317802498403207,13.399521871446806,12.747611177879321,17.836322078229088,4.802386173841484,5.254593405704196,19.23167428617855,17.22940470827308,17.75485047907127,26.55382890512912,17.85572742543274,15.835145363336013,24.55052900811205,15.054473288191032,13.865298094967612,15.565936732151979,12.892507644087212,16.354656465690287,10.613679413396474,10.357640267600207,20.78781453433527,17.735800031762214,26.249583551883372,21.28994865446142,14.05224383378859,4.789075307284964,4.500534645150665,25.931309617050697,14.146724394507194,14.688568755105466,14.043110461521684,5.852778874821297,19.504354105406765,7.483758412306221,3.790696184768798,4.811599942375289,22.97187287437048,21.73834208636263,10.102962833384264,13.957855698743744,9.41249843931442,10.498788453879339,30.272991680075755,12.501424925082727,21.17280167432828,8.915152788443224,17.982893321240155,26.807962339217937,19.67733257727801,24.489326821584946,16.484011788592593,34.902057247411086,21.757581642167644,34.800713666198945,20.377715976445494,34.54261631146509,34.23699565754007,15.47448499790735,9.878962475084503,8.238001429432936,5.319590639376271,34.14898657241723,17.64448234853426,18.543521787580385,9.095389572752289,9.648170853243714,11.281083844571121,22.98290997293892,19.46681159603208,16.392303253823926,16.089316933471366,27.030132197445912,15.79741666017452,14.657683558945802,16.497588665695485,11.97084037146376,12.168279743781028,23.29508934644443,27.31165602248455,12.06129417440083,13.991929515051183,20.579578840814733,27.114841535067335,12.658687884975087,16.817933864344752,14.462109611729462,21.43390151100355,13.420740558653744,14.435165240080892,14.462109611729462,13.028641335987924,12.580862969872083,11.694687015135475,11.439550920632012,16.34901703563447,14.084207635227333,17.859148124366563,17.035103066723778,19.358667181970198,17.099710614754215,26.624988939097793,23.28265305816666,17.534472471119052,14.41244902263708,18.364494710071334
2024-01-03 04:00:00,6.498099047542455,15.450449112491981,17.273049404715547,0.890661113666769,8.668068467008945,18.12926651542161,0.890661113666769,9.160629330790677,8.409421892715258,8.725075901480196,2.1436855974050983,9.533270550497415,6.970267807989779,18.382473776220667,0.7950803642220231,9.449807588386689,18.073688345041763,11.569162122953204,17.279873920826056,20.694977458863605,8.77549995439026,11.100474676536901,8.14055944455742,12.600496289760986,9.818452018752438,10.095148706925363,21.088405685407537,11.513636364786823,9.412268152795624,13.068987526072691,4.500061729712231,12.80095910581093,17.217849532150613,1.9399460835733038,4.712501188506195,5.307490596741145,25.6945491353457,19.992644508950992,13.517927478074144,10.969036245462796,12.961754864042273,12.772283839312706,6.04655578334162,8.156520956662762,5.930589371718077,17.30823230108297,7.442209176737049,28.41465727091368,12.205360844792061,19.4902580045327,23.52702423967725,21.191861577305808,15.304789628927805,15.330743481721274,5.683438676175819,9.226907927149288,13.56374283453109,6.409480009329839,18.912144033498148,19.588444963166573,17.547351985485832,15.258481592044198,27.177199497064624,15.615926023621093,20.3876558508337,25.66561269015847,16.74803861796737,5.941045584752574,11.517297691862282,15.623331442578225,18.705227933779245,11.69588193984428,13.336275620435115,19.843185224795697,20.071934069860905,26.99937155068322,23.018804656069623,12.423380777510063,6.472546262652463,20.848982595458804,26.129187195976893,15.851879427971637,16.22071268540998,19.33738386788962,7.562150974454277,18.019027849032973,7.860671181138971,23.347937567614366,16.864529720347345,18.949692600502264,23.560874369978833,9.890681919017098,12.769605872142826,9.05181035940193,14.82893369058344,25.10067842513634,10.136406296211852,17.482297287725842,7.117734768652873,18.58091478518547,22.178642775921702,18.49974659860941,22.58279267078686,16.377591832765773,28.991682308280776,21.434817007144115,28.949140242846074,16.76611386820762,28.840795990331177,28.712502380593243,15.491835888085596,10.71033997876475,9.300986000334792,13.427330114204802,28.65252938385234,17.39257152913099,18.324613992012566,12.519482846315723,10.930803166521011,21.143991529262053,22.45251913260578,19.61987960834476,22.066418156415153,22.161939765114607,25.58735919711765,16.77985173539532,14.643026611448548,23.15990660881785,10.390370498443781,10.13060573125401,21.919221014334553,25.805379419392903,13.32212794439368,16.481306228804094,19.29187661135776,25.614955025575117,12.43090015205409,23.84274518254343,13.373026912158068,20.11846147678301,12.826894217209915,15.602056963443065,13.373026912158068,12.538016243221637,9.458476593250042,10.812232951298137,11.201988629338713,7.193635954917015,11.091806364313053,12.763065676879334,11.710783787886406,18.81659642561074,12.179096117231492,28.433666226799602,25.22763876349026,17.793093340932316,12.184817326432007,16.360820972149376
2024-01-03 05:00:00,3.7997730515919517,8.999733251844185,8.288010524598608,0.17964261976526097,7.846842147484945,4.06849684939727,0.17964261976526097,6.690212909679128,7.247014118679767,8.071139172541526,1.3574416991682128,8.30339245102885,6.211704894895874,5.093994856129167,0.1703185085917636,2.2276533543832873,17.91234164295289,16.065571382409566,11.166490814825277,14.459713317861832,2.0663067438376648,6.661509985681614,1.914379798338809,16.9696735723091,14.287796081541778,11.984195356835919,16.159759765239755,3.1430913279623054,8.774442722446844,12.776261406955332,3.3973726550929486,4.868840069727216,15.277926026149848,4.736697070815396,9.288327184261574,9.057676885406822,22.230380150861837,16.04878284947811,13.756655861166813,10.902706353394159,12.513781864376758,13.006497370014962,5.632458073577985,10.465722825500166,16.70221007630476,18.03862825049691,17.197179484799737,29.3027745954906,13.515474497587103,19.209862506839393,20.05348750458538,12.972070112846614,15.233876890148402,12.980391413491796,12.057210579272807,11.754657374270813,15.128633868799056,6.021122361898512,20.031427617536217,19.91352089669232,16.98737454601717,18.05844490975247,27.445636557600892,16.48496442445718,8.620605101800997,26.288718084659347,15.760410691707191,12.22659987609687,13.246335779540715,14.985793415586674,17.25150798442519,11.516623344041617,16.28149621009064,20.9301673477947,11.979182603702114,26.935409676732448,23.024967861655057,13.382585665848978,4.690213086954914,21.073726417854957,26.51680314682102,14.680121178074398,15.2812430888445,18.091882533482526,2.956278193787003,17.377659740185557,9.945761218210237,23.21465331187337,17.44998403445628,20.839287932470953,22.757842327134725,11.186778989512312,10.569667390881886,10.586966209989164,16.448372907932495,26.574238310088035,12.621455529948594,17.40534563186261,9.80673513675434,15.255815171326299,23.8500798733585,16.51400993422541,20.998439070108425,15.56397496496864,30.202808594020887,20.288635969483764,30.176623280370492,18.80323878574414,30.109935680571777,30.030968936103633,14.378511246105424,9.374858346917156,8.063647153283084,12.603393898591873,29.93461848409108,16.432955355626873,16.962917339372023,12.87809993457655,10.831522922487784,21.639404027165092,22.2141413514371,17.263129516586453,23.986633814615665,23.484305183097156,27.849703539231154,19.194698740472013,17.148311682523335,23.983194096230115,14.395470650182213,14.426813693081115,24.174531051085424,28.241588806543675,15.187715411720351,18.090379935675823,21.424884660841037,28.042300222038993,14.772010242874558,24.758538154938535,15.230514523692605,22.289946770274454,14.964760061584975,18.25604768479136,15.230514523692605,14.825431098812452,14.457716792106671,14.367292217029448,14.341258365841064,15.21881162041632,15.034994003748494,16.946065737084954,15.890454090922239,18.114416017372527,15.956833914931433,24.85780925969284,21.776434246508785,18.215983724880417,15.426220751426179,17.26760656138166
2024-01-03 06:00:00,6.6712182874676085,6.416054522945112,2.3066128308627616,0.05388916534218409,8.771739101191528,0.8359457748705508,0.05388916534218409,8.997571837608591,10.27629423897907,7.96437956352302,1.757484241229001,11.804263615704764,7.01914929377953,1.0817742009318914,3.8621435661200563,8.981307389561918,19.0183407387113,12.130537675533397,4.0455461186050705,3.3268881000009363,8.27798652944459,3.3128341775276553,7.615726630572775,13.265531228879883,10.219334695294933,12.34289937584385,3.745876466050033,11.16619138647046,3.8307021516675306,4.540304960796974,3.8433670068424455,9.697702050163937,12.69874676498935,12.402101839704544,4.270253972614819,6.550936584958146,23.47929762117363,6.149073260001792,10.907060632255483,4.5728250259477115,4.1310194977215575,7.1174004865544065,6.859786554558895,9.947461760939984,15.306698619567253,18.831541051171463,16.333712383167185,32.738941512863164,9.59948247127876,5.202297172423776,24.632409827931898,8.787716935943614,12.943988264556998,14.543637540502164,13.167164383116114,8.371753968406168,16.729593430931867,6.196901454349408,16.321809345599107,5.051327011572894,6.89168915361644,18.277698749183944,29.620925881391933,14.956081939495352,12.527467977392462,21.423768234242687,14.173601984155885,13.53070833594995,11.157952179235858,9.728015363768135,14.867630522184246,6.152490845525914,11.75345371173401,19.901533585980903,17.19996020040459,23.590128792902252,19.125797495816514,8.645309528767342,6.725128207941136,17.759690922456073,30.35878760738288,13.530009440775936,13.642088244192143,15.580709808072257,8.292828314386755,13.723109053863249,10.044357388033838,20.396719903012873,15.596445490319999,22.189459293771783,23.846418333873693,10.802279767375282,6.304828019462154,10.42057238869384,16.24001294393934,28.207009320446655,13.56505939609827,4.559132094452394,10.611084055399779,17.639711714889206,25.349206589048425,12.588496216933168,23.16661201648936,16.568922645161916,32.01622901598569,21.392952897389712,31.950476312551757,20.05267903438133,31.783020232749603,31.584730573153408,15.59962698959596,8.603131632255051,9.581508236053336,15.077263627543392,31.5039691362683,17.51405603414017,18.100063164650358,13.971970441526736,11.803726525618323,21.68696235470349,22.705100010235096,18.671176898699176,21.30278313439482,18.573595768092815,26.806266128175384,18.65367537709141,14.407685957393632,20.628433300143822,5.322476762369233,6.054423002068434,22.42855338952504,27.091502706557336,6.689559642938804,15.093125530866137,19.27603809999831,26.863015031957364,6.986329754116414,21.887967869118636,12.174089778340633,20.267846187050807,9.17597274068261,15.850350635872735,12.174089778340633,7.948758055696799,7.533903182211956,4.321378065852027,3.3964701993031525,20.108250884071815,11.761644949401136,21.487223151648095,20.859816574705235,22.955831856788304,20.92263062287421,29.299486880396866,26.401945222609285,21.038462555041733,18.917420872459193,22.046911689473443
2024-01-03 07:00:00,9.474708743197366,13.137703839342482,6.1686189329602685,1.82777170947242,11.350567944563966,0.20772252456227577,1.82777170947242,12.337935684198872,11.991585041188744,10.227968705882232,3.5216022923358756,13.510796558414764,9.225276807210465,1.5058973669958442,0.6158738963956442,14.086745398577714,21.615533472828155,16.13617756543511,10.348840882560285,13.361932199363498,13.120957563547636,5.992974627387782,12.211553918315289,16.96688495761422,15.054255159969834,12.723839826300463,15.52221894975492,16.8934159446403,0.7806879165359197,1.6910821876128415,2.2910126290693977,16.487490638313464,15.171562242669475,6.556485973722042,10.091936209459384,9.23083454699945,20.842874659396372,14.85485214941278,13.956619341290853,1.0033599341316959,1.07407454284679,10.157458203727256,2.707010064252317,9.523763484082146,15.524685537140362,25.111696946246774,17.01746169592731,32.91591342868203,14.80172762772308,11.228144118990635,20.819563072611622,13.461938905623452,13.968832852849806,15.545950989832729,3.4696792818441438,11.88855376073506,11.718931718872202,2.1448457552498814,14.992155854078188,14.11005740823885,13.640095893908104,23.242508716758504,31.72017791777515,17.759525822463466,15.453968500979173,20.447326224615487,19.137425472253067,6.202410637073253,12.375154114508483,7.769624633270027,14.552652059913317,7.171295682467229,10.37264069493153,23.359534691119666,19.024051808633033,22.40873819174929,19.670938625426025,13.106619851011388,3.690206097724222,16.536748999728058,31.713769933104267,19.276618974900778,14.943299570042328,15.10823986161638,7.959965838755476,17.044688975568235,5.021759894364142,18.930014919224746,12.872584170199481,17.420753129882115,24.929816548704256,6.697642926172019,10.737972132554404,6.332369735246375,11.944311648379651,24.07653220450139,7.882958163806315,13.274170737774627,4.616132475212453,19.847014746860662,20.915143719897642,17.56594071196731,23.093635750376137,17.136391380084625,28.288258799998477,21.586562382880004,28.23233621050563,15.057670220528381,28.089915030542013,27.921269930718587,16.489697746331792,11.397528976911584,11.08770783350354,14.43764271862025,27.878934824298355,18.160638295364095,19.056197802246366,13.976770934267424,12.62841944737836,21.97874372481528,22.126558359397556,20.291059145538682,21.817611307829022,21.481434457537958,23.9714451166042,17.144537823963,7.21277846965245,22.287598303231356,9.75592697566984,10.065735103536497,17.435348323860566,24.099785423484953,9.82696322650707,13.002954417614664,12.929672103895445,23.773223491994756,6.2755292446190225,22.892549174884262,2.7793392015867946,14.347196113199265,4.793984124436054,11.319520739363096,2.7793392015867946,5.386972619395626,10.701067747017877,9.328067750632147,8.932771698015555,17.047303127949874,13.602095476112735,18.177460407998993,18.91431931402086,20.557250852349824,19.10265876995854,19.053415255914402,20.386732339894458,17.440051353621584,15.624549765795518,17.515676735654885
2024-01-03 08:00:00,9.204816569192149,12.658670280607263,10.40407396680278,0.7491814897740527,9.854637344194568,11.351329832073825,0.7491814897740527,10.862048179313135,13.28559138831932,8.82966457276889,2.838412548278974,15.159441062742664,8.765467097796192,11.383450177604857,1.9187481777688347,13.624911917378876,21.259044357051803,18.29827953482694,10.87344043477528,11.676800443682826,12.610534684058052,7.071208898080455,11.655378364871318,18.84865385642084,17.287323777639823,11.903797218689203,11.717464223930154,16.564324371022373,9.298021953262847,11.547950813691397,4.253659524912215,15.64148247272696,15.30387456409527,14.35507451888981,13.881741145072464,7.194061422818606,24.40489795482222,12.033286560498906,14.794318820273178,10.406127666314596,12.09644066989006,16.753115386851725,7.2654241287312304,15.67567481844356,11.016029706944495,20.27990548348298,12.073036046878471,29.801832430245142,16.7107346754274,5.147793897988539,22.796271477664988,8.93174433044339,12.143258161111007,12.477704928960867,3.1615017292464422,14.82676654819404,10.995179905909273,5.322621970577838,11.819952126980525,18.192279319608694,16.728762440142702,18.930912811418406,30.112064493016497,19.13156422238901,12.084194034644385,11.564624926487028,12.842668443283197,4.260612462417382,13.362594575427119,11.813418537820397,11.850336325122221,10.576486535577848,3.033865499907259,22.74888665224134,15.742908234161554,24.819563747578158,6.202184250888019,13.419841775151504,5.923188937241886,14.941988894087588,28.093537457020272,14.181958669780869,12.092577065621542,12.80110699789176,8.189005785113439,18.40294799464658,8.473364887016047,18.738820069770156,14.046471403787134,17.8539588197833,21.91452537049533,8.791428435918117,12.492880837086776,8.692941597250108,13.883590647118204,22.587287149898277,11.070982898539157,16.400777576092448,8.747720544562288,19.992954491487716,20.339058081803763,18.915229008041212,22.131658347535904,16.160056397944782,25.582582631321596,24.655162557650307,25.676497028011426,16.173409538627517,25.91567406386464,26.19889061281644,14.616456463279224,5.867017923705579,4.375322159041946,10.592718468992446,26.13240761794021,17.88910279640356,19.481322529255632,11.114616489363494,8.298678782289793,22.821497669459546,26.755374086973184,21.742152873997735,25.81828226281506,25.241167005007572,32.23559942588684,19.87930141039805,14.236364158962584,25.508241305042464,14.109134414431574,14.179767436350998,25.686881303750337,32.61655501661259,14.124476464663983,16.99762598013937,21.001884567578784,32.276996311437514,12.449527833585194,26.407334323254748,10.447580574838963,22.475824334401317,11.601811849686127,16.88226477462421,10.447580574838963,11.966409332160467,14.321749586259767,14.012884876365495,13.923960622224802,17.522332871417596,16.96990662681163,20.043326442313695,20.764901635263794,24.474064164232043,21.098577938050454,25.340186075462693,25.978632064503984,19.152714295439907,16.686076730434507,19.830431478466913
2024-01-03 09:00:00,5.003611205184821,9.035808177236259,8.471627241611632,0.40982089992003934,3.5420025524522996,2.6497676265629155,0.40982089992003934,2.8899426646297304,11.968779217477877,2.4676458480598047,2.3361566624263315,13.696526671120262,6.329736210074863,3.9655499384299837,1.1668365693220384,3.3663375046702826,4.264611261524252,8.620005487960926,10.38969974576452,15.982391130688333,3.133416883144696,7.625047842518585,2.9140945282937936,8.14930015587137,10.703029550982958,13.231692078167491,18.168631832392077,4.014829203666063,10.773704837429552,14.412273341919668,4.675981635909232,6.342512238248879,16.96098760443229,16.561365140704147,13.988991774942768,7.502650755776472,24.67712270836102,17.8355765621123,14.42353759078973,12.996062016930667,14.733718634814846,18.295155401692632,8.508817854021402,16.986695289273303,16.111041819474146,22.82000063275632,17.03333297525886,30.0865786029064,17.87932234532798,3.799127065851431,25.445724952674496,10.165487959855815,13.239877906542926,16.197431531049105,12.506480112919673,14.703870537924871,15.723158714176744,6.018250187582991,12.301159024348248,18.418211498804872,17.3416190590615,21.76817300430714,29.94651181472397,19.72337407429533,15.9009312248586,18.784551612880033,14.215024743262369,12.611039682612493,16.205728683867953,13.814397883397426,13.004708653388203,11.100493742323618,9.851512751910905,23.347531806088465,19.758671636605662,23.587136725330474,16.013695384109116,14.7119414143993,6.731562600435561,13.245513931224302,28.854808478905404,14.087659902784617,12.943604684432694,13.16215014978279,9.210956261850912,20.72352614024639,9.999073770217645,15.022375976424977,12.44474996962898,19.953109133662267,22.103102665104167,10.538684098760676,15.910395615922265,10.39666363315959,14.14644846490041,24.72214431552658,13.11676396501323,21.864602225802468,10.775221911271023,20.926260179227665,22.457761447157537,21.703085684329956,23.543633012774315,18.5606643523299,27.7425426607423,23.674242979193224,27.74749454665489,18.25933709432431,27.760105790896482,27.775039135393172,17.657537335295622,13.016929219100717,12.651850605724837,16.17480148061164,27.726140053648905,19.333793993277155,20.290623753162084,17.038293054583555,15.302211888686676,13.973816752251837,24.77714856314494,22.011974822078002,14.710809272097372,10.459527262276245,27.896532867114733,22.220276167234616,15.693102214194447,10.352007561532227,15.19194725181919,15.378722584585892,23.112614082049625,28.113427530282866,14.228023686253156,16.98748164688313,19.73167644285183,27.868384284429553,13.457795326261508,9.8679436361467,12.115141014110172,20.795348141294234,12.889873414369799,18.215847261041176,12.115141014110172,13.159061706463076,15.80890217866428,14.91265567443159,14.654620200121895,20.407359414887118,18.215680569177483,21.13162097506786,22.350842950203578,23.690184335415694,22.549652376490798,20.356497432543822,22.61655520252148,18.2381576039541,17.51316763432915,18.42263102505494
2024-01-03 10:00:00,3.5466962604492505,7.192362272476123,10.884224058359454,6.818478546725795,0.7750831359513,9.797075989092635,6.818478546725795,0.7333808920074993,2.8538984345111853,0.9758276431134874,6.157769143363766,2.261302371314442,3.374922291084698,10.177820613301813,4.21417247494152,2.07914332825916,1.1342289438045006,6.68801847819384,9.861728450634995,13.655103779873237,2.4525181650281223,8.822554030459793,2.8040948004753394,6.076468417930547,8.70670460140683,11.906713623348207,14.280705044535042,1.0549250013043174,13.440360559313012,16.631585938981008,6.892223983434121,3.2549268993445,15.3113838749248,7.615077571968571,13.146689580095636,9.19427595112482,21.157372576877325,14.758366556060292,12.987550284917749,15.62650786015112,17.187012268950728,5.052538036781603,7.635873256920017,6.851564857611035,19.457091573731127,16.236693088057955,19.20985489134487,12.003982970073217,16.668581218973657,17.76764334969862,19.709144773814497,19.074808924465522,15.045222007650688,18.886120319929407,15.600927983587908,13.818790606927116,16.244608615289806,8.276386829881183,5.854059743280082,4.9287416884275235,5.939493517485863,16.624189909171832,12.020373559505172,14.84814530306301,20.177317651136,23.55532563208092,15.054305581024563,15.449840416469733,16.702527097634796,15.323424218290048,14.398174312464784,7.262332624825572,8.91417677772018,14.01302508153244,19.1375375447158,21.172446471874586,22.19736770481337,15.978452958053314,6.394714139376858,5.6093424372817395,13.07836540191839,13.806884101372955,14.102045598803056,12.721737840273308,2.8979415294493527,13.470468379179849,12.07889273573452,5.624051821742132,7.62769281401008,23.980229647030562,12.589689038609507,13.121966386896569,3.5513023289267154,12.940218761904353,13.645895429580252,29.15326941061533,16.559833460533593,4.256539548850228,14.018245916681627,22.320905179361883,26.69886248622553,15.632634947025409,26.213981449540285,16.453446334625884,32.43513960453035,23.46047012845353,32.332891647322114,22.141753199244313,32.07249106776153,31.764143097710367,15.658943642129108,9.407336919081429,10.836047059986134,15.529678088609511,31.72376559936131,17.301174287794368,18.763646537787366,15.77938779996578,13.649504986533994,20.44490611433507,23.638484873313605,22.14391742729759,21.6992834759868,19.33142321098182,24.70288247424888,20.637035593998498,17.39955040488374,19.84535616534396,14.237758676945846,14.477281241813081,21.609265341897565,24.777002696825893,14.302414301460962,18.284677600525015,19.467629273038842,24.62178142102792,13.97299745633875,20.342577818301933,14.642977435389508,20.141406171020606,14.255136778622607,19.163205190736956,14.642977435389508,14.070962787260125,14.976172990117183,13.903483206700697,13.594648510281983,19.824603791528457,17.11917579105668,21.05915374000756,21.1094850255331,22.740108690076802,21.237696293654757,23.981227434727053,23.783048280365616,20.89281778485839,18.345373654440113,19.840466292551618
2024-01-03 11:00:00,6.604097907486165,11.465442985238633,8.733769657558955,8.754913574654305,1.34642780212806,2.368314006155819,8.754913574654305,3.7921820866715388,1.691726266007478,0.5425195799567342,7.577811803358912,0.635973355420629,3.332259802820002,3.736303582395621,3.5228451583180003,11.777785506679255,3.85317320310146,1.4195151616858623,9.951986558245133,16.22994583771064,11.539637272345567,8.804038866463292,11.315392500819781,1.2953777163590627,3.0396536379653343,18.61696062211538,18.501971538189544,12.16711708890037,13.765853138551392,16.84476836008227,6.917008834908204,13.330883954111096,7.508274597908642,14.245279119666522,3.826374286069529,14.497998496403639,17.452624262394146,16.538885274641515,6.761326500728362,16.270927998353187,17.838751113472412,6.88402626531519,9.458358405665217,9.43993570587988,19.9115096613657,19.4258086531806,20.219771383348988,26.4325781115563,13.398070794818182,18.939332570226618,25.265062819950824,18.812086225091498,20.586038639659083,20.354412861670877,17.142444801417987,3.454712292136729,9.323083899880727,8.321925686506756,8.658531165797463,1.5742767887690883,3.8912156915112694,19.679209093239635,25.48201540441932,10.765312195734534,18.912948198973126,23.677866242325447,17.762090588604643,16.910500743384507,11.586596408368086,17.308849109589556,17.63003703304336,6.09995947324316,3.8232116891621635,21.613018887060278,20.488943963250236,12.920145535054452,28.126692575676646,16.7808945177586,5.917064125599673,11.246902340883334,25.422523157742795,16.105919799758052,16.279085332079394,16.741438166822718,1.3612132105944479,17.41749788908131,10.602694273007597,13.14983266501784,11.976986477126667,18.713216416891182,21.530450369303985,12.339870639696404,6.4128870625669405,11.808307644754262,13.293653084009359,22.8569598807543,12.772734736685038,10.822833886711265,10.738038224069268,21.559889440703614,20.889648533256203,17.847910310072244,23.064476997926985,18.35499627641577,25.481889739444718,23.5866134626272,25.50136010895535,17.241403405419014,25.550946385720763,25.609662951593293,17.57641216511516,9.078126050046139,10.831210566509032,14.082806662925652,25.576646589881385,19.734638142103893,20.79817746714891,15.057437248166517,13.441440859115557,20.031418332139864,24.442407032529456,22.06896079918592,22.38111420751228,20.332346312278545,26.777809127872562,20.166188860199707,9.953481842729548,21.172154333052173,14.10197517791798,14.471842000593593,19.897474229655618,26.940175649766836,13.994164931932616,17.42173877437051,15.136061999551718,26.595078510386543,9.356091653670996,20.817069541016057,4.409610106154786,16.63404272982651,7.2606491291233795,14.974444431933078,4.409610106154786,8.126619966717913,15.23714461066254,13.588091184650153,13.113317469011024,21.314533843041968,16.982687285795805,21.496013583464155,21.099288909265585,21.21258713027207,21.06995617151344,23.079203485173654,22.074514496711316,21.14225198380354,16.74806772282322,19.104889033339713
2024-01-03 12:00:00,9.675789311621472,14.348033215739513,12.044133299320402,7.3950666372727945,2.497217672914674,9.626141927030492,7.3950666372727945,5.7060046661675266,7.9164841487407465,0.8476638942025563,7.48196246057653,7.994421775382665,5.517305105816121,10.33204034738767,2.746571530985416,17.15919009002843,5.695644425255428,5.364555633175174,11.525615514165837,16.778904041171128,16.389951825100603,9.445362426453006,15.665622881616045,4.778022883765574,7.899291346390366,20.916771215619352,17.942451950057617,18.854233659642215,12.609529836069783,15.420080235229259,6.099597036709828,19.000171273788634,17.25592083119661,8.56343891041882,12.348509928740501,18.634871313151052,21.830738115342047,17.99868348541618,14.658265341488194,15.213694500605657,16.536581322747846,2.0523651795637976,7.413031539237307,6.150666546857343,24.451267957514457,22.450687142267665,24.5015327655567,28.763431788055822,20.210048604515173,17.436767157679643,24.67533148791922,17.893350375597116,20.892844892183263,21.63810016072155,18.324898549273584,13.4260582568648,18.366613314966038,8.420841519779596,2.4765184573694343,0.6402583975461746,4.187359346899737,23.028809137157047,27.876142868431295,19.207428076748016,19.1894868614327,28.946403534349972,17.65610786545056,19.23046329309571,19.12700034384216,17.869846283269872,21.080626267055344,5.839472635736873,1.0857113952108928,24.76485750808348,21.71509374073677,21.080554004766327,30.125975747603306,20.780135016706577,7.679604733529103,4.760370564694787,27.001147395270717,15.655814330633234,17.94538820590034,18.293254668709764,6.426247041761339,19.024001357742506,9.178178375804348,3.7714812404549134,6.912209271927696,6.787980905282799,23.276566101654797,12.604268278416676,12.203380119907596,11.555222146681764,6.290326822006762,6.36891122544397,7.387407625988237,17.0747255253217,7.592719505368654,18.121637596972267,6.568367137143815,18.047635902747192,13.483324725022873,18.078509398137626,6.10498516997336,20.854426034099475,6.378911388080327,6.9364947959826075,7.076534576841143,7.902610672670182,17.316585270805653,9.566665385086775,11.509173269212038,13.752448787947127,7.9058200829594245,19.175591279400717,19.626906601973342,14.995710449077414,13.764527291769046,20.482086523831097,22.671701035659602,19.380770050415236,23.277008316479087,21.365479378544684,26.36492200405971,20.2184639128372,17.923755542669323,22.735582624087016,12.622199259825098,13.068226511011893,23.305617093101322,26.621429098535568,13.658392403406227,19.170912953549237,21.063871079232875,26.45895206457661,13.330201799183552,23.299802653828724,16.01369276807046,21.769143416232772,14.462001352949368,19.1785925133009,16.01369276807046,13.793552890909378,13.959485587889251,12.01681823159694,11.457511065165079,21.337234527964316,16.261507815235632,20.804895948910946,21.42914938434415,20.73808481773691,21.43248014557962,17.52729340052311,19.10558039085589,19.257216610259817,17.089867466404655,18.30291961034326
2024-01-03 13:00:00,9.349139618385673,16.43733103965291,14.050217639630427,5.1671113713544425,8.700322958266575,10.31773764082117,5.1671113713544425,10.393088584776791,8.702604100719752,8.030666659454738,5.756312049785152,9.231063360863763,7.9357443655875874,11.3007991786507,3.886063669233833,14.710282253984204,16.365673838788602,14.836307108728047,15.524294316148783,20.27895177712416,13.958451099125941,11.541111567143592,13.250513011661779,14.986833146024946,15.197082290671545,16.015906446790222,21.903128460652855,16.765003635719214,3.6474479914146904,4.122652477958736,5.836624084530142,17.57553881858811,19.025795219022246,10.920938350590493,14.486210931214961,12.032757052808424,25.07407396092556,20.90072857208435,17.440687018288802,4.368359582527283,3.8333440499799187,4.77001118924996,3.5181498306018733,6.930393714783649,26.509764317881604,23.95184474985364,27.094971479585812,27.919506498635005,10.11913425760665,19.59583269821693,25.686361633111684,21.197212196371076,19.036025810145304,23.797811487492996,13.663722483052023,15.81740607886083,17.94829770444637,1.7406982981429928,15.213732979188485,0.43088586029623455,3.8193909209958354,23.899054129053287,23.62125094382635,16.7972919719072,23.30440414571957,26.995035472906764,17.22416172185771,13.95622223526263,12.2564577256693,10.097068197187504,16.147363898814696,1.8157622011996726,9.860909764419707,17.295853015173538,25.35954312376659,24.430852252777814,26.06092199037925,9.666394868021746,2.9087161841106353,17.155929206331972,27.967471647332832,15.850485273647667,15.087228059999841,16.56738753535563,6.002626815990928,17.93215899807893,9.15611450239351,19.35270331978262,15.036019805357217,16.854582936584357,21.2831196354668,10.433460977953422,10.963509873989725,9.97142286694387,13.85565373219568,21.084294034786208,10.793948188006222,15.182884134776852,8.718097600290589,20.317702743856934,19.0750358935078,18.7180531729824,21.658818371368493,15.71506739373952,23.760160455176788,15.642084470322523,23.53647660804856,15.35300081564966,22.96680846972181,22.292247705101783,16.622359200967846,9.037152978397339,10.903040528730351,12.986391366748725,22.333966695536063,18.448688557655675,19.46223257654545,14.244352217703494,13.081382771431063,20.259186710002332,13.188993749456799,18.25606068484396,23.310025503614618,22.251213458221137,7.408452994840135,15.459040215586644,20.368150612216233,23.209790778708445,14.2134745474385,14.455629553207116,11.003914275373141,7.006754596306595,15.280748649026576,19.498436858951997,13.70630414628791,7.202618127728367,16.21579227383361,23.98283410994574,19.794215368151995,12.856109339225013,17.727449302254193,20.25212669516543,19.794215368151995,16.931946620885558,14.92190921701118,13.892770671463623,13.596474673123183,19.217666594014805,16.577405136293063,19.144428939774002,19.882319212804767,19.80965349309358,19.948442054577356,16.40987431480081,18.280161050496538,18.03101247561674,16.163505832738537,17.291883505275038
2024-01-03 14:00:00,4.396874563302537,15.533983455875722,16.584010038515594,4.193501979929533,9.511166262914184,10.167508033831764,4.193501979929533,8.817318977269208,2.74130235370587,10.679327423947282,3.9514884699367103,2.524238312340034,6.474608921044379,11.76253499227588,2.8416783360113476,3.971931085422486,8.30391574304889,6.503969349820778,19.779761620109696,26.32967538025994,3.9893869083925457,13.609094974589297,4.005823633378845,6.904409004071933,6.984662110265162,9.521789611819585,28.967129540272197,4.059500637780326,1.3987751999410745,2.0109308260530256,5.484223035542487,7.92319050063497,17.835153563925783,6.406564797271772,5.728978944745735,2.744970071334117,24.607761274066476,26.243322465394144,13.60180610038487,1.9127056252790244,1.2341536217043094,1.3735264784579706,2.6332196340517244,4.552034224290997,23.14995971712068,24.208181564599,23.858011647276786,25.65098928531263,16.440126792128854,19.07698908189844,26.074660364153658,19.18666449795397,15.59997614812951,20.455488438157772,12.301208201145174,8.938797778467702,16.683516516109254,2.7035414089525074,17.53484085526283,0.3825297658174819,4.0652701373447915,23.622785767993815,24.021503995098286,15.753251629344597,19.851663592944348,21.769238487706318,15.916366417468248,14.897243367202496,16.03261177890581,9.883094856565382,18.413613273332444,2.393407586562672,14.277355669400732,20.660398389200036,21.523104749373864,22.98764055265277,20.08661003481005,16.43908114616436,4.181672275388307,18.709497564803616,24.79797585603273,15.32797385975753,16.03780493211575,18.608779290276118,7.846095651830914,17.912563425317657,8.571499090719945,18.816657705159127,15.386599916258653,5.663297858124018,20.747735582924065,10.550980743511207,11.301994088298104,9.76442166454948,10.011110792395417,5.416429450307153,6.022054940769879,14.230081732276922,6.144934165760671,23.13311414672893,5.531858948170714,20.060408547972898,16.27052243712572,15.54193468926013,5.2545246937065,15.113501638629279,5.211251339239088,5.7521834688574645,5.101044672127929,4.970545722597269,16.907528839321756,9.026343344629643,10.837670089127814,14.368868462882565,5.107696865247958,18.820751859578007,20.337071453059757,14.458814413505403,12.910122035928339,23.17069587806072,11.817628439838002,19.796828816789226,25.56360256621315,24.947861923599817,2.6508001245918535,14.054622454008078,20.262960554774583,26.394714434822667,13.688620233558769,14.013231102174604,7.5450458483945475,2.013449937639263,15.391454647109152,20.40250071958528,11.284833587549757,2.2845018836380215,15.791491374850885,27.29613609716748,19.70978218198992,10.108264599644631,17.4456269236942,20.30032506472302,19.70978218198992,16.531001686683098,14.6239163518153,13.265217620456765,12.874038999469857,20.389248130989323,16.915293003429333,20.71774294252849,21.416976058126366,21.906668453665347,21.519041044917223,19.32015027016658,20.90767879188155,19.66989872359854,10.496149854997572,17.950122258962818
2024-01-03 15:00:00,9.770084604412446,13.587567592350752,11.773927966770206,7.9634356749251545,11.897751781874621,9.564225951173961,7.9634356749251545,12.059238422131166,9.316362436849946,12.034210068346464,8.188905058406606,9.518587905933053,10.138742202223408,10.192260286955454,3.947466576014879,11.164958140294951,10.196970823622198,10.224229657132135,13.89844776269456,15.928003052536976,10.912735439680336,9.639459036725592,10.675237891016208,10.144950087363714,11.55004967633148,13.323320099992792,16.9656226361655,11.807120591217894,9.166036569759738,11.548375486171462,6.271468864237633,12.670451382838685,18.95715444491335,13.240953610457328,12.620518267364023,7.771724104065777,16.697523535263855,17.44546597721285,16.04274150986872,10.784092296287765,11.491185956098704,4.597039649052641,5.22911829779693,8.772005049794625,16.595751915418045,25.424532890612674,18.35534263632936,19.508541124080395,9.137261204251885,23.102672318165652,24.52817751951922,21.591314095825012,18.82504690900747,19.254345581775542,15.310566074925495,15.004957047319094,19.416363319992122,4.098100530130048,16.645585205425277,0.36181487887631536,4.35684966003629,22.527861635233105,16.480527894970006,15.198346194980935,19.75423493141063,17.049490912202533,15.432539644764217,13.854066840652644,12.476331809416365,13.238664716875835,14.589474191465195,3.216788769938914,13.11011057662301,12.363515843572115,19.22388992714016,10.509204300614433,20.64629303719967,8.043095477928805,6.034043177381266,17.688129060400147,19.546727377907313,14.620403211105046,13.73671883608524,15.294255999530124,10.497426826825048,16.929020752514475,8.405778367416902,19.49322829069978,14.727879533885568,16.547920180740036,16.73694643411762,9.422892560547114,11.946037229943128,9.032902643410342,13.530651374154054,20.947400588001358,10.244158850631283,12.850813119426348,8.085034071663976,6.954024179403339,18.85744815360847,9.094066421908412,13.401323696206866,16.361048153531268,23.7305197482167,12.041543513419747,23.68019061540339,14.986101047826358,23.55201460376262,23.400237625902665,16.159781982109564,7.833844743705816,9.965105829169127,16.34593325608698,23.298242197057903,18.267931420075534,16.73673897477407,16.402754750144716,13.567498643039999,24.972328159978893,13.924073786550071,9.183276344121312,28.907794480606785,25.1691397457687,19.568458809224225,20.960605113646047,21.887436880665717,28.051793838830644,12.053002795837422,12.410019405463009,19.64419000734988,19.960983416596626,16.50450962240337,26.003928839832472,19.430013099480917,19.945460324989565,14.756567050257443,28.138134425946248,18.94751795142212,19.49739497388135,16.52199210560159,24.10163955710449,18.94751795142212,15.391759035893877,12.965329529141025,11.63999827743568,11.25842638115918,18.39594341597463,14.983055652239145,18.94891316694992,19.09108945658165,19.280523385783766,19.158791758864822,16.96615135266177,18.311503849773217,21.230725356594984,15.934169588794969,18.41810605486596
2024-01-03 16:00:00,11.621736355119207,16.895878658272316,13.989456056499172,9.185432022854245,14.581777040398855,11.190264152126959,9.185432022854245,14.76574669617789,11.038178175306742,14.776386710014824,9.49419783671603,11.315112943925394,12.17980108882699,12.084046781288432,0.2164565760376239,13.432251266769166,11.880700462361823,12.0283137197031,17.377070364149198,20.24682858657967,13.097677878542568,9.901234243565192,12.782637402969039,11.898523458223876,12.942155216290548,11.096668647414987,21.715188661899344,14.275799406979194,11.108306478856893,14.677017202588104,4.440727746817405,15.525447486699722,18.38452682153798,14.409776557056635,14.160608119882244,5.250379451089735,19.603084449330638,20.82220113945798,16.376223437659323,13.674058982718671,15.484323926534177,14.059232327197456,7.076980522702601,14.38266768761336,20.376496337909156,20.48957160969728,20.767244626455085,22.439701069196833,14.655747145259726,19.837035332143607,24.292752776744624,21.331000359426415,16.57225245490713,20.952991229885658,13.685482063156801,15.255539280498507,16.53395729365776,5.396312305080045,12.969957640007449,14.174088413801005,13.509798402037923,20.2501267812024,20.842108698079905,17.040995679369793,22.399838119894948,18.627700331940066,22.400887752449425,13.193616854909545,14.876089054820335,15.553436958381878,15.86633504961036,9.04407097658916,4.039825453542337,17.694991192259003,22.72936640721499,16.059300718865934,21.419310842171033,13.772731877920155,7.181059152050008,16.41873316999656,23.750433356499443,22.65954034968956,17.39056902517668,16.38001930839506,11.546328609020456,11.797676957499448,9.118441534540974,19.547930793105664,15.217025599906878,14.542262007803826,20.22959863416681,10.197116960614192,7.37306567263067,10.122046055918966,13.160985368406816,17.837775099964997,9.821369678632957,3.908767669526498,8.20439925843882,19.774915691433907,16.27186951039816,13.611928465836538,19.828822581125944,13.66157080903363,19.921317055406906,20.56132176288807,19.948557039622727,13.372614304153014,20.017930627816515,20.100077929987723,12.865369329615795,7.482789870833086,5.942022733302174,16.36818256503181,20.091060408516817,14.83198105013869,16.41006740509531,9.266396846096713,6.244530330328723,20.744630105125232,20.946108052136843,19.599003679956635,19.064977101992383,20.617582165289036,21.895541520139783,10.286538165832617,13.902572789018377,23.026883906212394,14.143129605682532,14.3310050346058,19.76572637456153,21.96152924334925,18.18524781041937,20.28324235836403,18.281193379241394,21.85393341563209,14.563075345584267,22.09139574603674,14.936855399474746,18.748240068958104,14.71444982793855,13.945651279926953,14.936855399474746,14.371557228960572,14.542323562619831,13.962417036473065,13.795457996942218,18.238753439253365,16.911178827458066,19.306394330365166,20.64276174538746,22.000027770684067,20.891291003083428,16.43080242517203,19.940524103636353,18.985880407723347,17.099267240794045,17.962397664188707
2024-01-03 17:00:00,8.574736359712722,14.49788730835962,12.328657614271645,2.808109211651362,16.942385783161132,12.77177446564552,2.808109211651362,16.45876481165683,8.786866503652544,17.851279932529394,3.8044874033983556,9.680526849456381,10.64103828240988,12.986904985352492,0.496865758887642,10.60481814713278,12.385418206541075,7.4956386993271975,15.338012967679134,14.951659540578556,9.990576952549729,7.948836153152211,9.412196110355433,8.041577647450183,7.1139875156303125,12.145564576949578,15.290854234629315,12.296764744760633,10.236642435365251,13.838941169354442,3.784532381937598,12.700500075214988,14.428869834718519,15.19979549374884,5.0396076914278725,6.2977135577911065,16.98048680681403,15.494107139482612,11.704349761570933,12.794470696173878,14.29475582752618,17.83243310751046,7.080773218159034,16.528880161327287,22.952220193214426,17.98452933213544,22.828704355412874,20.25844451012671,15.870068214010725,19.213981577123835,24.26849714160055,22.231632855008,17.182609593299382,23.049844240764905,15.709524566991437,8.214765112738567,16.34577079198228,4.78260720171211,13.780883160716852,18.894535392582604,15.943361221172072,18.99563340156574,19.816483351728863,14.593629514572083,24.77365284166153,14.120168179621201,21.38399477608934,14.317432723499863,15.715705135890541,9.82700488111571,3.933017779127805,10.116278653164025,8.303288242259855,16.207641887662078,25.264220660052757,10.763694601431922,18.64229901153469,9.626469729323269,7.35785954943115,14.807128103871491,24.633668311123163,21.975076235251894,10.035627301555193,6.093242475211921,13.02011610946892,4.99055136031642,3.1770531989416027,18.465670449556395,11.126915652368874,16.855543235323204,15.334781632351934,2.328773268191666,9.074117294328511,3.219795078621439,11.270955885167119,23.618209221199425,7.164607265286625,6.051735520003239,3.845328680871919,22.878918484656342,20.406040554943367,16.527942456918545,24.80450345464979,7.820937638111706,27.897540046713893,25.376827534645646,27.918891949709263,14.454518129637073,27.973270032817478,28.037660717239106,5.529640110317037,10.300265385422069,9.835130185348989,18.1991731205371,27.996458795767463,4.5476960429872175,7.827499587119755,15.097747902873996,11.9513761894718,23.47202723698561,26.424496900702188,23.105627074100425,22.346173889278425,21.04589076193572,29.29703531421641,19.624322653959382,18.457234262518377,22.157364408158056,13.40367711019979,13.622744187512904,25.684121178309947,29.496748489045316,14.816855187812498,19.11046973247577,23.106489496477714,29.3099271686496,14.781132126704907,22.809190778653832,17.29963201430883,23.917434317578877,15.843821946803683,19.019673975002505,17.29963201430883,15.235489283073322,14.022686768345828,13.123455369000897,12.864560523053585,18.69751609953154,16.5062037040747,18.85738585466497,20.74336940867565,21.40335797009829,20.954179732737625,14.50701224098543,18.544736293456328,15.38585073984116,17.851461718994585,16.581736676291396
2024-01-03 18:00:00,10.412379216106839,15.044105286856968,8.912093390818125,9.17200711403557,15.790544671832457,2.624505155850038,9.17200711403557,15.9185000448233,7.141206744942323,16.335283503379603,8.833568020302266,6.837657751152182,11.178228480546656,4.071580199521131,0.0,12.61466321195526,12.900867001810003,10.80269863209493,14.616511376291486,17.287498088249112,12.343443494556094,7.630797473725666,12.08805800437335,11.014060296857009,11.153403331809713,12.659828256596562,19.691456079762272,13.346269385894287,12.012125435085737,16.30387182351341,4.214434930544092,14.34189086306288,19.86627298712978,15.94678641013584,11.061726958992836,7.5906048585844825,20.623827440975496,19.431881431094325,15.991492294855329,14.205876539469873,16.786621005207778,17.5238360750417,5.753311654617178,16.851050832281917,22.762740081324733,21.474314973794023,23.134409768584625,17.33113345903804,15.723704701326906,25.55300514738746,24.77398808556049,26.12483417573752,19.029290373043402,23.84151621089477,6.914994859570222,14.211625946858671,15.78240165413781,3.1270722483062388,6.004766963767226,18.49222719533579,16.668675280292504,21.18766928122611,16.170533088408934,16.91031799159973,26.181108062714458,15.852027363542177,23.7351860081785,5.971821833546173,15.15865271599677,12.212722579914647,8.234563902171686,9.366274094035832,8.043134728931378,14.18989255409237,25.045656710387924,16.306362470701355,18.21930032556418,10.491861163374761,5.52895390100195,5.531653921803315,21.60451051306303,24.740897644298805,13.956606968459687,7.671674396680698,11.52569747531836,12.614373354386153,6.131509783604473,5.728537365865269,5.302718535794068,14.779420555666576,15.77164899721494,6.499869723615941,7.02800059782103,7.219842569397744,8.28667380560264,18.889043097452387,8.886519352017313,3.437913507795494,6.868119805696629,25.963907847179502,16.93842046991987,17.339867938564723,24.23870815146835,16.46110168896508,21.49387997441866,26.92116280605105,21.593564492001498,13.319396077222262,21.84743661679047,22.14805405191045,15.202537023627794,11.985110533647507,11.252140308354607,17.985126648339456,22.14989748674556,16.509459932593483,18.71983517820223,15.671075758587108,13.191297432949026,22.845960483278756,27.567723194305906,25.659005893851848,22.36771357815256,20.45240914970312,28.869604304562625,19.71867254784032,15.444533648325145,22.16957291025668,11.117837376655812,11.402142344291391,23.9784301267023,28.960021148008096,13.409927798293122,18.99406184964804,20.610488338557225,28.715919814092956,11.637119814177547,22.431336249074626,13.023229805911534,21.670071431873733,12.218919071543095,17.50965285595327,13.023229805911534,11.761667837224948,11.896032461907486,10.765553403519165,10.440080781142639,16.897788348479647,14.033066442050742,17.134509737978817,18.079030333228893,18.90917703477699,18.197544843413844,17.062228760071875,18.34097839159434,14.169892461018804,15.973967366555271,15.982832012625822
2024-01-03 19:00:00,6.542176680501557,13.067002356477616,10.548761874318135,1.8120841210355292,4.531853606577311,7.692952051109859,1.8120841210355292,6.637415401051866,6.218272806277431,3.5351890842159404,2.5463889439743967,6.876877247270261,4.487289613403259,8.515663497805404,0.0,12.771400710187166,10.846760916633578,10.399346256840806,11.469378909798237,16.029362924243884,11.908002606033271,7.634525280798917,11.095011020588633,10.251613202712438,11.350280353972757,12.802662122495555,17.381324962367245,15.01261512352425,12.016180398738642,16.348263824046683,3.9604581097961846,15.481862899336374,9.021060575565357,14.661841246249578,11.43730811165993,6.755144936114814,20.244530559283014,15.496589726580362,10.13961714451758,14.63239222906172,16.887354319091504,18.15335613235869,4.1697613953962085,16.595084886640507,25.530964746622896,18.97603554661372,25.338308657194784,19.83385398257063,10.053674362918624,20.574096460663622,25.9347911997012,21.91662690651801,18.058695804814835,23.53073189375222,12.00344142681221,9.341175414734405,7.57621012158215,1.3060666376215897,11.808954855379152,20.23707660374505,18.45406835070987,19.98044757980481,17.645701452288343,10.512214949680425,23.56698212642997,13.639220514908533,23.494073782866508,11.118139279484708,8.879115014740105,14.84097173976498,13.025208324564785,9.049262954681053,8.493273589584245,15.446909804873762,24.0212138145245,15.089215410048128,16.179803611664735,12.031308371680417,4.267360806025105,13.11877554889374,22.862966082633562,24.8165691770459,16.56608829399203,13.198513924919983,11.741336906830275,16.21055160904659,7.661042612405003,14.282455766971898,11.551704170698857,10.880327084544405,18.166050936450297,8.508108498594629,9.530127887639509,8.779872650488807,10.026307497727473,13.031140132973412,7.799292912852723,7.853399759077985,6.743996419762024,23.72947358322025,12.009134828406546,17.70506156963665,20.150877597955354,15.622588626686392,14.390903318335878,17.6636419257264,14.298285226377951,10.116970436581674,14.06240956213831,13.78310226422255,16.459676998964667,9.380929455598219,7.543593228619795,15.222524360685258,13.875299314037234,19.153756831332114,20.9295155290403,12.148067723462496,9.476295802998406,21.166726561590085,15.010330926519897,20.891955841411225,20.70254845806913,19.276631036606265,7.945182519883654,12.016138324153767,12.730946893640404,21.32121364873201,8.747784029110239,9.106616604238987,8.435283718899544,7.4540211770168865,11.393535245654304,17.11669992362327,9.098693281389433,7.502103706146652,9.142703926190919,21.50157177394238,10.59321432131881,8.88997899813398,9.75084039692133,14.703182899456968,10.59321432131881,9.244711459612212,9.740378668311045,8.298442739453147,7.883299562247026,16.803766645107174,13.235615036900946,18.33031175339521,19.399204029020606,22.018457293317397,19.662244660861077,21.353833545028884,22.51500398719465,15.31893136949752,8.393601851818126,15.804703915628437
2024-01-03 20:00:00,6.35345501451532,12.136096106466049,7.705608077246458,0.49745034906399477,9.237949301355252,1.855042156246094,0.49745034906399477,9.681682936660568,8.090273071911911,8.753206245290992,1.7628174822921878,9.225191960358094,6.872414971345975,3.183521538696278,0.12082826295044187,9.419299741170597,9.435444377880874,10.648198263832217,11.422216685837835,15.31632315953623,8.716417605407083,6.76732706368179,8.054570817481732,10.425867203507513,11.422439506288564,11.638875705912987,17.52350784526982,11.292842724355554,9.954731739993797,14.018791428507836,3.7127786464410844,12.352785998757856,16.955673214728368,15.682771089265167,13.269237236863653,6.03575131294316,21.63131652207634,17.353609283216706,15.029757339829942,12.383379882036728,14.114972225677603,17.940261501740235,3.9314023620289085,17.09139043089756,5.390089432322015,14.456703312807765,6.312316612321951,19.548662028730234,13.486890783987617,20.318990785978663,24.85704133887249,22.293459766615126,17.011213407182353,16.20626362327538,13.634030599496294,14.616028543395092,16.21764338315006,0.9545444336487019,7.242499703067363,19.573023964030533,18.293071068774584,12.90465042497153,19.878899997051903,16.300117030830997,21.45183865581901,7.119114159141985,22.859014117284236,12.800240120130407,14.023411711231386,12.698970185938927,11.818211890821095,8.596169503105585,12.441714792598297,15.773914967980291,19.46576596542534,17.211042521392905,7.179543301998212,11.222045132509535,4.468023791211179,5.851183050547807,21.296237692455527,25.64702436610809,16.24254732392394,10.534320146315265,13.0484658650722,16.86000237875927,6.370259728366077,4.377711589087963,5.034835983151217,11.946449078866078,19.339391843321966,7.707292821156608,12.117389308163824,8.072937441311538,6.997584241688946,14.870034535511817,7.753812144922161,11.236040625745938,6.317776448257288,6.295447921747826,13.482518065611453,7.930042842123657,10.292420493297795,17.110059363770635,16.72360205965838,12.803975072700666,16.81713966041568,10.907681867055858,17.055357089036782,17.33743733889674,16.606871525603736,10.47894634458437,9.186861309098221,15.38037300893513,17.237386193117516,18.923158598172147,17.18019271898852,13.882638134606998,11.505165522490806,21.2151762612975,15.635288472932315,9.154283417424313,20.599355463097304,19.167276651929754,23.203232106710622,17.489193029821372,8.385452775034233,19.902640999042283,10.91392223477957,11.20153603348474,17.435339350693994,23.72935329592749,10.959721484417981,14.289245331936286,13.180097904606113,23.420942349878118,7.328094680700788,20.130730443617484,3.593941432442293,14.518833006894706,5.745993592351193,12.636071188457418,3.593941432442293,6.390624536812142,11.791083047163134,10.516837105455838,10.149973017949975,17.05601773887153,13.780160483444703,16.25074906701839,17.79242056078884,17.18085155517609,17.8661172868565,11.04555536537681,14.275569095741815,12.605686944297869,16.766420398744156,14.389830225659312
2024-01-03 21:00:00,7.110488512328191,9.54691132943202,9.581214006775864,7.562851736716032,3.2961625141966144,8.03715605539523,7.562851736716032,4.112077845705063,7.2355116677922116,2.684607500708767,7.508299512895707,7.186583299420195,5.9083593753382795,8.551975466628747,1.1273013601407185,8.248558383009772,7.676182522546229,4.963874406755857,9.725928859514891,13.253743419951222,8.194536965378514,7.0187978033455085,8.143669401786811,5.231284160066072,4.987157889010628,13.384514308481165,14.101880319038134,8.374798400152835,10.55996620365414,14.362443954869931,4.161567367382066,9.265817189654541,16.809975844723134,7.380859707142901,5.144878297338343,6.9869971032169085,20.820459274620582,15.07496564199539,12.489386812838717,12.923338721323733,14.536208410891911,12.932189023604634,1.9815314026700488,11.354944037197999,19.26326628859979,12.974323477577787,19.19643164062713,23.374366434690902,8.850411697279434,8.115899285135276,26.078612321013285,14.620654360139365,15.006220618580953,19.99571896712208,14.445379704423273,9.747152051950048,18.37628778272837,0.8401242057443968,15.64290874739716,17.817550283175443,16.8705646648469,14.253393007608869,19.858488617642447,13.962096485945523,20.478002548537365,13.638846261377923,6.842869032740668,12.212606291860702,11.660963033613372,13.539555460990357,12.06213534479728,7.794028281646721,12.189046354778036,13.792030628902062,22.58029092039528,14.033587403833504,12.964856931082876,6.52447501191054,4.449252364361691,16.52995470381569,22.569533250223998,5.939616079625289,8.963709613755107,13.005049860560602,13.056325395884068,16.144848150874246,6.013128819654366,17.96122812207168,13.121546178544763,10.613949567355641,15.871782752985608,7.018857164023149,13.28534830032496,6.315126972013166,10.401020395907715,13.4124311222812,6.606235753686544,13.65056672282562,5.233538763911199,22.166774848632706,12.082267715079727,19.032538208413214,19.46308136708713,14.71216860349497,15.180398390083086,25.966230551158482,15.422120085318927,9.620998885112273,16.03772621819828,16.76668351063104,12.924307150094887,5.116831592070191,3.3421892988312334,14.702716111732014,16.7443356738843,15.933823954859703,18.234257882187805,10.615748573866725,6.510863992762723,23.54337132392552,28.120212003657095,23.48767314780142,21.47148337558182,21.132494705448767,32.94927740362866,17.09632677684519,6.126360905919418,21.502124089488206,9.709723433431474,9.471592372121131,23.16051069718984,33.284797599824074,10.942722035098688,12.909829681572843,16.315707743933004,32.788700684741556,6.594988522414422,21.94069770794626,0.8958184233461652,18.469140891703745,4.182436913255648,10.682114224312393,0.8958184233461652,5.249748500246254,8.9050775762534,10.073981503042594,10.410516906803796,6.990085482607574,10.361065362052177,11.227561456057561,10.953616757102022,16.291937400014895,11.36608031608143,20.69372223290876,19.856456095643118,16.295811850428848,16.45322934039366,16.841510150296344
2024-01-03 22:00:00,4.443143459061222,12.753549260542412,12.360966285520082,1.7164107259335792,9.16251599688049,10.223598642422909,1.7164107259335792,9.627117121705005,2.0115089828449593,9.906311719243295,1.7655897531542402,2.0556180840239544,4.975049726329644,10.881763177007398,2.7990583023511193,7.650245699601859,14.056557121392755,12.276129895001885,14.048665747395441,16.892680499079976,7.182765649641567,9.58184361309983,6.742577809116479,12.70840623261855,11.391603631430318,14.185775271440466,17.974794626418895,9.094280071516053,11.818407229353134,15.31255038868022,6.006819895359053,10.378683788695636,14.68270764412718,12.81976407107813,9.219681455637117,9.181894825622969,22.169256661957906,17.44269665000238,13.32164512696583,14.067992121705897,15.586967576334978,14.904862852642765,3.117426081789321,14.265167487416658,18.178747576997555,12.883784208324746,18.171683931705413,22.548555107432406,6.240632719519851,18.552211632612856,25.35248550915008,19.95786322397643,17.905753958073806,20.2360467725983,15.430623189890865,11.17435962506849,15.182523631195789,0.7517512486653884,16.82285812875078,16.406051171859307,14.377970094383288,13.94176282106556,18.966968969544762,12.426314059314299,20.942968100513,16.41425201592406,15.800234254609997,12.559120103441945,8.932229079808543,13.73237944031038,11.108950938457575,6.784065798653626,11.85670577409207,12.73286368517594,21.663003506347003,18.500620809295913,15.987580180723393,5.29897116336201,4.433733467147926,18.046902391175802,23.494626751141016,15.8876893981527,12.203042683783206,12.55493004877245,12.519370379902353,7.039228249292957,7.704336790231426,20.189841962070748,14.890583701342916,12.217722927774577,17.562626149583668,7.835026147230341,13.77136330959597,7.867598526231997,12.275690113120127,14.916682314774345,8.352870010435826,14.921308321760343,7.029104838516442,5.338002586689193,13.633700699804539,9.005957695040397,9.652039273330363,6.70109425188895,16.62139391700591,15.761898271091056,16.84874620234205,11.260167443659702,17.427756957005634,18.11338058787308,4.013757413562795,7.838762043230158,7.101109666730336,18.023463042588038,17.96808446186815,3.3143006798598607,3.5666130300029524,12.371855960548583,8.663249140456857,24.72025855936632,20.504147911076274,9.671335333446212,20.412176657362245,20.851163608835332,32.795169975662695,16.863542201098205,11.94133554770435,21.58586552780432,10.042100812690348,10.233553180434344,26.411955612770686,33.64955736322238,10.662692505020585,13.403045263662515,21.51877564736504,33.294909975655685,9.945713995238854,22.765943923387514,10.495478993314993,23.058211626380114,10.176445485227053,12.976908374914803,10.495478993314993,9.994121920931239,10.606751884452288,9.786486858341314,9.55032696921192,14.166882762175561,12.0795923337926,14.720306078510802,14.914899630206943,15.950143393582298,14.988618661041391,17.09561990545746,16.770813325974174,13.160218483820158,13.743845218302244,13.993408117126242
2024-01-03 23:00:00,4.149788217589939,9.19712726808306,10.61879954923839,0.6687538303644799,3.01605896820646,10.086916017186136,0.6687538303644799,3.636114433958981,6.289133737861856,2.5298554527328823,1.6054073347065096,7.12922648730375,3.817041622473813,10.3780496601268,3.2355554986931336,6.138640692274351,5.407889732079163,5.437721884676159,9.908498552941056,13.03692926459368,5.707711454297582,8.132057607211806,5.301940532735844,5.346490843230723,6.5052302288945025,5.9024594946812226,13.513542468367541,7.264364140495125,11.51819691313621,14.546327583806017,5.77661808786984,8.306564013080761,17.524697229071986,13.844391635102372,8.46579851845074,6.883663150514794,13.680109672175735,14.754412385442793,13.523163778603296,13.657475998817327,14.954036248028467,13.666659472686266,3.155614822386532,13.897518347600078,20.744210665044477,17.110147176224018,21.133425607067814,20.971877759951933,7.697414193188855,19.899480171904443,7.853595871592814,19.97777155151002,9.835337790691433,17.33193209932572,15.704251156423851,12.124921342695933,19.28219606680997,0.6186218461273069,13.175298665249677,13.790070128562428,13.396415111614072,17.338853720627238,17.04527716276451,14.073712558828042,20.276486535093156,21.380168639645447,17.352870085211148,12.897303640046465,11.39309252094948,13.171803772494695,10.958933763768036,5.9825547006827495,9.458508142858921,11.63060021022453,21.036267844068163,19.12163551472695,21.09250485658065,5.073790361744148,3.9802544821661874,14.294002734333496,22.354792891299592,16.81490940758622,12.400718552764861,11.717080572646909,11.725949745816177,13.585378444500375,6.53957024398529,16.06343818216716,11.928195181159413,12.68729488942313,16.683408790705183,7.090886689070143,14.412918026156401,7.113825651000027,10.692591013445483,16.090068544019577,7.812072099961272,16.849873314821597,6.1422413788271,17.879275286253762,14.473444906310522,17.712258877617238,18.00450679899054,12.549824413005204,18.242196362562662,22.47455141258235,18.40841978340438,11.479410289885642,18.831750246971204,19.333028275314778,10.743796502957414,9.141189504453463,8.682905072422786,18.85896879057855,19.281693894123713,11.468537624507778,13.05336887183475,13.468139428331343,10.104938766322476,22.93096242320651,24.741888145125543,19.634964269632725,19.105518537281533,18.2113883337175,30.305286972798733,17.019162368946994,14.38607639125709,19.6654880268641,9.591967501505966,10.046043592192559,25.346605453269135,30.691948404848596,10.7856183065731,15.464148034527746,21.732739156016937,30.43002297999258,10.556304695694674,20.467367516684828,13.591464863159013,22.86969218874252,11.836674455652535,14.883920211667249,13.591464863159013,11.090535930661783,10.947872399515926,8.978157964901259,8.411063760360303,18.667857528322067,13.551534669886845,18.27923339679863,19.142675959236733,19.08128230685505,19.18509971061569,16.83469963127533,18.06654905947988,13.970278302437952,13.066911724157805,13.883682007641463
2024-01-04 00:00:00,4.195654138722336,8.796511896827967,8.183134093007087,6.417779608520439,5.920039984683764,2.2497257324240625,6.417779608520439,5.4837474262499475,2.2010829880249307,6.495545217361354,5.715054217828306,1.5708024170000148,5.10107415776643,3.5129825836470197,3.7927632510748035,3.1136905816043217,7.827323523191418,5.876776863122113,10.809176578982605,15.050116674344737,3.373993692531779,8.416128344798892,3.6190999046382677,6.342067347387066,5.700262022803223,6.843514270678826,17.14926085168335,2.565932643158849,14.283296471734399,18.03828384414257,7.049548645174174,4.752160408011636,7.163982134179401,12.356019410526178,2.7052772991697704,1.5279552026988932,16.094575336867326,15.490999870585327,6.644299126353802,16.720759669854562,18.561462757187797,13.757068265952151,6.522208877195155,13.223036658833733,13.91959732431103,16.662619331124183,14.85547124664512,17.49177188727687,4.312791898954655,18.01239967280212,19.097603205115988,11.99871587371291,12.425743423310113,11.285792851648349,16.116556667578486,3.3123163948774943,9.106595074525607,5.032042263893607,13.43277971300861,14.739701166960433,14.286877365364871,15.57319009194641,14.98943133603914,6.253826391451145,7.60025057694466,17.308914142472297,14.812065797698219,13.212958761087101,5.868576173602811,15.468674774818039,12.172150315465363,8.990664771384639,10.819729107476483,11.147965606663725,9.016823095448325,15.900816617872398,17.365706961993425,6.9778850149410845,6.920305998452229,14.262113995629447,16.83224095811891,14.459618759803702,12.104118476987685,12.662506394017473,11.468395531408273,15.402912988524076,5.574111400261692,15.52554242216915,11.370729542393757,11.718626092700934,15.03180212181226,6.714189299073963,14.664062679649767,6.414423915558094,9.74639641878857,15.256572340547686,6.649850907056537,17.63870762997748,4.913725833591769,24.771978326128377,13.575688482343336,22.435736265781784,21.989461574716984,11.900475249535875,17.49406404942602,18.021546067497503,17.346415730925997,10.46278697525755,16.970391517256402,16.52513020804287,12.386614332838706,9.511834997485549,8.678394741259154,20.231959901682004,16.61914251232329,13.523634296672338,16.215887904175872,13.241637579485673,9.640383858174843,23.002199740693445,14.949386510679156,21.778755827997085,17.3350187156526,17.41164043589206,6.988902199838886,10.1854951088491,6.431774133370405,18.33020110139626,10.81546375244376,11.111461037903629,5.453199201308654,6.435544464895801,11.209113553862904,12.927888019400246,4.789057634995507,6.387408881669223,7.166829468017435,18.356801716864286,3.2928875457050464,4.998002212871283,5.525020366912438,9.714399503842083,3.2928875457050464,6.174597255488743,11.702522818024214,10.413897746757021,10.042893809892053,16.217995124985737,12.8036179325089,15.011471497502345,15.6768371366818,14.675918813026453,15.61659574828217,13.054745082938854,13.654683187095891,9.195005411574206,10.216811784458146,9.208010244897636
2024-01-04 01:00:00,4.415494472891231,7.491508948112916,6.208841800932431,6.972350451370797,7.8082831606702365,0.5111793767874176,6.972350451370797,6.632330276073245,2.983896869557802,8.659909085777405,6.307662461271188,2.387732376994412,6.277649025053219,1.7299465073572378,1.7688703788198772,1.6419361704064608,7.131866060556553,7.747273793357472,9.798729873863024,12.860762696564047,2.0618774639260886,6.35220232660285,2.457301934248229,7.98405809907428,8.025357474162682,1.9527572214264675,14.89240181867534,0.6928020906439571,10.280524060610137,12.842952493622168,4.663309662842658,2.830332715751829,17.356940034085643,8.549412268751366,7.902902639747582,1.6791048867104477,10.311762451508233,15.33101595412633,12.928041541373009,11.766161762164018,13.543663309894796,6.186001354934002,2.5156511954308125,6.75699705858238,13.556932574379305,18.06275431117461,14.536575802567997,15.848165243375131,10.934581699883477,19.546692298687894,6.342418680057751,16.45778541039048,7.4079754630116526,11.547626293363512,5.818256717143164,11.742711790969986,14.789533338140162,0.8651448170106395,8.579756934880853,4.076822636088097,5.118574805283928,16.562698946686286,14.12903988892052,13.970394856140409,13.65619559285382,18.990854742104915,16.618246500833187,5.098474152247257,11.732868417884827,12.702352827743637,12.54821958896178,2.416719678384949,2.430900941633522,11.585513452060681,13.520732508110221,15.330240093240462,19.640642675853606,8.880565215345722,1.2663928878626842,11.15152235353271,16.157953777504428,16.161213156538828,13.059619348650886,12.59227649612566,2.6802479550612546,13.037870168849132,6.337469222417692,13.337396032053915,10.433321392500108,11.517308459348012,14.727050040961986,7.517226098042703,8.98691171729126,7.3105299927821035,9.411062997795778,14.518275685880342,7.217324462162973,14.566692478947388,5.744520922926673,19.34660738865258,13.092706512087126,18.044245370280628,18.238328509908293,9.849212927233555,16.41677428316038,12.892300551137918,16.217941635045495,10.45194495233364,15.711563432308076,15.111946138230904,10.645892629784175,6.853336104591347,7.798724817610449,19.72212506354408,15.190722693216939,11.639036070617273,13.571066627074122,13.685156403404475,9.685837514988044,22.151979163488953,9.800474958972588,16.5541924682483,17.52159441744624,16.366381871253598,2.0624974477381937,10.900128002635983,10.877321334204371,17.079344744352902,11.443382259066059,11.628278677262067,3.601157617261725,1.5246660928314728,12.001596866124311,14.58868543007798,5.005026892749646,1.6264155838693855,9.792958868376541,17.291937554352373,8.167646619924707,4.563357694437058,9.103238719776268,13.207226296582787,8.167646619924707,9.339961108077462,11.985348972500473,11.198037369674038,10.971364995605732,14.534208018118818,12.421764659193366,13.326573125396319,13.86927899646464,12.838851632447332,13.798013815943204,11.600428632896683,11.978422075686849,8.91847505208364,11.008078193831288,10.222423835977802
2024-01-04 02:00:00,1.4975798018477353,5.47912493702382,5.394392160576529,2.804441715165624,1.7387648251056493,0.14896527513203914,2.804441715165624,1.4724406579595717,0.9265607726159952,1.9199809654697384,2.4914871116467614,0.6458690417871592,2.07570302351609,1.2535272188288786,1.9932176920180815,0.5971928837249936,5.0779723499882365,6.014731493381912,7.141242523222902,11.34132467947609,0.7710846078082434,5.772623028327727,0.9348242636842357,6.138543518914229,6.337950380055602,8.111484410694,13.186313820804695,0.2724969665313949,9.95748964544592,12.665745635372991,4.581175974809519,2.2451363698988267,19.850404215169277,10.151468532720381,7.7709786854575675,4.431621247640313,15.466589431506868,14.893396727078477,14.344337484774899,11.852491186705748,13.183018516038137,13.489199341136342,4.1706762076429635,11.780142130205004,18.929169073157404,13.913962107700746,18.838247279519358,18.239242714721982,12.913991952536833,19.707666004396845,17.49389686690071,18.981868061745047,13.371963260868586,17.66503197079378,12.035870529461548,13.02499363567215,20.483483045995136,2.289192668040492,11.735534786886737,15.0254964246492,12.414656007904222,14.75109855842899,15.86376195242328,16.24062937130641,18.499507834677793,21.006186803147074,5.54393750787822,11.068086018036713,15.198692385168416,13.195408472802052,13.330609967331263,7.310118131937051,5.862107203250872,13.034857114619996,18.715004340215394,13.119019637928593,21.262436782991458,9.650889053758643,1.6609800271801765,13.974103146496022,16.88399938933168,2.9360800937940223,8.761992153194022,13.717444619191479,1.2197406487388756,11.633082104339287,7.158814005782059,16.14888488243094,12.512207970187065,12.647499536554733,12.874863344883346,8.431908009346971,6.360683421399769,7.499507771341372,11.013000326688248,15.701439736287016,8.272235647629074,11.25740354419604,6.773647712203974,25.46781283242879,14.250478109346068,20.629408762348643,22.45540598538977,11.273183547306234,17.632740390470683,23.515543616545273,17.672052162817085,11.563484692808656,17.772169647626168,17.890721700235286,10.280513205102391,8.561909260255124,8.028908904982094,22.44157211151072,17.933714961522508,11.13516784613361,14.295182696172215,14.99959002006182,10.183327093583879,22.64417957913817,22.846709511816023,24.203241327704195,15.54604012468085,13.439812208179891,20.724693855427873,15.995194509466042,13.198232788537311,13.815812021159616,10.026073455289076,10.220246371717781,17.640145182463204,20.5771017540929,10.03168304876867,13.321746707737303,15.654534817169479,20.43318889297695,10.152161489234949,14.610770616682055,11.181375797731105,16.27922470355199,10.586678959877304,14.388397450795328,11.181375797731105,10.347510718118997,10.627959819353812,9.753603320578673,9.50187012796738,13.647693894105732,11.325437697582803,12.889156932478262,13.21051043378474,12.576169672049982,13.16218055220102,12.02135221381901,12.138521327541913,10.383365270044422,13.129862675679984,11.87387034858415
2024-01-04 03:00:00,1.4911117825470548,9.494578767936815,10.566067609757726,0.3588628776442987,0.7855179932817359,6.5675107077430015,0.3588628776442987,1.7342745337297334,0.3197024340147065,0.704966378353137,0.3523366699215224,0.31384902102490786,0.8490673942679772,7.54534453956097,2.636278609787803,4.206091247282898,4.451815965430853,5.253587168788132,10.879843774095654,16.4757532883306,3.902998471965037,8.939647176513695,3.617600722355707,5.137783129899235,6.208489130756127,6.726463894181883,18.097643993526393,5.021379949906607,11.303810553817923,14.284093673124211,5.815609209460628,7.139136617911836,18.795177691285485,2.981398869693258,8.525313225724897,2.2344982014564274,16.656422433999317,18.36520259366489,14.127309265553105,13.300596152528438,14.80799605664879,10.433199817600425,1.7080456190388387,7.062314607072728,16.833178713124408,14.700936939452472,17.08999224455159,18.586539798582326,10.505036477731506,21.600962435588684,18.49774318206378,20.45772757990271,13.358596493420785,17.362491707685862,12.788940502224873,12.406078361352535,18.37815053230383,0.8076425008004516,4.486769561793654,14.575788079394226,11.863531155683297,14.874227204800668,16.032813173946927,14.746179430499708,19.14163415148606,20.5646127312682,10.794537673533188,11.04507814302859,12.891696781956725,13.256982974599028,12.64012301275241,6.062936859330494,6.898463080083677,12.415878763258831,18.851406112035964,14.83891516651043,21.16806780717358,8.296709323953058,2.167754129622429,4.431816034551781,18.173948308384364,9.103429332349377,10.738956090118881,11.095065063138598,5.482500961141884,5.736014765206732,6.281289912915475,2.888583779713256,4.801311767677288,4.689286532381791,14.478981406436398,8.147870452754558,8.340359419170747,7.553170752286816,4.510708626988075,4.303284318871097,5.241783918719872,10.982442510584292,5.431021856942484,5.586469670556743,4.486866405434746,7.810346294152341,4.9839741061059595,5.5545951406442775,4.059762779762907,10.091420973882439,4.249661586092684,4.82617321696265,4.733287475316328,5.305963087090882,4.258014887342258,8.209609900057217,7.920882765838334,18.775015504673704,5.260829737733846,3.405217147298552,3.602107697997318,13.274362169657726,9.554782899706955,21.112136057194906,12.38635150730245,7.546719664299406,15.11597638344291,14.906138213146704,17.899597933543884,14.39120884205777,13.203267010370332,14.22288629854391,11.45919103681594,11.528566571075032,16.441475816207117,18.282746760961736,9.81727887605663,10.390302073799347,15.196633890883641,18.19252323763525,11.545285268347783,15.66508730855368,12.392269055080611,15.588271734081278,11.905724704960049,13.088566701903932,12.392269055080611,11.822665080710017,11.749377818189911,11.32782532372987,11.206457488719392,13.968166118770528,12.944319569986874,13.519422161068922,14.969990440595268,14.925660345446794,15.073959184660774,9.889189900843846,12.678981129871962,9.562172548680362,12.871849007400025,11.265189701232773
2024-01-04 04:00:00,2.3550266278006164,11.036196246775358,11.641692993531114,0.08821923956098061,4.025640235017635,9.133219564476422,0.08821923956098061,5.095491742309907,0.06997144563104434,4.3043947083665755,0.08517818888250493,0.06724390058495239,1.8605625970069692,9.841244175930795,2.9505575514472024,6.320428321955209,7.294124703646621,5.590819430620831,12.10943440385056,16.307526051984176,5.829441729620039,9.288057115298255,5.367119695075148,5.762250374922615,5.092002762171043,7.057061428058921,17.470590624089947,7.658949824574292,10.787681713332297,13.761861617841912,5.885659986095756,9.212379487424233,7.098848575746452,0.8052092137535364,4.185967267584097,2.2295363887935595,16.775620365462498,15.500127060172227,7.082380270922451,12.827990465035459,14.066111330252717,9.579030499900746,2.709033032435376,5.618088973944213,17.250277039864283,4.080382698064471,16.08841842294268,20.806709674227598,4.796840278935286,24.19111974791843,19.52990538244032,22.390855093252437,14.512324430162677,18.517914834870993,14.965741828166633,4.310502349517741,8.38449221589793,2.4989870690144844,9.153550470462392,14.468629381578337,11.71902547073569,7.387548346736738,17.799551709076944,7.146045899009835,20.42897783652643,18.823694451379342,10.81954095593515,13.231384477885623,5.79801300855381,13.671500246832867,13.694551766153804,6.958759042280923,9.885153523745974,13.297246667967263,20.148757138186006,14.024285682295044,19.667043445257573,8.226087837060836,3.7307239594651893,9.336606890070215,20.15691762209014,9.417114536586565,11.189107715032314,12.899491614819391,6.551456950946771,4.511755398988653,5.338045711021275,9.171646357422029,7.726500952889651,11.09809798965433,15.856799358552426,7.370446033916734,8.874057940023874,6.612614731638097,7.640791880655353,14.321391283371186,6.478083606343656,11.250373640870265,4.895665267224948,17.693390791230332,12.7907465362208,15.614703504077845,17.181720749674,3.6579370437291,16.362211202952448,17.318179703082798,16.367266836827987,9.953443793479913,16.380142301797473,16.395388517813988,2.2220475505529587,6.9002344152183275,6.4405960526360175,19.348279587137757,16.403169768595202,1.2141016022549533,4.214187877623724,12.405355272779222,8.075986173158704,24.33335904216373,17.182939766391062,17.147569276692785,18.002904327106705,18.72548143912043,16.76961187605849,12.946823055397253,12.525206098467809,18.52618992526094,11.404278360030093,11.46231493329765,15.153530721479104,16.740866556381654,10.704062358951251,11.545682404442541,14.08036861978832,16.663086025419993,11.33028398538665,19.991120160490297,11.662762014583356,14.417994532249784,11.471680797342552,12.716144046033659,11.662762014583356,11.435437803811684,11.615825588529411,11.30851227312698,11.22003467602947,13.553079202101669,12.846835627498677,12.125444511324144,14.78971476327143,13.683420026143565,14.920787070240454,2.6893410907932607,8.474188133519196,5.858385701888803,6.148175271050181,7.554607361293408
2024-01-04 05:00:00,1.8188840290980237,10.578164960528524,12.45455482579857,0.020675273255309417,7.36221816613612,10.034878703493371,0.020675273255309417,6.542843495117423,1.5996217051933659,8.46985462873204,0.28381152613926364,1.8356309200613607,3.997074873371384,10.796367805973377,0.9855938569219693,1.4042349730226098,3.9830822877473047,3.1763160806310173,14.194307420480367,17.7509328062833,1.2952352181523759,9.077283116072229,1.1925990378102036,3.3702993984688705,3.310644757951466,6.291629940871427,19.001408691653584,1.7745198366880333,8.913009035330699,12.246544413909671,4.321989147943702,4.469628816609362,12.84966952906017,8.92272488674277,3.3071299674142876,2.128463123697245,12.267055085024046,17.902288232671626,9.517485630616758,10.97702012172047,12.30117535615097,13.01077080479853,2.6813412423113006,11.148302989601923,16.54889427025142,10.574126276321454,16.40782876172656,20.80125235993968,6.7860464853882165,22.89841845509566,16.1765820883652,15.310792645318157,12.96289564611497,12.904626176703022,13.26604307040968,6.294957093371292,13.53254168347139,0.8026206482802292,6.347446344361628,15.242963853252494,12.701604565799617,11.870185935642454,17.758154616029103,10.305240679101875,9.649506220684431,15.989363847381656,12.944576454704865,11.517146853248233,8.743973137908004,11.813012981494872,11.932615694687327,6.450591268106956,11.473941852299072,12.671241770953792,11.227501058017264,11.635756532727557,17.615267882657967,6.793481202320249,1.8684156688270748,5.072540973873228,19.753941420210314,12.27550364565635,11.000600447491093,10.495181651285588,4.8280133576380475,8.781782293490313,2.277127100538799,3.620615890407197,3.0919992134309613,10.282362633471912,15.9930485017125,4.727216597777099,7.434375607835667,4.124408460240344,4.423455969992802,14.551027324356728,4.1624418243736665,9.98865333706716,2.066284947188455,16.30662797193689,12.524536402463285,14.201541928286911,16.672827240635506,6.97756192725464,17.2554915726131,16.10753384030004,17.2344844167832,8.766091805464326,17.180984320523237,17.117633286101047,6.088181924096013,3.7400706986284415,2.1616220488807154,17.358067041960737,17.117197015871405,7.395884367232273,9.665072836179368,9.146471889654851,4.171917705023709,21.53718117674359,15.97232461085229,15.94009333278396,14.822176182804672,15.308684901247235,15.700950816171012,10.119502932533532,10.674925214417469,15.24358815632193,10.461832235546918,10.652378207898641,13.904262961742772,15.682103900337035,9.532537007756229,10.255602037765966,12.702304638757607,15.594988490271508,9.815684312032449,16.349798332755647,9.994547463721515,13.08045093641306,9.8916572803698,10.74156098431675,9.994547463721515,9.868406288171759,11.092542542500256,10.176313684938368,9.912525154974036,14.768458028899698,12.39921767875243,13.833114649868701,15.123300352939081,14.529187410725388,15.158170583036187,10.278715666711227,12.46495302884707,8.947399931181915,10.140765357101918,10.402819572432646
2024-01-04 06:00:00,4.139868369172029,8.768957110501493,8.487221621177756,4.111141256033262,5.784215420357239,2.3243282415966426,4.111141256033262,4.567835545398448,6.390882225725749,5.99613739045091,4.49106706236641,6.73164101619283,6.17568440125167,3.727764267337113,0.33891831429400565,1.1113445828916593,1.4641004562967657,1.1597194088727105,11.579545069684881,16.545133594096438,1.3476748996015,7.441945796443703,1.5702078863502416,1.2394591117999463,1.1106002500630836,5.574967052182941,18.874628348523462,0.49248925110225045,7.1738784918539045,10.011799375771918,3.5473408745387722,3.407621007029602,12.928997797783111,12.974481368931844,2.149978158107071,1.0362901387362493,15.361757175322023,17.869051564773827,9.137099211380123,9.208102069875205,10.139324243386222,14.111001325895492,3.5599491972852926,13.52245586308856,3.627759854883561,2.7817610581814463,3.5892447207605795,15.94522022663276,6.0825327114243635,23.779664272969725,17.618171888159935,20.877391120811126,13.173086843276693,12.180732892123373,14.153316501190508,5.815311595641613,14.35389977207894,1.0834947569887112,11.257431503768615,14.581672646117081,12.161222274268807,3.5411152091691918,14.667163703167086,9.47593506105119,16.281721333689866,15.217391163912666,12.970125325506794,12.162905490091926,8.754054635208249,9.897109342887072,9.173978155272202,6.458002214502503,9.113921307608962,9.883004228635262,14.164592134378648,13.353612215122565,15.982898038919464,4.873035092341702,1.805313877711178,11.818984598171394,15.930028180701555,12.558310083915563,9.536463732734063,9.736526136781789,4.166108056249513,8.413176812805272,2.995212730870918,13.138308273226967,8.76270639902048,10.742517492679372,13.582810290322618,4.010976304412262,3.1278733497034787,3.793839500253772,7.708929751859737,14.971331653597199,4.683129466527708,2.553274352773788,2.6077058983552526,18.86483553089312,12.962513684162703,12.79644187665232,18.41237280119617,9.27855360581545,17.646674477166503,13.555981435779133,17.466072834423876,9.241244259539936,17.006124550625955,16.461486286467967,9.750433543754525,7.580101756577295,6.245186057393114,15.42051235619789,16.522995489321804,10.768898788090913,12.665288720845616,9.349676178259193,6.616130388349511,20.1533779853417,10.967184229794338,16.180285174537786,12.946898986322841,15.881576229657345,4.564996184991449,6.640622278991854,7.761895473604648,14.56168898332308,8.407108445296265,8.092828971788952,5.3869229574113735,4.120026672725787,6.869804843350202,4.366128342887144,6.243443077226402,4.18210544870343,8.722971782826914,16.60141856692492,8.173001245459615,5.97397457238586,8.4941462222184,6.866741314628513,8.173001245459615,8.755872329265689,7.504391287212384,8.815762770022006,9.19331555373154,5.004599946268955,8.742321516401471,7.36506473349837,8.888576897319746,12.255883230514494,9.296780997072926,8.140622304354919,11.448318691307367,7.8386301243945535,10.817980917518842,9.856365681152038
2024-01-04 07:00:00,2.620744724113062,4.3922047484744215,6.158550052332508,2.079836944098611,1.4438603874885532,8.311955663685302,2.079836944098611,2.3763875534865124,1.3267223044282601,1.3846306785517375,1.9543280856177936,1.214152307613343,1.4573602004029835,7.902279784106534,5.834647107887796,5.054266306673736,4.8534799984228165,3.5537527592283973,4.141492985059125,4.160771830400163,4.819934480259564,5.386138034954557,4.5992833088474026,3.6589596980653933,3.7571580091987107,4.947177751112704,3.4802228168689124,5.672499896276615,9.030018746243753,10.062394109682362,6.116235442484431,5.318907071769847,11.426394580572358,12.300031021816478,4.334767122630164,0.8826636298389003,15.309649854608491,5.764966539530641,8.659202649393904,10.055492012790303,10.366516033019813,14.448267565268086,4.36680685257997,13.272633530083684,1.5443576961884022,9.089182049541483,2.5124589044006416,13.235286542968154,6.785216438571647,24.35107911508517,16.613028196637853,23.49241100420307,12.816115251751267,12.855048883210367,13.008302601122226,7.774666199970469,14.987463775618323,2.0908218088252917,4.541952643000254,15.264199131053362,12.16116626641873,7.544780416484762,12.381868118545325,10.1091407567307,19.79627908490948,15.437266870215208,13.975820579655782,11.627230149757962,9.523982483683195,10.150951352682336,10.419723475012745,7.268713177066406,6.482196955467067,8.940568178221262,16.16524239718567,13.149053068565253,16.541079838712978,5.909140249790305,1.6517927750220216,4.424299564843585,13.61750294732333,13.616839047891238,10.624796054569682,9.281981429880219,1.5908754858646097,7.475868047368852,1.8250893840371278,3.191109154263335,3.087397919622205,2.132181712019521,12.867993750890486,3.9078989956353056,1.1266079863374396,3.524042738184668,1.7462915251133297,2.9739003960033106,0.9263188725757685,0.8987631284834839,0.5132942987799263,5.184513900506292,2.573977302508645,3.4920663451131775,4.527242799684897,8.568693313398866,3.5061597951769703,8.540106506620495,3.6553544719341953,1.8334172830241775,4.035316882486917,4.485241526231519,8.047812446312992,3.5268814563888062,1.513807674942779,13.075187734654286,4.453115694908327,10.020138125760734,9.685210725325565,6.597525094594132,2.9111691130600796,19.57630148383866,10.270270044228248,6.534473334886588,13.960201318723696,16.389534867715078,14.393927816060485,7.836415098935442,8.933687718277888,15.610617375292351,9.815956494644302,9.797637550056086,12.987963923381024,14.680498057804577,8.232963145624154,6.736993115259819,11.843679614450977,14.597562738918965,9.449667344247805,17.238707483642475,9.265849760840661,12.203681177410715,9.374234172593038,8.063304484991367,9.265849760840661,9.503428850244852,9.83018231948213,9.809516554081844,9.803566739436153,10.750952750923512,10.80270680634848,11.061091845456941,12.091560827849802,12.875374265628148,12.231290354504793,9.835847851216213,11.764361981604907,9.31192892953872,11.389560799441806,11.071302555115203
2024-01-04 08:00:00,5.065492534148854,7.034481145311235,5.791015720973036,4.997477955278745,3.3196735098975996,1.668690588626996,4.997477955278745,3.9220714295094794,4.71509676604467,2.8522477604547296,4.950418266288052,4.672888517926447,4.340004089091442,2.4595572776987806,6.151253045785541,6.293784611252102,5.538439793224252,6.131688110573926,6.626392863843768,9.682423340807055,6.191658835427962,7.17645273410473,6.095495320587499,6.01840550561128,6.763278709874204,7.9820500821941724,11.005292662689127,6.542549971136444,8.520691872075577,9.021135093851656,7.089716857167186,7.288238918485747,11.020920504945686,12.447092209584415,7.859476260096391,3.232285259835996,16.890986895833212,11.200367526593949,9.659558661494877,9.361447117075732,9.46955659672829,6.833209129341074,3.3712064872846255,9.549050714056435,11.846369764056856,11.325736071231033,12.14386470517973,11.981343318413264,6.086569272852861,21.191749565295044,19.86869849388862,22.05118765627244,14.320750590930441,17.282468782710293,12.591005168241045,8.998542368340999,12.409262978771524,1.6784145686345355,9.08746138703621,3.963364944383357,4.033797098941266,11.201654960718432,10.586006919469925,9.4658693433497,21.386864673768763,5.914980714902347,13.308873578583395,10.391226491970196,8.21169013336084,6.6150230169184745,2.6836550582103467,2.7549411223418696,3.881846973001789,7.280533239979742,19.33945136247749,11.720950527533828,5.844406858157818,2.563026459047747,1.2135482402838416,10.338058712797976,15.252994738264624,14.65434559556655,6.856234923872678,4.267078531496583,0.6920983610451923,7.647688249829615,3.298404551698985,12.92471342963771,8.44844992459582,8.746505914427392,9.703699245199148,2.4545617084654188,2.331787740941218,3.1175523307451534,7.522484660610899,11.541716585553369,4.742281879866468,3.8552869283622773,3.370780187335261,11.714925836700411,10.213545501297506,8.905290211694236,12.33756615089254,7.709285053915696,13.30897843085129,9.037131299175073,13.18627420353098,7.754419859427246,12.873776499115545,12.503738794265766,8.074021449875621,4.6521086448888305,4.832978937900727,13.563919568931532,12.528673008627509,9.065283746761713,9.904201084831362,8.39072618330909,5.6497672916543555,20.375747541961537,7.646680819480442,10.38088819157583,16.199022527242363,18.45203430899663,4.3479527530815165,6.939279873981008,13.430398883894389,18.43785984204648,9.918917858906662,10.113398547182413,7.592832276512626,4.11871392454659,9.210663224334297,9.661336238470868,9.94160565523954,4.288948076701391,11.706823955983483,20.241426230798155,15.23289391969966,9.202661600181624,13.199127003937612,11.25935178973003,15.23289391969966,12.525248882901893,10.559903363979192,9.62874779136258,9.360661758444717,14.144141158543045,11.717273638933204,13.052289236667965,14.263452760656705,13.361767714401367,14.274008501281955,8.883291029579004,11.10351550766479,8.985511426115922,11.573126325068579,10.764766604748951
2024-01-04 09:00:00,5.396651911380323,8.269349659009944,7.962414470554126,4.464979667077016,4.462551417969375,4.446510706352044,4.464979667077016,4.771414132058335,6.032839596637302,4.113319288051292,4.726268320426074,6.267191683265298,5.210227797106097,5.155091370774144,6.931555526662548,6.151834848597002,5.592217919742417,4.255247402913513,8.5475425719892,11.62645159462668,6.0189408351921685,8.663984806921082,5.89380538014044,4.360914166201953,4.4690674673068305,6.701715949566849,12.809155591345338,6.48864981129459,7.982767859106845,8.044930184900965,7.759429812763276,7.498921142115682,11.76102694752144,13.451409793987104,4.76615215098575,2.313119631578715,9.93168965747257,12.425094860059808,8.880049144809549,7.925459451011617,8.280142362699209,5.532853840801007,3.7380965593967237,9.125884584600502,9.735457890457218,10.08268571804808,10.051306599215804,14.17091226890485,7.383150580685108,17.706888443062486,15.748907805744572,11.93372817864309,11.8239073417031,9.57611420261392,4.559120218000602,7.25063636693477,9.727893490443334,1.9555505130508533,10.694306563730548,1.0687000616979099,2.394936384290489,9.960767181508155,12.756452484208507,9.688441740187512,7.142260288757292,10.365367522528706,5.10096115546924,4.270287319204341,7.711917717732598,8.984625332805214,9.718536628050687,1.842511087333988,4.490196366582763,9.80548232878938,7.608441968661939,6.183043459189616,11.624312990314126,6.555397892325891,2.102285997632257,12.795609375871017,12.395388076208818,4.069134027742038,6.833301701590491,10.545184923210682,2.681614391045016,8.388135960674171,3.7593918816145186,15.231289824247845,10.477074466592398,9.865361026422015,10.47281893379457,4.770453203365246,5.230321705079127,4.099729895479727,8.45822899620233,13.307797579858782,4.934049538452431,7.309151082084604,3.2450076682238875,2.6006070601395224,11.672060428253069,4.436810227391715,7.548770126864257,8.78024849972255,15.484170798201868,7.471751799580492,15.48148674284106,8.643579897831119,15.47465110924396,15.466556834848586,8.208787279390894,5.506600432209143,5.897396415020503,12.905016224449755,15.377668298807786,8.787517680689444,7.757315847063129,7.072046749836458,5.254346036502174,10.368084970973314,9.396092092920648,4.671332221070715,5.926194751492342,7.044758338458401,14.90040713010288,6.802578056408965,14.284517524799854,7.350747755895655,10.062742605051351,10.208440233770737,16.292055119956323,15.283141222822971,10.417527388213477,9.908614331929538,16.974159142599476,15.332578687087391,13.365237016537256,7.624670069538242,18.510794836294636,16.75956342339201,15.541720839045773,10.378109871511937,18.510794836294636,14.509803685581128,10.50913637441611,9.860662980500134,9.673963072622017,13.657530523764436,12.049308386384936,12.852144014844146,14.77728523962423,14.306474040401653,14.893560655813252,6.811246993469146,10.840688646865868,7.85280107636012,5.580552796238896,8.389527532105987
2024-01-04 10:00:00,5.404266378242544,9.574638775097997,11.313588012746216,4.883391075050653,3.9901575024882687,8.338273806772314,4.883391075050653,4.0664000731911525,6.696090934129782,3.7586108036515613,5.185483051620044,6.967039879501841,5.50817412754958,8.995940961350248,8.16095501888683,5.27419210850399,6.197385284249849,5.346036019213129,11.087865192277949,15.00231578691936,5.243403977817173,11.089213637203512,5.214413305890136,5.478842197255755,5.306726753457254,6.038104341938796,16.096265467142953,5.384811616612995,8.290496614655403,7.743438264655676,9.05978710416352,7.066563973647687,14.758462819064498,16.715421278236942,5.772216972795382,1.3651437698585125,10.781613012918159,15.77316231461268,11.265561554428706,8.394059073380603,8.227091891867113,13.540132281341634,3.9953254826995774,14.788024944267045,9.07435600472925,8.597795296100934,9.3009980157879,14.273504476517154,7.00016286849661,17.77240934808535,15.928837358734027,10.137590786029572,11.415800674947638,7.931781657067562,9.424250882793586,9.14701443064625,14.110173588996094,0.9590774052741755,9.851233773929058,11.283577104963182,9.54964137397356,8.685785253265951,12.412506984390143,10.88399091981827,4.049955969293314,13.131052595645013,11.89374118523902,8.362034683749293,9.183739438584887,9.268070226557532,10.190214169378764,5.054770124823554,1.8690387310354102,9.0571356472373,4.943188136649883,9.35273826742352,14.810016696705624,5.580615405318266,1.9244557917057001,12.708873363186044,13.219011045708065,11.47681800853033,9.639611127632152,11.00214411929363,4.527411974251281,6.055664677757291,2.909738055868245,15.64022282794277,10.381976526390945,9.108575722208696,12.303281865876132,4.084328270890655,3.474334920389682,3.690912411371346,7.842984232372526,12.803190858057672,3.8163088738032465,2.6719396645209352,2.0036348382679767,6.351573483200793,11.047519423629858,4.887670802707878,9.725045834741382,8.02727402564831,15.138663408868034,10.104320473465847,15.152889390781931,7.797364337849098,15.189119492940865,15.23202062040497,7.240549646187384,6.746842359252441,6.130560395468027,11.94873703782307,15.16668048334596,7.6264925610616405,7.460496335227259,8.75186947965489,6.854398385718708,14.999123056439927,11.630478659768242,7.703004562426561,13.331703970060332,13.155638009581683,15.906825040256106,10.380841349928694,13.925547483347879,14.243755803649089,7.542298664219981,7.808748414304882,15.925973675616074,16.204156746023635,8.873195110235827,12.08471429192156,15.737900350533168,16.19052558716923,10.444466903605218,14.963632797892208,15.314211038110631,15.797069816069396,12.502149302270261,12.382876905578545,15.314211038110631,11.440448029675363,8.317011516159024,7.191591075989908,6.867574864260876,12.901199484253619,9.999681052138218,12.989341135468537,13.448262039337953,13.681720046647348,13.501066995149412,12.255584906114104,13.119864619116854,11.622011384011012,10.204436372992806,11.254203638194873
2024-01-04 11:00:00,4.075197667385177,4.7467397390788495,5.915914842762472,2.3794977126592003,4.657714162403139,6.765919675356045,2.3794977126592003,4.682303371908321,5.060448956020116,4.624994868833782,2.8262864384025224,5.4611776857898455,4.2269951220737685,6.52435914180538,8.925529857076738,4.5839548103137,7.478007008039661,7.670072151377088,4.8011252442070536,4.3182232606530295,4.410283024913546,6.736626250557958,4.246750467359649,7.759698974784075,7.715278685743387,1.7140000121863108,3.923637892564893,5.136334362277749,8.558201043665195,8.186070209280198,8.310038990538729,4.891594090586913,10.792712907559853,19.179772097007394,7.706594931686426,1.8412092445998098,6.6001235707711885,5.597596199396488,9.264174051822257,8.470531647521959,8.354680675938608,9.381174173739103,5.5350295318226195,13.3670710723579,3.7788267566219123,10.677584630238046,4.689929164327804,12.800947305536752,6.701192680595369,20.08062910103054,4.375648315721293,14.240269271920084,7.077678332591049,6.109754849893848,8.398738184895949,9.620785443612196,11.873303806514174,2.6134117060432462,11.095885017252709,2.8346451978796785,3.074893142032257,9.160229554464456,11.918527670222277,10.249400459399626,8.204951795786943,14.13603626670778,4.616407553627636,7.77597399086259,8.227174794142986,9.223141835533198,9.913045173445951,2.6809525910028795,6.178716685822806,8.858847536001086,7.164437563500332,9.456480206543723,13.815286975175601,5.995748209589554,3.1725153223304883,12.71969769410549,10.645842276971994,3.1156337048329705,6.696092636584349,10.632221972378439,4.26625893330876,3.4329928673985735,4.484770844705836,14.87761063548838,10.47992851229633,11.58364726940995,10.040957133607153,5.443949613073582,5.546698386986729,4.747112488484757,9.217362457397869,15.375139978545418,6.151321990771967,6.766387878206358,4.290676020484987,11.365592829884486,13.573904598603324,9.818022353915554,13.827583580942818,2.986680705183288,17.773319617944846,13.47690438906312,17.760369090120008,10.237735025578049,17.727387258078757,17.688332502610663,1.5633858960797853,1.7879369594739263,1.679792657661336,8.402675417697889,17.647533885296188,1.5508155877629257,3.5408737335661145,3.8940454823936643,1.8706369086397585,13.354440576066086,14.279406065326988,11.895430231543237,11.761091777266017,13.659008579540536,16.639253829729796,5.47367756744661,3.358671469139055,14.741635041092076,7.431649251050704,7.589558932194724,12.395464664204061,16.803354859552073,8.770012519372134,8.948133279291556,9.415389117461139,16.587365254657957,5.306682599209228,14.421133754463021,2.701910963075633,10.352946196757888,4.201451281413655,4.65880100527863,2.701910963075633,4.586157951119345,7.852801212944847,7.240996432442397,7.064853668173493,10.589134287924129,9.042468184869803,10.759721015049394,11.274516887057622,11.32303046207503,11.344237460202855,8.291578157523956,9.99347000203872,11.075394136912625,10.771211517671556,10.148089620651369
2024-01-04 12:00:00,3.383914047160406,8.034057226816188,9.341244763867918,0.6290164800937544,3.0711177554566236,7.530039860302463,0.6290164800937544,3.578860209916627,4.594397123436954,2.7773531206609166,1.2898592944171907,5.187112844095987,3.1996715781634206,7.9203173248009335,7.81790274942718,5.185658355104578,4.194783176251267,2.7026214556005326,8.642905754081918,11.484662482428481,4.826676485734461,9.34665762485209,4.488652533954887,2.7771544351753517,3.0789698371649337,4.371672482442374,12.135101622344418,6.11160464972059,9.700582849815033,10.156474168976429,8.614387288269558,7.0942402033836975,12.063734733916068,4.0814857358994905,3.8243421808794316,1.4614281331199928,8.249610012686087,12.322580268221763,8.910304218529976,10.153538256017484,10.423312392188564,7.878679954029486,1.4577785463642825,6.0592289903319205,11.741392092981014,9.850992537011592,11.909456725589381,14.020730637072022,6.826188504219782,4.083341170984074,10.24729146220068,3.2448439769771347,5.560626229934195,7.032706553964572,10.291914672693206,6.827868470207093,12.728734453646823,0.4396950181710137,11.886883439408805,9.748678951453508,7.3658482616212275,10.112349659311192,12.115621706127039,9.477312231684092,3.796207124340681,12.822210436314563,13.66126082369319,8.907927020200162,8.649684296321668,9.968389466050315,9.117269005317869,3.927245025074178,6.808115595712259,9.078642890638637,6.469879882248698,9.428708957204435,14.578696507800956,5.5959138486924225,0.5182820479173478,13.424840927927088,13.887765070481022,13.552928017676127,10.391930866997255,10.107557966836065,0.9965260421703753,2.9004030692854195,7.5842346840508466,14.830211976603826,12.050323394213528,5.242536360266701,12.413367326801474,7.48887401014246,4.05561459820112,7.623668117159016,8.786324943092243,4.6155273309880185,6.144723557881074,6.994750536236538,6.453735056195947,11.136216574072575,4.911999326813021,9.90431937398,8.477603261115297,2.031730837835308,4.214570827305101,8.592115692203333,4.21873233279847,5.466062149540134,4.229330671111583,4.2418804746115555,1.6884548690592271,4.994612882478671,4.609115160161812,6.314071527792954,4.288836973471024,0.9449624990346259,2.7601038350140814,6.0591084476727275,5.304928341085345,14.178030671576453,7.59446272600198,9.926861067610698,16.104362931147843,17.636988709223477,4.72573365050113,6.380634266619684,6.540049723989863,18.44313818644091,8.689483891496677,8.76094514197153,4.759757677616241,4.526258020678306,9.812534850316574,10.713255622889129,4.917621550574777,4.537699662010062,7.249891458705442,18.590884690288775,5.273255374566977,4.867956235271198,6.411299391969716,8.011354547669686,5.273255374566977,6.707810215384967,8.854865317256598,8.614616770316045,8.54544757694207,10.707545921031798,10.197885296998637,10.93961628276281,12.213321915681547,12.354739221812057,12.370753505396218,5.650539524069415,9.424663157194349,10.411800537777854,10.412788731039935,8.93025090498686
2024-01-04 13:00:00,2.392447797465947,7.365571125469925,5.781719230803491,0.11021698505299357,3.0616745906145377,1.9591111006270079,0.11021698505299357,3.854698995510975,1.649775870387409,2.8520626602418684,0.36678918280883765,1.879897726595559,1.9600616129613868,2.8051783804508057,1.6875561698131678,5.250349049880892,2.9822916930701955,1.029403792848953,7.172794376337954,10.53218310449345,4.845398591175638,5.477756415824806,4.464089767510864,1.0905617655656186,1.6578683563301269,6.3576229222286145,11.935548117034969,6.259260609443498,7.818075780123168,10.094891811302917,3.860794240137683,7.2117078668978465,4.3966483514192625,8.650454734019347,1.2151604359270753,2.6454315108424646,11.832778826736194,10.278557617071792,3.5327695403444133,8.878840625628653,10.261861035782475,5.833870737852634,3.039150575078125,6.382397123049682,10.0276670342074,11.09101888552874,10.624604356049122,11.830943520801757,2.054657251084562,2.087755129697759,13.839268884573615,4.779317857359878,6.860282145375812,8.84894022987009,4.440031051131037,1.4161143115070267,2.86614389953528,1.3746054801517749,13.337997413912312,2.993297090254762,3.4762784013879378,10.54162201647431,10.176496580684116,3.758570029314594,7.64851131862476,12.152917280803738,13.568909680989076,2.6378040974053767,1.9284404959905084,7.334431306795052,3.436554504870011,2.170220914999517,7.079707565061284,6.561961284473879,9.50369545643117,11.311386315450116,13.013770367466632,1.8150541615760643,1.5017901358781827,14.62297258182073,13.483735292799581,13.69617017439435,7.523114613716243,5.6860881475492056,2.085426679627247,7.333144005745225,8.93888686594861,17.765612362104093,13.43520799148688,13.054575181492908,9.970520334225709,6.903008558090827,4.520011710248166,7.789081742397452,12.859339744876365,14.862889888493234,10.464868440611934,6.705048254589251,9.577858336376545,11.62775091928296,14.003373818748319,9.978041984161703,13.314964686149207,7.594708063479605,16.005325621250144,11.4158714859308,15.934769063954725,12.412949757442524,15.755078741397886,15.542302155832147,7.269808945983543,6.067176427416974,6.953963111368256,8.931165275933061,15.53254939064669,7.469805049174131,8.362538077867422,8.912827058093718,8.02198487659809,13.59933685105782,11.142884332865133,11.31770638751672,12.126448789223394,13.141794575918274,10.748171657262828,10.371482826159479,8.680119428878697,11.77922977148013,9.358102176482006,9.3524197989117,9.84998757287649,10.720801702555452,6.568196546150395,5.264773202323024,9.26124970087748,10.67813122042682,8.473850199806519,13.333374735909752,7.934948142299665,9.446471636054948,8.249787350166331,8.557833513645413,7.934948142299665,8.512516629786234,9.4648139856638,9.309794418142713,9.2651632285719,10.952576770449882,10.660421468957548,10.87032854927785,12.388526094267839,12.397405196003705,12.539174869729761,5.422939558601131,9.30744819501997,8.647874923851274,8.872742663389152,7.968332336071654
2024-01-04 14:00:00,3.4204113213394685,7.931361091292857,8.326054071163506,1.9227421736138448,1.5993855184107684,6.7341533778686244,1.9227421736138448,2.4242977177336464,3.7496067948041585,1.1765806293783534,2.2271947511191104,4.02267298387558,2.6269825535130362,7.2461551955916175,0.34767230033140284,5.491219157064719,4.242771261270408,4.470222843819509,8.358797616308477,11.922190492793895,5.210087004602026,5.948819131217196,4.945367782668954,4.35224323473274,5.296082215427423,4.936685415440642,12.763232213855654,6.201738670992468,6.158535334559738,8.485183130945499,2.7058657475268397,7.300316592996806,10.582258267347834,9.790395488285697,6.422819743590535,0.833369087743085,11.079010713047303,12.321952561283998,8.78168869162664,7.680485093306454,8.618082215337534,10.901886283060676,2.7264652393625166,10.352557563039955,11.239702846006248,12.085461787751314,11.778699143590003,13.110223646277344,4.655354467200612,12.243717200094776,14.17020704550169,10.346738961929432,8.98511983255418,10.140879552268746,9.452061942485768,7.670389733746939,10.49310247955386,0.8543594702616639,12.514081351490658,11.289014007525285,8.514579434938437,11.49959122104596,10.768964797405339,8.19707030321815,9.02441600914277,10.133683490077061,14.493663904354571,8.468270239858839,6.516803523526645,10.113121550156125,11.425881800357825,4.789994384705711,7.083928366727147,8.181601169201992,9.678985432594398,9.760932582523804,11.605145577041112,5.755683606514041,1.1423200717305,14.324277590888622,13.260610234463996,15.001951720880983,12.637562965420576,12.184420926917902,2.1130126525991275,1.9715067716056853,11.593707694390249,16.558317659003897,14.228972850255152,15.147437006615426,13.084907630179158,11.240717986046302,1.716145929008227,11.439220879120219,14.00639387573676,16.89970651730877,12.63680111933386,1.8037298565939037,11.776873867757429,19.27065424259608,16.067266217735654,12.90333738973814,18.790220160667086,4.220326345362525,18.00809293785273,17.38383883399497,17.955779101846755,14.525402167541273,17.822548535809624,17.664786311717656,3.100858006647506,7.021003674180612,6.671339393078737,3.783928992353524,17.688935362858118,2.1475611686213476,5.190573661645021,6.4403411951388785,7.097670481677775,9.128345999704484,16.495557773618682,17.801036659537516,11.242755141904357,12.642095431038477,14.246251729204662,9.523939813877776,9.010974822452576,11.847786561885593,9.04364146816596,9.115678132604996,12.60671627720451,14.089906900306223,7.148358739508855,6.13447991756048,11.60396441380088,14.017229555257,8.833448901454664,12.912402713177036,9.344977141955596,11.91943866724375,9.052258087163565,8.22199153754266,9.344977141955596,9.04689663429394,9.352640545648299,8.90375954809982,8.774523650872867,12.066052800473637,11.019872840209551,11.759422365197276,13.690322685443558,13.721247231609896,13.859620532726108,5.97601990988057,10.29617643913535,7.627352825645443,8.932279351811669,8.034613812640623
2024-01-04 15:00:00,3.71972116408834,4.261939756158302,5.016774822702357,4.812436083585467,1.7326543895295163,7.324688662225053,4.812436083585467,2.5570111639287676,1.9010169370456178,1.6751241563128922,4.327239176775427,1.4658395725525621,2.449582581720387,7.001682063331614,0.10930109450569968,5.341674174555899,2.5497992973182857,4.499414760830132,3.9877886866034142,4.051711564453163,5.299979680134393,2.5528711505434796,5.260719374881266,4.150018652040794,5.887200580076037,4.9785832501514085,3.506052385367447,5.366366236064849,7.274446026219891,9.97405701390148,1.7003314715909341,5.162664800604898,8.916130747063695,9.90045065753693,8.256776576963219,0.3875501647369254,12.276938748357319,5.002873203105899,7.886403584085036,9.127031920725694,10.264826455026201,12.570529334252319,2.6668268609940107,11.381531720086421,11.691948420296056,13.01276375359678,12.21163674139348,12.032989726421492,6.125105891845248,11.23264221157467,15.354457648389689,11.052073842211296,9.013846429926414,11.232178048960655,10.78323837744539,8.81365084884882,10.932082809528167,0.674765384466444,4.565565890769361,14.023576036798055,10.93654701000797,12.41774781751213,10.803528198978048,9.284260269880857,11.021262890640617,4.362510570976211,12.797301272871872,8.803389220877454,7.638462686315103,6.449859118235703,2.1932477609385734,5.8369939565094136,6.197856250253571,7.495153611343117,11.672172541188859,9.424974849539803,4.6122580828722795,2.705431079355699,0.5687350047438605,3.7867581473317236,14.286086182762848,14.224194174698537,7.4681755989875445,2.3993020271069656,1.0555712614171764,6.406591980444869,10.253208969031624,3.469402334315865,5.894030402930921,7.388138230040405,9.966318769647891,8.365683844583655,3.329464091899317,9.49834340081149,7.889796462578489,5.438254416089809,10.181026425432526,5.727133233518951,11.137628966641422,19.855394731052552,6.364899393007711,14.866219528747969,13.835256579010201,6.898799754206269,4.205879814192663,16.98154003290812,4.322655703010928,8.080103866305524,4.6200553768748005,4.9722150605611874,6.209341695454375,6.850499275793809,5.734985434710226,6.905203274770916,5.046855298682129,6.392707862057058,9.125243378476807,6.699355540690227,6.220528329899734,13.118575548070616,16.154746819099856,18.29659795769795,11.650504901029219,12.58159509215153,13.160452572952554,8.633719797450341,9.252175497206538,12.491693722453629,3.0008693889050795,3.3438755655237444,12.12345528309023,12.95212539705387,1.624452309781039,3.811533326350224,11.56321003343633,12.911520000238072,5.274064398617079,14.692038441372784,10.301096309923349,11.739467947612189,7.401763857698387,7.511727724640432,10.301096309923349,6.447380620418172,4.134230827509166,2.4878038631029105,2.0137863236531373,12.409154585871278,8.361322117335458,12.625818662133142,15.703051014029125,16.848086256451452,16.041536830452266,6.152336584789506,12.451249896684402,6.491018367947,8.711067065007386,8.756638564658545
2024-01-04 16:00:00,2.034413244665623,6.107947609324279,5.230068040656391,0.9679864230592403,1.0203918834887338,1.9818067687204755,0.9679864230592403,2.0668714569291,0.7574650342336597,0.6885975517352865,0.9329023896259501,0.7259978567001826,0.9951993452299706,2.673340222827539,2.828122626541804,4.929192084714454,1.8901223830151637,3.583455443037031,5.728564601765712,8.989010848728165,4.617119937640771,5.358186664196987,4.323267045907615,3.2169834062783025,5.068289869306868,4.298940200034694,10.1414674257323,5.6667363437106895,6.34404810993487,7.727144166690978,4.232864215080552,6.4937540680818255,11.057546564700054,2.304870514702998,7.771875225395435,0.45929554600069517,11.053083815881877,10.434999663165396,9.092208344220985,7.422084141992268,7.858988219708326,10.440993481119255,2.3098751910481523,6.805371124207321,12.612114570330712,12.923220178160435,13.12760769111917,10.827439204977066,5.00125703585988,13.062352542645776,13.431427436421995,11.50108645449543,8.700950967931425,11.036450255323647,10.29298953823834,8.910261638590374,11.755227738712502,1.7035447172753488,9.770156435958949,15.1474165338968,11.670319572650556,12.381564878217635,9.124244664256679,9.018826377529852,10.478398454375252,8.846772160634778,12.784896646461515,8.076537866540232,7.220868544478942,4.930923306572498,0.7246989609513581,6.904323417868422,6.549745666058346,5.724906569643984,11.032236955341425,9.635578853227502,9.729360082845739,0.7017130497263504,1.1702559901159506,10.061026262741793,13.41341474119244,13.345212131262597,5.764395248423269,2.509237433417293,0.8176239501537543,5.785568213765833,6.644912118751916,12.142048380246724,9.18010632630896,10.218785619372595,8.408396451399913,4.649528754089348,0.8290962351643321,5.682737253184347,9.478050507800914,11.671406283651876,8.137768718439167,1.1716075432486688,7.424991866499311,12.369339332714436,10.98121403203504,8.234650660259463,12.45378951751799,7.155206088344174,12.589927277475027,12.537954399702802,12.593060023437411,9.703193127589838,12.601038362433073,12.610485747833843,6.583948912016991,5.0295178946157675,2.9856825828366924,6.811185977828488,12.608030465491256,7.580795154668925,8.828335779944219,3.934461810730208,2.9014326740823737,11.44013187085179,12.61320486971469,12.079275075691198,9.235696458834093,11.482161509796942,12.810824994381298,4.79322915524927,2.579275594085914,11.547748508633374,5.771415657638286,5.961854314574538,9.57974249360257,12.824562747288326,5.004359996458681,4.135967175396569,7.385992408405261,12.665564357245474,3.9468336319338015,12.158848869115076,2.4439387449502745,8.076164818575373,3.3107897967358015,2.9425536886924673,2.4439387449502745,3.5984594361500197,6.39043741014023,5.491188441401281,5.232288537105737,12.05402411210806,9.986795473484936,12.62112369164464,15.672353059846566,17.25770723527416,16.04714406982287,6.818688178049204,13.107728122377864,7.093517450350637,8.528289220311063,9.346236564835195
2024-01-04 17:00:00,1.9345237757385503,5.466091020321361,7.978547937089244,1.0743881577245686,0.9859091125867079,7.659381091207565,1.0743881577245686,0.8074938634542554,3.8999136105828907,0.8985304501156076,1.545270617733538,4.3222522220962105,2.349116524541073,7.884114129292039,1.5822254912524536,1.2584097720094847,2.3348239400747706,5.049934641546413,7.309709207498303,9.936567035033573,1.2439121606297558,5.781054138444283,1.2302609422589252,4.796699858299921,5.426878156396171,4.043594771419444,10.302168134405965,1.3303608138727523,5.628277260056869,7.103368712463637,3.232323622709703,2.7855559116389434,11.798155122956231,5.260650192407165,7.894068433014229,0.3638690377092916,10.049856932737034,10.72603577872103,9.660815777514625,6.87491613092342,7.34709427489034,11.768636041217029,3.1932914608358294,8.415546221573273,11.083416374598697,3.0430578950750924,10.339751567248022,11.928214292106802,5.733168274465607,10.45830350111902,12.514563545351459,9.781986866005317,7.68704774357132,9.993590368299436,10.258985574457425,9.687483619199224,12.542699431573507,1.8920343227240894,8.810604573747861,14.69651780086967,11.501488247854798,5.005457652426701,10.06456066624779,9.718877014874781,9.507518271792712,11.238710092874495,11.869285858270642,8.91771272461875,7.973243363184984,7.162229223718352,6.490468431271628,6.8103024568325266,4.57537833840555,7.2228192215966995,10.268407264349872,8.986483242267212,12.672066694996127,3.745058290494132,1.9043042203138114,10.091003888038808,12.785470503632556,11.789758688379507,7.9250704088169135,7.317604480068699,2.548534131016854,5.220618983955457,3.58880968149955,12.16382083813366,8.301573133609843,10.234640377386949,10.067032661182257,3.8150336247571977,2.600146974918179,3.907372767239734,7.720281396628556,13.707970793701966,5.257756167238576,2.964880116395818,3.5531050141472376,12.825436975426344,12.058036394327614,9.217125303532159,14.011874272783412,6.127233365193517,15.905376387720073,12.87769014149114,15.86324481432803,9.001568156746321,15.755945984809676,15.628890291129267,5.435615850845771,5.261502024655235,3.8512819666618636,5.831869082741223,15.61982333812714,5.982271144546172,7.506699470750927,5.692492683392505,4.844132155936381,11.49424927037986,12.785568754128771,12.460097187827222,11.502559997136919,11.536328648649107,12.752100429565235,8.319225244374612,8.680647788607766,11.997411544184642,3.455383145073383,3.745376872829053,11.532554354172055,12.749818409029638,3.340703077248722,6.221231314257966,10.709589470056144,12.690171645927876,5.167186747161372,13.317569964666557,8.855624131030744,10.968501212732868,6.726830845426082,7.97279844541667,8.855624131030744,5.967123183906722,4.365015620077631,3.043598300293769,2.663153251681396,11.255888710753705,8.03842817902153,11.92626219546581,14.297018711278497,15.894002543823795,14.609331199217571,8.415207920115348,13.060168613219691,6.49390624853016,5.620954994669113,7.217684726849791
2024-01-04 18:00:00,2.898475796084161,6.581693251966305,8.429332086451897,1.0936126612193298,1.987711307545743,8.73893952741158,1.0936126612193298,2.3575976412859463,4.110510177558208,1.784351919014676,1.5963878610150022,4.561453667322067,2.692281821924441,8.824416270100619,2.7099144051239183,3.9717844364339507,4.149006755127311,5.843924348848007,7.502947438371825,9.605062455462539,3.7450359860233293,6.2830789567584375,3.531525461377113,5.635659782740277,6.534033559246371,4.36718335706949,9.735154643512665,4.581510138732952,6.539973809799553,7.9480008554284645,4.136522527332839,5.443047237219874,4.829171375968894,7.430631797592404,7.193526114409696,0.1079642591705793,11.252504136854904,8.779715819687306,5.785099970242646,7.688894706406354,8.163228626632502,13.09218948888039,2.565984315581673,10.613835426778756,12.591737298131283,9.182138794932424,12.580777227187289,4.186475253872323,2.2556775344738123,3.3660027566898503,13.448977408145348,5.29880218716464,6.0991245542031685,9.477810047190204,10.45527361794389,5.739133972790307,5.768636311748377,0.9707102702979167,8.295921729650686,16.356388176592407,12.71681100732079,9.341455884901423,2.8327284993735162,3.76826588131041,7.865187399333666,10.672988185150848,9.626683616035969,8.462570076072028,3.755995658488498,5.298322293629287,1.3964116053738675,6.894177532340724,5.635791575077959,2.6209594470360145,8.61915568769825,9.431939384815129,10.961195189194106,1.5778430046947158,1.5733214694783866,8.59512304507397,6.629480041957999,9.400418656030615,4.1444543623436285,2.7812778373951077,3.5328778140643435,4.413218478458851,1.645059790565731,10.51392368005072,6.2953025397401685,8.694380927698957,3.8646787068813544,1.0073315951012103,1.9544995099887754,1.4435034959150048,6.143375904529298,12.153246836226668,3.7381842988060834,0.9317702905991194,2.040618926245854,12.906222846732058,10.510197573356582,8.407731894269968,13.458582882134547,5.976410520953137,14.341545199763983,13.102831583358622,14.328336646459393,7.466434259649325,14.294697686527245,14.25486480663422,5.207765364491874,5.2306780178538155,3.6233937174073416,2.708799916041866,14.248752610305466,5.783857949816717,7.353504273124607,4.983724014386091,4.897552541183331,9.405463436620305,13.145415307331277,12.550296039055866,11.030115113228371,12.764333720254744,13.338794549808847,9.078932678157663,11.023016034413784,11.14392301161649,9.84494664949307,9.756560164506126,12.941625883490813,13.352254926186653,6.977713544833872,4.8578381755168785,12.664008811674503,13.33213382498873,10.61716439388778,12.835596056344423,12.03859642944135,12.751349500503514,11.223360881816536,9.037470167549095,12.03859642944135,11.13561300530647,9.704453920775943,9.908546815579022,9.967306550389747,10.197911555562925,10.890423482363655,10.540528251585409,12.205198307677353,13.075758812260528,12.415882347267253,7.116391120895722,10.69622702149669,7.258421317568516,7.864140715134982,7.7117799559595275
2024-01-04 19:00:00,2.711569941425914,4.741718086182152,6.572458889773235,0.0,1.9484657795002989,9.811345380156803,0.0,2.9305890224153823,2.874058454682991,1.7029019741901286,0.4789706332256365,3.303651419747601,1.6665327662721492,9.209214766567705,5.533111757520254,5.747758323265271,6.247079074436543,6.721185848500894,4.2022647877545625,3.7100467847227803,5.294937784769799,5.212594092784305,4.868553610722887,6.634425726535623,7.289466811964324,3.300471614695596,2.70458328427018,6.969891637545479,3.414057324401389,2.4426083628095787,4.860618527181159,6.310832267937667,8.0957024000753,8.314311355248975,7.869110232498357,0.2391123354655366,10.543872098902412,4.040010444520874,7.763137262145836,3.4500483715680286,2.6110899705392634,12.664785497885733,2.7592191859497515,10.784018283963825,11.057894589704805,11.803255626092339,11.583638463506448,7.821631000274529,3.5189698911518517,6.984054770902332,10.833246954741629,7.106548281979512,5.852391031927635,8.606361857032173,9.602689429361831,8.396074187196392,10.348847870214101,1.0984386747848083,5.963747806715849,15.11482423654626,11.5216968005035,11.01556520559447,5.8872217452489455,6.990853245847563,7.779060040239439,9.70939371835929,8.347935095473096,8.997326907433939,6.002533345117519,4.4485579187944175,5.904147739756499,6.3843854316718796,1.6637242459730326,4.485191081581299,8.423121125764407,10.291557157675157,9.039702885876734,2.8378521374923604,1.7929599409962558,7.4706200841254,8.544254333164647,8.260467669123818,6.239045063255626,6.37696584135856,3.7060067916675594,2.348915808648897,2.250292607367428,9.30094057086836,6.220700689042308,7.643613967829143,6.883668504918712,2.791251938309926,3.0684942946882137,2.683473699114765,5.567780588198647,10.540268135850946,3.4930590058506352,2.851233428463681,2.071436962187556,10.967678037369808,9.164265256105608,7.992567372610767,11.505066355892238,3.624346154722944,12.372818122863457,12.217304434812824,12.399322272309572,6.615272980224524,12.466821869024956,12.546750122877482,2.4871038278514614,5.471157323050776,4.27999130084585,6.974331333659785,12.529187154314926,2.0965242319789166,3.716963278254405,6.468361366113564,5.336373103316824,12.906850465058975,12.783798218127593,11.112128075690922,12.36723078799533,14.608418738533793,14.255607163260388,9.398026229841417,11.734834481223668,13.091286960005098,11.683652610767533,11.42377298499881,13.891448066591334,14.357917978376705,9.644482376080559,6.845102912960285,13.576078237535697,14.335060636774173,12.43759093685223,14.563679214008413,12.865616900328549,13.675296264458161,12.62310722553722,9.878761073180979,12.865616900328549,12.715218324125818,10.973881436803591,12.004961513792814,12.301816492262125,8.339248340639225,11.194061687316115,8.615587986944451,10.327211091137686,11.36627204204267,10.538790740382899,6.110276184630099,9.349534270524014,4.615456531929696,8.227373912229597,6.758895135310401
2024-01-04 20:00:00,2.8541076955339877,6.544532302502308,10.040071622888084,0.0,1.4547748315334663,12.250750931163271,0.0,2.2814664756521017,4.055049004106699,1.1531108867710724,0.6757863209404356,4.661167687015894,2.0658178905611044,11.836024114108023,9.47788946697201,5.266393272408929,5.717716353158583,3.4318353534801758,7.009740166548724,8.048386711039493,4.851495689139216,9.164721184191066,4.4608204694499785,3.6534384775590616,3.4939477788466884,3.94343541723402,7.355799213622994,6.385983686891222,8.582877979239804,7.518620533159001,9.091324165150441,6.519380957729851,9.24350447633476,8.478510806719163,2.9783690361186146,0.31595836644276276,11.130302810620897,8.173657516838666,7.269112043986086,8.679839978174032,8.115810156035737,12.693535802010846,2.6507332367831262,10.95879279782175,12.745106928810271,10.580139782194312,13.028657652336047,9.862021331903616,4.1880163060661815,8.026158082617613,12.259063210883808,5.221015604427326,6.717648487410314,7.817916597218795,12.190238047630539,5.416853362789198,12.027000283262712,0.990431529379723,5.054222519304731,15.26969103135032,11.99421128907906,10.52217273109098,7.623966171494512,6.796069891978681,4.12271579519785,11.336041048918336,9.294184186016505,10.425963211402255,6.996642302070912,7.326820148699544,6.319596519368199,6.474733084220486,0.5726393225538073,5.590615104542291,5.86790850087307,11.520528944344115,10.587406958884117,3.09131757290604,1.7802910576612139,6.7739849609233085,10.116977835116362,9.11917026702005,6.7712387178702045,6.609286240191196,4.036849226183048,4.287426440120813,2.194208798597779,8.619588240630806,5.823378529843418,7.566894029672928,8.156515906250334,2.884625651304102,3.1338999735560664,2.768705581837539,5.298132852276301,10.472427129175891,3.4033862002706803,2.6305687353712894,1.977327621728068,10.022872724449508,9.09229089889344,7.256949382716179,10.898552016526587,4.671921654739483,12.310856874810398,11.852294186197586,12.346353665442011,6.535343841226286,12.436755323386016,12.543802580206005,3.6382017426148465,2.6564452708554036,0.3231229908513724,7.160326491462396,12.517454020714558,4.593868161452404,5.993593307515093,2.6277435257529236,0.6018204668294918,6.6644293089318065,12.672776013578552,10.470844455808779,3.4861471427769284,6.288352090772102,14.820205792786409,4.550290662344722,9.704575209363892,4.476494335671814,14.198371282841885,13.881767992526534,14.250573148283493,14.969484879352203,11.834508166804005,5.662532095365876,13.764533075804929,14.934257717634075,13.888356544826678,4.621064384186491,12.669587878087677,13.917445410954361,13.377664599049243,6.670305438869556,12.669587878087677,13.814289324286882,13.32406418452568,14.594164553929938,14.95983510292776,9.712244711656076,13.182841810898022,9.686673548835184,11.577839004712734,12.268002916863475,11.77809375654565,5.996519156633266,9.695575224619919,4.890908048944601,3.3988529228025293,6.007311283145475
2024-01-04 21:00:00,3.161911981418323,7.102149240434157,10.35692419107523,0.0,3.1083321178178602,11.802783318153084,0.0,3.532238268425888,4.774514496508154,2.9806367298069456,0.7956874460960577,5.4881735509914895,3.0388478842673803,11.523671214615595,10.298334005000651,4.861434012843872,4.976128413234062,3.952825956703933,7.942881965846926,8.97458251445832,4.478439975212591,9.895307071340556,4.117805722749375,4.023124314995799,4.224079743783806,3.845020729343648,8.509494071914432,5.8855882142962965,10.462077941988095,9.616750481934828,10.128281524385084,6.308372192101354,10.349038060761854,6.477723046990083,4.6680686759207735,0.8614131501862108,11.122007704781039,9.28102342924453,8.27839011755942,10.661233245207246,10.361890429171403,13.044897899708051,2.4398103305484717,9.784344728110046,12.230151881113265,9.600773562570733,12.320994655433699,10.542276026446931,5.92409280546097,10.25933885481453,11.453072092907654,9.037649515823404,7.141579218425008,9.608223291570855,12.45450045006618,6.911384028581281,12.598297928141825,0.725800881419488,4.226138874164606,16.195330298869884,12.509922989134827,9.843289013123838,8.728914756094808,8.18929047007649,8.576607524418268,10.691575225940745,7.970920206700907,10.764648964421044,8.29520543356767,8.968559535080265,7.673527895452683,6.694907253870887,0.34102159812332145,6.980777133103652,9.342736632809185,10.968114655634189,9.892319985251659,4.901168833793864,1.055598068728818,5.949855327192176,10.60694665027952,7.690924161079174,7.087796917040682,7.555443139747007,2.497916969112545,4.639660116570893,2.868337656102263,7.301672212061186,5.509115445976136,6.4886356356308195,8.639098074634125,3.8759665772957907,1.6113676531352152,3.57108555308799,4.883351857485144,8.578344337236027,3.494191299602069,1.0313011514878734,2.4685530137302223,2.4291083238045283,7.585719201314695,1.8108595684622717,5.295923422564075,5.624413256233898,9.900550120727925,6.112457872571476,9.931017216102681,5.746732474716887,10.00860946840515,10.100488731997952,5.022546099635665,3.7068943785543444,1.4714851858955338,8.17641648425684,10.0395373412614,6.071917113382569,5.677449152405064,4.077906381088052,2.015474354980512,10.477226530857134,7.654596860633563,3.8665995746953223,7.0947517894750325,10.46520881260657,11.888128257884247,5.515233204470947,11.808944685911788,8.343309210093192,14.641184578580999,14.314691171919186,13.039613152850135,12.182465514741954,11.70647636728634,5.7247524141401875,13.61911141688821,12.224466329527743,15.045896415408198,9.355737303536648,14.924598098383932,13.436796340855027,15.000567869274064,8.300167389061501,14.924598098383932,15.262976875245442,13.764671685470992,15.037976398964224,15.404569500455077,10.045278758118888,13.512270092776564,9.962883032907735,11.758817860809089,12.258819601964756,11.943410588074961,5.875658276479666,9.579424968724558,5.675416153672594,5.806255936105581,6.636255177169198
2024-01-04 22:00:00,3.3533906132509137,8.449101911023867,11.215444258580252,0.0,2.1643040161588507,11.933986224256264,0.0,3.1247614319995263,4.457011937240115,1.7994804548905843,0.7427746733528371,5.123213061412634,2.5559435589106365,11.860552489343863,8.621555779024304,6.294943669169721,5.544825712137266,4.069514837107988,8.950308342247666,11.189893275705005,5.7990147136090515,10.065895602531366,5.3320388586594,4.13594658110603,4.374761097900217,3.1684845980725855,11.059432669363073,7.593279180018474,9.475519188627917,9.228131541830354,9.03622309216132,8.170731363207086,4.726675544656489,6.201901907066244,3.7068085766438603,0.23733354817699384,11.914636020863957,9.991451741677734,5.119255392329864,9.940938099344413,9.756154282223994,5.675496746010201,1.6312867829036233,5.413947158397108,10.66031140616923,10.020004563869918,10.917031469719092,7.605935190378252,3.831273251363184,7.126757215037351,10.947776007750049,7.64415720944223,5.768599105767881,8.760076128941183,12.926215563085151,3.29287257360565,6.832889437203303,0.19884050825479035,2.1888503083895996,4.537817417066343,4.1328847937385165,9.811150774800922,6.776535792907002,4.174123723368624,8.494821234833367,5.549175549855717,3.670295245674165,10.798754465678947,5.075038544530253,6.025277128746738,1.9163450532741226,2.0339524666983317,2.827251353073211,5.381486151998292,9.072890451311903,11.109096167725525,2.5660042788874575,2.942649294351389,0.23415005192267668,1.965695728562331,8.488253470664473,3.9040991385579713,2.5799716721766663,1.8990514790664512,0.7595113148759974,5.304297785121939,1.6078295955488056,2.144696252489384,1.7085140739874343,4.820006990809297,4.816804168474139,1.6480830706648266,1.3179886727944403,1.729543143602449,2.667828178801739,6.291467956514709,2.7102521727352684,1.7747802853502852,1.9876321897273288,0.43643074933862874,5.592964200493481,0.8870455186902257,3.0346021882972267,6.844494748024591,7.223893059814211,5.73484525141662,7.324396203576352,4.2972943962054035,7.580353169347525,7.883439325872908,6.135641603407615,3.7794610936629107,3.804276503819662,7.049050614834096,7.80668409292294,6.882768024292966,5.823143627545147,5.8993225985202296,4.717662766167705,9.823829737839851,8.104974971444872,2.6526001531997316,8.793667064188494,11.148675947363081,14.319351244810129,8.712607861656085,12.395288717367354,9.024142131498756,14.578207204647136,14.194458258121056,14.60573135447656,14.751347452058665,11.829377390006886,6.820312565195829,14.50728358187221,14.744212164656048,14.86741635530216,9.975995555954645,14.28550163025371,14.538256087333384,14.62718908297613,9.868076802522559,14.28550163025371,14.979352758142067,13.515397940669715,15.059334209040017,15.503843978876107,9.047637776628067,13.256806096455525,9.101787263312627,11.192578550357101,11.926265799677298,11.423254135615144,4.430934740277879,8.824303985154021,5.024520201077783,4.1640447448677556,6.481922775673023
2024-01-04 23:00:00,2.7788074463291648,8.623283939041924,11.240729349449836,0.4420657208278365,0.9484537823996284,12.434878390645794,0.4420657208278365,2.2660371408304925,2.4546876218543363,0.6625621893303907,0.7774753172498323,2.755519432914808,1.4558237072496603,12.38547143198443,4.0760655853281405,6.406821523663553,6.367238767133292,3.9506694898603736,9.180348553217064,11.93424513818846,5.936905465484605,8.306430991483278,5.494423834674001,4.157277212490145,3.984431274431855,3.4221502580590304,11.839094041233198,7.657830621376254,7.955780656281291,9.036551677261093,5.592324695558862,8.3187924967831,10.607566191525853,9.789584825242073,3.6033427703522163,0.25920134529173455,11.01574234477145,11.907852824513313,8.461181894174967,9.222619657141577,9.544758649881228,12.660743490338174,2.6816706976393303,11.267558708032281,9.07480755808191,10.229763064815781,9.488272614949116,6.432680319181878,6.847518991201319,6.6712459514311435,11.03181043963632,4.660077152802342,5.767741347789458,6.175698360490257,13.24988582797448,6.0351878299463975,12.728805673351644,0.6281706927729281,4.9214849599157935,14.030251456531705,10.695108356312861,9.622390723726568,6.07191461031309,7.674778215323938,3.6997370506251612,8.828792255461522,2.4267894261184217,10.953064637979649,9.090653500573808,5.431702189146852,0.40781076268720995,5.806528472255527,3.080289288492813,4.851907995261986,4.748305244896232,10.798125979733063,6.2205344655726496,2.4692198139991723,0.4348740864452432,5.1709531258354735,6.823988908031004,1.8211676890902897,0.8444320572137243,1.3302509355729193,0.7449778660734818,4.538698322291696,0.8252765797939483,6.028276634827799,3.8005052138432345,1.460929776715074,3.3650413220917774,0.4093511542934035,0.7041722141945077,0.5099069234086725,2.480217305718861,1.898582768814369,0.8354575218948481,0.9026216518126213,0.6212246895874733,5.791659758019728,1.6900859254196257,3.954997984873515,4.387953195184811,6.542967908154082,2.1736021815986044,8.872958179501163,2.34032632474149,1.3059628476819223,2.764932005740361,3.2677200564779305,5.752781194397876,5.737922782178754,4.282024573562008,3.169286512425942,3.2439484386774886,6.191748472336072,6.217152127550238,4.278832684588364,4.54886944926265,8.255351820602995,10.541306505401268,6.9609981910973815,9.519592109454518,13.090582494574221,14.393202130057846,7.593872743900455,13.057312928147718,11.04640665169773,14.25773965269497,13.926581560667548,15.155755552277096,14.660857172987761,11.512187187719034,6.197394919750573,15.490345229624172,14.68510752875167,15.40348307756408,12.289025073083176,16.244104808641413,15.385080475178864,15.765031870465009,9.432534741755632,16.244104808641413,15.834590044434659,13.36062766164241,14.66385655390145,15.039065030319513,9.711911760715545,13.280229300413218,9.767018982380128,11.717461734405049,12.566077367988925,11.932303382001454,6.316109740426129,10.051057470571935,4.915271061388387,5.612854111157579,6.705308352140241
2024-01-05 00:00:00,2.432607668700395,9.275404975457516,11.362250478704734,0.06522610729713015,1.413221068337918,13.1783993616035,0.06522610729713015,3.033802993298076,0.6738505999898269,1.3293872041890904,0.1666552407883648,0.7648232801038223,0.8568952910283028,13.091322374635492,0.9346639760291722,7.193136515150552,4.925073413349906,1.7281985361860375,9.679638889314905,12.296061399884977,6.631584680904667,7.0677991124154875,6.102817112576149,1.9074133034236138,2.201033100107176,0.9149312233206655,12.13219302994161,8.619359899774318,8.981485482301256,11.764511468840016,3.5376458166538276,9.215752363909534,10.64012163799162,6.503431679533314,2.1722637109303617,0.24783238769086763,8.71215021910152,11.851655315296963,7.450396940657667,10.44711974798754,12.158721558588907,14.014476947243741,2.609128760368029,10.221271749233226,9.733421406082076,13.01929860097086,10.413144004112034,3.01821143675145,8.532056420886846,7.700910844748787,4.881978518791927,7.681187180181842,3.33878931437055,7.10917190758208,5.459329621899496,4.93934168581428,9.199793222582061,0.7849979896105269,8.179609996215898,17.54642313153427,13.498987162368042,11.623763727375824,3.181017599786201,7.080324948379447,7.943124366086156,11.488852060488265,5.762845034889206,4.108770706299557,8.7842985935477,7.618293386788031,2.59145949122761,7.280859882978456,5.454479626330188,4.3819713992523255,7.557452985803193,11.356901391710657,9.575762206110133,5.0453152764858125,0.47470908102657927,8.640655996302458,4.386300567914528,5.096539409227723,3.4734798642016806,3.780112276013197,0.7550582442096794,6.765071766147555,3.5278191229845506,10.000069668013492,7.120388038597191,5.4634439460901785,2.896561183637063,2.898460636120149,1.7936672562280647,3.0923605863470827,5.941661739791036,6.488649238524024,3.9959416703300237,2.9723981020097856,3.4933019984168743,7.257003344257989,6.001097162738483,5.711640360716531,7.203038905301014,7.1151059008551645,7.13553790066318,9.514453502676236,7.2214860249205906,5.099855762487891,7.440374910135117,7.699567664377669,6.515649555247257,3.8855364395829763,1.6314339631896142,6.4255988290142225,7.675176147074325,8.021092483587138,8.366547546113143,4.693154203871073,2.97342224322067,10.081528987354748,10.639783145185282,8.088957900716043,9.35621550820232,11.2849243711701,13.382254744361743,7.858657516758913,13.737337016071653,9.697921981487863,13.147328503367577,12.789488489600746,14.345124497312082,13.572854796717566,11.4531571043337,7.9013197482422,14.867238694408247,13.610696535080091,14.835553182987407,10.672288566726632,16.043451243828567,14.702977133246197,15.351192126707836,10.750656937070424,16.043451243828567,15.296857823423155,12.121383889830042,13.611767114616653,14.040858598371194,8.729106566449598,12.907845585574135,9.59558488568555,12.264555181511867,14.363187112657073,12.639037599435579,6.208126264071623,11.381025128408758,4.119983839581604,6.879785379749303,6.811618246483047
2024-01-05 01:00:00,2.723492730049226,7.680836404730192,9.343503346377892,0.7176240210404637,1.1326283284437233,13.093474482842733,0.7176240210404637,3.077402983740588,0.15331190871010797,0.9851581415118382,0.6235796812883065,0.0689627149200986,0.5309941216919918,12.603502688444207,0.0,8.196377226461028,3.4609878986134066,0.4190998724924333,7.1359997154729164,8.128664268084155,7.6071852557329676,4.848684759875184,7.0523912249041985,0.46441520416359505,1.1342992312147533,3.1762246727589107,7.291435241176452,9.619886163744539,2.4806085531468822,3.6709423662313463,1.22691090441509,9.33973629871382,3.425154110229998,1.698364596822079,0.9270958655045212,0.1884883571381657,10.858185049798832,6.781130354120732,3.2486349291129466,3.722366260742086,3.69556257985418,13.33700728644263,1.8849455578367555,7.987671397244212,7.579956830810882,11.129049711109568,8.12660077553316,5.688750713433873,7.151491188967718,5.777777509890326,10.649882738413062,6.778023575998324,5.404429144932082,7.340867967405381,11.242962197090794,1.0580827841087108,6.419360642609856,0.9612316198050819,3.4376279787269435,19.790552148241506,15.06536190430783,10.116895197264974,6.584641554201017,4.192378277437496,7.644908836390277,4.418996062588858,6.004503676197787,11.006007500008918,7.145090674159181,2.6183287717716484,0.8238723232903766,8.22508946874099,4.664868019334395,6.498943368248444,7.744216046544059,9.764253687168205,2.4026491605663196,5.322653602269146,0.6505949037574801,2.7586790993682673,7.1628853882805155,6.644267418681317,3.1090087635646837,1.1057764570469493,0.992088200144726,6.256846505589714,2.7256031132210987,2.9271394149907413,2.4605533962312487,6.052904931497713,4.402687269107254,2.159897599073102,1.2109484677997298,2.582003926529768,3.8241849563936974,7.44232264777719,4.060555660919751,1.6431728859070727,3.378148689400082,2.365698591038797,6.782847918099401,2.0507166620621176,4.649059007625241,7.41567228703436,8.323017370679928,6.084004507691054,8.376458907104636,5.559280720921581,8.512561450740398,8.673724467810894,6.992040131943229,5.53608335952076,3.1446567897432907,8.404574247524845,8.61656620750436,8.176072188835168,7.388502979076252,5.967193592439788,4.184250905788115,11.295942433084676,7.701537037486084,3.8889001105624095,9.199094153611753,10.818843546705342,12.025093240153414,7.984426022548982,13.027673673696277,9.46550607413964,11.0182226564385,10.691181836149934,13.215280097101662,12.325665576795076,9.692149026580251,7.109200253551712,13.816728490891283,12.36925729079736,13.215025358612966,10.660195546833412,15.17166415925379,13.627507717597325,14.046863073715528,10.222446136634806,15.17166415925379,13.822226801317912,10.072633320071223,11.446284944011772,11.841768604640654,7.709323116704249,11.65659846145555,9.298144710549735,12.182161815832288,15.03930264827295,12.65356623571993,5.725806723278929,11.772603463509254,4.9864145767456804,6.565806582711687,6.833026247814908
2024-01-05 02:00:00,3.1677558308318092,7.060856806039885,5.178756897192474,1.049382830131468,1.7147449707261693,3.608302889295219,1.049382830131468,3.4398070260044538,1.216615261723409,1.1771974120012587,1.0772526264207332,1.241611926640049,1.282946191774894,4.044889944230809,0.0,8.061482129206464,5.426087417871553,1.874967828368675,5.54410839912486,8.032173599315236,7.509054138673446,3.7993838578597376,6.988877749929163,2.077722012387338,1.9358570521763832,3.254684760902146,8.752410821327974,9.452022412649454,0.707324621676308,1.0894948490476908,1.0872486774365677,9.376785814761671,7.104492817869056,7.040789396194197,1.3146014095641405,0.15822006583343867,10.419986651285107,8.270000690767464,5.296821541560756,1.0669395104809334,1.0643538295512955,14.524080641416477,2.5180997474205933,11.255933152392593,5.197756488945609,8.365404023350672,5.7767712500355115,7.467110821531591,4.642837607877928,4.7274600389330095,10.640795927850967,5.569429460139336,5.170885821434434,6.042432448216882,3.4463785330486543,3.169355636601905,6.388476049320602,0.8881262626136927,4.981860310333875,18.868357933202294,14.031814356784745,7.475088031004795,6.914656728267893,5.286622033046218,6.174041761932454,8.98479998396301,8.912665816691497,3.774050059177734,5.0597027807950266,2.9676644809268997,4.763911034232025,7.756333749736807,1.941464509688533,5.428911655948459,6.4897827540183695,10.36417401982325,8.269386952669581,3.6978226897746813,0.5303972243269749,6.02515849205795,8.033060190215775,9.0468490479124,6.188334205664925,5.124389089308817,0.6362246559043485,4.141402651624436,4.241167940243284,7.276605176907147,5.855474297730259,6.666863656984727,7.103801047091482,4.155831409174727,0.2646024133823859,4.3454793718438545,5.733489315180055,7.916734326122388,4.8759103827088754,0.2741216478388355,4.262484304219494,6.209237114014197,7.3230205874960905,3.9794906568373944,7.167124894734376,5.350705286606851,8.707502497758021,7.662676746727646,8.725964443273268,6.223137293716756,8.772982510364768,8.828657983775232,4.88969481246804,4.6139685245400734,2.1552748321418127,8.80759295396147,8.805847700406458,5.719385347433384,6.062722333673772,4.866087708974607,2.781074618724514,11.723697849420294,8.288448056649894,6.615412432445969,8.073918010608779,10.220269958086007,9.973138091192054,5.771634380910084,11.672096742657235,9.043263114424533,8.55766371985667,8.17348296737349,11.44503554166413,10.09025976938147,7.831847290720277,5.384885756293812,12.360969009008713,10.156644699769316,11.640607544658732,10.472053951615436,14.424372848085582,12.072808560387774,12.821976138366173,8.40776099908469,14.424372848085582,12.418337020215489,7.410591238254184,9.07693614775173,9.55668819928566,4.4328896400949835,9.207323757353864,6.93820375154993,9.683564445119972,13.68194416244844,10.235992559688295,5.642527887774342,11.32496082440039,4.192273993463076,6.450257668974732,6.607718988465329
2024-01-05 03:00:00,2.422274987280607,8.179923949529838,10.263322859853336,0.3033218626039906,3.2068280821804906,13.958521749934691,0.3033218626039906,4.490164952724481,0.060848448529528545,3.5310499059026124,0.2629129264216411,0.024605318981533193,1.3172560927273147,13.502589896689061,0.0,6.71509241400312,4.911965245457075,2.5990857104390894,8.643611997300658,9.338633119393299,6.209959589952062,5.455199299159643,5.734317202611125,2.7088216113193226,2.855092315219713,3.3696633696965534,8.555935208783088,8.005361128749632,8.660403865397305,11.700419059761536,2.415496372311011,8.128684140316091,3.3986297582118734,7.1925784151649115,2.016756403748212,0.195441340513964,9.776302068436914,7.429889669762426,3.2216221023168954,10.098979636851041,12.061355961122038,13.9249227258948,2.4343148418153646,10.989975396117536,4.844639606380798,9.024167854526791,5.3904932736901605,8.383880429403126,5.627130779307094,5.629248971288508,10.722111576890821,5.871461427107331,5.534392354933178,5.841081261339002,3.02853121915852,1.7990270379677467,1.6120572959916355,0.8003444292583417,6.995071693284288,17.818979535995542,13.415269025448072,8.117044524821702,8.780559819227316,4.273593639977038,5.885560177720576,9.254536769030723,7.125574775685049,2.2075064713862593,3.9134608840597003,8.28321177680312,4.524362246998094,7.296095464818173,5.380818164262545,7.534093618239828,6.2568361879626035,9.227922846797584,8.804131770841257,5.777051821923624,0.9287294227018361,7.35725833001944,8.459724596140473,6.868150531052765,5.386361955463947,5.098413287498038,1.9472029193171019,3.7507697623060063,5.320338021779255,8.100781257166961,6.8450342757301765,5.938306436128006,7.133846626597443,4.928887734960034,1.2668238125026923,5.10122754464158,6.306828245774457,6.269024566701928,5.465173133423856,1.0048762150380348,5.303118483171806,7.818858280910731,6.111649705371356,5.264657271669876,7.296477680575123,4.834195008666138,6.477401569557336,9.56990863515,6.561920241989425,5.821082987160715,6.77716866245599,7.03205063552835,4.0359433990212015,4.033406385761953,1.7117114826724096,8.528771005029695,7.016570655826071,4.759049753475026,5.5881935798492215,4.5774514035596905,2.414533070624473,10.999608013029668,10.490609765429094,8.322767168488495,6.958973507203344,9.359299143931239,12.657103651751742,6.153625643268238,10.127133089524273,7.607154702393212,10.067977453512272,9.73840276620135,12.67802625452994,12.807655810472442,7.904564906320356,4.021214019408579,12.59038662362282,12.801303874437336,11.414915236449051,8.988017096210358,12.392953122919659,12.617958795903395,11.833782566867203,7.2646345832175205,12.392953122919659,11.843678791499872,9.149887531940859,10.483590930643514,10.867573225076367,4.145214447531547,7.637445189319256,4.053704061195776,4.177447049095338,4.27452941291821,4.185885836223626,4.310921308464269,4.3199942548460255,2.8725614103479953,5.586700579507433,3.6615928468717156
2024-01-05 04:00:00,3.4534281620676572,4.439899059433608,2.8121372221815077,2.8255267468041088,2.005270608566092,4.035558646648847,2.8255267468041088,3.6522264723050175,0.4122945004045997,1.6943879414869325,2.423354210857553,0.0515824228784512,1.3554000928776508,3.8696956663106192,0.0,7.893483218327128,3.912254828196171,0.9588442271363729,2.4313767305647467,2.354894109531126,7.49421890527874,1.4304372236015903,7.118264261279641,1.052940689312879,1.1508058866124253,3.268801790834256,2.0721019265049225,8.83421532830901,10.09667393785561,13.308295382569657,1.9425461558985793,7.818122190194755,1.0053564466280014,4.764514654329023,0.49075401480443426,0.22635482587646258,8.414515142061248,2.5693520447568865,1.743896688233588,12.571290364413061,14.151571266021538,12.737013837195647,2.1792320366917686,8.895716174675865,5.222440520693738,6.15347324509083,5.405224932970719,9.294302711864034,4.345885729100013,6.854190772400449,10.228605518807562,7.598160847073856,5.815426503436067,6.916034876804623,13.228490272136948,0.2962173616350556,5.140982407075459,0.7529006106162957,6.908094498778711,16.796385675780343,12.73275082156455,6.082770509674435,9.141913815240956,3.113300076253233,7.852505458292801,8.544604772021206,9.266505181749153,11.393233298565775,4.758953795996469,10.648199331767366,6.917968936155581,6.920117773861431,2.2709622118317037,7.737582001804464,7.917794490483652,7.288010459183658,9.520743478868429,6.1840835826550915,0.5214116883758959,8.582210615332002,9.395601638285633,9.244237100771835,7.721727126460463,7.428995084205089,0.8462367170572155,5.126145398632957,7.220509283466736,10.140491042884129,8.908418754048306,7.065970598053335,8.816596480189629,6.942931989993266,1.3951182199255656,7.083624189071069,7.988428354946638,7.098142453304938,7.021027239899018,2.1705324762319815,7.005633522853053,7.582016449243604,7.082436631174905,5.613299031873168,7.399762408154848,5.900647663141284,7.1171797298614035,8.57951356594563,7.161042219845696,7.054835437157008,7.272749271260112,7.405024869886512,5.4587738123431055,4.9211230117695255,3.0913095051692974,7.1845132167658825,7.395381026833522,6.242438325222434,6.752578262100286,5.761871461592568,4.257537637767118,9.890556646765537,9.092522741878565,7.8388880162692,8.583817691815405,9.16391500483311,10.317266340776653,7.792787524960208,11.599549880629159,8.286928654606506,8.380563492412259,8.245391191341806,11.207588064049263,10.40237938161015,7.276862082419917,6.492474539342968,11.751971566863,10.44183515239157,10.433673591521607,9.404275382654124,12.978352138906658,11.580703892970233,11.513009349713187,9.49923879067295,12.978352138906658,11.121350668018193,8.018924625955739,8.544275110656075,8.6955270941877,5.126733717599767,6.3867256552887675,4.217702438902268,3.674316908392072,2.505688195035736,3.5254793905355406,4.267692788679666,2.933968038451978,3.655660645600446,5.3874936982813315,3.785953193390067
2024-01-05 05:00:00,3.733083094759631,5.324063974717495,2.9299030236268115,4.339769914967056,1.1802112991115654,0.7974010244266597,4.339769914967056,2.7553434679809268,0.6332494537473591,0.6988099522131371,3.7220669418485106,0.07922623532132879,1.6323988646201606,1.2858318317084003,0.0,7.438432467284386,2.649489871035965,0.31765856591721053,3.6249155382568614,5.746596649395203,7.19431328783375,2.5286050692394,6.964446164215834,0.32540021632276117,0.3977152932722491,2.907715174154475,6.55831690403532,7.940732372546268,2.274929005822371,3.8224103019300975,1.11073639098222,7.802907988615171,6.687042457440812,3.338287787383549,1.306291600733363,0.14852956467175848,7.6512696105224585,7.050553720279852,5.271898997298807,3.6851345626382495,3.5456453632603933,10.088037816814982,1.38815296534997,7.446349342233663,4.098219147483491,1.644782171230185,3.754051085901998,8.20515298695242,6.315873616953941,4.689432655144767,9.127640424464458,5.987011156338743,4.791865536074891,5.852678436562935,13.694516356205936,3.2432708999336097,10.865298901722403,0.6542768804458814,11.005929596078278,14.623674441355002,11.268157797870483,2.540214145996929,8.072093041094009,5.920630679215784,6.75097626876301,8.626389280677216,10.065004674175498,13.584741196437115,8.165571954695624,6.23415643331656,8.172214980005757,6.0717421285871875,9.372696255939005,7.231878278822483,6.833857628155222,7.05589412473982,9.809874916612372,6.635333642095901,0.5599077062411996,11.291648893816088,8.16523401263204,10.113873666995781,8.768962423399918,8.790887216591019,1.1244614662641896,5.210484696523999,7.938155746631222,11.436967652748672,10.248702827189017,4.107240956512347,8.839922187782452,7.747554701827207,1.0465360535015216,7.835588065528422,7.755230594157927,2.579836821211872,6.298926740759454,1.235312621676988,7.04960920423982,7.7007733868868256,3.304266452658557,5.299242500539594,5.360625754098084,5.612994426508719,1.6100015241135899,5.674367945049147,1.6215829766555312,4.65025275723244,1.6510781082593127,1.6860041593908632,5.92824622466801,4.718360654589876,3.1857204734413727,7.315411132370468,1.7249985990598544,6.810511384572258,7.254598711027967,5.783483872770642,4.292457335900478,9.097190046303245,4.901866841560185,6.766447343909457,7.6078575524420025,7.52483057559305,2.6350561158669246,5.911909653859138,10.208934016196608,7.026888748119198,6.370253996118238,6.277988728299297,5.174824071532702,2.477425691577754,5.859944041388499,6.118864071420239,6.998474524625047,2.6096000390565917,8.466071604454196,7.955521949967417,11.10677221239734,6.424738602283028,9.584960798131451,8.658824209507493,11.10677221239734,9.13174294034332,6.114649204931112,6.4859646618609315,6.592868911523178,5.82981736826761,6.941260610484718,5.982879110044598,7.6012698745975396,8.315228596842918,7.788047225742245,2.77642460667437,6.074876282562475,2.806416413192516,5.384904014721439,4.5008466150022635
2024-01-05 06:00:00,4.281240622517231,6.399280659884398,3.027651173122193,4.383745576387505,2.24803474967265,0.1209504591851585,4.383745576387505,4.0341148520867,0.6396662832379357,1.747909798446633,3.759783309035276,0.08002904887328503,2.0377744006778675,0.7621206579342049,0.0,8.835267386504496,4.330441374106464,1.0449082048926581,4.27804642824417,6.617831276693779,8.484567097833281,2.827206834886388,8.15434123524338,1.1578989492575986,0.7491047362742977,2.842108680255698,7.6850987390488905,9.630379207236967,8.580207790860177,12.189810296742062,2.305269997448506,9.38817685693479,8.379559439832063,6.642233324528237,1.304562798132546,0.145730527913976,7.6148393649346895,8.546349160185336,6.543417967083411,11.123929380581256,12.311228079382008,11.876062010062682,2.156484882234393,9.557426018798314,5.9298092685120025,0.4223636876020681,5.3270159707355385,7.808964238832202,5.649567013185438,4.712677097139849,8.988867103280258,6.237281141386157,4.737861912875648,6.717383571261524,16.86577753244437,4.013993409812109,12.98585869972794,0.6658723199506716,11.853610683439952,14.864323778684433,11.442925244992946,1.9471536250150487,7.235098727508743,6.403941062785919,7.431460042735977,7.09629065001274,14.312844147737641,14.269030562953253,8.518301667333073,9.074348968863413,4.662804737354374,6.147805392100306,11.457352303379276,5.735999934008298,7.749467779024819,7.419596339402377,8.80482414194178,3.856957718205175,0.7476415505000911,11.324443521651919,9.5860463195085,15.258168174525757,8.693149528238285,5.848490719843385,1.6382454704672091,4.799270878224631,7.5848910909216265,11.358832866443157,9.82867591939539,3.3516556904293244,8.718729109801227,6.435125718016349,1.5058512654230178,7.173916489077574,7.471514647792259,1.5165069939070244,5.984624776885443,1.664115702218675,6.886452828285391,8.444361239413098,2.3870068976801635,5.9323516949659165,5.327088447882091,5.715408557289986,0.351611489638987,8.252987000355796,0.4602978780586683,4.003999787905881,0.737095569744487,1.0648598415836603,5.433304867213651,5.058909563893204,3.399472049609291,7.567364837015695,1.0892761807722338,6.059498477710163,6.716151220706834,5.300452535036892,3.9517225960390614,9.395374515862962,8.46819731266355,8.243128906696965,7.003345625662142,7.718379273869607,8.490535289449749,5.989649745610519,8.05927989779844,7.206582725604124,5.900978677945172,5.846980356535921,8.667631328001011,8.49197209192194,5.160083110894479,4.718781580269811,8.786390591684857,8.500579513458158,7.23935012614008,8.155182369310502,9.053930024785407,8.749027918607474,8.008710236266735,6.657209991600709,9.053930024785407,7.717423107624393,5.771937613627573,5.959394748281679,6.013364934413251,6.530506997414263,7.204906298680925,6.675207270099261,8.859666502591182,9.863321053976133,9.103952784020999,2.928050024150774,7.09125784666085,1.4936022389542591,5.200162040787936,3.9533700213245857
2024-01-05 07:00:00,4.229615553139011,4.259346600812336,3.504245654424748,5.331011450530203,2.1774043327462587,5.693988695784186,5.331011450530203,3.592279505081614,0.7778891865502953,2.0372983494429158,4.572219697224425,0.09732220277940941,2.1859796865837176,5.35820275110245,0.0,7.546277608770012,2.3509732121202105,4.763163032998148e-06,2.7639470109324713,2.2915204166157066,7.371754262750988,1.5797762936819248,7.207419860006205,0.0,0.00657917280668115,0.732134844969519,1.7275848630416974,7.8505403175019115,9.676758468473846,13.716981919595767,1.8327602643920975,6.958064720806503,7.542293194348494,6.624052611492405,1.3400751070004289,0.08919986534375263,3.5700043781133717,3.983327882185989,5.747816028212342,12.52657354218603,13.873919628348053,11.748426537709943,2.3809198678786223,8.977119296263933,6.487181031625811,0.2089143196922514,5.862752366132526,7.8813477105622525,4.740376129407119,3.4384362021943113,2.991851831526282,5.159110742930639,1.9649719493814448,5.512692202795181,18.64151388610424,4.183648140760482,14.067359203216078,0.6181622484397211,13.521091122069485,13.76642512498662,10.224588468916142,1.879669068073436,7.085831544876952,6.449415046692314,6.744623871718617,6.567711700214429,14.740895067887784,15.061050072997064,8.330956740836145,8.506005077198514,1.3044953503058092,5.63322906790531,12.604918706428872,4.687445667343395,7.546973655033833,5.67530100912356,8.941675189323337,1.3048262531497732,0.4158620339167727,12.70685497383198,10.41699890526533,15.740648299110848,7.046995549892383,3.344851772038349,0.6000346593076695,2.9186330185753446,7.76356172916965,13.54273054203993,10.781145579487726,5.957428196540514,7.948293451035081,5.551283019320407,0.2566123771683238,6.715274627082568,9.105483459885905,5.036898281353523,7.2795020105296375,0.2949443101137928,7.732330438181811,10.449694298965795,5.473056042248933,6.706885863235848,8.14095693260482,4.4723971245557195,4.451037597776097,9.707903932116942,4.5092206856942445,6.284985042316073,4.657398803166587,4.832860861683132,3.9952802855513725,5.197103911957068,3.8016707131980554,6.9022187112254185,4.857530471926831,4.083480470853774,5.33952267432463,5.127508179198943,4.127551977732079,9.120998467852674,9.569597612042365,9.85167913386669,6.688434311334708,7.583179815729036,8.85833557549458,5.823199553963478,6.9075946157487635,7.010144528375061,4.66970527546206,4.65953488266017,8.501995365659168,8.808817109035331,3.6263591308563106,3.259576659420255,8.294560077092015,8.793782635809414,5.896797074566168,8.184619224904758,7.827252367471604,8.35982098079785,6.715389372561633,5.565283861352164,7.827252367471604,6.409579503341057,4.689907605382954,4.6605598090025175,4.652110378490702,6.021538942611574,6.098052687101717,5.76128475085195,7.962405532370545,8.381564076518819,8.165995210844475,0.7564960124519432,5.127057176319211,0.5290513454290366,1.819716364135787,2.437139617883865
2024-01-05 08:00:00,4.885335419471159,4.749850952402214,2.8882009537721016,7.406305390383505,1.3504102878553494,1.2269474695599407,7.406305390383505,2.5548383187708463,1.886437305043891,0.9274694145333153,6.486402488670007,1.0613683181265363,2.929805508910013,1.6228599734350333,0.0,6.920856300454551,1.9963980435666213,4.044779970797954e-06,3.4650218286320538,5.238669094888714,6.95910100490289,2.358260346748411,6.99511292426515,0.0,0.20230194032292362,0.20407320410698132,5.893843502944482,6.666517189563074,8.490447495799307,12.171413062723962,2.092363682578478,6.617650730288608,2.725702053935108,6.74045094363293,0.41516181495979015,0.06544667561267721,2.2781865074596106,6.067295493433795,2.9376740826161982,11.162465469589248,12.23833965764942,4.6315891350485465,1.3557622879987905,5.528904510873856,6.1296625956954625,2.753217594389754,5.930305658468221,6.953331910049121,1.589860636827488,3.3239187157367684,1.5317118752243486,6.268004975460583,1.4035299799976173,5.988442573891287,18.530852084101188,0.8325151264863254,8.678130210377647,0.14612828336285924,7.064026216647649,3.334197076044823,2.9464130160191098,3.5672527383457173,6.117961050705255,2.4958366572045154,8.602237842144326,5.9191336708295665,11.325262658643611,14.974979969039044,4.487236276229117,6.889685741381216,0.31213732640765324,1.490842532586171,12.266625217071125,3.8038280490261447,8.91915340124914,3.688018743969144,8.362106361969184,0.5060591670320996,0.08657182277302224,4.607170921851464,9.299955669781275,11.840735107838423,5.131945981226068,0.8249865460821868,0.2977839662324572,3.610351385029316,6.331293156466839,3.4872791101172895,4.196803691489921,6.601368751582839,6.360607342129889,4.773732996191842,0.2288150717205568,5.753350314628883,5.8741292074029126,6.304679130985365,7.025376307933464,0.26169736019435247,7.170604715775202,6.94134412911143,6.446023829588076,4.45995605830499,6.6301564400926996,3.6355258581873784,6.118248225381336,5.075227700942371,6.0604167976641214,6.706420811667252,5.9131342728533,5.738732711896472,3.8292132521220017,0.9446567154013669,0.5322261239940841,5.898211910393367,5.761442976010949,4.820444311809272,5.557370362627514,2.911272051720082,1.1992448989788453,5.619036264293108,4.180376522555226,5.9931652986480275,3.006146717323309,2.8789592448750585,1.9423611028480008,2.572623145381327,6.357541980740501,2.663914274808547,3.7436338595044174,3.7543694299874697,3.5593991004057157,1.7868072546393308,3.3988950709468453,3.512614968489076,4.757808629640198,1.8736654556012493,5.239907816172478,3.1499756713724594,7.457571125029437,4.380778812641604,6.17894255226078,4.920889210167978,7.457571125029437,5.774051663917252,3.7976509770281703,3.719180653439125,3.6965885126933493,5.583130835852952,5.564857747743957,5.597359896976269,7.951585887666958,8.6912376362117,8.199448571178374,0.42210363942819074,5.247955538638286,0.6520662979646785,4.007656905766753,2.754860846362594
2024-01-05 09:00:00,4.809965769811541,3.1737734875566352,2.509111276650033,7.48757540594067,1.328957549636683,3.9566698749763556,7.48757540594067,2.3993182399054365,2.0135717201584096,1.048116179490564,6.575315946712729,1.1953582038960264,2.882816767322235,3.7395955237751353,0.0,6.448383190659213,1.9087261990779325,0.061453052613818476,1.9200465994538343,1.757088248999493,6.530252947886013,1.1678238831046588,6.607343021871072,0.06809454111024654,0.2703825499603317,2.7353840463993726,1.3916198949357015,6.089702430277545,8.08251006847704,11.631746054541857,1.5252636752124378,5.403534263074334,4.343770520023211,6.197287092318877,0.8514389905605153,0.12049625605669119,6.182331463821066,2.9238285568234463,3.685941997135344,10.557277023682188,11.646193365562432,8.253063831434101,1.6984593325357684,7.320573617254977,4.647272583969654,3.056669988579508,4.6501866324595795,2.617006918959996,1.9242995265404685,4.117989932119881,8.360522766691718,6.07368021803548,4.465095867164884,6.2791313265414255,16.72289753088436,2.338694049516096,10.386501400083805,0.41886441841785016,10.68219622705506,9.39194208136467,7.372005294932215,3.1872483525849815,1.7619083826955346,2.846579058519667,7.446405443645364,6.007543290121192,8.238638362978618,13.70949618339337,5.446801679546833,7.972961802502006,3.0612389185442237,3.9456102324299684,12.34658841341611,1.5454399848667657,6.785069482433828,4.202641251882022,7.5359287886686666,1.3802542908796442,0.31702981196008484,9.383601913453164,4.127791870354262,8.32390671644262,5.33011011402561,4.091828179632774,0.6662321689005619,4.15008672218847,7.003531145089498,9.176248159946581,8.070691230106275,6.016014770115264,4.03143629376551,5.783376208259234,0.3780841531336303,6.310614774541207,7.510312146192307,5.422429586597392,6.867873245484826,0.22491205960416963,7.15964646563496,1.6864263214693633,5.7039168218007905,1.0767750051551612,2.9751743191408315,4.963120181900028,5.0453945330329075,3.373354153917192,5.0602477218655295,6.227071121346743,5.098075166891743,5.142867754933362,4.893953569595236,2.964419727083919,1.5945739983101592,6.844929623482792,5.115126149435424,5.810045370091901,5.269411165999474,2.999149443456875,1.5368974315304937,8.003125970442573,4.0820439539992215,2.3636650711715714,4.497487508488919,5.493532642228069,6.022924969896035,2.5916544120774128,6.0773126743566355,5.639363554190139,2.419545137901564,2.460305787486083,6.734458638521396,6.157864226334895,2.6911780929495057,3.0949457218983785,7.124281168574219,6.186117743040858,4.708266333403345,6.50574501298305,8.002468650249726,7.001639689528547,6.101886046439859,4.109901394148679,8.002468650249726,5.450325705248934,2.5411437436489885,2.364498221296166,2.313640772000988,4.623509664077419,4.339191693242115,4.896188988921843,6.8761330315700855,7.712465970673216,7.111234352042258,0.4649614083437569,4.751404626544829,1.5109029714927344,4.8004517886591,2.9844497707837165
2024-01-05 10:00:00,4.509858760117801,2.5775982331518565,2.3803698942486293,7.448236627262966,0.5968175669763569,4.51558729190142,7.448236627262966,1.7154434526071056,1.6689210026695416,0.30685414812906375,6.485095999482084,0.8050717197268389,2.439957574109033,4.161779872296996,0.0,6.116811014504112,1.7071994702534559,3.4588524295994797e-06,1.3443294981114537,0.9305101282949872,6.221703535906025,0.8757194029448732,6.320472269431791,0.0,0.21260054989399874,3.1810120353847076,0.33708934543050706,5.700804331647724,1.7453289861667536,3.451202224118597,0.3332129826058893,4.905990952319129,4.040825740272093,6.059969462126247,0.8313160865040048,0.12609279452832473,7.3816040116784425,1.898076391293421,3.500144887438885,3.2774523587794353,2.92727791020119,3.517096382379911,1.1052680187640456,4.692435530858231,4.9935259151755975,2.8660687719866016,4.935209372287023,4.365943117083927,2.0297902701775903,4.226313618665898,9.721460260211837,6.2358668107789885,5.0085703936845665,6.710552754326154,15.980766281230398,2.2832964037225576,10.684563445305404,0.09186079454992303,11.805223394274986,2.1421536627834286,2.1611968458086794,3.2434938712008226,3.546513265733859,3.293310918617584,7.679852401583096,6.032555177041455,6.312413808589761,14.235850516862433,5.548460389770939,2.933652446052536,1.119792409060307,1.029357854395305,12.710173061789979,2.2430300610255984,7.41314327146178,4.964022964809842,6.865462080402672,0.4258738412917481,0.05442174671837833,10.451786387863539,5.783894684978925,6.21329976630065,3.331559551850112,2.707973054538588,0.2977952713011246,3.9117341513847648,5.70674498580963,10.650956552918018,8.326604104108558,5.2754090208841244,3.894259128487002,4.1722099103759955,0.2515884681130536,4.731600198604602,7.193502951229004,4.969918857424063,5.715237140667865,0.23860869141220148,5.865884308633422,4.473297652195687,5.114267871544773,2.873337569645753,4.592187705119267,4.616937239841882,4.774262309025939,3.5480082819263385,4.735438758454591,5.384380781821628,4.636564655289977,4.519484927384278,4.9130169112864674,2.7772125726913925,2.7705692909830058,6.351119541922438,4.52878982383486,5.52096739706759,5.483347867339638,3.895072712392141,2.858228956012489,8.15065394198407,3.077127056950457,4.0031911976770695,5.540108494579455,6.0002127591529275,1.9451366686854674,2.82999071027235,4.874993856185056,6.256521111415951,1.533251293959295,1.668044132692713,3.0621696276008636,1.8664676338417978,1.6062522260355618,2.8689142933992784,3.870556886556124,1.9250578413464412,3.031768926656219,7.159635747426461,5.691681927903238,3.61623138857499,4.15669476352698,3.9108023737924156,5.691681927903238,3.616399640294432,1.95265584512449,1.3433895170909875,1.167977590581275,5.3954815573210615,3.945358001252384,5.231051815502406,7.219192050872973,7.612248384539434,7.408217799937585,0.54981274609349,4.5993404329269545,1.063297207246465,4.316184877724938,3.1299605420278143
2024-01-05 11:00:00,2.338848597775782,4.719779955058959,4.1562264471928705,1.3092093142229622,0.7256162964840898,4.813943884538352,1.3092093142229622,2.1793853429771812,0.32047211390211217,0.3938643946807894,1.1444332352396778,0.17268300235379988,0.5845282469083908,4.792077249782148,0.0,6.228699086805903,2.136642558639453,4.3289208050413294e-06,3.5487274257156765,4.592372576064842,5.841131293823532,2.464706306860724,5.476190308931289,0.0,0.1494213146296502,3.3015707499120803,4.548593791841901,7.134831849301305,0.3946507857761676,1.531810383787973,0.5695998176083907,6.800777089289075,4.228781817892898,7.129796402600364,0.6770468630406612,0.11275506438764706,7.184653402720282,4.501029567939259,3.1229497583781405,0.7543889112042781,0.8308906194835846,8.191555456616852,1.8150640051509719,7.67452676480908,4.543922033424395,2.034172510111416,4.410126399458865,5.436381490014439,1.7567874155845262,3.710715142402,9.903776246738582,5.57065333414979,4.983045843641774,6.274176583068007,3.886807577986773,1.8817695150969322,4.711074022771064,0.3876856835766099,6.506897011462392,8.67659089691177,6.684695264191107,2.5842819429081625,4.435153967872623,2.9664418324068613,6.925944632729679,5.382051158527132,6.583112219364334,3.813223825350488,2.7264960340145037,2.473510367805158,3.8437241413778547,3.6175333483910284,11.124237566620279,3.1494657873192002,6.847265889590052,4.638047506956832,6.331846907856099,1.7906670767965964,0.2296793989353242,4.597988999010828,6.095065475453639,6.627156387467924,5.044374755852742,3.758084660563942,0.3847481340570985,3.339725587565161,5.381552214557177,3.193478678837286,4.000647729080452,5.141234549044174,5.344642996065133,5.066134739587853,0.21221690847566074,5.307202425775351,4.766410777103536,4.8788279802357355,5.516552027331597,0.23530960977895682,5.645103415132302,5.970655426678504,5.00372835719787,3.8304470571622233,5.485911993431481,3.903243876817828,4.713592223130295,6.108211150849254,4.73671483202914,5.23422316136781,4.795602470693147,4.865333052221785,3.6611139041448513,2.012604608823145,0.8403914210345826,4.082691220683262,4.867293399041973,4.505224853387485,5.059735353406012,2.4329297343774776,1.3734648359066877,6.123034101204333,6.224684705436356,5.873250480635684,4.918326027329938,5.185808424129579,6.4310949251308,3.434436701076316,4.905035229249917,5.288408517541967,2.4926997633571437,2.5465253873374785,6.15472290625307,6.44542246644775,2.5535042253592652,3.298053627696533,5.9581874635827035,6.431177991116761,3.6641173688294417,5.87658335963119,5.51543479498943,6.020019183187838,4.447281082692447,4.071335642743746,5.51543479498943,4.079504323383677,2.6606553104260633,2.416667353806982,2.346421558911572,4.561527252554145,4.046363874753078,4.466485651663131,6.121937058043459,6.536562060806306,6.284615478061578,0.7961455810826484,4.116383697229185,0.8760434907149691,4.742336005030542,2.8349063401684584
2024-01-05 12:00:00,3.3395254446333564,5.630859558112624,5.101699142133674,3.7251756113576455,0.9448074626217173,5.190825327171178,3.7251756113576455,2.415693892353661,0.611585299964768,0.6488396072273432,3.2062862614826986,0.14618888755420628,1.4070268970993884,5.303370294655564,0.0,6.824045537353095,2.195494192259079,4.4481565003880014e-06,4.691792686056663,6.331226490205629,6.579910020566176,3.2442469245157635,6.350027513410977,0.0,0.17746713978540338,3.705606623968802,6.510087259505778,7.331353494082214,5.032503586401124,7.47056698849379,1.5734793335162163,7.281950346149085,5.306955065924859,7.308003059469623,0.8126527493515796,0.07702631972583035,6.692139594332868,6.705390100322491,4.212770956563192,6.698683399933411,7.3275674157376915,9.559433786704577,2.4232661506864317,8.523650309077997,4.358370372073794,2.395992434571497,4.2885969531001615,5.340936771729331,2.091139037190949,1.7069951632888993,10.429080020896176,1.7735475741057178,4.736516530453733,4.1504811482093364,12.0883037161357,2.297160401702956,8.534695092386592,1.0225018330245899,4.641154047557199,10.70634720820404,7.943884205159005,2.818654535519818,4.4479723844045,3.4606373447077994,2.2092924813328185,4.654261297487517,5.268930622299836,10.052486821351225,4.583519092345981,5.237274238665452,2.674571976649925,4.700453616321752,10.01610723599292,2.984716029112164,3.112832514987937,4.160891614529417,5.310656781456608,1.25932944267875,0.6614457541794002,2.5603906991144565,5.5314728933176855,5.281330065800392,3.6322446641852677,2.4057128474541254,0.3538246164715631,2.2013105247768348,2.616419403946903,1.043385226223871,1.564463183673647,4.265246678737983,4.579372453579697,2.6910634478024766,0.14308537878436745,2.82073726317474,2.6348768856972042,4.967737262001185,3.2572931008572104,0.11586028317675573,2.9120551655857017,1.2815831586975783,4.634533658616123,0.814124434372466,2.865380506895238,2.9409491556379765,5.413724000990615,3.8596937722535216,5.450755171675946,4.015516224080076,5.545064520943706,5.656738989766444,2.445386883453301,2.014035671158391,0.6975879151727544,2.7511782769436164,5.617103549522444,3.0303551931673827,2.865264089730045,2.4659105161723067,1.6199556779991235,6.412536109880201,4.981158842049258,2.2833290014116137,6.679482634822024,6.498505475238836,7.978873305242061,4.597245779793508,3.9304587024871713,6.8433369855595485,1.6558455870696003,1.7423502839196252,6.696885300519035,8.187273543728908,2.010766058088968,3.739164254521176,5.689267287840245,8.114243510419668,2.2720688826137136,7.390003174650555,3.419317613753024,6.006272473177385,2.756641305952657,4.121903701329713,3.419317613753024,2.498914680606875,1.9097881093083915,1.5408874199235165,1.4346783982882299,4.3016091359563084,3.462158013802771,4.166677332537748,5.894279793593158,6.28503834574543,6.059911135612323,0.3016115069035878,3.749893699840985,0.3682561108821282,4.856101904077406,2.513016748900058
2024-01-05 13:00:00,1.27770375869024,1.5293223712570607,2.342851170800397,2.4357363511160477,0.12358786683597851,3.347118745896924,2.4357363511160477,0.3930855593251886,0.3554171635913863,0.16224556570077542,2.089044794812948,0.04446646368709609,0.7669627242099731,3.211844092269108,0.0,1.531450274024853,0.39119649069420204,7.925792831270894e-07,1.7486005961978626,1.9764011049891228,1.602691840797927,1.1962957350665047,1.6697742145508316,0.0,0.19225883263505167,3.423151771381692,1.7484348829534078,1.306311703777534,6.334680243412253,8.991886256900703,1.2680150852977703,1.391293565049414,5.324231749520998,5.436773560246653,1.0138791156054299,0.03765479171057905,6.672146592266985,2.7948208612938235,3.418329632837332,7.549195219594551,8.951514148035876,9.727451050024094,2.7141651549229384,7.395232141777841,3.464877850473836,2.571335301762815,3.4890137230864107,5.426746533831426,2.7108053729599813,1.5965647924788664,9.995425573567582,4.159669444968505,4.533787066339895,5.527597525854111,4.1628255396590435,2.9667947395438325,5.957048587903788,1.4362607849591817,8.339865166350403,11.407762184188671,8.54078902690839,2.768170060305367,4.586969774275083,4.192489945713973,6.093524174630173,5.129790216570482,4.8128738987076485,2.822077585765827,3.7107095400700674,6.726438745506213,4.226377774205676,5.226470147382394,8.663807671838637,3.2912074784248544,6.19491601796002,3.560955815567705,6.180629764971,2.0195564828453625,1.0092999716948534,7.843616179474545,5.561378876094156,4.605556111834014,3.9876411532226537,4.845354164874728,0.5875227778106812,2.610902032415674,1.793441025311063,7.886789387071768,5.417112602793431,3.171970086006147,4.835294344284056,2.0789579192880785,0.2699810184056598,1.9459962782525992,3.752533791761549,4.163563089276764,1.7527047680930665,0.13671620478437063,1.2665869163275434,0.4105424479885585,3.6919505835205926,0.25311541011399774,2.087230802489401,3.474490449434794,4.78910213221597,3.6331594005667074,4.846648527841306,2.820333085155542,4.993205145514761,5.166747138521971,2.954072025436785,2.3021727437776534,0.7894920136695125,2.092826692389672,5.119372594257224,3.6269100591076513,3.19664328537052,1.9765651712885965,1.4383198475939099,2.5651059396353877,5.065133083860736,1.7163220293721742,2.797381149450444,2.062430034077262,8.836988307160683,4.081209003013912,1.4819072304724077,2.2404282024566764,1.8178662467066866,1.898675098737292,6.405672203041973,9.099194854618395,1.8211934724258594,2.661464275125741,4.584642042845954,8.96721042045501,1.1108696219245564,2.1047802859428826,0.48224731922395236,5.157553598786434,0.8443588332157271,2.327246585862863,0.48224731922395236,0.9459669839641176,2.0657595247971394,1.705646533970606,1.601967550617068,4.029292470102802,3.163220151907895,3.6561238243232994,4.993381201017973,4.975211590041913,5.093567764612111,0.23050280251929484,2.8658091192757222,0.32875570695914896,4.5075124384810294,2.133800561482866
2024-01-05 14:00:00,0.9432854332551956,4.220137022396541,4.717457965575046,0.29365343084005635,0.9712752730294666,4.327283769364918,0.29365343084005635,1.482703976809117,0.04284924738271872,1.0264108085974502,0.2518561464562042,0.0053608961466858,0.5505112463898142,4.523069125133108,0.0,2.5373766717384365,0.8856105853734819,1.7942814406118076e-06,4.656342410604868,6.311147218915721,2.3606114166535246,3.143914047174264,2.1941659909667974,0.0,0.1265038727204717,3.539580267064343,6.62988582532876,2.957295119416057,5.472216406745112,7.678368381792254,1.661333213114013,3.578005783151018,5.398792480608196,5.794673591804934,0.7962517416443785,0.02493658414457784,7.205050494541201,6.369607171892614,3.543377949956248,6.3892032665402825,7.685918698926846,3.8410984588040593,1.4480189784819055,4.585407729482076,1.5042051920085564,1.676896686799107,1.5828397216843424,5.240640567897999,2.2014630951186507,1.2341584455377783,10.4031829500483,3.9525407819623597,4.567832207531676,4.839131872194699,2.0626259808909104,2.415660779334881,4.171110055769785,0.42767154510596117,7.2885080291218785,2.4840552910460416,2.2225306839495786,1.7551902565843864,4.706142398612636,3.6465234912872004,5.754112148483497,4.821493666454885,4.8034878756013955,0.8357856110487145,2.653899195945849,5.447292510898846,2.9426304185756633,1.3051760598043165,6.584438398985094,3.0630471993543726,5.698599261732853,4.091227578968217,5.562905498573877,1.3195911340213855,0.2861497670210209,7.134576179007269,5.508147964726941,4.705372379422894,3.29431780470736,3.7100369139256504,0.2327278892012374,2.802122417464126,1.4341390443771294,7.53720757804153,5.020881792626224,2.4738202895901016,4.547737484500519,1.4588368645014804,0.18115087653469744,1.4563171776510284,3.3394256408177365,3.2637499223669537,1.343689526586173,0.1595627888485901,0.9566042284451481,2.4441612736138545,2.8878696917605495,1.5629696693021509,2.9465057857419072,3.4152775183304547,3.761508116661443,4.077978721314663,3.8036002646748632,2.193819230552002,3.910798687380965,4.037735486407652,3.102343995910435,0.9227083445266815,0.5674220200564997,2.3116194266597097,4.016206496404,3.838542419010228,3.791912052088129,1.3790599137889044,0.8324842148726611,4.732332374383082,4.8385630894463905,3.058700009933346,4.662653721045187,4.798480295508387,6.77921881186804,2.5702606982646707,2.2175421294579527,5.497032262683302,0.35554547086806987,0.4166950186949251,5.43529624843936,6.914113225139429,1.5203635526309118,3.118738724466974,4.435501309122766,6.841650191726017,1.1322680708496957,5.682947460823262,2.1831753601034065,4.750045289132208,1.5750475663338965,2.3258711133397885,2.1831753601034065,1.295141406467896,0.49450277937577125,0.29264037976018104,0.2345228197093373,2.166138225295917,1.7523440139592301,2.40041553481501,3.6149017003885393,4.281350920812046,3.7655281464973784,0.21554223917321635,2.679806526690737,0.6580033396805485,5.25903134370294,2.826374663665832
2024-01-05 15:00:00,0.5958583069062531,3.6757064276639593,4.04173285691123,0.0,0.41188948962731387,3.10665091619602,0.0,0.8547901948477656,0.0,0.39788530868519933,0.0,0.0,0.26262211031593374,3.3909908438862786,0.0,1.917933655082435,0.6834942272442154,1.3847858494062744e-06,4.107589884185749,5.98782447271322,1.766834791551994,2.8766629808868247,1.62455731372399,0.0,0.0933122926417459,3.28277299343085,6.455431245641119,2.2823735124235696,5.913407392150049,8.087951016369912,1.7169668619942473,2.975668073672943,4.668724448687597,6.333011111393466,0.6795838903414959,0.02161027713339285,6.818129473421076,6.0786782016092324,3.0540849915425428,6.868185470200057,8.251830752824159,7.71692282251107,1.984807058037147,6.9016952991246665,3.042275402011203,1.274053971333951,2.93130254200063,2.1869648497378877,1.8313195063309335,1.2126677899778535,9.713298366909969,4.0015655515183015,4.273037005169569,5.32685271227993,1.7594675626782763,2.0100348376006387,3.3308329913039634,0.6685538330201268,6.016181725968968,8.104243653039834,6.112574188338265,1.5770166492396624,1.5398226971796776,2.4524185466304393,6.079499782244117,6.552245103668002,6.366623216758958,0.6485979535705053,2.287109918661255,6.106317145177163,3.976489493984408,3.523130025773618,4.80014992671943,1.600739635493079,5.600279784737433,4.126661277798214,7.815684891479012,1.9968766502010376,0.42746424244935155,6.266279593713176,2.9748630880926616,6.1163558965024425,4.327851827494014,4.435415601545327,0.3072921041140522,2.3237734901587617,0.9681757913093674,6.651538931989242,4.417897924931782,1.648831641630722,3.3571465619996825,1.3926451339040031,0.14706899151764394,1.3158790919577081,2.5553151502118707,2.3809623404524984,0.6015093230776972,0.17095963336038988,0.24278705376324128,4.648941138287939,2.032542265279271,2.9804849329033587,3.950637855559278,3.1360485597611447,2.8421662934865584,5.345012425867014,2.893990808102817,1.3893471926191652,3.025975192045423,3.1822617753388727,2.7798274899749646,2.3839910571236205,1.2588916613120804,3.178292925525146,3.1796206636548168,3.198401579990498,3.607127835903368,1.7138235106960737,1.1967181301048908,5.413438525113346,5.759823530442892,4.8141909601483865,4.166636289927977,4.865552552425102,6.66109101759862,2.314120221238176,2.3467085890402357,5.221804182863592,0.4060734436390733,0.4776996663070686,5.524859063443987,6.723703283984598,0.8674234211620225,1.7600910174953828,4.714347415545488,6.66495910523953,1.361749553305464,5.788051269750364,2.888436576476758,4.96934126433239,2.006845407171616,1.8412666307394496,2.888436576476758,1.6741177041385416,0.6101924703854507,0.313670056496447,0.22829923345841371,2.6400266656203586,1.978745747440992,2.7782035177262197,4.091126984777135,4.672947163987831,4.241782223455975,0.23158866678410775,2.8793095178755874,1.195134814059936,6.352739777030477,4.078023641776847
2024-01-05 16:00:00,1.03759001498889,3.362726500273849,3.714079439842386,0.0,0.3741102147500607,3.3593047704713435,0.0,0.821869540524595,1.1718982407003509,0.1945574915486002,0.1953004266526543,1.3470649075982213,0.6340900333767371,3.522683282246231,0.0,2.295141548900239,0.8179198457801895,1.6571373732762633e-06,3.526876315579493,5.014794562751637,2.114325450928687,2.4897217008700476,1.944065676837727,0.0,0.03810794867137927,2.9721588408150414,5.281252647461355,2.7312572906738835,6.112681285610934,8.040507809093906,1.6209852510735607,3.169805350628265,4.443580976987725,4.6935023507242,0.6663284201776631,0.019565524744783007,6.374191186760067,5.41705022281658,3.2175908978811525,7.5550277540745325,8.55247393288567,3.2889825977692304,2.1502840303675828,3.6206938606923016,4.994676050135996,0.592390535168467,4.620542737265297,4.997163304290623,1.863478590944653,1.0733711598208455,8.842758768363758,3.541914028417281,3.857958751554772,5.595503217192401,7.4244352201391655,2.0033867582459117,5.853572332296622,1.423016667673644,3.582226997282241,1.9604553027765386,1.7733830063051923,1.6126496048441636,3.9706490953703764,3.0023577956236087,5.721488173684709,9.025624025980658,5.274321107041244,5.722127398972237,3.3136405016057706,6.197530843502597,3.7566604653227813,1.6721554350669314,1.1991073499575744,2.9085235182129248,6.103196446875009,4.584088153380582,10.333490869655549,1.7698054804220436,0.9804790950136657,4.463232722595608,5.322768859747636,4.43185294090336,3.6041665865607047,3.9938670999965513,0.1913456832903195,2.3850015795330464,0.821296890253737,5.15450400011254,3.500779495992003,1.287195292616075,4.300494315950317,1.3241488875402854,0.15050368360597083,1.173682807250341,1.9859190909186877,1.8587385429515886,0.4695809745405769,0.18085219334797903,0.18953684828797207,5.137975422497845,1.5867471061649128,3.2939077538660237,4.01084334187488,3.010443239396698,2.2187972267379186,5.914353610249917,2.289538393057018,1.0846232695898712,2.4696988697183566,2.6830321785601354,2.5724957409478835,0.737287324338592,0.4330082300195855,2.7480783611516766,2.6825794988841736,3.18756761664621,3.7666736413563813,1.2863992106763997,0.5966544481356019,5.157682853063145,6.4116728775817196,5.328826778900139,4.208114932555453,4.75055178613269,7.4453491605205775,2.3949112380280533,2.434592418653054,5.141764093609876,0.5224107355534408,0.5741839376054862,6.057071873654595,7.517147936855559,1.1271055361885283,2.1033178958953633,5.0699472449780565,7.44560322089622,1.4637195108542636,5.612397742450852,2.8461648185496777,5.380505037640518,2.0476718833681886,2.0244260309432303,2.8461648185496777,1.7386273915973165,0.6584193407468774,0.46084050371006974,0.4039562105077229,1.4610026878912628,0.9513337313266275,1.2049675667483126,1.5531350055717252,1.3571289963580146,1.5624220478525546,0.0580623355008911,0.721880900129063,1.3489469244338925,6.44985938980533,3.77699376857667
2024-01-05 17:00:00,0.7469527112648086,1.3988819774028727,0.832924524018452,0.0,0.27798712229754247,0.8004548127876645,0.0,0.7908359594190191,0.29719844634757364,0.09052442972113856,0.04952903021468777,0.34162146828403317,0.1546455841791975,0.8279548760778122,0.0,2.2084775981214944,0.787035404125766,1.5945642950188254e-06,0.772682656115715,1.0791088020382826,2.0344890692042865,0.5439978581331684,1.870658260110492,0.0,0.0,2.5280291889527633,1.123651214463507,2.6281257223762906,5.731290352649165,7.744405300009004,1.0968183329558066,2.416780694897547,1.1085231192682279,5.257266399811899,0.17585258521144273,0.016641848669980645,6.511613764537813,1.6553333758503173,1.2461317079391456,7.3098241131884585,8.110710995172786,7.287705015326913,2.8577214429358326,6.353045443539348,2.350326536395326,0.04471655742218292,2.123870706957631,4.3736324705142735,0.950182728202924,0.8964534653163161,7.814652976660566,2.958120381357279,3.274219232326901,4.030877367654643,9.663914274148816,0.4878601942839925,4.485360162054686,2.09192583369483,4.114688551228954,8.343182279829831,6.219248172343261,0.7134354947600293,3.858580216915848,1.440118468075607,4.511897153226414,10.216760723947147,6.401001734711262,7.880070146214801,2.3780701927729506,5.627520049418125,2.769009065852917,4.430582123132944,3.2681775999765703,2.7319087376492908,4.671302403266416,6.052540712822314,11.184585516538716,1.5183651980520452,1.4158307352562354,4.3046500078833745,4.848477661527294,5.603538137305344,3.491421833027207,3.0794291779590046,0.2871536982753668,1.9557326274199747,0.6962071737578188,4.557609210768702,3.044172243532414,0.9614903531965642,4.159675699768057,0.9701689623446887,0.12272655399087894,0.9865836718689864,1.7020646155556425,1.3885999376467468,0.35076074287670034,0.1567245371974746,0.14157746866350684,4.782139263943886,1.1852451949536251,3.068265097214112,3.578378349704817,2.27225610982204,1.6573647693132936,4.745658236008138,1.7007263805284367,0.8101760599541165,1.811157816025065,1.9419229203988075,2.007160687780452,1.3502052477394126,0.05327006810548191,1.6688415560411705,1.9509407736027053,2.570818794576667,3.1895629369249456,0.711016390364505,0.22129142698240029,4.0089834144685295,4.847328077196749,4.6499110833815465,3.6068695336948324,4.328294830271589,4.901340554542525,1.5083492058130088,1.3850068197750374,4.49550926008943,1.3302757775916902,1.3495074910172367,3.83822499607365,4.905049752866792,1.5595065057905062,1.7030924018059672,3.116968742064763,4.85277461725788,1.3871540698577522,4.768082707941915,1.4921313750071366,3.3438820858127625,1.4311499477177927,1.3136967278968519,1.4921313750071366,1.3938597813745344,1.3796049474901442,1.3079447756453852,1.287313323981418,2.306534307010883,2.201511009642788,2.3612405479537597,3.3509468215206644,3.7031439384240117,3.4600542171288664,0.1807824939953366,2.247643474329889,1.2727610263373745,5.9942136884367265,3.513337042335882
2024-01-05 18:00:00,0.6186550282692648,2.7910471288332173,2.8978752877247134,0.0,0.23213569546261945,2.338396553385618,0.0,0.6985683948006154,0.1266246870618145,0.14481800438832035,0.021102391444117304,0.14555160717251323,0.1807841732418655,2.520729746010667,0.0,1.9508124691323292,0.6952112538171563,1.4085250002996855e-06,2.8614126328635794,4.185951264867827,1.7971233431994307,2.0287196488794432,1.6524068265002965,0.0,0.17721720269302557,2.5394928141557016,4.485534661397823,2.3214998576485573,8.007676102496635,10.567770469711816,1.8546545297689376,2.693711931203439,3.76567492672343,5.115998051338963,0.6521614303105683,0.036925437404044255,7.142158060402683,4.844486251688807,2.9041799019949623,9.94034925112791,11.220343649780752,7.9306433031609345,4.055169723152707,6.700601999055795,3.013776039725946,2.3654536561928228,2.9923504131206844,4.347747209366533,2.8900526980376977,1.2996473971914932,7.98413350206466,2.806851547912053,3.373775129462622,3.9828976573213284,10.198859574305377,1.6964720006635878,6.404796591704347,3.600466960399735,2.8400576009317193,9.514766293432267,6.973434319592577,2.559120387656198,4.069432367633694,3.031825746443709,4.023007745340218,9.545750701600982,4.285517626164507,8.083571163976925,4.303432927340576,7.325289643396288,3.3145662752044602,5.733145808256863,1.854175231032216,3.383123734833638,4.2670841438942,6.671816814150067,9.531180602045245,2.638741947835496,2.459069229748274,3.266359795978004,4.33255354057541,3.409966203790092,3.010339026190498,3.356223641841417,0.2801736649916732,1.51496903905961,0.6520210739466945,3.5999319644484777,2.456512443870326,1.8656345207092657,3.763946706344653,1.176299652312403,0.09349917740006167,1.0122515843517874,1.6716012178467454,2.692996777078779,0.6806010567290809,0.14059451182746469,0.27471082992683377,5.0083086631696405,2.2997987903454384,3.2134035664973637,4.317767608485693,1.8743725508051836,3.2158793031656163,5.000351278783806,3.2412361140206567,1.5720307752204918,3.3058137195078032,3.3822819577748953,1.538394481318051,1.5238325259478607,0.06793058465763908,1.4979069854619957,3.3873127164690096,1.9614800849598422,2.7004776905887513,0.6116890871927154,0.18373466847048986,2.9136396213695277,5.065109164185875,4.854143279859066,2.2835255460634745,2.5918077303827625,5.11182500783984,1.4716186396512285,1.5824839129135095,2.797764577098505,0.2847223180020545,0.3633305041124957,4.125333768401202,5.115046136153609,0.4201443382826334,1.0308063019413716,3.4562114684490073,5.0665495598334305,0.8503634021460281,3.1364468984827125,1.948820842647279,3.666723027433193,1.314643203869608,1.1853930763545377,1.948820842647279,1.0804509296782538,0.5240392384541851,0.17638506790436478,0.07629306378506469,2.445915147391715,1.6131051593955332,2.3998765223413563,3.4188635804354757,3.6853933321316856,3.5195174634436897,0.17779994962771753,2.2105619171689876,0.4177560682056162,1.93661553681462,1.7221003446886738
2024-01-05 19:00:00,1.0810913207273725,3.035230871235467,2.4262561056405785,0.0,0.3855426484582035,0.5848604039357558,0.0,0.7586176925661027,1.4890926349485354,0.07956179449007719,0.24816184275263845,1.711671169933125,0.7704478415953554,1.0039769408454942,0.0,2.118505310256337,0.7549719700206134,1.5296025322674318e-06,2.9280766189996252,4.831704992567805,1.9516049881754989,2.1169382910873966,1.7944485654234565,0.0,0.04109529836473926,2.1823870373904897,5.526161212924352,2.521057176949072,7.193397309690697,9.373642187475772,1.8316463529333298,3.0303482254961933,1.7606965264604926,4.236586792984145,0.17884732481623272,0.014366509284896767,6.4000256811933385,5.121872093897978,1.685074087962482,8.916105346774078,10.050178763440075,8.070560331736814,4.9021222804176094,6.318582377762852,3.7044105135594605,0.6060825552535708,3.427416748072473,4.0002543065027645,1.0443602266132415,0.5322110729420192,6.895792353035839,1.7561920199597876,2.7205935573025357,3.5511150159075244,9.01075877483379,0.369790935910711,3.7982711773201348,4.754689165913483,0.4397390477846056,10.10484058828526,7.226075857412202,1.3596862729512258,3.3752874768506342,1.2384790038919298,3.0109886518766067,6.732835643773705,3.4112788327430583,6.979590618145464,2.1844819761264933,6.498589536721692,3.0939194480526586,6.586114571573676,0.30139445474430027,2.662850280296428,3.5568606630944197,6.019499755612136,6.200139146998801,1.90606244837879,3.2586148430046062,0.7734898650719595,3.944721476461483,2.9546627151109477,2.758279362106112,2.6986773920353917,0.22615407435361126,0.530832478736281,0.4465103651019417,0.7872528675251669,0.70979521189458,1.837458613379512,3.374024979478073,1.1179772740986533,0.02917377766168428,0.9413375543585997,0.7923679163478812,2.651598135720533,0.6703222201777286,0.09315815972544716,0.27056198576653406,4.7398204341399675,2.265065879437884,3.0395581137297665,4.132482699882988,1.2136263579318372,3.167311206775966,5.212145526240793,3.2074364537049456,1.5482890439486594,3.3096256596373204,3.4306308980417866,0.689056505885544,2.1204123044476026,0.7825562401897612,1.465452593364947,3.4297944302299914,0.6776973083281639,1.4717180773392688,1.1669885456250622,0.9237760254930668,3.596042778689352,5.5069015809463195,4.766135966435996,3.1078942612717997,3.529409036036437,6.129361461027069,2.3428287972866664,1.7345371584341114,3.550923763206295,0.2533350009822952,0.31859294504689617,4.850913522171158,6.1725999463030785,0.06026946341740198,0.6194686225608306,3.957351019826051,6.107836416384967,0.8195434176907241,4.151523790053019,1.9443442201734575,4.238473372842708,1.2955166491859156,1.3724909328567767,1.9443442201734575,1.0779690335450574,0.4662700202784746,0.15694066999866174,0.06788264272557731,1.9505006958262388,1.1811516236270183,1.7877199026860984,2.45708051529457,2.4727562647576784,2.509207896250328,0.11518593260101052,1.432090596957591,0.1499322918440088,3.395564380250307,1.2151754081587127
2024-01-05 20:00:00,1.3144027739586481,1.717916056576478,1.72602042123727,0.0,0.4627000243685414,2.325241034042071,0.0,0.7833873123322832,2.19165686624501,0.1505908697471871,0.3652463210441114,2.519249497508404,0.9448372896983579,2.252876554320205,0.0,2.1876766089511817,0.7796225533312648,1.579545571414716e-06,1.342756973370494,1.591982686896093,2.015326825887155,0.9241901734329703,1.853039090125244,0.0,0.017311428954998608,2.2698647522683864,1.4688526663623434,2.60337219318683,2.0839344961959054,2.729991199607106,0.5158816966678123,2.4508130520418954,2.7733373686144507,4.354321005958887,0.46547364912452766,0.014942369286575281,6.565949242100195,2.131320274125912,2.2183690887668925,3.0343122606294903,3.0072699943636523,8.42676690969887,2.3842852042252494,6.56790362508565,2.479667577416293,0.27304210105034443,2.2858789479880617,3.5928847298593753,1.35867610296097,0.5000920304414495,7.133522757390685,1.6502054875555754,2.8062087546551577,3.088534348177804,8.209664163704877,1.4465876298446403,5.788243389130086,1.5646436266828931,0.05446877322622112,10.615003448550336,7.718069980401867,0.8385869068935854,2.9917173543619384,2.195901306627285,2.687166483452103,5.92647000100053,4.124591501042955,7.308016175221629,3.099580614302047,2.8767218513202555,2.7269933959830346,4.940692836610103,0.03356101860112335,2.1511587902700877,3.06516851646636,6.118540948661797,5.350051725574867,1.3238928114803767,1.0386398476854968,0.32231788363230757,3.698414848435086,3.9334701684707323,2.9171881376693154,2.3081276913835986,0.28806136535554006,1.2434334197483083,0.3932824259336041,0.2096800326068345,0.3675668025517525,1.0729181462840194,3.366176538341047,0.9886476168308063,0.08023720947018213,0.9017733325068548,0.38937792184823955,1.548239828564402,0.3914106520001013,0.07261571654402904,0.1579849810546975,1.2132038506054117,1.3226040939816979,0.7724793069562889,1.4525613285654089,1.8830998618940387,1.8494379377767163,3.028381975388815,1.9080436211218228,0.9040679332036456,2.057297985955036,2.234034460563733,1.4568880593971059,2.0539859833109473,0.4905021514650649,1.9499160139780494,2.212397511983913,1.7262082796595533,1.7043206685578258,0.8913828138573432,0.4831453102187501,4.060887889137613,3.9051085504456893,1.922341066352336,3.1954537513279386,3.8578832169998956,6.087204127236171,1.7225280143278487,1.0254884345701831,4.083058009122467,0.28806787132698186,0.3678562684978302,4.673177467776576,6.238868874889204,0.419618794089209,0.925976129823662,3.6146486775162994,6.1621489355483225,0.5491326357648135,4.514688209092126,1.230007819344955,3.9476708259086855,0.8366743774687915,0.8499627765929376,1.230007819344955,0.6819318958624818,0.5301968211435413,0.17845763339391216,0.07718952499332578,2.409712806189403,1.5589636172176782,2.328094300087305,3.290800400971805,3.496758833508478,3.3818706529989013,0.16751692059112436,2.0827144547313936,0.09612851618020764,3.5023188998221273,1.3127643046926363
2024-01-05 21:00:00,0.8759677269655604,1.2198017690646086,1.3577771409111226,0.0,0.3175890497466379,2.531645350944065,0.0,0.7341268787496374,0.8788548768228865,0.1551402036514447,0.14646385364201894,1.010219592728597,0.369882983266973,2.3383848072918716,0.0,2.0501126012131583,0.7305988527896128,1.4802216501735289e-06,0.7839019982255336,0.5733654413585327,1.8886004011785693,0.5129457813193192,1.7365175335616079,0.0,0.10570542957141714,0.38577257365904094,0.2490434305985311,2.4396686955751776,6.68755616929937,8.697029590346261,1.1623436876219002,2.1162645474806068,2.115069460425923,1.8064068134524485,0.42518050561821286,0.002539515295122915,3.566931603293095,0.9245439141623307,1.4520938279515136,7.882779181741601,9.256275903518711,6.963629092934547,3.75239380822339,4.86746651253512,1.8254658396721462,1.4122919978271449,1.8494878038936788,3.0014042276834143,1.1201801468083668,0.3070808841907841,1.9394738959560434,1.0133066103207573,0.574299817058807,1.5026231365179066,3.2610447664593143,1.19632941683464,2.6560637086439898,3.9917386951244858,0.6757822028725429,10.246594671500079,7.49430823667688,1.5218402713784995,2.623298889232039,1.8958472145405518,1.6875781645338273,4.967911204192988,3.067061105500656,1.5490774846302935,1.5805118012165644,5.018979126612832,0.9088200943068009,6.2369953197350165,0.2881588514456012,1.6377106691355034,2.1243891604220537,5.1712948376135195,4.190746028830209,0.4205788273260929,2.7276865912551846,0.8683677789240825,3.2338224799027557,2.8944470355540077,1.5291015719934151,0.924135784566433,0.295574244929156,1.5534967335430003,0.21791562439342999,0.9807621568288392,0.6926594024787297,0.18707894463692804,2.3782643160793286,0.32228926249851114,0.09465116368616154,0.3808945898288557,0.36186886084830694,0.2702072256523562,0.06824816221949428,0.1591684167023019,0.02754698820833812,6.153437324431772,0.23061533531848497,3.9489816056828366,3.9080918268862566,2.0101894557290434,0.3224765083609417,5.794641829772964,0.3925463569323924,0.15763744458009632,0.5709971512164012,0.7823059749692001,1.6333847256794563,1.8465579667343561,0.2959656998547688,1.2278788150712405,0.8023180156042291,2.0095344350880264,2.9487091694586494,0.5753915789729408,0.3185449976003596,3.298730921120886,5.84003874936224,5.853136550862172,2.7589600770183798,3.397919193205163,5.588137551492352,1.4501298573715253,0.18886780971219425,3.5265403240923088,0.07383166752905856,0.09583808393966323,3.8631062385825645,5.570547062664878,0.20749219749180645,0.4589833235554307,2.708743851622842,5.486881305890167,0.06202927708688298,3.876496201526136,0.10821022569898128,3.0719160635323215,0.08126152358039293,0.2920745965732541,0.10821022569898128,0.05999311809408785,0.13588920987026826,0.04573861220991995,0.01978364098634344,1.1438166745719656,0.99183525466491,1.4068074312395606,2.2065920707106987,2.7755457605528226,2.3171696508106416,0.1431827963021255,1.7801716893731967,0.0,3.9473938875181553,1.112157034087466
2024-01-05 22:00:00,0.49939942268618337,0.7414175743677528,0.26328897735256723,0.0,0.18900928980616055,0.4802437074112916,0.0,0.6011659906689338,0.0,0.06371544983896246,0.0,0.0,0.001970065050777099,0.444839394013822,0.0,1.6788078581052526,0.5982769407202707,1.212132317307028e-06,0.1561457942247242,0.12149714523816095,1.5465478298329112,0.10271835302834748,1.4220093468796087,0.0,0.1640840459021566,1.1448298397311014,0.06344600348921195,1.9978097665861572,7.903234626048935,10.26996610690038,1.3480921765359215,1.7103885393813543,2.7805812389308966,1.0248045169906774,0.5640194888940898,0.007536338990443189,5.318780827185106,1.119912180434446,1.9993527069481924,9.542835021616892,10.983687871253345,6.611554262758488,3.5301008200602686,4.285105516063816,0.08893612309647704,2.1395089362316644,0.36507688922109544,2.2856760376174154,1.3992325134692192,0.24161965808359373,4.143112149596264,0.7972974200746245,1.410689941800785,1.0819882094311872,6.662083709805612,1.6247829765331399,4.7449576601316,3.850159210444578,0.4524266779820548,10.08552013793522,7.38004729045974,1.6650908896585472,2.1085746167853676,2.2077972154346517,1.1244021039671137,4.285651641853549,1.2032177046195187,4.451888168197685,2.65952483337195,6.225586022751275,1.5665159798437245,6.093663822963814,0.13664093594045665,1.3982910217343414,1.257940660616535,5.971425212726673,2.570531408311858,0.7344042072900588,2.630008190126923,0.7091267890043377,1.9713476217419983,0.985556953107761,1.2048060707056059,1.4363335443667424,0.2923365621185774,1.5745030646950908,0.2421079043994521,0.7188458066162212,0.6193704940616387,0.02545730991318369,1.862991569047828,0.5627734326240829,0.09454687334343971,0.44777526422470654,0.23665370522608797,0.03692361017398835,0.009287066591052103,0.17825639652939831,0.003748536305651439,7.38414925976914,0.03138165052902798,4.740693815533672,4.559392356692626,1.8937039701757237,0.043881926044634055,6.371315570662237,0.11115571037660844,0.0214509724137373,0.2824856118004754,0.4853623772910315,1.5462893820160022,1.5837487345494452,0.0,1.8008753555355685,0.5167010270116629,1.9805239457618844,3.19132893517497,0.5262662871980613,0.01979597676093323,3.4832911334708427,6.1498815157057525,6.784376276300339,2.3137641154021438,2.9741671698017873,5.1519919565950785,1.1296244499583121,0.4519048143976961,3.053222154284084,0.0141992370735003,0.01954376240209319,3.684503777292053,5.082533697486856,0.13416623703942254,0.2808006011499502,2.7393271521609543,5.014029284556673,0.2664044849596107,3.454957539518379,0.6100446808529082,3.0366877466082984,0.41164513512049833,0.2992388210827417,0.6100446808529082,0.3382164887345134,0.026134085430471375,0.00879640701499716,0.003804771285052536,0.9658580572571513,1.03027406670378,1.4188671627558804,2.356599092435389,3.1976662876863466,2.5015194243660597,0.16963490722570285,2.1090470864631534,0.0,4.440344948717967,1.281173170720998
2024-01-05 23:00:00,0.08180983311792783,1.5491415378868223,2.33136073802789,0.0,0.030962828057766303,2.394576232972262,0.0,0.09848086949772901,0.0,0.10250863020523958,0.0,0.0,0.08488150475541242,2.4416426222742498,0.0,0.27501631854100334,0.09800759563429882,1.985671950967568e-07,2.102993996258306,2.8714928494994774,0.2533499522025466,1.4756947977355228,0.23294850189175617,0.0,0.0,1.4324213887072228,2.9463146850127604,0.3272740739800252,1.9381881221457742,2.530636634638544,0.6544777332970517,0.7499412806683485,2.9512839925884524,3.813290766016584,0.4343969989434454,0.009429535104531003,5.49400143493344,3.1532193479843547,2.110723994151757,2.623675013785307,2.754401989037199,2.8810281540939444,2.778190599476991,3.2948146896799795,0.9757412986262552,0.018588630764286396,0.8828910506231012,1.9309463894629062,1.2244895345588076,0.3080710003595295,4.86844213901186,1.0165737992290445,1.7675908869040062,1.7188777195571192,5.213356117671708,1.4220315076064531,4.404503183294887,2.588986669588198,0.48580105606089935,2.3181144759648062,1.8791656323288985,0.30223076501941504,1.713077026607078,1.931880852259635,1.5750437112164872,2.783034447467702,2.323062562228227,4.302540839963215,2.44112218702602,1.7410832816108863,0.5386595147942186,2.4499382751172476,0.04778397247773321,1.055386513250257,1.7423143017293166,5.582897137866942,1.2704798721869694,0.24725776356508306,1.7892838365139792,0.6546887621783986,2.235512522192411,2.516473426915193,1.1936013311508789,0.5804909981508185,0.13980421719418376,1.5628065045457622,0.15670306516496402,0.7693359382308251,0.5332269990948113,0.00529012286983264,1.6767471597934307,0.18947345203527305,0.09305029797814052,0.26765534133334473,0.24188659448786007,0.007836357885545396,0.001929886682235045,0.18664965438373354,0.0007789596664593013,7.986164433053346,0.00652122269489019,5.12911098801223,4.918179872984203,1.7604610041582966,0.00911882603985598,6.311033730436871,0.06080065021320554,0.00445759116470092,0.1924216364406312,0.3482779098323658,1.5218132833898446,0.4282008077254965,0.0,0.6510591106877295,0.3886271586316513,1.94917438080223,3.2839550827626915,0.1902670623090372,0.019482627729867637,2.266897916835144,5.785222608306399,7.099440092985183,1.9392160890714012,2.472401453003675,4.003885594103267,0.9013231682934896,1.0756146220090077,2.5586867271225007,0.16593929963827198,0.2106562522372197,3.132483944805288,3.8799686304360264,0.18086551260376485,0.42201929899471075,2.627126339580933,3.8433413745928173,0.6383085907837094,2.921057156741347,1.488662837696108,2.786116134612266,0.9979419576913204,0.6468884914192543,1.488662837696108,0.8253335102786253,0.3054158340036885,0.10279915828195854,0.0444644370015992,1.6824296589440655,1.2293154508655226,1.7942178479548614,2.6581204847893467,3.065477446217801,2.759376166032271,0.15257040523670107,1.8968865188627382,0.0,4.09951943090712,1.1686197984551443
