Timestamp,222,231,236,216,217,218,219,220,223,225,226,227,207,214,229,230,112,114,206,210,212,215,237,105,108,316,205,209,221,234,235,238,239,421,104,307,317,204,208,213,228,416,419,436,103,107,110,111,113,306,308,309,312,313,203,224,233,414,427,429,430,102,106,109,304,310,314,202,211,232,240,413,417,101,303,305,311,201,412,415,302,315,318,406,411,426,433,434,437,438,301,405,410,418,420,423,404,409,432,435,403,408,428,623,402,407,422,424,425,431,620,509,512,515,401,615,624,506,507,516,612,613,505,514,611,627,629,504,508,511,610,622,503,513,609,618,502,510,517,608,631,501,607,606,625,605,616,604,614,626,630,603,619,602,617,621,628,601
2024-01-01 00:00:00,0.0,0.0,1.385595977853381,0.0,0.0,0.43611624277947725,0.0,0.0,0.0,0.0,0.0,0.0,0.0,0.0,1.7143723278203735,0.0,0.0,0.0,0.0,0.11671015340190963,0.0,1.600002818737737,0.0,0.0,0.0,1.7683014758449234,0.8279262026163811,0.0,0.4409783383607348,0.30202757304378786,1.7143723278203735,0.0,0.33555268571247415,4.598725810310641,0.0,1.7683014758449234,1.6510383122630437,0.5362141926526064,0.382440430132976,1.6896773488156818,0.0025234841062849412,4.598725810310641,4.598725810310641,4.598725810310641,0.0004007059748762555,0.0,0.0,0.10584579848076812,1.206031547183292,1.3586514557861062,1.762392042841416,0.7931754188147382,1.7206504534914953,0.6549273116366175,1.5788756290867383,0.026207830155679623,1.295522132998721,4.598725810310641,0.0,4.598725810310641,4.598725810310641,0.0005538215300564114,0.5297469426610154,0.23822439303778684,0.42146766868477,1.7683014758449234,1.717608583362869,1.295910579203768,1.32322891854862,0.0,0.0,4.598725810310641,0.0,0.657250854728081,0.28749375276958006,1.7509199561285405,1.7683014758449234,0.9255361429521837,4.598725810310641,0.0,0.22486968664741774,1.140645532866064,0.3513334924317373,0.0,4.598725810310641,4.598725810310641,1.149767114988902,0.0,0.3427974296110736,0.5434778805111578,0.005199575924814863,0.29344500458543626,4.598725810310641,0.9815999710999214,0.0007415003326899974,0.2564089158776692,0.4081905021078152,4.598725810310641,1.729830942657059,4.598725810310641,1.22551506001026,4.598725810310641,4.519989009786703,4.598725810310641,1.2846949523816915,4.59782556863756,4.1810063041734296,1.7683014758449234,0.8915088557021515,0.9411269121089789,4.598725810310641,4.598725810310641,4.598725810310641,4.598725810310641,2.230626117457332,4.598725810310641,4.598725810310641,4.598725810310641,4.598725810310641,4.48779106399824,4.4209246081482005,4.598725810310641,1.66713300208983,0.0,4.484748968042514,4.598725810310641,1.6691506924345954,0.001712341466190871,0.0,0.0,2.2846879025922116,0.9929803848589916,0.0,1.6507780871394264,0.32717948816324227,0.004225805169519437,0.0,1.4598169713025115,0.0,0.0,0.0,2.198034276383837,0.0,0.0,0.0,0.2730131096271951,0.007041108069310366,4.551510737817002,1.8968052042909964,2.4534829225218044,3.4375274506614657,5.213748098197991,3.189030828840714,5.213748098197991,5.213748098197991,5.213748098197991,5.213748098197991,5.213748098197991
2024-01-01 01:00:00,0.011310376851616562,0.3390608147422782,4.0734070944991725,0.0,0.04100761373239335,1.2821046147351238,0.0,0.352721414620993,0.0,0.37967694181008876,0.0,0.0,0.08286161595733592,0.043949451123574804,5.039951410349376,0.0,0.40475549255748555,0.34001017888555407,0.2434165990193646,0.34611475748372,0.1200856756626573,4.703725283009321,0.20344158864169648,0.36344232132955034,0.37006611857243865,5.789772472813196,2.4344527689478412,0.40473137201364373,1.296398315749983,0.8879076429457682,5.039951410349376,0.40424443764263895,1.0885986871797786,6.753876937153528,0.01377273948030299,5.789772472813196,5.405829437162583,1.6073042394121124,1.2853637376973173,4.9673525400552645,0.0074185969255784676,6.753876937153528,6.753876937153528,6.753876937153528,0.0011780046903700412,0.00855155980660654,0.0,0.3111679258209522,3.54551942918968,4.448496427963073,5.770423808006313,2.597014857871659,5.633753501335801,2.1443629225018968,4.64161508235434,0.22685194704313122,3.8086059226393805,6.753876937153528,0.0,6.753876937153528,6.753876937153528,0.06432060768700128,1.557362311247244,0.7003375790583906,1.3799693885149675,5.789772472813196,5.623793810538066,3.809747885774927,3.890058971456377,0.0,0.0,6.753876937153528,0.0,1.9322012601845957,0.941312009647982,5.73286190311439,5.789772472813196,2.7209125540026378,6.753876937153528,0.0,0.7362683001207462,3.734701462186894,1.150336077329037,0.0,6.753876937153528,6.753876937153528,3.7645673452417485,0.0,1.1223873015007138,1.779455208938768,0.017024450847902477,0.9607975976050693,6.753876937153528,3.21395450358543,0.0024278202972935095,0.8395340405532725,1.3364972913560385,6.753876937153528,5.663812257822641,6.753876937153528,4.012581257432413,6.753876937153528,6.638240849441666,6.753876937153528,4.206348053692335,6.753570295140374,6.344633607426948,5.789772472813196,2.9189781847279157,2.05828469045174,6.753876937153528,6.753876937153528,6.753876937153528,6.753876937153528,4.642860508223022,6.753876937153528,6.753876937153528,6.753876937153528,6.753876937153528,6.590953628490841,6.6933139570086295,6.753876937153528,2.4484197576505324,0.0,6.715053930608519,6.753876937153528,2.4513830202689024,0.002514814758276919,0.0,0.0,3.355386159208497,1.671166808935374,0.0,2.4244002601964807,0.48050918679714716,0.013836130761732734,0.0,2.1439469500094743,0.0,0.0,0.0,3.2281230972844095,0.0,0.0,0.0,0.08216328882280913,0.002119021305318785,1.3697770478569142,0.5708434809360688,0.7383756269442845,1.0345238041891405,1.569077365649485,0.9597387517862321,1.569077365649485,1.569077365649485,1.569077365649485,1.569077365649485,1.569077365649485
2024-01-01 02:00:00,0.005425142329496571,0.16263411931044722,1.6821348345864937,0.0,0.019669737269581312,0.5294518284073475,0.0,0.1691865710652036,0.0,0.18211607584528156,0.0,0.0,0.03974545376499816,0.021080820805238494,2.0812743816891626,0.0,0.19414526894884152,0.16308949190035837,0.11675735586593675,0.14313052503718976,0.05760036917873021,1.9424280380814758,0.09758291775771798,0.1743289677826804,0.1775061424494343,8.572312528179243,1.0053531430608929,0.19413369927392057,0.5353544872466096,0.3666661203864525,2.0812743816891626,0.19390013603350145,0.4563553691647794,1.752563204819341,0.006606240705148648,8.572312528179243,8.003848100592554,0.6658078740490269,0.5415410347617848,2.051294297243818,0.003063548528975623,1.752563204819341,1.752563204819341,1.752563204819341,0.00048646321838386174,0.004101846445851339,0.0,0.1284984277992488,1.4641408531440838,6.586424913941317,8.54366497725968,3.8451291663942984,8.341311501781489,3.1749346337602025,1.9167793048021555,0.10367253716701028,1.5727838011417388,1.752563204819341,0.0,1.752563204819341,1.752563204819341,0.03074345681248598,0.6431209385771481,0.2892080782436342,2.0431768144980054,8.572312528179243,8.326565225895326,1.5732553808109326,1.6064202650697788,0.0,0.0,1.752563204819341,0.0,0.7979126494814647,1.3937025627727677,8.488050980440416,8.572312528179243,1.123615116969859,1.752563204819341,0.0,1.0901157174764757,5.529583119828239,1.7031827094429641,0.0,1.752563204819341,1.752563204819341,5.573802419408395,0.0,1.6618018706785014,2.634653823193818,0.025206329605200497,1.4225528415268682,1.752563204819341,4.75856738506629,0.0035946204187441294,1.2430105340859665,1.9788122121148235,1.752563204819341,8.385816368945711,1.752563204819341,5.941010764229889,1.752563204819341,1.7225568019252895,1.752563204819341,6.227901059647146,1.7547322868421629,2.0986206264256273,8.572312528179243,4.3218267004310915,2.0312440239986884,1.752563204819341,1.752563204819341,1.752563204819341,1.752563204819341,4.231511783867431,1.752563204819341,1.752563204819341,1.752563204819341,1.752563204819341,1.7102862432124586,2.180965269264131,1.752563204819341,0.6353403263251476,0.0,2.0271840393958924,1.752563204819341,0.6361092632008853,0.0006525691618761258,0.0,0.0,0.8706889946779656,0.9049431569355819,0.0,0.6291075080745437,0.12468730600135312,0.020485716429664357,0.0,0.5563326919685986,0.0,0.0,0.0,0.837665508799231,0.0,0.0,0.0,0.3187538943812444,0.00822077965749202,5.314073653746273,2.2145971179771538,2.864540964423346,4.013452919667514,6.08726266988709,3.723323020579116,6.08726266988709,6.08726266988709,6.08726266988709,6.08726266988709,6.08726266988709
2024-01-01 03:00:00,0.03404953586713687,1.0207319812741495,0.4731590783941603,0.0,0.12345213894506564,0.14892678876417526,0.0,1.0618567900792975,0.0,1.1430055618562096,0.0,0.0,0.24945230398268955,0.1323084484279809,0.58543099404246,0.0,1.2185037547433237,1.0235900123434525,0.7327980603742407,0.048908803471537754,0.3615141718306764,0.5463756183204765,0.6124545415418831,1.0941317445118794,1.1140724790035097,10.059478929030057,0.2842174017076671,1.2184311406002717,0.1505871173888702,0.1031376320335606,0.58543099404246,1.2169652399014723,0.4220545599940616,7.157592738048491,0.04146240156942976,10.059478929030057,9.392394532326893,0.2762205155492675,0.6154529609602125,0.5769980498844339,0.0008617298499393018,7.157592738048491,7.157592738048491,7.157592738048491,0.0001368347431790432,0.025744203413823327,0.0,0.036144663568266906,0.41184066964714694,7.729069888858106,10.025861461876787,4.512200844473641,9.7884027229312,3.7257377101418143,0.539161017712432,0.45993451911338173,0.44240028715915913,7.157592738048491,0.0,7.157592738048491,7.157592738048491,0.18892284303705545,0.18090018964975194,0.08134985671320626,2.3976370490648633,10.059478929030057,9.771098191502734,0.44253293538513805,0.45186171554491766,0.0,0.0,7.157592738048491,0.0,0.2244407559400553,1.6354888505827347,9.960599278851669,10.059478929030057,0.3160559321904158,7.157592738048491,0.0,1.2792342852773084,6.488882048733135,1.998659115799747,0.0,7.157592738048491,7.157592738048491,6.540772727114355,0.0,1.950099328198872,3.091726361187158,0.029579246056204805,1.6693442157796405,7.157592738048491,5.584106760583927,0.004218232622918398,1.4586540370636758,2.3221061629334243,7.157592738048491,9.840628510547564,7.157592738048491,6.97168615860125,7.157592738048491,7.035044455134176,7.157592738048491,7.308347575483364,7.15851570880162,6.974874537148608,10.059478929030057,5.071598181353312,3.0121923417700223,7.157592738048491,7.157592738048491,7.157592738048491,7.157592738048491,6.6001475637743106,7.157592738048491,7.157592738048491,7.157592738048491,7.157592738048491,6.984930620897988,7.339883021174009,7.157592738048491,2.594775066251037,0.0,7.274447239559832,7.157592738048491,2.597915459123981,0.0026651388556342705,0.0,0.0,3.5559557614061417,2.0326161277499,0.0,2.569319793353934,0.5092318231422145,0.024039677985709634,0.0,2.2721022699913895,0.0,0.0,0.0,3.4210854970637823,0.0,0.0,0.0,0.4455273515872329,0.011490313540778271,7.42756465984177,3.0953773622761918,4.003814139651701,5.609666521849176,8.50826315705149,5.204147380481374,8.50826315705149,8.50826315705149,8.50826315705149,8.50826315705149,8.50826315705149
2024-01-01 04:00:00,0.07578916843702668,2.271996551133944,5.867097542780703,0.0,0.27478597620031375,1.8466685652063723,0.0,2.363534217715828,0.0,2.544159232889504,0.0,0.0,0.5552434769542771,0.2944987950108317,7.25925149375,0.0,2.7122069055432507,2.278358100347268,1.6310987569622877,0.51434472017243,0.8046764152133871,6.774971027847279,1.3632321036639976,2.435373433596276,2.479758522751128,9.437747412016222,3.5090536389452422,2.712045277333687,1.867256376872624,1.2788902825789934,7.25925149375,2.708782401874627,2.1052264627273627,10.660116100104515,0.09228909752576277,9.437747412016222,8.811892525992944,2.4777713262300813,2.698602410851249,7.154684323410841,0.010685313493885738,10.660116100104515,10.660116100104515,10.660116100104515,0.001696729117398461,0.05730274199392189,0.0,0.448188096751165,5.106758997638957,7.2513705586037265,9.406207690539325,4.23332183931863,9.183425216938536,3.495466482887952,6.685511124333938,1.1147981040914017,5.485693408918887,10.660116100104515,0.0,10.660116100104515,10.660116100104515,0.42243807849156884,2.2431336661334615,1.0087253235158582,2.2494497989815825,9.437747412016222,9.167190201401711,5.487338225886863,5.603013620594158,0.0,0.0,10.660116100104515,0.0,2.783029783862209,1.534406580685276,9.344979071910744,9.437747412016222,3.9190434418568243,10.660116100104515,0.0,1.2001705208007665,6.08783319636761,1.8751309119209483,0.0,10.660116100104515,10.660116100104515,6.136516743403712,0.0,1.8295723881652446,2.9006405470715455,0.027751084811234346,1.5661694967889999,10.660116100104515,5.238978032553497,0.003957522482138057,1.3685011381252616,2.178587139976737,10.660116100104515,9.232423161602888,10.660116100104515,6.540797338006102,10.660116100104515,10.477599579320847,10.660116100104515,6.8566512145658125,10.659727314854372,10.033327359090396,9.437747412016222,4.758145322291413,3.31212439482604,10.660116100104515,10.660116100104515,10.660116100104515,10.660116100104515,7.456305092665611,10.660116100104515,10.660116100104515,10.660116100104515,10.660116100104515,10.402962852877986,10.583329513873851,10.660116100104515,3.864512060438084,0.0,10.61089318979413,10.660116100104515,3.8691891849757187,0.003969307931273434,0.0,0.0,5.29604053356077,2.6576741856551305,0.0,3.826600408521863,0.7584212395470773,0.02255389273102344,0.0,3.3839413439472974,0.0,0.0,0.0,5.095172346593578,0.0,0.0,0.0,0.5170155123690343,0.013334019384897774,8.6193723787805,3.592053568049884,4.646255749434279,6.509779030806379,9.873476947805887,6.039191342075727,9.873476947805887,9.873476947805887,9.873476947805887,9.873476947805887,9.873476947805887
2024-01-01 05:00:00,0.10184146348974751,3.052988422790212,7.4083307652915655,0.0,0.3692428158246825,2.331771620492138,0.0,3.1759918825376503,0.0,3.4187061947210533,0.0,0.0,0.7461067254372146,0.395731855862633,9.166190911605062,0.0,3.644519741327305,3.0615367351059137,2.191783970335699,0.651091939569566,1.081281474002541,8.554694366947912,1.8318389735164555,3.2725256093498105,3.3321679372691215,1.685192015211143,4.431119644988532,3.6443025539146094,2.357767663244963,1.6148431412258368,9.166190911605062,3.639918074987234,2.71372338406189,11.489714717116845,0.12401319278204297,1.685192015211143,1.5734401733188208,3.1454584536973598,3.49497771053092,9.03415489559979,0.013492248273755626,11.489714717116845,11.489714717116845,11.489714717116845,0.0021424444419295475,0.07700038444788304,0.0,0.565923038024942,6.4482581919385495,1.2947953819083584,1.679560323190314,0.7558964920332244,1.6397805718099123,0.6241459904829703,8.441734159515637,1.4890115060658555,6.92673523048157,11.489714717116845,0.0,11.489714717116845,11.489714717116845,0.5674597947046269,2.832384501588116,1.2737083018376774,0.40165885717980243,1.685192015211143,1.6368816683581573,6.928812125924042,7.074874395921881,0.0,0.0,11.489714717116845,0.0,3.5141064245435145,0.27398166161620674,1.6686274199549593,1.685192015211143,4.948540549926094,11.489714717116845,0.0,0.21430090150221265,1.0870356499893148,0.33482095910105497,0.0,11.489714717116845,11.489714717116845,1.095728521408287,0.0,0.3266860878117293,0.5179346379517461,0.00495519794032595,0.27965320698196494,11.489714717116845,0.9354651658811063,0.0007066501142450975,0.24435779959948864,0.38900571211050844,11.489714717116845,1.6485295816642123,11.489714717116845,1.1679163433732334,11.489714717116845,11.292994274743378,11.489714717116845,1.2243148045223646,11.486596301332527,10.271245915992106,1.685192015211143,0.8496082967987317,1.7726550199485678,11.489714717116845,11.489714717116845,11.489714717116845,11.489714717116845,4.4031571017548155,11.489714717116845,11.489714717116845,11.489714717116845,11.489714717116845,11.212549119531648,10.873815573726798,11.489714717116845,4.165258678079094,0.0,11.094901641246256,11.489714717116845,4.17029978890089,0.004278210042597365,0.0,0.0,5.708192508363388,2.2987431335409343,0.0,4.124396640472604,0.8174435996726732,0.0040271940202444585,0.0,3.64728866893206,0.0,0.0,0.0,5.4916922242834705,0.0,0.0,0.0,0.5332799403441191,0.013753484938088483,8.890523162250702,3.705053459044437,4.792419046632523,6.714565598418483,10.184079726328761,6.229174022016743,10.184079726328761,10.184079726328761,10.184079726328761,10.184079726328761,10.184079726328761
2024-01-01 06:00:00,0.10697849076967324,3.206985471494737,7.174633333580311,0.0,0.38786794504819305,2.2582153692514098,0.0,3.336193399506827,0.0,3.5911505644555977,0.0,0.0,0.7837414026204708,0.4156931296841412,8.87704139297759,0.0,3.8283544653374424,3.2159649727590094,2.3023406499188814,0.6327733584134217,1.13582283897211,8.284834642001925,1.9242395190008839,3.4375964238631735,3.5002471950536345,2.506967324429704,4.291705286255719,3.8281263226848505,2.2833913610887904,1.5639025573511156,8.87704139297759,3.823520684446853,2.703515942707096,10.732147420085086,0.13026859340731164,2.506967324429704,2.340720265613807,3.069067193990597,3.5036243240156937,8.749170482285702,0.013066632319300709,10.732147420085086,10.732147420085086,10.732147420085086,0.002074860558390125,0.0808843926103675,0.0,0.5480708706848605,6.244846461791834,1.9261957598701482,2.498589366458131,1.1245055691418642,2.439411221781181,0.9285076060715677,8.175437789284612,1.5526309941881233,6.70822983637965,10.732147420085086,0.0,10.732147420085086,10.732147420085086,0.5958404974379148,2.743036306345398,1.2335288918843135,0.59752575458968,2.506967324429704,2.435098682815516,6.710241215696262,6.851695919097813,0.0,0.0,10.732147420085086,0.0,3.4032531605365426,0.407587424438827,2.4823250886044574,2.506967324429704,4.7924377443312345,10.732147420085086,0.0,0.3188036454080649,1.6171230521003699,0.4980946956928169,0.0,10.732147420085086,10.732147420085086,1.630054958023329,0.0,0.4859928958227139,0.7705028280546831,0.007371574995815578,0.4160246700361455,10.732147420085086,1.3916399928540553,0.0010512444458710623,0.3635176368840708,0.5787023677271365,10.732147420085086,2.452426641761732,10.732147420085086,1.7374448039603778,10.732147420085086,10.54839761949594,10.732147420085086,1.8213456876417398,10.729531328285518,9.653692951301192,2.506967324429704,1.2639154585431187,1.8533259939076394,10.732147420085086,10.732147420085086,10.732147420085086,10.732147420085086,4.512220111303113,10.732147420085086,10.732147420085086,10.732147420085086,10.732147420085086,10.473256566282693,10.215459200865771,10.732147420085086,3.8906249003152653,0.0,10.400932046130775,10.732147420085086,3.895333628585073,0.003996128885849733,0.0,0.0,5.331826334270693,2.2093646374914235,0.0,3.8524570761111887,0.7635459569960121,0.005991034687300359,0.0,3.4068069262216745,0.0,0.0,0.0,5.129600863713578,0.0,0.0,0.0,0.5051053552999689,0.013026852072821575,8.420813387005484,3.5093057177969227,4.539222914954621,6.35981739737966,9.64602794781877,5.900070337514995,9.64602794781877,9.64602794781877,9.64602794781877,9.64602794781877,9.64602794781877
2024-01-01 07:00:00,0.029677285688941273,0.8896613081104887,6.259958172251057,0.0,0.1075998336858287,1.970321422459918,0.0,0.9255053414792787,0.0,0.9962339203570447,0.0,0.0,0.21742050522938317,0.11531891766100351,7.745330699102121,0.0,1.0620375027627653,0.8921523436676998,0.6387005530673937,0.5351741276302083,0.3150926755619868,7.228622831526346,0.5338101662164121,0.953635917092139,0.9710160915727728,2.124534956181159,3.741774229160497,1.0619742128936516,1.9922877932163576,1.364524727510921,7.745330699102121,1.0606965463198796,1.7839742513552972,11.954553008816182,0.036138276349111445,2.124534956181159,1.9836485216533277,2.5037075863269465,2.1504164967996244,7.633761714993575,0.011400801681134531,11.954553008816182,11.954553008816182,11.954553008816182,0.0018103420349000702,0.02243842860376987,0.0,0.4781987547514633,5.448707386895662,1.6323588203220747,2.1174350373275805,0.9529647103022181,2.067284388859625,0.7868658067284053,7.13317269625866,0.511478519372258,5.853015232017097,11.954553008816182,0.0,11.954553008816182,11.954553008816182,0.16700080563689737,2.393333811543976,1.07626953301119,0.5063745109374663,2.124534956181159,2.063629718256954,5.854770185867015,5.978191200627083,0.0,0.0,11.954553008816182,0.0,2.9693813528877104,0.3454108565683524,2.103651839397375,2.124534956181159,4.181462442438128,11.954553008816182,0.0,0.27017084835020505,1.3704344764107184,0.42211144205022094,0.0,11.954553008816182,11.954553008816182,1.3813936484412606,0.0,0.4118557452143672,0.6529643111367629,0.006247057394050338,0.3525610188503704,11.954553008816182,1.1793483634297932,0.0008908794107447846,0.30806381847209174,0.4904225904662681,11.954553008816182,2.0783143350613966,11.954553008816182,1.4724014088571529,11.954553008816182,11.74987386628117,11.954553008816182,1.5435033967045981,11.95142648400845,10.710531590770161,2.124534956181159,1.0711079267630432,1.9229697759697595,11.954553008816182,11.954553008816182,11.954553008816182,11.954553008816182,4.74019638906338,11.954553008816182,11.954553008816182,11.954553008816182,11.954553008816182,11.666174149102954,11.337052302030136,11.954553008816182,4.333772150874002,0.0,11.55871327431591,11.954553008816182,4.339017209435179,0.00445129317796619,0.0,0.0,5.939128307868113,2.416485619547895,0.0,4.2912569617120555,0.8505148373654879,0.005077115482452062,0.0,3.7948466785034376,0.0,0.0,0.0,5.713869092458578,0.0,0.0,0.0,0.5235506910096617,0.013502564035093294,8.728322955538465,3.6374578377329057,4.70498534382007,6.5920639291499405,9.998279655102554,6.115527918679689,9.998279655102554,9.998279655102554,9.998279655102554,9.998279655102554,9.998279655102554
2024-01-01 08:00:00,0.12020900908899479,3.6036080049137396,1.16537510277804,0.0,0.43583734446219646,0.36680173685239,0.0,3.7487956672281775,0.0,4.035284548667131,0.0,0.0,0.8806702797281711,0.4671037967063877,1.441897103965832,0.0,4.301824538826854,3.6136980420915457,2.5870816284736633,0.13012558369498575,1.2762952345948793,1.3457050100710883,2.162219004631474,3.862739666520035,3.933138744589676,1.943080471442462,0.7016124926470996,4.301568180730926,0.3708910711376287,0.2540245638725079,1.441897103965832,4.296392942186908,1.3677133611100882,12.35991284177535,0.14637950504111347,1.943080471442462,1.8142270116178911,0.7797140961490086,2.03339870145623,1.4211270424502958,0.002122412013837232,12.35991284177535,12.35991284177535,12.35991284177535,0.00033701942999188203,0.09088773468856809,0.0,0.08902310648609671,1.0143498976012546,1.4929406253950188,1.9365869498211412,0.8715729120741142,1.8907196199451384,0.7196603559058645,1.327935688274205,1.6142067589400928,1.0896172210557387,12.35991284177535,0.0,12.35991284177535,12.35991284177535,0.6667742555210441,0.4455511618230602,0.20036199654010822,0.4631255515830256,1.943080471442462,1.8873770912392944,1.089943929232845,1.1129204050819261,0.0,0.0,12.35991284177535,0.0,0.5527901311941751,0.3159096479300052,1.9239809615533139,1.943080471442462,0.7784352689798475,12.35991284177535,0.0,0.24709581635971103,1.2533869874711914,0.38605931026642176,0.0,12.35991284177535,12.35991284177535,1.2634101471719863,0.0,0.37667954262136427,0.5971952581092465,0.005713502237768969,0.32244912173692564,12.35991284177535,1.0786213553892954,0.000814790258165445,0.2817523843933755,0.4485360692780117,12.35991284177535,1.9008075090633516,12.35991284177535,1.3466450224087279,12.35991284177535,12.148293355844226,12.35991284177535,1.4116742579433816,12.356599675446517,11.057493023816413,1.943080471442462,0.9796256301856888,1.934494258806588,12.35991284177535,12.35991284177535,12.35991284177535,12.35991284177535,4.792404442537997,12.35991284177535,12.35991284177535,12.35991284177535,12.35991284177535,12.061755514701936,11.705549714799398,12.35991284177535,4.480723455022791,0.0,11.940442995664425,12.35991284177535,4.486146365157394,0.004602229432775715,0.0,0.0,6.140514679824055,2.4815264853752885,0.0,4.436766643579845,0.8793544394944435,0.004643483938218416,0.0,3.9235238791122238,0.0,0.0,0.0,5.907617283558776,0.0,0.0,0.0,0.46194571265478523,0.011913749084790983,7.701281723459572,3.2094467297193434,4.151360785122472,5.816391271959713,8.821805605281792,5.395928132969631,8.821805605281792,8.821805605281792,8.821805605281792,8.821805605281792,8.821805605281792
2024-01-01 09:00:00,0.14163170466032948,4.245814423823147,2.9033717755439925,0.0,0.5135088170064898,0.9138360751478823,0.0,4.416876279045816,0.0,4.754420935240348,0.0,0.0,1.037616347617071,0.5503473282261202,3.59228830692667,0.0,5.0684615670745305,4.257702627348066,3.048130784148452,0.28221532802498966,1.503746442096551,3.3526389358540247,2.547552515370937,4.551126473584676,4.634071516631635,2.126622484961402,1.741046194706235,5.0681595228733105,0.9240240890467752,0.6328672607507927,3.59228830692667,5.062061994388815,1.982055436756096,2.733829178826974,0.17246609870113483,2.126622484961402,1.9855976180270025,1.5108869498106063,2.818158809993218,3.5405425555057164,0.005287697602566823,2.733829178826974,2.733829178826974,2.733829178826974,0.0008396375540508875,0.10708502544204195,0.0,0.2217888250116571,2.527113249803433,1.6339627459280959,2.1195155898587856,0.9539010758129498,2.069315664290578,0.7876389665264852,3.3083691147014656,1.9308229498337899,2.7146314334488157,2.733829178826974,0.0,2.733829178826974,2.733829178826974,0.7862131362519617,1.1100294357706812,0.4991743553294275,0.5068720651726123,2.126622484961402,2.065657402676122,2.715445381934577,2.7726881111834407,0.0,0.0,2.733829178826974,0.0,1.3772005776359137,0.3457502508918005,2.105718848813048,2.126622484961402,1.9393644017762641,2.733829178826974,0.0,0.2704363132322362,1.37178103999755,0.4225262009513094,0.0,2.733829178826974,2.733829178826974,1.3827509803079716,0.0,0.4122604270573004,0.6536059018001708,0.006253195637181602,0.3529074387911206,2.733829178826974,1.1805071693338474,0.0008917547723876914,0.30836651628619033,0.49090447063919784,2.733829178826974,2.0803564483136214,2.733829178826974,1.4738481632671556,2.733829178826974,2.687022091038176,2.733829178826974,1.5450200146136843,2.733636051328975,2.5542975627371725,2.126622484961402,1.0721603776146327,0.7872076676571822,2.733829178826974,2.733829178826974,2.733829178826974,2.733829178826974,1.7864510551606272,2.733829178826974,2.733829178826974,2.733829178826974,2.733829178826974,2.6678812056439147,2.6956857531873135,2.733829178826974,0.991069490570633,0.0,2.7093778975374034,2.733829178826974,0.9922689577634779,0.001017944808514633,0.0,0.0,1.3581906619907131,0.6619909268937083,0.0,0.9813468966276758,0.19450014381134123,0.005082104162284983,0.0,0.8678252186607411,0.0,0.0,0.0,1.3066772164079208,0.0,0.0,0.0,0.46813145686520746,0.012073281693075503,7.804406739080879,3.2524232440221312,4.206950122220911,5.894276416578345,8.939935141834331,5.468183011181511,8.939935141834331,8.939935141834331,8.939935141834331,8.939935141834331,8.939935141834331
2024-01-01 10:00:00,0.03512705748429191,1.053033765928017,0.4960162884976222,0.0,0.12735886909599622,0.15612109413895436,0.0,1.0954599983608415,0.0,1.1791767803490056,0.0,0.0,0.2573463983703286,0.13649544274912787,0.6137117982010137,0.0,1.2570641668864957,1.055982241409593,0.7559879726873956,0.051120613934286845,0.37295454319360655,0.572769748484363,0.6318360981836902,1.1287563165274108,1.1493280896493627,1.8891502430636187,0.29792239238135265,1.2569892548175876,0.5433428367892422,0.5356642855131571,0.6137117982010137,1.2554769646555743,0.4373200006384983,0.5337238300275547,0.04277450855862792,1.8891502430636187,1.763873112998867,0.2880126576315021,0.637105412276207,0.6123471302042823,0.519113405069584,0.5337238300275547,0.5337238300275547,0.5337238300275547,0.0001434449100702957,0.026558896918107023,0.0,0.09781606673661483,0.4317357306216157,1.451504035368546,1.8828369492347992,0.8473823924904983,1.838242667805166,0.6996861716558468,0.6062241219252245,0.4746385890720518,0.4637716118894119,0.5337238300275547,0.5189739549408979,0.5337238300275547,0.5337238300275547,0.1949045910022849,0.19125024958484954,0.08527967831377858,0.45027149477373196,1.8891502430636187,1.8349929110349767,0.5905872044896833,0.47369009978510546,0.5189739549408979,0.5189739549408979,0.5337238300275547,0.5189739549408979,0.31050403074946226,0.30714157079149246,1.8705808403652864,1.8891502430636187,0.5701199613361687,0.5337238300275547,0.5189739549408979,0.24023766817512074,1.218599212350786,0.5980131243236495,0.5189739549408979,0.5337238300275547,0.5337238300275547,1.4098761338628032,0.5189739549408979,0.7841666550945537,0.9400902154698163,0.12884274008568022,0.6790868255757583,0.5337238300275547,1.2795710721153968,0.519548509782007,0.7176535474187398,0.8352621867073712,0.5337238300275547,1.859341178780469,0.5337238300275547,1.4685697670243638,0.5337238300275547,0.5334712909503505,0.5337238300275547,1.5144255706690708,0.5341549354723992,0.6196692586615193,1.8891502430636187,1.2097635693932889,0.8109424427251735,0.5337238300275547,0.5337238300275547,0.5337238300275547,0.5337238300275547,1.1102924360139947,0.5337238300275547,0.5337238300275547,0.5337238300275547,0.5337238300275547,0.5208488467980175,0.6188688179171636,0.5337238300275547,0.1934859019091236,0.0,0.5883047706319344,0.5337238300275547,0.19372007316938947,0.00019873275410361025,0.0,0.0,0.2651587478982068,0.22749728772321065,0.0,0.1915877657281116,0.037972146357894074,0.004514603970073964,0.0,0.1694249966623192,0.0,0.0,0.0,0.25510180882999445,0.0,0.0,0.0,0.40594837015517293,0.010469557116601769,6.767727631407966,2.820395629481812,3.648130285616386,5.1113247560353985,7.752420921300254,4.741830416532985,7.752420921300254,7.752420921300254,7.752420921300254,7.752420921300254,7.752420921300254
2024-01-01 11:00:00,2.5798604811263743,3.3128418511607682,1.0009274087688784,2.5427350224258385,2.677339420670262,0.6100249379488906,2.5427350224258385,3.7005164547425418,2.5427350224258385,3.7889959390726258,2.5427350224258385,2.5427350224258385,2.8147220252854352,0.8040907937708881,1.1362852082055046,2.5427350224258385,3.871314389841903,3.3209124258383618,2.4997673413018124,0.5040921678486768,2.9369071928874035,1.0891990808924326,3.210516688428349,3.5201098115725125,3.5764189219139992,2.516613046549066,0.7755517806584876,3.8712352159765246,0.292280244429404,0.2001837396408454,1.1362852082055046,3.8696368906406162,1.4368598300679956,6.841239444382708,0.5472617889625028,2.516613046549066,2.375898693244089,0.9141668845088828,1.957073077922698,1.1199173872225023,0.001672564131246117,6.841239444382708,6.841239444382708,6.841239444382708,0.3959041996570875,0.46884540107561457,0.395144479802753,0.39488791464045436,0.9239581693481227,2.0250380634667002,2.5095217996639607,1.3464737776215001,2.459432406099248,1.1805777502333012,1.0464780571956342,1.7147667572667917,0.9638438489947435,6.841239444382708,0.0,6.841239444382708,6.841239444382708,0.935668255426605,0.622608453731776,0.5210172860316608,0.9004290515514557,2.516613046549066,2.4557821993769258,0.8589289493364688,0.9752507811596433,0.0,0.0,6.841239444382708,0.0,0.6217854014492963,0.7396620010822971,2.49575543677939,2.516613046549066,0.6134449394859415,6.841239444382708,0.0,0.6645138923622464,1.7634336386557647,0.6469320638742921,0.0,6.841239444382708,6.841239444382708,1.6363267019791294,0.0,0.48818631018959335,0.7734673885015524,0.3071536599412936,0.46877899002189966,6.841239444382708,1.396994419507508,0.0010552891782078515,0.36491629496656836,0.5809289632533396,6.841239444382708,2.4618625150074815,6.841239444382708,1.7441297374309581,6.841239444382708,6.724107584887812,6.841239444382708,1.8283534352956854,6.839863958432978,6.212532928929026,2.516613046549066,1.268778456627167,1.3759196936796603,6.841239444382708,6.841239444382708,6.841239444382708,6.841239444382708,3.2695680074761633,6.841239444382708,6.841239444382708,6.841239444382708,6.841239444382708,6.676208695969003,6.569575664830237,6.841239444382708,2.480090469268201,0.0,6.667093379139984,6.841239444382708,2.483092062175134,0.0025473443001303438,0.0,0.0,3.398788630162326,1.469597342116292,0.0,2.4557602756703645,0.4867246520322815,0.00601408558837834,0.0,2.1716792558631433,0.0,0.0,0.0,3.2698793996345157,0.0,0.0,0.0,0.41165587053735553,0.010616755641432517,6.862879652902729,2.8600494631134645,3.6994217958925537,5.183188298651373,7.861417406134639,4.8084989904313415,7.861417406134639,7.861417406134639,7.861417406134639,7.861417406134639,7.861417406134639
2024-01-01 12:00:00,5.730598812649286,4.382719518948882,0.7432175366008389,5.744935130413289,5.692956474978211,0.2339276706997447,5.744935130413289,5.297847792076519,5.744935130413289,5.263680672063726,5.744935130413289,5.744935130413289,5.63990499106534,0.5680931234498187,0.9195693395944097,5.744935130413289,5.231892688578105,4.394991054261766,3.146416906268637,0.10147772800807073,5.592722129220606,0.8582228676348621,5.487065450256345,4.6978762701135395,4.783495852807082,0.2949420219488903,0.45050354825465005,5.231923262252678,0.981551677161298,0.9883150931286586,0.9195693395944097,5.23254046943901,1.5001654066327659,6.451483786135069,0.1810569431752285,0.2949420219488903,0.29969885391938017,0.6874136866597782,2.286962371653781,0.9207713654697836,1.002893427640089,6.451483786135069,6.451483786135069,6.451483786135069,0.35596926571974424,0.46210249117108027,0.361845563762099,0.4742875886614926,0.6780590474927243,0.31155965576163436,0.2951817407060848,0.3344984407052375,0.2968750066956223,0.34010653617185344,0.9261646291824114,1.9504528521178777,0.6949029758233463,6.451483786135069,1.0030162580013247,6.451483786135069,6.451483786135069,1.097282943505637,0.5394961003265198,0.20495431299187222,0.34957692959712594,0.2949420219488903,0.29699840149954826,0.9399379274598127,0.7097645727337427,1.0030162580013247,1.0030162580013247,6.451483786135069,1.0030162580013247,0.6708739624567526,0.35501164060926826,0.29564711096539853,0.2949420219488903,0.9579658697336986,6.451483786135069,1.0030162580013247,0.3575520134830051,0.3204031622152027,0.6254484465547525,1.0030162580013247,6.451483786135069,6.451483786135069,0.542619384105725,1.0030162580013247,0.8652295589567339,0.7853934768686788,0.5176329524234751,0.8030367586943186,6.451483786135069,0.6099579140820197,1.0027193418426414,0.9003434108046311,0.8395660873760086,6.451483786135069,0.31034663127010975,6.451483786135069,0.5122879225104037,6.451483786135069,6.358198185162297,6.451483786135069,0.4885907432381055,6.449525643184314,5.777267990696528,0.2949420219488903,0.6460327568516369,1.5244490723536863,6.451483786135069,6.451483786135069,6.451483786135069,6.451483786135069,2.4457570890749087,6.451483786135069,6.451483786135069,6.451483786135069,6.451483786135069,6.295855086648609,6.06474300189778,6.451483786135069,2.338796000448371,0.0,6.20356930171334,6.451483786135069,2.3416265881114815,0.002402218279830632,0.0,0.0,3.205154551050944,1.2473297545692936,0.0,2.315851934422608,0.4589952195689931,0.0007048388174107026,0.0,2.0479554358225105,0.0,0.0,0.0,3.083589472472064,0.0,0.0,0.0,0.40312290779976107,0.010396687407827017,6.720623218482464,2.800765247235363,3.622738744357809,5.075749158875242,7.698462893415899,4.708826556134335,7.698462893415899,7.698462893415899,7.698462893415899,7.698462893415899,7.698462893415899
2024-01-01 13:00:00,2.7707317629759176,0.7087916308515071,0.27168036929197137,2.8260585276622585,2.6254623295792383,0.0855113783428527,2.8260585276622585,1.1006576004792112,2.8260585276622585,0.9687997385040638,2.8260585276622585,2.8260585276622585,2.42072586830474,0.09187438294981157,0.3361451062002584,2.8260585276622585,0.8461234480427637,0.7107762345866685,0.5088516298363907,0.02917106272155703,2.2386376126254204,0.31372013459240916,1.8308870095191025,0.7597600915677506,0.7736068466219587,0.920971295323963,0.1633726447900192,0.846241438068273,1.5035694463819171,1.6309569689087893,0.3361451062002584,0.8486233660725927,0.27929822116056857,1.5910737407848976,0.04040912885907938,0.920971295323963,0.9531390633523265,0.16979451019712388,0.41166843227927763,0.35878501168825755,1.9055368446611047,1.5910737407848976,1.5910737407848976,1.5910737407848976,1.364259840789317,1.3659916839561597,1.3875388087224914,1.3979392547305753,0.35595044046683894,1.0333469674067406,0.9225923778892756,1.1884690144952261,0.9340429794450309,1.2263933967669092,0.4603660036014086,0.318300592292758,0.2540191636990007,1.5910737407848976,1.9078503287768802,1.5910737407848976,1.5910737407848976,1.2302398412125788,1.077006216425891,0.34264062186997196,1.290436318764453,0.920971295323963,0.9348774288124293,0.7197831905745276,0.2594517644357261,1.9078503287768802,1.9078503287768802,1.5910737407848976,1.9078503287768802,1.0686068031833293,1.3271881998954957,0.9257394141188021,0.920971295323963,1.059335705695665,1.5910737407848976,1.9078503287768802,1.3443673068757027,1.0931506068711017,1.5249744166429673,1.9078503287768802,1.5910737407848976,1.5910737407848976,1.2661718171452438,1.9078503287768802,1.7161256890120435,1.604538403322757,1.5238345978511072,1.6790424060358955,1.5910737407848976,1.3600249472176462,1.9074365016429746,1.7647499657863694,1.6800415225933414,1.5910737407848976,0.942441481899879,1.5910737407848976,1.2238973182603723,1.5910737407848976,1.5964974116120334,1.5910737407848976,1.1908693556752823,1.5908606087328265,1.5645104432561787,0.920971295323963,1.4103042882129164,1.6598329466926316,1.5910737407848976,1.5910737407848976,1.5910737407848976,1.5910737407848976,1.3838470853997678,1.5910737407848976,1.5910737407848976,1.5910737407848976,1.5910737407848976,1.5526923784078324,1.5489793385696071,1.5910737407848976,0.5767970632373591,0.0,1.564089744145325,1.5910737407848976,0.5774951466319798,0.0005924383523812154,0.0,0.0,0.7904595919924704,0.3641626489027559,0.0,0.5711385663441513,0.11319802780431784,0.002200894651687958,0.0,0.5050695660489207,0.0,0.0,0.0,0.760479046317228,0.0,0.0,0.0,0.3760463777473461,0.00969837378288308,6.269219557153977,2.6126464305686694,3.3794104874273545,4.734826646212996,7.181380738425796,4.392549109995968,7.181380738425796,7.181380738425796,7.181380738425796,7.181380738425796,7.181380738425796
2024-01-01 14:00:00,0.12384367037031938,3.712567346545401,0.0,0.0,0.4490154010228265,0.0,0.0,3.862144929205573,0.0,4.157296140138693,0.0,0.0,0.9072983851555397,0.48122723135671,0.0,0.0,4.4318952815176145,3.7229624679072897,2.6653050952329465,0.03293135298171505,1.3148855275178226,0.0,2.227596248462342,3.9795341598124874,4.052061837104765,1.1273368749080717,0.005432893964608352,4.431631172132057,3.0456104133018767,3.377942669687929,0.0,4.426299454141947,1.1183131595793203,4.009479867620627,0.16938311012426566,1.1273368749080717,1.201677081579373,0.33866290713165725,1.7634982991196924,0.05906364081777751,4.09427459809732,4.009479867620627,4.009479867620627,4.009479867620627,2.1814131681838576,2.2493580452926714,2.2187633636349804,2.3233965283985922,0.1910531609920331,1.3870387814902765,1.1310832216496396,1.745528218173151,1.1575457379614646,1.8331720489006194,0.3240710730905069,1.640305259291698,0.0,4.009479867620627,4.100310082429364,4.009479867620627,4.009479867620627,2.4439470136899337,1.5593654680051805,0.473212348025356,1.9811762266518869,1.1273368749080717,1.1594741632838075,1.0008461400827442,0.0,4.100310082429364,4.100310082429364,4.009479867620627,4.100310082429364,1.6548204621390004,2.0661103892096313,1.1383560707792026,1.1273368749080717,1.8866805709074943,4.009479867620627,4.100310082429364,2.1058115696648905,1.5252459121048902,2.8202245250274807,4.100310082429364,4.009479867620627,4.009479867620627,2.167253488605184,4.100310082429364,3.522460646480427,3.186582870349704,2.685021899413494,3.3669227007405116,4.009479867620627,2.4499860542885497,4.0990634281384715,3.6692202216296645,3.414036026275365,4.009479867620627,1.1920158145622564,4.009479867620627,2.03990155560649,4.009479867620627,4.011035011545256,4.009479867620627,1.9404048143281445,4.008563176367581,3.82978806435472,1.1273368749080717,2.6014525751120425,3.4595556319758147,4.009479867620627,4.009479867620627,4.009479867620627,4.009479867620627,2.7984324899306365,4.009479867620627,4.009479867620627,4.009479867620627,4.009479867620627,3.912759460641388,3.8284298099779166,4.009479867620627,1.4535191886279446,0.0,3.893420394390937,4.009479867620627,1.4552783473928117,0.0014929349820750712,0.0,0.0,1.9919452750806832,0.8381236529749058,0.0,1.4392598687782445,0.2852571831849067,0.0026940575794634474,0.0,1.272767065982776,0.0,0.0,0.0,1.9163947891265465,0.0,0.0,0.0,0.0912606662939735,0.0023536460015806133,1.5214430660291587,0.634049064566348,0.8201308961169449,1.1490695299561557,1.7428105411502552,1.0660040415987264,1.7428105411502552,1.7428105411502552,1.7428105411502552,1.7428105411502552,1.7428105411502552
2024-01-01 15:00:00,0.14177740410694228,4.253272708829488,0.003651663293413181,0.0,0.5140370740845789,0.01419737406840395,0.0,4.421420010487569,0.0,4.759311905810039,0.0,0.0,1.0386837648878495,0.5678871752851892,0.0,0.0,5.073675597699045,4.265128480280616,3.058856456367441,0.05530360091739736,1.5052933769794212,0.0012702827872037572,2.550173235022634,4.557751840235775,4.640470601847446,2.0649802831063764,0.016041893538823352,5.073373242778744,0.6748263461473075,0.7484623441411392,0.0,5.0672694416413275,1.2907650562276263,4.258150860857756,0.2129440416045541,2.0649802831063764,2.1051262656128533,0.39933506435070604,2.026086345944107,0.013086933492588873,0.9071824666380573,4.258150860857756,4.258150860857756,4.258150860857756,2.5914108483075995,2.6679128038616935,2.635459533667622,2.302063800990379,0.23094046589846934,2.2052272458925684,2.067003424788174,2.3988224926405612,2.081293991959035,2.446152838529199,0.07180553927401724,1.8895396929716888,0.004652098248620203,4.258150860857756,0.9085197696040685,4.258150860857756,4.258150860857756,2.8744221603270237,1.8397483737593214,0.5744185300225038,2.526079615665556,2.0649802831063764,2.0823354005415817,0.22176091230113948,0.0043443636692284855,0.9085197696040685,0.9085197696040685,4.258150860857756,0.9085197696040685,1.3912469125740414,2.5719466579690824,2.070930985485156,2.0649802831063764,0.4180382856756487,4.258150860857756,0.9085197696040685,2.593386508184869,2.279863318300295,1.7941571271108394,0.9085197696040685,4.258150860857756,4.258150860857756,1.6604618373856945,0.9085197696040685,1.134151851839367,1.2639516444051493,2.250045373146013,1.3287853845081599,4.258150860857756,1.5504813480671853,0.9090047071937378,1.076209946066074,1.1754743608446898,4.258150860857756,2.0398207426248036,4.258150860857756,1.7100006228206202,4.258150860857756,4.2008003585796025,4.258150860857756,1.748703982884365,4.257453303418675,3.945476954390614,2.0649802831063764,1.4915621993823613,1.56616510071389,4.258150860857756,4.258150860857756,4.258150860857756,4.258150860857756,2.476954822385677,4.258150860857756,4.258150860857756,4.258150860857756,4.258150860857756,4.155431780618163,4.120380576549803,4.258150860857756,1.5436675550642711,0.0,4.16983524896748,4.258150860857756,1.545535818194733,0.0015855279460226313,0.0,0.0,2.115487237226081,0.9479486235379908,0.0,1.5285238613438985,0.30294905081179474,0.0049347944762287285,0.0,1.3517050481917419,0.0,0.0,0.0,2.0352510526272187,0.0,0.0,0.0,0.3684502267440893,0.009502466266948159,6.142581085819709,2.559870874203509,3.311146268215183,4.63918296950926,7.03631657685152,4.303819452423868,7.03631657685152,7.03631657685152,7.03631657685152,7.03631657685152,7.03631657685152
2024-01-01 16:00:00,0.16235068642293984,4.8669250136137086,0.00865800265979578,0.0,0.5886288605024933,0.002725105766988888,0.0,5.063011120765963,0.0,5.449934421329236,0.0,0.0,1.1894068964523283,0.6308563942150164,0.010712386880008478,0.0,5.809915346964837,4.880552315546104,3.494034942954445,0.04390005163948699,1.7237261082603472,0.00999774023721793,2.920228211337808,5.216900472645677,5.311979358452704,2.0753864178094665,0.012295517334086275,5.809569117400518,2.098122641822805,2.3258975919604494,0.010712386880008478,5.802579595264105,1.4681297387007082,5.139290190571964,0.22048237157562742,2.0753864178094665,2.1206373779967085,0.4473147706156255,2.3142168571268584,0.051193614879102005,2.816859471646044,5.139290190571964,5.139290190571964,5.139290190571964,2.6756363403817605,2.7668725932915086,2.721446087152336,2.595458741841893,0.24187411950976873,2.2334672351962563,2.077666822920524,2.4516801236619807,2.0937745837904287,2.505029013482018,0.23282526065563083,2.1504931566932517,0.00809516933695526,5.139290190571964,2.8209960912981282,5.139290190571964,5.139290190571964,3.055568766749588,1.9091094863276268,0.581911836103527,2.5951193085572073,2.0753864178094665,2.094948418265644,0.6966755315107328,0.008268297309913911,2.8209960912981282,2.8209960912981282,5.139290190571964,2.8209960912981282,1.7137710102828794,2.6468188205780816,2.0820938136587235,2.0753864178094665,1.303811581154164,5.139290190571964,2.8209960912981282,2.6709849699151533,2.317594057612654,2.649315177223982,2.8209960912981282,5.139290190571964,5.139290190571964,2.336193304609702,2.8209960912981282,2.6764026807366155,2.5918369967819554,2.770776289047569,2.689068136429329,5.139290190571964,2.4071014902100516,2.8206834354368397,2.7128804952537484,2.6488813296722253,5.139290190571964,2.091607634655668,5.139290190571964,2.3042539541503433,5.139290190571964,5.099597661036698,5.139290190571964,2.2793005732755844,5.138315688683692,4.823991985781279,2.0753864178094665,2.4450886819041964,2.9487713427494184,5.139290190571964,5.139290190571964,5.139290190571964,5.139290190571964,3.2446515648391094,5.139290190571964,5.139290190571964,5.139290190571964,5.139290190571964,5.041716972124726,4.9468223095289465,5.139290190571964,2.560792875859064,1.0944575931747096,5.015911489795359,5.139290190571964,2.5625675456294736,1.0959636917911557,1.0944575931747096,1.0944575931747096,3.1039664189813747,1.9295488146827364,1.0944575931747096,2.546407827511382,1.3822299704613297,1.0968017715598413,1.0944575931747096,2.3784470100952353,1.0944575931747096,1.0944575931747096,1.0944575931747096,3.027749782802617,1.0944575931747096,1.0944575931747096,1.0944575931747096,1.4608804884351259,1.103907773820325,7.20324022503134,3.6402432356678993,4.38738487117263,5.7081142880071525,8.092058096348119,5.374596048702345,8.092058096348119,8.092058096348119,8.092058096348119,8.092058096348119,8.092058096348119
2024-01-01 17:00:00,0.03572266129898209,1.0708886895368268,0.5014265619827257,0.0,0.12951832774983094,0.1578239773620915,0.0,1.114034288397973,0.0,1.1991705469457103,0.0,0.0,0.26170988644884724,0.13880981839603657,0.6204058297203398,0.0,1.2783785685679558,1.0738871584812804,0.7688062772263928,0.05173470416038639,0.379278248181748,0.5790172065924031,0.6425493209039665,1.1478951689143495,1.1688157508299744,2.2395097784401585,0.3011812866277321,1.2783023863125533,5.838861666289436,6.408291425080478,0.6204058297203398,1.2767644542136993,0.4440085435311545,5.026233623576411,0.06553023290513435,2.2395097784401585,2.2678084776880287,0.29173512698007775,0.64707993726758,0.7216075460686879,7.635679707049245,5.026233623576411,5.026233623576411,5.026233623576411,2.586991288826917,2.5833896754839443,2.631138307761046,3.1149456709977246,0.6630067884139735,2.338369150475042,2.240935880740178,2.474833457025637,2.251009228985782,2.5081963775466174,1.1756805869401634,0.48262967413638336,0.4688301781363973,5.026233623576411,7.646021117855276,5.026233623576411,5.026233623576411,2.2823440245927156,2.049535574290204,0.647372515733511,2.564536356962202,2.2395097784401585,2.2517433126083937,2.335290753416181,0.4788568514552691,7.646021117855276,7.646021117855276,5.026233623576411,7.646021117855276,2.6036968029978773,2.5968678022152214,2.243704398335275,2.2395097784401585,3.8531105755383495,5.026233623576411,7.646021117855276,2.6119806437823208,2.390979738988295,4.718063342514351,7.646021117855276,5.026233623576411,5.026233623576411,4.130653953495541,7.646021117855276,6.593849567656944,5.984359142314091,3.847991319721732,6.1033954359898095,5.026233623576411,4.644818298643982,7.643754010118484,6.862061069098675,6.397994913933817,5.026233623576411,2.3571319015649226,5.026233623576411,3.899057628270689,5.026233623576411,5.071088153692049,5.026233623576411,3.718117464196783,5.025347281233248,4.982791982097991,2.2395097784401585,4.920268296074914,6.178310902880291,5.026233623576411,5.026233623576411,5.026233623576411,5.026233623576411,4.491945529024396,5.026233623576411,5.026233623576411,5.026233623576411,5.026233623576411,4.969842966863286,4.851177592674425,5.026233623576411,3.536038268502467,2.6885966152694234,4.914016532918209,5.026233623576411,3.537063906432576,2.689467037414021,2.6885966152694234,2.6885966152694234,3.849955481578972,3.1034943924995844,2.6885966152694234,3.527724692952897,2.8549093965564794,2.68752340829507,2.6885966152694234,3.4306548110027446,2.6885966152694234,2.6885966152694234,2.6885966152694234,3.8059074709159892,2.6885966152694234,2.6885966152694234,2.6885966152694234,2.96392651106722,2.6956974741024347,7.278731421898055,4.601498087141222,5.162899766213471,6.155294885125725,7.946588521053791,5.904689523773523,7.946588521053791,7.946588521053791,7.946588521053791,7.946588521053791,7.946588521053791
2024-01-01 18:00:00,0.10053195685069287,3.0137322252493823,1.6138472759150884,0.0,0.3644949861865673,0.5079583238126714,0.0,3.1351540713627806,0.0,3.3747474935637873,0.0,0.0,0.7365130719593096,0.39064342257838724,1.9967834458089666,0.0,3.597657465060878,3.0221706209226227,2.163601385736283,0.16266851124424017,1.067378047830394,1.8635736764166582,1.8082846645415034,3.2304465399307887,3.289321969754739,3.5277814387656683,0.9687219575777293,3.5974430703059967,6.205142683827122,6.6643522777874376,1.9967834458089666,3.5931149682615477,1.2986362614948763,5.580340464510031,0.15454140993879623,3.5277814387656683,3.5516478385418693,0.8994602528846125,1.8769866078042807,2.0783963196620623,7.654164394019592,5.580340464510031,5.580340464510031,5.580340464510031,3.7723720756760235,3.80349314021284,3.8364879921502832,4.206811267283796,1.7350550376388707,3.6111569068019342,3.5289841770016523,3.7262474156197083,3.5374797814889356,3.7543848502021566,2.4445779136300594,1.3620674810160462,1.508935431861458,5.580340464510031,7.662504097001214,5.580340464510031,5.580340464510031,3.5967837803450737,3.315106550913967,1.0957040987507551,3.801900549080665,3.5277814387656683,3.5380988888568377,3.3797312059874285,1.5412063976399106,7.662504097001214,7.662504097001214,5.580340464510031,7.662504097001214,3.709884551328471,3.829168063781327,3.531319073992263,3.5277814387656683,4.603758249641481,5.580340464510031,7.662504097001214,3.841913848152386,3.6555273326975,5.435785298888057,7.662504097001214,5.580340464510031,5.580340464510031,4.974066516091996,7.662504097001214,6.857865280916648,6.391719483916164,4.783372543912563,6.487102270872924,5.580340464510031,5.367282554028224,7.660770287315173,7.062957148285109,6.708054563934297,5.580340464510031,3.6177349831239694,5.580340464510031,4.796949237803835,5.580340464510031,5.6159901008119135,5.580340464510031,4.65857213116076,5.579687629827637,5.556194746949484,3.5277814387656683,5.577937683387817,6.530357675038165,5.580340464510031,5.580340464510031,5.580340464510031,5.580340464510031,5.225172765780743,5.580340464510031,5.580340464510031,5.580340464510031,5.580340464510031,5.474193277818729,5.451403097118578,5.580340464510031,2.775265053414009,1.1800797404758825,5.4976870639316875,5.580340464510031,2.7771956672282587,1.181718183212112,1.1800797404758825,1.1800797404758825,3.366168422239098,2.1739174422945773,1.1800797404758825,2.759615959976034,1.493139294547679,1.185690169528079,1.1800797404758825,2.576896064836612,1.1800797404758825,1.1800797404758825,1.1800797404758825,3.283254466563604,1.1800797404758825,1.1800797404758825,1.1800797404758825,1.5626768942158076,1.1899470611703793,7.5585099040801165,3.8382388059939707,4.6183599907838735,5.9973876723984665,8.486561049785132,5.649147617726984,8.486561049785132,8.486561049785132,8.486561049785132,8.486561049785132,8.486561049785132
2024-01-01 19:00:00,0.11108893348812976,3.5080227195757305,1.511400581906794,0.0,0.4027710247137926,1.2264367925958968,0.0,3.4643802132083814,0.0,3.7291336167714952,0.0,0.0,0.8138551583705891,1.40825474514368,1.6100749938626295,0.0,3.97545162124701,3.514777608305466,2.827497718260884,1.1519738748809893,1.1794646466319452,1.5757497023520335,1.9981747209516456,3.681501321255417,3.728630774859645,2.5561677959859326,1.3475596123813594,3.9752147126518595,6.283540441032476,6.793501698853491,1.6100749938626295,3.970432111624211,1.9229498603255617,7.005024176982863,1.2213754914082822,2.5561677959859326,2.6826889965449143,1.4765464958682406,2.3562720258034675,1.700707690461101,7.892707461187481,7.005024176982863,7.005024176982863,7.005024176982863,4.363883091389014,4.386118186338533,4.419721281512869,4.68484077109183,1.7437464223489842,2.9981600701467954,2.5625437842791747,3.608280971711896,2.6075809113400044,3.7574438968871933,2.1073595302895214,2.169304789560296,1.4843670569147225,7.005024176982863,7.901968864865231,7.005024176982863,7.005024176982863,4.174873511465193,3.592854685225126,1.8760159313540756,4.009335398072166,2.5561677959859326,2.6108629399742527,3.1458655970143394,1.4926825904730128,7.901968864865231,7.901968864865231,7.005024176982863,7.901968864865231,3.868213556704144,4.153886680567133,2.57492160302032,2.5561677959859326,4.505171628505273,7.005024176982863,7.901968864865231,4.22145497556822,3.2333777655789406,5.560054338486494,7.901968864865231,7.005024176982863,7.005024176982863,4.426076119069113,7.901968864865231,6.862830344128709,6.258965862133136,5.275175929860308,6.569261598418348,7.005024176982863,4.934466860032861,7.8997272147138204,7.126811983930052,6.667956875234509,7.005024176982863,2.6724691282221547,7.005024176982863,4.197080412741885,7.005024176982863,7.020381160174263,7.005024176982863,4.018172044334741,7.003609178580343,6.766596814655598,2.5561677959859326,5.206823801181602,6.659408420998938,7.005024176982863,7.005024176982863,7.005024176982863,7.005024176982863,5.325942674128461,7.005024176982863,7.005024176982863,7.005024176982863,7.005024176982863,6.8502878174083905,6.7255565356270255,7.005024176982863,2.9159176167952183,0.5905317458672066,6.825875561054166,7.005024176982863,2.918731974506177,0.5929201903684509,0.5905317458672066,0.5905317458672066,3.7773086625908636,1.942193384049539,0.5905317458672066,2.8931051068765594,1.0468951902226,0.5952291320852531,0.5905317458672066,2.62674466646349,0.5905317458672066,0.5905317458672066,0.5905317458672066,3.656440610793534,0.5905317458672066,0.5905317458672066,0.5905317458672066,1.0233269821573714,0.6016936934922236,7.805834219585895,3.5974505627274316,4.47992637104361,6.039887299871569,8.855648916241456,5.645956934018152,8.855648916241456,8.855648916241456,8.855648916241456,8.855648916241456,8.855648916241456
2024-01-01 20:00:00,0.030729252268078443,1.1155999747441452,1.9619695444530285,0.0,0.11141390988351778,1.4382866782939643,0.0,0.9583115993781246,0.0,1.0315472842611073,0.0,0.0,0.2251273793524994,1.1870998757167401,2.143305211677805,0.0,1.0996833970135675,1.1153699617707415,1.138772758973578,1.2613904793946407,0.3262617213937502,2.0802250319697686,0.552732060231557,1.1096927969073576,1.1080879761335258,3.149203063668438,1.6542681413006184,1.0996178637173493,5.169081351562681,5.499249322979893,2.143305211677805,1.0982949078759208,1.358076203908908,6.586317512916566,1.215203899864991,3.149203063668438,3.186670631578703,1.486001821674472,1.3696609876952213,2.201984205662269,6.2109162018926884,6.586317512916566,6.586317512916566,6.586317512916566,3.6394857817497392,3.6084386426312136,3.6810684676170666,3.90620232898472,2.0767649206165557,3.280093187021435,3.151091227654526,3.4607723634113676,3.164428372806324,3.504944976412252,2.4652658000385035,1.175907797175293,1.9122895697289932,6.586317512916566,6.216912380656981,6.586317512916566,6.586317512916566,3.1499130050136226,3.236561652605476,1.8587764193773302,3.579539288551005,3.149203063668438,3.1654003018600623,3.1376334281600613,1.927571169043692,6.216912380656981,6.216912380656981,6.586317512916566,6.216912380656981,3.4747055156451463,3.6223462250127816,3.1547567537656906,3.149203063668438,4.017698939156315,6.586317512916566,6.216912380656981,3.642355675368525,3.3497497737307222,4.675749847195811,6.216912380656981,6.586317512916566,6.586317512916566,4.222257431147786,6.216912380656981,5.620164244777596,5.274068538475243,4.307088832999325,5.383457770246958,6.586317512916566,4.513999490500577,6.215626000755016,5.77208550529569,5.508769666573654,6.586317512916566,3.2159430481688402,6.586317512916566,4.090847329499974,6.586317512916566,6.579992765712453,6.586317512916566,3.9881800469770807,6.585224308048066,6.347440218773964,3.149203063668438,4.670292610117849,5.612807969307363,6.586317512916566,6.586317512916566,6.586317512916566,6.586317512916566,5.0219522351125105,6.586317512916566,6.586317512916566,6.586317512916566,6.586317512916566,6.51093227587973,6.37040533550746,6.586317512916566,4.594166035679121,3.461272864584128,6.447910191205421,6.586317512916566,4.595537148607786,3.4624364789755404,3.461272864584128,3.461272864584128,5.0138228529086915,4.0351421154251215,3.461272864584128,4.583052122489277,3.683606300127575,3.4605270945918645,3.461272864584128,4.453285304961742,3.461272864584128,3.461272864584128,3.461272864584128,4.954937748205571,3.461272864584128,3.461272864584128,3.461272864584128,3.765754448158475,3.4691255561196708,8.537407116886424,5.576710665806317,6.197553062052138,7.2950221053694255,9.275976339683973,7.017882868253021,9.275976339683973,9.275976339683973,9.275976339683973,9.275976339683973,9.275976339683973
2024-01-01 21:00:00,0.1090626040563443,3.269462713258162,1.6227024873170053,0.0,0.39542423727042264,0.5107455010182554,0.0,3.401187819794419,0.0,3.6611119609192304,0.0,0.0,0.7990099473415988,0.42379150131491944,2.0077398354254874,0.0,3.9029369758018553,3.2786171496683494,2.347193953647663,0.16568278476234544,1.157950497092683,1.8737991414367976,1.961726803775929,3.5045663383725407,3.568437647483464,3.0949089090477924,0.9743873854572243,3.9027043885629724,4.502507595804151,4.774732761355436,2.0077398354254874,3.8980090250748205,1.3778128226371813,1.4060919214512488,0.16704920684913918,3.0949089090477924,3.1644949412207226,0.92621505478764,2.000904714295726,2.056120963319987,5.361505709372833,1.4060919214512488,1.4060919214512488,1.4060919214512488,4.021302951165922,4.055939633755294,4.089678461841059,4.153467504543045,1.7645643818071797,3.338002465495721,3.098415670954473,3.67356593231482,3.12318586724399,3.7556048006183014,2.2731979720559714,1.4752231088014052,1.5172149899338905,1.4060919214512488,5.366449589149475,1.4060919214512488,1.4060919214512488,3.8446252340269953,3.487855587152162,1.151226403571966,3.8941438757148426,3.0949089090477924,3.124990966698676,2.8275684886480397,1.5496630271294325,5.366449589149475,5.366449589149475,1.4060919214512488,5.366449589149475,3.5023092527860844,3.9736463634393715,3.1052234098104643,3.0949089090477924,3.5531869621740304,1.4060919214512488,5.366449589149475,4.010808590236483,3.4673710302079526,4.4601547175545875,5.366449589149475,1.4060919214512488,1.4060919214512488,3.8894713645554444,5.366449589149475,4.925093899700259,4.668303865029295,4.431511248241206,4.831083893641086,1.4060919214512488,4.105497033039269,5.365497065955313,5.0370695082565415,4.84209254741484,1.4060919214512488,3.14432773401353,1.4060919214512488,3.7921663852289376,1.4060919214512488,1.4738989411665513,1.4060919214512488,3.716144544608399,1.4066290647381854,1.7179326116116675,3.0949089090477924,4.221227091707,4.397417411353028,1.4060919214512488,1.4060919214512488,1.4060919214512488,1.4060919214512488,3.1249348005022477,1.4060919214512488,1.4060919214512488,1.4060919214512488,1.4060919214512488,1.4195576220535653,1.5121797920827382,1.4060919214512488,1.7619403130114386,1.964303545601922,1.4740979886232788,1.4060919214512488,1.76169539773472,1.9640956947862025,1.964303545601922,1.964303545601922,1.6869790436879355,1.9334480139078913,1.964303545601922,1.7639255376179683,1.9245891984088561,1.9670054140642852,1.964303545601922,1.787105157151264,1.964303545601922,1.964303545601922,1.964303545601922,1.6974974053862715,1.964303545601922,1.964303545601922,1.964303545601922,2.2755344455261666,1.9723303044775955,7.152958350054367,4.126633374812705,4.761237725678248,5.883033907834651,7.90789912896523,5.59975144076552,7.90789912896523,7.90789912896523,7.90789912896523,7.90789912896523,7.90789912896523
2024-01-01 22:00:00,0.13113201107154687,4.266301786971024,0.6172956752993243,0.0,0.47544046750355135,1.6096793985619762,0.0,4.089436546107736,0.0,4.401957741128279,0.0,0.0,0.9606939259119928,2.3507724986782423,0.27366296124718853,0.0,4.692717353951963,4.272463985537018,3.6454876840286907,1.963040052546693,1.3922680346658014,0.3932004669553163,2.3586928184769596,4.4245589594090395,4.4675531615396595,3.7726055771259213,1.2033853892299609,4.692437701429009,5.382849421919851,5.940355876900611,0.27366296124718853,4.686792205777766,2.377719985487768,4.688074468994576,2.190835679432161,3.7726055771259213,3.947814078729969,1.7058167529784398,2.7111774594775397,0.372745612352608,7.142043845260612,4.688074468994576,4.688074468994576,4.688074468994576,6.284770369809024,6.291000112050758,6.357438736063566,6.120713169672114,1.1745438909409378,4.384683266352313,3.781435143634683,5.229588060870906,3.8438032488535434,5.436151170447605,0.8173108065849055,3.0104785988384686,0.7114396725047964,4.688074468994576,7.15216871700987,4.688074468994576,4.688074468994576,5.871513273876297,4.519394433750823,2.731886903370527,5.784974389753364,3.7726055771259213,3.84834825251054,1.9526398670896787,0.6824809048892788,7.15216871700987,7.15216871700987,4.688074468994576,7.15216871700987,4.1672624171089465,5.985151225722288,3.798576137121791,3.7726055771259213,3.438678022396868,4.688074468994576,7.15216871700987,6.0787208383309,4.710416343380864,6.206176574695316,7.15216871700987,4.688074468994576,4.688074468994576,4.95474332640415,7.15216871700987,6.496412591485235,6.113478291532422,6.582131811423301,6.495756828484798,4.688074468994576,5.276142979455505,7.150751567713327,6.662122119936415,6.372038409017481,4.688074468994576,3.846130141635639,4.688074468994576,4.809974481038672,4.688074468994576,4.730263306790291,4.688074468994576,4.6968703607216185,4.687783295958494,4.756321703814631,3.7726055771259213,5.448324373289299,6.1328736253400615,4.688074468994576,4.688074468994576,4.688074468994576,4.688074468994576,4.915748213475041,4.688074468994576,4.688074468994576,4.688074468994576,4.688074468994576,4.5851533603367365,4.630566671476544,4.688074468994576,1.9682523033967962,0.42154865500185856,4.651209942280567,4.688074468994576,1.9701242410368451,0.42313730137244526,0.42154865500185856,0.42154865500185856,2.5411966434667543,1.4568228343398517,0.42154865500185856,1.953078824981296,0.7250935475735478,0.4295568560118698,0.42154865500185856,1.7759122436729802,0.42154865500185856,0.42154865500185856,0.42154865500185856,2.4608026499250673,0.42154865500185856,0.42154865500185856,0.42154865500185856,0.8437975035897526,0.4324386074261544,7.461028081477083,3.3551946421893457,4.216166211937294,5.7381138925214925,8.485260812625407,5.3537828522096405,8.485260812625407,8.485260812625407,8.485260812625407,8.485260812625407,8.485260812625407
2024-01-01 23:00:00,0.1411520198835141,4.575639888406554,0.49387550645963263,0.0,0.5117696417076453,1.6086604004682024,0.0,4.401916999150002,0.0,4.738318443565361,0.0,0.0,1.0341021008082767,2.4389163148399113,0.10785893874220809,0.0,5.051295468131993,4.582513662157461,3.8831377498766013,2.0054511943219753,1.498653484427264,0.24214026813843273,2.5389243472450795,4.752171687268105,4.800130612135843,4.085860732695518,1.1522285234746625,5.050994446907977,1.0217717618575384,1.1214965031834605,0.10785893874220809,5.044917569813629,2.466216700800747,1.5001331683940897,2.250704351541707,4.085860732695518,4.198556618183562,1.7150761590262165,2.8377944217055076,0.12558248555157295,1.3364501072691928,1.5001331683940897,1.5001331683940897,1.5001331683940897,5.675686235143565,5.696200101823212,5.737033215376988,4.92126943655348,1.0160968624125088,4.479555311116879,4.091539999438117,5.023006645382312,4.1316557973560455,5.155870132769,0.20510470202322675,3.1745859992459247,0.5996312776256499,1.5001331683940897,1.3382612077634242,1.5001331683940897,1.5001331683940897,5.438482146470941,4.0171372561414245,2.612286927202966,5.380236765772296,4.085860732695518,4.134579189811219,0.4081882643158792,0.567100719203402,1.3382612077634242,1.3382612077634242,1.5001331683940897,1.3382612077634242,2.964132359161287,5.508992537194244,4.102565260321518,4.085860732695518,0.6740054029597261,1.5001331683940897,1.3382612077634242,5.569177461162895,4.68907013038881,3.539615398400045,1.3382612077634242,1.5001331683940897,1.5001331683940897,3.1247776033438677,1.3382612077634242,1.8745476684780533,2.1827210392466583,4.723852682566802,2.370598134281279,1.5001331683940897,2.8634782881703775,1.3394133563023845,1.736671221597299,1.9725105396751865,1.5001331683940897,4.02608494211074,1.5001331683940897,3.242475303989522,1.5001331683940897,1.497361687596948,1.5001331683940897,3.334429445512581,1.500955582079653,1.6572077608165894,4.085860732695518,2.72349406644753,1.9400440953715903,1.5001331683940897,1.5001331683940897,1.5001331683940897,1.5001331683940897,2.5664173300250344,1.5001331683940897,1.5001331683940897,1.5001331683940897,1.5001331683940897,1.492645052223524,1.662563042882905,1.5001331683940897,1.3022501043184367,1.1897183141768881,1.604256447421919,1.5001331683940897,1.3023862987949202,1.1898338975468308,1.1897183141768881,1.1897183141768881,1.3439351758616815,1.4418492585288951,1.1897183141768881,1.301146144493591,1.2118029909569963,1.1966393815237286,1.1897183141768881,1.2882562333793497,1.1897183141768881,1.1897183141768881,1.1897183141768881,1.3380860398495809,1.1897183141768881,1.1897183141768881,1.1897183141768881,1.5344358959828108,1.1986087068404536,6.936642984741059,3.584702584613365,4.2875867689508915,5.53008186595507,7.772811115142561,5.216319810067123,7.772811115142561,7.772811115142561,7.772811115142561,7.772811115142561,7.772811115142561
2024-01-02 00:00:00,0.14151107331824478,4.508153073498112,1.378407396761622,0.0,0.5130714484249537,1.556698292116172,0.0,4.413114312651065,0.0,4.750371473436374,0.0,0.0,1.036732583258785,2.0105470038128344,1.316670608032315,0.0,5.0641446288394985,4.516187795094433,3.698690602142782,1.6421292525088507,1.5024656628254107,1.3381466242360904,2.545382699793998,4.714500257468709,4.770559217704403,4.144519904360165,1.4873244694886882,5.063842841897043,0.6282475159778511,0.5531278622849523,1.316670608032315,5.057750506833372,2.4399618512870873,5.306170382067672,1.7883935966850684,4.144519904360165,4.245116766195134,1.7996655398789845,2.9298416082830396,1.3033199923192282,0.3912097656895653,5.306170382067672,5.306170382067672,5.306170382067672,5.5416192354282865,5.568100948773832,5.608523485257688,4.784534930427205,1.7539682830250194,4.49594745594395,4.149589445358535,4.981053886852015,4.185398413565963,5.099653158029212,1.2434182940764715,2.9015142234350466,1.3953212347867316,5.306170382067672,0.3898455180603331,5.306170382067672,5.306170382067672,5.31367057223547,4.302564734301566,2.440555257232517,5.299931802478961,4.144519904360165,4.188007950778692,1.0904415436000203,1.39011852490193,0.3898455180603331,0.3898455180603331,5.306170382067672,0.3898455180603331,3.2317077116849724,5.414864361836353,4.159431034880448,4.144519904360165,0.8902094734530249,5.306170382067672,0.3898455180603331,5.468587835899342,4.682968776513039,3.0982640578695078,0.3898455180603331,5.306170382067672,5.306170382067672,2.8311719523980923,0.3898455180603331,1.1220363501183102,1.5438243533156397,4.404699506667386,1.6961835855409921,5.306170382067672,2.4740988648039908,0.3914199624322995,0.9342843493432079,1.256565612982365,5.306170382067672,4.0628345540051,5.306170382067672,2.9920092716400757,5.306170382067672,5.2219958289207264,5.306170382067672,3.1176672711985645,5.305800908785221,4.978855285045103,4.144519904360165,2.282806368565157,1.7907457584059916,5.306170382067672,5.306170382067672,5.306170382067672,5.306170382067672,3.5726360820027097,5.306170382067672,5.306170382067672,5.306170382067672,5.306170382067672,5.208497793376299,5.233197983931491,5.306170382067672,2.7250470813337953,1.2572184575734493,5.259392500865857,5.306170382067672,2.726823558458427,1.2587260900266346,1.2572184575734493,1.2572184575734493,3.2687738017361694,2.2201753148997696,1.2572184575734493,2.710647383005422,1.545283907199399,1.2641183971745076,1.2572184575734493,2.542515511403533,1.2572184575734493,1.2572184575734493,1.2572184575734493,3.1924795452240375,1.2572184575734493,1.2572184575734493,1.2572184575734493,1.5525995537210602,1.2648364442058375,6.181634844390381,3.309429068217904,3.911715437676506,4.976382814920275,6.898129366160231,4.707526844440974,6.898129366160231,6.898129366160231,6.898129366160231,6.898129366160231,6.898129366160231
2024-01-02 01:00:00,0.043799540634122544,1.3500011198790678,2.0728281746164754,0.0,0.15880236950050436,0.8085705355418364,0.0,1.3659169924129697,0.0,1.4703025247362584,0.0,0.0,0.32088238639136635,0.37332201182546676,2.5106026700989874,0.0,1.5674194481523436,1.353143066408347,1.033463978925607,0.393226360699812,0.46503290737044406,2.3583166125943635,0.7878294636229431,1.4306923810174468,1.4526140186791894,4.232033668653285,1.3319180701659767,1.5673260411196712,0.7053119656672486,0.5083214607043608,2.5106026700989874,1.5654403831925503,1.0126798942462152,0.9737456070451714,0.34707479610672043,4.232033668653285,4.55738035777835,1.0442151816183465,1.270120696743691,2.475592597480202,0.08371450309840259,0.9737456070451714,0.9737456070451714,0.9737456070451714,8.87336937410857,8.79932388876718,9.020855081727507,7.683075138368387,2.590879232661786,5.368607795216825,4.248429392626355,6.937521261206807,4.364241447145353,7.321090683814121,2.3185089954548816,0.7585521243744003,1.952892443255696,0.9737456070451714,0.08013695959060686,0.9737456070451714,0.9737456070451714,7.401050921853223,7.062119074979924,2.4204182803656216,7.9688245463383645,4.232033668653285,4.372681116900688,1.9173494341084671,1.98978476859104,0.08013695959060686,0.08013695959060686,0.9737456070451714,0.08013695959060686,5.284432838276096,8.340535223764283,4.280258701297391,4.232033668653285,1.3922695825788838,0.9737456070451714,0.08013695959060686,8.514285717525848,5.973465306008473,4.277001114202304,0.08013695959060686,0.9737456070451714,0.9737456070451714,2.7797412782659356,0.08013695959060686,0.8924358943256403,1.356199924173306,6.971923867716049,1.9431486939683975,0.9737456070451714,2.384891971842374,0.08187797085656957,0.68217419619821,1.0385509096566123,0.9737456070451714,4.141706491799994,0.9737456070451714,2.9575942337424133,0.9737456070451714,0.9584457416643425,0.9737456070451714,3.096546105771037,0.9747819345880916,1.1361858694585114,4.232033668653285,2.1733618619344695,1.0694630180617064,0.9737456070451714,0.9737456070451714,0.9737456070451714,0.9737456070451714,2.1439665962910652,0.9737456070451714,0.9737456070451714,0.9737456070451714,0.9737456070451714,1.0457755644266669,1.1784242933082363,0.9737456070451714,2.8772295203845735,3.959699378400474,1.1049518646864411,0.9737456070451714,2.875919433559899,3.958587554675877,3.959699378400474,3.959699378400474,2.4762509754059434,3.4096492362815685,3.959699378400474,2.887848770583588,3.7472616582822704,3.9603501903051788,3.959699378400474,3.011839868886736,3.959699378400474,3.959699378400474,3.959699378400474,2.5325151956815652,3.959699378400474,3.959699378400474,3.959699378400474,4.2076682384361375,3.9660945861021077,8.093687415230404,5.68250538159945,6.188117509110258,7.0818929040000045,8.695175906207773,6.856191566361868,8.695175906207773,8.695175906207773,8.695175906207773,8.695175906207773,8.695175906207773
2024-01-02 02:00:00,0.006808575343932398,0.44937293609963,2.792191905231488,0.0,0.024685599024224486,1.914341547360746,0.0,0.21232982405199036,0.0,0.22855640431630275,0.0,0.0,0.04988070360227453,1.3735005272140914,3.0961651505956937,0.0,0.24365308982204506,0.44640004617747364,0.7488783756605699,1.6096136606385247,0.07228869393148224,2.990423752681731,0.12246695247456027,0.3730233754661435,0.3522812606419584,5.020624883507127,2.2750393578268477,0.24363856983369825,0.8129992218147103,0.5638637179756205,3.0961651505956937,0.24334544703186495,1.501539356589166,0.39654355150643844,1.4733085974037352,5.020624883507127,4.830521132043241,1.9100341901211184,1.3603740331573289,3.0518876252247753,0.02685982361699226,0.39654355150643844,0.39654355150643844,0.39654355150643844,2.1351325609864764,2.100638581171652,2.1454399893270035,1.9659497176941803,2.6807933924445617,4.356511762031775,5.011044676486644,3.4397778729948674,4.943374382720911,3.215653919618914,2.853222708137477,1.066247704426377,2.7089132906180837,0.39654355150643844,0.022335275063299936,0.39654355150643844,0.39654355150643844,1.8177623299643648,2.4384484086489957,1.8666636609133451,2.8371756952140625,5.020624883507127,4.938442988195519,2.3458729277268113,2.734529857999096,0.022335275063299936,0.022335275063299936,0.39654355150643844,0.022335275063299936,2.206191679937371,2.619980940818742,4.99244645130987,5.020624883507127,1.68180014213127,0.39654355150643844,0.022335275063299936,2.5184565614817247,4.003086675052024,1.8089136994535697,0.022335275063299936,0.39654355150643844,0.39654355150643844,3.2722726310413126,0.022335275063299936,0.9930354750579001,1.5585325127430494,1.6559565491516939,1.1280613550368743,0.39654355150643844,2.796930558852891,0.024431203533738583,0.747101971947568,1.176128546641097,0.39654355150643844,4.911883886063624,0.39654355150643844,3.486382143267061,0.39654355150643844,0.3901365675652237,0.39654355150643844,3.6536603167626827,0.39801428176553355,0.6730810768810279,5.020624883507127,2.5422785710233695,1.1268929872233113,0.39654355150643844,0.39654355150643844,0.39654355150643844,0.39654355150643844,2.2820839903666315,0.39654355150643844,0.39654355150643844,0.39654355150643844,0.39654355150643844,0.5043896238517374,0.6870184494626207,0.39654355150643844,3.2465141927337147,4.867230445568524,0.5827482071811211,0.39654355150643844,3.2445526794466226,4.8655657795573655,4.867230445568524,4.867230445568524,2.6461534158746756,4.026718129430083,4.867230445568524,3.262413749901993,4.5491603735373,4.867597020509319,4.867230445568524,3.44805807684435,4.867230445568524,4.867230445568524,4.867230445568524,2.73039440935686,4.867230445568524,4.867230445568524,4.867230445568524,4.725379724456399,4.863572063528101,2.5023803429835327,3.8816983353877355,3.5924626431313422,3.081177942870389,2.1582985249136657,3.210290515696413,2.1582985249136657,2.1582985249136657,2.1582985249136657,2.1582985249136657,2.1582985249136657
2024-01-02 03:00:00,0.14749715973904975,4.534332510155443,1.5935236203559333,0.0,0.534774979875191,0.9773075145329746,0.0,4.599794287871172,0.0,4.951317826991101,0.0,0.0,1.0805876024677403,1.1920201209429262,1.8069007726840733,0.0,5.278363959418064,4.545084625895875,3.451104662717349,0.8040739961401937,1.5660217442759312,1.7326745086487485,2.6530554101883466,4.8104676292340685,4.885486087747721,4.757392472453093,1.2372132022205082,5.2780494065296235,4.952700224236905,5.295964952156961,1.8069007726840733,5.271699358459186,2.068760188992666,0.10013654286137218,0.9162139517552995,4.757392472453093,5.017349706984214,1.3925649156755702,2.7665329261160303,1.867907383404793,6.0358614857641575,0.10013654286137218,0.10013654286137218,0.10013654286137218,8.440005860080722,8.445377202145393,8.57236403865243,7.948990039002674,2.155352422878662,5.665533469909209,4.7704929194674355,6.919120549384946,4.863028612696984,7.225598683893843,2.1416325556920683,2.4079127629796875,1.5350653385596191,0.10013654286137218,6.042095514653302,0.10013654286137218,0.10013654286137218,7.64493025933195,6.546270907088541,2.5290960601440897,7.743148452317138,4.757392472453093,4.869772044498466,2.8406709570812576,1.553047152036767,6.042095514653302,6.042095514653302,0.10013654286137218,6.042095514653302,5.6614842059714645,8.040151258797785,4.795925048749008,4.757392472453093,3.755645982936248,0.10013654286137218,6.042095514653302,8.178980696337598,6.148824344064474,6.7678959894487765,6.042095514653302,0.10013654286137218,0.10013654286137218,5.206768885893796,6.042095514653302,5.795207280198748,5.647248993288731,8.03989525900274,6.170476016533133,0.10013654286137218,5.328945361061336,6.041556801234685,5.855809794274144,5.745537723451678,0.10013654286137218,4.785342011429696,0.10013654286137218,5.151736632209307,0.10013654286137218,0.20187142717094633,0.10013654286137218,5.1087413687855,0.10161782459675142,0.7038416652218179,4.757392472453093,5.3943981877471385,5.0378592044947945,0.10013654286137218,0.10013654286137218,0.10013654286137218,0.10013654286137218,3.5880864262345336,0.10013654286137218,0.10013654286137218,0.10013654286137218,0.10013654286137218,0.2623992759139094,0.39269539807481635,0.10013654286137218,4.388137165493115,6.826629759322904,0.2876770886465585,0.10013654286137218,4.385185917478599,6.824125140928222,6.826629759322904,6.826629759322904,3.4848480762179177,5.408690517387901,6.826629759322904,4.412059275444321,6.348068806034248,6.821684791655759,6.826629759322904,4.691375482426046,6.826629759322904,6.826629759322904,6.826629759322904,3.611595147670966,6.826629759322904,6.826629759322904,6.826629759322904,6.863440353462315,6.827579118025073,7.440313896028789,7.082377648616657,7.157434987732092,7.290114564144818,7.529603933163735,7.256609549300112,7.529603933163735,7.529603933163735,7.529603933163735,7.529603933163735,7.529603933163735
2024-01-02 04:00:00,0.12552765481913575,4.378559427471303,2.3578531828106013,0.0,0.4551209609625512,3.340777321911103,0.0,3.9146610729891793,0.0,4.213825650514024,0.0,0.0,0.9196355225035323,3.868252704646388,2.017496038987245,0.0,4.492158698376479,4.380201068439587,4.213171400103501,3.6766348045398005,1.3327648973208386,2.1358940912064925,2.2578863507294606,4.420719941290623,4.432173814913878,4.800804897550311,2.936024262300522,4.491890997720599,5.304926667688464,5.6636459686789165,2.017496038987245,4.48648678082801,3.621491805741707,5.783931177253429,3.8548260249424326,4.800804897550311,5.044958772610466,3.2906365895639214,3.6748428219582085,2.081249308617179,6.436854357868984,5.783931177253429,5.783931177253429,5.783931177253429,8.342495202620821,8.304103379651538,8.420826415100214,7.847966069665827,2.942299340745916,5.653738050304561,4.813108940210793,6.83111687467693,4.900019189599014,7.118963544135927,2.3672982221229404,4.024168173495061,2.4510997821204303,5.783931177253429,6.443369057177061,5.783931177253429,5.783931177253429,7.566400766309085,6.47852217255282,4.532809870792785,7.605050348855747,4.800804897550311,4.906352673675752,3.0978089513529286,2.4224170548037103,6.443369057177061,6.443369057177061,5.783931177253429,6.443369057177061,5.708452933188432,7.883997715859339,4.836994995647282,4.800804897550311,4.05397827200292,5.783931177253429,6.443369057177061,8.014387413260543,6.10764863263187,6.876137260599665,6.443369057177061,5.783931177253429,5.783931177253429,5.375357589225404,6.443369057177061,6.126618279291858,5.938535859743353,7.98732447429277,6.435093473282615,5.783931177253429,5.53156699534313,6.442680282164732,6.205192422037305,6.064203457746693,5.783931177253429,4.83653993474804,5.783931177253429,5.304995797779174,5.783931177253429,5.795221702270829,5.783931177253429,5.250023966613657,5.783618485182451,5.75497842910698,4.800804897550311,5.6152520678687114,6.014278915539855,5.783931177253429,5.783931177253429,5.783931177253429,5.783931177253429,5.528857074855527,5.783931177253429,5.783931177253429,5.783931177253429,5.783931177253429,5.810192479254826,5.7221732873567905,5.783931177253429,6.477919730352983,6.872575910672584,5.74434219140883,5.783931177253429,6.477442087619298,6.872170552406865,6.872575910672584,6.872575910672584,6.331727520214738,6.527307597311411,6.872575910672584,6.481791388016581,6.795123537697203,6.867624888023502,6.872575910672584,6.526997130132712,6.872575910672584,6.872575910672584,6.872575910672584,6.352240814047544,6.872575910672584,6.872575910672584,6.872575910672584,7.158977524149771,6.879962313158791,11.647291750690567,8.862400031948972,9.446377105085908,10.478678964060533,12.342005087998732,10.217996121649495,12.342005087998732,12.342005087998732,12.342005087998732,12.342005087998732,12.342005087998732
2024-01-02 05:00:00,0.12746424820146926,4.998733283876414,4.201758730401934,0.0,0.4621423957406586,6.294376702993335,0.0,3.975054989683891,0.0,4.278834965639447,0.0,0.0,0.933823312991654,6.96302810983992,3.477147900397884,0.0,4.561462030938553,4.992414208081687,5.635352069998786,6.978317233521302,1.3533262922108868,3.7292140387069352,2.292720170983523,4.836447200916719,4.792358452544264,3.5343007499698285,5.427539550213781,4.5611902002977756,3.5402803081639562,3.547169217997055,3.477147900397884,4.555702609182303,5.836205213828484,7.89560580277427,7.180599532906495,3.5343007499698285,3.9151961056117095,5.86789522839109,5.340665678809486,3.4783722296292163,3.5620180506654355,7.89560580277427,7.89560580277427,7.89560580277427,9.216999720434707,9.13785203030639,9.251481777481992,8.25994485241452,4.769376720175607,4.864929954511585,3.5534958280894897,6.701714752311917,3.689081267155302,7.150773607130022,3.483865564299406,6.200676706010156,4.4002781296480915,7.89560580277427,3.5621431601200966,7.89560580277427,7.89560580277427,8.418029479599587,7.467850492719854,7.1562080759332085,7.909099504316641,3.5343007499698285,3.6989618994789426,3.4978944234432596,4.3392134062393914,3.5621431601200966,3.5621431601200966,7.89560580277427,3.5621431601200966,6.2256740515868385,8.344274889241502,3.5907595724315406,3.5343007499698285,3.516256870674133,7.89560580277427,3.5621431601200966,8.547690993742947,5.57305892703998,5.684437970135228,3.5621431601200966,7.89560580277427,7.89560580277427,3.544039749570425,3.5621431601200966,3.5614312606864544,3.5535859461701618,7.903335345206313,4.298370832120572,7.89560580277427,3.546687589126018,3.562131484986263,3.558105928743224,3.55571608445773,7.89560580277427,3.5349064794669465,7.89560580277427,3.5428470766115803,7.89560580277427,7.821410689226164,7.89560580277427,3.5419152723584246,7.894218650851592,7.393609361304023,3.5343007499698285,3.548106099385758,4.090228958985977,7.89560580277427,7.89560580277427,7.89560580277427,7.89560580277427,4.938814832602202,7.89560580277427,7.89560580277427,7.89560580277427,7.89560580277427,7.878250434405969,7.621637948575428,7.89560580277427,7.4369679567989735,7.176150599460438,7.7199827444102995,7.89560580277427,7.437283617674854,7.176418489530104,7.176150599460438,7.176150599460438,7.533582346267952,7.070286105268381,7.176150599460438,7.434409285300352,7.227336731203461,7.167447474947556,7.176150599460438,7.404534060273572,7.176150599460438,7.176150599460438,7.176150599460438,7.520025677565972,7.176150599460438,7.176150599460438,7.176150599460438,7.416017562264267,7.1823368562657075,11.17506866731437,8.842667287999909,9.331759528716574,10.196332561677899,11.756904698949347,9.97800557355433,11.756904698949347,11.756904698949347,11.756904698949347,11.756904698949347,11.756904698949347
2024-01-02 06:00:00,0.17871866053164512,6.411689544992848,3.76378852532235,0.0,0.6479736169714757,5.634943503075207,0.0,5.573456975740029,0.0,5.999389354153309,0.0,0.0,1.3093212726387686,6.483683148455903,3.1158636870315477,0.0,6.395663064255996,6.4114579437937795,6.435022335895428,6.263668514309784,1.897509816430232,3.3412535171857094,3.214641624719805,6.405741578450482,6.4041256764862995,4.337839076295145,4.862676272707584,6.395281928300647,1.7861490928845267,1.6410527110583122,3.1158636870315477,6.387587732104137,5.808209930895678,2.043459928891086,6.5642666410095645,4.337839076295145,5.068504738619245,5.430133523088741,5.701432904930935,3.0900764803567093,1.3283019352863115,2.043459928891086,2.043459928891086,2.043459928891086,15.09141592928295,14.988861335398301,15.239417306959316,12.980313522459062,4.870674120840729,6.890364473738954,4.374660697404256,10.413840307593544,4.634752145538555,11.275262954832812,2.974374140782541,6.406210932486324,3.9412984994051743,2.043459928891086,1.3256668406714476,2.043459928891086,2.043459928891086,13.404981043427258,11.530272429104237,7.890046735291212,12.729947780253285,4.337839076295145,4.653706009517199,2.6788939048324782,3.8866962917075147,1.3256668406714476,1.3256668406714476,2.043459928891086,1.3256668406714476,8.629882052159058,13.564737982190595,4.446143161123135,4.337839076295145,2.2921382759703577,2.043459928891086,1.3256668406714476,13.954947945429629,8.248757315918448,7.147107660881816,1.3256668406714476,2.043459928891086,2.043459928891086,3.2842110303989998,1.3256668406714476,1.9210983408653894,2.2514416617149653,11.990628700034744,3.644016859344069,2.043459928891086,2.997750600044789,1.3269299322569859,1.7624406758592777,2.0209895071341686,2.043459928891086,4.27230733663364,2.043459928891086,3.4132421147562995,2.043459928891086,2.0311702787715036,2.043459928891086,3.5140507331641135,2.044189676617315,2.153288356051015,4.337839076295145,2.8442869739694516,2.0519783193246304,2.043459928891086,2.043459928891086,2.043459928891086,2.043459928891086,2.8452267022056517,2.043459928891086,2.043459928891086,2.043459928891086,2.043459928891086,2.2088752563741854,2.1875879190505136,2.043459928891086,6.414771898662389,8.900641841718661,2.135851054491098,2.043459928891086,6.411763310999522,8.898088561219915,8.900641841718661,8.900641841718661,5.493932851374874,7.291608584839169,8.900641841718661,6.439158790077464,8.41278295188204,8.88973786647631,8.900641841718661,6.723901817512232,8.900641841718661,8.900641841718661,8.900641841718661,5.623142485266233,8.900641841718661,8.900641841718661,8.900641841718661,9.012002122123434,8.903513864128241,10.757173613107792,9.674336407930202,9.90140164623294,10.302787040267873,11.027295946234014,10.201426876562238,11.027295946234014,11.027295946234014,11.027295946234014,11.027295946234014,11.027295946234014
2024-01-02 07:00:00,0.18253641766708814,6.214035633495698,3.8220797442270342,0.0,0.6618155173774698,4.335615667020658,0.0,5.6925162003051595,0.0,6.127547272565328,0.0,0.0,1.3372907673537255,4.784401816083069,3.6442576591038836,0.0,6.53228611316884,6.218634721337058,5.7506979850883155,4.52293948698395,1.9380440931515317,3.7061155895226237,3.2833122434686133,6.332149100592375,6.364237341526237,5.0521724899365,4.126104864708771,6.53189683545309,5.507001646203021,5.710261363729094,3.6442576591038836,6.524038277167343,4.884779031749701,8.564877941850234,4.62344821231418,5.0521724899365,4.901790077213191,4.43131044945566,5.144866976846085,3.6803819254607943,6.1483814156516585,8.564877941850234,8.564877941850234,8.564877941850234,2.83744243097718,2.8995059553472653,2.807972411744569,3.2263824475903564,3.767345826537943,4.526822870270291,5.044594024835022,3.8016364760145045,4.991063139895494,3.624342232222764,3.842464704941257,5.283035066402695,3.8707971136750587,8.564877941850234,6.152072814295308,8.564877941850234,8.564877941850234,3.478008027970152,3.0605819409299317,4.06652808342494,3.3249453601939223,5.0521724899365,4.987162138462811,4.25639114843922,3.8558116125006663,6.152072814295308,6.152072814295308,8.564877941850234,6.152072814295308,3.602185523076349,3.1531324898781037,5.029881816617575,5.0521724899365,4.798181638902924,8.564877941850234,6.152072814295308,3.072821180935642,4.247244393319206,4.679905771809162,6.152072814295308,8.564877941850234,8.564877941850234,5.436906741095531,6.152072814295308,5.936089011497555,5.814024407266503,3.591125612475458,5.5330678327221285,8.564877941850234,5.541508302897432,6.151611594040968,5.992584031644385,5.898174442438751,8.564877941850234,5.0761015272130035,8.564877941850234,5.38979079936467,8.564877941850234,8.523567247569334,8.564877941850234,5.3529803438490156,8.56376069458997,8.216006830818174,5.0521724899365,5.5975458329235295,6.216468769234303,8.564877941850234,8.564877941850234,8.564877941850234,8.564877941850234,6.454335985782668,8.564877941850234,8.564877941850234,8.564877941850234,8.564877941850234,8.512761054207745,8.344217299349536,8.564877941850234,7.187622410302745,6.4044071757330165,8.423426686520092,8.564877941850234,7.1885703165673815,6.4052116297996236,6.4044071757330165,6.4044071757330165,7.477748276475596,6.725386322050149,6.4044071757330165,7.179938909026488,6.558115343735782,6.4011756677556155,6.4044071757330165,7.090225817781564,6.4044071757330165,6.4044071757330165,6.4044071757330165,7.437038602987018,6.4044071757330165,6.4044071757330165,6.4044071757330165,6.715925436179461,6.412441345741783,11.597852682376296,8.56873349124719,9.20392377441476,10.326755714706955,12.353490500612336,10.04321169199638,12.353490500612336,12.353490500612336,12.353490500612336,12.353490500612336,12.353490500612336
2024-01-02 08:00:00,0.05055920853560275,1.6670423857858805,4.170155116950754,0.0,0.18331064662511132,1.9516974837348764,0.0,1.5767216062519362,0.0,1.69721715986789,0.0,0.0,0.37040478630782253,1.0278973500578754,4.938340446517959,0.0,1.8093223260920468,1.6690984956280515,1.4598984624689124,1.2119194291333208,0.5368023362633821,4.671116301484702,0.9094167099728172,1.7198472615715483,1.7341929210322622,5.248074846499401,2.868235328226457,1.809214503371187,2.448441303440391,2.176747393812742,4.938340446517959,1.8070378282055612,1.937928404162108,9.02265861190386,1.0039674136295378,5.248074846499401,5.294378524745546,2.2525622089038784,2.1750963491974646,4.890053735907527,1.5911195515530443,9.02265861190386,9.02265861190386,9.02265861190386,5.797953604418606,5.758250191206873,5.88030406744249,5.380630225177272,4.176630101134702,5.409833255047582,5.250408302940907,5.633122646805665,5.266890794660413,5.687712644869672,4.673400359742552,1.3183924945536882,3.9596977461513974,9.02265861190386,1.5861853199123919,9.02265861190386,9.02265861190386,4.98879278343828,5.62131698664262,2.5445335640683524,5.779898800014239,5.248074846499401,5.268091937213625,4.120111714549964,4.024434599002991,1.5861853199123919,1.5861853199123919,9.02265861190386,1.5861853199123919,4.927919415969298,5.832801049164128,5.254938283164356,5.248074846499401,3.395909308166698,9.02265861190386,1.5861853199123919,5.857529399650435,5.495917203342176,3.9368491002452997,1.5861853199123919,9.02265861190386,9.02265861190386,3.9671821204609308,1.5861853199123919,2.2996419739332397,2.711647231108606,4.908472972352389,2.7589845597793112,9.02265861190386,3.6189329608379284,1.5877208568891628,2.117170073588133,2.4314871787522065,9.02265861190386,5.168408090300182,9.02265861190386,4.12404485587298,9.02265861190386,8.8953354927737,9.02265861190386,4.246597616824528,9.021458071913171,8.398505262704246,5.248074846499401,3.4323676514604644,3.2779772265715295,9.02265861190386,9.02265861190386,9.02265861190386,9.02265861190386,5.536796131399277,9.02265861190386,9.02265861190386,9.02265861190386,9.02265861190386,9.01130221718979,8.785547333930614,9.02265861190386,8.722551331022466,8.551886854454706,8.870661918963279,9.02265861190386,8.722757882069164,8.552062146923673,8.551886854454706,8.551886854454706,8.785770452540653,8.421233912969555,8.551886854454706,8.72087707768106,8.58538023262015,8.543991557157808,8.551886854454706,8.70132838010369,8.551886854454706,8.551886854454706,8.551886854454706,8.776899717127812,8.551886854454706,8.551886854454706,8.551886854454706,8.756409180530285,8.557161560136244,11.961560347890446,9.972840643170564,10.389864653345311,11.127041985715517,12.457662258689606,10.940885697520772,12.457662258689606,12.457662258689606,12.457662258689606,12.457662258689606,12.457662258689606
2024-01-02 09:00:00,0.015394708947349756,0.6750164873318273,2.9067206312467584,0.0,0.055816025081897126,1.8163417210893351,0.0,0.4800939516716069,0.0,0.5167834891682459,0.0,0.0,0.11278408114119877,1.2324863122826366,3.2842861388819915,0.0,0.550918248305147,0.6732231241204726,0.8556898559978346,1.4438556779001186,0.16345025898126672,3.152944630409398,0.2769071345733043,0.6289594529886668,0.6164469999125679,5.507147681935271,2.2653575049025605,0.5508854175023393,4.236764233154844,4.340697156698012,3.2842861388819915,0.5502226444562751,1.5079238653156686,10.835578103843332,1.373955901948262,5.507147681935271,5.907075694201481,1.8728678024452448,1.450462426106897,3.3027575834900174,4.564721367758701,10.835578103843332,10.835578103843332,10.835578103843332,11.234003216196605,11.100582258566702,11.403359829957699,10.223410093039275,3.569153790947081,6.904266037287673,5.527301903623677,8.832831671560555,5.66966230349375,9.304329190597773,3.3856354765248065,1.0626194917553466,2.803280171004952,10.835578103843332,4.56660889302769,10.835578103843332,10.835578103843332,9.18834738849739,8.965910134652793,3.7405956057733594,10.100547270497323,5.507147681935271,5.6800366532635636,3.5972887540565495,2.835098537965162,4.56660889302769,4.56660889302769,10.835578103843332,4.56660889302769,7.363255460669732,10.557467587593061,5.566427650324365,5.507147681935271,3.8743228378737564,10.835578103843332,4.56660889302769,10.771048029389487,7.647778942385053,7.34863670163446,4.56660889302769,10.835578103843332,10.835578103843332,5.178156519170294,4.56660889302769,4.7546534419616595,4.855678395324961,9.864115268062218,5.626248104105626,10.835578103843332,5.088710390210969,4.567003288346819,4.702989784238255,4.783720627503067,10.835578103843332,5.486685657112352,10.835578103843332,5.218445961579192,10.835578103843332,10.728244333881221,10.835578103843332,5.249923051350953,10.83388334908183,10.172110256451985,5.507147681935271,5.0407919839182505,5.538259513497653,10.835578103843332,10.835578103843332,10.835578103843332,10.835578103843332,6.978061729039663,10.835578103843332,10.835578103843332,10.835578103843332,10.835578103843332,10.74254080533078,10.500857502724346,10.835578103843332,8.376948285124346,6.978779037603177,10.621010391737668,10.835578103843332,8.378640455207677,6.980215121692618,6.978779037603177,6.978779037603177,8.894871131985425,7.614597433639311,6.978779037603177,8.36323195949177,7.253173640910845,6.975262200980373,6.978779037603177,8.203079194654883,6.978779037603177,6.978779037603177,6.978779037603177,8.822197604918978,6.978779037603177,6.978779037603177,6.978779037603177,7.308550842776326,6.9872839732145335,12.47653668859833,9.269924972444983,9.94233449992636,11.13095925446105,13.276451425601813,10.830800849360433,13.276451425601813,13.276451425601813,13.276451425601813,13.276451425601813,13.276451425601813
2024-01-02 10:00:00,0.26067562150715085,7.972022142866465,3.6894844191676635,0.0,0.945121929751524,1.826332537588022,0.0,8.129337791434173,0.0,8.750594615610298,0.0,0.0,1.9097509766598235,1.878086434868375,4.334638025328841,0.0,9.32859187320317,7.991626145849136,5.997006019087502,1.2616708164952608,2.76767154164233,4.110212207513921,4.688814816280555,8.475490839513942,8.612269694946733,5.7809987958612385,2.6054219992898693,9.328035955585257,1.8913233926679762,1.6247127121335185,4.334638025328841,9.316813348110712,3.738007924706171,12.316045681252621,1.3261734787445825,5.7809987958612385,6.033624086918229,2.661432739586891,5.046760090892842,4.287254729934915,1.050041613400524,12.316045681252621,12.316045681252621,12.316045681252621,9.334611530752275,9.411915578315352,9.47702142656694,8.27931012769357,4.069602484077739,6.663526201636021,5.793729752343155,7.881756582448629,5.883655529855903,8.179590678401226,4.074654807696711,4.1154015378167665,3.51273367102346,12.316045681252621,1.0451996982562648,12.316045681252621,12.316045681252621,9.004223829762115,7.9399116485531795,3.2522516241121617,8.682543254890343,5.7809987958612385,5.890208767062958,3.5317178591690563,3.56710234022502,1.0451996982562648,1.0451996982562648,12.316045681252621,1.0451996982562648,6.3369657522739,8.971169268962415,5.818444583125012,5.7809987958612385,2.8210648427832754,12.316045681252621,1.0451996982562648,9.106083102497502,7.133186136159,5.167211124198412,1.0451996982562648,12.316045681252621,12.316045681252621,4.1244631270325005,1.0451996982562648,1.9702718450240777,2.5007218992221376,7.5492936320083,2.938654843218795,12.316045681252621,3.674084150848191,1.0471855568071937,1.7319044988905135,2.138400285339099,12.316045681252621,5.677968447900681,12.316045681252621,4.327328449816995,12.316045681252621,12.12307258642067,12.316045681252621,4.485821831583285,12.313967151376334,11.317983622341574,5.7809987958612385,3.4328054838159634,3.43688705883294,12.316045681252621,12.316045681252621,12.316045681252621,12.316045681252621,6.684232305636298,12.316045681252621,12.316045681252621,12.316045681252621,12.316045681252621,12.184524403573178,11.905528014957248,12.316045681252621,8.840427404835602,6.863918963747574,12.052889376736301,12.316045681252621,8.842819524716218,6.865949070138432,6.863918963747574,6.863918963747574,9.572584030700575,7.8292282103744135,6.863918963747574,8.821037453696594,7.25181424222558,6.86133105116245,6.863918963747574,8.594639045832244,6.863918963747574,6.863918963747574,6.863918963747574,9.46984980167563,6.863918963747574,6.863918963747574,6.863918963747574,7.094483672542814,6.869865312015659,10.707755434736773,8.465806653924215,8.93593146284621,9.766975585166517,11.267027347935631,9.557115511688949,11.267027347935631,11.267027347935631,11.267027347935631,11.267027347935631,11.267027347935631
2024-01-02 11:00:00,0.2147385809007119,6.478333172043211,3.4129808183215875,0.0,0.7785697059033085,1.247045908919752,0.0,6.696761480425643,0.0,7.208538561946112,0.0,0.0,1.5732089262149485,1.059226261033895,4.162979104197374,0.0,7.68467940757786,6.495766271625703,4.72202591207683,0.5736502841992923,2.279944153639453,3.902081579855845,3.862537792881787,6.926048872407151,7.047681143614567,6.093747200504919,2.149946467843831,7.684221455431517,4.496613495779952,4.533019160036405,4.162979104197374,7.6749765295379655,2.8931051779504835,10.551839641801664,0.6029930554780178,6.093747200504919,6.492079980210704,2.043340794570675,4.0820699351496605,4.169449288887717,4.61149044646957,10.551839641801664,10.551839641801664,10.551839641801664,11.748582330630443,11.769315191792323,11.944494102712065,10.745775474991051,4.010162560887164,7.485292731191711,6.113821031048716,9.406165704284705,6.255613583860763,9.875782514365664,4.198479788995351,3.0628385510043743,3.20750609591525,10.551839641801664,4.612151609543558,10.551839641801664,10.551839641801664,10.666193462503058,9.62454002998496,3.2893253208450575,10.668824640175233,6.093747200504919,6.265946552431863,4.272617780094947,3.270710282200664,4.612151609543558,4.612151609543558,10.551839641801664,4.612151609543558,7.9720684431161715,11.123922393847067,6.152790712999815,6.093747200504919,4.369657385055682,10.551839641801664,4.612151609543558,11.336650906134746,8.225839912561495,7.6941375603564515,4.612151609543558,10.551839641801664,10.551839641801664,5.575499721542371,4.612151609543558,4.905507549334232,5.0675119892919325,10.303910647145013,5.828586375223516,10.551839641801664,5.434598578646797,4.6127728857448265,4.826987328699432,4.954159607872164,10.551839641801664,6.061514137799456,10.551839641801664,5.638966173898524,10.551839641801664,10.45014363924335,10.551839641801664,5.688550856606084,10.550421705787892,9.960991562310697,6.093747200504919,5.3591145047027045,5.657802404003366,10.551839641801664,10.551839641801664,10.551839641801664,10.551839641801664,7.149725532948149,10.551839641801664,10.551839641801664,10.551839641801664,10.551839641801664,10.472945073473872,10.271791810894545,10.551839641801664,8.466949588813966,7.281318008835413,10.372319103905241,10.551839641801664,8.468384529750516,7.2825357917690345,7.281318008835413,7.281318008835413,8.90614225759822,7.824508170536675,7.281318008835413,8.455318301071024,7.514001503794297,7.278480006984729,7.281318008835413,8.319510582550441,7.281318008835413,7.281318008835413,7.281318008835413,8.844515935269097,7.281318008835413,7.281318008835413,7.281318008835413,7.576859157373143,7.288940123277549,12.20840269305841,9.334640610793954,9.937253329413776,11.002497597191951,12.925285447732168,10.73349594697473,12.925285447732168,12.925285447732168,12.925285447732168,12.925285447732168,12.925285447732168
2024-01-02 12:00:00,0.30047975227543317,9.661683606847218,4.81304744524203,0.0,1.089438289932405,4.275823542148622,0.0,9.370655344026673,0.0,10.08677561468552,0.0,0.0,2.20136235623694,4.759171626022444,4.999071967356053,0.0,10.753030754975352,9.67745483649254,8.072802352908083,4.14506345663434,3.190283979776146,4.934360703076706,5.404778192588727,10.066719274362542,10.176756532649115,6.850532708596119,4.50575568653996,10.752389950947917,6.09951189611801,6.219590184183188,4.999071967356053,10.73945369594126,5.915601799316346,2.5937901102559597,4.31335527984229,6.850532708596119,7.108788748861464,4.846271101240226,6.920990764661323,5.02041284155653,6.478415230494392,2.5937901102559597,2.5937901102559597,2.5937901102559597,10.545199939987388,10.61029606299078,10.65653871162017,9.897817779372074,5.282126475255786,7.752730712158742,6.863547424565584,8.998114153235644,6.955477552072041,9.302586654602797,5.116165324742791,6.532525721954703,4.762082879373033,2.5937901102559597,6.480595971642174,2.5937901102559597,2.5937901102559597,10.320501857387349,8.956231614249484,5.577345731212347,9.816749509405922,6.850532708596119,6.962176853970644,5.360697686221485,4.777759619934675,6.480595971642174,6.480595971642174,2.5937901102559597,6.480595971642174,7.924040647116657,10.11180869053521,6.888813122654816,6.850532708596119,5.680767375271058,2.5937901102559597,6.480595971642174,10.249729610012468,8.232858867394885,8.141553267203722,6.480595971642174,2.5937901102559597,2.5937901102559597,6.721132498125991,6.480595971642174,6.555806389472586,6.594294023964885,9.720474217144327,7.094692783594719,2.5937901102559597,6.685951164330278,6.480751096895008,6.534237886757559,6.565991287128864,2.5937901102559597,6.842484497524194,2.5937901102559597,6.736979313838668,2.5937901102559597,2.660337817252774,2.5937901102559597,6.7493600173421315,2.59514400515855,3.0661118018317044,6.850532708596119,6.667103691931451,6.079991011324978,2.5937901102559597,2.5937901102559597,2.5937901102559597,2.5937901102559597,5.393504075485713,2.5937901102559597,2.5937901102559597,2.5937901102559597,2.5937901102559597,2.6827843395199773,2.86118957473372,2.5937901102559597,4.945576643835317,6.282986441337206,2.7652025991182048,2.5937901102559597,4.943958009430005,6.28161276434162,6.282986441337206,6.282986441337206,4.4501608771317285,5.618793859547443,6.282986441337206,4.958696906864458,6.0205160490753675,6.284342737185445,6.282986441337206,5.111890003601212,6.282986441337206,6.282986441337206,6.282986441337206,4.51967627184521,6.282986441337206,6.282986441337206,6.282986441337206,6.614570933130017,6.291538126800254,11.81096411592373,8.586726326039582,9.262831948015025,10.45799032414666,12.615275816881956,10.156182011091,12.615275816881956,12.615275816881956,12.615275816881956,12.615275816881956,12.615275816881956
2024-01-02 13:00:00,0.24850711648346577,7.617510065733102,5.725747076250151,0.0,0.9010030325424849,2.5106204632442077,0.0,7.749855094961208,0.0,8.342111252553025,0.0,0.0,1.820602577514892,1.887226689881121,6.8390489756567305,0.0,8.89312722784558,7.6359442103933945,5.760351965709747,1.4874467998368217,2.6384748608646413,6.451771144667122,4.469937936589395,8.090934538996645,8.219551189878914,1.4133048665433696,3.847001061414213,8.89259726081824,6.926234717725026,6.93574828986797,6.8390489756567305,8.881898531850798,4.153248251524591,9.24444654240578,1.399632161024844,1.4133048665433696,2.177528274635931,3.450138404657345,5.456155797698613,6.840739772132689,6.956254501191918,9.24444654240578,9.24444654240578,9.24444654240578,12.584477938433366,12.613151550070388,12.780867991025055,11.870449127857537,6.129218415536386,4.0830617184974445,1.451817617622967,7.76836246400549,1.7238544508261089,8.669348216076186,6.848326057474832,4.031417734657753,5.420739180841573,9.24444654240578,6.95642727712476,9.24444654240578,9.24444654240578,11.55790952084999,11.03456993443395,4.3458954881321645,10.190843275043731,1.4133048665433696,1.743678820949386,6.867699886829806,5.514559849457943,6.95642727712476,6.95642727712476,9.24444654240578,6.95642727712476,9.732641901916843,11.063973416588317,1.5265831018368174,1.4133048665433696,6.893058393572423,9.24444654240578,6.95642727712476,11.47210480055081,5.503842331174547,8.081653571284816,6.95642727712476,9.24444654240578,9.24444654240578,3.352234242676703,6.95642727712476,5.886757741220592,5.2527786288210425,11.482835415485342,6.811783694829326,9.24444654240578,3.8793904299829807,6.954102884385325,6.152658221175032,5.676866098825585,9.24444654240578,1.533899051174004,9.24444654240578,3.114785969665025,9.24444654240578,9.205272361574767,9.24444654240578,2.9292738315251565,9.24195577803573,8.625753652634042,1.4133048665433696,4.161800464458033,6.06454215358064,9.24444654240578,9.24444654240578,9.24444654240578,9.24444654240578,5.316497670296682,9.24444654240578,9.24444654240578,9.24444654240578,9.24444654240578,9.277020382380496,8.752510973834731,9.24444654240578,10.105251999490381,10.594773321094289,8.929098490631201,9.24444654240578,10.104659543793735,10.594270525182676,10.594773321094289,10.594773321094289,9.92391896206749,9.72576542713341,10.594773321094289,10.11005430354843,10.49870340031017,10.572831871975447,10.594773321094289,10.166126337202769,10.594773321094289,10.594773321094289,10.594773321094289,9.949363121333798,10.594773321094289,10.594773321094289,10.594773321094289,10.574705950791145,10.594255776265895,10.260222165147136,10.455351838809381,10.414434177652007,10.342103636573135,10.211545519701472,10.360368963597052,10.211545519701472,10.211545519701472,10.211545519701472,10.211545519701472,10.211545519701472
2024-01-02 14:00:00,0.23261135702553146,7.389609688518858,6.134245237352469,0.0,0.8433703672134918,3.6888545047159207,0.0,7.254135559172597,0.0,7.808508047468424,0.0,0.0,1.7041477208082134,3.190923701587673,6.9810106917586925,0.0,8.324278282016518,7.403116731677038,6.028835154585019,2.9090120164966087,2.469704797787186,6.6864513375402455,4.184018324960697,7.736496669734928,7.83073649948246,4.252699742795352,4.7050227031890675,8.32378221433382,7.02926842239189,7.034534230664463,6.9810106917586925,8.31376782964021,4.882947966075042,12.333836670732516,2.839530323692295,4.252699742795352,4.766383397908066,4.386703654550317,5.842037769972719,6.981946555799724,7.045884517980976,12.333836670732516,12.333836670732516,12.333836670732516,11.719037516118183,11.73188312351726,11.874712555823221,11.117211492733542,6.473361583539818,6.047214858992734,4.278586637299659,8.524342276310598,4.4614400716819675,9.129952690002737,6.9861456014907155,4.764486017845667,5.902259511566144,12.333836670732516,7.045980150296871,12.333836670732516,12.333836670732516,10.832776151586435,10.432999458040161,5.164599942518961,10.1526472775411,4.252699742795352,4.474765304588206,6.996869109901224,5.9736185033508375,7.045980150296871,7.045980150296871,12.333836670732516,7.045980150296871,9.357285827441778,10.739534145632662,4.3288413230375635,4.252699742795352,7.010905166240422,12.333836670732516,7.045980150296871,11.013865471865305,7.0022127961206415,8.334784151634846,7.045980150296871,12.333836670732516,12.333836670732516,5.229761592907792,7.045980150296871,6.508543563579381,6.187480546988616,10.799527122265497,7.224395335119255,12.333836670732516,5.495405203246426,7.044808846432823,6.640946274109229,6.401185952225433,12.333836670732516,4.313469350290281,12.333836670732516,5.1101070805823054,12.333836670732516,12.24330096122897,12.333836670732516,5.016624133167934,12.331266393145581,11.544772989793975,4.252699742795352,5.637716766612795,7.106055048944251,12.333836670732516,12.333836670732516,12.333836670732516,12.333836670732516,7.544549002197742,12.333836670732516,12.333836670732516,12.333836670732516,12.333836670732516,12.253657404085299,11.826196935188149,12.333836670732516,10.214996818613727,9.010058727039484,12.008421693986108,12.333836670732516,10.216455125749608,9.011296340028855,9.010058727039484,9.010058727039484,10.661341184852583,9.325415538217209,9.010058727039484,10.203176130052292,9.24653117859282,8.998689810334104,9.010058727039484,10.06515695450182,9.010058727039484,9.010058727039484,9.010058727039484,10.598711355762388,9.010058727039484,9.010058727039484,9.010058727039484,9.086478125344604,9.012029611305051,10.284077078898962,9.540995547662769,9.696815817008646,9.972260797832337,10.46944466320505,9.902703836460308,10.46944466320505,10.46944466320505,10.46944466320505,10.46944466320505,10.46944466320505
2024-01-02 15:00:00,1.1162656240520568,9.085714569223411,6.944699290653496,0.8565544189136394,1.7981797000171946,4.645546347723865,0.8565544189136394,8.955816262364284,0.8565544189136394,9.57477463512804,0.8565544189136394,0.8565544189136394,2.7592399281874185,4.301922568507074,7.74082698529401,0.8565544189136394,10.150633487859412,9.101103880358977,7.535309906794939,3.920861376447526,3.6139864616622663,7.463882692882868,5.528022121058102,9.480941831052283,9.58831441025881,6.714456750635896,5.602352167792237,10.15007962695876,7.979069361956055,8.005065998379765,7.74082698529401,10.138898539540007,6.0576239699200585,2.3560535562724163,3.8892832020583215,6.714456750635896,7.121425235477515,5.389300978473109,7.126317299319772,7.7454472289408285,8.061100946368446,2.3560535562724163,2.3560535562724163,2.3560535562724163,12.576595330005025,12.60841537596906,12.729485679929434,11.982835187961292,7.296912052685039,8.136170466062527,6.7349657742904645,10.098687244145097,6.879832336420666,10.578485170381462,7.766177392005024,6.08132524690897,6.726586636082243,2.3560535562724163,8.061573071143597,2.3560535562724163,2.3560535562724163,11.846914789181858,11.257377792402954,6.115708013350706,11.388720151782389,6.714456750635896,6.890389319871547,7.819118010976393,6.7936782602454615,8.061573071143597,8.061573071143597,2.3560535562724163,8.061573071143597,10.197899968813912,11.853684253916917,6.774780304317627,6.714456750635896,7.888412264505017,2.3560535562724163,8.061573071143597,12.071024640495878,8.892772432334038,9.577000294773987,8.061573071143597,2.3560535562724163,2.3560535562724163,7.185664711317947,8.061573071143597,7.804351682709863,7.647544166755734,11.695516296424774,8.458839085537715,2.3560535562724163,7.313776748321008,8.06100818601882,7.8662372418063224,7.750607947392325,2.3560535562724163,6.743764130527802,2.3560535562724163,7.127958887748221,2.3560535562724163,2.453740256993002,2.3560535562724163,7.082874833955102,2.357439785233167,2.9284737849128955,6.714456750635896,7.3824093958321395,7.073254765626839,2.3560535562724163,2.3560535562724163,2.3560535562724163,2.3560535562724163,5.65660734850205,2.3560535562724163,2.3560535562724163,2.3560535562724163,2.3560535562724163,2.5571823507949736,2.6298391219313295,2.3560535562724163,7.671139651011482,10.693713390665996,2.5315597612523266,2.3560535562724163,7.667481503855139,10.690608852310302,10.693713390665996,10.693713390665996,6.551489795412935,8.841856498342292,10.693713390665996,7.700791716192489,10.100524888107318,10.684203946993643,10.693713390665996,8.047011275939816,10.693713390665996,10.693713390665996,10.693713390665996,6.708596021907727,10.693713390665996,10.693713390665996,10.693713390665996,10.840139730377578,10.697489779585599,13.134845460867933,11.711035392490274,12.00960083790364,12.537377832076041,13.490026180333238,12.404100529701838,13.490026180333238,13.490026180333238,13.490026180333238,13.490026180333238,13.490026180333238
2024-01-02 16:00:00,1.0027687891047399,2.793278808811178,8.07577061476032,0.9698179621369729,1.0892865529880364,6.734543647316331,0.9698179621369729,1.9974108048406325,0.9698179621369729,2.075941071681908,0.9698179621369729,0.9698179621369729,1.2112209503397482,5.687471939533787,8.54019727974776,0.9698179621369729,2.149003092260093,2.783968278886708,3.7312732958559476,6.253857924282558,1.319666810851687,8.378639887663955,1.5625098479446544,2.554166400477341,2.489206013169328,3.7470422251565,7.283145007072055,2.1489328212269587,9.937908470096229,10.09042453440826,8.54019727974776,2.1475142221462975,5.590856238818883,8.839258204583771,6.054053722728779,3.7470422251565,4.471197737088773,6.572613179919258,5.079220739265843,8.567303147048834,10.419168206930784,8.839258204583771,8.839258204583771,8.839258204583771,14.413126005880828,14.231012794019067,14.554571194520362,13.79867259262032,8.548533113709215,6.276824903086901,3.783535769686332,9.768906956224608,4.041309831729713,10.622654422770955,8.688922068495698,4.686349108991956,7.9485330705371835,8.839258204583771,10.42193805035962,8.839258204583771,8.839258204583771,12.186695469663832,12.760714370252924,8.254229879491412,12.064378166982175,3.7470422251565,4.060094818872658,8.999512050836334,7.9876714392542585,10.42193805035962,10.42193805035962,8.839258204583771,10.42193805035962,11.702903914836579,12.891730480374198,3.8543813325445533,3.7470422251565,9.406044905909347,8.839258204583771,10.42193805035962,13.278463715916745,7.623114614997979,10.676060282584032,10.42193805035962,8.839258204583771,8.839258204583771,6.081854744073729,10.42193805035962,9.131443398463851,8.37044497337691,13.626537327776706,9.864477930722149,8.839258204583771,6.716643654230884,10.419139072050395,9.454058519908553,8.881120991941938,8.839258204583771,3.8922588665927784,8.839258204583771,5.795925195918377,8.839258204583771,8.866355960016529,8.839258204583771,5.57253590290357,8.837638579929905,8.594965756193764,3.7470422251565,7.056715083379657,8.813427876366699,8.839258204583771,8.839258204583771,8.839258204583771,8.839258204583771,7.0571740645004954,8.839258204583771,8.839258204583771,8.839258204583771,8.839258204583771,8.92616630861611,8.519376089457785,8.839258204583771,11.135916206034757,12.441975607598218,8.6342024854059,8.839258204583771,11.134335514247768,12.440634131142648,12.441975607598218,12.441975607598218,10.652113544356503,11.176788034611317,12.441975607598218,11.148728915282293,12.185657817728625,12.421196857516254,12.441975607598218,11.298330992836517,12.441975607598218,12.441975607598218,12.441975607598218,10.71999941971686,12.441975607598218,12.441975607598218,12.441975607598218,12.572531780454591,12.445342699103284,14.618529779137825,13.349036914890164,13.615242858281945,14.085817651153986,14.935214847528533,13.966985379850401,14.935214847528533,14.935214847528533,14.935214847528533,14.935214847528533,14.935214847528533
2024-01-02 17:00:00,3.390376539458515,7.880997050505263,6.842003375774703,3.226944376077875,3.8194943074627683,3.329173882537053,3.226944376077875,8.323682054977525,3.226944376077875,8.713182792342428,3.226944376077875,3.226944376077875,4.424274344370452,2.5148150552064816,8.058390852178482,3.226944376077875,9.075561681823233,7.898259892268317,6.141842508730635,2.2021419798188395,4.962152850742347,7.635253243452872,6.16662528941141,8.324340200909745,8.444784568315473,4.097054443243615,4.78779164681308,9.075213145897887,11.373614944808871,11.735367025218524,8.058390852178482,9.06817706401293,4.814261212813252,11.775712268449356,2.0547071223338063,4.097054443243615,4.650313308660792,4.2619169467921445,6.0591718319060845,8.122683121531894,12.515112476905689,11.775712268449356,11.775712268449356,11.775712268449356,12.122178022955737,12.153651209801321,12.298850778358375,12.178968144932652,7.088958556523002,6.029822572577,4.124935715579376,8.697792812156347,4.321876542169999,9.350060656440045,8.41115042528142,4.536620634450302,6.50875344206218,11.775712268449356,12.521682254504588,11.775712268449356,11.775712268449356,11.240672631754347,11.086369864298351,4.85418262980336,10.451545668739312,4.097054443243615,4.336228377517976,9.147837231179146,6.611261383882465,12.521682254504588,12.521682254504588,11.775712268449356,12.521682254504588,10.772064476958562,11.083647468235602,4.179062122243317,4.097054443243615,10.11209045093613,11.775712268449356,12.521682254504588,11.379113825378228,7.058395449896205,10.817461418147783,12.521682254504588,11.775712268449356,11.775712268449356,7.0439058992139865,12.521682254504588,10.888443184777525,9.932418529114246,12.43492622257708,11.113059605242753,11.775712268449356,7.845095977207043,12.51814956259081,11.300086438821557,10.576961230784953,11.775712268449356,4.28033762670285,11.775712268449356,6.68302385902461,11.775712268449356,11.788484347588579,11.775712268449356,6.401076140295501,11.77327000292634,11.322910064588232,4.097054443243615,8.274312446624352,10.645747526313675,11.775712268449356,11.775712268449356,11.775712268449356,11.775712268449356,8.675943719479532,11.775712268449356,11.775712268449356,11.775712268449356,11.775712268449356,11.818504068061271,11.293355409200077,11.775712268449356,12.90654040087094,13.549617738884942,11.466504507225244,11.775712268449356,12.90576210007897,13.548957222903033,13.549617738884942,13.549617738884942,12.668325716742714,12.581934427618702,13.549617738884942,12.91284912078505,13.423412022822063,13.52702843983974,13.549617738884942,12.986510169953078,13.549617738884942,13.549617738884942,13.549617738884942,12.701751354170252,13.549617738884942,13.549617738884942,13.549617738884942,13.519652217511556,13.548844917115938,13.050050547838739,13.341427161634114,13.280327025869529,13.172319731345842,12.977364339459044,13.199594358716492,12.977364339459044,12.977364339459044,12.977364339459044,12.977364339459044,12.977364339459044
2024-01-02 18:00:00,2.6827486056375514,9.33196026747788,6.774317709715803,2.441930631662429,3.3150554254820017,2.4157883585030766,2.441930631662429,9.95199484623598,2.441930631662429,10.525925806297808,2.441930631662429,2.441930631662429,4.206201330768113,1.569802252030977,8.283545677813708,2.441930631662429,11.05989261045051,9.356930890106385,6.816281079115732,1.028679997503147,4.9987675519443115,7.758539357187326,6.773562710921685,9.973254131815782,10.14747636518261,1.566324367706302,4.227418920631646,11.059379041311711,10.988845356841487,11.28404343687335,8.283545677813708,11.04901134532575,4.640511429968171,16.094249404896143,0.8738401328134033,1.566324367706302,2.2744884566576307,3.6888004599680495,6.405577143909191,8.336009659368498,11.920333793492638,16.094249404896143,16.094249404896143,16.094249404896143,11.894772103334065,11.982667983111686,12.089478207342756,11.963775715426825,6.955404747376436,4.040242215243151,1.6020120304924554,7.45520911800814,1.8540937046554307,8.290103400906098,8.571405663511438,4.474384973677422,6.360839167653966,16.094249404896143,11.925694884246383,16.094249404896143,16.094249404896143,11.313668520882727,11.02009526300329,3.997532547844383,9.699989765113354,1.566324367706302,1.8724638656040786,9.172559167423703,6.4880254925286005,11.925694884246383,11.925694884246383,16.094249404896143,11.925694884246383,10.680118978800047,10.5090717752629,1.671293120881267,1.566324367706302,9.959412138150139,16.094249404896143,11.925694884246383,10.887264835872786,5.356802003286608,9.986419117366454,11.925694884246383,16.094249404896143,16.094249404896143,5.189929679836216,11.925694884246383,9.917721474059933,8.74179846801519,12.13795500674478,10.248005351773692,16.094249404896143,6.175115620158894,11.921350898342734,10.42355568479119,9.534362461336482,16.094249404896143,1.7916991200920704,16.094249404896143,4.746169925596451,16.094249404896143,16.022877755595008,16.094249404896143,4.3994720120454325,16.08962866892288,14.950396867949914,1.566324367706302,6.70290302372249,10.245637477418779,16.094249404896143,16.094249404896143,16.094249404896143,16.094249404896143,8.826449000867294,16.094249404896143,16.094249404896143,16.094249404896143,16.094249404896143,16.086597030117186,15.181636230580082,16.094249404896143,15.892025596634813,15.777025319783489,15.509232169040756,16.094249404896143,15.892164778660458,15.777143438579307,15.777025319783489,15.777025319783489,15.934625067966522,14.89008326756834,15.777025319783489,15.89089742045162,15.799594443945557,15.74306524319808,15.777025319783489,15.877724757465788,15.777025319783489,15.777025319783489,15.777025319783489,15.928647625859835,15.777025319783489,15.777025319783489,15.777025319783489,15.63543075652534,15.773373544147919,13.416445727228357,14.793272910039814,14.504559527389183,13.994198118815172,13.072985261375933,14.123077536678593,13.072985261375933,13.072985261375933,13.072985261375933,13.072985261375933,13.072985261375933
2024-01-02 19:00:00,1.775990277519731,6.893856900001485,7.726319482315793,1.6225070156794201,2.1789855838568966,6.373439375421668,1.6225070156794201,6.408981767775862,1.6225070156794201,6.774771722600955,1.6225070156794201,1.6225070156794201,2.7469497522336264,5.900037312206742,8.194781279926444,1.6225070156794201,7.115090866820105,6.897053986924769,6.571764609555124,5.928457181818425,3.2520850078899946,8.03182020981882,4.38323541830903,6.975964273059763,6.998270630106957,3.5208308643285773,6.933386457002943,7.114763547952239,11.323009197120754,11.664356546627594,8.194781279926444,7.108155786199961,6.574094375861792,12.591049009268808,5.856724927085074,3.5208308643285773,4.136776564686131,6.620223376598527,6.839333934955254,8.255447125200133,12.400120230203422,12.591049009268808,12.591049009268808,12.591049009268808,12.599558701099264,12.547148046657012,12.716221435653699,12.477743302961603,8.070136471761998,5.672590724793437,3.5518712161225983,8.64285455691782,3.771126365828855,9.369027419715222,8.527643347106524,6.293861879836341,7.59797644522522,12.591049009268808,12.406319437593451,12.591049009268808,12.591049009268808,11.480309176098977,11.382043612845944,7.5767751657521725,10.595315871184395,3.5208308643285773,3.787104331709547,9.222777120283679,7.63745486441815,12.406319437593451,12.406319437593451,12.591049009268808,12.406319437593451,10.98172033471782,11.29903778135105,3.6121303995616563,3.5208308643285773,10.132641357815508,12.591049009268808,12.406319437593451,11.627981868211878,6.817705753020679,10.790871259555148,12.406319437593451,12.591049009268808,12.591049009268808,6.628886855138516,12.406319437593451,10.684136443557561,9.675412653275636,12.686141619764596,10.984006791876016,12.591049009268808,7.473905227760838,12.402593493333839,11.117897455688105,10.355214412947573,12.591049009268808,3.7141403693635398,12.591049009268808,6.248263127154589,12.591049009268808,12.587886173292967,12.591049009268808,5.950891743023304,12.58816414559004,12.00133479915171,3.5208308643285773,7.92660155095826,10.547475497510014,12.591049009268808,12.591049009268808,12.591049009268808,12.591049009268808,8.66150815270148,12.591049009268808,12.591049009268808,12.591049009268808,12.591049009268808,12.640400745751634,12.021277307404755,12.591049009268808,13.895231878528115,14.636892281025132,12.225805250495622,12.591049009268808,13.894334265061563,14.636130508653379,14.636892281025132,14.636892281025132,13.62049913945064,13.50656989975905,14.636892281025132,13.902507718421944,14.491339364385764,14.610327631025656,14.636892281025132,13.987460927227328,14.636892281025132,14.636892281025132,14.636892281025132,13.65904889115669,14.636892281025132,14.636892281025132,14.636892281025132,14.535186223368358,14.634269244555407,12.941309918119698,13.930272076102668,13.7228919389952,13.35630408666653,12.694605460413067,13.448876973664252,12.694605460413067,12.694605460413067,12.694605460413067,12.694605460413067,12.694605460413067
2024-01-02 20:00:00,0.9116334508722697,1.9474504202135323,6.575003448386,0.8780424854513988,0.9998320025425447,2.9347061107188273,0.8780424854513988,1.9255984596841234,0.8780424854513988,2.0056543405437295,0.8780424854513988,0.8780424854513988,1.1241352295620897,1.3514059937645593,7.835529215562711,0.8780424854513988,2.080135743065782,1.949367876726665,1.7542752032219466,1.7161802740407235,1.2346878768160288,7.397037477356822,1.4822486457663429,1.9966944104536002,2.0100726734257193,5.922556706777182,4.4379043464633545,2.0800641068714487,11.797137534223097,12.229422052856197,7.835529215562711,2.0786179485485885,2.7554273557685267,11.771166500171407,1.3689072241615303,5.922556706777182,6.243153923412348,3.3809496721998338,3.054203713937528,7.91235683927063,13.161197999679306,11.771166500171407,11.771166500171407,11.771166500171407,10.475878649878956,10.383126035028853,10.632065277954856,10.85521726707443,6.693336907016421,7.042538909318501,5.938713082871313,8.588549079855284,6.052834491118742,8.966519083499588,8.257067917093707,1.6656870532383747,6.229661082977492,11.771166500171407,13.169048716511815,11.771166500171407,11.771166500171407,8.81294682203162,9.8618049800831,4.174278187568058,9.604797204614236,5.922556706777182,6.061150956979072,9.13738987933433,6.335888666302123,13.169048716511815,13.169048716511815,11.771166500171407,13.169048716511815,9.986624206483803,9.971081579281751,5.970077741275545,5.922556706777182,10.2896479077361,11.771166500171407,13.169048716511815,10.142295630479705,7.63856659579093,10.831409772341491,13.169048716511815,11.771166500171407,11.771166500171407,8.457307915729157,13.169048716511815,11.762289140201254,10.941878648291503,11.315860082106923,11.653897801074462,11.771166500171407,9.146456163998934,13.166010051267538,12.118286057817299,11.496285755908337,11.771166500171407,6.080208789956543,11.771166500171407,8.146893155661834,11.771166500171407,11.79510025438158,11.771166500171407,7.904374205661171,11.76930629772703,11.468978590892872,5.922556706777182,9.51564917593491,11.462267615259067,11.771166500171407,11.771166500171407,11.771166500171407,11.771166500171407,9.618791766269181,11.771166500171407,11.771166500171407,11.771166500171407,11.771166500171407,11.824664150967083,11.403769343645473,11.771166500171407,13.184910467166704,13.98887588053312,11.535651963431338,11.771166500171407,13.183937447467592,13.98805011359493,13.98887588053312,13.98887588053312,12.887098126917621,13.029149234942983,13.98887588053312,13.1927975319313,13.83109543223269,13.969599363644411,13.98887588053312,13.284887444516727,13.98887588053312,13.98887588053312,13.98887588053312,12.92888634557023,13.98887588053312,13.98887588053312,13.98887588053312,13.448394402064283,13.974936665289732,4.978292996065389,10.233788505489134,9.131738876477195,7.183635204187043,3.667267938972807,7.6755816229491005,3.667267938972807,3.667267938972807,3.667267938972807,3.667267938972807,3.667267938972807
2024-01-02 21:00:00,3.5067879718410695,1.0226446224480152,7.035908614837081,3.5933044416876117,3.27962488675305,4.773623039266624,3.5933044416876117,0.8952323939887614,3.5933044416876117,0.6890414698623273,3.5933044416876117,3.5933044416876117,2.959471052008473,3.3829924178047275,7.819270246100479,3.5933044416876117,0.4972081023276269,1.0150514564814652,1.787622327650464,3.9885326714223375,2.6747330382966643,7.5467668096131435,2.037118622226056,0.8276374407012006,0.7746592529844385,6.80657745087192,5.703203727958712,0.49739260761258336,10.783386777266895,11.10682654838515,7.819270246100479,0.5011173148773338,3.7171372861476417,12.422793595748287,3.7070287043617056,6.80657745087192,7.266405154590741,4.764744294310307,3.357576188229012,7.876753472902639,11.803990999073589,12.422793595748287,12.422793595748287,12.422793595748287,13.443642446766233,13.259955704145778,13.608911343334311,13.152135992304949,7.458332657022964,8.412950861738368,6.8297502949713005,10.630369696827199,6.99343289225127,11.172486314914176,8.134669885143282,2.5987826440281747,6.82129343936416,12.422793595748287,11.809864987028213,12.422793595748287,12.422793595748287,11.055960057889061,11.904945007902231,6.408102862610027,12.087958900255137,6.80657745087192,7.005361072538511,8.793335929622067,6.887309236204818,11.809864987028213,11.809864987028213,12.422793595748287,11.809864987028213,11.190688744849824,12.613314998724064,6.8747361466992505,6.80657745087192,9.655467366005418,12.422793595748287,11.809864987028213,12.858884704016745,9.26782429233133,11.534553349410462,11.809864987028213,12.422793595748287,12.422793595748287,8.556677929002568,11.809864987028213,10.841525949682874,10.272131663337552,13.261599808831406,11.229834883663175,12.422793595748287,9.032495308846528,11.807766962781058,11.084373575923042,10.654918005718043,12.422793595748287,6.915427181439588,12.422793595748287,8.342354322766969,12.422793595748287,12.41229937635125,12.422793595748287,8.174908883209456,12.42100730817399,12.031990281462615,6.80657745087192,9.287401930226066,10.825886757017198,12.422793595748287,12.422793595748287,12.422793595748287,12.422793595748287,9.864289409023982,12.422793595748287,12.422793595748287,12.422793595748287,12.422793595748287,12.454525322007441,12.069994911111618,12.422793595748287,13.261345118927514,13.738211112842004,12.19663719442936,12.422793595748287,13.260767979664802,13.737721315438813,13.738211112842004,13.738211112842004,13.084699985602416,13.025823667431457,13.738211112842004,13.266023271638447,13.644624835312964,13.721646214965654,13.738211112842004,13.320645705594487,13.738211112842004,13.738211112842004,13.738211112842004,13.109486350899214,13.738211112842004,13.738211112842004,13.738211112842004,13.536495996768927,13.733008806134375,10.375337740056699,12.336760895033631,11.925460827056831,11.198401762069738,9.886045170188572,11.382002926800574,9.886045170188572,9.886045170188572,9.886045170188572,9.886045170188572,9.886045170188572
2024-01-02 22:00:00,1.0942314502612795,7.698969488484806,5.079285717934445,0.8680200376277548,1.6881863638990835,2.4029953231051,0.8680200376277548,7.92256919317653,0.8680200376277548,8.46168897350951,0.8680200376277548,0.8680200376277548,2.525280750043939,2.0195287503296497,6.006004798879575,0.8680200376277548,8.963268581845844,7.717240073949726,5.858289250066537,1.5605686420667688,3.2697746993053993,5.6836324434597065,4.936921521530918,8.168193445405237,8.295668929375909,7.254100259280442,3.516935617398397,8.962786162703889,3.6902211193485694,3.4375264174394804,6.006004798879575,8.953047308431401,4.085097822432367,13.144120136542853,1.5565309625412835,7.254100259280442,7.795953492989513,3.280378397095172,5.351244765010539,5.9610947162038315,2.8928507814184607,13.144120136542853,13.144120136542853,13.144120136542853,15.001842072516242,15.002444645683177,15.237458652515764,13.395966152799872,5.784148830771516,9.147023674252644,7.281406749098122,11.759992741934127,7.474287569285253,12.398813848583842,5.759591633625957,4.130609476571331,4.825395343127118,13.144120136542853,2.8882615942876417,13.144120136542853,13.144120136542853,13.521749502195865,12.475660847246504,4.844678948301688,13.477591348780598,7.254100259280442,7.488343536354298,5.244993755969311,4.903492222185858,2.8882615942876417,2.8882615942876417,13.144120136542853,2.8882615942876417,9.9969332734439,14.09666214095331,7.334417320302967,7.254100259280442,4.571433897915574,13.144120136542853,2.8882615942876417,14.386037352228506,10.154392149515312,8.422654111393285,2.8882615942876417,13.144120136542853,13.144120136542853,5.726973089428638,2.8882615942876417,3.7448863313760357,4.230078460198595,12.422830391675364,5.237665673966662,13.144120136542853,5.311777700519565,2.890092317649458,3.5213210438663554,3.8960613960344626,13.144120136542853,7.159118637906058,13.144120136542853,5.913990581460067,13.144120136542853,12.968525086619941,13.144120136542853,6.060102466698332,13.14224676325242,12.239553184775023,7.254100259280442,5.08934771312843,5.076535798276632,13.144120136542853,13.144120136542853,13.144120136542853,13.144120136542853,8.043671733345906,13.144120136542853,13.144120136542853,13.144120136542853,13.144120136542853,13.044506632174537,12.77412168712816,13.144120136542853,10.511705652216545,9.014708849081698,12.906938079304219,13.144120136542853,10.513517430876103,9.016246440682098,9.014708849081698,9.014708849081698,11.066237120703732,9.683139613245874,9.014708849081698,10.497019808096368,9.308498635030208,9.010501428015825,9.014708849081698,10.325546878478528,9.014708849081698,9.014708849081698,9.014708849081698,10.988426771288676,9.014708849081698,9.014708849081698,9.014708849081698,8.665469766181738,9.005701845249233,3.192404425476865,6.588310677612821,5.876207086502323,4.617414755945364,2.34526866442362,4.935292283610332,2.34526866442362,2.34526866442362,2.34526866442362,2.34526866442362,2.34526866442362
2024-01-02 23:00:00,0.9878059734371958,9.991129814102813,4.757079367377487,0.704497249954179,1.73167917784445,5.33076687964293,0.704497249954179,9.53966295949593,0.704497249954179,10.21486026714912,0.704497249954179,0.704497249954179,2.780061923933856,6.1641992768014955,4.558428591234702,0.704497249954179,10.843042006118635,10.003440931459904,8.750839486485434,5.562757183465168,3.712471248249421,4.627532076776213,5.8004173539070525,10.307303108685941,10.393198858788105,4.49242787042758,5.100464677155171,10.842437821079075,9.160263023461429,9.662408016694137,4.558428591234702,10.830240813244659,6.715965751862444,2.7692457968823416,5.847707762844048,4.49242787042758,5.166078543274054,5.67137063480952,7.451739221478236,4.647672144783382,10.744766061787596,2.7692457968823416,2.7692457968823416,2.7692457968823416,14.380973834523935,14.388624798755377,14.53166612804088,13.577824628461961,5.635154958604024,6.845775701193732,4.526376242596255,10.094309180493306,4.766172346439393,10.888513665308036,5.048091161379304,7.521079814208292,4.811503109207881,2.7692457968823416,10.753885514325933,2.7692457968823416,2.7692457968823416,13.486266107914506,11.520210073462284,7.356480487481241,12.22968714854938,4.49242787042758,4.783647210636022,6.070679865619045,4.794762323398738,10.753885514325933,10.753885514325933,2.7692457968823416,10.753885514325933,10.216849991274405,12.999337359607564,4.592280817375064,4.49242787042758,7.409151577961868,2.7692457968823416,10.753885514325933,13.359098626410841,8.09817101591724,10.960544210074891,10.753885514325933,2.7692457968823416,2.7692457968823416,6.682623804039618,10.753885514325933,9.543253304436092,8.8294604229595,13.695270962886655,10.219908895806732,2.7692457968823416,7.278094351873147,10.751259902692683,9.845955736390986,9.308505541225786,2.7692457968823416,4.628649898958604,2.7692457968823416,6.414404523649689,2.7692457968823416,2.905954313680259,2.7692457968823416,6.204851800589768,2.769793870290989,3.2903841997346825,4.49242787042758,7.5971020046180815,8.444057796630203,2.7692457968823416,2.7692457968823416,2.7692457968823416,2.7692457968823416,5.514710832448171,2.7692457968823416,2.7692457968823416,2.7692457968823416,2.7692457968823416,2.895861268119299,2.877492408703161,2.7692457968823416,6.115221852413809,8.018005585112443,2.838635693303227,2.7692457968823416,6.112918959746679,8.016051202659087,8.018005585112443,8.018005585112443,5.410375018207274,6.784185898920228,8.018005585112443,6.133888549119044,7.644578985693389,8.00958032237542,8.018005585112443,6.351842188292986,8.018005585112443,8.018005585112443,8.018005585112443,5.5092772114467765,8.018005585112443,8.018005585112443,8.018005585112443,8.141851709255025,8.021199622004092,10.08269385096791,8.878447683023772,9.130971739079412,9.577360928815498,10.383102613234286,9.464636146049392,10.383102613234286,10.383102613234286,10.383102613234286,10.383102613234286,10.383102613234286
2024-01-03 00:00:00,0.5197342308152995,14.339604443839518,3.510196283909024,0.07373871243907461,1.690768116842761,4.937701596626544,0.07373871243907461,13.982397302696471,0.07373871243907461,15.045318943551163,0.07373871243907461,0.07373871243907461,3.341172666870194,6.72708011806218,3.015894016112623,0.07373871243907461,16.034226863017263,14.364093699509272,11.872420835988674,5.495497087068872,4.809007383798261,3.1878440596969133,8.095932665469716,14.968535874058922,15.139399567758137,7.4531166729216265,4.36142981955394,16.033275731627445,11.287129522619196,12.189673835894533,3.015894016112623,16.014074731513958,7.723463204342496,0.5093823107492275,6.0267749856329305,7.4531166729216265,7.9567259927005844,5.585044324499986,9.172923094466814,3.1762984069506217,14.135080265694784,0.5093823107492275,0.5093823107492275,0.5093823107492275,14.765283456999782,14.878450614755524,14.922937625149377,14.20114374840638,4.583512940838341,9.21243785825878,7.478495875087681,11.640983990152979,7.657763198063559,12.234717206024191,3.896002697994846,9.41828150611335,3.645618755097324,0.5093823107492275,14.151471368144442,0.5093823107492275,0.5093823107492275,14.599710046098615,11.32686184759836,7.225007997946238,13.237354764073034,7.4531166729216265,7.670827097241613,5.7339810354657175,3.6039626964056377,14.151471368144442,14.151471368144442,0.5093823107492275,14.151471368144442,10.3049539364392,13.812731639480802,7.527764968718115,7.4531166729216265,8.139720510587967,0.5093823107492275,14.151471368144442,14.081682794969227,10.148706428847738,13.154143475509066,14.151471368144442,0.5093823107492275,0.5093823107492275,9.796134872472075,14.151471368144442,12.85368358207985,12.092768334527275,14.812254189420717,13.156022160906618,0.5093823107492275,10.433154743369787,14.148662552847487,13.180190232530665,12.605239120030303,0.5093823107492275,7.598843677126907,0.5093823107492275,9.509200427119731,0.5093823107492275,0.7429544977305967,0.5093823107492275,9.285026034153425,0.511590827318106,1.655617453082926,7.4531166729216265,10.774421350939726,11.051998340397043,0.5093823107492275,0.5093823107492275,0.5093823107492275,0.5093823107492275,6.912412228588721,0.5093823107492275,0.5093823107492275,0.5093823107492275,0.5093823107492275,0.6981345745768142,0.9455728501172238,0.5093823107492275,5.49740272424606,8.333981331997913,0.7889958324788191,0.5093823107492275,5.493969682454042,8.33106783249543,8.333981331997913,8.333981331997913,4.446650913993678,6.78629964380074,8.333981331997913,5.525230139228406,7.777294891350602,8.331876282332559,8.333981331997913,5.8501449573121445,8.333981331997913,8.333981331997913,8.333981331997913,4.594089553909436,8.333981331997913,8.333981331997913,8.333981331997913,8.669462261224389,8.342633508009174,13.92691807335881,10.664792381203927,11.348842896018994,12.558045535230418,14.740681212178325,12.252690683546177,14.740681212178325,14.740681212178325,14.740681212178325,14.740681212178325,14.740681212178325
2024-01-03 01:00:00,1.1547887543354032,4.292108579645023,5.075430535092009,1.0699448873261304,1.3775601482076925,5.19621202491349,1.0699448873261304,3.7158557341560314,1.0699448873261304,3.9180604169884696,1.0699448873261304,1.0699448873261304,1.69152452314992,5.127307550714996,5.033607528344013,1.0699448873261304,4.106185114539402,4.2894217703473005,4.562792668461689,5.228331348178282,1.9707577629099302,5.0481562534898705,2.596045327419268,4.223106122521293,4.204360017410328,8.552891892000877,5.1449664031208435,4.106004176252309,13.303657752931972,14.20607273009369,5.033607528344013,4.10235147788887,4.919956025517949,8.699554506393442,5.311243749180267,8.552891892000877,9.124768366037147,5.095945133065259,4.747231622623421,5.193988932963813,16.15120037989018,8.699554506393442,8.699554506393442,8.699554506393442,16.82147851892553,16.661067192012492,17.019628499574374,16.310426241777005,6.111585660816288,10.550699233234198,8.581711391717338,13.308448830782662,8.78527943652311,13.982666015960403,5.913590089176215,4.824388781091316,5.086888655548522,8.699554506393442,16.16758913346737,8.699554506393442,8.699554506393442,14.3956269155003,13.421280444191847,7.7312223065321,15.121216890445758,8.552891892000877,8.800114222746663,7.751305041269112,5.083364128680532,16.16758913346737,16.16758913346737,8.699554506393442,16.16758913346737,12.375035519227204,15.77458942710696,8.637659195774464,8.552891892000877,10.156699769890247,8.699554506393442,16.16758913346737,16.079998466312606,11.613884420383638,15.030304951427318,16.16758913346737,8.699554506393442,8.699554506393442,11.216437648027629,16.16758913346737,14.692254748459268,13.827253181675573,16.91158473173671,15.034735535694551,8.699554506393442,11.940602562307788,16.16439606904085,15.063435633008305,14.40983055391971,8.699554506393442,8.718554516245085,8.699554506393442,10.890250243967873,8.699554506393442,8.82741800097697,8.699554506393442,10.635408538892836,8.699507859042459,9.074496122777935,8.552891892000877,12.32855483021632,13.634854562038562,8.699554506393442,8.699554506393442,8.699554506393442,8.699554506393442,10.51461133111396,8.699554506393442,8.699554506393442,8.699554506393442,8.699554506393442,8.71827411985654,8.690341474681642,8.699554506393442,9.194244276959502,9.475563578874235,8.693648628089718,8.699554506393442,9.19390380308096,9.475274630898696,9.475563578874235,9.475563578874235,9.090035366641267,9.266388207312872,9.475563578874235,9.197004076718104,9.420353883489687,9.473358620705381,9.475563578874235,9.229227689190987,9.475563578874235,9.475563578874235,9.475563578874235,9.104657677880239,9.475563578874235,9.475563578874235,9.475563578874235,9.785538112111222,9.483557935592986,14.643272991819689,11.629164585963107,12.261207186802514,13.378474938929973,15.395166250559177,13.096336017231163,15.395166250559177,15.395166250559177,15.395166250559177,15.395166250559177,15.395166250559177
2024-01-03 02:00:00,0.49994078414998255,10.76787643101233,4.86166215784494,0.1520053150252153,1.413502036916338,2.4175925275965326,0.1520053150252153,11.00259787056558,0.1520053150252153,11.831817278644186,0.1520053150252153,0.1520053150252153,2.701035784901319,2.5228671170474692,5.707970154124295,0.1520053150252153,12.60329619873142,10.794400371356987,8.095707390171272,1.6794314998149618,3.846140925624213,5.4135699331932665,6.410377207684082,11.449062497301147,11.634122365182046,8.531546376267128,3.4400186990131347,12.60255419049887,15.968226542857838,17.087809711432083,5.707970154124295,12.587574871858013,5.012191229631556,2.229805185355003,1.8025169599434436,8.531546376267128,9.036782215641015,3.539380205876041,6.779124459648122,5.906947704041938,19.501036699629857,2.229805185355003,2.229805185355003,2.229805185355003,15.709020993227442,15.777163445263026,15.954769349377154,15.894912469575303,5.661767178085769,10.296549685165814,8.557007546276122,12.73293935314161,8.736853853401222,13.328590164005302,6.799722494987806,5.5478045478894975,4.629801760453893,2.229805185355003,19.521369443570613,2.229805185355003,2.229805185355003,14.660029391251198,12.934109335870206,5.034799889333234,14.334465965610667,8.531546376267128,8.749959945380647,9.079687678490878,4.701122201125586,19.521369443570613,19.521369443570613,2.229805185355003,19.521369443570613,12.635601223958156,14.911701150079772,8.606435765528477,8.531546376267128,12.063946051962922,2.229805185355003,19.521369443570613,15.181520943830636,11.2358421457353,16.082984108117245,19.521369443570613,2.229805185355003,2.229805185355003,12.375677753020817,19.521369443570613,17.3881532013533,16.143706850738774,16.928796763893608,17.260723375893843,2.229805185355003,13.420820327586954,19.516761090542623,17.92781276962832,16.98450485503929,2.229805185355003,8.770637028406885,2.229805185355003,11.904911582846808,2.229805185355003,2.5258616370559173,2.229805185355003,11.537114261412501,2.231809510276868,3.5227839872050652,8.531546376267128,13.98072791782658,15.063428594055784,2.229805185355003,2.229805185355003,2.229805185355003,2.229805185355003,9.275653016190832,2.229805185355003,2.229805185355003,2.229805185355003,2.229805185355003,2.5024183977672116,2.6256670869847643,2.229805185355003,9.433958613380307,13.530803815858695,2.48356662775962,2.229805185355003,9.429000301716705,13.526595874493504,13.530803815858695,13.530803815858695,7.916367138543754,11.04705117603129,13.530803815858695,9.474149500830508,12.726786551038998,13.518856821400698,13.530803815858695,9.943421076820954,13.530803815858695,13.530803815858695,13.530803815858695,8.129311452143277,13.530803815858695,13.530803815858695,13.530803815858695,13.454401339689214,13.528833368021202,12.257067579690197,12.999984564662727,12.844198799798583,12.568814812877356,12.071741042755251,12.638356371715988,12.071741042755251,12.071741042755251,12.071741042755251,12.071741042755251,12.071741042755251
2024-01-03 03:00:00,0.985168382114564,13.847248848465815,4.28929477621065,0.5390371260600654,2.1565586695279593,1.4414350075623181,0.5390371260600654,14.451928783572978,0.5390371260600654,15.51517392210819,0.5390371260600654,0.5390371260600654,3.8074655162660163,1.9109633870844052,5.27542318460808,0.5390371260600654,16.50438281335424,13.88564751018452,9.978754434697036,0.605057176753321,5.275746965208994,4.93238445334843,8.5636726147945,14.833400716816936,15.101311561590705,7.57929431457968,2.6366944094679887,16.503431392489837,19.554867418785566,21.11301809411708,5.27542318460808,16.484224548597506,5.270755911003599,10.011841128474323,0.7296361592227376,7.57929431457968,7.400304852174832,2.992658687929435,7.794647546321549,5.552345000228805,24.47156381625139,10.011841128474323,10.011841128474323,10.011841128474323,4.740015093457849,5.030456262055575,4.817668002503423,7.170040420203113,4.1540678699140265,6.954008123888902,7.570274207974107,6.090870470352412,7.5065602128075914,5.879849774453982,6.794841031321121,6.271102916997571,4.019128210781961,10.011841128474323,24.499861382338395,10.011841128474323,10.011841128474323,6.381184456544958,5.063218503981223,1.8469394349460884,5.523499027051527,7.57929431457968,7.501917128974635,9.967923112334976,4.102231658882391,24.499861382338395,24.499861382338395,10.011841128474323,24.499861382338395,7.875418234323266,5.31900241913605,7.552763315630105,7.57929431457968,14.121186872016835,10.011841128474323,24.499861382338395,5.2234135949356455,6.621245798938624,13.834391482176438,24.499861382338395,10.011841128474323,10.011841128474323,13.497941264516076,24.499861382338395,21.20361001427776,19.299416745126052,9.548977628864094,19.149026661411504,10.011841128474323,15.107103206433987,24.492766095544017,22.04632938163339,20.593957970683316,10.011841128474323,7.947412107744255,10.011841128474323,12.773122447426996,10.011841128474323,10.259896874298015,10.011841128474323,12.206840423907739,10.011067435290967,10.601824023492721,7.57929431457968,15.969169308351804,19.131476416818955,10.011841128474323,10.011841128474323,10.011841128474323,10.011841128474323,12.613460957074217,10.011841128474323,10.011841128474323,10.011841128474323,10.011841128474323,10.069471237385663,9.859033741058852,10.011841128474323,11.534790595954044,12.40085879977512,9.913886203079915,10.011841128474323,11.533742414764802,12.399969245974617,12.40085879977512,12.40085879977512,11.213973562898767,11.624833870763458,12.40085879977512,11.543286901765873,12.23089050613242,12.389336447729931,12.40085879977512,11.642490354870827,12.40085879977512,12.40085879977512,12.40085879977512,11.258989737559572,12.40085879977512,12.40085879977512,12.40085879977512,12.47575114253834,12.402790300719085,13.649418997974148,12.921186141230628,13.073892722021998,13.343833605799851,13.83108246260406,13.275666570882318,13.83108246260406,13.83108246260406,13.83108246260406,13.83108246260406,13.83108246260406
2024-01-03 04:00:00,1.4083161093833372,16.621435212153468,1.110397202522692,0.8885137251852548,2.773141944741482,1.5931703637808106,0.8885137251852548,17.09888714448537,0.8885137251852548,18.33770946526468,0.8885137251852548,0.8885137251852548,4.696668492987969,3.734156021315,0.943227338904575,0.8885137251852548,19.49026968865514,16.662893191331705,12.444728168765824,1.8869131345185925,6.407412108183452,1.0013797432284712,10.238283782217868,17.68615626738676,17.975412239525127,1.8015037443469173,1.4156179340644943,19.489161156520304,14.236609942656077,15.687163111378103,0.943227338904575,19.46678262304464,6.104376326748608,14.37529424276792,2.5548347409672614,1.8015037443469173,2.9137248765906802,2.8929349807541747,8.65367281582732,1.2010264230986858,18.81378572668018,14.37529424276792,14.37529424276792,14.37529424276792,18.074263298615243,18.256414797434605,18.35286332668285,17.515824289436512,2.6257471755291055,5.686964405787768,1.8575537097863217,11.050408294608424,2.2534655746065626,12.361668042336795,2.3577223598649013,8.3434827722941,1.156196215625139,14.37529424276792,18.840129215024717,14.37529424276792,14.37529424276792,17.652144047210772,13.126541827393666,5.220962492262551,14.575992988770802,1.8015037443469173,2.282317194631607,5.311688455762812,1.1421084031588895,18.840129215024717,18.840129215024717,14.37529424276792,18.840129215024717,11.853125197735508,15.846712760425918,1.9663644981297876,1.8015037443469173,9.17815015457322,14.37529424276792,18.840129215024717,16.44069136035909,7.754713450070276,15.355584536960453,18.840129215024717,14.37529424276792,14.37529424276792,7.761446355566606,18.840129215024717,15.536855694933339,13.603399967144197,18.58755557979498,15.978061477238041,14.37529424276792,9.381835763333637,18.832984422902065,16.369478398599526,14.906973482753573,14.37529424276792,2.1721899738158483,14.37529424276792,7.0315703231011994,14.37529424276792,14.451738639560329,14.37529424276792,6.461337229205239,14.371295036692201,13.800740030082602,1.8015037443469173,10.249916684187221,14.681829772416368,14.37529424276792,14.37529424276792,14.37529424276792,14.37529424276792,10.114961751449572,14.37529424276792,14.37529424276792,14.37529424276792,14.37529424276792,14.359330572940536,13.58543562011022,14.37529424276792,13.953433813872305,13.713530972892668,13.86896700451602,14.37529424276792,13.953724162419974,13.713777381296767,13.713530972892668,13.713530972892668,14.042300853817952,13.045385275543104,13.713530972892668,13.95108031804704,13.7606125726344,13.685064160570525,13.713530972892668,13.923600738344344,13.713530972892668,13.713530972892668,13.713530972892668,14.029831272157388,13.713530972892668,13.713530972892668,13.713530972892668,13.85397404019982,13.717153051026004,16.05491351592634,14.689283167864406,14.975648633451895,15.481859606571353,16.395580842503808,15.354028280699758,16.395580842503808,16.395580842503808,16.395580842503808,16.395580842503808,16.395580842503808
2024-01-03 05:00:00,0.8446563876371571,4.1958864178856885,3.9048193281343924,0.7291445082027463,1.1479516439412945,1.7453382811857792,0.7291445082027463,4.3314571503152495,0.7291445082027463,4.606751567787536,0.7291445082027463,0.7291445082027463,1.575402870569886,1.1996561909166048,4.652582835044208,0.7291445082027463,4.862876590704788,4.205525197997724,3.2248221841342253,1.0494216327767596,1.9555689033334918,4.392462710212321,2.8068754775086764,4.443428925636144,4.510679543413434,6.306813028646878,2.6415019912549784,4.862630249721751,16.827016347154068,18.1554715368364,4.652582835044208,4.8576572320147475,2.553563716989238,14.221513584272085,0.9200523963831312,6.306813028646878,6.153448523698337,2.2870214546613106,3.25844638113385,4.88868209612455,21.018915724225696,14.221513584272085,14.221513584272085,14.221513584272085,3.8985152697439975,3.9473974311451387,3.951438295538226,6.003386619958446,3.7717937891020283,5.7710456946484925,6.299084282129846,5.03147881088605,6.244491876545071,4.850668811651801,5.948015013535191,2.3340072256591777,3.699956861244261,14.221513584272085,21.04304179182546,14.221513584272085,14.221513584272085,3.924357389418402,4.250511211776217,1.9773168941938195,4.545334881770466,6.306813028646878,6.240513518021009,8.653335766237127,3.7629727172511505,21.04304179182546,21.04304179182546,14.221513584272085,21.04304179182546,6.717658492813294,4.370114951975518,6.284080329944826,6.306813028646878,12.194344272680217,14.221513584272085,21.04304179182546,4.288211064980487,5.485923159802875,11.768554777373717,21.04304179182546,14.221513584272085,14.221513584272085,11.461400051261645,21.04304179182546,18.172346782289093,16.5139417009526,8.05106778064392,16.387888508745988,14.221513584272085,12.86282935313693,21.036862461728326,18.906245271036198,17.641365833180828,14.221513584272085,6.6274091404761375,14.221513584272085,10.83015076406527,14.221513584272085,14.338307959040486,14.221513584272085,10.336972172021735,14.218996243255983,14.066275237715832,6.306813028646878,13.613608167816768,17.08190343437871,14.221513584272085,14.221513584272085,14.221513584272085,14.221513584272085,12.548397288596526,14.221513584272085,14.221513584272085,14.221513584272085,14.221513584272085,14.395744736682232,13.72432902561419,14.221513584272085,18.825795023157156,21.444149630983304,13.902800744701253,14.221513584272085,18.822626092541086,21.441460273168087,21.444149630983304,21.444149630983304,17.85587977507013,19.060658377528025,21.444149630983304,18.851481616168822,20.930290257229352,21.40797512333248,21.444149630983304,19.151400049155527,21.444149630983304,21.444149630983304,21.444149630983304,17.991975648154714,21.444149630983304,21.444149630983304,21.444149630983304,21.21119821901384,21.43814172876639,17.560523476852932,19.825679912902793,19.350688581347743,18.511041860411954,16.99546222990278,18.723074311900575,16.99546222990278,16.99546222990278,16.99546222990278,16.99546222990278,16.99546222990278
2024-01-03 06:00:00,1.7840063732302043,16.10276547960945,4.899397927944688,1.3039887544896993,3.04437082595361,4.1619049991540455,1.3039887544896993,16.27364854093192,1.3039887544896993,17.41765356772777,1.3039887544896993,1.3039887544896993,4.820674016055117,5.414855487023104,5.154769606030457,1.3039887544896993,18.481998847213987,16.137148155996762,12.638863729357682,4.02273454235616,6.4004803066871485,5.065934951532921,9.938143762208552,16.985779080621118,17.225670042029847,7.186748237664825,4.484206729081681,18.480975160190155,16.251033755984295,17.461840787081847,5.154769606030457,18.460309440531198,7.782702075838975,15.7909738366393,4.4246440674537295,7.186748237664825,7.787808318087777,5.359808487581667,9.953121644800463,5.3699598868719,20.071697997301648,15.7909738366393,15.7909738366393,15.7909738366393,15.880815510526665,16.048210244303366,16.086950354275654,16.009293958452417,5.815934107807692,9.286506307298415,7.217038434243583,12.184987483119112,7.430994823319906,12.89361085537514,6.335478147958742,9.268953163444923,4.829434535156608,15.7909738366393,20.093687457322133,15.7909738366393,15.7909738366393,15.808294458747678,12.833878463031038,6.623786775200708,14.090263473997089,7.186748237664825,7.446586648137693,8.801215354743182,4.850955329827364,20.093687457322133,20.093687457322133,15.7909738366393,20.093687457322133,12.553736583804554,14.776978467988647,7.275841328107566,7.186748237664825,12.028631702751694,15.7909738366393,20.093687457322133,15.097972930955835,10.403947228730695,16.09865441256045,20.093687457322133,15.7909738366393,15.7909738366393,11.701467876760109,20.093687457322133,17.588438033864314,16.126809599215964,17.136911610660466,17.453710893571266,15.7909738366393,12.928930011790747,20.088275201631507,18.22214330163455,17.1142803411065,15.7909738366393,7.467546981762644,15.7909738366393,11.148579053355453,15.7909738366393,15.864642482702903,15.7909738366393,10.716621446410091,15.78823718604085,15.462003277469217,7.186748237664825,13.586510501630322,16.83029829771884,15.7909738366393,15.7909738366393,15.7909738366393,15.7909738366393,13.18930339801653,15.7909738366393,15.7909738366393,15.7909738366393,15.7909738366393,15.871298689086231,15.250474789713431,15.7909738366393,17.913660980049634,19.120786942416444,15.444494882232341,15.7909738366393,17.912200024987186,19.119547082226713,19.120786942416444,19.120786942416444,17.466506162378344,17.691607198264983,19.120786942416444,17.925503132070013,18.883885115135328,19.09226752808542,19.120786942416444,18.06377291644853,19.120786942416444,19.120786942416444,19.120786942416444,17.52924971181215,19.120786942416444,19.120786942416444,19.120786942416444,18.993611275783994,19.117507035404767,17.0005905421152,18.23721227943778,17.97789923761313,17.51950909278432,16.692105437167786,17.63526442621545,16.692105437167786,16.692105437167786,16.692105437167786,16.692105437167786,16.692105437167786
2024-01-03 07:00:00,0.9211779223113654,17.5921450618781,4.97057588188806,0.3913487448424876,2.312330736763477,7.395715801865677,0.3913487448424876,16.914414194919793,0.3913487448424876,18.177132934198347,0.3913487448424876,0.3913487448424876,4.272961391563668,9.686919627370365,4.1308226764260985,0.3913487448424876,19.351925612543596,17.617575927975583,15.030098390665461,8.292099723180305,6.016704610243774,4.422942720550005,9.921472363808006,18.245258868279507,18.422692260865357,8.54407069737174,6.4082547166283295,19.350795697239143,16.546338827748215,17.901100578872224,4.1308226764260985,19.327985490235836,10.388440253681404,14.486684273848738,8.839495489713368,8.54407069737174,8.228202072801318,7.968560649322756,11.84707652033586,4.371597262475007,20.82124774806729,14.486684273848738,14.486684273848738,14.486684273848738,3.920645425915568,4.20477519262155,3.8431136765215004,5.772929542306208,5.027390832995173,7.440607474661793,8.528152616895381,5.917399908280901,8.415714422217675,5.545004706497642,5.451907482466481,12.455575554890554,5.20064048340997,14.486684273848738,20.8458515689888,14.486684273848738,14.486684273848738,6.4912084324077295,3.9419686799813487,6.9059028248324115,4.916140755881037,8.54407069737174,8.407520618602783,8.210799998185426,5.129872430960606,20.8458515689888,20.8458515689888,14.486684273848738,20.8458515689888,6.388452523484075,4.55525882795236,8.497250565984752,8.54407069737174,11.821928865905058,14.486684273848738,20.8458515689888,4.386570068185083,6.8533707933584065,12.049066051065191,20.8458515689888,14.486684273848738,14.486684273848738,12.847111933697548,20.8458515689888,18.44707788476777,17.06496585128357,7.848825603554268,16.59260483258133,14.486684273848738,14.017022937102356,20.8406930738263,19.062057153984533,18.006137764867056,14.486684273848738,8.811703833325128,14.486684273848738,12.320146009698192,14.486684273848738,14.59556236475235,14.486684273848738,11.908441287452582,14.484794172663763,14.433802998673801,8.54407069737174,14.643771924897761,17.457209667511908,14.486684273848738,14.486684273848738,14.486684273848738,14.486684273848738,13.541585544467114,14.486684273848738,14.486684273848738,14.486684273848738,14.486684273848738,14.619787121960119,14.113382000751972,14.486684273848738,18.004097575342062,20.00437393721107,14.247384349092261,14.486684273848738,18.00167668972757,20.002319418373055,20.00437393721107,20.00437393721107,17.263136615368985,18.190437810219127,20.00437393721107,18.023720694634083,19.611814138178268,19.976986634006998,20.00437393721107,18.252841589947103,20.00437393721107,20.00437393721107,20.00437393721107,17.367106244641253,20.00437393721107,20.00437393721107,20.00437393721107,19.808807067229566,19.99933019602151,16.74400043391096,18.645639709120857,18.246876004727664,17.541977589580167,16.26962142723478,17.71998261870431,16.26962142723478,16.26962142723478,16.26962142723478,16.26962142723478,16.26962142723478
2024-01-03 08:00:00,0.44292724674507455,14.78443254920399,7.077666679311182,0.0,1.6059048857844604,8.587723652821298,0.0,13.812972555708855,0.0,14.868581718786542,0.0,0.0,3.244955309476259,9.994644057524141,6.55477924774929,0.0,15.850686345416507,14.799841150865806,13.232084452038672,9.144522448248974,4.7026919078457246,6.7366730453391055,7.967004451989722,15.180155229040947,15.287662399948129,10.365511750748452,7.97264040922183,15.849741757432039,16.650843308916357,17.752510066887613,6.55477924774929,15.830672852556082,10.40532666597336,14.902524960271261,9.568868215182633,10.365511750748452,10.807303968874287,8.930524610744836,11.287108728986029,6.750572609493007,20.127118784632273,14.902524960271261,14.902524960271261,14.902524960271261,16.796312646188174,16.84723246937186,16.925632596796326,16.741243549095845,8.021482430303818,11.908879552613245,10.387775703337985,14.039326191093593,10.545038297862158,14.560179765705476,7.629060547814117,11.671054692820658,7.220920539850987,14.902524960271261,20.147126148735822,14.902524960271261,14.902524960271261,16.353059514790285,13.801172342284179,10.53281074707168,15.439745439631228,10.365511750748452,10.55649862786117,9.872540016334376,7.176855539632823,20.147126148735822,20.147126148735822,14.902524960271261,20.147126148735822,13.46472905820378,15.944495880223315,10.430997107917216,10.365511750748452,12.809042046316002,14.902524960271261,20.147126148735822,16.180433784634793,12.730222908100695,17.042413658708234,20.147126148735822,14.902524960271261,14.902524960271261,13.787023688868766,20.147126148735822,18.248335641307882,17.14079994609807,17.74911514512705,18.119575261837408,14.902524960271261,14.717264475523589,20.143024432807046,18.728763286078067,17.889161572513494,14.902524960271261,10.57831704807416,14.902524960271261,13.36801301689902,14.902524960271261,14.992320076274458,14.902524960271261,13.040650915357404,14.901081922804126,14.8821994196806,10.365511750748452,15.21561646105507,17.42949922637534,14.902524960271261,14.902524960271261,14.902524960271261,14.902524960271261,14.27892507308555,14.902524960271261,14.902524960271261,14.902524960271261,14.902524960271261,14.916017853454305,14.617519495522703,14.902524960271261,15.259091950618068,15.461863834692847,14.719826404209066,14.902524960271261,15.258846540760441,15.46165556414404,15.461863834692847,15.461863834692847,15.18397930481386,15.0156951435179,15.461863834692847,15.261081184179048,15.422069288509478,15.449684807939654,15.461863834692847,15.284307612541234,15.461863834692847,15.461863834692847,15.461863834692847,15.194518907248792,15.461863834692847,15.461863834692847,15.461863834692847,15.379180337162158,15.459731397014462,14.083414179417703,14.887406114917578,14.718813255755684,14.42079004572145,13.882852011445026,14.496048592260692,13.882852011445026,13.882852011445026,13.882852011445026,13.882852011445026,13.882852011445026
2024-01-03 09:00:00,0.4440479078432954,14.215054571077914,7.45326106573317,0.0,1.609968025151403,6.160228555733596,0.0,13.847921096598425,0.0,14.906201082328547,0.0,0.0,3.253165450549129,6.687371233316463,7.900999435834592,0.0,15.890790555979178,14.23927089590924,11.775367531507039,5.80196731755344,4.714590304064898,7.7452473034470275,7.987161965496305,14.836976609714373,15.005936040915484,8.913069538233298,6.70646454565886,15.889843578069467,4.559846283176666,4.195264864192621,7.900999435834592,15.870726426489256,8.628484030601099,15.162929302558073,6.087326205784356,8.913069538233298,10.053098211204798,7.085489437804586,10.195351289918614,7.836204323214845,3.40942086047456,15.162929302558073,15.162929302558073,15.162929302558073,25.49335548133738,25.476263963967565,25.833991653361927,22.359221204672902,8.953932739370149,12.895673746453433,8.970520854223919,18.39321343695916,9.376331232016462,19.737257050937256,7.5454808564350335,9.423233372734664,7.330595562304951,15.162929302558073,3.402799699272933,15.162929302558073,15.162929302558073,23.220337502804593,20.409034718290957,10.21337359579933,22.006944127569405,8.913069538233298,9.40590419474544,6.803032269168117,7.3683275676761,3.402799699272933,3.402799699272933,15.162929302558073,3.402799699272933,15.835241192491466,23.30943419272052,9.082052109155153,8.913069538233298,5.831237423590902,15.162929302558073,3.402799699272933,23.9182633323802,15.01512025816998,12.948511402035109,3.402799699272933,15.162929302558073,15.162929302558073,6.985631666613005,3.402799699272933,4.489612664472047,5.096351287636459,20.660871661484443,7.259577820024818,15.162929302558073,6.461599789959852,3.4051103159718465,4.201805035693946,4.674777268165736,15.162929302558073,8.793190082377208,15.162929302558073,7.221672648603918,15.162929302558073,14.961578968377793,15.162929302558073,7.4060853070005335,15.160941478986096,14.157930478638724,8.913069538233298,6.1808635225779405,6.0187812982709605,15.162929302558073,15.162929302558073,15.162929302558073,15.162929302558073,9.53017773871894,15.162929302558073,15.162929302558073,15.162929302558073,15.162929302558073,15.167961972102711,14.770326481167558,15.162929302558073,15.29592404346335,15.371555256995402,14.911257045546185,15.162929302558073,15.295832508853266,15.37147757485312,15.371555256995402,15.371555256995402,15.267908026451444,14.901322632905483,15.371555256995402,15.29666600110162,15.356712420999974,15.35612106621378,15.371555256995402,15.305329149698686,15.371555256995402,15.371555256995402,15.371555256995402,15.271839157860201,15.371555256995402,15.371555256995402,15.371555256995402,15.352124912359383,15.371054141292229,15.04762421071309,15.23655961932403,15.196940862806484,15.126906407885798,15.000492773835862,15.144591913938811,15.000492773835862,15.000492773835862,15.000492773835862,15.000492773835862,15.000492773835862
2024-01-03 10:00:00,0.6820998429480661,3.5752483219369573,2.9295623628500524,0.6197979793275575,0.845683534837842,5.9393094040489505,0.6197979793275575,2.5627218763866666,0.6197979793275575,2.7112031870261024,0.6197979793275575,0.6197979793275575,1.0762313205394425,6.836124382215158,1.8873772482279831,0.6197979793275575,2.849345396517646,3.564758184351831,4.632083035214555,6.918559455389779,1.2812756193800365,2.2499160985574664,1.7404317368564257,3.3058413083640246,3.232650694513659,9.86913153867341,4.691832078654597,2.8492125313750782,7.843589684981444,8.493522292899918,1.8873772482279831,2.846530311394924,5.129549834869597,17.574789472612686,7.344879861040849,9.86913153867341,11.107216220154507,5.280251394483303,4.329838376464487,2.002886306925149,9.894431983187577,17.574789472612686,17.574789472612686,17.574789472612686,27.90603436286917,27.570372505049566,28.259770787610954,24.742151657750725,5.301691982409,14.194287018971384,9.93152435031517,20.16468042926032,10.372239241302449,21.62432776020984,2.5211536982635168,5.5833758856243705,3.2150866115794057,17.574789472612686,9.906235405806354,17.574789472612686,17.574789472612686,23.21236057864422,20.245822333632905,11.03221404716111,24.089234887509896,9.86913153867341,10.404355830129399,3.8447031756681547,3.12725912801184,9.906235405806354,9.906235405806354,17.574789472612686,9.906235405806354,15.620790665621477,25.503754570810205,10.052648618073107,9.86913153867341,5.577104020746243,17.574789472612686,9.906235405806354,26.16495024888664,16.496031108034664,16.835153911872005,9.906235405806354,17.574789472612686,17.574789472612686,9.882110104294636,9.906235405806354,9.914316503195181,9.89483173321792,24.057813758188562,12.315094971478391,17.574789472612686,9.885638717174405,9.906219847073752,9.900855235922212,9.897670437466948,17.574789472612686,9.869938757109537,17.574789472612686,9.880520702416018,17.574789472612686,17.44349279680057,17.574789472612686,9.879278944212745,17.57233861946457,16.687228052317668,9.86913153867341,9.887529078530338,10.843319560062795,17.574789472612686,17.574789472612686,17.574789472612686,17.574789472612686,12.347620832172929,17.574789472612686,17.574789472612686,17.574789472612686,17.574789472612686,17.4860073783272,17.090736524288392,17.574789472612686,15.22860887764244,13.89438705537256,17.264494458464384,17.574789472612686,15.23022365371921,13.895757457943024,13.89438705537256,13.89438705537256,15.722843724932439,14.3264099545206,13.89438705537256,15.215519889300875,14.156231798628962,13.88476768570994,13.89438705537256,15.062691957974916,13.89438705537256,13.89438705537256,13.89438705537256,15.653494033623405,13.89438705537256,13.89438705537256,13.89438705537256,14.040267841579588,13.898149374267511,16.3264239849147,14.907918731054373,15.205371784903459,15.731182393865653,16.680281376305047,15.598401654470017,16.680281376305047,16.680281376305047,16.680281376305047,16.680281376305047,16.680281376305047
2024-01-03 11:00:00,3.85006505409329,8.906493431274619,1.432909774647768,3.6883896292753584,4.274570218828991,4.5465960769794025,3.6883896292753584,8.730342280311945,3.6883896292753584,9.115656259382899,3.6883896292753584,3.6883896292753584,4.872849452034302,6.356531452688452,0.3547336118430566,3.6883896292753584,9.474139924347954,8.914696580213045,8.080062654179102,5.620031044588372,5.404946281809318,0.7297924579460545,6.59647180025803,9.11716615500789,9.174400247643687,9.108771348514091,3.2659972702959976,9.473795134848574,10.485022412697404,11.590423720864191,0.3547336118430566,9.46683468407638,5.758879730246143,3.924811767654699,6.238507494342192,9.108771348514091,10.046528928452455,4.4855894030674754,6.1142557700437825,0.5511906952903575,13.973082146369375,3.924811767654699,3.924811767654699,3.924811767654699,22.734227414303316,22.61206131031208,23.022485315335462,20.767513229206145,3.489537115137139,12.384756744932472,9.15602928888432,16.906888194789992,9.489838224409333,18.01246309536727,1.4326566278897621,7.185254995194191,1.728294380092212,3.924811767654699,13.993157333619067,3.924811767654699,3.924811767654699,20.0186448524599,16.14650377976283,8.83102087645725,19.87944794466251,9.108771348514091,9.514164165166639,3.6837412879320524,1.637433843040681,13.993157333619067,13.993157333619067,3.924811767654699,13.993157333619067,13.13074951146525,20.950841989696677,9.247771963600728,9.108771348514091,6.6301977929406215,3.924811767654699,13.993157333619067,21.451648815120702,14.128157659977532,16.468635333716367,13.993157333619067,3.924811767654699,3.924811767654699,10.817281240486814,13.993157333619067,13.053873489495944,12.491967757608071,21.009310646611045,14.382379326368538,3.924811767654699,11.281790970296315,13.991109168256761,13.284906997193582,12.865657303232153,3.924811767654699,9.215034299548805,3.924811767654699,10.60805096718964,3.924811767654699,4.097196325711197,3.924811767654699,10.444584815717409,3.9264605721782555,4.7745632759840255,9.108771348514091,11.530639816175995,11.718180517036807,3.924811767654699,3.924811767654699,3.924811767654699,3.924811767654699,8.675835300606062,3.924811767654699,3.924811767654699,3.924811767654699,3.924811767654699,4.236684212639555,4.250457019574952,3.924811767654699,12.166440717931007,16.853275661534028,4.1335618608040665,3.924811767654699,12.160768356097034,16.848461731386244,16.853275661534028,16.853275661534028,10.430299759987278,13.876826299242245,16.853275661534028,12.212419525136626,15.933471269184166,16.834768202931308,16.853275661534028,12.7492712516947,16.853275661534028,16.853275661534028,16.853275661534028,10.673910343422563,16.853275661534028,16.853275661534028,16.853275661534028,16.75547313947711,16.85075329867682,15.222770701770347,16.173775936837043,15.974355165833742,15.621837161113055,14.985534899672714,15.710857048729007,14.985534899672714,14.985534899672714,14.985534899672714,14.985534899672714,14.985534899672714
2024-01-03 12:00:00,3.171533076960402,9.70387522247417,3.9897656073791037,2.9671018225595422,3.7083006371773686,5.857456144070303,2.9671018225595422,9.342422662086587,2.9671018225595422,9.829634742514813,2.9671018225595422,2.9671018225595422,4.464797638894731,7.10270529758766,3.343040401102395,2.9671018225595422,10.28292110556939,9.712243105794467,8.86084818895999,6.512258556384809,5.137609988057411,3.568012922272667,6.644240056674297,9.918778643611748,9.977162102538827,10.41973173053649,5.091112965828861,10.282485134858678,12.25172037793028,13.223821637234389,3.343040401102395,10.273683960010011,6.955493148796286,12.878622252188363,6.988743038902776,10.41973173053649,11.394153074898036,5.933174210863175,7.382624083573532,3.5158067772658637,15.319155918832376,12.878622252188363,12.878622252188363,12.878622252188363,24.565083293288176,24.431017071620815,24.871508867313878,22.64071391896382,5.90637256999746,13.823799223434392,10.468837327518541,18.5227336826359,10.815697282236856,19.671533547291432,4.2909769682027665,7.984189428604992,4.166946921970664,12.878622252188363,15.336810244607108,12.878622252188363,12.878622252188363,21.648410438338615,18.356193953072204,10.119028357201973,21.61151241354861,10.41973173053649,10.84097430094904,6.27060392961495,4.112445810191115,15.336810244607108,15.336810244607108,12.878622252188363,15.336810244607108,15.350287979554714,22.724795044409102,10.56416689066466,10.41973173053649,8.861748030714057,12.878622252188363,15.336810244607108,23.245182051173884,15.635362360584411,17.99943807053508,15.336810244607108,12.878622252188363,12.878622252188363,12.139677145684846,15.336810244607108,14.391615141696608,13.825572796899175,22.747950068443505,15.788028726768147,12.878622252188363,12.607295965939478,15.334748370314829,14.623819395308741,14.201763548679306,12.878622252188363,10.526705928515092,12.878622252188363,11.929046437043064,12.878622252188363,12.920709966392906,12.878622252188363,11.764486161988419,12.877840180154083,12.847835285185813,10.41973173053649,12.857810425086985,13.992655950875706,12.878622252188363,12.878622252188363,12.878622252188363,12.878622252188363,12.444049937583944,12.878622252188363,12.878622252188363,12.878622252188363,12.878622252188363,13.145410735574549,12.724160009403109,12.878622252188363,19.928849752673926,23.938160631504367,12.779606506129278,12.878622252188363,19.923997381663792,23.934042598174052,23.938160631504367,23.938160631504367,18.44368355552259,20.93245484949046,23.938160631504367,19.968181910546637,23.151322221144362,23.905854914682976,23.938160631504367,20.427426900717663,23.938160631504367,23.938160631504367,23.938160631504367,18.652078042232304,23.938160631504367,23.938160631504367,23.938160631504367,23.339877286499874,23.92273068495712,13.96393971308967,19.78148491730598,18.561576438158646,16.40513254895239,12.512706899776385,16.949690245570878,12.512706899776385,12.512706899776385,12.512706899776385,12.512706899776385,12.512706899776385
2024-01-03 13:00:00,4.240818243348821,8.445470841770497,3.3080605282623,4.106955999050569,4.592295371871681,5.230217414023331,4.106955999050569,8.281536633512102,4.106955999050569,8.600564674143587,4.106955999050569,4.106955999050569,5.087652046914219,6.415428902101107,2.6424752591725458,4.106955999050569,8.897378045690472,8.452001423999647,7.787543722924724,5.897521868976791,5.528211741734136,2.874008520266514,6.51475796678845,8.613188818867572,8.658753266261414,10.071964122853515,4.440438041970988,8.89709257066389,7.374348995874164,7.890683675117356,2.6424752591725458,8.891329533005306,6.136365275841906,14.91822981605817,6.382773695384438,10.071964122853515,11.213349424930229,5.2403359443988125,6.446772321414884,2.734240669994287,9.00362715074936,14.91822981605817,14.91822981605817,14.91822981605817,26.652513112034963,26.47024322439273,27.005014318562075,23.652722799156244,5.470535906371217,14.059307612559742,10.129483805657404,19.563389351110438,10.535777096014135,20.90903237107597,3.145974785206536,7.090546676893252,3.490408876224544,14.91822981605817,9.013004302099494,14.91822981605817,14.91822981605817,23.091809718440807,19.612816932885274,10.086610568392876,23.181420365343694,10.071964122853515,10.565385250438654,4.1974599492867215,3.434318380914608,9.013004302099494,9.013004302099494,14.91822981605817,9.013004302099494,15.188676046724288,24.485460387941963,10.241147782291318,10.071964122853515,5.573754389303857,14.91822981605817,9.013004302099494,25.095014031599263,16.181276256300606,16.02488288017926,9.013004302099494,14.91822981605817,14.91822981605817,9.701550454794269,9.013004302099494,9.233268043372199,9.33846986710157,22.89276013655088,11.556815658407212,14.91822981605817,9.60084237363164,9.01344835480777,9.166556591291478,9.257452065589057,14.91822981605817,10.048925772501256,14.91822981605817,9.746912646353815,14.91822981605817,14.817123861382862,14.91822981605817,9.782352942634713,14.916688418083769,14.304324430636706,10.071964122853515,9.546890673247763,9.964910423973956,14.91822981605817,14.91822981605817,14.91822981605817,14.91822981605817,11.358598810158984,14.91822981605817,14.91822981605817,14.91822981605817,14.91822981605817,14.952216955875091,14.613797771803211,14.91822981605817,15.816383532286014,16.32714399570174,14.723078137287684,14.91822981605817,15.815765371374901,16.326619384696077,16.32714399570174,16.32714399570174,15.62718289456254,15.642058304065607,16.32714399570174,15.821394196659357,16.22690583426837,16.312195655837733,16.32714399570174,15.879899059736855,16.32714399570174,16.32714399570174,16.32714399570174,15.6537310141327,16.32714399570174,16.32714399570174,16.32714399570174,16.089519761706185,16.32101557969368,12.365615356754015,14.676209048570788,14.191689764652075,13.335200391171043,11.78921942580896,13.551486046798614,11.78921942580896,11.78921942580896,11.78921942580896,11.78921942580896,11.78921942580896
2024-01-03 14:00:00,2.1293343584552904,4.047766548047371,2.1693289345046662,2.086939041915493,2.240650168214356,5.02561422378647,2.086939041915493,3.409064398073268,2.086939041915493,3.5101033044396375,2.086939041915493,2.086939041915493,2.39753385971843,6.0407602910600815,1.1802830210588235,2.086939041915493,3.6041066352962305,4.041355148722763,4.693686519253265,5.9661608521412415,2.5370628793795094,1.5243366477638625,2.8495104982848956,3.88310941835297,3.8383765205811384,9.499381098274865,3.8435957524484126,3.604016222916104,8.950142288960416,9.797977209351423,1.1802830210588235,3.602191019648018,4.6383938660127155,13.056127880139854,6.366641285355947,9.499381098274865,10.269538870872193,4.515616076885575,4.099412314483401,1.3309642030641375,11.625459230208909,13.056127880139854,13.056127880139854,13.056127880139854,20.671956700601474,20.44657707389221,20.918616450100394,18.788761469733323,3.96505033535517,12.189869205161493,9.538192909420626,15.903787129497015,9.81234216905543,16.811769236049617,2.0070422873502833,5.247035639360652,2.44029479981341,13.056127880139854,11.640856755666794,13.056127880139854,13.056127880139854,17.462227536083645,14.924440671098122,8.730735169778152,18.34507904208785,9.499381098274865,9.832320479815884,3.733608168392649,2.356945486440964,11.640856755666794,11.640856755666794,13.056127880139854,11.640856755666794,12.09843138594126,19.224989233111625,9.613538964225487,9.499381098274865,5.9935192956034555,13.056127880139854,11.640856755666794,19.636289847920256,13.621682494864249,14.741545911552343,11.640856755666794,13.056127880139854,13.056127880139854,10.24844809568872,11.640856755666794,11.23348167226023,10.982685811773022,18.82878074126478,12.513194219109199,13.056127880139854,10.452104457418162,11.639958772526423,11.330336485684033,11.14652361407124,13.056127880139854,9.545970275218991,13.056127880139854,10.156714653978394,13.056127880139854,13.031896402810833,13.056127880139854,10.085045710276395,13.054996625142278,12.755775062916108,9.499381098274865,10.561207985977639,11.361767852097069,13.056127880139854,13.056127880139854,13.056127880139854,13.056127880139854,11.177562177738613,13.056127880139854,13.056127880139854,13.056127880139854,13.056127880139854,13.21377211097936,12.832700655499927,13.056127880139854,17.22207866426247,19.591164172255603,12.912903148071255,13.056127880139854,17.219211417948344,19.58873084309278,19.591164172255603,19.591164172255603,16.344499992772946,17.674862372645677,19.591164172255603,17.24531987653821,19.126224552592085,19.567047295316772,19.591164172255603,17.516685875263157,19.591164172255603,19.591164172255603,19.591164172255603,16.46763944823809,19.591164172255603,19.591164172255603,19.591164172255603,19.30059927699512,19.58367039720769,14.747040596590415,17.572414939784856,16.979948874281796,15.932640942289101,14.042228547383552,16.197113205143175,14.042228547383552,14.042228547383552,14.042228547383552,14.042228547383552,14.042228547383552
2024-01-03 15:00:00,1.8272686149944999,9.728015563823247,3.9063671916371163,1.5792689675829545,2.4784320883386393,5.32723919150012,1.5792689675829545,9.313298311442109,1.5792689675829545,9.904345040157663,1.5792689675829545,1.5792689675829545,3.3961537461332902,6.465714082414016,3.414361841097541,1.5792689675829545,10.454235801937012,9.738510286944132,8.67071887820924,5.838469075703984,4.212355876553603,3.5855128694877854,6.0400789754099025,9.99754034281961,10.07076295035684,9.376521539521768,4.746390614927991,10.453706917139748,10.748221350441966,11.54848065744781,3.414361841097541,10.44303003573199,6.606758342167524,14.323995229282673,6.279945633363056,9.376521539521768,10.337628048330235,5.519353019573445,7.18795907578807,3.5565876628822615,13.273414911043533,14.323995229282673,14.323995229282673,14.323995229282673,23.336421576372647,23.2271355333861,23.634210576039496,21.384989964608835,5.695259277978579,12.734074658384472,9.424956140376388,17.36880122645039,9.767076478825269,18.50190348619425,4.194728138345518,7.596678573556413,4.041160383472884,14.323995229282673,13.287948416041003,14.323995229282673,14.323995229282673,20.656153419194222,17.516137592895355,9.388651967556434,20.415373799729213,9.376521539521768,9.792008103474224,5.824409084756265,3.9996978916051713,13.287948416041003,13.287948416041003,14.323995229282673,13.287948416041003,14.49389615538733,21.513444145637436,9.518983086883432,9.376521539521768,7.957507013445566,14.323995229282673,13.287948416041003,22.026720401535435,14.520883960445857,16.450002937642505,13.287948416041003,14.323995229282673,14.323995229282673,10.744699961669431,13.287948416041003,12.538365587038232,12.085792551974144,21.313340855788777,14.010371100686895,14.323995229282673,11.116680359435339,13.286308240782514,12.720780012551513,12.3850439495266,14.323995229282673,9.46161714087738,14.323995229282673,10.577147905617409,14.323995229282673,14.306256617625335,14.323995229282673,10.446243857448513,14.322421641203402,13.954195615472736,9.376521539521768,11.315959054225804,12.587322384329962,14.323995229282673,14.323995229282673,14.323995229282673,14.323995229282673,11.945395754819945,14.323995229282673,14.323995229282673,14.323995229282673,14.323995229282673,14.412893276437881,14.013205515176931,14.323995229282673,16.673240027401828,18.0092043952873,14.124768059880164,14.323995229282673,16.67162314236467,18.007832202917754,18.0092043952873,18.0092043952873,16.178359690170176,16.732468981868852,18.0092043952873,16.686346110471476,17.7470176726076,17.98857440863794,18.0092043952873,16.839373641022405,18.0092043952873,18.0092043952873,18.0092043952873,16.24779995487451,18.0092043952873,18.0092043952873,18.0092043952873,17.773956358666926,18.003137262279658,14.087290293103296,16.3747784852272,15.895104302463842,15.04717966064723,13.516658212398374,15.261302500645478,13.516658212398374,13.516658212398374,13.516658212398374,13.516658212398374,13.516658212398374
2024-01-03 16:00:00,2.389166371783021,9.80344060308216,4.408562527657123,2.163670717636063,2.981241944917511,6.585107770771297,2.163670717636063,9.19589848202159,2.163670717636063,9.733312426413065,2.163670717636063,2.163670717636063,3.8156876697770454,7.872418689154953,3.654890201503265,2.163670717636063,10.233304980156635,9.809652640946386,9.177605412472706,7.336979629044538,4.557825956005516,3.917065792782988,6.219697737186605,9.962977745052113,10.006319680356082,13.02286731722158,5.690186644511158,10.232824087443392,8.933554671637852,9.509554302583044,3.654890201503265,10.223116048006963,7.483929830885416,17.61379650096133,7.760522729691269,13.02286731722158,13.348938720772628,6.558029798948131,7.76200370529448,3.757259546216525,10.7511037413434,17.61379650096133,17.61379650096133,17.61379650096133,17.630653288613157,17.569205411920425,17.803592150028987,16.229105656553525,5.7001037354979935,14.161973178987136,13.039299562905443,15.734381422271381,13.15536959044036,16.118805251280296,4.216571515649629,8.504996387944168,4.615043815572293,17.61379650096133,10.76156446756251,17.61379650096133,17.61379650096133,16.088107762516007,13.503530826051122,9.218176111099417,16.76798195029269,13.02286731722158,13.16382805968137,5.389560839826457,4.551530008944369,10.76156446756251,10.76156446756251,17.61379650096133,10.76156446756251,11.422937894496963,17.14052061859488,13.071199771819002,13.02286731722158,6.924892711556902,17.61379650096133,10.76156446756251,17.31465814407848,14.768178018577217,13.883073678380832,10.76156446756251,17.61379650096133,17.61379650096133,12.231885953510705,10.76156446756251,11.205817936370396,11.456563649949851,16.22018852102603,12.06721336046301,17.61379650096133,12.016833912391146,10.762512697736062,11.089460032924247,11.283558232895496,17.61379650096133,12.973671222825939,17.61379650096133,12.328752379441141,17.61379650096133,17.49647643253111,17.61379650096133,12.404431589739879,17.612336315038313,16.96748930999591,13.02286731722158,11.901625448924474,12.08477375874877,17.61379650096133,17.61379650096133,17.61379650096133,17.61379650096133,13.925352925805043,17.61379650096133,17.61379650096133,17.61379650096133,17.61379650096133,17.55033204349154,17.325404150043518,17.61379650096133,15.93666689747225,14.982919807181302,17.428926831397096,17.61379650096133,15.937821194275816,14.983899417499684,14.982919807181302,14.982919807181302,16.289962758516776,15.352895557185182,14.982919807181302,15.927310443892155,15.170095326139544,14.978235764297356,14.982919807181302,15.818063846074304,14.982919807181302,14.982919807181302,14.982919807181302,16.240389242932956,14.982919807181302,14.982919807181302,14.982919807181302,14.967984676006452,14.982534624679351,14.73393026229879,14.879155432723579,14.848702482111623,14.794870509977654,14.697702691177087,14.808464471265697,14.697702691177087,14.697702691177087,14.697702691177087,14.697702691177087,14.697702691177087
2024-01-03 17:00:00,0.18525609551851493,6.466892762758726,4.884120948286552,0.0,0.6716761524624905,5.393224813506102,0.0,5.77733111245652,0.0,6.218843874162716,0.0,0.0,1.357215558950779,5.735926220834241,4.707833551749392,0.0,6.62961306900715,6.469244259550744,6.229989917796145,5.571937400339132,1.9669197315726044,4.769157619011027,3.3322315314770248,6.527283746482533,6.543690346708537,11.686117305718655,5.184368254779873,6.629217991298199,8.388376798004728,8.78999193446875,4.707833551749392,6.62124234543515,5.7001216164732496,4.013735495555494,5.722282348459378,11.686117305718655,11.774697907256037,5.416162518691571,5.82092910952681,4.779210469611794,9.655660973972036,4.013735495555494,4.013735495555494,4.013735495555494,12.801458201697416,12.738357742880677,12.924516790148905,12.120727427038233,5.60877046516066,11.995566958006712,11.690581291800951,12.42272759379258,11.722112891160887,12.527160223112624,5.099465256894787,5.984070648257095,4.93241786382538,4.013735495555494,9.662954704318889,4.013735495555494,4.013735495555494,11.562395281600509,10.442391527900794,7.0557149132885115,12.703515652863048,11.686117305718655,11.724410720057547,5.917330828661004,4.917561694604281,9.662954704318889,9.662954704318889,4.013735495555494,9.662954704318889,9.347622978250266,12.804719557819949,11.699247306863782,11.686117305718655,6.9878393603604945,4.013735495555494,9.662954704318889,12.852025781516911,12.16024864662144,11.315322615508189,9.662954704318889,4.013735495555494,4.013735495555494,10.978435044713546,9.662954704318889,10.057912136002926,10.284762771301812,12.220013016393928,10.434045712704542,4.013735495555494,10.786030366581478,9.663803075347538,9.956319233136742,10.129976741789353,4.013735495555494,11.64210210521988,4.013735495555494,11.065100362586941,4.013735495555494,4.110458254055061,4.013735495555494,11.132809713416687,4.016175764936019,4.795248366168463,11.686117305718655,10.682954630978156,9.395270138496166,4.013735495555494,4.013735495555494,4.013735495555494,4.013735495555494,8.7188942681463,4.013735495555494,4.013735495555494,4.013735495555494,4.013735495555494,4.1486235423948745,4.495698108964752,4.013735495555494,7.5783249607506225,9.60542937977638,4.322690531289696,4.013735495555494,7.575871605793956,9.60334730537161,9.60542937977638,9.60542937977638,6.8274261025130745,8.680074307288288,9.60542937977638,7.598211268757959,9.20760449991442,9.610401711651747,9.60542937977638,7.830405173677273,9.60542937977638,9.60542937977638,9.60542937977638,6.932790190676052,9.60542937977638,9.60542937977638,9.60542937977638,9.291361775512136,9.597329461257031,4.3694827427773415,7.423391062711331,6.783002630262884,5.650981871757244,3.6076610796596102,5.936846308045936,3.6076610796596102,3.6076610796596102,3.6076610796596102,3.6076610796596102,3.6076610796596102
2024-01-03 18:00:00,0.2165156645890469,7.363146669203761,4.865369725105764,0.0,0.7850128123017449,5.214895367229582,0.0,6.752180984185132,0.0,7.268193311648918,0.0,0.0,1.586228123368031,5.633088754798152,4.744339480233404,0.0,7.748274493137285,7.368712212087598,6.80244297298033,5.35010763081899,2.2988119860930016,4.786441564801204,3.894502486317483,7.506080570220677,7.544911853106426,9.332989318241028,5.073569748738027,7.7478127511769,7.6311160890798435,7.946116648544152,4.744339480233404,7.738491318272189,5.8506594764600335,11.490025762291074,5.544765062278612,9.332989318241028,9.781495720195654,5.359366931109423,6.178830811421113,4.800322850923688,8.625090638805828,11.490025762291074,11.490025762291074,11.490025762291074,15.77694385576658,15.704721536638885,15.955188627687074,14.533446796384098,5.8424720350694095,10.89981261504667,9.355591629598116,13.062636941003877,9.515244238988348,13.591406242747992,5.051509691274021,6.244010849321943,4.898528008846212,11.490025762291074,8.630811362282708,11.490025762291074,11.490025762291074,14.123027889664117,12.565370970716431,7.544166539993281,14.48433920876704,9.332989318241028,9.526878738561187,5.692989778257829,4.888328494677791,8.630811362282708,8.630811362282708,11.490025762291074,8.630811362282708,10.662187295480356,14.996760647413765,9.39946989603181,9.332989318241028,6.532626424838409,11.490025762291074,8.630811362282708,15.23628424301084,11.733638422802503,11.54944776494159,8.630811362282708,11.490025762291074,11.490025762291074,9.087374416523922,8.630811362282708,8.773053122368188,8.846621953665911,14.302953661480247,9.714947275598663,11.490025762291074,9.020596628364869,8.631105805959347,8.732629231520443,8.792900449650976,11.490025762291074,9.317712986276439,11.490025762291074,9.117453301787377,11.490025762291074,11.441071899165795,11.490025762291074,9.140953149764005,11.4893396976351,11.204901346165485,9.332989318241028,8.984822188245836,9.131826453500612,11.490025762291074,11.490025762291074,11.490025762291074,11.490025762291074,9.847615059282267,11.490025762291074,11.490025762291074,11.490025762291074,11.490025762291074,11.518201609172714,11.354525346968122,11.490025762291074,12.234608616892249,12.658036674914138,11.403165216486551,11.490025762291074,12.234096152257871,12.657601764549582,12.658036674914138,12.658036674914138,12.077758460417732,12.21412023218095,12.658036674914138,12.23876253254738,12.574937740921532,12.650090630361971,12.658036674914138,12.287263938455098,12.658036674914138,12.658036674914138,12.658036674914138,12.099767248330856,12.658036674914138,12.658036674914138,12.658036674914138,12.644365515453707,12.657684090705544,12.430119307987981,12.563053959803337,12.535178265978985,12.48590213532456,12.396957704258456,12.498345629144065,12.396957704258456,12.396957704258456,12.396957704258456,12.396957704258456,12.396957704258456
2024-01-03 19:00:00,0.2670092493061378,9.829810052280585,3.326915002346267,0.0,0.968085529082742,8.754062637885905,0.0,8.326856069228977,0.0,8.963207551928068,0.0,0.0,1.9561521391658592,11.0631864651377,1.447656578567659,0.0,9.5552483916452,9.825842318448956,10.229541591765713,10.567191795787538,2.834917574521281,2.1013832331416467,4.802738809989655,9.727910976738665,9.700227748337191,9.039422600108315,6.512435621784014,9.55467896691351,6.636983145587122,7.2032343639338485,1.447656578567659,9.543183684079962,8.902024515527703,13.811722104477175,11.189298192354185,9.039422600108315,9.185746159765854,8.05264614010453,8.38775609174983,1.5482933898623439,8.42377140001164,13.811722104477175,13.811722104477175,13.811722104477175,11.243685111552773,11.21024597237172,11.245960249530812,10.316312921284203,4.353212357159382,9.550592922636186,9.046796520836857,10.256206383021064,9.09888259589127,10.428715417745293,1.999831808152542,10.470973957626319,3.841769649653598,13.811722104477175,8.434055085361651,13.811722104477175,13.811722104477175,10.980968806291555,8.209512635020575,9.885002691803123,10.720031504994118,9.039422600108315,9.102678308471765,3.1529690642179613,3.683399955039912,8.434055085361651,8.434055085361651,13.811722104477175,8.434055085361651,7.081947798766293,10.887207109669681,9.061111643448708,9.039422600108315,4.662316459991986,13.811722104477175,8.434055085361651,10.965350799429729,9.822625517474151,9.601086847363138,8.434055085361651,13.811722104477175,13.811722104477175,8.82767103289441,8.434055085361651,8.553714739024649,8.620111512016852,10.571464718806968,8.898964167692549,13.811722104477175,8.770100009316842,8.434308933599477,8.521835155832713,8.57379668099999,13.811722104477175,9.026252441407978,13.811722104477175,8.853602892281017,13.811722104477175,13.71964871005585,13.811722104477175,8.873862777180314,13.810204232108026,13.229697674775672,9.039422600108315,8.73925785068377,9.224900416143496,13.811722104477175,13.811722104477175,13.811722104477175,13.811722104477175,10.416412224904402,13.811722104477175,13.811722104477175,13.811722104477175,13.811722104477175,13.754536697839269,13.511936457984643,13.811722104477175,12.300524464354824,11.441139268885864,13.61954893056741,13.811722104477175,12.301564557262324,11.442021958451596,11.441139268885864,11.441139268885864,12.618865915346301,11.732141050787295,11.441139268885864,12.292093720218688,11.609796003553186,11.435399757352744,11.441139268885864,12.193655769764367,11.441139268885864,11.441139268885864,11.441139268885864,12.574197107636401,11.441139268885864,11.441139268885864,11.441139268885864,11.565375890875224,11.444343376859972,13.512337680518307,12.304294417276864,12.557614704145795,13.005411398707917,13.813693658336483,12.89233118467375,13.813693658336483,13.813693658336483,13.813693658336483,13.813693658336483,13.813693658336483
2024-01-03 20:00:00,0.1912495757326889,6.2103643162183335,0.8143263187876152,0.0,0.6934064913150335,2.270648233783073,0.0,5.96424166790315,0.0,6.420038429248791,0.0,0.0,1.4011247462634715,3.363532253934335,0.3100457260566089,0.0,6.844096995409195,6.219522487048218,5.287719330429853,2.7895693634281638,2.0305543151529895,0.4854668712707837,3.440037235235679,6.445563848450225,6.509461212936285,7.293464111139987,1.67447244877164,6.843689135986232,3.617426352479861,3.9783225660947603,0.3100457260566089,6.835455458798808,3.410134972856511,14.996012372504989,3.0770942435456923,7.293464111139987,7.042185718907054,2.4154812210561203,3.906630446625458,0.3741858867657904,4.756223223303603,14.996012372504989,14.996012372504989,14.996012372504989,3.486813114211428,3.5634692513655954,3.4968081873748442,3.4523547023056027,1.1377269344978713,6.415641994847749,7.2808010311174804,5.203906739920912,7.19135470252878,4.907660578382656,0.6619707076768692,4.344489837080509,0.9524825209518794,14.996012372504989,4.762777457510218,14.996012372504989,14.996012372504989,3.984882323263966,2.5211328833531987,2.6930236481150303,4.407389547478284,7.293464111139987,7.184836404608488,1.3969145912544574,0.9099855644610109,4.762777457510218,4.762777457510218,14.996012372504989,4.762777457510218,2.462076131409231,4.120302373944776,7.2562179701056975,7.293464111139987,2.3588864908554092,14.996012372504989,4.762777457510218,3.9861078479777365,5.948486102619459,4.797083316099241,4.762777457510218,14.996012372504989,14.996012372504989,6.408254958056055,4.762777457510218,5.252336853226918,5.540570292917656,3.814363954520112,5.019619542333182,14.996012372504989,6.1675842622316726,4.763838648161945,5.129734466904357,5.346955138710816,14.996012372504989,7.238407399246428,14.996012372504989,6.516660858364336,14.996012372504989,14.820804671621834,14.996012372504989,6.601355558806221,14.993562508415936,13.976665101372667,7.293464111139987,6.038651279670644,6.559648861833048,14.996012372504989,14.996012372504989,14.996012372504989,14.996012372504989,9.125283320184131,14.996012372504989,14.996012372504989,14.996012372504989,14.996012372504989,14.96780626277328,14.512154767159947,14.996012372504989,14.25062978331593,13.82674693364609,14.68584258009683,14.996012372504989,14.251142798373529,13.8271823111351,13.82674693364609,13.82674693364609,14.40764840793939,13.61373050602877,13.82674693364609,14.246471406061929,13.909935121764436,13.811133996201649,13.82674693364609,14.197917906217814,13.82674693364609,13.82674693364609,13.82674693364609,14.385615981033204,13.82674693364609,13.82674693364609,13.82674693364609,13.89175845183744,13.828423604506183,14.91057995372989,14.27842555894214,14.410984994109555,14.645311575824284,15.068275883643986,14.586138070668987,15.068275883643986,15.068275883643986,15.068275883643986,15.068275883643986,15.068275883643986
2024-01-03 21:00:00,0.27626331992406783,10.328811923132655,5.652731753233598,0.0,1.0016376695932614,10.421629746966973,0.0,8.615450244487809,0.0,9.273856549534907,0.0,0.0,2.0239489292856674,12.316125447226757,4.001405434381168,0.0,9.886416482705462,10.322418796896896,10.97289096189548,12.005639406465068,2.9331708279153306,4.575842678548367,4.969193283842579,10.164624081686878,10.120018676865337,7.772522888020949,8.450366796271256,9.885827322714816,2.913182589466125,2.794437410528618,4.001405434381168,9.873933633611106,10.238948406619222,13.574515626652724,12.555163257722466,7.772522888020949,8.380969235710491,9.710591641169277,9.606651274757324,3.980301486561368,2.5384858398245944,13.574515626652724,13.574515626652724,13.574515626652724,16.81662395110011,16.711507958767122,16.89066118747368,14.484371667506252,6.923039157287311,9.898084325408693,7.8031853127592115,12.832184164536274,8.019770954924512,13.549515620708226,3.885612047422365,11.471645762537651,6.105140543171389,13.574515626652724,2.536329309264556,13.574515626652724,13.574515626652724,15.576203806444424,12.902546115105778,12.328093806713571,14.76087358469297,7.772522888020949,8.035554383525396,3.6437944841669885,5.965979243418712,2.536329309264556,2.536329309264556,13.574515626652724,2.536329309264556,9.895602872212166,15.45602743637414,7.862710819726735,7.772522888020949,3.3272782087347967,13.574515626652724,2.536329309264556,15.780966514816214,11.029257180751,8.941472327927556,2.536329309264556,13.574515626652724,13.574515626652724,5.940954180537427,2.536329309264556,3.5632149784471525,4.145645043601603,13.49718634697963,5.273129025364865,13.574515626652724,5.442987215617864,2.5385249978016717,3.2955927816953645,3.7450397668662623,13.574515626652724,7.658606137058912,13.574515626652724,6.165254679486743,13.574515626652724,13.385525999945767,13.574515626652724,6.340494804917685,13.572670251177879,12.635319124732458,7.772522888020949,5.176214537772644,5.005312099813965,13.574515626652724,13.574515626652724,13.574515626652724,13.574515626652724,8.315035758278931,13.574515626652724,13.574515626652724,13.574515626652724,13.574515626652724,13.562771420870947,13.21004685378895,13.574515626652724,13.264159941418,13.087667420427332,13.340878287134627,13.574515626652724,13.264373546004487,13.087848698982663,13.087667420427332,13.087667420427332,13.32953794131554,12.825995156123088,13.087667420427332,13.262428513771518,13.122304568519285,13.074965533589253,13.087667420427332,13.242212245061701,13.087667420427332,13.087667420427332,13.087667420427332,13.32036427795255,13.087667420427332,13.087667420427332,13.087667420427332,13.027078244106724,13.08610480338346,12.077561030315499,12.666713770525442,12.543171555026351,12.324784798785235,11.930592204353228,12.379933086921042,11.930592204353228,11.930592204353228,11.930592204353228,11.930592204353228,11.930592204353228
2024-01-03 22:00:00,0.22096969958009136,8.845357229296123,7.021164200180113,0.0,0.801161641722686,11.587506660208003,0.0,6.891082945050217,0.0,7.4177103795858015,0.0,0.0,1.6188590906408602,13.057614597971567,5.439976786432509,0.0,7.907667513398216,8.831806527421978,10.210530184718344,13.08070147205517,2.3461018163384235,5.990015219233751,3.9746179383781524,8.497349007849458,8.402804567395386,8.295268503670552,9.696088948334685,7.9071962727493545,6.397578730501485,6.5020707605399215,5.439976786432509,7.897683084719659,10.613355655303293,8.381191721188921,13.490295409647116,8.295268503670552,8.668368614383237,10.66463594095098,9.546818087244109,5.458547598058274,6.727300108406456,8.381191721188921,8.381191721188921,8.381191721188921,13.912558839345342,13.789722106923087,13.918416507158042,12.56738794599951,7.904850709525919,9.598665607831705,8.314070743355296,11.397859536725402,8.446881347572914,11.837728140969219,5.541871332186818,11.420641083983641,7.454357250125286,8.381191721188921,6.729197787605517,8.381191721188921,8.381191721188921,12.972373243174983,11.278373247902108,12.589028438238715,12.580534457732597,8.295268503670552,8.456559767010843,5.754663197166872,7.321106727113815,6.729197787605517,6.729197787605517,8.381191721188921,6.729197787605517,9.627428692430433,13.00680372536724,8.350571863501955,8.295268503670552,6.033187584060257,8.381191721188921,6.729197787605517,13.206056801011428,10.29230230918757,9.717768384685513,6.729197787605517,8.381191721188921,8.381191721188921,7.747472461735016,6.729197787605517,7.038687150383645,7.210521139490938,12.196372511683265,7.92128277913405,8.381191721188921,7.598537654494079,6.729854486688135,6.956282648405134,7.09070582266582,8.381191721188921,8.261197630417374,8.381191721188921,7.814557537509987,8.381191721188921,8.352907208873862,8.381191721188921,7.866969356246098,8.381164392544184,8.290679685462536,8.295268503670552,7.518749756599196,7.264395159465186,8.381191721188921,8.381191721188921,8.381191721188921,8.381191721188921,7.929011141130847,8.381191721188921,8.381191721188921,8.381191721188921,8.381191721188921,8.630470931821415,8.375794208461802,8.381191721188921,14.968714255122798,18.714894893694073,8.377731725141329,8.381191721188921,14.964180344214242,18.71104712603593,18.714894893694073,18.714894893694073,13.581019207027186,16.053881036630436,18.714894893694073,15.00546505164346,17.97969652478268,18.689994551945283,18.714894893694073,15.434569888492984,18.714894893694073,18.714894893694073,18.714894893694073,13.775736806856878,18.714894893694073,18.714894893694073,18.714894893694073,17.875212712055458,18.693239182754528,4.71621742615219,12.881059535906958,11.16893530292804,8.142396916745193,2.679432773991605,8.906675913549417,2.679432773991605,2.679432773991605,2.679432773991605,2.679432773991605,2.679432773991605
2024-01-03 23:00:00,1.1657739295303777,7.421036051900158,4.884291939332015,0.9632265152859361,1.6975951605396953,3.826512407911812,0.9632265152859361,7.27979858157501,0.9632265152859361,7.762520988031939,0.9632265152859361,0.9632265152859361,2.4471210196388613,3.869555849033236,5.2505692600197085,0.9632265152859361,8.211630303620943,7.432461054037697,6.270017892201163,3.5068681173260448,3.113733382772981,5.123154507226935,4.60647981000418,7.7144521945351965,7.794165440705942,6.8036345536443665,4.268984243570185,8.21119835039344,5.125255119301052,5.111581035787212,5.2505692600197085,8.202478278635649,4.943586673313976,10.258903259330086,3.5907546770853824,6.8036345536443665,7.251010401234355,4.310243172838875,5.704928411478409,5.248139038030557,5.082106970527288,10.258903259330086,10.258903259330086,10.258903259330086,13.246370507237554,13.232180308036803,13.415522346624936,12.059750640775558,5.551772420555475,8.366508344023568,6.8261798911396685,10.523880818076325,6.985430062674864,11.051317245998865,5.2372350896745,5.172664916952168,4.783944068931008,10.258903259330086,5.081858635569676,10.258903259330086,10.258903259330086,12.076081333641548,10.95912931989654,5.754791981942327,11.941999387374914,6.8036345536443665,6.997035235053677,5.209388623951394,4.814811152822853,5.081858635569676,5.081858635569676,10.258903259330086,5.081858635569676,9.140781799700619,12.45312916041448,6.8699475532087115,6.8036345536443665,5.17294023907821,10.258903259330086,5.081858635569676,12.69204898659989,9.19823231911392,8.576281892104124,5.081858635569676,10.258903259330086,10.258903259330086,6.201374372577248,5.081858635569676,5.422578306624809,5.611037137908069,11.518434175155459,6.46513476600016,10.258903259330086,6.037631853264415,5.082580626380356,5.331521208704648,5.479309288705752,10.258903259330086,6.766176213817608,10.258903259330086,6.275129322942316,10.258903259330086,10.170264808885698,10.258903259330086,6.332752140607328,10.257804280338608,9.771451736957664,6.8036345536443665,5.94991111387508,6.084395323961273,10.258903259330086,10.258903259330086,10.258903259330086,10.258903259330086,7.477879857643835,10.258903259330086,10.258903259330086,10.258903259330086,10.258903259330086,10.472640800772925,10.041850670365136,10.258903259330086,15.907191646595965,19.119250275381646,10.119764893585264,10.258903259330086,15.90330417050738,19.115951113782053,19.119250275381646,19.119250275381646,14.717351037345843,16.61221533382672,19.119250275381646,15.938702597206175,18.488874836350057,19.089818985924698,19.119250275381646,16.306626631531934,19.119250275381646,19.119250275381646,19.119250275381646,14.884306239737773,19.119250275381646,19.119250275381646,19.119250275381646,18.588756633827458,19.105568650109635,10.275178614593518,15.433555103024151,14.351870819366145,12.439767162889279,8.988380667925437,12.922622649219644,8.988380667925437,8.988380667925437,8.988380667925437,8.988380667925437,8.988380667925437
2024-01-04 00:00:00,1.5279251589593985,6.02853932775037,3.9451220372672875,1.3682910353104265,1.9470705549486722,1.6505931468352768,1.3682910353104265,6.346584389629582,1.3682910353104265,6.7270334247748895,1.3682910353104265,1.3682910353104265,2.5377959617175803,1.3007526954665924,4.739648561239209,1.3682910353104265,7.080990903245182,6.0437484713452205,4.496285743864999,0.9268929482242207,3.0631745788647784,4.463261258719045,4.239655990044906,6.419139538819092,6.525255073225781,7.658796221082243,2.6053966542822713,7.080650467030841,5.591323069025702,5.684256462490269,4.739648561239209,7.073777898361407,3.043777994600891,7.816446147079987,0.9391052594306896,7.658796221082243,8.167958758686755,2.387990608870137,4.1010606712061595,4.756165117986538,5.884571525728577,7.816446147079987,7.816446147079987,7.816446147079987,14.898852833900538,14.86645503857022,15.142750180020986,13.591326848162176,4.763716937649962,9.437517154167468,7.6844552755709845,11.892842468138237,7.86569935007705,12.493122683337118,4.830271797374973,3.059938677332055,3.727448050496815,7.816446147079987,5.886259288590596,7.816446147079987,7.816446147079987,13.124375188413914,12.032938190296376,4.27471683789808,13.50681616219849,7.658796221082243,7.878907302740488,5.019525179733189,3.7944047400993575,5.886259288590596,5.886259288590596,7.816446147079987,5.886259288590596,9.904340586623858,14.088537624561734,7.734267651460606,7.658796221082243,5.267239923404253,7.816446147079987,5.886259288590596,14.360454460573143,10.384109805569674,9.756509533418505,5.886259288590596,7.816446147079987,7.816446147079987,7.038780339396375,5.886259288590596,6.237624707058665,6.431038913760569,13.069184170318257,7.405299775921401,7.816446147079987,6.870210399571816,5.887002564973669,6.1432823581416445,6.295427493425518,7.816446147079987,7.620233542817468,7.816446147079987,7.114709716793149,7.816446147079987,7.783398571747258,7.816446147079987,7.174031357543984,7.816396005116673,7.707029375985745,7.658796221082243,6.779903496866998,6.4994580473834365,7.816446147079987,7.816446147079987,7.816446147079987,7.816446147079987,7.263606430201681,7.816446147079987,7.816446147079987,7.816446147079987,7.816446147079987,8.014550848618192,7.806542915955983,7.816446147079987,13.051616710040097,16.0287442267285,7.810097826607249,7.816446147079987,13.048013565337168,16.02568636698331,16.0287442267285,16.0287442267285,11.948801466717153,13.908052422033194,16.0287442267285,13.08082293849992,15.444474671818488,16.008742111685322,16.0287442267285,13.421836877917434,16.0287442267285,16.0287442267285,16.0287442267285,12.103545506144357,16.0287442267285,16.0287442267285,16.0287442267285,15.669158137670369,16.019470369818343,10.03394072534137,13.53045846291489,12.797257175116801,11.501170244287799,9.16170663089531,11.828465620347574,9.16170663089531,9.16170663089531,9.16170663089531,9.16170663089531,9.16170663089531
2024-01-04 01:00:00,0.28740093458820637,6.2512012449958645,3.0920326949586308,0.08165108974921755,0.8276306687984514,1.0359723623034196,0.08165108974921755,6.498093024598221,0.08165108974921755,6.988447644030457,0.08165108974921755,0.08165108974921755,1.5890071089160778,0.8899972544141331,3.803984710901009,0.08165108974921755,7.444657723743769,6.268448072671472,4.513660051318676,0.39894857085967494,2.266159126848396,3.556322120322648,3.782507024610821,6.694133122674985,6.814465758382159,7.574926369837773,1.8934349971282651,7.444218941003106,3.3140935306335555,3.260637369395453,3.803984710901009,7.435360998195773,2.673629689642322,2.6668542097852717,0.3772789981367941,7.574926369837773,7.36353515012227,1.8146152738706856,3.845607378733477,3.7944842322499186,3.1454142626123085,2.6668542097852717,2.6668542097852717,2.6668542097852717,4.26013897677863,4.365541249006082,4.3306305468767725,4.207688734980256,3.0682090492047376,6.836447083149867,7.564273388865055,5.817059020232739,7.489025500133296,5.567838079000531,3.751857373867534,2.8698070409301586,2.896981392045893,2.6668542097852717,3.1444434455537653,2.6668542097852717,2.6668542097852717,4.589465572460122,4.2031231465191015,1.5115396541143635,5.146978559519145,7.574926369837773,7.483541897123921,3.6429970498758752,2.9569793262936397,3.1444434455537653,3.1444434455537653,2.6668542097852717,3.1444434455537653,3.983479090159488,4.905462736218001,7.543592568658261,7.574926369837773,3.5005092014816976,2.6668542097852717,3.1444434455537653,4.7925698437124655,6.443446105318555,4.4873368884549265,3.1444434455537653,2.6668542097852717,2.6668542097852717,6.025187277669615,3.1444434455537653,4.004341817791293,4.50612837440914,4.1013397718540485,4.040743798775718,2.6668542097852717,5.603844158522052,3.146301276137074,3.786876502896197,4.167165574188233,2.6668542097852717,7.478538371125341,2.6668542097852717,6.214973907127907,2.6668542097852717,2.675031224449806,2.6668542097852717,6.363249247161377,2.668415265857027,3.005393772057899,7.574926369837773,5.3781206866752616,4.02380046066692,2.6668542097852717,2.6668542097852717,2.6668542097852717,2.6668542097852717,4.8881605770300975,2.6668542097852717,2.6668542097852717,2.6668542097852717,2.6668542097852717,3.0782380140051404,2.9751688040780992,2.6668542097852717,13.538198328365237,19.720495032851737,2.8644947400814065,2.6668542097852717,13.530716045695842,19.714145087772298,19.720495032851737,19.720495032851737,11.248094526551327,15.665673987025526,19.720495032851737,13.598847920613304,18.507202110864338,19.69147011399937,19.720495032851737,14.306996745958196,19.720495032851737,19.720495032851737,19.720495032851737,11.569435671539932,19.720495032851737,19.720495032851737,19.720495032851737,19.083792550883103,19.704074242693853,9.105773316989083,15.296895803377955,13.998650142800757,11.703728868544973,7.561348686308516,12.28325567621419,7.561348686308516,7.561348686308516,7.561348686308516,7.561348686308516,7.561348686308516
2024-01-04 02:00:00,1.5682394281018384,5.642466947904811,4.941393776672495,1.4382957270136385,1.9094277830972406,3.8443679083324307,1.4382957270136385,5.490674058012083,1.4382957270136385,5.800363205746722,1.4382957270136385,1.4382957270136385,2.390283905383339,3.638866695897147,5.321260926532354,1.4382957270136385,6.088487973364806,5.648912468041312,4.9931094566321175,3.495746292824152,2.8179471168833388,5.189118759218756,3.7756142204807004,5.80800036601372,5.85297132769531,6.380353036235484,4.300432569747193,6.088210855035312,3.969720082951963,3.822242054841984,5.321260926532354,6.0826165185082886,4.421589872849825,8.431607435880526,3.5156130203738414,6.380353036235484,6.833864952418822,4.170009515967476,4.875812429608717,5.295050442556091,3.50435771396321,8.431607435880526,8.431607435880526,8.431607435880526,12.925480783125973,12.87019784953217,13.08912442718886,11.609514725215677,5.5733613238405315,7.964662719571751,6.403207598598594,10.151625046437314,6.564641996173946,10.686295629081881,5.1774489374506985,4.3878362735124075,4.837322742593269,8.431607435880526,3.501679366282916,8.431607435880526,8.431607435880526,11.488701016857773,10.748546526462402,5.694890877159524,11.589194090904813,6.380353036235484,6.576406341503506,4.877118619113886,4.869335074562022,3.501679366282916,3.501679366282916,8.431607435880526,3.501679366282916,8.782840166244508,12.10733436163747,6.447575564367698,6.380353036235484,4.484014692006065,8.431607435880526,3.501679366282916,12.349531138176104,8.807794363156905,7.691071825299727,3.501679366282916,8.431607435880526,8.431607435880526,5.373421467789901,3.501679366282916,4.067695832455372,4.386424126268798,10.890596027220273,5.238878255602344,8.431607435880526,5.099656877375235,3.5028864780300557,3.9190955167305908,4.1661855417251035,8.431607435880526,6.317725643525751,8.431607435880526,5.496733933376013,8.431607435880526,8.347199976287484,8.431607435880526,5.593074744197802,8.430955016146083,8.046685722376596,6.380353036235484,4.952994712956524,4.718752364427452,8.431607435880526,8.431607435880526,8.431607435880526,8.431607435880526,6.313800403826237,8.431607435880526,8.431607435880526,8.431607435880526,8.431607435880526,8.786098435012018,8.302752022309921,8.431607435880526,17.79948628518491,23.12679502515038,8.349006570592149,8.431607435880526,17.79303877356182,23.121323253163855,23.12679502515038,23.12679502515038,15.826095071208108,19.214068392462096,23.12679502515038,17.85174827102975,22.081295869027528,23.086775151789134,23.12679502515038,18.46196282506731,23.12679502515038,23.12679502515038,23.12679502515038,16.10299596614024,23.12679502515038,23.12679502515038,23.12679502515038,22.34389238538967,23.106603679387415,10.074712008323747,17.687445231365434,16.091095313612417,13.269212292043843,8.175655298928298,13.981810531230032,8.175655298928298,8.175655298928298,8.175655298928298,8.175655298928298,8.175655298928298
2024-01-04 03:00:00,0.26479765945266287,1.5301803107121994,3.207813748410764,0.22428635320683066,0.37116669328023333,1.5494557878242523,0.22428635320683066,1.4876576302772215,0.22428635320683066,1.58420645719091,0.22428635320683066,0.22428635320683066,0.5210786125728295,0.8839730863107573,3.7820533630960638,0.22428635320683066,1.6740323633351626,1.5322591393972418,1.3207475650039973,0.9981678882592374,0.6544070862584683,3.5822959814171393,0.9529698098879776,1.5835686503047184,1.5980728211331081,1.7883955414366657,2.234876160033798,1.67394596880108,3.7263673610960195,3.720290991441856,3.7820533630960638,1.6722018759486323,1.5974534238195321,10.985699848752656,0.950467295476101,1.7883955414366657,2.7860223423320036,1.7920127238435506,1.8083722816104282,3.780973442300435,3.7071935640677305,10.985699848752656,10.985699848752656,10.985699848752656,16.355265148407668,16.189956911210828,16.62110079538178,14.51108427528632,4.2575656436643365,5.273529546990135,1.8386705686687073,10.084367260342535,2.193790855171733,11.260525336596727,3.7761280410832887,1.1615413873246485,3.0504910882870773,10.985699848752656,3.707083211150917,10.985699848752656,10.985699848752656,13.467657413358305,12.759034160868916,4.580719211455835,13.246704027516927,1.7883955414366657,2.2196698360252674,3.763753872158232,3.0988836623269664,3.707083211150917,3.707083211150917,10.985699848752656,3.707083211150917,9.926779023848086,14.38649904118774,1.9362703674236552,1.7883955414366657,3.747557257623697,10.985699848752656,3.707083211150917,14.919278857424636,7.128234339319007,8.211890233223823,3.707083211150917,10.985699848752656,10.985699848752656,2.459533505002507,3.707083211150917,3.345891556365914,3.117384948528055,13.670087717491942,5.089853611786301,10.985699848752656,2.6420025182552824,3.7062786495052618,3.4288678547653713,3.2641779181411303,10.985699848752656,1.8301378227632248,10.985699848752656,2.3773435333805986,10.985699848752656,10.86107946260131,10.985699848752656,2.313130653767507,10.982774564187858,10.022787295917936,1.7883955414366657,2.7397554832478104,4.1976706217407145,10.985699848752656,10.985699848752656,10.985699848752656,10.985699848752656,5.217986191210382,10.985699848752656,10.985699848752656,10.985699848752656,10.985699848752656,11.361250388304823,10.407944866016733,10.985699848752656,20.91010403654589,26.55389661959223,10.615338525341835,10.985699848752656,20.903273492259142,26.54809978151487,26.55389661959223,26.55389661959223,18.81947793610267,21.94048002675845,26.55389661959223,20.96547079347394,25.44628662908404,26.494713169308785,26.55389661959223,21.611936868981786,26.55389661959223,26.55389661959223,26.55389661959223,19.11282891186515,26.55389661959223,26.55389661959223,26.55389661959223,25.640547673295927,26.530341015816845,11.327091056599008,20.208248833541926,18.345916991429934,15.05385517757676,9.11161577730579,15.885185687705372,9.11161577730579,9.11161577730579,9.11161577730579,9.11161577730579,9.11161577730579
2024-01-04 04:00:00,0.29509738812318087,4.52324703848996,3.7301545893038854,0.14893945167857786,0.6788588593406957,1.245755980298836,0.14893945167857786,4.706969195263754,0.14893945167857786,5.055301021994314,0.14893945167857786,0.14893945167857786,1.2197156917344898,0.6773664901179326,4.590427301146625,0.14893945167857786,5.379377688435086,4.535619117447459,3.2768151007204884,0.4491956731667709,1.7007422591068104,4.291169256154884,2.777906034576499,4.8409859448275245,4.927307029384941,4.318147664941732,2.2774278962343444,5.379065991578289,1.810636247209671,1.5073097845728807,4.590427301146625,5.372773599752295,2.3136178424515847,9.935548482821293,0.4279891800910405,4.318147664941732,5.193503988888001,1.910741470618936,3.204191099423815,4.53651870547033,0.8534989499549926,9.935548482821293,9.935548482821293,9.935548482821293,17.00078442842127,16.912202261719443,17.289014443938,14.795243656392039,4.740021251518622,7.376138978751149,4.3622609174973395,11.597353978270824,4.6738571860348825,12.629360545341386,4.294640989843569,2.125454603753744,3.494468321763656,9.935548482821293,0.8479902396882044,9.935548482821293,9.935548482821293,14.534907094654882,13.471801886409013,4.392999543491172,14.372110515594757,4.318147664941732,4.696564404332441,3.6769345134879754,3.5669656031035384,0.8479902396882044,0.8479902396882044,9.935548482821293,0.8479902396882044,10.145834310345819,15.37221072573721,4.4478987541907316,4.318147664941732,2.8684152704090993,9.935548482821293,0.8479902396882044,15.839692334085488,9.003528667522003,7.743149345668529,0.8479902396882044,9.935548482821293,9.935548482821293,3.1043209309718485,0.8479902396882044,1.5343693157226226,1.9145243280656987,13.519289963842283,3.58449789652109,9.935548482821293,2.7743056756426143,0.8494453778082938,1.3511732746449274,1.6490331167974828,9.935548482821293,4.242652163626527,9.935548482821293,3.2529705235069475,9.935548482821293,9.779956414462925,9.935548482821293,3.3691065702974425,9.933761818451195,9.10854414411548,4.318147664941732,2.5975086999473,2.7026320624316047,9.935548482821293,9.935548482821293,9.935548482821293,9.935548482821293,5.245582550785398,9.935548482821293,9.935548482821293,9.935548482821293,9.935548482821293,10.204945266926156,9.582675379560683,9.935548482821293,17.054703671724834,21.103212226234227,9.709344376539413,9.935548482821293,17.04980386072542,21.09905393228562,21.103212226234227,21.103212226234227,15.55501750725626,17.859172001678555,21.103212226234227,17.094420366794747,20.308681163008643,21.063100054433917,21.103212226234227,17.55815523982244,21.103212226234227,21.103212226234227,21.103212226234227,15.765449396340149,21.103212226234227,21.103212226234227,21.103212226234227,20.477218804596262,21.087067626663718,10.66702553806142,16.754016022300217,15.477606292156597,13.221284601028175,9.148577461602843,13.791064018476167,9.148577461602843,9.148577461602843,9.148577461602843,9.148577461602843,9.148577461602843
2024-01-04 05:00:00,4.440739935198879,4.796346994092609,0.612082551962005,4.404076514694374,4.537005718193213,0.22639719371272266,4.404076514694374,5.5474489871461055,4.404076514694374,5.63482731602232,4.404076514694374,4.404076514694374,4.672678552396812,0.6645686684001486,0.7456338218172179,4.404076514694374,5.716121287368993,4.809638797370793,3.457256920921523,0.13876012193011572,4.793343086546792,0.6991761214010023,5.063547424490732,5.137706199071167,5.230444281218719,6.374595813158815,0.3924999724043835,5.716043098847667,0.4951395740729957,0.4678060325927799,0.7456338218172179,5.714464665181269,1.615487441327081,7.320057405433329,0.2750645454151877,6.374595813158815,6.219921966223857,0.7000916626917891,2.4595046011535393,0.7407759771595213,0.4088894269893918,7.320057405433329,7.320057405433329,7.320057405433329,3.923403122972076,3.997343681140203,3.989570993617852,3.419036274373543,0.878435713637902,5.834254391658301,6.3668010828450745,5.088373491670266,6.311742597258307,4.906019835879755,0.7189797431094095,2.1572786646480426,0.5754939215380437,7.320057405433329,0.40839302268865646,7.320057405433329,7.320057405433329,4.048359900601742,3.0122337940436528,0.9863953631912004,4.598079132453226,6.374595813158815,6.30773027369224,0.6633165957292187,0.5867486130454059,0.40839302268865646,0.40839302268865646,7.320057405433329,0.40839302268865646,2.2516579695720194,4.421363271047409,6.351669035149525,6.374595813158815,0.5904588105029035,7.320057405433329,0.40839302268865646,4.338760133608937,5.546697637067555,2.9464847000791927,0.40839302268865646,7.320057405433329,7.320057405433329,4.287677106054539,0.40839302268865646,1.5679612505982383,2.242073134116012,3.185770444128534,1.8694405962003908,7.320057405433329,3.720285574213833,0.41089482535888033,1.2735099783140091,1.7856170684670571,7.320057405433329,6.2447972434060866,7.320057405433329,4.5432486854102985,7.320057405433329,7.20171976969683,7.320057405433329,4.742920089765968,7.319756692951706,6.903886501623974,6.374595813158815,3.416320514282004,2.523481934569924,7.320057405433329,7.320057405433329,7.320057405433329,7.320057405433329,5.1773464374829645,7.320057405433329,7.320057405433329,7.320057405433329,7.320057405433329,7.53139267742606,7.260665530632848,7.320057405433329,12.904862744534007,16.080819946009356,7.28198511872315,7.320057405433329,12.901018961120943,16.0775578648172,16.080819946009356,16.080819946009356,11.728395161504752,13.766681270300309,16.080819946009356,12.936019532775342,15.457529512489955,16.0576244600148,16.080819946009356,13.29980834283654,16.080819946009356,16.080819946009356,16.080819946009356,11.89347389718178,16.080819946009356,16.080819946009356,16.080819946009356,15.660106167358023,16.069969583600837,9.066932284373209,13.157839119365255,12.299997579639589,10.783582883070144,8.046423113108794,11.166516702222857,8.046423113108794,8.046423113108794,8.046423113108794,8.046423113108794,8.046423113108794
2024-01-04 06:00:00,5.658975167471968,5.78375459421237,3.3324181440476894,5.62323779967248,5.752809448235579,1.0568092282414976,5.62323779967248,6.7377307197969225,5.62323779967248,6.822902027705034,5.62323779967248,5.62323779967248,5.885055428278195,0.7597703450976389,4.1203932483640235,5.62323779967248,6.902142658118665,5.799916596393534,4.155504745007323,0.3424923512590539,6.0026721911970204,3.8462849499446086,6.266051648793807,6.198826055921338,6.311589768607769,5.726572056667447,2.004303266627423,6.902066444500135,5.121915394310969,5.231199928251836,4.1203932483640235,6.900527879256987,2.554507050398979,7.485632302381781,0.3358958062024806,5.726572056667447,6.068733189810603,1.823255273547753,3.669995672048076,4.139815806167511,5.466759370463323,7.485632302381781,7.485632302381781,7.485632302381781,10.56339252931655,10.583754508490635,10.74308415032055,9.842998120247156,3.826126158606669,6.921886175560113,5.743815138219666,8.571883631413524,5.8656125473539715,8.9752765432373,4.226961164977187,2.624679840658147,3.1165390295595286,7.485632302381781,5.468744086300142,7.485632302381781,7.485632302381781,9.580654678190015,8.778780694223006,2.871313691667419,9.656486341230027,5.726572056667447,5.874488392916147,4.449512681893829,3.1829436150357764,5.468744086300142,5.468744086300142,7.485632302381781,5.468744086300142,7.507168444739609,10.047407628707987,5.777289437132413,5.726572056667447,4.740811528338033,7.485632302381781,5.468744086300142,10.230137829496313,7.558003702494782,7.536702545897592,5.468744086300142,7.485632302381781,7.485632302381781,5.636386383556618,5.468744086300142,5.523166725416209,5.547986116454962,9.584116919794642,6.213698090406911,7.485632302381781,5.61186669956402,5.468852201080577,5.5061299004658135,5.528260481054822,7.485632302381781,5.720962843744048,7.485632302381781,5.647430845822318,7.485632302381781,7.451100275098776,7.485632302381781,5.656059595922406,7.485072817600871,7.269313970010096,5.726572056667447,5.598730925066047,5.771868974720838,7.485632302381781,7.485632302381781,7.485632302381781,7.485632302381781,6.225404723274757,7.485632302381781,7.485632302381781,7.485632302381781,7.485632302381781,7.696073387350199,7.375131900531892,7.485632302381781,13.046807603673585,16.209326917130745,7.4147976470530566,7.485632302381781,13.042980083808107,16.20607863822842,16.209326917130745,16.209326917130745,11.875317808012005,13.850477242672651,16.209326917130745,13.077832563491288,15.588673706507345,16.184275713879902,16.209326917130745,13.44008213577888,16.209326917130745,16.209326917130745,16.209326917130745,12.039698074086488,16.209326917130745,16.209326917130745,16.209326917130745,15.863646062109332,16.20041168129822,10.446343133545437,13.807650141521933,13.102801829028198,11.856834723891877,9.607838428492178,12.171473551376131,9.607838428492178,9.607838428492178,9.607838428492178,9.607838428492178,9.607838428492178
2024-01-04 07:00:00,8.560191088311138,6.599318600526408,3.7501459186712927,8.594376831139243,8.470430851669114,2.9733513398097786,8.594376831139243,7.5282723389201855,8.594376831139243,7.446798951041805,8.594376831139243,8.594376831139243,8.343926653342217,3.132803693501277,4.01912657921415,8.594376831139243,7.370998745832058,6.6104702719310815,5.475837296693639,2.7473648132494706,8.231416509003191,3.9255578474544044,7.979472312829383,6.88571508151625,6.963521275090184,3.4884552708677443,3.299729766443635,7.371071650450486,5.463787039428304,5.621426134815483,4.01912657921415,7.372543415131692,4.090780874036639,7.1311536722103135,2.8614698643517933,3.4884552708677443,4.0978582059071975,3.418554699132082,4.82128226892733,4.047142935525866,5.961212342809194,7.1311536722103135,7.1311536722103135,7.1311536722103135,12.37880377697124,12.363958343841528,12.545619767778417,11.368240909449465,4.4582110531133825,5.6173584740335,3.5191659024655504,8.556071247070776,3.736092056306619,9.274530477613094,4.172847049681501,4.397679973705343,3.6764541148384637,7.1311536722103135,5.964075225578003,7.1311536722103135,7.1311536722103135,11.2182771196784,9.981610848912933,4.929097488022206,10.487792914702103,3.4884552708677443,3.7519002993027173,4.493869783079136,3.6991217716802023,5.964075225578003,5.964075225578003,7.1311536722103135,5.964075225578003,8.385310848223064,11.184039673561179,3.5787849942613463,3.4884552708677443,4.9140581206680585,7.1311536722103135,5.964075225578003,11.509489614814921,6.7503097370334295,7.971574572805678,5.964075225578003,7.1311536722103135,7.1311536722103135,4.354402637493938,5.964075225578003,5.489662918480831,5.203206841812058,11.056098413450325,6.42345986749207,7.1311536722103135,4.589836438135465,5.96303712599764,5.60510304951901,5.392609010034376,7.1311536722103135,3.5423139713943126,7.1311536722103135,4.248355604912251,7.1311536722103135,7.111171610517866,7.1311536722103135,4.165503826257078,7.129995079534502,6.8380752696402185,3.4884552708677443,4.7159638921174025,5.583644314686202,7.1311536722103135,7.1311536722103135,7.1311536722103135,7.1311536722103135,5.278199160288274,7.1311536722103135,7.1311536722103135,7.1311536722103135,7.1311536722103135,7.191521598039809,6.902327150692942,7.1311536722103135,8.726453459623915,9.633665715147972,6.984467800390831,7.1311536722103135,8.725355482794035,9.632733901572317,9.633665715147972,9.633665715147972,8.390395464555498,8.747807372603106,9.633665715147972,8.735353396978919,9.455622786931864,9.618980175143648,9.633665715147972,8.839269679842152,9.633665715147972,9.633665715147972,9.633665715147972,8.437550209607807,9.633665715147972,9.633665715147972,9.633665715147972,9.609740849146561,9.63304868409298,9.234804705671362,9.467443622716559,9.418660471486824,9.332426028359492,9.176771081828615,9.354202449231673,9.176771081828615,9.176771081828615,9.176771081828615,9.176771081828615,9.176771081828615
2024-01-04 08:00:00,10.449872851282342,1.7707628414707293,0.9278493728873288,10.704125515874125,9.782291062716943,2.090338615136882,10.704125515874125,2.77509178848308,10.704125515874125,2.1691425170116956,10.704125515874125,10.704125515874125,8.841430141004938,2.5136588850248938,0.5253142203988411,10.704125515874125,1.6053869114047483,1.7683729678403701,2.0115319822388837,2.473830321308545,8.004648441229048,0.6653417734245819,6.130841470652961,1.709386266345087,1.6927119075379329,4.995926135956085,1.6093796380114662,1.6059291314053408,1.017943053628517,1.0716979432864342,0.5253142203988411,1.6168752177235524,1.956358956630111,1.7044896386452666,2.648364576522387,4.995926135956085,5.310087619951784,1.889924601280018,1.750622006321226,0.5348677904599619,1.1875649499647123,1.7044896386452666,1.7044896386452666,1.7044896386452666,9.521207523153043,9.418938777769599,9.639795590954186,8.178232444950433,1.7517882892685444,6.09342559179059,5.011758185725566,7.608400844994339,5.123588698001942,7.9787834031993965,0.5777328599998877,2.2150955345191226,1.0381306898903162,1.7044896386452666,1.1885411922284914,1.7044896386452666,1.7044896386452666,8.02280648763951,6.8615477933659195,3.8288748363018734,8.604248601668523,4.995926135956085,5.131738217463473,0.6872015268245029,1.0042080700077909,1.1885411922284914,1.1885411922284914,1.7044896386452666,1.1885411922284914,4.964728256428225,8.963180110549755,5.0424932237047155,4.995926135956085,0.8304856383398571,1.7044896386452666,1.1885411922284914,9.130957176644735,6.677488499291709,5.1259192437988625,1.1885411922284914,1.7044896386452666,1.7044896386452666,3.6641405525186634,1.1885411922284914,1.933633476744954,2.358720331799957,7.68955387856394,2.927868485694976,1.7044896386452666,3.3020546410274445,1.1901377396730408,1.7406232093990568,2.0674288667158462,1.7044896386452666,4.913094033603934,1.7044896386452666,3.8272358105005186,1.7044896386452666,1.695655859119844,1.7044896386452666,3.9546578786627062,1.7055365093434491,1.8884856752430448,4.995926135956085,3.108076656495594,2.0583764485555602,1.7044896386452666,1.7044896386452666,1.7044896386452666,1.7044896386452666,2.9838650047201236,1.7044896386452666,1.7044896386452666,1.7044896386452666,1.7044896386452666,1.8092301339486294,1.9112506387317314,1.7044896386452666,4.472391427469187,6.0464369107818445,1.8370307328979645,1.7044896386452666,4.470486398674292,6.044820181134379,6.0464369107818445,6.0464369107818445,3.8893188708016346,5.150168577996183,6.0464369107818445,4.487833134864684,5.737526107066527,6.043926448666907,6.0464369107818445,4.66813157625757,6.0464369107818445,6.0464369107818445,6.0464369107818445,3.9711340281855834,6.0464369107818445,6.0464369107818445,6.0464369107818445,6.341390017282463,6.054043859404515,10.963718111026157,8.095673990261783,8.697087682578838,9.76021242009077,11.679174474831791,9.491746005928368,11.679174474831791,11.679174474831791,11.679174474831791,11.679174474831791,11.679174474831791
2024-01-04 09:00:00,2.2658421277289493,4.419018016854039,2.8660270343751884,2.1925121371819785,2.4583819633425863,2.523687013340836,2.1925121371819785,4.479355302462978,2.1925121371819785,4.654119466371673,2.1925121371819785,2.1925121371819785,2.7297392866018275,2.632500088141386,2.9845691142169843,2.1925121371819785,4.816714392550061,4.424765189860331,3.8400158934813273,2.426730258949321,2.9710787204793974,2.943332573089552,3.511510608026404,4.566616530557721,4.606715062804913,5.205788843998012,2.6679598956867254,4.816558008790695,4.66817176383163,4.851883858116656,2.9845691142169843,4.813401005863983,3.1057124735731816,5.820531851828081,2.541901784655959,5.205788843998012,5.756527500434922,2.7470151537397167,3.4793229914257466,3.017219285671084,5.247869611056777,5.820531851828081,5.820531851828081,5.820531851828081,13.179064214463077,13.103347598462872,13.364051159416853,11.907182389673256,3.7482655922460184,7.129752813288439,5.2335431113505475,9.78556989459566,5.4295868315940705,10.434866523447567,3.163714455635463,3.282771413369998,2.8335504255513158,5.820531851828081,5.2512060054192204,5.820531851828081,5.820531851828081,11.457416949212872,10.232516501944865,4.797878648298671,11.531334042863946,5.205788843998012,5.44387329135281,3.537833315685579,2.843540255979038,5.2512060054192204,5.2512060054192204,5.820531851828081,5.2512060054192204,8.278124806741864,12.160556487448623,5.287422960996299,5.205788843998012,4.027519451621641,5.820531851828081,5.2512060054192204,12.454676934000053,8.153640327635062,8.316897676308844,5.2512060054192204,5.820531851828081,5.820531851828081,5.221675317710385,5.2512060054192204,5.2491721990768525,5.2372472868606454,11.524225348796026,6.314196602035828,5.820531851828081,5.225994532744746,5.251186960680094,5.244620383407743,5.240722016021441,5.820531851828081,5.206776923485373,5.820531851828081,5.219729802936262,5.820531851828081,5.81078417443855,5.820531851828081,5.218209823022521,5.820336327338292,5.75190880406149,5.205788843998012,5.2283084383691705,5.311742358363292,5.820531851828081,5.820531851828081,5.820531851828081,5.820531851828081,5.414193972524836,5.820531851828081,5.820531851828081,5.820531851828081,5.820531851828081,5.782262009146903,5.7819150110660145,5.820531851828081,4.809202225130752,4.234081085547402,5.795777094746009,5.820531851828081,4.809898280195917,4.234671802529284,4.234081085547402,4.234081085547402,5.022243942670379,4.600746188857392,4.234081085547402,4.803560169390584,4.346950208673669,4.23640322785459,4.234081085547402,4.737683137133071,4.234081085547402,4.234081085547402,4.234081085547402,4.992350507538617,4.234081085547402,4.234081085547402,4.234081085547402,4.500357561043686,4.240948453355653,8.673282701559037,6.084082373732086,6.627023996572925,7.586787097481295,9.319179268595713,7.344422162253395,9.319179268595713,9.319179268595713,9.319179268595713,9.319179268595713,9.319179268595713
2024-01-04 10:00:00,4.453327364681077,1.5985363815910523,0.9677779205117072,4.53932906637045,4.227515887245277,1.8841140398581835,4.53932906637045,1.857310396466222,4.53932906637045,1.6523462968071505,4.53932906637045,4.53932906637045,3.9092669499128854,2.213433221103825,0.6504782104360592,4.53932906637045,1.4616543270810354,1.596558277447285,1.7978215776761624,2.186104018850668,3.626223111458741,0.7608554078137235,2.9924024655052834,1.5477348429473428,1.5339334361147414,4.429169240342089,1.5049472085220548,1.4618377345698648,2.915807708568261,3.1629969289242457,0.6504782104360592,1.4655402800346937,1.7683616252324368,2.2173730993490954,2.342222243836708,4.429169240342089,4.817301090403471,1.7230655203236476,1.6003372932759872,0.694409833215921,3.695805669264888,2.2173730993490954,2.2173730993490954,2.2173730993490954,10.044161758789429,9.935580176779274,10.17706505035254,8.927454140580624,1.8189210637790552,5.78507859248991,4.448728998874985,7.65675980670022,4.586890377128904,8.114350169841503,0.8915227505246199,1.9675774334703653,1.054707545652481,2.2173730993490954,3.7002948713746457,2.2173730993490954,2.2173730993490954,8.409336622072667,7.285467591573405,3.7540311328007836,8.887083229105238,4.429169240342089,4.596958728046673,1.394909039250824,1.027967924560533,3.7002948713746457,3.7002948713746457,2.2173730993490954,3.7002948713746457,5.635582628678461,9.330526355282041,4.486700703747368,4.429169240342089,2.053793989815758,2.2173730993490954,3.7002948713746457,9.537807089486257,6.506661053705121,6.295255305947872,3.7002948713746457,2.2173730993490954,2.2173730993490954,4.174216197485979,3.7002948713746457,3.84698749017666,3.9243104606938015,8.701317728796694,4.674319567138603,2.2173730993490954,4.104899555184037,3.7006005096351244,3.805983799032563,3.8685464951540003,2.2173730993490954,4.413312110783484,2.2173730993490954,4.20543866513768,2.2173730993490954,2.2427628530706145,2.2173730993490954,4.229831964185953,2.218076580814483,2.4351730101902005,4.429169240342089,4.067764990867879,3.6719127080457645,2.2173730993490954,2.2173730993490954,2.2173730993490954,2.2173730993490954,3.5371569790927406,2.2173730993490954,2.2173730993490954,2.2173730993490954,2.2173730993490954,2.291421226939258,2.3563134016981553,2.2173730993490954,4.174189746265348,5.286988768682356,2.3064387340744257,2.2173730993490954,4.172842952793934,5.285845793342516,5.286988768682356,5.286988768682356,3.7619763903384813,4.645680593161994,5.286988768682356,4.185106531756193,5.068598865701277,5.284938791205724,5.286988768682356,4.312571672663726,5.286988768682356,5.286988768682356,5.286988768682356,3.819817048769866,5.286988768682356,5.286988768682356,5.286988768682356,5.412025292273532,5.290213506411685,7.371522659826537,6.155701370059112,6.41065266797772,6.861332516375912,7.674818928080125,6.747524231641723,7.674818928080125,7.674818928080125,7.674818928080125,7.674818928080125,7.674818928080125
2024-01-04 11:00:00,0.6290037951097112,3.8329218997214958,1.9173812865632256,0.5290847598046156,0.8913574990828916,2.2684295516940307,0.5290847598046156,3.6451244764954875,0.5290847598046156,3.883257149545172,0.5290847598046156,0.5290847598046156,1.2611074712401733,2.6115641546833515,1.7958238030188638,0.5290847598046156,4.104808087272912,3.8368509698699076,3.437085554387771,2.3989697434431188,1.589955235084876,1.8381092950248583,2.326344704782402,3.9338280171305784,3.961241485608927,6.25829956645272,2.1256203271774154,4.10459499963637,1.1574059272034958,1.0877427646859719,1.7958238030188638,4.1002932850917535,2.7283022466108604,7.635496068511117,2.554036487580545,6.25829956645272,6.5450399727097555,2.35942591023496,2.954828831766007,1.7834429404029104,0.9375859665227916,7.635496068511117,7.635496068511117,7.635496068511117,10.339344510308496,10.281728851443305,10.474924728091318,8.92599283319781,2.6765311771072957,7.260005554820056,6.272749741327895,8.642748639834721,6.374819307954018,8.980802954639561,1.727892341663192,3.039974048523754,1.9506840162601669,7.635496068511117,0.9363208142006326,7.635496068511117,7.635496068511117,9.061607739074784,7.837287385407706,4.05746673907063,9.55167543342862,6.25829956645272,6.382257509771371,1.5860274140982882,1.9404400704018743,0.9363208142006326,0.9363208142006326,7.635496068511117,0.9363208142006326,5.815650990357672,9.879278185255654,6.300802121156186,6.25829956645272,1.400339667175288,7.635496068511117,0.9363208142006326,10.032411101107764,7.793089474740771,5.584516339833094,0.9363208142006326,7.635496068511117,7.635496068511117,4.396724054030167,0.9363208142006326,1.9759301431040805,2.572002156952074,8.278063880703694,3.0697034820303197,7.635496068511117,3.8905988379233163,0.9385524749605596,1.708023389145846,2.164833716985439,7.635496068511117,6.142516503999643,7.635496068511117,4.6246992943594805,7.635496068511117,7.520796552290575,7.635496068511117,4.802810399317323,7.63505803889553,7.202642974448781,6.25829956645272,3.619455592010157,2.888804176061407,7.635496068511117,7.635496068511117,7.635496068511117,7.635496068511117,5.361383812410015,7.635496068511117,7.635496068511117,7.635496068511117,7.635496068511117,7.521240452340428,7.548983530197276,7.635496068511117,4.616145019367519,2.899105816376439,7.5800384798464275,7.635496068511117,4.618223109968039,2.9008694173744827,2.899105816376439,2.899105816376439,5.252186638622028,4.024334050245135,2.899105816376439,4.599300514402273,3.2360795352618696,2.90713346240196,2.899105816376439,4.402622911758764,2.899105816376439,2.899105816376439,2.899105816376439,5.162939006252803,2.899105816376439,2.899105816376439,2.899105816376439,3.144454327590486,2.905433444322443,6.989408970034651,4.603706498634285,5.103975696624317,5.988306343885463,7.58454138203371,5.7649900486031775,7.58454138203371,7.58454138203371,7.58454138203371,7.58454138203371,7.58454138203371
2024-01-04 12:00:00,0.13666039414481146,2.734987982432554,1.5886109539536766,0.04730019435435247,0.371290155443305,0.5698376126127671,0.04730019435435247,2.834055798912329,0.04730019435435247,3.0470240604190595,0.04730019435435247,0.04730019435435247,0.701967200949231,0.44319808510389624,1.9413816011162197,0.04730019435435247,3.245162843471389,2.742360599758319,1.9922295720349539,0.2504772473604403,0.9960643345742761,1.8186653359749023,1.6546366469953633,2.924331048701456,2.9757704491266406,5.5007928398966115,0.994095316700782,3.2449722736393634,3.7471320028604813,3.944172669276869,1.9413816011162197,3.241125138106332,1.2550852960232561,8.920011990746126,0.32577563277306043,5.5007928398966115,6.0811762758323376,0.9174334474553484,1.7629848935428272,1.9764005886628089,4.368887748348699,8.920011990746126,8.920011990746126,8.920011990746126,13.831853302523115,13.736137939856304,14.066500612252382,12.351852712215033,2.5984054831018133,7.528318611081027,5.530041044756893,10.327091177434285,5.736637270786639,11.011337696159853,2.1335241902901405,1.293381010867743,1.4919634653341725,8.920011990746126,4.3724662028383845,8.920011990746126,8.920011990746126,11.650772807655391,10.417883529645504,3.3358403043974696,12.166825110876493,5.5007928398966115,5.751692732220524,2.534785902482284,1.521692308878463,4.3724662028383845,4.3724662028383845,8.920011990746126,4.3724662028383845,8.10083102424757,12.82991690602773,5.586821101685191,5.5007928398966115,3.059999459789011,8.920011990746126,4.3724662028383845,13.139869064557615,8.607319234412534,8.274713545658878,4.3724662028383845,8.920011990746126,8.920011990746126,5.106115345802364,4.3724662028383845,4.599299321589152,4.719251283102868,11.879917615425196,5.840306108493468,8.920011990746126,4.998810414759836,4.372939343073911,4.536076884453497,4.632926437031398,8.920011990746126,5.47624536994839,8.920011990746126,5.154448972866257,8.920011990746126,8.842151465821335,8.920011990746126,5.192210774150181,8.918924477636693,8.467262056889982,5.5007928398966115,4.94132462590869,5.171764355934098,8.920011990746126,8.920011990746126,8.920011990746126,8.920011990746126,6.312710067214951,8.920011990746126,8.920011990746126,8.920011990746126,8.920011990746126,8.84492331890166,8.705223957702792,8.920011990746126,6.935697628695965,5.807261254374815,8.782325285226017,8.920011990746126,6.937063347672373,5.808420291112307,5.807261254374815,5.807261254374815,7.353703517844345,6.3791644640764815,5.807261254374815,6.924627437591939,6.0287200311564915,5.806528870317068,5.807261254374815,6.795371122156273,5.807261254374815,5.807261254374815,5.807261254374815,7.295050066885253,5.807261254374815,5.807261254374815,5.807261254374815,5.936554435701415,5.810595772865844,7.962759589008343,6.705547712320076,6.969178397535069,7.435200881891021,8.276381067602934,7.317518185891586,8.276381067602934,8.276381067602934,8.276381067602934,8.276381067602934,8.276381067602934
2024-01-04 13:00:00,0.14939146245065885,4.715851523128601,2.2755989762274567,0.0,0.54164308293745,1.7186007273978063,0.0,4.658869342657136,0.0,5.014907490699212,0.0,0.0,1.0944655647899115,1.8844290845682239,2.468470761083365,0.0,5.346153869263617,4.724960121674839,3.7982007244753033,1.5600815645341344,1.5861341263846378,2.4013775794963172,2.687128541267347,4.949777943279284,5.013329437576266,6.026779754270419,1.9532107547503719,5.345835276579491,1.6323184630809835,1.5410788289295319,2.468470761083365,5.339403674984227,2.6395148955136936,8.802289845557947,1.6736057208040627,6.026779754270419,6.355780676842631,2.0740709593675795,3.232356521788022,2.452255227152146,1.34441461164948,8.802289845557947,8.802289845557947,8.802289845557947,10.704608301965823,10.677580090580454,10.862608308695311,9.348307856604286,2.9796618459555972,7.176119669843889,6.043359631962999,8.76265487982185,6.160472465919292,9.150532482780296,2.379499180444806,2.915431532361519,2.222758486856197,8.802289845557947,1.3427576091412947,8.802289845557947,8.802289845557947,9.510242694970884,8.325517808290783,3.6072868259801703,9.80554157146913,6.026779754270419,6.169006928474227,2.1936950391716046,2.2390122629631626,1.3427576091412947,1.3427576091412947,8.802289845557947,1.3427576091412947,6.3238269409512675,10.181427234027874,6.075546441503824,6.026779754270419,1.9504950252273614,8.802289845557947,1.3427576091412947,10.35712926099074,7.787770827599139,5.863948958644512,1.3427576091412947,8.802289845557947,8.802289845557947,4.388355151141844,1.3427576091412947,2.2586940968761064,2.7823664442160623,8.682110045502496,3.370185201768666,8.802289845557947,3.9429002121401524,1.3447217561074003,2.0219545993523016,2.42400612780286,8.802289845557947,5.924875847132197,8.802289845557947,4.589002527607179,8.802289845557947,8.674571924132023,8.802289845557947,4.745763085804243,8.801407069849088,8.240858996286974,6.026779754270419,3.7042594682585666,3.253839525091755,8.802289845557947,8.802289845557947,8.802289845557947,8.802289845557947,5.73834693088272,8.802289845557947,8.802289845557947,8.802289845557947,8.802289845557947,8.712786005043919,8.627938238685523,8.802289845557947,6.437036181749498,5.091967920498687,8.69052431555024,8.802289845557947,6.438664085006391,5.093349463636343,5.091967920498687,5.091967920498687,6.935288867770586,5.860330066476387,5.091967920498687,6.423840787628173,5.3559413075703866,5.0942018906297095,5.091967920498687,6.269770455073245,5.091967920498687,5.091967920498687,5.091967920498687,6.865375404244238,5.091967920498687,5.091967920498687,5.091967920498687,5.2287534663065935,5.095495669813246,7.372374459851286,6.042308860223203,6.321216586051016,6.814244441250607,7.704169877726256,6.6897421926458165,7.704169877726256,7.704169877726256,7.704169877726256,7.704169877726256,7.704169877726256
2024-01-04 14:00:00,0.1933091891683962,5.79499445831795,0.8331438656165121,0.0,0.7008739553365759,0.26223197683523525,0.0,6.028472044498538,0.0,6.489177392595407,0.0,0.0,1.4162138011879108,0.7511538185290455,1.030833526609287,0.0,6.917802749124075,5.811220337894718,4.160309245561221,0.1215795275366168,2.0524218509809797,0.9620643785828964,3.477083837205285,6.211706415038989,6.324915805940547,5.682729436767803,0.5063033398089922,6.917390497363278,3.14113839478796,3.371411569400584,1.030833526609287,6.909068149693341,1.9473536940970413,9.394307996377833,0.2559797062734708,5.682729436767803,5.471097744895112,0.8510431090447081,2.982624628446545,1.0717587507304451,3.8677582948884566,9.394307996377833,9.394307996377833,9.394307996377833,2.417419707918736,2.5348685358157117,2.4585657460348376,2.5606108907360845,0.9368757689600358,4.943410078730919,5.672064337291212,3.9228623912710523,5.596730848872997,3.673357943952662,1.2553825234842189,2.576132209945301,0.7789834375461194,9.394307996377833,3.871940284781879,9.394307996377833,9.394307996377833,3.019270056682,2.0443468821595867,0.667598554779274,3.2520196676115587,5.682729436767803,5.591241007885304,1.7243202813464569,0.7956432278355028,3.871940284781879,3.871940284781879,9.394307996377833,3.871940284781879,2.131537519205473,3.0102291033296766,5.6513599912187065,5.682729436767803,2.338115369386978,9.394307996377833,3.871940284781879,2.8972077873379214,4.549962035061001,3.7177854089245637,3.871940284781879,9.394307996377833,9.394307996377833,5.049333307166396,3.871940284781879,4.221842552659401,4.428476522418437,2.8287249820693585,3.9935003634811723,9.394307996377833,4.877125545065695,3.8726996014351593,4.134510038687617,4.289938540880909,9.394307996377833,5.64333455692447,9.394307996377833,5.126901277901908,9.394307996377833,9.299757117968667,9.394307996377833,5.187503108859878,9.393127495754099,8.872689562503295,5.682729436767803,4.784869774948982,4.93587827997249,9.394307996377833,9.394307996377833,9.394307996377833,9.394307996377833,6.416722816930288,9.394307996377833,9.394307996377833,9.394307996377833,9.394307996377833,9.191460106444817,9.161154570658868,9.394307996377833,4.033792602798937,0.9853842100011576,9.244848426339798,9.394307996377833,4.037482017004846,0.9885152835809671,0.9853842100011576,0.9853842100011576,5.1630123707148625,2.898670992395142,0.9853842100011576,4.003887094398704,1.5836428350885687,0.9966097086016171,0.9853842100011576,3.654708314130089,0.9853842100011576,0.9853842100011576,0.9853842100011576,5.004563320117917,0.9853842100011576,0.9853842100011576,0.9853842100011576,1.4402252709349384,0.9971147275164802,8.568221443228163,4.145470158556996,5.072897725328594,6.712320307622572,9.671511845645057,6.298323824956406,9.671511845645057,9.671511845645057,9.671511845645057,9.671511845645057,9.671511845645057
2024-01-04 15:00:00,0.07539687199504325,2.260236346059929,1.2829700832928037,0.0,0.2733636415449349,0.4038147492250713,0.0,2.3513001995409692,0.0,2.530990271737342,0.0,0.0,0.5523694509564241,0.29297442376051047,1.5873952027676315,0.0,2.698168103681325,2.266564966911941,1.6226559378619358,0.1281147028159018,0.8005112858004884,1.4814966140453756,1.3561758037349472,2.422767564543964,2.4669229096217706,4.94548145238391,0.7699123985592641,2.6980073120843384,4.484128551887345,4.80021557531527,1.5873952027676315,2.694761325772628,0.9915362436714972,9.091222196493415,0.1617237210836469,4.94548145238391,5.178621372041106,0.7026791094676017,1.4277443064053101,1.6435716649080392,5.481531405140363,9.091222196493415,9.091222196493415,9.091222196493415,8.209573248667377,8.169526877679457,8.349760329381317,7.693394996657428,1.8356860468857286,5.759938182415705,4.957230450906325,6.884204608466197,5.040220116971483,7.159066309410848,1.8956248702281349,1.0228957546484156,1.1995676701198674,9.091222196493415,5.487271859883481,9.091222196493415,9.091222196493415,7.032312152586723,6.327922560294551,2.0013961832033096,7.623225391755459,4.94548145238391,5.046267893065297,2.5393174770851457,1.2252223180352002,5.487271859883481,5.487271859883481,9.091222196493415,5.487271859883481,5.394884314286586,7.889589244124301,4.980038989349625,4.94548145238391,3.3818501025192025,9.091222196493415,5.487271859883481,8.014096969298654,6.193372534703855,6.486692361573545,5.487271859883481,9.091222196493415,9.091222196493415,5.134994376508201,5.487271859883481,5.3846798496607295,5.320755512772222,7.744356867689017,5.782811588156838,9.091222196493415,5.186519157016635,5.487044671379203,5.408710656990458,5.362206252295964,9.091222196493415,4.957268450323625,9.091222196493415,5.1117859414302576,9.091222196493415,9.029517382930575,9.091222196493415,5.093653796860069,9.08990360671937,8.64055755835138,4.94548145238391,5.214122200270403,5.816630508496969,9.091222196493415,9.091222196493415,9.091222196493415,9.091222196493415,6.410154036655378,9.091222196493415,9.091222196493415,9.091222196493415,9.091222196493415,8.893059345223351,8.830795631055615,9.091222196493415,3.854514952363637,0.8765135585513537,8.924279581874782,9.091222196493415,3.8581191546986995,0.8795723158710197,0.8765135585513537,0.8765135585513537,4.957653905372379,2.710954061653225,0.8765135585513537,3.8253001509909033,1.460954614277287,0.8862373900332848,0.8765135585513537,3.484186113650504,0.8765135585513537,0.8765135585513537,0.8765135585513537,4.802864443881338,0.8765135585513537,0.8765135585513537,0.8765135585513537,0.9408173969220152,0.8781719780897325,1.9485485653192496,1.32327545743567,1.4543919231121472,1.6861677538531463,2.1045279036122073,1.6276383791024722,2.1045279036122073,2.1045279036122073,2.1045279036122073,2.1045279036122073,2.1045279036122073
2024-01-04 16:00:00,0.10772334958742545,3.4783369335268683,2.38492405225057,0.0,0.3905685520292226,1.8020104635884908,0.0,3.359422303312356,0.0,3.616154657751041,0.0,0.0,0.78919835654064,1.786258570908901,2.5867695418876524,0.0,3.855010137524174,3.48378029736547,2.929942232794814,1.6231620246874778,1.1437312292562303,2.516554730017349,1.9376374157452023,3.6181330404556897,3.6561118693819155,5.372951470063131,2.0453990570558385,3.854780406383417,2.3617367311599096,2.337181501960727,2.5867695418876524,3.8501427004818334,2.3258717579432795,6.579908617002335,1.6211944227806063,5.372951470063131,5.182276463248452,2.040803025215327,2.692506150832074,2.5824054718651084,2.284253462786725,6.579908617002335,6.579908617002335,6.579908617002335,2.4691735662834278,2.506951886448648,2.4849308556728817,2.478432401860968,2.356543969948134,4.706842711093758,5.363342474844203,3.7873540676907016,5.295468834131839,3.5625566294065267,2.5628247116051575,2.409294916300577,2.3296250645952576,6.579908617002335,2.2838075154004764,6.579908617002335,6.579908617002335,2.6470911319900754,2.524501186866413,1.8832743003240822,3.182941090723628,5.372951470063131,5.290522620932498,2.512819433552996,2.3466350767088127,2.2838075154004764,2.2838075154004764,6.579908617002335,2.2838075154004764,2.5008057594546407,2.965093673428931,5.3446883626290855,5.372951470063131,2.4473672631318326,6.579908617002335,2.2838075154004764,2.863264216761847,4.352355593667542,2.977163914490582,2.2838075154004764,6.579908617002335,6.579908617002335,4.2923994783975,2.2838075154004764,2.8828346289351874,3.233239177369609,2.4552784879943106,2.824154669181579,6.579908617002335,3.99861896471597,2.2851028834705707,2.7317424762796083,2.9968981502055874,6.579908617002335,5.305745161267197,6.579908617002335,4.424727766100274,6.579908617002335,6.50635318677662,6.579908617002335,4.528112403422618,6.579524733530142,6.281613560898407,5.372951470063131,3.841233796914276,3.4673480891856494,6.579908617002335,6.579908617002335,6.579908617002335,6.579908617002335,4.982933802304219,6.579908617002335,6.579908617002335,6.579908617002335,6.579908617002335,6.441423323415335,6.504090150820003,6.579908617002335,2.9202572974715024,0.8390932716140949,6.531306305791976,6.579908617002335,2.922776079449654,0.8412308715865945,0.8390932716140949,0.8390932716140949,3.69118141768651,2.2337609431353416,0.8390932716140949,2.89984065368959,1.2475274996632193,0.8499280764675599,0.8390932716140949,2.661454511660616,0.8390932716140949,0.8390932716140949,0.8390932716140949,3.583007439156364,0.8390932716140949,0.8390932716140949,0.8390932716140949,1.119069153423327,0.84631395212761,5.506683169127091,2.7842735247414456,3.3551484371515006,4.3642894812635,6.185809857192977,4.10945534192168,6.185809857192977,6.185809857192977,6.185809857192977,6.185809857192977,6.185809857192977
2024-01-04 17:00:00,0.0677757872668391,2.6027246261070243,4.084735437439049,0.0,0.24573215739050816,3.696193195674199,0.0,2.113631745028385,0.0,2.275158818829868,0.0,0.0,0.4965361746464033,3.399123760133638,4.2192759603555245,0.0,2.4254383844637273,2.600162634686872,2.860833868809042,3.5573708404162243,0.7195959351560975,4.172474134253302,1.2190941127692545,2.536927733387381,2.519052493601563,5.691591042060133,3.8551890802964692,2.425293845615055,1.5766273751253093,1.2882656846972707,4.2192759603555245,2.422375962261114,3.379420468595592,6.665868440808363,3.5031795392998375,5.691591042060133,5.728972266890438,3.6536876925981194,3.2395947426600147,4.1680269738916165,0.6667109550120609,6.665868440808363,6.665868440808363,6.665868440808363,6.173930100999534,6.119407831779563,6.2192428671707765,5.483675383805411,4.24387675772591,5.82217953237376,5.693474854819197,6.002442338087821,5.706781264851143,6.046513156398815,3.9380824238886594,3.1241809574486257,4.047875784398128,6.665868440808363,0.661474019893375,6.665868440808363,6.665868440808363,5.48865161987737,5.608789125485598,4.191385199428607,6.120935567797361,5.691591042060133,5.7077509541185085,3.3508508247665794,4.059213842675716,0.661474019893375,0.661474019893375,6.665868440808363,0.661474019893375,4.6639514720687965,6.163643856736922,5.6971319338164506,5.691591042060133,2.5822203081571633,6.665868440808363,0.661474019893375,6.18360719581114,5.891675597208493,3.7432320446392024,0.661474019893375,6.665868440808363,6.665868440808363,3.932105875171224,0.661474019893375,1.6411822863541377,2.207453240786154,4.924762621936281,2.221224367848745,6.665868440808363,3.4537369858160067,0.6635832945257586,1.3908557853953896,1.8226142558693943,6.665868440808363,5.582157618809924,6.665868440808363,4.147578764184126,6.665868440808363,6.563064571804766,6.665868440808363,4.315922108378475,6.665558563202799,6.294544574446011,5.691591042060133,3.1974634604592627,2.4665393262848045,6.665868440808363,6.665868440808363,6.665868440808363,6.665868440808363,4.7389550029036975,6.665868440808363,6.665868440808363,6.665868440808363,6.665868440808363,6.614446081983524,6.604666418684769,6.665868440808363,5.306966723143406,4.534188902921257,6.626635785813722,6.665868440808363,5.307901997260442,4.534982636537028,4.534188902921257,4.534188902921257,5.593226265291214,5.016985584315202,4.534188902921257,5.299385615031786,4.6858486993305695,4.536954809080131,4.534188902921257,5.210868073444731,4.534188902921257,4.534188902921257,4.534188902921257,5.553059103887949,4.534188902921257,4.534188902921257,4.534188902921257,4.667298469028627,4.537621847373268,6.753311714537004,5.458990345892797,5.7304026954188965,6.2101809022232,7.076190450363186,6.089024531546073,7.076190450363186,7.076190450363186,7.076190450363186,7.076190450363186,7.076190450363186
2024-01-04 18:00:00,0.08564367381632337,2.765141553994679,3.596899016180352,0.0,0.3105150907488032,1.9669190741068197,0.0,2.6708533392072495,0.0,2.8749641666727377,0.0,0.0,0.6274391474347063,1.418746458325774,4.161312174332309,0.0,3.064862279545005,2.7694728654387277,2.3287811868459154,1.4323133535898949,0.9093046652106448,3.9649730647093073,1.540486695261069,2.876378005521284,2.9065979469466936,8.881826270359825,2.641806278294676,3.0646796355874995,5.913073775078772,6.104223267766303,4.161312174332309,3.0609925039395094,2.2602457464110834,7.186442488218603,1.324618240964897,8.881826270359825,8.723124421137163,2.27986797555891,2.6095661528554563,4.195284154968103,6.516240103568951,7.186442488218603,7.186442488218603,7.186442488218603,6.332373221039401,6.310478183790926,6.419237920717786,6.34853711722316,3.736486954096437,8.32741332658793,8.8738285503865,7.562108263879162,8.817336236713759,7.3750057707302314,4.34771003378052,1.9466880544743315,3.4422684801140804,7.186442488218603,6.519711568484031,7.186442488218603,7.186442488218603,5.624945959374651,5.769583455069218,2.7364535402391548,7.059045703445758,8.881826270359825,8.813219424581439,4.736974717642141,3.489832954675671,6.519711568484031,6.519711568484031,7.186442488218603,6.519711568484031,5.600899213452061,6.877727823611346,8.858302435277857,8.881826270359825,5.246485301714368,7.186442488218603,6.519711568484031,6.792973542762614,8.032368045085306,6.977459261474088,6.519711568484031,7.186442488218603,7.186442488218603,8.055581918165728,6.519711568484031,6.977598313897078,7.245694727597949,6.503057608419683,6.907670999702471,7.186442488218603,7.830942574491132,6.520702072004624,6.862225148979279,7.064976501735431,7.186442488218603,8.830436949436121,7.186442488218603,8.156766776639216,7.186442488218603,7.175027095869577,7.186442488218603,8.235819865569763,7.186981720133041,7.260581909557522,8.881826270359825,7.71059796634801,7.102073681020822,7.186442488218603,7.186442488218603,7.186442488218603,7.186442488218603,7.7446103951617875,7.186442488218603,7.186442488218603,7.186442488218603,7.186442488218603,7.196091672223808,7.292942870836433,7.186442488218603,7.441434538727276,7.586442966050976,7.254712990124645,7.186442488218603,7.441259038570209,7.586294025358936,7.586442966050976,7.586442966050976,7.387719169410229,7.596678169635798,7.586442966050976,7.442857100990155,7.557984658902325,7.5895386132234925,7.586442966050976,7.459467036161959,7.586442966050976,7.586442966050976,7.586442966050976,7.395256364128718,7.586442966050976,7.586442966050976,7.586442966050976,7.529104401895076,7.584964183485142,6.6305288313672675,7.1880734993026625,7.071159329486703,6.864489033008828,6.491444889843395,6.916678612887429,6.491444889843395,6.491444889843395,6.491444889843395,6.491444889843395,6.491444889843395
2024-01-04 19:00:00,0.12299782526884488,3.687210726424409,1.4839940653015347,0.0,0.4459486518195278,0.4670870343236745,0.0,3.835766702851455,0.0,4.128902048095069,0.0,0.0,0.901101589692641,0.47794047721641314,1.8361184651705311,0.0,4.401625693230137,3.697534849708988,2.647101215680632,0.15770475777269186,1.3059049354607157,1.7136270063016732,2.2123818950021232,3.952354171806944,4.02438648926068,12.809306150670396,0.8921171629840075,4.401363387696399,1.351353201577284,1.2984563723689597,1.8361184651705311,4.396068085031601,1.470057102463123,5.867608447350487,0.2074021628776379,12.809306150670396,12.422363636078325,0.910643298393478,2.1610531420600014,1.8267173936202257,1.1844388885243449,5.867608447350487,5.867608447350487,5.867608447350487,6.76703534558156,6.7799107637086715,6.882464136099382,5.988409475853613,1.8843127339675552,11.457551652305956,12.789806328250938,9.591605749060074,12.652068311871652,9.135417560074846,1.7845365561766788,1.6571710483071165,1.3875236270643423,5.867608447350487,1.183478229491805,5.867608447350487,5.867608447350487,6.133989013282884,5.36860772651915,1.7230167799925038,8.365052352961209,12.809306150670396,12.642030812961677,1.6768152789210806,1.4171980097717256,1.183478229491805,1.183478229491805,5.867608447350487,1.183478229491805,4.165107969857058,7.9229680501803745,12.751950978414682,12.809306150670396,1.5358183347672218,5.867608447350487,1.183478229491805,7.716322477273162,10.738180304698194,5.649037218532026,1.183478229491805,5.867608447350487,5.867608447350487,8.742706568598384,1.183478229491805,3.441972008511571,4.756613469211352,5.615787473527856,3.8633036226848736,5.867608447350487,7.637079330508115,1.1883532778866108,2.86925747820582,3.8671566640740327,5.867608447350487,12.556378804859978,5.867608447350487,9.24071699624926,5.867608447350487,5.78740940052652,5.867608447350487,9.629799544956283,5.8698163161418755,6.070601080510118,12.809306150670396,7.044768675821218,4.22257623637017,5.867608447350487,5.867608447350487,5.867608447350487,5.867608447350487,7.661619255177336,5.867608447350487,5.867608447350487,5.867608447350487,5.867608447350487,5.991041530575773,6.303671048165964,5.867608447350487,9.129485822188041,10.984444466210011,6.1471399559550655,5.867608447350487,9.127240811057383,10.982539205741743,10.984444466210011,10.984444466210011,8.442354801802129,10.132397471526724,10.984444466210011,9.147683345014036,10.620403673451241,10.988805436352935,10.984444466210011,9.360158877589857,10.984444466210011,10.984444466210011,10.984444466210011,8.538771160166803,10.984444466210011,10.984444466210011,10.984444466210011,10.771993020260485,10.978965265623437,7.442581444231168,9.508401763035483,9.075210161622955,8.309453223549657,6.927246173456594,8.502826599251218,6.927246173456594,6.927246173456594,6.927246173456594,6.927246173456594,6.927246173456594
2024-01-04 20:00:00,0.035738327061655153,1.0713583154675248,1.6538513120459009,0.0,0.12957512652434997,0.5205495915503369,0.0,1.1145228353353254,0.0,1.1996964294110661,0.0,0.0,0.2618246563126037,0.13887069184702283,2.046279701311989,0.0,1.2789391868011244,1.0743580993560828,0.7691434283859827,0.14880877443910634,0.3794445762997273,1.9097679289933347,0.642831103526005,1.148398565151804,1.1693283215482584,3.5126555051326527,0.9897828808942218,1.278862971136869,2.4672010684446266,2.5131313512836044,2.046279701311989,1.2773243645955634,0.7232351261321203,6.40014400693074,0.1100439246642901,3.5126555051326527,3.8136267782743207,0.7377568210358731,0.9653855020312487,2.054442645703126,2.6121326593005247,6.40014400693074,6.40014400693074,6.40014400693074,7.811943965500069,7.74648949567684,7.945213737427524,7.052535060771224,2.123668749015456,4.564075953921089,3.527822839189516,6.01544429142581,3.6349580972352378,6.370276171752586,2.0910682397729903,0.5046346838066431,1.5463389138613401,6.40014400693074,2.612966798921685,6.40014400693074,6.40014400693074,6.492193321894813,6.178798224491516,1.9788807982316774,6.969480933249182,3.5126555051326527,3.6427654554658973,2.1846025556511712,1.579409812136655,2.612966798921685,2.612966798921685,6.40014400693074,2.612966798921685,4.960839629501504,7.313342541695504,3.5572674528098447,3.5126555051326527,2.3070301117323426,6.40014400693074,2.612966798921685,7.474075412397346,5.123616718211096,4.81616870159043,2.612966798921685,6.40014400693074,6.40014400693074,3.197953297128397,2.612966798921685,2.7918355565122543,2.8894812495685853,6.745969223076592,3.4671223615358784,6.40014400693074,3.1123920496943995,2.613344064610871,2.7434243079709892,2.820648797577208,6.40014400693074,3.493082200069104,6.40014400693074,3.2364928626862675,6.40014400693074,6.335302085782223,6.40014400693074,3.2666028193473156,6.39922561549091,6.02053847895749,3.5126555051326527,3.066554866295232,3.270153369460467,6.40014400693074,6.40014400693074,6.40014400693074,6.40014400693074,4.21167907897108,6.40014400693074,6.40014400693074,6.40014400693074,6.40014400693074,6.435279698360471,6.218758155841795,6.40014400693074,7.328649671127222,7.85667062651657,6.283869278257382,6.40014400693074,7.328010620264342,7.8561282869577,7.85667062651657,7.85667062651657,7.133055241552689,7.289925858345571,7.85667062651657,7.33382966444905,7.753045045529814,7.846289499877718,7.85667062651657,7.394311624016778,7.85667062651657,7.85667062651657,7.85667062651657,7.160500520628287,7.85667062651657,7.85667062651657,7.85667062651657,7.828000287199551,7.85593120796707,7.378695933519355,7.657478547793421,7.5990193071595336,7.4956803482232885,7.30915139825342,7.521776100461938,7.30915139825342,7.30915139825342,7.30915139825342,7.30915139825342,7.30915139825342
2024-01-04 21:00:00,0.07331486326683137,2.1978221944406435,1.6760659829769629,0.0,0.265814979742231,0.5275416577629182,0.0,2.2863714112695877,0.0,2.461099522992183,0.0,0.0,0.537116324564596,0.284884229946471,2.073765503612635,0.0,2.623660907382562,2.203976056798002,1.5778479274482482,0.1606719404871455,0.7784059724105867,1.9354200936034658,1.3187263739953217,2.3558652769246473,2.398801316593402,0.6645331175418592,1.0047051133810498,2.623504555883679,0.9244807613500804,0.7990726034458344,2.073765503612635,2.6203482042166666,1.0679324828505434,6.2832604251631095,0.1524636140961899,0.6645331175418592,1.1275885121249787,0.8491105128695153,1.5065960906396931,2.051477380050319,0.5287591870874093,6.2832604251631095,6.2832604251631095,6.2832604251631095,7.420048338440242,7.387613857018385,7.546601532055163,6.480957048609923,2.108680860640251,2.28218222306736,0.6878686199077909,4.515165893546615,0.8527001623679064,5.061087817058716,1.9514747673829203,1.0027548242026898,1.5671094691519671,6.2832604251631095,0.5264816502019667,6.2832604251631095,6.2832604251631095,6.384743359883065,5.9029527447562735,1.8976851259246466,5.982986423442613,0.6645331175418592,0.8647120707085681,1.696088439886541,1.6006245785345503,0.5264816502019667,0.5264816502019667,6.2832604251631095,0.5264816502019667,4.478431219783797,6.5120301794098125,0.7331702430028655,0.6645331175418592,1.3618119378522635,6.2832604251631095,0.5264816502019667,6.759323624024659,3.1430563081222873,3.2047055406700795,0.5264816502019667,6.2832604251631095,6.2832604251631095,0.6162440801335091,0.5264816502019667,0.5590810162904051,0.5689110209264866,5.935142343486177,1.4723216018481469,6.2832604251631095,0.6031152549363578,0.5265395392046957,0.5464995190775382,0.558349122202614,6.2832604251631095,0.6615297192930425,6.2832604251631095,0.6221577295315469,6.2832604251631095,6.1846960921802,6.2832604251631095,0.6267779094558946,6.281473338891132,5.627581320137291,0.6645331175418592,0.5960818328390274,1.2650825475995304,6.2832604251631095,6.2832604251631095,6.2832604251631095,6.2832604251631095,2.4302546180488314,6.2832604251631095,6.2832604251631095,6.2832604251631095,6.2832604251631095,6.207490147123276,5.930303994654405,6.2832604251631095,4.280933746081536,3.142254159236817,6.057002903175952,6.2832604251631095,4.282311862167822,3.143423716957056,3.142254159236817,3.142254159236817,4.702734021210451,3.5747951105076137,3.142254159236817,4.269763066972395,3.3657231949638855,3.1363330159647855,3.142254159236817,4.139333446652953,3.142254159236817,3.142254159236817,3.142254159236817,4.6435481523170505,3.142254159236817,3.142254159236817,3.142254159236817,3.3430207841480017,3.147432004010061,6.489314856528374,4.537114572714707,4.946480653358498,5.6701209904349685,6.976306708001498,5.487383142670411,6.976306708001498,6.976306708001498,6.976306708001498,6.976306708001498,6.976306708001498
2024-01-04 22:00:00,0.010947914433632619,0.4857329826806488,2.254196289111256,0.0,0.03969344719097786,1.3746235484740952,0.0,0.34141778977316406,0.0,0.36750947611140483,0.0,0.0,0.08020615875445235,0.9077658440920225,2.5587659439598047,0.0,0.39178433726802236,0.48437531599850203,0.6225118635208367,1.0744332165751358,0.11623730306314474,2.452817076561059,0.19692191815635587,0.4508654775315027,0.44139291751366216,0.1040324078494293,1.736876291522454,0.3917609897126281,1.4237443406453414,1.2998925542090496,2.5587659439598047,0.3912896600745009,1.135405581596312,6.764873344682688,0.9821243332716851,0.1040324078494293,0.41192773336188393,1.4231201682272576,1.0945759982951655,2.5367544260040646,1.0329338485461337,6.764873344682688,6.764873344682688,6.764873344682688,4.634932062191679,4.579180417931048,4.6972949701225355,4.182797968081792,2.408749170038302,1.179641511505603,0.11954867692005236,2.664399581768822,0.2291486557004903,3.0273946149990674,2.437992890597327,0.7806613721150513,2.1707542780267617,6.764873344682688,1.0306845769146022,6.764873344682688,6.764873344682688,3.8333923465529365,4.059306351227191,1.986118428808203,3.640384496604035,0.1040324078494293,0.23713562760890194,2.185776021930926,2.1964211062908463,1.0306845769146022,1.0306845769146022,6.764873344682688,1.0306845769146022,3.3694425145438958,3.9921568792592454,0.14967068424847957,0.1040324078494293,1.8556480411640683,6.764873344682688,1.0306845769146022,4.15658752085739,1.7520548982060247,2.23001694695884,1.0306845769146022,6.764873344682688,6.764873344682688,0.42816616838633353,1.0306845769146022,0.8540930543808576,0.7458830520083518,3.8505145844227684,1.3585843054923066,6.764873344682688,0.5162916666562253,1.0302960046597942,0.8963172864319873,0.8167783966976374,6.764873344682688,0.12419232034771786,6.764873344682688,0.38847158094460094,6.764873344682688,6.666695785115626,6.764873344682688,0.357459235832562,6.762754804887761,6.043694408909754,0.1040324078494293,0.5635025798614833,1.5410383344241516,6.764873344682688,6.764873344682688,6.764873344682688,6.764873344682688,2.4714040352168114,6.764873344682688,6.764873344682688,6.764873344682688,6.764873344682688,6.60168477043777,6.3464535651603695,6.764873344682688,2.4524061822934606,0.0,6.496651506852202,6.764873344682688,2.4553742695841887,0.002518909284754035,0.0,0.0,3.360849272316375,1.2942390807182198,0.0,2.4283475772001806,0.4812915337200619,0.00024861184186797944,0.0,2.1474376435181926,0.0,0.0,0.0,3.233379005477933,0.0,0.0,0.0,0.3281465142900355,0.008463018764332208,5.470661776673678,2.2798539488643232,2.948949484495606,4.1317160639325925,6.266634108326169,3.8330369991262256,6.266634108326169,6.266634108326169,6.266634108326169,6.266634108326169,6.266634108326169
2024-01-04 23:00:00,0.05524154492809239,1.6637585913266701,0.4385756990485787,0.0,0.20028721996721882,0.17070120778444753,0.0,1.7227432939249028,0.0,1.8543980553720445,0.0,0.0,0.4047083258828174,0.2571412072747774,0.5313325997319103,0.0,1.9768853876704158,1.6682836360126914,1.2078804615583958,0.09492308789600906,0.5865161112108193,0.49906579831433706,0.9936386564861884,1.7799704870479878,1.8115421223656976,3.0875638701033976,0.28360659703184354,1.9767675793848203,1.605903539629054,1.7231590439913915,0.5313325997319103,1.9743893202617349,0.6291363678955123,7.036405817342589,0.1525900391376599,3.0875638701033976,3.2012485869258605,0.3463631465714726,0.9232167898704045,0.5521717956284392,1.97589966709515,7.036405817342589,7.036405817342589,7.036405817342589,4.660434002210607,4.646756809245073,4.73929900272767,4.21216748136062,0.7919029509385818,3.4847128562313756,3.093292968629005,4.0329326139909405,3.1337607559546625,4.1669618899861405,0.6456733427512391,0.7690872184322687,0.41316337640983564,7.036405817342589,1.978029143683191,7.036405817342589,7.036405817342589,4.062900782791767,3.4735152671591747,1.1154914152578437,4.3932971907553515,3.0875638701033976,3.1367097992315145,0.8844572714705943,0.420980226848635,1.978029143683191,1.978029143683191,7.036405817342589,1.978029143683191,2.755367170812477,4.523182708314152,3.104414968833318,3.0875638701033976,1.1970028067653125,7.036405817342589,1.978029143683191,4.583895714904649,3.696066028495733,3.2496909839553583,1.978029143683191,7.036405817342589,7.036405817342589,2.6994596004250813,1.978029143683191,2.195434907596948,2.319038632000365,4.126020793015867,2.5281563135614156,7.036405817342589,2.593941797869059,1.978494403923037,2.138914942974907,2.234151497970724,7.036405817342589,3.0634252302284066,7.036405817342589,2.746988246758426,7.036405817342589,6.949799132891889,7.036405817342589,2.7841211376081265,7.03514985298487,6.523488135873623,3.0875638701033976,2.5374134160058963,2.836293942492048,7.036405817342589,7.036405817342589,7.036405817342589,7.036405817342589,4.073915816857407,7.036405817342589,7.036405817342589,7.036405817342589,7.036405817342589,6.892991931597565,6.78834801314019,7.036405817342589,3.2465101351985313,1.0912789760613002,6.877392014966134,7.036405817342589,3.2491185588186484,1.0934926516818961,1.0912789760613002,1.0912789760613002,4.044870891282291,2.355666999875884,1.0912789760613002,3.2253668777247944,1.5142490850064503,1.0960496054705449,1.0912789760613002,2.978496744076539,1.0912789760613002,1.0912789760613002,1.0912789760613002,3.932847078531654,1.0912789760613002,1.0912789760613002,1.0912789760613002,1.33364785754959,1.0975297582655952,5.131907530906207,2.77517817193853,3.269371861396491,4.142962774102333,5.719812370107781,3.922358538772549,5.719812370107781,5.719812370107781,5.719812370107781,5.719812370107781,5.719812370107781
2024-01-05 00:00:00,0.06456497913815876,1.981144828008786,1.076770612718782,0.0,0.23409084948033604,0.5315408895691829,0.0,2.013500617650181,0.0,2.1673755126651333,0.0,0.0,0.47301328468775655,0.5014663513085182,1.2655673101613936,0.0,2.31053573862962,1.9859049079736197,1.5015879390747289,0.36320472936354986,0.6855058187422823,1.199891705437689,1.1613407845564077,2.1033928840793243,2.136604381238044,3.719603787042729,0.759021841591834,2.3103980471600627,1.5495708983392364,1.580560926764623,1.2655673101613936,2.3076183955252825,0.9858853734049761,5.569914814615503,0.39620777978936955,3.719603787042729,3.8611376614536446,0.744099945783004,1.3082500424238255,1.271075002757214,1.6473589772001223,5.569914814615503,5.569914814615503,5.569914814615503,5.688173145821333,5.667142827919246,5.7805190175811765,5.084957194263466,1.4472006772093784,4.214041705314899,3.726736333385589,4.896557952995727,3.7771174478319725,5.063420159687194,1.2957869821129897,1.0472749373601202,1.0250465625058474,5.569914814615503,1.6479217869407266,5.569914814615503,5.569914814615503,4.951870354631945,4.4230330128106035,1.5908046984863096,5.345200445808263,3.719603787042729,3.7807889133767225,1.3588963498034938,1.0409569210492668,1.6479217869407266,1.6479217869407266,5.569914814615503,1.6479217869407266,3.485217457654209,5.506903804393151,3.7405828716372844,3.719603787042729,1.4415005318048801,5.569914814615503,1.6479217869407266,5.582489576078784,4.477169715620164,3.62524964624364,1.6479217869407266,5.569914814615503,5.569914814615503,2.9949499204175605,1.6479217869407266,2.0529793832262047,2.284642028307133,4.848450619822627,2.536849787719312,5.569914814615503,2.797931001549725,1.648790503566985,1.9483217713017762,2.126143926876055,5.569914814615503,3.67453301589408,5.569914814615503,3.0836936422257897,5.569914814615503,5.5027646527198,5.569914814615503,3.1530267958020413,5.5693263067105585,5.249717943548718,3.719603787042729,2.6923833080776642,2.5699041339772934,5.569914814615503,5.569914814615503,5.569914814615503,5.569914814615503,3.791580851253231,5.569914814615503,5.569914814615503,5.569914814615503,5.569914814615503,5.435552142773731,5.453682233842782,5.569914814615503,2.0192090568772816,0.0,5.495405630402865,5.569914814615503,2.0216528562700216,0.0020739649402086676,0.0,0.0,2.767183241690502,1.3078671325723268,0.0,1.999400203983772,0.39627539308234194,0.008888937280527217,0.0,1.7681106703197307,0.0,0.0,0.0,2.662229535758298,0.0,0.0,0.0,0.27433224808885365,0.00707512913327907,4.5735026226796185,1.9059701440357257,2.4653376048575373,3.454136816707538,5.238939766301855,3.2044395146268405,5.238939766301855,5.238939766301855,5.238939766301855,5.238939766301855,5.238939766301855
2024-01-05 01:00:00,0.05377992959937488,1.723577900441604,1.3107405776022163,0.0,0.1949878954962728,0.8827570702656491,0.0,1.6771618749199928,0.0,1.8053332323877513,0.0,0.0,0.39400030000229724,0.8206444738041583,1.4589384276355672,0.0,1.9245797182779698,1.726482609391146,1.4309413906787243,0.7479849281942297,0.5709977012930406,1.4073857068966267,0.9673483437620066,1.798176441885346,1.818442852058559,0.8488784336155835,1.0608857998498429,1.9244650270376398,0.375274514846675,0.2570267994697002,1.4589384276355672,1.9221496933811482,1.149917728955032,6.502345979643338,0.7703628024481447,0.8488784336155835,1.1755538420133793,1.0225093850137756,1.3513367473562352,1.4379228913632311,0.002147496126974609,6.502345979643338,6.502345979643338,6.502345979643338,5.623700705722669,5.591536611667855,5.708057394021024,4.841748655586931,1.6622248446341965,1.9900943407698937,0.8653411178964165,3.5654152657234617,0.9816261500543375,3.950551189854486,1.3436301381862217,1.156338999762087,1.2701392686788757,6.502345979643338,0.0,6.502345979643338,6.502345979643338,4.856095311221763,4.423440184254127,1.8646107629030608,4.600930404231091,0.8488784336155835,0.9901002875090048,1.1028256301731085,1.282628263249934,0.0,0.0,6.502345979643338,0.0,3.283314220818198,4.9741591519416755,0.8973004177961396,0.8488784336155835,0.7876353480549335,6.502345979643338,0.0,5.148619244532502,2.5974220959460967,2.318484620924189,0.0,6.502345979643338,6.502345979643338,0.5519491562535358,0.0,0.16929492228025853,0.26089818858098834,4.388653879324176,0.8893767148709999,6.502345979643338,0.4712200138306498,0.00035595946140267766,0.12308987005244919,0.19595307631605938,6.502345979643338,0.8304105386333285,6.502345979643338,0.588312184728986,6.502345979643338,6.3910164637176585,6.502345979643338,0.616721669776662,6.500547843929069,5.806075877851048,0.8488784336155835,0.42797150334405537,0.9809978188611931,6.502345979643338,6.502345979643338,6.502345979643338,6.502345979643338,2.446993717609619,6.502345979643338,6.502345979643338,6.502345979643338,6.502345979643338,6.345490334962389,6.147207241670389,6.502345979643338,2.357234595149147,0.0,6.274689521593838,6.502345979643338,2.360087498592973,0.002421156882956386,0.0,0.0,3.230423341363928,1.293934705773718,0.0,2.3341096427467374,0.46261384505903314,0.0020286104615460294,0.0,2.064101102327474,0.0,0.0,0.0,3.1078998682892243,0.0,0.0,0.0,0.3107037161784873,0.008013162613826168,5.179865913388228,2.158667130104738,2.792196545612498,3.9120925542532605,5.933527923038879,3.6292899300022206,5.933527923038879,5.933527923038879,5.933527923038879,5.933527923038879,5.933527923038879
2024-01-05 02:00:00,0.015708970220006377,0.47092120018938843,0.10633217034620024,0.0,0.05695543051897689,0.03346804361385007,0.0,0.48989439263889384,0.0,0.5273328953018318,0.0,0.0,0.1150864091031017,0.06104134530116786,0.13156283167119398,0.0,0.5621644674077132,0.47223977102485354,0.33808105204769573,0.013133649214944084,0.1667868655114181,0.12278598884214165,0.2825598032152591,0.5047846484124778,0.5139844332646528,3.107764692026198,0.06422511029664996,0.5621309664103661,0.589721733687698,0.6397153182333419,0.13156283167119398,0.5614546637872472,0.16760329682725097,6.756373186373742,0.06643185832374732,3.107764692026198,3.281314866770812,0.08410742192076959,0.2530401267245987,0.140447925019963,0.7474749477532588,6.756373186373742,6.756373186373742,6.756373186373742,5.554404615624372,5.500836103676351,5.649475954095682,4.804901232753442,0.579016980351865,3.7140491414108485,3.116510687776894,4.55095701625039,3.1782884865716396,4.75556503147012,0.180313665452816,0.2100760014723677,0.09941980370548499,6.756373186373742,0.7483828809749967,6.756373186373742,6.756373186373742,4.56209003311722,3.9810630033418644,1.2231878255459987,5.101086682025086,3.107764692026198,3.182790472329552,0.2821226559432145,0.10154605312301127,0.7483828809749967,0.7483828809749967,6.756373186373742,0.7483828809749967,2.85921934687017,5.299368868929127,3.133489443874624,3.107764692026198,0.4153809769755096,6.756373186373742,0.7483828809749967,5.392052856694224,4.036699195037583,3.069697676936187,0.7483828809749967,6.756373186373742,6.756373186373742,2.2824762780035996,0.7483828809749967,1.2098446678613577,1.4735261008968108,4.534950214650789,1.7849183175579302,6.756373186373742,2.0580968348328543,0.7493722385148367,1.0905001842612294,1.2930169602158468,6.756373186373742,3.056434826895865,6.756373186373742,2.383544068846507,6.756373186373742,6.653507750655585,6.756373186373742,2.462505695892826,6.755212713940203,6.213791517739554,3.107764692026198,1.9378914615351541,1.9883316482458446,6.756373186373742,6.756373186373742,6.756373186373742,6.756373186373742,3.6836360805760697,6.756373186373742,6.756373186373742,6.756373186373742,6.756373186373742,6.593389660862868,6.527175405456012,6.756373186373742,2.4493246995035842,0.0,6.609449324182989,6.756373186373742,2.452289057350972,0.0025157442398824835,0.0,0.0,3.3566263180330327,1.4928550231077042,0.0,2.425296324385289,0.48068678415256383,0.007426792478889505,0.0,2.1447393579778073,0.0,0.0,0.0,3.2293162193740383,0.0,0.0,0.0,0.3112185652824012,0.008026440760743712,5.188449168705231,2.1622441321800667,2.796823332530728,3.9185750558813663,5.943360027951553,3.6353038158072812,5.943360027951553,5.943360027951553,5.943360027951553,5.943360027951553,5.943360027951553
2024-01-05 03:00:00,0.04830709061209228,1.4481428616964303,0.0,0.0,0.17514522622411757,0.0,0.0,1.506487852744389,0.0,1.621616032070638,0.0,0.0,0.3539054129521164,0.18770993624980797,0.0,0.0,1.7287275668380493,1.4521976354935155,1.0396424327483953,0.012845370681518194,0.5128909223410351,0.0,0.8689074984603887,1.5522772918239585,1.5805678057304513,4.249854461536378,0.0021191821935626644,1.7286245469906767,1.3068830285567061,1.449488065568654,0.0,1.726544830011228,0.43621490683338604,6.275028380946559,0.106033641655764,4.249854461536378,4.346919947148024,0.13210057238164985,0.6878790968897371,0.02534443323820868,1.7568688244348531,6.275028380946559,6.275028380946559,6.275028380946559,5.543428124805797,5.514666089640081,5.638342800737238,4.904243804239167,0.4855061303485366,4.588945416557943,4.2547460401588015,5.057022555650721,4.2892979618082885,5.171458489734702,0.13906013179439583,0.6398257945291487,0.0,6.275028380946559,1.7594586737498605,6.275028380946559,6.275028380946559,4.73391756142472,3.9357879989405697,1.2025317703721008,5.364706504896935,4.249854461536378,4.291815893204505,0.42946689076117894,0.0,1.7594586737498605,1.7594586737498605,6.275028380946559,1.7594586737498605,2.9500070540351024,5.475604444287094,4.264242148175593,4.249854461536378,0.809581819019834,6.275028380946559,1.7594586737498605,5.5274419967072035,4.769401496097986,3.726221243656723,1.7594586737498605,6.275028380946559,6.275028380946559,3.3787386546906957,1.7594586737498605,2.245480367719666,2.5248683297777834,4.769931881810433,2.685227611268669,6.275028380946559,3.1418996583396375,1.7605029692675642,2.1205733890715455,2.334335707417459,6.275028380946559,4.195674303280739,6.275028380946559,3.4854186330719488,6.275028380946559,6.197715332516853,6.275028380946559,3.568764915760002,6.274384256341182,5.913098893107667,4.249854461536378,3.0150194077893797,2.8432508258572353,6.275028380946559,6.275028380946559,6.275028380946559,6.275028380946559,4.272577624089136,6.275028380946559,6.275028380946559,6.275028380946559,6.275028380946559,6.123656303058662,6.1478112873558475,6.275028380946559,2.2748272748663108,0.0,6.193477736554678,6.275028380946559,2.2775804427435906,0.0023365148829113474,0.0,0.0,3.1174899356313164,1.4773922326968574,0.0,2.252510755092148,0.44644117926857463,0.010156105844273266,0.0,1.991941529841269,0.0,0.0,0.0,2.999249799950613,0.0,0.0,0.0,0.29286880990056974,0.0075531938501271715,4.882533058043848,2.034756072895101,2.6319198540008766,3.687531982806587,5.592933624050792,3.4209626960923565,5.592933624050792,5.592933624050792,5.592933624050792,5.592933624050792,5.592933624050792
2024-01-05 04:00:00,0.041056751550935446,1.2737702040284222,0.05078009223721081,0.0,0.1488579408799243,0.19742892670859497,0.0,1.2803813415570482,0.0,1.3782301044449987,0.0,0.0,0.30078827824230503,0.3955733038394108,0.0,0.0,1.469265428979409,1.2765953363362808,0.989150687047042,0.2557116782788849,0.4359118900448713,0.01766457417306283,0.7384944701286341,1.346325063469705,1.3660362604051806,2.850231408104987,0.13838970508894802,1.4691778712270211,0.0,0.0,0.0,1.467410295862006,0.5168905122989321,6.816629706113964,0.30891337340901187,2.850231408104987,2.7039840606674574,0.2740086731832346,0.6849936963096569,0.0,0.0,6.816629706113964,6.816629706113964,6.816629706113964,0.6334747560265737,0.6546416769664882,0.6398503691734139,0.5305809006723652,0.11081000150810177,2.3393273272211377,2.8428613280625936,1.6340813836490675,2.7908023818958383,1.4616621997768724,0.0,0.7065336881490942,0.06469215784150097,6.816629706113964,0.0,6.816629706113964,6.816629706113964,0.7483521457857086,0.4435906699417295,0.30798607764116015,1.1704978437037057,2.850231408104987,2.787008646301706,0.0,0.06041279551522131,0.0,0.0,6.816629706113964,0.0,0.30416600362127344,1.0034093119779355,2.8285536614426334,2.850231408104987,0.0,6.816629706113964,0.0,0.9253063231418579,2.0674364198053214,0.8063494875212659,0.0,6.816629706113964,6.816629706113964,1.8532486614488481,0.0,0.5530656104665661,0.8760031848659038,0.4981476529461636,0.5565682260944865,6.816629706113964,1.5821889570538956,0.0011951850780102344,0.4132919388100845,0.6579406314423453,6.816629706113964,2.7882227950509244,6.816629706113964,1.975342758495351,6.816629706113964,6.6999192007360415,6.816629706113964,2.0707316897774053,6.81536815780249,6.212104955684478,2.850231408104987,1.4369758640346522,1.4435348279018116,6.816629706113964,6.816629706113964,6.816629706113964,6.816629706113964,3.4045089986658796,6.816629706113964,6.816629706113964,6.816629706113964,6.816629706113964,6.7177571233189886,6.567469049510798,6.816629706113964,4.203795023680792,2.7179328275823944,6.656908936447082,6.816629706113964,4.2055933263974685,2.719458982633152,2.7179328275823944,2.7179328275823944,4.754201907547609,3.5067030037160203,2.7179328275823944,4.189218412327801,3.009537415933282,2.7182489886177885,2.7179328275823944,4.019020892039284,2.7179328275823944,2.7179328275823944,2.7179328275823944,4.676970308643105,2.7179328275823944,2.7179328275823944,2.7179328275823944,2.936656985031644,2.72357380369549,6.364370731643654,4.237556265154397,4.683538016935724,5.471904226176733,6.894921476545754,5.272821426413207,6.894921476545754,6.894921476545754,6.894921476545754,6.894921476545754,6.894921476545754
2024-01-05 05:00:00,0.004388773765715019,0.15701805996251436,0.6032979195625435,0.0,0.015912214217475858,0.29734488704979184,0.0,0.136866747359815,0.0,0.14732632020345662,0.0,0.0,0.03215285317803816,0.15684058102209045,0.709240276808373,0.0,0.1570575685116504,0.1570186309067849,0.1569605398661818,0.194423739092833,0.04659693217128358,0.6723867276085013,0.07894158778259011,0.15703272291517736,0.15703670644363873,2.9443944309779875,0.42359900735914385,0.15704820899945937,0.18387378013092406,0.12654660771652296,0.709240276808373,0.15685926350090287,0.2650014839440191,1.180739073907476,0.1757255464354831,2.9443944309779875,2.9112493241191912,0.3296182798030722,0.28014566566969695,0.6990518239708317,0.0029796557377109708,1.180739073907476,1.180739073907476,1.180739073907476,2.3765730622487506,2.3503080440951214,2.4144484830118422,2.0553855546509046,0.7398367216807447,2.828604499384707,2.94272409579008,2.668769448896602,2.930925595756495,2.6296928271726316,0.6533381549872569,0.16534925173090328,0.574273217965072,1.180739073907476,0.0019385372658837854,1.180739073907476,1.180739073907476,1.9453121079803193,1.9007664696886395,0.7150803944597166,2.5637041178755955,2.9443944309779875,2.930065793689211,0.5365947447232747,0.5832012390138964,0.0019385372658837854,0.0019385372658837854,1.180739073907476,0.0019385372658837854,1.4252467619590963,2.5258356208671575,2.939481444573988,2.9443944309779875,0.383788683407601,1.180739073907476,0.0019385372658837854,2.50813456880487,2.7669838728356897,1.4958529163321503,0.0019385372658837854,1.180739073907476,1.180739073907476,1.915152471716138,0.0019385372658837854,0.5743561912214467,0.9062864182447841,1.8657693920840848,0.806821765792799,1.180739073907476,1.6353221314578812,0.003172394757899197,0.4286032977893006,0.6811680493662154,1.180739073907476,2.8803794150662974,1.180739073907476,2.0411971480958697,1.180739073907476,1.1605563131734127,1.180739073907476,2.139672563898123,1.1813000202044859,1.2328933609868442,2.9443944309779875,1.4854104014195395,0.7702934260165044,1.180739073907476,1.180739073907476,1.180739073907476,1.180739073907476,1.6393745749021849,1.180739073907476,1.180739073907476,1.180739073907476,1.180739073907476,1.2033227612567987,1.2915281308234097,1.180739073907476,1.777541947823458,2.116930748361288,1.2517587673154282,1.180739073907476,1.777131193849355,2.1165821561880223,2.116930748361288,2.116930748361288,1.65182239414356,1.9939405830876091,2.116930748361288,1.7808714212133783,2.0503247523734998,2.118908182840282,2.116930748361288,1.8197465823265069,2.116930748361288,2.116930748361288,2.116930748361288,1.669463020430873,2.116930748361288,2.116930748361288,2.116930748361288,2.335335473992983,2.1225634862108396,5.758043276840448,3.6343348788282883,4.079665304467917,4.866880158257138,6.287819188314336,4.668088105438596,6.287819188314336,6.287819188314336,6.287819188314336,6.287819188314336,6.287819188314336
2024-01-05 06:00:00,0.00021731904940890898,0.006514758519391915,1.2673992508622478,0.0,0.0007879256148372913,0.39891383074298736,0.0,0.006777235059205302,0.0,0.007295162058623808,0.0,0.0,0.001592113848068694,0.0008444504604507035,1.568129699210506,0.0,0.007777024588977816,0.006532999725309834,0.004677038139686491,0.10681211075816799,0.0023073417645589132,1.463516354159244,0.003908953099784001,0.006983227952746447,0.007110498453030096,2.6722807585958264,0.7573104103957615,0.007776561133716537,0.4033611706572192,0.27626344615150505,1.568129699210506,0.007767205113486658,0.3088911357616028,0.3828505356862875,0.03361872930115697,2.6722807585958264,2.762760742102735,0.49106731678611343,0.35291133456969437,1.5455412979803769,0.002308221095461893,0.3828505356862875,0.3828505356862875,0.3828505356862875,3.916850943250088,3.8705234801701303,3.983542535629848,3.418175009306319,1.4461670393325747,2.988365758576621,2.6768404633177543,3.4246857497475514,2.7090481762991274,3.5313576667865565,1.4441913959719492,0.02685058381152832,1.1850090553682202,0.3828505356862875,0.0,0.3828505356862875,0.3828505356862875,3.1570922127356233,3.2613697085358937,1.0675029990638851,3.711494582750471,2.6722807585958264,2.7113952761953026,1.1853643656008896,1.2103523443290796,0.0,0.0,0.3828505356862875,0.0,2.5052191707895686,3.814868543780424,2.6856922986671057,2.6722807585958264,0.8465843095480299,0.3828505356862875,0.0,3.8631891271314975,3.15657862020934,2.033640375802694,0.0,0.3828505356862875,0.3828505356862875,1.7375433885124068,0.0,0.5213490400529487,0.8213110166174936,3.073725255723291,0.9666551065240554,0.3828505356862875,1.4834069592998411,0.0011205651856356065,0.3874885711470173,0.616862927235347,0.3828505356862875,2.6141435760988596,0.3828505356862875,1.8520146926134395,0.3828505356862875,0.3762955838360971,0.3828505356862875,1.9414481347273664,0.38357870936299554,0.5095993538398053,2.6722807585958264,1.3472600649571427,0.613062868744932,0.3828505356862875,0.3828505356862875,0.3828505356862875,0.3828505356862875,1.2667202619768965,0.3828505356862875,0.3828505356862875,0.3828505356862875,0.3828505356862875,0.38436498367309946,0.5266676449951574,0.3828505356862875,0.42287176414846495,0.4456309654148802,0.47504237569521646,0.3828505356862875,0.4228442192431741,0.4456075890411793,0.4456309654148802,0.4456309654148802,0.4144410892977026,0.5821162581465933,0.4456309654148802,0.4230950365571959,0.44116440887019204,0.45095211021697756,0.4456309654148802,0.4257019806126152,0.4456309654148802,0.4456309654148802,0.4456309654148802,0.4156240586929871,0.4456309654148802,0.4456309654148802,0.4456309654148802,0.7805664033162533,0.45426907300511893,6.02947360273447,2.772652120480779,3.455590370516375,4.662826848636312,6.841913564305318,4.35796850333488,6.841913564305318,6.841913564305318,6.841913564305318,6.841913564305318,6.841913564305318
2024-01-05 07:00:00,0.01724976974473045,0.5218696402382621,0.14959914548127679,0.0,0.06254185019162549,0.06717673474866478,0.0,0.5379452219912644,0.0,0.5790558448696935,0.0,0.0,0.1263745509713971,0.09316342795865547,0.1781395538282113,0.0,0.6173038388666665,0.523248774884069,0.38292795752487835,0.043818786343354635,0.1831459978740808,0.16821136862880573,0.3102744149563731,0.5572884841978081,0.566910828088895,2.016273052947247,0.10190975227203662,0.6172670519555983,0.22834641549594137,0.23382490990587143,0.1781395538282113,0.6165244148276915,0.20681511793611698,5.204844778226481,0.06655991665905342,2.016273052947247,2.0228247446283856,0.12079689539440035,0.29648292281928934,0.17911321744295963,0.2456336356315093,5.204844778226481,5.204844778226481,5.204844778226481,2.0529917270614724,2.041546922268494,2.0876057186147015,1.7796340454894959,0.31124642208731,2.0391608938225576,2.016603222984168,2.0707549983490106,2.018935396322733,2.0784791543931167,0.18348186270202693,0.24921490781550118,0.14178001763406844,5.204844778226481,0.24573313053920773,5.204844778226481,5.204844778226481,1.7508175567242998,1.5107490593003736,0.4889845664339747,2.0915229403007105,2.016273052947247,2.01910535076203,0.19463849390483734,0.1441851875121769,0.24573313053920773,0.24573313053920773,5.204844778226481,0.24573313053920773,1.1015507673789586,2.0990082900352687,2.017244187911143,2.016273052947247,0.2092414669360181,5.204844778226481,0.24573313053920773,2.1025072027416885,2.0513412542017724,1.2933907788236954,0.24573313053920773,5.204844778226481,5.204844778226481,1.3969557056304096,0.24573313053920773,0.5904968476038068,0.7898989854768859,1.6706993180394387,0.7818347978432082,5.204844778226481,1.2285756833547912,0.24647556951776436,0.5024666277534526,0.6544403503215943,5.204844778226481,1.977753820918166,5.204844778226481,1.472799537993102,5.204844778226481,5.119937653799875,5.204844778226481,1.532054344641592,5.203830624585366,4.745668807639677,2.016273052947247,1.138370523971658,1.2317418416877262,5.204844778226481,5.204844778226481,5.204844778226481,5.204844778226481,2.592797653937378,5.204844778226481,5.204844778226481,5.204844778226481,5.204844778226481,5.079288665754323,5.004545523082171,5.204844778226481,1.8868636353751544,0.0,5.076445890410475,5.204844778226481,1.8891472603374178,0.0019380306429363314,0.0,0.0,2.5858131991741913,1.1248504003583955,0.0,1.868353118073364,0.3703022360435604,0.004818396187921541,0.0,1.6522230403941012,0.0,0.0,0.0,2.487738494899839,0.0,0.0,0.0,0.4018968218338963,0.010365066201798827,6.700182648992081,2.7922468055966587,3.6117202955261742,5.0603114234116005,7.675048254531035,4.694504804518485,7.675048254531035,7.675048254531035,7.675048254531035,7.675048254531035,7.675048254531035
2024-01-05 08:00:00,0.029015655265062456,0.8839465389500205,0.9509507785128931,0.0,0.1052009848046666,0.3589232804436524,0.0,0.9048719689463849,0.0,0.9740237129304975,0.0,0.0,0.2125732957324423,0.19029455610924534,1.1559521415805791,0.0,1.0383602591464474,0.8861779959577962,0.6591371684468605,0.16683371192117138,0.30806794618888,1.084639514447647,0.5219093121340526,0.9412546689438155,0.9568237410226568,3.9739815126889995,0.6043941300356226,1.0382983802723744,0.29733905893524587,0.20364853900799315,1.1559521415805791,1.0370491982131784,0.5362804889136196,7.178766092734735,0.14499568404356544,3.9739815126889995,3.9219240778129785,0.4940358774829654,0.7040142657266937,1.1393010247820163,0.0017015130316605695,7.178766092734735,7.178766092734735,7.178766092734735,3.096839844157057,3.081245568398644,3.148120375737745,2.695222019882542,1.1025747165807398,3.792122789200936,3.9713580978472236,3.541087160710214,3.9528274697895234,3.479713736897262,1.0645905997868088,0.4554480583826732,0.8947871859253899,7.178766092734735,0.0,7.178766092734735,7.178766092734735,2.6594273816878222,2.5508583002801086,0.8884018809193772,3.376072407532488,3.9739815126889995,3.951477071665463,0.8737953739792755,0.912063151196382,0.0,0.0,7.178766092734735,0.0,1.9473412211739258,3.3165964545579576,3.9662652162575966,3.9739815126889995,0.6240625033396502,7.178766092734735,0.0,3.2887953263583953,3.695341935023549,1.9766916277912356,0.0,7.178766092734735,7.178766092734735,2.583922097718347,0.0,0.7729977947815446,1.2213816926634458,2.4337023503066852,1.0727944305528405,7.178766092734735,2.205992694850435,0.0016664062401207953,0.5762390097534745,0.917344429776383,7.178766092734735,3.8875249950870945,7.178766092734735,2.7541537789395747,7.178766092734735,7.055855291533155,7.178766092734735,2.887151348313101,7.177746782450736,6.604324145266588,3.9739815126889995,2.003526977358908,1.7261256363643835,7.178766092734735,7.178766092734735,7.178766092734735,7.178766092734735,4.001643558997138,7.178766092734735,7.178766092734735,7.178766092734735,7.178766092734735,7.005593212205944,6.977448380734726,7.178766092734735,2.602450844242247,0.0,7.049714338149623,7.178766092734735,2.605600526921776,0.0026730227814657117,0.0,0.0,3.566474872417391,1.630976549671469,0.0,2.576920270396709,0.5107382159202775,0.009496837416748604,0.0,2.2788235279626923,0.0,0.0,0.0,3.4312056393088475,0.0,0.0,0.0,0.40012782680674813,0.010319443172277528,6.670691025413255,2.7799564105367236,3.5958228937674797,5.038037881404005,7.641265648006718,4.673841402364116,7.641265648006718,7.641265648006718,7.641265648006718,7.641265648006718,7.641265648006718
2024-01-05 09:00:00,0.00861381423895989,0.38012317731327216,0.5072086368171944,0.0,0.031230786710998975,0.6742958626954476,0.0,0.26862736613538485,0.0,0.28915629341749555,0.0,0.0,0.06310617026827987,0.7029635825433307,0.4493513427422592,0.0,0.30825574344948353,0.3790846096994475,0.48475424601651623,0.7272140571130559,0.09145545868971404,0.46947782179363984,0.15493807819391964,0.3534507531469011,0.34620457543339644,2.6192956482101786,0.6048032654440942,0.3082373736032156,0.11558411509976756,0.07916395597971398,0.4493513427422592,0.30786653165219785,0.5802630988640758,8.11735380429804,0.7453665322397918,2.6192956482101786,2.570771904411352,0.6228453402001592,0.5075520120372251,0.44287858195705776,0.0006614263151281441,8.11735380429804,8.11735380429804,8.11735380429804,1.8536522961491615,1.8313812422495863,1.8726029221749765,1.5808174107433777,0.6353832258004197,2.4497816080517913,2.616850312400538,2.2157864342543947,2.5995775549078823,2.1585790766454576,0.41383652339697063,0.582549103260398,0.5230596216302424,8.11735380429804,0.0,8.11735380429804,8.11735380429804,1.570754721065285,1.4372945446455767,0.9483240165687508,2.061972985218878,2.6192956482101786,2.5983188226489005,0.3396690143613456,0.5181838462297533,0.0,0.0,8.11735380429804,0.0,1.0626015599428422,2.006534296946964,2.6121031387827567,2.6192956482101786,0.2425907732194981,8.11735380429804,0.0,1.9806203266315485,2.35957029848728,1.2230785810133558,0.0,8.11735380429804,8.11735380429804,1.703091945510378,0.0,0.509315809147455,0.8050263299368572,1.4413082120153986,0.6793133639951643,8.11735380429804,1.4539944504410638,0.001098346984997731,0.37980557427277045,0.6046319705189752,8.11735380429804,2.562311190786056,8.11735380429804,1.8152935499684102,8.11735380429804,7.978373031441726,8.11735380429804,1.9029537349919914,8.115605097924632,7.347912729631622,2.6192956482101786,1.3205470322676287,1.5549104334392925,8.11735380429804,8.11735380429804,8.11735380429804,8.11735380429804,3.722439107139622,8.11735380429804,8.11735380429804,8.11735380429804,8.11735380429804,7.92153943698159,7.771977551766645,8.11735380429804,2.9427082576750903,0.0,7.895955443774227,8.11735380429804,2.946269745589689,0.0030225071222288935,0.0,0.0,4.032773599191349,1.719277213362055,0.0,2.91383968916988,0.5775146796044316,0.006259471725779997,0.0,2.576768290688945,0.0,0.0,0.0,3.879818591353808,0.0,0.0,0.0,0.32201312067328597,0.008304836297028264,5.368409518736271,2.2372411492515067,2.893830605712284,4.05449006935644,6.149504314271613,3.7613936214293155,6.149504314271613,6.149504314271613,6.149504314271613,6.149504314271613,6.149504314271613
2024-01-05 10:00:00,0.03166788584023326,1.0651273909036687,0.6870164985674347,0.0,0.11481707880248086,0.7051055083067082,0.0,0.9875834941809827,0.0,1.0630561834632661,0.0,0.0,0.23200395787865505,0.7590036451388575,0.6807528171249522,0.0,1.133273532763484,1.0661121815402295,0.965914113519794,0.7143104519116831,0.3362274765750865,0.6829317274136596,0.5696154150106961,1.0904187183278768,1.0972896893346031,0.4832794475188077,0.6981556320901843,1.1332059977344742,0.17510621307788882,0.11993084457935417,0.6807528171249522,1.131842631838274,0.8129657399752955,8.649746412191174,0.7269636708545734,0.4832794475188077,0.4926241638798287,0.7352820102464578,0.8731946195486517,0.6709467929296953,0.0010020395724116638,8.649746412191174,8.649746412191174,8.649746412191174,0.6268449277109138,0.6367426858444158,0.6253704522568703,0.5556123068524206,0.6828562053151261,0.5159245095127495,0.48375037098347845,0.5609873665348687,0.48707676352669904,0.5720043757094975,0.6269490092372424,0.8683105865516565,0.6887325400969602,8.649746412191174,0.0,8.649746412191174,8.649746412191174,0.7086957191403538,0.639734122762669,0.6900978972436888,0.5906088042315619,0.4832794475188077,0.48731917054260065,0.5145876209146483,0.6882046843722491,0.0,0.0,8.649746412191174,0.0,0.5554062515316643,0.6012852025629829,0.4846645830269392,0.4832794475188077,0.36751721107556123,8.649746412191174,0.0,0.6062757223256261,0.5332974291277648,0.3283829229931914,0.0,8.649746412191174,8.649746412191174,0.3142330782943147,0.0,0.09419872284007677,0.14853332048859236,0.4754969135619747,0.16110105759572402,8.649746412191174,0.26827274545534024,0.00020265315389515672,0.07007694157188143,0.1115590769084388,8.649746412191174,0.47276539305538456,8.649746412191174,0.3349351053641701,8.649746412191174,8.501650312112238,8.649746412191174,0.3511090587766233,8.647148994625931,7.682213197260744,0.4832794475188077,0.2436507083929193,1.168186798598777,8.649746412191174,8.649746412191174,8.649746412191174,8.649746412191174,2.9785769686572383,8.649746412191174,8.649746412191174,8.649746412191174,8.649746412191174,8.441089174625143,8.136746426267617,8.649746412191174,3.135711564090386,0.0,8.320895325876574,8.649746412191174,3.1395066391917146,0.0032207441940597385,0.0,0.0,4.297270984087797,1.678197334419726,0.0,3.1049495937644385,0.6153921152545043,0.0011549188956434349,0.0,2.745770704935056,0.0,0.0,0.0,4.13428412135318,0.0,0.0,0.0,0.3572435641227956,0.009213442334285808,5.955750331334835,2.4820106717691646,3.210435517008573,4.498079084631341,6.822302253478178,4.17291587553511,6.822302253478178,6.822302253478178,6.822302253478178,6.822302253478178,6.822302253478178
2024-01-05 11:00:00,0.015389908942875613,0.5027686622004428,0.11125227182455516,0.0,0.055798621883756894,0.20985644879749843,0.0,0.4799442604287316,0.0,0.5166223582843393,0.0,0.0,0.11274891554658173,0.28724439086624165,0.077108603245741,0.0,0.5507464743491862,0.5034619971256092,0.43291825166984116,0.24522346777301227,0.16339929588887614,0.08898596186363203,0.2768207961118615,0.5205748434901653,0.5254123023285295,0.33598997810770787,0.16952905667917423,0.5507136537828825,0.01983421172917274,0.013584519489250432,0.077108603245741,0.5500510873866223,0.29488942069519847,8.335397793389644,0.2766103959303841,0.33598997810770787,0.42215805793442257,0.2220493773096286,0.33305272153566307,0.07599787875063925,0.00011350062736712964,8.335397793389644,8.335397793389644,8.335397793389644,1.594239416168744,1.5847551085472316,1.6172096990744032,1.3503403403128964,0.24718455769625491,0.6370116677092833,0.34033238606620786,1.0525384435993077,0.3710052119846936,1.154126816037328,0.0710142671355432,0.3618309994572107,0.12060650763453906,8.335397793389644,0.0,8.335397793389644,8.335397793389644,1.3797705128427988,1.1487948932500143,0.5209049244726189,1.3256791478669598,0.33598997810770787,0.3732404587583569,0.05828713697264698,0.1177291373392152,0.0,0.0,8.335397793389644,0.0,0.8009418221250104,1.4241267313079162,0.34876237936895393,0.33598997810770787,0.04162852962473326,8.335397793389644,0.0,1.470144554500278,0.7972081965685265,0.675543934029017,0.0,8.335397793389644,8.335397793389644,0.21846400801622262,0.0,0.06647454429598731,0.10326469986556822,1.243060824034485,0.26771914799471525,8.335397793389644,0.186511043114298,0.00014089038772550292,0.04871953522020045,0.07755912650666516,8.335397793389644,0.32868030055546454,8.335397793389644,0.23285666149589537,8.335397793389644,8.192683793812995,8.335397793389644,0.24410126600135335,8.332853510475033,7.3947282407187105,0.33598997810770787,0.16939308426865923,1.0982615759614824,8.335397793389644,8.335397793389644,8.335397793389644,8.335397793389644,2.8147920586403905,8.335397793389644,8.335397793389644,8.335397793389644,8.335397793389644,8.134323565926588,7.832892105876456,8.335397793389644,3.021753703112807,0.0,8.013273922527393,8.335397793389644,3.0254108577989576,0.003103696081818116,0.0,0.0,4.141099793154387,1.6085606303316728,0.0,2.9921096826576146,0.5930275681067457,0.0008029333265787482,0.0,2.645984053684157,0.0,0.0,0.0,3.9840361902174455,0.0,0.0,0.0,0.33202391980618656,0.008563018472423297,5.535303554739689,2.3067928858707734,2.983794507983888,4.180536752130738,6.340681159265885,3.8783284715533473,6.340681159265885,6.340681159265885,6.340681159265885,6.340681159265885,6.340681159265885
2024-01-05 12:00:00,0.0,0.8441470819979456,1.1142264731252536,0.0,0.0,3.9146376979248343,0.0,0.0,0.0,0.0,0.0,0.0,0.0,4.636195460161943,0.14452807211142266,0.0,0.0,0.8319481794695858,2.0731322646270027,4.818053633688454,0.0,0.48185139264011534,0.0,0.5308556811594581,0.44574286380066935,0.5421255493829797,2.7526513060380204,0.0,0.7846618343966439,0.8545122317685465,0.14452807211142266,0.0,2.8988765361754196,8.656312125308263,4.992546408588547,0.5421255493829797,0.5990126287327813,3.221978813189979,2.0034461596251294,0.15694221098020758,1.0050726088853947,8.656312125308263,8.656312125308263,8.656312125308263,1.5119809512295295,1.446710654438123,1.450020849680716,1.2770064706962194,1.320854013089011,0.7408562716738012,0.5449923523406548,1.0151818075283732,0.5652421650951752,1.0822491695436418,0.2126421139991147,3.1986942079065694,1.3798917599912366,8.656312125308263,1.0063411615787436,8.656312125308263,8.656312125308263,1.4226145292478107,1.0108117975636288,3.6983194090843474,1.1955058550014295,0.5421255493829797,0.566717846819028,0.35488833431752176,1.2981729087184264,1.0063411615787436,1.0063411615787436,8.656312125308263,1.0063411615787436,0.861608987699673,1.2604997077397566,0.5505577275804885,0.5421255493829797,0.5410751573231829,8.656312125308263,1.0063411615787436,1.2908800941277727,0.846615999256279,1.0606409245550907,1.0063411615787436,8.656312125308263,8.656312125308263,0.7045035776271154,1.0063411615787436,0.9166724337733947,0.86366700761651,1.303936512045698,0.9803240412483708,8.656312125308263,0.7486509216846863,1.006146502446472,0.9390285322095179,0.8991827350225847,8.656312125308263,0.5522248578771769,8.656312125308263,0.684618179604779,8.656312125308263,8.525333618950128,8.656312125308263,0.6690822371525698,8.653731335986377,7.743574103145841,0.5421255493829797,0.7723016977876649,1.8506895101731375,8.656312125308263,8.656312125308263,8.656312125308263,8.656312125308263,3.258919257808407,8.656312125308263,8.656312125308263,8.656312125308263,8.656312125308263,8.447496503496454,8.14659628157341,8.656312125308263,3.138091770580456,0.0,8.32956628998002,8.656312125308263,3.141889726387552,0.0032231889457777683,0.0,0.0,4.3005328887868925,1.6833695123800083,0.0,3.1073064499431293,0.6158592373978292,0.0012955465911244138,0.0,2.747854921266358,0.0,0.0,0.0,4.137422308554493,0.0,0.0,0.0,0.23600822982378336,0.006086738668722035,3.9345875871051255,1.6397074821665114,2.1209317099752,2.9715963812474095,4.507063639116379,2.7567816131463845,4.507063639116379,4.507063639116379,4.507063639116379,4.507063639116379,4.507063639116379
2024-01-05 13:00:00,0.0,0.7728444505358739,2.098355120737793,0.0,0.0,3.9233569754048445,0.0,0.0,0.0,0.0,0.0,0.0,0.0,4.244589609319399,1.466411724480135,0.0,0.0,0.7616759535728128,1.8980208545549972,4.501908348364016,0.0,1.6862421837125536,0.0,0.48601585667807473,0.4080922697013524,1.3921390934686135,3.164419132394832,0.0,0.7916508407762155,0.7180219859420685,1.466411724480135,0.0,2.9151375611806616,7.861195143027199,4.575569484582587,1.3921390934686135,1.4227689089882558,3.3670992538652724,2.13182870510965,1.4533260605032485,0.5593172603055319,7.861195143027199,7.861195143027199,7.861195143027199,1.939848018018668,1.873239585692027,1.892316989151203,1.68044463267514,2.19642748699395,1.4991420444273595,1.3936826714959685,1.646847650895304,1.40458581569088,1.682958854869848,1.3946131507996757,2.948904305809915,2.271486708326602,7.861195143027199,0.5579800870664057,7.861195143027199,7.861195143027199,1.7502422308862133,1.7302306943883923,3.6917686782371177,1.7439398618329038,1.3921390934686135,1.4053803697352065,1.244672324396546,2.218231295759538,0.5579800870664057,0.5579800870664057,7.861195143027199,0.5579800870664057,1.5175739941812043,1.7789346223662146,1.3966792467964069,1.3921390934686135,1.0484139911743902,7.861195143027199,0.5579800870664057,1.7952923900898554,1.5560864504732326,1.2061814547141902,0.5579800870664057,7.861195143027199,7.861195143027199,1.1003585261132924,0.5579800870664057,0.7207499686129362,0.8143543394218467,1.5447810495592738,0.8643877913116824,7.861195143027199,1.0210292151489944,0.5583298742430907,0.6789355968722128,0.7505353658535701,7.861195143027199,1.3739914290696917,7.861195143027199,1.1360910250220737,7.861195143027199,7.7361535965720165,7.861195143027199,1.164007893776569,7.859137602124096,7.071538440400706,1.3921390934686135,0.9785306274746486,1.6345462897830405,7.861195143027199,7.861195143027199,7.861195143027199,7.861195143027199,3.2552983761882035,7.861195143027199,7.861195143027199,7.861195143027199,7.861195143027199,7.671560073471902,7.454822879878591,7.861195143027199,2.8498454570666496,0.0,7.600696188151096,7.861195143027199,2.853294555402288,0.0029271261154651153,0.0,0.0,3.90551169694061,1.5887280004419624,0.0,2.8218878915852557,0.559290096722089,0.003326869687228429,0.0,2.4954534272911544,0.0,0.0,0.0,3.757383477609144,0.0,0.0,0.0,0.24705007630305487,0.00637151193272921,4.118670625770771,1.7164225963068698,2.2201613103668936,3.1106250543771212,4.7179304585174995,2.8857599939933958,4.7179304585174995,4.7179304585174995,4.7179304585174995,4.7179304585174995,4.7179304585174995
2024-01-05 14:00:00,0.0,0.7553871824663404,0.8925398115261793,0.0,0.0,3.4701232170109986,0.0,0.0,0.0,0.0,0.0,0.0,0.0,4.148711404327868,0.0,0.0,0.0,0.7444709632356001,1.8551477268039251,4.30264310705892,0.0,0.3104826125455991,0.0,0.4750375684983638,0.39887414547940686,1.4578186910362991,2.4007587821744676,0.0,1.8102309835451993,2.007760564056878,0.0,0.0,2.5687531949676847,2.1002312634005045,4.46779584617428,1.4578186910362991,1.4458491117244119,2.8427443016860092,1.7639378388314073,0.035105879643158464,2.433529482381373,2.1002312634005045,2.1002312634005045,2.1002312634005045,1.3767923996452947,1.3181347724741304,1.3217853637144177,1.3323785208882795,1.0930736762872006,1.4160038682442595,1.4572154885909347,1.3582831819967458,1.4529547365434323,1.344171574966535,0.19261934974249423,2.8603826155622607,1.1370661970709057,2.1002312634005045,2.4371168160373298,2.1002312634005045,2.1002312634005045,1.2921815530827314,0.886224540321995,3.2966469125570446,1.3203412976050868,1.4578186910362991,1.4526442391574765,0.5948767066944696,1.0618496884771893,2.4371168160373298,2.4371168160373298,2.1002312634005045,2.4371168160373298,0.9557281733714023,1.3066659765299284,1.4560444810248057,1.4578186910362991,1.121393468643545,2.1002312634005045,2.4371168160373298,1.3002736560143842,1.3937510216968387,1.810800101218634,2.4371168160373298,2.1002312634005045,2.1002312634005045,1.8003674860858454,2.4371168160373298,2.246322406327552,2.1361348417335395,1.553373036052764,2.1242834211151873,2.1002312634005045,1.8934996645898345,2.4367061677992266,2.2951157070733914,2.211057968709608,2.1002312634005045,1.4791239500847677,2.1002312634005045,1.7584177272096597,2.1002312634005045,2.1059992286264135,2.1002312634005045,1.7256434755174173,2.1000269383592336,2.076474100133734,1.4578186910362991,1.9433927747825588,2.188226896015233,2.1002312634005045,2.1002312634005045,2.1002312634005045,2.1002312634005045,1.9099154600190749,2.1002312634005045,2.1002312634005045,2.1002312634005045,2.1002312634005045,2.0495675291373456,2.0598762797820562,2.1002312634005045,0.761377171777781,0.0,2.074362295437,2.1002312634005045,0.7622986479685198,0.0007820238103450218,0.0,0.0,1.0434135797743858,0.4968385469599117,0.0,0.7539079063538495,0.14942238744549113,0.003483827755026718,0.0,0.6666962477080295,0.0,0.0,0.0,1.0038389970841524,0.0,0.0,0.0,0.2922904032576385,0.00753827653100485,4.872890209575066,2.0307374939630978,2.6267218954755776,3.680249223691334,5.581887756917577,3.414206402892983,5.581887756917577,5.581887756917577,5.581887756917577,5.581887756917577,5.581887756917577
2024-01-05 15:00:00,0.0,0.19490036324530655,0.23028764256944637,0.0,0.0,0.895339888205678,0.0,0.0,0.0,0.0,0.0,0.0,0.0,1.0704250462172455,0.0,0.0,0.0,0.19208382737771323,0.4786538270973389,1.1101415591176842,0.0,0.0801088175323725,0.0,0.12256627700937171,0.10291505819475792,1.4953708106024408,0.619429041915221,0.0,2.6611570013945713,2.951538301316709,0.0,0.0,0.6627739289302174,5.562555615110413,1.1500301413809155,1.4953708106024408,1.3962067741671627,0.7334674321626005,0.45512041177069007,0.051607920896120076,3.577446236974984,5.562555615110413,5.562555615110413,5.562555615110413,0.03547975512867876,0.0241110571952429,0.015812381921921515,0.41369263157319947,0.25402356716231816,1.1489487265141156,1.490373476300928,0.6707517836664089,1.45507454387641,0.5538417505531811,0.28316294209451603,0.7380183616214403,0.2933788393383996,5.562555615110413,3.582719850210899,5.562555615110413,5.562555615110413,0.07578740205568629,0.011122827071301593,0.7812170823668811,0.35641572320846565,1.4953708106024408,1.4525021749324676,0.874507357003817,0.27397193757036187,3.582719850210899,3.582719850210899,5.562555615110413,3.582719850210899,0.5192861873901924,0.24312017605299274,1.4806720629155565,1.4953708106024408,1.6485211597442537,5.562555615110413,3.582719850210899,0.19016189840660158,0.9645911957840638,1.834293988588299,3.582719850210899,5.562555615110413,5.562555615110413,2.2255048526388763,3.582719850210899,3.175135994461847,2.9411844291134543,0.8555104776998924,2.771972822630688,5.562555615110413,2.4240137217912,3.581844563938478,3.2800480990330834,3.1008811681813393,5.562555615110413,1.540782428247868,5.562555615110413,2.1360900088170114,5.562555615110413,5.5286579790866375,5.562555615110413,2.066232525128256,5.5612620107527375,5.200496999132341,1.4953708106024408,2.53035961686146,3.384660177640892,5.562555615110413,5.562555615110413,5.562555615110413,5.562555615110413,3.323503703062884,5.562555615110413,5.562555615110413,5.562555615110413,5.562555615110413,5.428370468731962,5.307063765760257,5.562555615110413,2.0165411951977723,0.0,5.3987763275689815,5.562555615110413,2.018981765742697,0.0020712247328142012,0.0,0.0,2.7635271258933076,1.1581959088215572,0.0,1.9967585145717501,0.3957518178080849,0.0035735680754170464,0.0,1.7657745701093974,0.0,0.0,0.0,2.658712089094558,0.0,0.0,0.0,0.23689852949649604,0.006109699823291505,3.9494301290100187,1.6458929911879867,2.1289325530332865,2.982806207648947,4.524065746567448,2.76718108849416,4.524065746567448,4.524065746567448,4.524065746567448,4.524065746567448,4.524065746567448
2024-01-05 16:00:00,0.006616390737803739,0.2927331857250487,0.1115256477330317,0.0,0.023988802427892704,0.4336027754648028,0.0,0.2063364228566632,0.0,0.22210497794252312,0.0,0.0,0.04847272867492551,0.5441042275299891,0.0,0.0,0.23677553163489642,0.2919245328462805,0.3742013672754848,0.5393881147088829,0.07024821211715408,0.03879577585988299,0.11901009669546171,0.2719654164447872,0.2663233740875135,2.002715204247195,0.30027259090115965,0.23676142150002122,1.6393978222633339,1.8182863547583639,0.0,0.23647657263030616,0.3807200309093147,6.41877474958283,0.5650031596524038,2.002715204247195,1.8699071260933586,0.3733029954816488,0.31462506717370065,0.03179290552353739,2.2038750690348174,6.41877474958283,6.41877474958283,6.41877474958283,0.017182435965672774,0.016679233357164692,0.007657754086881037,0.25485411004765174,0.12302068209625913,1.538760197253857,1.9960223911232622,0.8983221993503112,1.9487473552866355,0.7417473222798024,0.17444168471539137,0.44504764901305865,0.14207998624378254,6.41877474958283,2.2071238627173724,6.41877474958283,6.41877474958283,0.07337706319245191,0.006852184395188871,0.3783344175960359,0.4773392544788174,2.002715204247195,1.945302241634262,0.5387376452700887,0.13268144767687257,2.2071238627173724,2.2071238627173724,6.41877474958283,2.2071238627173724,0.319904704717828,0.3256051740400266,1.9830295147398165,2.002715204247195,1.015566536594224,6.41877474958283,2.2071238627173724,0.2546793895582208,1.2918544617715666,1.3448875525948671,2.2071238627173724,6.41877474958283,6.41877474958283,2.0742153305816347,2.2071238627173724,2.165688593482974,2.1442999687258686,0.530214744855095,1.8871370904075397,6.41877474958283,2.0936547874563076,2.2070381482109203,2.17748400592242,2.159938654722079,6.41877474958283,2.0071622457652745,6.41877474958283,2.0654591676562544,6.41877474958283,6.34666522850373,6.41877474958283,2.058618206104563,6.417370182506048,5.919544481392013,2.002715204247195,2.1040689641620873,2.6828096834247512,6.41877474958283,6.41877474958283,6.41877474958283,6.41877474958283,3.4691722908571268,6.41877474958283,6.41877474958283,6.41877474958283,6.41877474958283,6.263935087934613,6.141367335287894,6.41877474958283,2.32693829973907,0.0,6.240946811871721,6.41877474958283,2.329754536316693,0.0023900390280296273,0.0,0.0,3.188904410642747,1.354948284914656,0.0,2.304110560176982,0.45666811282706027,0.004785996267485538,0.0,2.0375722973960237,0.0,0.0,0.0,3.067955667271476,0.0,0.0,0.0,0.24682648088382492,0.006365745324991029,4.114942977113381,1.7148691289461626,2.2181519286804834,3.1078097485755256,4.71366044308356,2.883148204815632,4.71366044308356,4.71366044308356,4.71366044308356,4.71366044308356,4.71366044308356
2024-01-05 17:00:00,0.0,0.0,0.0,0.0,0.0,0.0,0.0,0.0,0.0,0.0,0.0,0.0,0.0,0.0,0.0,0.0,0.0,0.0,0.0,0.0,0.0,0.0,0.0,0.0,0.0,2.220899743281575,0.0,0.0,1.8675072347212547,2.071286710395997,0.0,0.0,0.0,4.810123300332804,0.0,2.220899743281575,2.073622973198609,0.0,0.0,0.03621664020270873,2.5105270849769488,4.810123300332804,4.810123300332804,4.810123300332804,0.0,0.0,0.0,0.2903150704783519,0.0,1.7063994520067483,2.2134777858723282,0.9961893421941551,2.1610524012092815,0.822556514344851,0.1987138837315287,0.0,0.0,4.810123300332804,2.5142279229455586,4.810123300332804,4.810123300332804,0.0,0.007805612376618015,0.0,0.5293426771225397,2.220899743281575,2.157231961832826,0.6136987840874268,0.0,2.5142279229455586,2.5142279229455586,4.810123300332804,2.5142279229455586,0.3644169477162738,0.361078023426935,2.1990694088033926,2.220899743281575,1.1568746942777606,4.810123300332804,2.5142279229455586,0.2824252742923435,1.432594727608359,1.5200022081171942,2.5142279229455586,4.810123300332804,4.810123300332804,2.3235030383689304,2.5142279229455586,2.4553032497420197,2.424075095751991,0.6038121579793225,2.139681380471264,4.810123300332804,2.3513988258633542,2.5141049218929785,2.4716944739995443,2.4465167444078593,4.810123300332804,2.2272812860359337,4.810123300332804,2.3109378694031655,4.810123300332804,4.7708142691337985,4.810123300332804,2.3011210308498145,4.809299774715604,4.526342334725918,2.220899743281575,2.3663432588373183,2.7350190721915117,4.810123300332804,4.810123300332804,4.810123300332804,4.810123300332804,3.124334261823236,4.810123300332804,4.810123300332804,4.810123300332804,4.810123300332804,4.694089026913545,4.647473815057685,4.810123300332804,1.7437689544627109,0.0,4.705859243044499,4.810123300332804,1.7458793954284348,0.0017910555933088716,0.0,0.0,2.3897120566761814,1.0633786280653061,0.0,1.7266622251809787,0.342219506950484,0.005307403598506483,0.0,1.526922873318501,0.0,0.0,0.0,2.2990750751130045,0.0,0.0,0.0,0.17345080604116825,0.004473359802071584,2.891667756385103,1.2050790968851846,1.558747823871011,2.1839314160409873,3.3124006805494757,2.0260564355604775,3.3124006805494757,3.3124006805494757,3.3124006805494757,3.3124006805494757,3.3124006805494757
2024-01-05 18:00:00,0.0,0.0,0.0,0.0,0.0,0.0,0.0,0.0,0.0,0.0,0.0,0.0,0.0,0.0,0.0,0.0,0.0,0.0,0.0,0.0,0.0,0.0,0.0,0.0,0.0,1.833583002020835,0.0,0.0,0.3937896461986399,0.43675935798156573,0.0,0.0,0.0,4.9571679306230365,0.0,1.833583002020835,1.7119907585917629,0.0,0.0,0.007636777875217616,0.5293792464010119,4.9571679306230365,4.9571679306230365,4.9571679306230365,0.0,0.0,0.0,0.06121693494101367,0.0,1.4088096679385116,1.827455406667427,0.8224575873661741,1.7841728161392603,0.6791056856423828,0.04190156188662702,0.0,0.0,4.9571679306230365,0.5301596191070458,4.9571679306230365,4.9571679306230365,0.0,0.0016459209790482688,0.0,0.4370272624652359,1.833583002020835,1.7810186473290244,0.12940684917581852,0.0,0.5301596191070458,0.5301596191070458,4.9571679306230365,0.5301596191070458,0.07684233733712906,0.29810734508017334,1.8155597975296318,1.833583002020835,0.243942978150656,4.9571679306230365,0.5301596191070458,0.23317134591512162,1.182755479743563,0.5917720702166542,0.5301596191070458,4.9571679306230365,4.9571679306230365,1.3776583986156647,0.5301596191070458,0.7824026392674173,0.9307597357903126,0.13133662242649177,0.6777452439387135,4.9571679306230365,1.2537016013291666,0.5307061825099886,0.7191598439600155,0.8310387691832096,4.9571679306230365,1.805226190020628,4.9571679306230365,1.433492567221632,4.9571679306230365,4.8813711806710955,4.9571679306230365,1.4771143458430565,4.9561744466115085,4.529532406869073,1.833583002020835,1.1872950139874185,1.3516835949983497,4.9571679306230365,4.9571679306230365,4.9571679306230365,4.9571679306230365,2.506740531307111,4.9571679306230365,4.9571679306230365,4.9571679306230365,4.9571679306230365,4.837586509704512,4.760951007033455,4.9571679306230365,1.7970756672454817,0.0,4.831385961331993,4.9571679306230365,1.7992506240234163,0.0018458078503932448,0.0,0.0,2.462765137425639,1.0655409712168957,0.0,1.7794459882334313,0.3526810975866654,0.004381811944696996,0.0,1.573600639223854,0.0,0.0,0.0,2.3693573991453407,0.0,0.0,0.0,0.09183584949312017,0.0023684801869073677,1.531032175177444,0.6380452480721581,0.8252998865670915,1.1563117024618126,1.7537948499798253,1.0727226821680922,1.7537948499798253,1.7537948499798253,1.7537948499798253,1.7537948499798253,1.7537948499798253
2024-01-05 19:00:00,0.0,0.0,0.19291526669037565,0.0,0.0,0.06072006748615879,0.0,0.0,0.0,0.0,0.0,0.0,0.0,0.0,0.2386904986116119,0.0,0.0,0.0,0.0,0.016249448417052583,0.0,0.22276693597244634,0.0,0.0,0.0,1.6385420461400684,0.1152714115301727,0.0,0.17634974431557363,0.16954721847394771,0.2386904986116119,0.0,0.04671869497859036,5.6565989176705065,0.0,1.6385420461400684,1.5298837508114944,0.07465661392796574,0.0532468329524063,0.2374815219467145,0.15488458383481707,5.6565989176705065,5.6565989176705065,5.6565989176705065,5.5789928119912356e-05,0.0,0.0,0.03260689776770359,0.16791467446543834,1.2589524844971531,1.6330662522342425,0.7349715483733972,1.5943876953496607,0.6068682020238209,0.23205707135060974,0.003648892335622817,0.18037436726536088,5.6565989176705065,0.1547610431993641,5.6565989176705065,5.6565989176705065,7.710806748676201e-05,0.07423665206282896,0.03316776538730725,0.39054002140593763,1.6385420461400684,1.5915690401753386,0.21820412811769402,0.18423195779602378,0.1547610431993641,0.1547610431993641,5.6565989176705065,0.1547610431993641,0.11393979635038456,0.2663972226175231,1.6224359967643547,1.6385420461400684,0.2000719381442737,5.6565989176705065,0.1547610431993641,0.20836856243536211,1.056944017111026,0.39195350542759244,0.1547610431993641,5.6565989176705065,5.6565989176705065,1.1195301316893893,0.1547610431993641,0.4422753559964568,0.6107930974822017,0.04158316853536474,0.380932015033309,5.6565989176705065,0.9784211540462874,0.15538323580755264,0.3699136535211528,0.4972735168255069,5.6565989176705065,1.6062614383947866,5.6565989176705065,1.1830901995679644,5.6565989176705065,5.562399539602341,5.6565989176705065,1.2327480216397628,5.655320938889547,5.116432064568722,1.6385420461400684,0.9028257381135618,1.146921465930586,5.6565989176705065,5.6565989176705065,5.6565989176705065,5.6565989176705065,2.5529682287018423,5.6565989176705065,5.6565989176705065,5.6565989176705065,5.6565989176705065,5.520145171174932,5.404193179980994,5.6565989176705065,2.0506338329827725,0.0,5.494797936561703,5.6565989176705065,2.053115665014333,0.002106241877395888,0.0,0.0,2.8102486754140763,1.1856356533071843,0.0,2.0305166966230384,0.4024425927892343,0.003915712079437801,0.0,1.7956276239285134,0.0,0.0,0.0,2.703661584023776,0.0,0.0,0.0,0.04068741474943505,0.001049343325318059,0.6783161635679219,0.2826827625649925,0.36564499553012275,0.5122981284254753,0.7770100547923615,0.47526443019149395,0.7770100547923615,0.7770100547923615,0.7770100547923615,0.7770100547923615,0.7770100547923615
2024-01-05 20:00:00,0.0,0.10114650500585735,0.7664900385702145,0.0,0.0,0.6682867640068896,0.0,0.0,0.0,0.0,0.0,0.0,0.0,0.5555133427808786,0.8004948866707623,0.0,0.0,0.09968482092027081,0.24840467668928087,0.6306205078659131,0.0,0.7886658187220497,0.0,0.06360763184147762,0.053409333238504664,1.8560699864533514,0.7080471516293949,0.0,1.7300014569349944,1.8314277636196619,0.8004948866707623,0.0,0.500636807018487,3.751662217320304,0.5968256165108651,1.8560699864533514,1.732986540890484,0.6310195051108581,0.41476523598487813,0.8185208436231262,2.0500490393542408,3.751662217320304,3.751662217320304,3.751662217320304,0.018599860382552378,0.012512799497585736,0.008206075866606564,0.28635231569916664,0.6949638218307088,1.4260872501567132,1.8498672425295382,0.8325441724529277,1.806053836140659,0.6874342090657801,0.8993999174503341,0.3952431111447015,0.7571738349794681,3.751662217320304,2.0518910419678584,3.751662217320304,3.751662217320304,0.03958962074319409,0.25372592404206035,0.5166590103287816,0.4423869463392737,1.8560699864533514,1.8028609847374588,1.1059486173801791,0.7600395065342297,2.0518910419678584,2.0518910419678584,3.751662217320304,2.0518910419678584,0.6042962639724585,0.30176332095944824,1.8378257461440963,1.8560699864533514,1.3763012928312752,3.751662217320304,2.0518910419678584,0.23603094944543546,1.1972607429528939,1.2491478955400868,2.0518910419678584,3.751662217320304,3.751662217320304,1.9245662542387656,2.0518910419678584,2.0122477874918907,1.9917065012296165,0.4929063264810944,1.7534491115633641,3.751662217320304,1.943189021944971,2.051808928493547,2.0234964128639588,2.0066881757905533,3.751662217320304,1.8603301991591368,3.751662217320304,1.9161779546474587,3.751662217320304,3.7225596899049926,3.751662217320304,1.9096243951171918,3.7510593073252854,3.5429297701485085,1.8560699864533514,1.9531656789520808,2.219874330723415,3.751662217320304,3.751662217320304,3.751662217320304,3.751662217320304,2.5127227528948355,3.751662217320304,3.751662217320304,3.751662217320304,3.751662217320304,3.661161127780431,3.6325851682171533,3.751662217320304,1.3600549702626645,0.0,3.675329628573327,3.751662217320304,1.361701011567353,0.001396936248613874,0.0,0.0,1.8638591723182079,0.8376413891638362,0.0,1.346712553467702,0.26691457039516714,0.004435550301170644,0.0,1.19092557402735,0.0,0.0,0.0,1.7931667351411815,0.0,0.0,0.0,0.09613626563767878,0.0024793894940032496,1.6027261326059645,0.6679231236611891,0.8639463734878816,1.210458547521283,1.8359201608330995,1.1229552870439852,1.8359201608330995,1.8359201608330995,1.8359201608330995,1.8359201608330995,1.8359201608330995
2024-01-05 21:00:00,0.0,0.01617386949474153,0.01911049428102902,0.0,0.0,0.07430006934901817,0.0,0.0,0.0,0.0,0.0,0.0,0.0,0.08882956764749549,0.0,0.0,0.0,0.015940138357502055,0.039721242196388604,0.09212545527818919,0.0,0.006647856056152613,0.0,0.010171202022393641,0.00854043929200234,0.0,0.05140351879478001,0.0,1.7818195701379596,1.976248941547546,0.0,0.0,0.055000508221436456,1.5057881606547283,0.09543562214044259,0.0,0.0,0.06086703138418478,0.03776831413652808,0.03455489600149455,2.395335454773229,1.5057881606547283,1.5057881606547283,1.5057881606547283,0.002944298920748449,0.00200086385660186,0.0013121956129157064,0.276994415050563,0.021080227637651588,0.0,0.0,0.0,0.0,0.0,0.18959620627322818,0.06124469173289541,0.024346137590342768,1.5057881606547283,2.3988664855482518,1.5057881606547283,1.5057881606547283,0.006289241999263922,0.0074474639942398915,0.06482955150453756,0.0,0.0,0.0,0.5855401699796167,0.02273564958884814,2.3988664855482518,2.3988664855482518,1.5057881606547283,2.3988664855482518,0.3476962429158766,0.0,0.0,0.0,1.1037932984335455,1.5057881606547283,2.3988664855482518,0.0,0.0,1.0292480909116024,2.3988664855482518,1.5057881606547283,1.5057881606547283,0.8390997625043226,2.3988664855482518,1.9318632637627227,1.6615878647904028,0.5698764023125531,1.6898633836956318,1.5057881606547283,1.067234235588382,2.397860570933911,2.0510237883063684,1.8451178580651038,1.5057881606547283,0.05218887955824605,1.5057881606547283,0.736340584195056,1.5057881606547283,1.521078946150514,1.5057881606547283,0.6560575202676526,1.505309231316627,1.4554252657485405,0.0,1.189451267200656,1.7808305703285507,1.5057881606547283,1.5057881606547283,1.5057881606547283,1.5057881606547283,1.0857041511744032,1.5057881606547283,1.5057881606547283,1.5057881606547283,1.5057881606547283,1.4694641364591727,1.4111977694168296,1.5057881606547283,0.5458792805509899,0.0,1.4451523833310596,1.5057881606547283,0.5465399449085393,0.0005606821570025724,0.0,0.0,0.7480889569021834,0.2865400729029846,0.0,0.540524093415106,0.1071303269659395,0.0,0.0,0.47799655878193786,0.0,0.0,0.0,0.719715444367511,0.0,0.0,0.0,0.07339269500419006,0.0018928244791178396,1.2235589706481422,0.509908282539933,0.6595570596463949,0.9240926345970498,1.4015847976027187,0.8572905795610624,1.4015847976027187,1.4015847976027187,1.4015847976027187,1.4015847976027187,1.4015847976027187
2024-01-05 22:00:00,0.0,0.0,0.0,0.0,0.0,0.0,0.0,0.0,0.0,0.0,0.0,0.0,0.0,0.0,0.0,0.0,0.0,0.0,0.0,0.0,0.0,0.0,0.0,0.0,0.0,0.29110714561104606,0.0,0.0,0.4080690124874938,0.45259686644047903,0.0,0.0,0.0,1.627013062543043,0.0,0.29110714561104606,0.2718026631447113,0.0,0.0,0.00791369817924166,0.5485752822492078,1.627013062543043,1.627013062543043,1.627013062543043,0.0,0.0,0.0,0.06343674708067244,0.0,0.2236683917176527,0.2901343034812793,0.13057673439404732,0.28326258217418837,0.10781759947474688,0.043420971439493763,0.0,0.0,1.627013062543043,0.5493839523668645,1.627013062543043,1.627013062543043,0.0,0.001705604388120136,0.0,0.06938423774121497,0.29110714561104606,0.28276181341809103,0.1340993234892134,0.0,0.5493839523668645,0.5493839523668645,1.627013062543043,0.5493839523668645,0.07962874853894884,0.04732874280375243,0.2882457078640688,0.29110714561104606,0.2527886935528583,1.627013062543043,0.5493839523668645,0.03701923767444786,0.1877791031464087,0.29355486695923466,0.5493839523668645,1.627013062543043,1.627013062543043,0.3814498172498353,0.5493839523668645,0.498864867569485,0.47000397477917855,0.1313680181774516,0.4353178466246985,1.627013062543043,0.4060121860077638,0.5492756493762537,0.5119330556044998,0.48976394928900335,1.627013062543043,0.2967261232580605,1.627013062543043,0.3703861283790879,1.627013062543043,1.6085625021516203,1.627013062543043,0.36174235703430463,1.6265881657658736,1.4860998253807802,0.29110714561104606,0.41917082774383313,0.6274793617878577,1.627013062543043,1.627013062543043,1.627013062543043,1.627013062543043,0.7841216114957572,1.627013062543043,1.627013062543043,1.627013062543043,1.627013062543043,1.5877647383799673,1.5430943104626191,1.627013062543043,0.5898258089915406,0.0,1.5732181823460576,1.627013062543043,0.5905396607588583,0.0006058204050305103,0.0,0.0,0.808314566834438,0.3290139071724625,0.0,0.5840394974438012,0.11575495539312962,0.0006956744071139873,0.0,0.516478124420027,0.0,0.0,0.0,0.7776568178028158,0.0,0.0,0.0,0.05900185133468602,0.0015216793512377405,0.9836434604463241,0.40992543847897395,0.5302310751468867,0.7428965000244329,1.1267619734687548,0.6891929956108148,1.1267619734687548,1.1267619734687548,1.1267619734687548,1.1267619734687548,1.1267619734687548
2024-01-05 23:00:00,0.0,0.06826120068581758,0.10656515603181634,0.0,0.0,0.32173579917961337,0.0,0.0,0.0,0.0,0.0,0.0,0.0,0.3749018097364708,0.032058016952458766,0.0,0.0,0.06727474731602778,0.16764199104853594,0.39099440716426337,0.0,0.057976380364283694,0.0,0.04292717105775692,0.03604459901484632,0.0,0.2324284547736128,0.0,1.5436220769854803,1.708561588798558,0.032058016952458766,0.0,0.23840224112725728,2.738641687653748,0.4027824113223262,0.0,0.0,0.2669139617902064,0.16655120221375871,0.061371837369188054,2.064083619229197,2.738641687653748,2.738641687653748,2.738641687653748,0.012433794573521739,0.00844456976142314,0.005538071647073091,0.24066256745360592,0.1115205639415397,0.0,0.0,0.0,0.0,0.0,0.19289742859896442,0.25897096574186335,0.12697764764403968,2.738641687653748,2.067079084821699,2.738641687653748,2.738641687653748,0.026553862734715356,0.01632344214100717,0.2780653475020089,0.0,0.0,0.0,0.5287870300804751,0.12069874916300385,2.067079084821699,2.067079084821699,2.738641687653748,2.067079084821699,0.31189665503353936,0.0,0.0,0.0,0.9684346891922122,2.738641687653748,2.067079084821699,0.0,0.0,0.8868927114673476,2.067079084821699,2.738641687653748,2.738641687653748,0.7230438124008932,2.067079084821699,1.6646671131205757,1.4317735245347825,0.4910567550342394,1.4561382543326233,2.738641687653748,0.9196249896693321,2.0662122983319353,1.7673465367168657,1.5899194708894824,2.738641687653748,0.04497063177339521,2.738641687653748,0.6344972636303797,2.738641687653748,2.727143569940365,2.738641687653748,0.5653181562021432,2.737770638269089,2.5288948311579027,0.0,1.0249381746159243,1.7121026240477932,2.738641687653748,2.738641687653748,2.738641687653748,2.738641687653748,1.3973247967753273,2.738641687653748,2.738641687653748,2.738641687653748,2.738641687653748,2.672577622651379,2.566606075032813,2.738641687653748,0.9928141243276566,0.0,2.6283607916546154,2.738641687653748,0.9940157030081166,0.0010197367523617784,0.0,0.0,1.3605815591981518,0.52114275390122,0.0,0.983074415171528,0.1948425330381994,0.0,0.0,0.8693528987942503,0.0,0.0,0.0,1.3089774316834069,0.0,0.0,0.0,0.08440838197223981,0.0021769230797515074,1.4072058936401326,0.5864416490085591,0.7585515727408823,1.062791931463316,1.6119520472136981,0.9859633945403117,1.6119520472136981,1.6119520472136981,1.6119520472136981,1.6119520472136981,1.6119520472136981
