,222,231,236,216,217,218,219,220,223,225,226,227,207,214,229,230,112,114,206,210,212,215,237,105,108,316,205,209,221,234,235,238,239,421,104,307,317,204,208,213,228,416,419,436,103,107,110,111,113,306,308,309,312,313,203,224,233,414,427,429,430,102,106,109,304,310,314,202,211,232,240,413,417,101,303,305,311,201,412,415,302,315,318,406,411,426,433,434,437,438,301,405,410,418,420,423,404,409,432,435,403,408,428,623,402,407,422,424,425,431,620,509,512,515,401,615,624,506,507,516,612,613,505,514,611,627,629,504,508,511,610,622,503,513,609,618,502,510,517,608,631,501,607,606,625,605,616,604,614,626,630,603,619,602,617,621,628,601
0,10.814405066567634,10.814405066567634,11.091765476805733,10.814405066567634,21.628810133135268,21.993469714229946,10.814405066567634,10.814405066567634,10.814405066567634,21.628810133135268,10.814405066567634,10.814405066567634,118.95845573224395,32.807874780797576,11.157577982587329,10.814405066567634,10.814405066567634,10.814405066567634,129.7728607988116,43.64564219580148,21.628810133135268,22.292262153078696,10.814405066567634,32.443215199702905,10.814405066567634,11.168373200572194,206.69089958622274,43.257620266270536,10.902677502969574,10.874863160342144,11.157577982587329,10.814405066567634,10.88157401917234,11.734950808405276,54.07202533283817,22.33674640114439,11.144900153827878,228.77021882199108,75.84455908262794,32.930175351015805,10.814910202695433,23.469901616810553,11.734950808405276,11.734950808405276,64.8865106103586,10.814405066567634,10.814405066567634,10.6982594124621,11.05582133078419,33.42311828283748,22.312090439042116,10.973178232100388,11.158834700663519,10.945504543424581,359.49031851291596,10.81965119504925,11.07373502712204,58.674754042026386,10.814405066567634,11.734950808405276,11.734950808405276,97.32983667078081,21.618706089778684,21.917912747801573,99.7114981705426,11.168373200572194,11.158225797086827,370.5641312969026,32.9726674298029,10.814405066567634,3.5362693373567167,93.87960646724221,21.628810133135268,151.8124251649033,110.58345203667632,22.333267071299215,22.32659899765902,580.6995717147826,105.61455727564748,32.443215199702905,166.10273625648904,11.042732745045829,7.394444675888841,623.9571919810531,117.34950808405276,11.734950808405276,11.04455864942203,10.814405066567634,10.883024229169992,10.923195255268555,195.35535956435646,841.0687209271139,140.8194097008633,22.05545459430166,21.6289585622876,21.788926742548462,917.4381750540246,152.55436050926858,11.160672396703237,8.04639846305102,939.6585688759096,172.33570978072487,11.719189741223207,11.734950808405276,950.7301365820335,184.0704803840749,23.370523928738628,11.168373200572194,10.992862038080734,11.00279428723574,23.469901616810553,11.734950808405276,11.734950808405276,11.734950808405276,1202.5960890344807,35.20485242521583,11.734950808405276,35.20485242521583,23.469901616810553,11.712744546811956,1214.2954486495216,58.674754042026386,81.53562048251273,10.814405066567634,1284.6823382895786,11.734950808405276,11.14852578299761,92.3503683154705,10.814405066567634,21.628810133135268,1318.8375552632237,11.013174008816987,135.60798858174104,11.144848063501264,1329.7174531852188,21.82842497207755,146.42239364830868,22.25147065992943,3.5362693373567167,1362.360283223864,10.814405066567634,183.46452821729923,1567.4536215742985,1578.268026640866,10.814405066567634,1589.1370818574753,21.630219580516645,1600.8625814318373,32.82431589764562,11.305528771297979,11.50250898658427,1657.0474686496216,22.75829517341129,1668.905530983176,34.616357506965684,11.858062333554393,9.70888246828408,1736.9468956255346
1,11.770898831519265,11.7648060554338,11.749652331497932,11.7709840133864,23.541574004170265,23.51912552897796,11.7709840133864,11.76429164489774,11.7709840133864,23.528082649212685,11.7709840133864,11.7709840133864,129.4592283227207,35.28977854576227,11.742091095888638,11.7709840133864,11.762332223044941,11.764770305692046,141.22763600566117,47.06513304856756,23.541063625248135,23.48685319406387,11.76945183328305,35.29099046168826,11.763638503854398,11.71796047246426,223.54126013160086,47.07284858987166,11.769379325414292,11.772031097068767,11.742091095888638,11.762351467590207,11.767531828593913,11.932708349595881,58.82550925226461,23.43592094492852,11.722271737720028,247.04970195291233,82.36713656216727,35.28408192584333,11.771227070133488,23.865416699191762,11.932708349595881,11.932708349595881,70.59653186110062,11.770919609004405,11.7709840133864,11.626417920095655,11.753630399462942,35.16872098033325,23.440450691764852,11.752264600611117,11.71971853156651,11.756843387845501,388.21739826311307,11.771461568189682,11.751661211551895,59.6635417479794,11.7709840133864,11.932708349595881,11.932708349595881,105.9090006803113,23.394069595994452,23.52685765112539,105.60241328936671,11.71796047246426,11.71983047456212,399.96905086915865,35.27416892762713,11.7709840133864,3.8490670157841462,95.46166679676705,23.5419680267728,164.59505228129765,117.37108247188345,23.4365631998827,23.43779094702638,627.2179533126875,107.39437514636293,35.3129520401592,176.01607153898942,11.740444233425704,7.99356728757787,674.3018893662331,119.32708349595882,11.932708349595881,11.740127916476816,11.7709840133864,11.766921166499607,11.760483134029624,207.5215547860364,905.3588469397425,143.1925001951506,23.4860380445064,23.542037579647932,23.53012986697418,987.6818920828507,155.12520854474647,11.719380475482582,8.18199647291682,1011.1387618087897,175.23991336725916,11.930347455833164,11.932708349595881,1022.8741747706758,187.17255390447036,23.84224000492827,11.71796047246426,11.748964765346818,11.786358396421823,23.865416699191762,11.932708349595881,11.932708349595881,11.932708349595881,1280.946262843173,35.79812504878764,11.932708349595881,35.79812504878764,23.865416699191762,11.929379049294317,1292.8655719337012,59.6635417479794,83.43078848487102,11.7709840133864,1364.4532340331843,11.932708349595881,11.8379378658809,95.20195640098177,11.7709840133864,23.5419680267728,1400.0829120796172,11.80590749937028,142.28589245452736,11.837298589961643,1411.872682488251,23.577287888655622,154.05687646791375,23.667919515010972,3.8490670157841462,1447.220954390293,11.7709840133864,193.42996329799269,1664.1928857150583,1675.9638697284447,11.7709840133864,1687.7636870723934,23.54278615193868,1699.908779937613,35.47437658540097,11.976559301549592,12.055793470002115,1759.636929331383,24.01237517170607,1771.83490866975,36.210354510072996,12.197979338366927,9.987192208599541,1842.4284140651562
2,11.812615929676083,11.79932738134893,11.667662180310433,11.812687858633396,23.625042932167865,23.461700314042886,11.812687858633396,11.79796851350215,11.812687858633396,23.59461447456661,11.812687858633396,11.812687858633396,129.89322578781253,35.27410859601965,11.586843443896294,11.812687858633396,11.792792315792106,11.799232945417279,141.7020666687161,47.09659530649577,23.62461131806475,23.201996062434375,11.811391942740627,35.38892731430472,11.796243145743876,11.229990144391264,223.75805457822838,47.228797976106534,11.793593011309062,11.806225176184734,11.586843443896294,11.7928431554654,11.792976681718802,11.871289427252838,58.99777072835782,22.45998028878253,11.283702633517949,247.12662168902543,82.59742870125784,35.19279184385956,11.813357521505596,23.742578854505677,11.871289427252838,11.871289427252838,70.81056492383445,11.812633475801658,11.812687858633396,11.67388977779251,11.711074661675035,33.87554611156323,22.51641091883404,11.662183983780379,11.251873811072207,11.720783046416296,388.3505590758839,11.81585107030235,11.689503236079473,59.356447136264194,11.812687858633396,11.871289427252838,11.871289427252838,106.24832220220509,23.4593165032273,23.523038652061818,102.79673298964065,11.229990144391264,11.253268133371263,400.03996839961945,35.18815299843112,11.812687858633396,3.86270401461016,94.97031541802271,23.62537571726679,165.0042430930349,114.58700118209289,22.46797177617485,22.483258277762527,627.6558598306375,106.84160484527554,35.43806357590019,171.3379172602021,11.511959597575466,8.00305117056384,674.906611265171,118.71289427252837,11.871289427252838,11.5079594270175,11.812687858633396,11.781905391470705,11.751198368139558,202.6668485811125,901.144735570577,142.45547312703405,23.089202028465767,23.625551517308228,23.546148204405785,983.1775987604688,154.3267625542869,11.247663758579444,8.139882864567534,1005.8998919560419,174.33793484610726,11.874440411651113,11.871289427252838,1017.3483430857707,186.20901748163178,23.713512496434184,11.229990144391264,11.620097368082433,11.808546761516734,23.742578854505677,11.871289427252838,11.871289427252838,11.871289427252838,1273.565939489136,35.61386828175851,11.871289427252838,35.61386828175851,23.742578854505677,11.875717648525722,1285.3964211964224,59.356447136264194,83.15887364232114,11.812687858633396,1356.5979906020161,11.871289427252838,11.926814752238055,94.97203357164187,11.812687858633396,23.62537571726679,1392.3435910037024,11.865487485954908,142.22278500617546,11.925849835093045,1404.19599208161,23.679177191335143,154.03547286480887,23.841582005640845,3.86270401461016,1439.6878571315785,11.812687858633396,193.68944775512915,1657.0026806039746,1668.815368462608,11.812687858633396,1680.6936496445112,23.627297730773016,1693.114597997046,35.77275000858887,12.229134497017455,12.32062022907137,1753.6869361752522,24.526905937483978,1766.1659041157982,37.0058738780299,12.478967940545925,10.217253852462195,1838.3469677273822
3,10.877733085947844,10.880897255613826,11.574484820390554,10.877987250693447,21.754798184164628,22.691246159844574,10.877987250693447,10.881787558750036,10.877987250693447,21.764441017974548,10.877987250693447,10.877987250693447,119.66708511402216,33.56824503634115,11.626151074588899,10.877987250693447,10.885176997367212,10.880959134873724,130.54174349165936,44.4960971138655,21.753269129220634,23.23448526313397,10.873395119775026,32.64862226906624,10.882917685917342,10.370637944138812,209.62208424061458,43.51183967583273,11.119645577112898,11.037285042752076,11.626151074588899,10.885143721572074,11.06381163438029,12.11049035153038,54.409217689428516,20.741275888277624,10.466206300941286,232.42642638550487,76.55623193122075,33.77924867072766,10.878634738637116,24.22098070306076,12.11049035153038,12.11049035153038,65.28730775550822,10.877795093923634,10.877987250693447,10.782816943359743,11.54568431890381,31.43827393928708,20.841701311901538,11.112482708029965,10.40967956430882,11.190418118608692,365.2455664704727,10.884007995529688,11.560089414736204,60.5524517576519,10.877987250693447,12.11049035153038,12.11049035153038,97.9198088888306,21.95515040712413,22.545197194491358,96.09103404902132,10.370637944138812,10.412162252442329,376.805718188762,34.008625917903785,10.877987250693447,3.557060469808504,96.88392281224304,21.755974501386895,153.66826701469108,107.11338974221889,20.755549680662313,20.782800196581142,590.3255925910494,108.99441316377343,32.63396175208034,159.6384861979505,10.862038283760402,7.512585819316936,633.8375415938232,121.10490351530382,12.11049035153038,10.855254375552073,10.877987250693447,11.053788077714866,11.167737278535544,188.8921728696489,844.8092413241457,145.3258842183646,21.83386159289192,21.756127872112366,22.172419754893404,921.662588420291,157.43637456989498,10.402179727607676,8.303897693508155,942.8632762644143,177.8507626149335,12.103665245000407,12.11049035153038,953.6169407584837,189.96068727930967,24.08036166840111,10.370637944138812,11.043191013128274,11.328624052767237,24.22098070306076,12.11049035153038,12.11049035153038,12.11049035153038,1211.667407078766,36.33147105459114,12.11049035153038,36.33147105459114,24.22098070306076,12.100859785120498,1223.6663241524636,60.5524517576519,84.26879694382214,10.877987250693447,1296.2577086742422,12.11049035153038,11.616406148762804,95.14720796466545,10.877987250693447,21.755974501386895,1331.8491439619147,11.322348037717967,138.65915696743923,11.608022477536355,1342.8557632655006,22.201209249323526,149.53714421813268,23.128964890251382,3.557060469808504,1375.9349597655175,10.877987250693447,188.0681667321124,1585.759100999017,1596.6370882497104,10.877987250693447,1607.5898036151243,21.757685273255177,1619.2952761789652,33.26902542428128,11.680549615635298,11.70454069553398,1675.9692331837157,23.38324479143914,1687.6696240686508,35.08363567637438,11.700390884935237,9.57978772074546,1755.7338292356412
4,10.032886345840835,10.024686468924019,10.79444610430093,10.033482532927316,20.06420295832058,21.037219682880053,10.033482532927316,10.025008848273828,10.033482532927316,20.050327580512178,10.033482532927316,10.033482532927316,110.3360456695165,31.068380453450338,11.052068931188181,10.033482532927316,10.026224744474131,10.024708915795046,120.35843804275308,41.145292838776044,20.0605885805075,22.014494704989566,10.022619534738645,30.076194590334133,10.025416270495839,9.685988062497193,193.96489071911904,40.10943230051348,10.245301359001287,10.173083286146108,11.052068931188181,10.026212895382107,10.19293698275349,11.132812765693247,50.13436729071792,19.371976124994386,9.785518924238263,215.3124956000972,70.54721650564544,31.45109516973563,10.034039016774344,22.265625531386494,11.132812765693247,11.132812765693247,60.16793819014625,10.033031851506422,10.033482532927316,9.943550822931416,10.653831293677413,29.391640664011646,19.476598701206843,10.413582323491866,9.72681657202854,10.398761762258195,338.2907155733933,10.033662035849094,10.723903098300738,55.66406382846624,10.033482532927316,11.132812765693247,11.132812765693247,90.26474089277602,20.235012355241352,20.793768606006005,89.64573652790429,9.685988062497193,9.729405149578488,349.0149228587777,31.50316573202856,10.033482532927316,3.280910638143533,89.06250212554599,20.06696506585463,141.65131891664285,99.8137160583216,19.386929564030318,19.41539321207568,545.9813051011986,100.19531489123924,30.100447598781948,148.75105726116254,10.180904655162815,6.93031818221821,586.1152352329078,111.32812765693248,11.132812765693247,10.174390929314571,10.033482532927316,10.197048319444692,10.302228389286762,175.89682752470736,782.3802204742378,133.59375318831897,20.465557778498997,20.06711696213212,20.453852906738966,853.5981215265085,144.72656595401222,9.718991190516938,7.633525609936686,873.4366229557064,163.49290432964216,11.13149109638729,11.132812765693247,883.5122814551839,174.6252593540254,22.168322547221166,9.685988062497193,10.350818721102888,10.443125555751807,22.265625531386494,11.132812765693247,11.132812765693247,11.132812765693247,1121.2843295918558,33.39843829707974,11.132812765693247,33.39843829707974,22.265625531386494,11.13091374804536,1132.3267104276256,55.66406382846624,77.48809122303788,10.033482532927316,1199.065623074356,11.132812765693247,10.693934846576854,87.52195476437825,10.033482532927316,20.06696506585463,1231.8364037114247,10.433346395506144,127.65588489608751,10.68645738517849,1241.9852468016295,20.46769443215425,137.68936742901482,21.295220641104155,3.280910638143533,1272.4864237667111,10.033482532927316,173.16290385212207,1465.716292684688,1475.7497752176153,10.033482532927316,1485.8509188688627,20.06851737177633,1496.5963897038978,30.672668723621797,10.787143994854008,10.80656777701388,1548.7728283971612,21.603826405004178,1559.4700305897888,32.30102859763186,10.697202192627683,8.75841903224016,1621.9238826049163
5,9.269469649008807,9.253461282279051,9.687496244442299,9.270266906423915,18.53683079055971,19.143871072955825,9.270266906423915,9.253345538664869,9.270266906423915,18.506565195916508,9.270266906423915,9.270266906423915,101.91242832651184,28.41102214851601,9.679929052671376,9.270266906423915,9.252863368533013,9.253453384567868,111.16657307447433,37.71991724005295,18.53190666895778,19.363757224781466,9.2554416802448,27.759568293926094,9.253192076936298,10.004638029167975,177.88678418808763,37.04021195637199,9.45861543448504,9.394532663535829,9.679929052671376,9.252868421654835,9.409302300963429,9.972556085729972,46.28205602731238,20.00927605833595,10.006033105296666,197.06890372732488,65.1326696112263,28.53403241034807,9.270762868607106,19.945112171459943,9.972556085729972,9.972556085729972,55.55240169307834,9.269664409651856,9.270266906423915,9.185955059817593,9.686857384971354,30.007121068064308,20.010803639318716,9.837831522887498,10.005519456323913,9.648241368521942,309.69077004404306,9.2666700944745,9.687602467769214,49.862780428649856,9.270266906423915,9.972556085729972,9.972556085729972,83.35824888588019,18.685455975859426,19.051929449523737,88.99531608987982,10.004638029167975,10.005561174855298,319.37837389289865,28.641933505900436,9.270266906423915,3.031342030237478,79.78044868583977,18.54053381284783,130.65379029004055,98.40765117568255,20.00964708955357,20.010199204023273,500.6390491938181,89.75300477156975,27.810800719271747,147.80551225803302,9.980396592337422,6.41796082147591,537.7201168195138,99.72556085729973,9.972556085729972,9.981327905058874,9.270266906423915,9.442653624163366,9.552754472818979,173.47547311198184,730.0538407722862,119.67067302875967,19.94258568788126,18.540724420157318,18.94805242971831,796.9637192801664,129.64322911448963,10.005382931029802,6.837963044841462,816.9574785963337,146.45374824506106,9.975301371302294,9.972556085729972,826.950519015953,156.42631305553567,19.956876631933515,10.004638029167975,9.90789644937094,9.669947918183919,19.945112171459943,9.972556085729972,9.972556085729972,9.972556085729972,1042.908293932147,29.917668257189916,9.972556085729972,29.917668257189916,19.945112171459943,9.97635915934293,1052.882587766193,49.862780428649856,69.71169509624822,9.270266906423915,1112.719034829841,9.972556085729972,9.873302313545278,78.98231789810524,9.270266906423915,18.54053381284783,1142.508706480078,9.643720053076475,116.06338552380089,9.866502040315767,1151.8849296436042,18.915073197526013,125.3336524302248,19.662317291741132,3.031342030237478,1180.0702697475542,9.270266906423915,157.96179045626548,1356.5725940166676,1365.8428609230916,9.270266906423915,1375.1763466420314,18.54199292899594,1385.110808130059,28.339968322133767,9.91263523575681,9.943036184017503,1433.305754810496,19.852357262911454,1443.2176969847817,29.764299437197145,9.91194217428569,8.115481171848616,1500.9213619423988
6,8.579703838484782,8.566875246748708,8.638367836271136,8.580315198678036,17.15777256473562,17.393769028201564,8.580315198678036,8.56677430694634,8.580315198678036,17.133425229804757,8.580315198678036,8.580315198678036,94.33523926008213,25.971673428843175,8.485807848279144,8.580315198678036,8.566311437145973,8.566868509681607,102.9025789472658,34.589015853109295,17.153820454732866,17.027282688264275,8.568369232958595,25.699869025569548,8.566633785216528,11.692544171200751,163.4402931662309,34.28850136804342,8.757493819223281,8.697583076259289,8.485807848279144,8.566316584419605,8.711745904583005,9.43072539757478,42.84607271737457,23.385088342401502,11.462333686112522,180.7243150142215,60.29792478839909,25.95313565359106,8.580813373248276,18.86145079514956,9.43072539757478,9.43072539757478,51.42646702935251,8.579853541098508,8.580315198678036,8.503449075860251,8.711841298540309,34.27998351324393,23.143239839379618,9.346036406299177,11.598811446376894,8.96939805748533,284.1076465163902,8.578676682275557,8.676110817521383,47.15362698787389,8.580315198678036,9.43072539757478,9.43072539757478,77.16359158467932,17.299101890175116,17.381839097359016,96.14273441635741,11.692544171200751,11.59283648109762,292.7835983832683,25.91947763659643,8.580315198678036,2.805730445195099,75.44580318059823,17.160630397356073,120.69484389128857,104.87180515280961,23.3508683783554,23.28538065229837,459.65551255333827,84.87652857817301,25.74094559603411,160.20161076209706,10.47696097684178,5.95465495908589,493.9767733480504,94.30725397574778,9.43072539757478,10.495123134990008,8.580315198678036,8.760487348211544,8.874914664166917,185.21512084634523,696.6848306064596,113.16870477089734,20.58339155028854,17.1608555511879,17.586349078399486,760.8131275976401,122.59943016847211,11.616850383434876,6.466441622418193,783.0695395797643,138.49659718846507,9.421072773360546,9.43072539757478,793.8223665409736,147.92803904012814,18.96395467426296,11.692544171200751,9.746797983126955,8.977849069456475,18.86145079514956,9.43072539757478,9.43072539757478,9.43072539757478,1001.2875114482309,28.292176192724337,9.43072539757478,28.292176192724337,18.86145079514956,9.417056139595077,1010.859754615558,47.15362698787389,65.72148152174289,8.580315198678036,1067.5348211335177,9.43072539757478,9.151503956619429,74.30214894715873,8.580315198678036,17.160630397356073,1095.2071002923858,8.940272286997267,108.62340974187087,9.145079183942286,1103.888574886359,17.521870710509162,117.20372494054891,18.223367773213226,2.805730445195099,1129.9907607955463,8.580315198678036,147.32646005724834,1294.4778512501507,1303.0581664488288,8.580315198678036,1311.700028257171,17.162064952293264,1321.2593509653254,26.248737703837506,9.133608844925671,9.3347456177771,1366.519153508051,18.413106216165616,1376.195472729162,28.089425437276553,9.676319221110935,7.922563012468524,1431.560099621129
7,7.956960949770017,7.978863965131021,8.051864847731931,7.956396576195917,15.915390104285942,16.18506182301018,7.956396576195917,7.9802137386019805,7.956396576195917,15.961730356410378,7.956396576195917,7.956396576195917,87.59978223727867,24.143635348959872,7.969116791350528,7.956396576195917,7.985321617212958,7.978957888950583,95.56909115851157,32.13888812203816,15.918640297998415,15.969845742649,7.96611871167563,23.94554997846025,7.981922236673493,12.571795293093743,151.9737336301474,31.87007827129933,8.135293007380554,8.0752938410922,7.969116791350528,7.985271705711815,8.09988438101338,9.681237887319663,39.88455565229031,25.143590586187486,12.159501375045584,168.1221254847987,56.08097632485466,24.186778201270954,7.956960590775935,19.362475774639325,9.681237887319663,9.681237887319663,47.841041796272116,7.956823553773815,7.956396576195917,7.888947118970241,8.086180275705468,36.296418252518166,24.710402609782818,8.710163163912242,12.403667253331882,8.360610419681006,264.35308454043815,7.971125136494109,8.070072570531178,48.40618943659831,7.956396576195917,9.681237887319663,9.681237887319663,71.71387385348588,16.06246588628734,16.133853519730845,98.67420336429363,12.571795293093743,12.392961891745864,272.42308285515395,24.105880667051544,7.956396576195917,2.6017114279576,77.4499030985573,15.912793152391833,112.13848371564458,106.78742728550746,25.08216982623332,24.964757184839605,427.4643444039042,87.13114098587697,23.86918972858775,164.91051478037357,10.324056862844373,5.537401540229357,459.28993070868785,96.81237887319664,9.681237887319663,10.361668725135816,7.956396576195917,8.146060589615072,8.266044612100686,188.73020112183227,664.2829451513271,116.17485464783596,19.80952486248028,15.913054273994302,16.36085536794937,724.5513951857849,125.85609253515563,12.435996371578785,6.638212543776851,747.6421583997954,142.17554296625212,9.638796176655411,9.681237887319663,758.5278005457268,151.85774850424167,19.382766887609588,12.571795293093743,9.077830433242237,8.359364607578156,19.362475774639325,9.681237887319663,9.681237887319663,9.681237887319663,969.9819009899161,29.04371366195899,9.681237887319663,29.04371366195899,19.362475774639325,9.62140944029617,979.8536256981239,48.40618943659831,66.523850314333,7.956396576195917,1038.0633067239476,9.681237887319663,8.496697624268489,74.48060790910358,7.956396576195917,15.912793152391833,1064.716639362994,8.311706799311622,106.30619421388725,8.49263156377144,1072.772222944042,16.269591706200256,114.26259079008317,16.933245149611214,2.6017114279576,1096.9982112264381,7.956396576195917,142.26482266820648,1255.1758270470364,1263.1322236232322,7.956396576195917,1271.1505084255318,15.914252453000238,1280.842206993153,24.37192402571483,8.506144556629664,9.040384019455184,1324.3276468961242,17.39903261870378,1334.4007787539254,27.472164476504847,10.073131857801066,8.247456502077934,1390.2666634481102
8,7.3930410232557975,7.426772451572819,8.198818785697352,7.391995899393603,14.788796393016504,15.791325392647753,7.391995899393603,7.428510096013,7.391995899393603,14.858689438140573,7.391995899393603,7.391995899393603,81.43548414063989,23.187347318293433,8.478810496388018,7.391995899393603,7.431954303772219,7.426893455040068,88.84987554302607,30.625145025928877,14.794773311877499,16.860853632139793,7.409867187983196,22.28871632411733,7.430705591641513,13.073627914745074,144.12603905764493,29.636602318371743,7.594879739927042,7.527197719676945,8.478810496388018,7.432113484759052,7.557500421711628,10.338239570739633,37.11268963711203,26.14725582949015,12.49871243407401,160.25052026962774,52.21436511685954,23.5800446047278,7.392733238347754,20.676479141479266,10.338239570739633,10.338239570739633,44.50480261491056,7.392786678331808,7.391995899393603,7.337925330804489,8.04321121095897,37.181619590672206,25.543173981809108,8.139759847406538,12.839027817256817,7.813631945503521,251.80176209249112,7.414483098234433,8.121031636501012,51.69119785369817,7.391995899393603,10.338239570739633,10.338239570739633,66.68745704646722,14.976194067984176,15.539426264009732,99.15849111861726,13.073627914745074,12.824097153607545,259.9231303222157,23.680529540174348,7.391995899393603,2.4171545526534213,82.70591656591708,14.783991798787206,104.90387557066316,106.71608933005825,26.0615268199004,25.89772506835262,406.1825272750595,93.04415613665671,22.17598769818081,166.19413058181522,9.618538309913491,5.1611986169758985,435.7505108726339,103.38239570739634,10.338239570739633,9.677554883230474,7.391995899393603,7.592032911167993,7.718255449958183,188.36794693126916,639.2717871581369,124.0588748488756,18.495946006029335,14.784288849695352,15.256565573590839,695.4415329924418,134.39711441961524,12.884122218959885,7.088704192357592,718.5163744759014,151.82405818271246,10.251087962322233,10.338239570739633,729.112268635426,162.16327415615956,20.51911248033619,13.073627914745074,8.47834561100473,7.8081769127295475,20.676479141479266,10.338239570739633,10.338239570739633,10.338239570739633,951.3437280518767,31.0147187122189,10.338239570739633,31.0147187122189,20.676479141479266,10.215489463930382,961.8735102045958,51.69119785369817,69.77138861953352,7.391995899393603,1024.0260341853893,10.338239570739633,7.864188600432325,77.16376953226982,7.391995899393603,14.783991798787206,1050.181408399512,7.752952560688156,106.73175312984424,7.868841159560512,1057.6739826325795,15.146641688958962,114.12374902923784,15.747146405192153,2.4171545526534213,1080.212620220932,7.391995899393603,140.206219467169,1235.2028314868883,1242.5948273862818,7.391995899393603,1250.0515683428753,14.78553726467194,1260.2690776012673,22.694880389334912,7.994902174826083,8.986717570010999,1302.914289192312,16.710655316169806,1313.8779028240108,27.67426894786859,10.963613631698786,8.976545508336399,1372.4559445436134
9,6.883030728811785,6.932759320012957,9.086601831688025,6.881242864115782,13.770709937578335,16.186192975888375,6.881242864115782,6.927972985673613,6.881242864115782,13.85103828416435,6.881242864115782,6.881242864115782,75.85005596299598,23.074329097103664,10.017561544541007,6.881242864115782,6.896727496833897,6.9324294584436625,82.76886578104379,30.006862230737507,13.780987054580677,19.70702418743588,6.911995824286566,20.753313843006868,6.921773052081951,13.193676894225302,139.79739331062987,27.589760938937196,7.1021696027282575,7.028790168756205,10.017561544541007,6.897798622205475,7.066876183513206,12.3511775818108,34.5585055702381,26.387353788450604,12.480677932567737,156.97407198140428,48.65758672394706,24.07729509871611,6.882118633399135,24.7023551636216,12.3511775818108,12.3511775818108,41.43988748589353,6.882595530789916,6.881242864115782,6.838493710957727,8.594064022197829,36.79709084425671,25.63816044044468,7.626410051718608,12.90261478590687,7.320799444260642,246.22042109452502,6.914632253045559,8.838119367803081,61.755887909053996,6.881242864115782,12.3511775818108,12.3511775818108,62.09495037927613,13.987876396216857,15.589374608142347,97.42841387882524,13.193676894225302,12.884096018991166,255.05960594829958,24.667001826176786,6.881242864115782,2.250140252144324,98.80942065448639,13.762485728231564,98.88985440070496,104.48404034689321,26.28097403621088,26.077772913216467,395.3690352758191,111.16059823629719,20.643728592347344,163.85782772928593,8.985116888028129,4.821467501066741,422.8940067322822,123.51177581810799,12.3511775818108,9.03888085429146,6.881242864115782,7.091687816814492,7.224256421027564,184.54797997853936,621.5931717043561,148.2141309817296,17.291579169452383,13.762817183934025,14.259704018761592,674.0418643916558,160.56530856354038,12.958550066261134,8.468931649885478,696.5064710303881,181.38541779523666,12.186701555459734,12.3511775818108,706.3814009175653,193.736978064291,24.119072833262038,13.193676894225302,7.939239968027836,7.328807248837182,24.7023551636216,12.3511775818108,12.3511775818108,12.3511775818108,963.0696598935288,37.0535327454324,12.3511775818108,37.0535327454324,24.7023551636216,12.119620231562532,975.4950865226451,61.755887909053996,81.29499192482331,6.881242864115782,1049.6500574648294,12.3511775818108,7.419524194828008,88.17668607670296,6.881242864115782,13.762485728231564,1077.347773000324,7.2752824766026745,115.7016575331661,7.419147359367146,1084.3399494378937,14.15841478095083,122.58290039728188,14.835929298073715,2.250140252144324,1105.3796070829603,6.881242864115782,147.50323154709423,1266.6453243582862,1273.526567222402,6.881242864115782,1280.4768845597305,13.764152585107562,1291.7522288168884,21.191783039422795,7.682003057210679,9.279362882018384,1334.730923707193,16.52898343103627,1347.2384726760563,29.03653239989957,12.507548968863302,10.240654795799362,1411.5307578094819
10,6.422669634573405,6.529788091920483,9.308315144076007,6.418848158822807,12.855401450124777,15.972012351522578,6.418848158822807,6.512781873797678,6.418848158822807,13.008364871079053,6.418848158822807,6.418848158822807,70.91777259799434,22.405743184039668,10.750857978539672,6.418848158822807,6.4469075130789655,6.528613416710749,77.42120047923532,28.88371594612616,12.878577737212801,20.998036955879297,6.488519762539008,19.474801055174847,6.4908704279394716,12.976344692732223,134.20909512063048,25.81403359823778,6.6631843778293165,6.580830580088071,10.750857978539672,6.447513034050692,6.645248355659026,16.777606227067732,32.389173867943164,25.952689385464446,12.098324442333462,151.6963656187621,45.604175670119005,23.884958465805575,6.415993680604606,33.555212454135464,16.777606227067732,16.777606227067732,38.80818911296677,6.421736959196625,6.418848158822807,6.388099254172437,8.458222017266213,35.67206627516867,25.03269566959878,7.1667168978825115,12.624605457577593,6.87854834514922,237.75417007915473,6.48237891389609,8.87864725205605,83.88803113533865,6.414939609085131,16.777606227067732,16.777606227067732,58.089112907903235,13.107802070701458,15.005355605289116,94.06952413456068,12.976344692732223,12.601498495679104,246.6332610026088,24.37114835794749,6.414939609085131,2.09766086076548,134.22084981654183,12.829879218170262,92.99844892853584,100.67223867986846,25.82932963792283,25.57784318841133,379.70638505396323,150.99845604360956,19.244818827255394,158.6395710240469,8.420159829728304,4.513912775140342,405.3661434903038,167.7760622706773,16.777606227067732,8.467365546854495,6.414939609085131,6.637024385820842,6.776921828929449,177.99412956944124,596.601015074432,201.33127472481277,16.21240527020122,12.830245828235626,13.354803708699299,645.6806933975663,218.1088809518805,12.694271287581032,11.504036715898152,667.2689720302791,246.39052389484638,16.47953527084507,16.777606227067732,676.4998658011665,263.1669227665271,32.12625704591674,12.976344692732223,7.454577207516758,6.897610435075006,33.555212454135464,16.777606227067732,16.777606227067732,16.777606227067732,1010.1615773982707,50.33281868120319,16.777606227067732,50.33281868120319,33.555212454135464,16.35892304011476,1026.7007601081607,83.88803113533865,107.5079248786094,6.418848158822807,1127.2135522754504,16.777606227067732,7.263839007630104,113.92729320294664,6.418848158822807,12.837696317645614,1160.082668795959,6.849335539258225,139.60268583823787,7.237751684459545,1166.623683766092,13.270270738713489,146.0215339970607,14.25602517809821,2.0989389416682944,1186.3128026636282,6.418848158822807,170.97202768044548,1370.1225266617193,1376.5413748205422,6.418848158822807,1383.0355196106796,12.839529807828331,1395.609206156168,19.85098936240601,7.449670481096174,9.72307869434588,1439.5344861592475,16.561038809779227,1453.885698105575,30.9122507561067,14.351211946327474,11.750168463026046,1525.2505412173628
11,5.986463038336021,6.17563552504619,9.497816615448494,5.980895836716601,11.987652715853848,15.76281621604004,5.980895836716601,6.201542477568655,5.980895836716601,12.435522558456745,5.980895836716601,5.980895836716601,66.55140902879711,21.780195293583343,11.659940247099666,5.980895836716601,6.327373632637781,6.17761063189123,72.66562371354071,27.842922418681457,12.022066509909035,22.60979270936324,6.084512617268161,18.731712820617457,6.2407409631861706,12.520552676775425,129.650077626253,24.433850836953987,6.269753354930107,6.179945784560136,11.659940247099666,6.325214457207156,6.2555109484608975,19.92134552553064,30.975686089209262,25.04110535355085,11.37474838588847,147.65828974200315,43.33385888050468,23.955495912502318,5.999827817119348,39.84269105106128,19.92134552553064,19.92134552553064,36.972943431177654,6.00105207648136,5.997069990298086,5.978121779287951,8.05328306559659,34.136930282818604,23.845172543108756,6.748966029597094,12.073522983992392,6.476130066371897,231.75160092135218,6.081884450068593,8.766756746967289,99.6067276276532,5.998620595148641,19.92134552553064,19.92134552553064,54.99777215525507,12.304888200464127,14.190937653925463,89.56708048238585,12.520552676775425,12.042830431865376,240.5221266078647,23.838904181984987,5.998620595148641,1.961526126170278,159.37076420424512,11.997241190297283,87.90568722542997,95.75698364930707,24.893785335255757,24.5633831086408,367.0294547082972,179.29210972977575,17.995861785445925,151.35961947789195,7.90872607948104,4.236623229713123,391.0239370888917,199.21345525530637,19.92134552553064,7.954429441979548,5.998620595148641,6.230887912975998,6.377103874803556,169.5051995547911,572.9553740633162,239.05614630636765,15.244452281148442,11.997639115430136,12.54634226040146,619.0218843448606,258.9774918318983,12.166293107560456,13.659629821688311,639.5325472540427,292.55846717911726,19.517009367535273,19.92134552553064,648.1848362461111,312.4773801667638,37.748905251185235,12.520552676775425,7.020473780276355,6.504737173265317,39.84269105106128,19.92134552553064,19.92134552553064,19.92134552553064,1035.70206530385,59.76403657659192,19.92134552553064,59.76403657659192,39.84269105106128,19.35508007122659,1055.1440546749657,99.6067276276532,125.82388829683222,6.000045942825516,1174.364594173955,19.92134552553064,6.864793271205299,131.82449841976253,6.000045942825516,12.000091885651033,1210.3209772622204,6.451989696986103,155.8246821910646,6.840121166362225,1216.4495882047554,12.45430347966542,161.82472813389012,13.470189418724235,1.9619922094410436,1234.9039376272463,6.000045942825516,186.0135218951208,1432.917551408018,1438.9175973508434,6.000045942825516,1445.0000586590145,12.002112637129933,1459.2133573554593,18.649741212480386,7.358828032395813,10.396390482585712,1504.8680748423353,16.941433708258323,1521.4766606341452,33.550019500068224,16.6085857918099,13.598411180620024,1601.8422628984533
12,5.545796830424256,5.815485962111557,8.928002994684698,5.5395990894408245,11.10819499761132,14.837320310209055,5.5395990894408245,5.7964991847204175,5.5395990894408245,11.670440962559441,5.5395990894408245,5.5395990894408245,61.859723892768905,20.482467927007065,11.80883889833028,5.5395990894408245,5.9107126711143,5.816836818021994,67.62599740153769,26.17408284018602,11.148483805550478,22.69051701772591,5.661382874762394,17.577910032524123,5.859900455853786,11.749060762438656,122.68914486470943,22.720498022318296,5.907821352927584,5.810422326529288,11.80883889833028,5.908989793780552,5.907816813442903,20.709085055283786,29.065201945705674,23.498121524877313,10.641329561878248,140.50028179981305,40.519396483778934,23.330447177776204,5.61507510623556,41.41817011056757,20.709085055283786,20.709085055283786,34.68217617199234,5.62176701976959,5.61671544543567,5.607488674721626,7.610337625698308,32.059512952200855,22.326420553347997,6.386387263396787,11.276570040809002,6.124456762779367,220.65058696907562,5.72399581863256,8.261332178525375,103.54542527641894,5.613720226616762,20.709085055283786,20.709085055283786,51.57496217643982,11.581208206612793,13.381535731533974,84.09802365645042,11.749060762438656,11.248667841269665,228.9127462276986,22.45048114889074,5.613720226616762,1.8356651691598538,165.6726804422703,11.227440453233523,82.60344038715905,89.92003863696233,23.310134450375408,22.99772860370832,347.8652483320455,186.38176549755408,16.841160679850283,142.00274817933723,7.4697765738980095,3.9871750814242968,370.32012923851255,207.09085055283788,20.709085055283786,7.509730656143692,5.613720226616762,5.861378943530235,6.01770846305956,159.0787434440079,541.0844331740158,248.50902066340547,14.402175493871109,11.227878040984425,11.813438696100889,584.4396588818529,269.21810571868923,11.360755845463691,14.199765544877733,603.669406370833,304.1269563188508,20.253193782418805,20.709085055283786,611.8221255115159,324.83316829537745,39.032011453519516,11.749060762438656,6.639164627549049,6.153218240305678,41.41817011056757,20.709085055283786,20.709085055283786,20.709085055283786,1011.0035005597015,62.12725516585136,20.709085055283786,62.12725516585136,41.41817011056757,20.069527489929285,1031.1463736614594,103.54542527641894,130.12905628419304,5.6205420197217695,1155.037637971346,20.709085055283786,6.516696427211414,135.75021238018377,5.6205420197217695,11.241084039443539,1190.8845327355878,6.100427741934688,158.23238045907084,6.493113442804978,1196.6415134513925,11.723460558948938,163.8529224787926,12.782778235778483,1.8378958695668146,1213.985516030063,5.6205420197217695,186.72619855768542,1411.9527986271921,1417.573340646914,5.6205420197217695,1423.2843573231028,11.243313628335855,1439.1138564129978,17.575798442057547,7.258257897261492,11.053884977892357,1486.581670922118,17.298249736153423,1505.4198020112885,36.136380825323826,18.8381310891704,15.423869053997569,1594.6563140689507
13,5.156300522347492,5.5199467055697715,8.420661069278225,5.150348321322727,10.328870519531481,14.009281881913045,5.150348321322727,5.425206701678185,5.150348321322727,11.00342296018637,5.150348321322727,5.150348321322727,57.70629598470221,19.32294129902981,11.369529993409156,5.150348321322727,5.552546047229825,5.520233049814627,63.196243029787595,24.678897902431203,10.370678958019827,21.569744096763436,5.277440819198464,16.59995508934048,5.529096282936311,10.978180059784313,115.34532098349753,21.200567620155084,5.578941390107797,5.473852191627476,11.369529993409156,5.550465699293239,5.610482178546808,22.075178040567984,27.417440571818034,21.956360119568625,9.970688792972249,132.4108507167697,38.067000761564195,22.16440856818866,5.263261447795025,44.15035608113597,22.075178040567984,22.075178040567984,32.68337329997062,5.27276767386748,5.265501332104114,5.266002219279431,7.215096604995135,30.026273922341836,20.890800701187842,6.0499253656319,10.548736244397364,5.7979486086883165,207.92569722751205,5.4222688937633965,7.811284205536895,110.37589020283993,5.261762645279461,22.075178040567984,22.075178040567984,48.54160133011641,10.916515525009348,12.653453273310433,78.9031377090042,10.978180059784313,10.52334581512459,215.7341260390325,21.231141619384303,5.261762645279461,1.7205763783043106,176.60142432454387,10.523525290558922,77.86186516708096,84.38454696443216,21.78571633816722,21.501525874908904,327.9410948537163,198.67660236511185,15.785287935838383,133.10367418992513,7.064331388787064,3.757306054742809,348.98814543483417,220.75178040567982,22.075178040567984,7.100863579085095,5.261762645279461,5.522415192638387,5.687320910061125,149.19311837423126,509.18703283474133,264.9021364868158,13.62733995642482,10.523996793324052,11.140712862222449,550.0545343937227,286.9773145273838,10.625318024141643,15.136465551263981,568.1121396592201,324.1889581192157,21.55117718940487,22.075178040567984,575.8062039234272,346.26069284229385,41.380494129975645,10.978180059784313,6.288095005304267,5.839862671910793,44.15035608113597,22.075178040567984,22.075178040567984,22.075178040567984,997.0041199766906,66.22553412170396,22.075178040567984,66.22553412170396,44.15035608113597,21.34499657439031,1018.4008375472412,110.37589020283993,137.9499167483383,5.276467142153563,1150.4166177414993,22.075178040567984,6.2315615915169165,143.22706502833256,5.276467142153563,10.552934284307126,1186.9200873597888,5.795540814872604,164.33293359694682,6.208536134205442,1192.3447015703584,11.07468667294343,169.60940073910038,12.215270977188613,1.7253846928715078,1208.6958553854554,5.276467142153563,191.3899994051786,1410.638789074941,1415.9152562170946,5.276467142153563,1421.291213421595,10.555394492062927,1438.8033793786294,16.617976977252404,7.1997898846634945,11.764565288126352,1488.3280849626228,17.74773428837489,1509.4702482812374,38.88989760698961,21.142163318614713,17.310313693060973,1607.9547862185175
14,5.077670723961245,5.400804425131667,7.964506554257883,5.063110782993549,10.193627038189485,13.262704348123322,5.063110782993549,5.536519388170327,5.063110782993549,10.989423054977472,5.063110782993549,5.063110782993549,57.20517949843279,18.27269948147116,10.651279008601815,5.063110782993549,5.666563402420472,5.404149955271501,62.42497367724984,23.324045016563787,10.281426154621634,20.2392214689139,5.326897514579702,16.558135421128927,5.511203104442651,10.283011156083646,111.61936846747278,21.27477533062883,5.2728414963332595,5.159995208845364,10.651279008601815,5.664196139205119,5.3331487101955135,24.12169982776318,27.04927791296863,20.56602231216729,9.36555195255457,127.68703854508864,37.71380762333152,20.849189016710152,4.934228673845611,48.24339965552636,24.12169982776318,24.12169982776318,31.99578609796583,4.954639671196628,4.945897934742908,4.9543491413947764,6.859264309838429,28.191592425181938,19.59579733380567,5.744310299927599,9.89223500534124,5.501129104246575,200.60562935015628,5.137398822950387,7.4064505406478,120.6084991388159,4.9325901770106695,24.12169982776318,24.12169982776318,46.90784497797802,10.311591936744332,11.995746627581514,74.2096135111355,10.283011156083646,9.869100352296059,208.00264856093725,20.12091347726181,4.9325901770106695,1.6129382327867592,192.97359862210544,9.865180354021339,74.67802819911336,79.38115548325257,20.410960821906116,20.152111508379704,315.18644974828,217.0952984498686,14.797770531032008,125.06407433993883,6.6970953100361585,3.54533480558535,334.91681045632265,241.21699827763177,24.12169982776318,6.726375494107652,4.9325901770106695,5.206111569356107,5.3796587846629835,140.25259297936842,485.54195703079347,289.4603979331581,12.915779365362388,9.865684286008346,10.513355810950781,524.0986147872565,313.5820977609213,9.961699765954735,16.539720667705808,541.093628305833,354.24351825639025,23.513468408444737,24.12169982776318,548.3694207341641,378.3607680513119,44.9397918412874,10.283011156083646,5.9638335008289225,5.544888169723915,48.24339965552636,24.12169982776318,24.12169982776318,24.12169982776318,1003.4151863229317,72.36509948328954,24.12169982776318,72.36509948328954,48.24339965552636,23.281131005833693,1026.6606556982367,120.6084991388159,149.85193218487507,4.964334939833415,1170.8285428469553,24.12169982776318,5.964766875381448,154.81700296974213,4.964334939833415,9.92866987966683,1208.703672889301,5.515079088929904,174.6743427290758,5.942348876883144,1213.8255188307714,10.482262730454948,179.6386776689092,11.685453303848915,1.6233186495272764,1229.2721165010598,4.964334939833415,200.40260556043265,1439.6033919411593,1444.5677268809927,4.964334939833415,1449.6434113165035,9.93142730855504,1469.2466847138235,15.784302582467259,7.320993659536856,12.771183887423874,1521.726047565427,18.648999816025167,1545.6499239471395,42.572876197737635,23.923876381712468,19.587863298588417,1655.6584162068905
15,4.830913500771509,5.1355342127550685,7.549698455339432,4.815717016777768,9.70179559503701,12.583472059167468,4.815717016777768,5.228550749300774,4.815717016777768,10.354208921873596,4.815717016777768,4.815717016777768,54.29052449534339,17.31894411699043,10.000067532144849,4.815717016777768,5.234786974320438,5.136590551266495,59.27315755930772,22.093540838946392,9.793528802458301,19.032367702770873,5.091368226079642,15.53405606616965,5.170060054582341,9.648396474837414,105.78432417040413,20.119636156110676,5.030824293242853,4.913410673220096,10.000067532144849,5.233773253600717,5.084296464935481,24.793053854281137,25.404341135435782,19.296792949674828,8.8130921574834,120.94711540818764,35.64507223166631,19.731044257776297,4.6777691264151136,49.586107708562274,24.793053854281137,24.793053854281137,30.066141683255875,4.671314391630204,4.661112121887745,4.6808596855714715,6.535741323120352,26.51723796837891,18.413552880073492,5.468306081140579,9.2928839752338,5.233907716988943,189.88392247221105,4.883414421969012,7.037961713591767,123.96526927140567,4.67602813712829,24.793053854281137,24.793053854281137,44.136363978385695,9.775972005288873,11.39908234268518,69.93723376524999,9.648396474837414,9.271808784486865,196.9213292631695,19.11578983193224,4.67602813712829,1.5290434212662851,198.34443083424907,9.35205627425658,70.52322999389577,74.83173932407644,19.155925505191608,18.920205259324277,298.36379670990857,223.1374846885302,14.028084411384869,117.74899487082541,6.363142281367351,3.3675362589092535,317.0679092584217,247.93053854281135,24.793053854281137,6.403365608647532,4.67602813712829,4.956155541455791,5.133479216114595,132.14769389405296,459.0832622087633,297.51664625137363,12.308692311540714,9.35258151467918,10.015686875456616,495.7733341735119,322.30970010565477,9.357065618805613,17.00005340325234,511.81615131349696,364.1028073631883,24.136159474865728,24.793053854281137,518.7249865344497,388.8907955971377,45.967481608562466,9.648396474837414,5.69391201859438,5.3131498879223855,49.586107708562274,24.793053854281137,24.793053854281137,24.793053854281137,983.6220990879223,74.37916156284341,24.793053854281137,74.37916156284341,49.586107708562274,23.88717043742936,1007.4180010997653,123.96526927140567,153.57809176688374,4.681004013090786,1155.5363444428585,24.793053854281137,5.728065748070508,158.25988491711624,4.681004013090786,9.362008026181572,1193.4793558924932,5.262609841135439,176.98390096947938,5.706113007577567,1198.3271544554286,9.946605149557113,181.66490498257016,11.214455542533564,1.5306705137863408,1212.9547636180764,4.681004013090786,201.52476082392528,1423.8415324681832,1428.522536481274,4.681004013090786,1433.3234843184337,9.364983228824581,1455.3619886877727,15.006917824332714,7.577374822085313,14.03381895745833,1511.5053931743605,19.9225049599338,1538.6080608791574,47.02517266473063,27.10266770479683,22.190523874903366,1662.029092828385
16,4.606502241089369,4.8014620058846305,7.172187710182287,4.590278639549476,9.255697368224933,11.965285523374458,4.590278639549476,4.879799378243923,4.590278639549476,9.650124785523952,4.590278639549476,4.590278639549476,51.44662100685391,16.453055952172082,9.409168820912711,4.590278639549476,4.841727111343797,4.80173334825766,56.22343188784175,20.976394235744465,9.35386027580025,17.936808428396297,4.885337458045958,14.451647907595277,4.809930600585364,9.085717788125786,100.29737160398093,19.080902922458815,4.799727809275419,4.677626275637284,9.409168820912711,4.841262552203776,4.861920247944841,25.117141725967116,23.70845269172868,18.17143557625157,8.324445833423777,114.63941081195478,33.78481673146521,18.69255631724074,4.4321273973520725,50.23428345193423,25.117141725967116,25.117141725967116,28.12118615004925,4.423737039348468,4.4121300677964275,4.439244311878214,6.241907951452217,25.03597118170344,17.366580205205715,5.228480430876669,8.761983124268264,5.001875464951967,179.94129153205617,4.658332183269864,6.702297557155471,125.58570862983558,4.430287666240482,25.117141725967116,25.117141725967116,41.45648389048913,9.30368263969877,10.859247002263327,66.16855686076777,9.085717788125786,8.7427638828165,186.64689315678092,18.206585214978425,4.430287666240482,1.4486872216603863,200.93713380773693,8.860575332480964,66.6059635879153,70.82173542671393,18.04335826911439,17.82848167094229,282.70924530018,226.05427553370404,13.290862998721447,111.29175032552148,6.071300856676529,3.2058509589460047,300.43039596514194,251.17141725967116,25.117141725967116,6.110802645835328,4.430287666240482,4.719262831720408,4.902062639331351,124.9889894059327,434.8115385115553,301.4057007116054,11.75615366681768,8.861124965253946,9.545164306624763,469.7519369765689,326.52284243757254,8.820673571499373,17.22227335075819,484.9448601132959,368.8622575142978,24.439754053875355,25.117141725967116,491.5236648538778,393.97375658818453,46.4197756704021,9.085717788125786,5.445433318446507,5.095010015599168,50.23428345193423,25.117141725967116,25.117141725967116,25.117141725967116,960.4016341542231,75.35142517790135,25.117141725967116,75.35142517790135,50.23428345193423,24.157127959251845,984.408351496753,125.58570862983558,155.2491713122115,4.415401088528257,1134.3984491645967,25.117141725967116,5.508711083031747,159.66541039715216,4.415401088528257,8.830802177056514,1172.1123527423233,5.0272948569351,177.32701475126518,5.487098118944758,1176.703221871144,9.445834423217342,181.74241583979344,10.776967984692277,1.443819367351445,1190.5644573828897,4.415401088528257,200.76774255055582,1400.163002110502,1404.5784031990304,4.415401088528257,1409.1221389303519,8.833987111768316,1431.6862585888132,14.267308038734026,7.140602726947582,13.973781989902909,1487.9302926278813,19.304111432615997,1515.9332366383126,47.30705544304725,28.00294401043125,22.92763223160785,1642.1738123338303
17,4.40364386298846,4.703616577280575,6.822784978785254,4.384647240851934,8.857459351444472,11.39508570460926,4.384647240851934,4.8300779354638745,4.384647240851934,9.543154193401172,4.384647240851934,4.384647240851934,49.67917114220055,15.664127552263356,8.865456844743132,4.384647240851934,4.868466972154646,4.706945067711523,54.31378763736953,19.958991562528386,8.974120460267027,16.927805911633936,4.735689152438531,14.346975097451384,4.783709213161031,8.586049370419621,96.15310950404336,18.578223074477364,4.486150568789327,4.344012097098101,8.865456844743132,4.867333248388842,4.676103585261731,25.173191446542546,23.349270484752694,17.172098740839242,7.891837120059003,109.7452459498583,32.962920437054336,17.518601089205966,4.061364293911896,50.34638289308509,25.173191446542546,25.173191446542546,27.547154480087325,4.2115133089857535,4.197562555107053,4.2257098529505965,5.970380713898815,23.724429855900183,16.43824266056759,5.022007165761301,8.291093432343304,4.802601710871172,172.22488344525462,4.478922140772115,6.391143694184599,125.86595723271273,4.059232432982744,25.173191446542546,25.173191446542546,40.25895778212299,8.887551851176134,10.365724035291757,62.84788380435589,8.586049370419621,8.273555762476022,178.6133271462424,17.393173652331757,4.059232432982744,1.327353571241506,201.38553157234037,8.118464865965487,64.29264204421833,67.29366048764209,17.05559848759384,16.859605132895645,270.8137484114003,226.55872301888292,12.177697298948232,105.59817529892607,5.817332751008327,3.03292220783416,287.05067814333125,251.73191446542546,25.173191446542546,5.799214846841659,4.059232432982744,4.375398563554911,4.578776073701936,118.64505972945415,414.4260172036681,302.07829735851055,11.141140888646403,8.119066059687444,8.87004375425839,446.9965215158231,327.2514888050531,8.343481732868131,17.260705415183168,461.39197316713495,369.6853856667788,24.469236023689067,25.173191446542546,467.64381379536474,394.85249144587726,46.33861649567862,8.586049370419621,5.14182509326752,4.761601121396273,50.34638289308509,25.173191446542546,25.173191446542546,25.173191446542546,935.6026589847162,75.51957433962764,25.173191446542546,75.51957433962764,50.34638289308509,24.162556912295003,959.5784663669667,125.86595723271273,155.3277178278733,4.166116751507122,1109.8489930586195,25.173191446542546,5.30146574080068,159.49472120689697,4.166116751507122,8.332233503014244,1147.076221024061,4.810317281789741,176.15918821292547,5.280893617782237,1151.4267410452699,8.979720581448873,180.3253049644326,10.372137216497402,1.362304336994724,1164.572578378226,4.166116751507122,198.55430138343243,1371.4591132646726,1375.6252300161798,4.166116751507122,1379.9285514753076,8.335636092753374,1402.9636380251202,13.48563241288883,6.579125086851947,13.828531270230037,1459.1469723623475,18.47016703112309,1488.016143016456,47.33933768523157,28.869170654108483,23.636862157863224,1616.7306841677678
18,4.217930620919191,5.131910884083404,6.494629697426937,4.19688687023068,8.491535085011673,10.863061855257111,4.19688687023068,5.418121711952138,4.19688687023068,10.685580813908524,4.19688687023068,4.19688687023068,49.93276748961083,14.931310672181448,8.358883245776912,4.19688687023068,5.699885334677352,5.1449867337439334,54.425464664646434,19.017457346928808,8.621681178593992,15.9865001537179,4.588725407814355,16.24399875682525,5.443800724336377,8.101552928636677,94.18618658867925,18.910127453176564,3.9645532169052333,3.7645324948348398,8.358883245776912,5.6964010977336414,4.499576646208024,25.30287598213918,25.698155430743036,16.203105857273354,7.469811620417762,107.0787757256367,33.790830107040804,15.927149119080575,3.3754866986667675,50.60575196427836,25.30287598213918,25.30287598213918,29.70075152664743,4.018255374016183,4.0025243483589215,4.030743301544895,5.714193328804392,22.44754731286676,15.535370476834961,4.822619560900498,7.833345073600557,4.613431527149319,167.68678885541846,4.308444438328653,6.098333880588452,126.51437991069591,3.372554604907082,25.30287598213918,25.30287598213918,41.842712855959405,8.50481067929504,9.906176352282642,59.63502932920839,8.101552928636677,7.817375499735789,173.78169787835319,16.626270716314536,3.372554604907082,1.1028125324030766,202.42300785711345,6.745109209814164,64.8445308214203,63.89172265143177,16.09733201994234,15.918928428372466,264.564758840832,227.72588383925262,10.117663814721245,100.10701144816966,5.5666445473872885,2.798056929440371,278.0549772604603,253.0287598213918,25.30287598213918,5.370277864971709,3.372554604907082,3.75089834636905,4.004004330436924,112.45003879501277,398.0709658214998,303.63451178567016,10.247460314733914,6.745813396861184,7.651718903870331,426.546363592652,328.93738776780935,7.87663626018685,17.349627257715206,440.0589670336678,371.5898910076637,24.563782538718414,25.30287598213918,445.90555847187613,396.8862118932806,46.36551735120048,8.101552928636677,4.655514873624105,4.1095772306952485,50.60575196427836,25.30287598213918,25.30287598213918,25.30287598213918,913.5911140185626,75.90862794641754,25.30287598213918,75.90862794641754,50.60575196427836,24.24377841346179,937.6044819138975,126.51437991069591,155.88491736330894,3.9616604322032476,1088.593923517166,25.30287598213918,5.128804105873683,159.84751721499552,3.9616604322032476,7.923320864406495,1125.4039013374952,4.6372654808804,175.6941589438085,5.110207308088195,1129.559586093116,8.602328168869706,179.65581937601175,10.04762141854848,1.295447897982811,1142.1235746941888,3.9616604322032476,197.15436922042164,1347.201264779017,1351.1629252112202,3.9616604322032476,1355.2718282610042,7.926973560234046,1379.0755207748462,12.789473285336083,6.20093017152838,13.92901367364485,1435.8564795663845,18.053574010026516,1465.9189513989418,48.11604584258391,30.062471832557392,24.61388695035751,1598.773827856998
19,4.048475805654061,4.984752510630544,6.20620511679874,4.025253004128779,8.158493117978985,10.384364733229765,4.025253004128779,5.283922830717881,4.025253004128779,10.482628847822673,4.025253004128779,4.025253004128779,48.249441904613526,14.26278510089688,7.916035030808068,4.025253004128779,5.7163617695226385,4.996618523646532,52.61559089008016,18.15146039539804,8.303094620990644,15.163253214096333,4.460839854714203,15.995832615967089,5.348784091819146,7.6571326069317305,90.50894935200762,18.480064227762455,3.6600111365151413,3.454521250943422,7.916035030808068,5.711446566225229,4.338023015295764,25.28682503939833,25.157574582906957,15.314265213863461,7.079125535622343,102.78095406762718,33.07503216666933,14.884695603983939,3.0454398337341164,50.57365007879666,25.28682503939833,25.28682503939833,28.98244998591059,3.8402744568621463,3.822879912362569,3.8302124480691493,5.489828528165752,21.266892493703786,14.703410966618026,4.631516650046462,7.411923450571043,4.434587346105787,160.93573149443677,4.150978149882803,5.840143846337445,126.43412519699164,3.042275491688555,25.28682503939833,25.28682503939833,40.60012115190838,8.14598401527063,9.494303779765398,56.66176783170836,7.6571326069317305,7.3972994695650245,166.77526822212778,15.943178891588705,3.042275491688555,0.9948125181947369,202.29460031518664,6.08455098337711,62.65497179015445,60.74553505845967,15.21774331586929,15.054432076496756,253.93566221907042,227.58142535458498,9.126826475065664,95.04183458941702,5.325769514757813,2.5784146236847256,266.10476418582465,252.86825039398332,25.28682503939833,5.016993723589005,3.042275491688555,3.4413488388596543,3.702074040322227,106.6456262221996,379.69166941502596,303.44190047278,9.568914541629528,6.085315905221927,7.036052454734559,405.90563154205785,328.7287255121783,7.435160355450428,17.338621478218627,418.60575809533447,371.3541720297953,24.538972420432557,25.28682503939833,424.067164336896,396.6340286678485,46.21622023626048,7.6571326069317305,4.340211579310417,3.8062442742150675,50.57365007879666,25.28682503939833,25.28682503939833,25.28682503939833,889.7768582053411,75.86047511819498,25.28682503939833,75.86047511819498,50.57365007879666,24.20640889306318,913.6930828730502,126.43412519699164,155.6978802104013,3.7849223205430462,1064.53411043533,25.28682503939833,5.059975603612768,159.4837940316718,3.7849223205430462,7.5698446410860925,1101.096995029218,4.492203027026041,174.623483313844,5.036058667770874,1105.0854354406629,8.28067479322075,178.40840563438704,9.845494663726498,1.2376552074779543,1117.1510325544266,3.7849223205430462,195.5105339944177,1320.2314111899304,1324.0163335104735,3.7849223205430462,1327.9594030076187,7.573769155764297,1352.7477512828327,12.500848557260785,6.267817412610932,14.392137247626044,1411.0101636580912,18.47225388792291,1442.3795902284628,49.84168045829445,31.369426570371537,25.683966494879613,1580.64409032238
20,3.894547287348767,4.881700449988244,5.946564490857414,3.8681735952423133,7.859191009521336,9.954598955886844,3.8681735952423133,5.166993476978228,3.8681735952423133,10.419985994303147,3.8681735952423133,3.8681735952423133,46.85252778112989,13.667586227259525,7.516825531399636,3.8681735952423133,5.888767216969715,4.892103417382754,51.135218289526186,17.380099882333298,8.025333480335137,14.421253852532052,4.369005704692003,15.984804180997763,5.312232241653188,7.461054442828393,87.35569615758949,18.282784153866462,3.702158970767509,3.5195246003089107,7.516825531399636,5.881940585009403,4.205133681200898,25.231399401675663,24.935041961927894,14.922108885656787,6.91409929909658,99.0728802706449,32.81040075034662,14.607063687468067,3.1406075197682206,50.462798803351326,25.231399401675663,25.231399401675663,28.61164677761952,3.6893087885538045,3.6678374512530585,3.63543672545397,5.290558664586041,20.75476545597371,14.344270691442835,4.514040641493713,7.22953172659234,4.305942338302387,156.45674473129836,4.026862350282278,5.607858890970975,126.15699700837831,3.13757066028204,25.231399401675663,25.231399401675663,39.786979744194255,7.827885374212431,9.132229482968166,55.20387087802909,7.461054442828393,7.215670152931183,162.120870976224,15.346128600307406,3.13757066028204,1.0259736759857625,201.8511952134053,6.27514132056408,61.011026148710066,59.12571698467317,14.831359153067014,14.676724595759577,247.08017858386205,227.08259461508098,9.412711980846119,92.49541053321174,5.218164159877494,2.523722817218082,259.6304612249902,252.31399401675665,25.231399401675663,5.025636222102191,3.13757066028204,3.554956014332557,3.814787481053946,103.73111880354728,370.4632529855438,302.77679282010797,9.632185676302463,6.275980979955001,7.2607008698579545,397.2703379591565,328.00819222178364,7.251949426514939,17.300617333721846,409.7694864254562,370.54020895718116,24.495971178794363,25.231399401675663,415.19171635049884,395.7644156237549,46.1090502409605,7.461054442828393,4.41348447995079,3.9511620579797313,50.462798803351326,25.231399401675663,25.231399401675663,25.231399401675663,879.837601244796,75.69419820502699,25.231399401675663,75.69419820502699,50.462798803351326,24.132518942407795,903.6543245444205,126.15699700837831,155.15372050380574,3.6026147223145903,1054.1344900994131,25.231399401675663,4.866693876848862,158.75737964930283,3.6026147223145903,7.205229444629181,1090.206541518311,4.324369241978092,173.1678385385612,4.844053615357485,1094.0228494488279,7.930685969282292,176.7704532608758,9.472686220621561,1.1780413160420335,1105.5561501404247,3.6026147223145903,193.20761598759577,1305.9689955726496,1309.5716102949643,3.6026147223145903,1313.3430013717493,7.2094115018098,1339.3012256466384,12.180099883770096,6.434431673231182,15.000424397931193,1399.3662250449595,19.126892847637613,1432.2507001615793,52.01136796425744,32.884475116619825,26.924424493455525,1576.9554428525319
21,3.7528381075013915,4.865412337568519,5.72487007167766,3.724231998152155,7.581806004660725,9.59248623380923,3.724231998152155,5.133196994640469,3.724231998152155,10.667495221327538,3.724231998152155,3.724231998152155,45.942389041188974,13.165794993016792,7.168698413155764,3.724231998152155,6.387956718627693,4.877319958373307,50.13952571916789,16.731812764414627,7.7629608521255165,13.776092973535981,4.2705236275559635,16.563557180589747,5.47796289847424,7.131505587268802,84.93567035021691,18.420997101994587,4.204687382921033,4.103044847211033,7.168698413155764,6.378548889756942,4.089328546989337,26.127050089582546,25.533237965427773,14.263011174537604,6.639450527258566,96.17482775001785,33.23216878702898,15.358450613748293,3.8721379030985332,52.25410017916509,26.127050089582546,26.127050089582546,29.158256440746843,3.6498770905054947,3.6214725506937535,3.615263347277533,5.123276096505236,19.92359361325221,13.743226246247499,4.440759324465773,6.923391186850017,4.240986118733946,155.1857184145847,3.915170720185633,5.410961637181826,130.6352504479127,3.8701794020508222,26.127050089582546,26.127050089582546,40.21319728845308,7.707013011991766,8.830742455196162,53.26168852670526,7.131505587268802,6.910917414409418,160.6980525568636,14.833062245216333,3.8701794020508222,1.265533948959585,209.01640071666034,7.7403588041016445,60.97034237629063,57.12459780847163,14.18152333660888,14.04242300167822,246.23055051445462,235.1434508062429,11.610538206152466,89.15446767301228,5.098301337487309,2.6966180566287883,261.7112681226579,261.2705008958254,26.127050089582546,5.226814484551088,3.8701794020508222,4.192558069277652,4.377146463112307,100.49470948628118,370.4676250020915,313.5246010749905,10.15607361651767,7.7410494057760975,8.489650598380338,401.1078973183054,339.6516511645731,6.95828000028116,17.914745371944438,413.4532664023027,383.69344662610007,25.406549245316246,26.127050089582546,418.96620335621304,409.8127497984924,47.847821652563866,7.131505587268802,4.794077594501362,4.685206120358977,52.25410017916509,26.127050089582546,26.127050089582546,26.127050089582546,900.5988587835684,78.38115026874763,26.127050089582546,78.38115026874763,52.25410017916509,24.972590611637614,925.2023503599894,130.6352504479127,160.27374245954104,3.4627445377847947,1080.9864887355209,26.127050089582546,4.668149745894898,163.73760992909308,3.4627445377847947,6.9254890755695895,1117.6843823975335,4.188513547295114,177.58858808023226,4.647704128844467,1121.3760787136107,7.655111903957831,181.05133261801706,9.10093389872532,1.132304297526587,1132.4939351553533,3.4627445377847947,196.9728682311203,1336.392292462043,1339.855036999828,3.4627445377847947,1343.4997416604197,6.929995843940262,1370.889164229494,11.778446684935172,6.573221855769339,15.711750212056998,1433.139876233212,19.82390899295771,1467.9003913399376,54.584424099683446,34.76051510672574,28.46044709625454,1620.466292749327
22,3.6230328990124647,4.705693514885757,5.5433529115125095,3.5921515854623776,7.3283528117875285,9.274120929246019,3.5921515854623776,4.942261371945449,3.5921515854623776,10.194396779954523,3.5921515854623776,3.5921515854623776,44.24997123485716,12.704730893454736,6.886054725995196,3.5921515854623776,6.011163250339363,4.714885238256026,48.352490997977554,16.122349699574745,7.524885345503907,13.252250307788401,4.185022564106969,15.780989859725956,5.205189304162742,6.845898633908539,81.89719233148801,17.72056552460493,4.821734413761184,4.800146855764655,6.886054725995196,6.000451798064125,3.9788821109653503,27.962550688582365,24.3282994158183,13.691797267817078,6.388629290896953,92.7307585204228,31.955525049430623,16.40170481213319,4.717952848283851,55.92510137716473,27.962550688582365,27.962550688582365,27.713056705154965,3.4022704363052485,3.3767418695638614,3.4612676860656197,4.986338739761808,19.15782062691876,13.208896796795479,4.267338362585199,6.6528983860984665,4.058945371833538,152.1328260363549,3.803693785257761,5.24851006663127,139.81275344291183,4.717096541002395,27.962550688582365,27.962550688582365,38.05510394727493,7.413669318208337,8.561250977229086,51.126284040122826,6.845898633908539,6.641294098313901,157.53969524201221,14.390849782094325,4.717096541002395,1.542472633179491,223.70040550865892,9.43419308200479,58.16608332265187,54.769317856709435,13.61647174145028,13.48719273222244,241.22833752479102,251.66295619724127,14.151289623007184,85.45420863271374,4.92427226770284,2.8616220572968536,260.0967236888006,279.62550688582365,27.962550688582365,5.496697435795133,4.717096541002395,4.926886546441974,5.027405964929371,96.72775536757159,366.40314691796755,335.55060826298836,10.821322102865658,9.434693940320257,9.907607251190552,401.52949249666864,363.51315895157074,6.7110599316348925,19.173307886594507,413.83491552038254,410.6490175267476,27.24418602038746,27.962550688582365,419.50495494714505,438.60299870280096,51.361626848793065,6.845898633908539,5.249921739100358,5.621123251523263,55.92510137716473,27.962550688582365,27.962550688582365,27.962550688582365,935.356095434843,83.88765206574709,27.962550688582365,83.88765206574709,55.92510137716473,26.750586559176703,961.633396291999,139.81275344291183,171.60551151223558,3.35641366440749,1128.326706469609,27.962550688582365,5.045237742096729,174.9631128255801,3.35641366440749,6.71282732881498,1167.9473833742597,4.253094117803635,188.38876748321007,5.017346017563027,1171.544924039197,7.613496126261968,191.74518114761756,9.761304668941683,1.0975345062321071,1182.5148338298663,3.35641366440749,208.95820904594424,1398.1858702046256,1401.542283869033,3.35641366440749,1405.09467213084,6.71768311314673,1434.5253898020865,12.081216564495776,7.412940536829038,17.102769390528632,1500.8996931070642,21.911932872474218,1538.0900104570176,59.10225022242757,37.190317349953354,30.449866930380065,1702.022762309732
23,3.5041846382213633,4.423281741447017,5.38128124097197,3.470781887068632,7.097501697651742,8.993942117761366,3.470781887068632,4.703326877276261,3.470781887068632,9.601044459594618,3.470781887068632,3.470781887068632,42.478169774624064,12.30308768949008,6.631048529380721,3.470781887068632,5.6719737861240604,4.4320596215946,46.4560371775858,15.5927615394592,7.311275807739358,12.780237080892007,4.115897795433481,14.85421772986981,4.888585746490192,6.50088295301879,78.89669649922865,17.098575568281277,5.5587964212544065,5.6075977429257104,6.631048529380721,5.659860283926114,3.888010780177775,28.489462885497872,22.956484629164077,13.00176590603758,6.067230471194605,89.37034666210646,30.83367390732797,17.703480828640348,5.657887005267904,56.978925770995744,28.489462885497872,28.489462885497872,25.901549315045706,2.9652577484360743,2.940794777433892,3.185132349515879,4.868219363669155,18.177790748477662,12.543983884016885,3.9589023895586664,6.31836211853773,3.733537671014111,149.70177724420438,3.7140362237966897,5.104074087997272,142.44731442748935,5.658024845304313,28.489462885497872,28.489462885497872,34.961181215381075,6.907960636092288,8.335016306467995,48.14736931820955,6.50088295301879,6.307340928047048,155.0238502417689,14.006927053556563,5.658024845304313,1.8501526110120572,227.91570308398298,11.316049690608626,54.26101508721677,51.405110378832966,12.93084722902838,12.808223881065839,236.10764158032316,256.40516596948083,16.97407453591294,80.33089933719405,4.638349556782585,2.99939023382635,258.7397409615404,284.8946288549787,28.489462885497872,5.752865417357237,5.658024845304313,5.716462223135068,5.712810579860745,91.29003679289633,361.0070822499464,341.8735546259744,11.470734692880983,11.316271422537357,11.425407757197505,400.94011759674095,370.36301751147226,6.407818350462813,19.53460002668486,413.1312168877172,418.387080423655,27.803787501546545,28.489462885497872,418.93648558503463,446.8676410878009,52.47721592571773,6.50088295301879,5.710506363008834,6.49044965869531,56.978925770995744,28.489462885497872,28.489462885497872,28.489462885497872,945.6490672739396,85.46838865649362,28.489462885497872,85.46838865649362,56.978925770995744,27.26991428182212,972.387803040634,142.44731442748935,174.71572249892927,3.253431347724253,1142.2005577514717,28.489462885497872,5.001563235521294,177.97041547095236,3.253431347724253,6.506862695448506,1182.596521277246,4.1900621959328515,190.98414086184937,4.973642800197438,1186.1054275898791,7.447635066755231,194.2375722095736,9.672131209648548,1.0638596802444327,1196.8064940043587,3.253431347724253,211.5797694604533,1414.8931261602604,1418.1465575079847,3.253431347724253,1421.6106153320225,6.512079177732403,1453.0443121548658,12.53668132773118,8.40878518706458,18.571700037048572,1523.6571328251673,24.256999586315832,1563.1615721306891,63.7614388918377,39.50443930552186,32.34457261263261,1738.2764622462032
24,3.395361002197493,4.309733619723131,5.223864931684999,3.359086101751806,6.887685179261327,8.73587120942712,3.359086101751806,4.60327424599012,3.359086101751806,9.371531165037707,3.359086101751806,3.359086101751806,41.291043195138315,11.947928938172103,6.382396525555648,3.359086101751806,5.5706973612958315,4.319134960889469,45.17634536251067,15.131949298878537,7.1213988260844605,12.319854829855826,4.064641243462934,14.532047970086124,4.776973469823769,6.292453303384503,76.60314003585306,16.756081702614658,7.0612658564198565,7.301613186677531,6.382396525555648,5.556806407571965,3.8166306381464077,29.282653198436105,22.418234310639477,12.584906606769007,5.910219703879453,86.73882710085195,30.266999207767608,20.66287086883847,7.746372899339615,58.56530639687221,29.282653198436105,29.282653198436105,25.366439593225486,2.975574732409227,2.9579647959158484,3.405848523042435,4.755529503418951,17.702556979984955,12.181440392056999,3.9984199952961132,6.131750280283562,3.7809916743435164,151.36368408109598,3.649792697884242,4.964480661551324,146.41326599218053,7.749720257865838,29.282653198436105,29.282653198436105,34.44357080601526,7.129379136925641,8.13651378593299,47.25578230717261,6.292453303384503,6.122038645805533,156.5989513051034,13.65804922340302,7.749720257865838,2.53412905770518,234.26122558748884,15.499440515731676,53.96644677143492,50.557621837900776,12.52249222061208,12.414491949190037,240.47366455640736,263.54387878592496,23.249160773597513,78.72381026951001,4.6313284200104015,3.619025806058687,271.4725455878707,292.82653198436105,29.282653198436105,6.515605085186835,7.749720257865838,7.4676676075863675,7.248361461066791,90.75753043151619,376.4687285921834,351.39183838123324,13.229274050857324,15.498978346084424,14.803381073064466,427.4047084006405,380.67449157966934,6.265256639372709,20.078473232387754,440.10541548188706,430.0356180104932,28.651379158577196,29.282653198436105,446.47515618341936,459.30902647568473,54.20924997857517,6.292453303384503,6.824881554497991,8.237009794149913,58.56530639687221,29.282653198436105,29.282653198436105,29.282653198436105,991.0208335849275,87.84795959530831,29.282653198436105,87.84795959530831,58.56530639687221,28.040080646451173,1018.4852752515249,146.41326599218053,179.39845617196013,3.1630964048848034,1193.0138729502305,29.282653198436105,4.948156396573013,182.56286982733957,3.1630964048848034,6.326192809769607,1234.348565936553,4.129229390870252,195.21525544687879,4.920441694592382,1237.7777001523746,7.296639117317531,198.3783518517636,9.566492493577279,1.0343204974148028,1248.237435674577,3.1630964048848034,215.69377826632493,1470.2574067506716,1473.4205031555564,3.1630964048848034,1476.8097042216104,6.331789073658515,1510.4476430256818,12.899317078692302,9.37064026209352,20.112733631706426,1585.559766122215,26.613005687089384,1627.6598385083496,68.7130780732239,42.10007238613451,34.46976775848276,1815.0428291123253
25,3.296465358208314,4.642655095134254,5.0784584177863055,3.25612984522341,6.701079970296735,8.512162385992491,3.25612984522341,4.914822488598432,3.25612984522341,10.072708946377471,3.25612984522341,3.25612984522341,41.53167267135222,11.658682575718007,6.147722448303217,3.25612984522341,6.014238270796394,4.65411670055224,45.54863474619854,14.763655625489001,6.963996743886785,11.886305460258487,4.050201327764451,15.687188816212139,5.1608795791591895,6.2863055293456025,76.09685393513291,17.027657268309994,7.915210584216547,8.375487486869485,6.147722448303217,5.99773440601235,3.778242390854356,28.998057919576215,23.88134136803796,12.572611058691205,5.942763814281113,85.9319323268881,30.929655117925392,22.366599904062927,9.236610399827189,57.99611583915243,28.998057919576215,28.998057919576215,26.884902765035818,3.0476981990631993,3.026619599905095,3.5899669828897456,4.65100306300104,17.79226963370226,12.210063740399114,4.149465373414449,6.142166962531858,3.929258984092142,154.23452797919538,3.6277869074968527,4.836946419459515,144.9902895978811,9.243182889205599,28.998057919576215,28.998057919576215,36.2134923606537,7.189714961472616,7.964237641738446,47.81355342240365,6.2863055293456025,6.133437384306173,159.38386758054793,13.375515249459283,9.243182889205599,3.0224856595881437,231.98446335660975,18.486365778411198,55.584002685405764,51.2326234467451,12.516731519163743,12.419742913651776,246.42596098692295,260.982521276186,27.729548667616797,79.50886157035545,4.764771939350107,4.111719875997201,283.39869254374537,289.98057919576223,28.998057919576215,7.165366918583851,9.243182889205599,8.75036790974063,8.396217274337598,92.56161103984596,392.60386970228353,347.97669503491466,14.681283405983905,18.48548465182534,17.290763094046955,451.7063940610221,376.9747529544909,6.304745619054816,19.883332489848843,465.02324583061136,425.856143363916,28.428475798823865,28.998057919576215,471.9116048338026,454.84509995581016,53.911769572855036,6.2863055293456025,7.703947272638667,9.475013354570258,57.99611583915243,28.998057919576215,28.998057919576215,28.998057919576215,1014.4391776648296,86.99417375872865,28.998057919576215,86.99417375872865,57.99611583915243,27.760107245610754,1041.6469753961273,144.9902895978811,177.65869820397796,3.060766761705618,1214.4860055096822,28.998057919576215,4.911380670050782,180.72085092779477,3.060766761705618,6.121533523411236,1255.2682261430864,4.06300257586945,192.96391797461723,4.88337156781574,1258.6087403401928,7.128285140623696,196.02468473632285,9.488187659747865,1.0008590931813046,1268.797792242522,3.060766761705618,213.03975928846864,1487.9590850544018,1491.0198518161073,3.060766761705618,1494.3046495758394,6.127459545358338,1530.021682124977,13.082649985920723,10.200635273810141,21.525730252395118,1609.2022010638939,28.70862666126689,1653.7743397644952,73.28076536186813,44.57213870060124,36.493791635726765,1852.6931741632925
26,3.205524729749048,5.624151085305019,4.94783687203338,3.161071012201969,6.530579717629488,8.301518118709458,3.161071012201969,5.865286683516152,3.161071012201969,12.208315743011479,3.161071012201969,3.161071012201969,43.909761795305684,11.37900645882915,5.9317632344439986,3.161071012201969,7.341541776162243,5.641515649070335,48.27467361457116,14.401371254316906,6.823430918424069,11.493239750777228,4.0458693961377,19.127465168685607,6.321739592129382,6.3999286994828655,77.99237993739271,18.209875729933152,7.961518977133227,8.650664588400964,5.9317632344439986,7.321070480322154,3.7406256165302483,29.873476906759404,28.403439329093082,12.799857398965731,6.095096285588872,87.54555160929701,33.390019667145744,22.483934070524818,9.899584453987474,59.74695381351881,29.873476906759404,29.873476906759404,31.61138529341847,3.284426249759635,3.2469170696551837,3.819443523063294,4.5678797531271025,18.24349067261375,12.478222561302877,4.43291071782798,6.2722931603730725,4.213492018075866,158.93187393307426,3.6054988765408105,4.721268129176508,149.367384533797,9.908926984253075,29.873476906759404,29.873476906759404,41.749891388011555,7.326577689908881,7.835169389916258,49.503415251270454,6.3999286994828655,6.264548558473388,164.0065401175876,13.11730421723791,9.908926984253075,3.2401814473223,238.9878152540752,19.81785396850615,60.98831380567754,53.18589782565705,12.750443185859194,12.664477257956253,256.94452172044964,268.8612921608346,29.726780952759224,82.1987963904603,5.023311503573698,4.456173678686436,296.5802296574619,298.73476906759396,29.873476906759404,7.61033851669591,9.908926984253075,9.43420314825973,9.054285597968786,96.22187521131372,410.78173191152143,358.4817228811128,15.640636406401205,19.817034784539644,18.629900946158347,474.19941130270564,388.35519978787215,6.443125890623286,20.483588094495364,488.0650086790882,438.71226478912695,29.32595085414654,29.873476906759404,495.33613782955354,468.5764386824692,55.70797806042023,6.3999286994828655,8.251939036305995,10.33248465127632,59.74695381351881,29.873476906759404,29.873476906759404,29.873476906759404,1055.7267484027211,89.62043072027821,29.873476906759404,89.62043072027821,59.74695381351881,28.593891684550847,1083.7700107054952,149.367384533797,182.82814926972952,2.9428663016334555,1261.8359698655133,29.873476906759404,4.8700401160952556,185.77244301681762,2.9428663016334555,5.885732603266911,1303.4562918112463,3.9584232069097673,197.54390822335145,4.841235592951393,1306.6890104838958,6.9056880922471375,200.4867745249849,9.395025816012176,0.9623060910284302,1316.5375648777765,2.9428663016334555,217.36943341155114,1539.7927308925946,1542.7355971942281,2.9428663016334555,1545.8633461806967,5.891781461090969,1583.4960456093233,12.916007967006557,10.748514130857401,22.70744711863982,1666.0439361987535,30.277246279408526,1712.9683717025373,77.20168178319226,46.92443550378373,38.41975327686223,1922.4386777701593
27,3.1200086672214824,5.923391465152491,4.858787394545456,3.0731506422205648,6.366123388195428,8.156722061470749,3.0731506422205648,6.132863432239029,3.0731506422205648,13.047796428775618,3.0731506422205648,3.0731506422205648,44.34371547438928,11.17780122381451,5.75930139212881,3.0731506422205648,8.047551909646,5.9484827267038956,48.65023821405553,14.138098952172326,6.675856780858634,11.191450747940483,4.009144740861415,20.63183342156338,6.862031153552374,6.5776338215424985,77.75622360476035,18.73144948781095,7.450202082345258,8.040692472132406,5.75930139212881,8.02416609709894,3.7055959765350917,30.11388281121583,30.38623057798867,13.155267643084997,6.404744026063134,87.09041453002041,34.5603253447374,21.201963218651247,9.329024419375116,60.22776562243166,30.11388281121583,30.11388281121583,35.03650542526483,4.745127666267013,4.737844317048465,5.017604125210196,4.512273045597118,19.20709965927601,12.972494567343785,5.5122251878471555,6.504527009392171,5.388041511503461,157.67709632629226,3.573300823134138,4.644420665533257,150.56941405607915,9.33980907573337,30.11388281121583,30.11388281121583,49.39871162776267,9.393660679826828,7.738186468993255,54.76396893728799,6.5776338215424985,6.500191671665716,162.68917899134237,12.927683703833832,9.33980907573337,3.0540820551827768,240.91106248972665,18.67961815146674,71.03766943809173,59.83727832345845,13.126178476428876,13.077825493208215,264.55036649402666,271.0249453009425,28.01942722720011,91.06287836211229,5.829300267312558,4.857358008784811,301.90960279696014,301.1388281121583,30.11388281121583,7.699279956552114,9.33980907573337,9.238542346134151,8.988559248499625,107.4339603227033,427.23929280658786,361.36659373458997,15.780915507625622,18.67960907622791,18.272783140393493,489.1741081815021,391.4804765458058,6.618394319592633,20.648429151923658,503.31881395356766,442.2427885089453,29.57730618719513,30.11388281121583,510.7053312729993,472.3474307625062,56.24297214400194,6.5776338215424985,8.281151808924017,10.398982789430264,60.22776562243166,30.11388281121583,30.11388281121583,30.11388281121583,1076.0432297769469,90.34164843364749,30.11388281121583,90.34164843364749,60.22776562243166,28.820409286491163,1104.3388421467316,150.56941405607915,184.10452086460376,2.6526706973358833,1283.85498412637,30.11388281121583,4.718159225667491,186.75859244104677,2.6526706973358833,5.305341394671767,1325.4315058646707,3.7196290842339437,197.36927523039031,4.686684703613241,1328.3767268517604,6.375784915944272,200.0219459277262,9.058926036577773,0.8674132318284637,1337.4051824650405,2.6526706973358833,216.33863075576707,1559.0491546154794,1561.7018253128153,2.6526706973358833,1564.5528203592921,5.310170160262041,1604.9768313585616,12.863757991851886,11.856149224071949,24.60246732325748,1692.6867747223544,33.08122801934377,1742.9304927710377,83.3249460680272,50.243718048683434,41.137442153928404,1967.8803170903602
28,3.041529002009329,5.472127974769512,4.775229449774239,2.9916846897864384,6.217395234820932,8.001385516265016,2.9916846897864384,5.684279363354186,2.9916846897864384,11.975409378030852,2.9916846897864384,2.9916846897864384,42.208959020105375,10.949491539871518,5.683870281050159,2.9916846897864384,7.390079375382966,5.493073028768901,46.37787295144579,13.828973650973118,6.548655354220819,11.0113101931061,3.9929509350780106,18.95339744139806,6.26170552338656,7.091970379712809,74.93733172073394,17.930550233958424,6.689044682776599,7.1414922489675625,5.683870281050159,7.366026569212718,3.6512613727424665,29.220106839836113,28.027151266417896,14.183940759425617,6.908616070218919,84.13817713590699,33.00249627286773,19.45815281322645,8.131216562295169,58.440213679672226,29.220106839836113,29.220106839836113,32.67106858496215,4.741429949095704,4.750169583486077,4.860732416741502,4.462060692589225,20.695351513032236,13.99036958909915,5.830334882751703,7.015184470999339,5.66215558783574,150.12670633578034,3.5064480813041126,4.5697060320415295,146.10053419918057,8.139492346801443,29.220106839836113,29.220106839836113,46.93670037008992,9.181595472721632,7.599606633197947,58.563970475356356,7.091970379712809,7.010561298316087,155.08196626191528,12.708697018300917,8.139492346801443,2.661583048763972,233.7608547186889,16.278984693602887,67.9037319000642,63.77822768212032,14.153861430409687,14.102531678028896,251.70669497712055,262.980961558525,24.41847704040433,97.17322158487517,6.242445329971154,4.487824647608262,284.26466436432634,292.2010683983611,29.220106839836113,7.459982504924989,8.139492346801443,8.10894379205581,8.009895067193533,113.26066464370076,413.2518703577158,350.6412820780333,15.095239364064046,16.27910111292705,16.14426964505958,468.858978783583,379.8613889178694,7.087194112298956,20.035586565717793,483.32626072054177,429.11708232342335,28.68511372140855,29.220106839836113,490.6398793770324,458.3285405407192,54.57823941745157,7.091970379712809,7.7241494273837965,9.415123284638465,58.440213679672226,29.220106839836113,29.220106839836113,29.220106839836113,1039.047882067321,87.66032051950833,29.220106839836113,87.66032051950833,58.440213679672226,27.95533603909654,1066.5657395311327,146.10053419918057,178.37915121765496,2.2400957496413167,1240.7938065092426,29.220106839836113,4.326754570248674,180.62065216420973,2.2400957496413167,4.4801914992826335,1280.6186780850928,3.358992196772741,189.581035162775,4.295174241856587,1283.1532993954831,5.603156110620986,191.82113091241632,8.274229628754835,0.7325027926583775,1290.9965512557455,2.2400957496413167,206.76447501954067,1502.241217774569,1504.4813135242102,2.2400957496413167,1506.9103135080056,4.483722106352637,1547.8099190408527,11.890105570706744,11.94346175176468,24.80337619602951,1635.5124277134191,33.3464478593027,1686.5214546192494,84.35547476513293,51.00902690583022,41.76404484304986,1914.6590280390926
29,2.9690876393612737,5.331887208126587,4.625425778255389,2.916056609353081,6.08133140375581,7.659665960709496,2.916056609353081,5.689151912685325,2.916056609353081,11.770017848353685,2.916056609353081,2.916056609353081,41.44410287529148,10.403209105977087,5.516872755087501,2.916056609353081,7.353479427853404,5.35341693292643,45.34588290045495,13.077892317269104,6.435872061498861,10.687219609337934,3.9879079138330114,18.646313060240267,6.130582379814939,7.875234032095989,72.66646100087266,17.77605015717022,6.376836129917285,6.774891691899715,5.516872755087501,7.327862946928908,3.44565662777893,26.496300329534623,27.38097155368686,15.750468064191978,7.709215612933753,81.5242595445003,32.38733311577366,18.62013423750362,7.644622398560433,52.99260065906925,26.496300329534623,26.496300329534623,32.618995347507116,5.353009410837308,5.3893255349971145,5.314668981736054,4.318387077925539,23.086677313942648,15.575294772567307,6.640149969388229,7.806079872362556,6.457347730339879,145.44609673505278,3.244080192135466,4.420639385543534,132.48150164767313,7.651884029009378,26.496300329534623,26.496300329534623,48.57095565155726,9.988982566934563,7.1244990513857225,65.69631485771846,7.875234032095989,7.801892953932473,150.30273169432417,12.147939502102364,7.651884029009378,2.502136982869988,211.97040263627702,15.303768058018756,69.93105292819607,71.64670349059328,15.723500012400574,15.677126986028462,247.60973291985266,238.46670296581163,22.955652087028135,108.90992940757445,7.070636268595291,4.560457572901596,278.2172690358902,264.96300329534625,26.496300329534623,7.696113291303794,7.651884029009378,7.67578512557051,7.690955776626229,126.25366501042578,419.4320795000454,317.9556039544155,15.413163693903403,15.303983003692965,15.376614422033311,473.1934783637581,344.4519042839501,7.838356201244906,18.167932165118167,488.7170410312264,389.11613677860294,26.016424872577247,26.496300329534623,496.39007366525203,415.6051132389794,49.61266373276822,7.875234032095989,7.723099234170153,8.875165644907403,52.99260065906925,26.496300329534623,26.496300329534623,26.496300329534623,996.9554269473442,79.48890098860387,26.496300329534623,79.48890098860387,52.99260065906925,25.337126222857087,1022.009653778447,132.48150164767313,161.64143492922003,2.1647411716696108,1180.0620063554188,26.496300329534623,3.825502004011579,163.8073891262644,2.1647411716696108,4.3294823433392216,1215.8269946438995,3.1555957408107496,172.46635381294286,3.800995862281664,1218.2393101646117,5.325862599290383,174.63109498461247,7.356403681605231,0.7078621321809375,1225.7299139355716,2.1647411716696108,187.84919710597435,1417.908593384885,1420.0733345565548,2.1647411716696108,1422.4563385029674,4.333098463148404,1464.0202637148884,11.914186002323163,12.21135247647404,24.886896967222235,1553.352138604629,33.754665163002045,1605.8829305248241,86.2854570831972,52.530791920195156,43.01000200310023,1840.2399734515118
30,2.9016713260153364,5.2376036868350315,4.347994334243457,2.8457106744305416,5.954601813495852,6.92391564424086,2.8457106744305416,5.729061203926996,2.8457106744305416,11.694815274743442,2.8457106744305416,2.8457106744305416,40.883424951051545,9.143810189439375,5.302048310533878,2.8457106744305416,7.421593256411155,5.2608836235918055,44.45645890176862,11.331530452105989,6.330516524554943,10.237898184637254,3.9761290156892897,18.56767816218914,6.084741784958229,8.960974146453097,69.19068855889037,17.726952351838555,6.8275380736598,7.288339554634874,5.302048310533878,7.394341420663805,3.000412627490258,24.76602427035812,26.747392671388607,17.921948292906194,8.78805168658256,77.38371683099234,31.59048422742683,19.378254774215563,8.29051417585406,49.53204854071624,24.76602427035812,24.76602427035812,32.556222987911966,5.943766700569472,6.005101336911253,5.881353502303769,3.929319555583019,26.30287484215589,17.73969112068649,7.563987135739616,8.889536378627378,7.341875906828115,141.74372177255245,2.789561333485908,4.124762565229709,123.83012135179061,8.298888410460819,24.76602427035812,24.76602427035812,50.14427287806869,10.845601803687314,6.170289537129515,74.77767304265711,8.960974146453097,8.885158195421468,146.54772652013426,11.107204427852542,8.298888410460819,2.7137049555119037,198.128194162865,16.597776820921638,71.57966963418708,81.48967913255008,17.89444050352656,17.846132341874565,245.53796757492066,222.8942184332231,24.896665231382457,123.83152427803249,8.07690550413658,5.0301721028032,278.73352121676396,247.66024270358122,24.76602427035812,8.579551379050564,8.298888410460819,8.280573014527864,8.330550764045023,143.28367121454716,438.16829420063027,297.19229124429745,17.114640963922874,16.5978948973045,16.631396816788197,496.7780915325609,321.95831551465557,8.914236890886816,16.981519810220206,514.2893266091593,363.7058595952339,24.346988352288545,24.76602427035812,522.8963909818094,388.4656444319146,46.608852995046746,8.960974146453097,8.505155866071968,9.353178299943616,49.53204854071624,24.76602427035812,24.76602427035812,24.76602427035812,996.0303556065737,74.29807281107436,24.76602427035812,74.29807281107436,49.53204854071624,23.697731172042054,1019.5672344048736,123.83012135179061,151.38704056361726,2.2840543946434586,1167.3747171980956,24.76602427035812,3.8615265464805884,153.67245781415073,2.2840543946434586,4.568108789286917,1201.2808468735452,3.340905453457198,162.80867539272458,3.8402500020341117,1203.8313628050525,5.63278712024141,165.09272978736803,7.465562208038451,0.7468771024309411,1211.7482043199375,2.2840543946434586,178.32810969434001,1394.6444228035643,1396.9284771982077,2.2840543946434586,1399.5519407675938,4.574336996830677,1443.6527281078709,13.120646551218915,13.394020572392382,26.10388236074298,1538.2442411275163,36.156464254347476,1593.6112252351998,91.52344836203102,55.366984107683535,45.3321568232745,1841.2007986358724
31,2.8394710567158015,5.249284651162485,4.361842248056198,2.7801459581472288,5.8395593441198965,7.008423290431035,2.7801459581472288,5.648107142774049,2.7801459581472288,11.628272021596045,2.7801459581472288,2.7801459581472288,40.25463484410655,9.261274450100263,5.247097018572737,2.7801459581472288,7.393704552480804,5.271801695898028,43.83964075608092,11.50934457782614,6.240474227212292,10.156240014514673,3.9555497178904275,18.537051800685166,6.061469943021946,9.704422831384342,68.73926405966142,17.588376639344222,7.279152880978298,7.782602251021807,5.247097018572737,7.365067024490749,3.0221165752683947,24.80586722304436,26.74002431554202,19.408845662768684,9.583958458245313,76.92413271500503,31.441811386801234,20.277129605915967,8.874773203321041,49.61173444608872,24.80586722304436,24.80586722304436,33.66680341571748,7.062173766549919,7.157487149301139,6.890808043020778,3.921818630082803,28.698983029854617,19.28185375033323,8.633499539724301,9.654834332386791,8.43988416056781,142.60512442828764,2.81638550361819,4.152410673028074,124.0293361152218,8.883906010907037,24.80586722304436,24.80586722304436,54.42591181176867,12.596360152817716,6.2393131288586385,82.78489472781176,9.704422831384342,9.65180712392737,147.4957118562126,11.185145451418016,8.883906010907037,2.9050034864562946,198.44693778435487,17.767812021814073,78.21960445464251,90.65003862050385,19.389581168187135,19.35622995531171,254.27096209077462,223.25280500739922,26.65171803272111,137.15719909057424,9.05673832330842,5.586087660784559,289.8065861344028,248.05867223044356,24.80586722304436,9.242176987587143,8.883906010907037,8.808398995403156,8.86729137286017,159.17136024576502,466.2528833130086,297.67040667653225,18.40724095513375,17.76780135291377,17.709821176010433,528.9210204891237,322.4762738995766,9.655425148035903,17.008839249261086,547.8497181749447,364.29098037188203,24.411855524920195,24.80586722304436,557.1437692039115,389.0909566225848,46.85603758905676,9.704422831384342,9.11670501404108,9.934036355030862,49.61173444608872,24.80586722304436,24.80586722304436,24.80586722304436,1033.8046641531053,74.41760166913308,24.80586722304436,74.41760166913308,49.61173444608872,23.791170906490382,1057.449589317618,124.0293361152218,152.50335060916984,2.6674610707798085,1205.5399948530023,24.80586722304436,4.685521616717582,155.1727958418385,2.6674610707798085,5.334922141559617,1241.154550518492,4.025973467237272,165.84264012495774,4.661141341172961,1244.2003729181781,6.70295758246886,168.51010119573755,9.072784933145032,0.8722496277074662,1253.5707915714268,2.6674610707798085,184.32495170549637,1443.2306654184827,1445.8981264892625,2.6674610707798085,1449.0868421078987,5.345487057781163,1496.569304574305,15.473869744756094,15.24723999679375,28.084347964920738,1597.0061549935913,39.9695741874598,1653.8847877032008,96.84820689706925,56.87863270960944,46.56983109050408,1911.060091109993
32,2.783228031533781,6.151803194138328,4.456743190791958,2.718910909773185,5.741151023534325,7.714750532616612,2.718910909773185,6.275670036624929,2.718910909773185,13.25661755727558,2.718910909773185,2.718910909773185,42.08586346518826,10.730606979979047,5.070707607330004,2.718910909773185,8.243494638890297,6.173627728669752,46.56303708499287,13.6845667543223,6.180770434259257,9.904133585874726,4.012046033507725,21.16759394567336,6.931302626111309,10.359298235617231,73.83197158502118,18.43483271540226,7.036573499609807,7.518176943075179,5.070707607330004,8.212176622420207,3.699693228001866,23.142659574685133,30.99866671273475,20.718596471234463,10.539132926457455,82.41329638930131,34.47218535741485,19.592258487040677,8.561606015319562,46.28531914937027,23.142659574685133,23.142659574685133,42.46276999974127,11.573265586804546,11.77817387963792,10.616790324363093,4.336672069199285,31.689408196990524,20.907225811020876,11.634566138232797,10.432428196780887,11.74835044815189,149.9403058496109,3.660364321843762,4.313220493245414,115.71329787342567,8.57032823642323,23.142659574685133,23.142659574685133,76.17278787500186,19.42535910840285,7.903126838708451,98.30143248864786,10.359298235617231,10.437185750005494,154.63191230815673,12.33071593638473,8.57032823642323,2.802464746511019,185.14127659748107,17.14065647284646,110.47555510829665,110.26264996779123,20.744374567515507,20.796483985622725,294.21608058323926,208.2839361721662,25.710984709269688,163.79136074566057,11.258980196325862,6.7433190354303605,328.4973935289322,231.42659574685132,23.142659574685133,9.522115676758773,8.57032823642323,8.608431361024904,8.76241848727801,192.60684085807307,538.5834291032534,277.7119148962216,18.859582044861515,17.14086847827905,17.37219622148366,600.5582389255082,300.8545744709067,10.288910587884715,15.868414233085748,620.4485301364101,339.86564827867755,22.78691253198138,23.142659574685133,630.1086547206781,363.0033130853431,43.85974981624864,10.359298235617231,9.231536408996881,9.70150511149389,46.28531914937027,23.142659574685133,23.142659574685133,23.142659574685133,1078.1399636564925,69.42797872405541,23.142659574685133,69.42797872405541,46.28531914937027,22.257898293670547,1100.297743066636,115.71329787342567,143.58268331300275,3.8331269731330906,1238.5219843926961,23.142659574685133,5.613497810873855,147.41791284818154,3.8331269731330906,7.666253946266181,1274.03071787751,5.126085438653687,162.7504207407139,5.595168285248185,1278.2497310462138,8.969288157981511,166.583547713847,10.999589810006398,1.2534179455872465,1291.0521461773285,3.8331269731330906,185.38496306115658,1484.1033631847513,1487.9364901578845,3.8331269731330906,1492.5011710279446,7.682126772298883,1541.5828328299908,20.183468491213404,17.81365532532038,30.788247387378128,1649.4606895952977,45.15321615054597,1706.366830482013,102.05935703726138,56.906140886715406,46.5923536284134,1968.8308229211186
33,2.7308612141208237,8.252521614061415,4.691911573628157,2.661598468198978,5.650411325702336,8.889878014948689,2.661598468198978,8.020600648974343,2.661598468198978,17.328642927239088,2.661598468198978,2.661598468198978,47.50917415865027,13.16049052100283,4.956789762413246,2.661598468198978,10.446529439969177,8.27602617520881,53.84773473085194,17.188600704798056,6.1287668373740125,9.804525076815697,4.176598480034147,27.611763205152112,9.077984732432705,11.149313798050752,85.22684063674257,20.750193403389577,7.594468241818326,8.13300121361585,4.956789762413246,10.410488076343817,4.953374229962585,22.543349069470825,40.74304601160479,22.298627596101504,11.465702858854694,94.64814238659827,41.60610814698005,20.665429443847678,9.298349196756009,45.08669813894165,22.543349069470825,22.543349069470825,54.67325476415838,14.052704891124952,14.270303082102782,12.737616014455824,4.759956157123234,34.52016668755735,22.630837210794517,13.456288073598852,11.27842598425661,13.699472255562636,171.082167816802,5.240263837190973,4.634667090559816,112.71674534735413,9.308103601448288,22.543349069470825,22.543349069470825,95.74809883715545,23.227705756376885,9.559673499130415,109.6349559191433,11.149313798050752,11.286719015385032,175.90050165620644,14.527276112267906,9.308103601448288,3.043714485644688,180.34679255576663,18.616207202896575,136.75720585393788,123.87141450190697,22.34505642073918,22.436032813435784,345.2931388228394,202.89014162523745,27.924310804344863,182.9683080389991,12.738232128774218,7.710009190154729,382.5255532286326,225.43349069470827,22.543349069470825,10.296258012923687,9.308103601448288,9.321939493623345,9.479577471397528,216.32151866206266,617.9846017919509,270.5201888336499,20.393791159622108,18.61636016114106,18.807613120095116,685.1122909882846,293.06353790312073,11.080507602930643,15.457480160435635,706.5738284253102,331.0643671330272,22.200833712517493,22.543349069470825,717.0179498508479,353.60296329052346,42.84563005963538,11.149313798050752,9.98333789920747,10.3639869236645,45.08669813894165,22.543349069470825,22.543349069470825,22.543349069470825,1157.4042215196027,67.63004720841248,22.543349069470825,67.63004720841248,45.08669813894165,21.71807601667431,1179.0115505786873,112.71674534735413,141.17028679845865,4.875158762687795,1313.6700231768423,22.543349069470825,6.737288438821223,146.0478998169935,4.875158762687795,9.75031752537559,1350.6868494176954,6.26837593483728,165.54853486774468,6.720648140399134,1356.0040436719546,11.154596844067704,170.42369363043247,13.264922261584243,1.5941583786735758,1372.0337992787101,4.875158762687795,192.8408400586958,1574.6249568627816,1579.5001156254693,4.875158762687795,1585.346631670042,9.77230464473392,1634.640511708744,24.760227158745675,20.55974093891093,34.45614335423317,1749.6553697635138,51.0914086597511,1805.4538573053048,106.88989620154211,55.79848754179102,45.68545367806973,2069.6261822684987
34,2.6793086557259977,9.34092206466116,5.2222592003570405,2.607841659206501,5.553399858089037,9.968799217960672,2.607841659206501,8.82167565386386,2.607841659206501,19.36683610762791,2.607841659206501,2.607841659206501,49.94650799115741,14.796050150795823,5.406759868046028,2.607841659206501,11.544082617345916,9.364869803994385,57.26496012297834,19.24513922591363,6.04785173882414,10.736919953332837,4.0770348351913235,30.893291101856466,10.172789127184688,12.060026241557683,92.22616145156655,21.667132300144555,7.806417526338951,8.302144698279463,5.406759868046028,11.505169963217835,5.701248481485247,23.00292507622362,45.550113399363994,24.120052483115366,12.42357486895185,102.73212870042462,45.20098858917724,21.494058628983925,9.374411291399603,46.00585015244724,23.00292507622362,23.00292507622362,60.849423982737505,15.426957532791505,15.652664485820093,13.91918130457716,5.345727129489474,37.40534461141115,24.501911684702463,14.686806146954613,12.208662811696614,14.964098950480292,184.10091583605293,6.071708770043685,5.1812006838188776,115.0146253811181,9.38338433405266,23.00292507622362,23.00292507622362,105.99819566195498,25.53061848991147,10.860033216629322,119.13270449632469,12.060026241557683,12.218171669368367,189.32348146566267,16.446961332098653,9.38338433405266,3.0683309989677907,184.02340060978895,18.76676866810532,151.49740148404436,134.7113075724845,24.173796906567517,24.27819791092605,375.83039561524856,207.02632568601257,28.15015300215798,198.83281973728634,13.871886506989778,8.214120523643041,413.3639329514592,230.0292507622362,23.00292507622362,10.904291166054179,9.38338433405266,9.526895904731159,9.774526531200461,234.9148614607749,667.9819957273164,276.0351009146834,21.522207149830336,18.76718765932192,19.272951504237824,737.084043664333,299.03802599090704,11.974216450079032,15.772601351377663,760.0866244302396,337.8135524185083,22.551654599831505,23.00292507622362,771.2090660094215,360.8106242396074,43.37934117814536,12.060026241557683,10.456844734374895,10.658063324879542,46.00585015244724,23.00292507622362,23.00292507622362,23.00292507622362,1221.6142465328805,69.00877522867086,23.00292507622362,69.00877522867086,46.00585015244724,22.118876009492283,1243.4683789581836,115.0146253811181,145.665123254066,6.607688726376561,1380.7437170726116,23.00292507622362,8.533230556729158,152.27560354312246,6.607688726376561,13.215377452753122,1421.6670655266219,8.058777664828478,178.7063584486287,8.518521453323752,1428.770036651879,14.67746409778987,185.31404717500524,16.877518201660713,2.1606890892334008,1450.0551894760456,6.607688726376561,213.58811130106656,1676.8586782298653,1683.466366956242,6.607688726376561,1691.3049541716025,13.244120585051586,1739.7475377235448,31.45259109406429,24.013355720456907,39.28770118588926,1864.3276054338774,58.782480677951334,1918.1673808642563,112.62225610833036,53.83977543037902,44.0817426210708,2182.5509304544157
35,2.6323177683425314,8.622320313409368,5.534562123217135,2.5573096286317196,5.469387333692696,10.39436593988383,2.5573096286317196,7.796066494550013,2.5573096286317196,17.6037808899341,2.5573096286317196,2.5573096286317196,46.79975324296738,15.10776383293298,5.671035657748477,2.5573096286317196,10.480938903419851,8.641763531459947,53.780191032279575,19.459868942168022,5.991187460015867,11.285973632809807,3.7955802746771727,28.2677184879587,9.298435213328737,13.096479284374588,89.83649739333049,20.265899916415346,8.380425881971723,8.892264439284622,5.671035657748477,10.442665417080033,5.769239526619062,25.401513734394932,41.94542139591451,26.192958568749177,13.56792206893349,100.8425375914367,42.702700318751226,22.931550819182448,9.998830505019843,50.803027468789864,25.401513734394932,25.401513734394932,59.639643370802816,17.772113852280274,18.085729733475496,16.015799427878783,5.825427286869772,40.88097186866143,26.68825234171168,16.555606153209325,13.28928997544325,16.94120517817062,182.0877212887375,6.020528886754362,5.501807313278762,127.00756867197465,10.00809745424008,25.401513734394932,25.401513734394932,111.35643554416384,29.420513187924612,12.034254054335719,131.876244247724,13.096479284374588,13.30159102672901,187.72077497125645,17.034558555256794,10.00809745424008,3.2726098139340194,203.21210987515946,20.01619490848016,163.3202638705208,149.70901695273665,26.26299115360761,26.3980703111036,387.97919904060655,228.6136236095544,30.02429236272024,220.33965722403917,15.459157266732737,9.167876531625701,428.01158885756684,254.01513734394933,25.401513734394932,11.804685849148306,10.00809745424008,10.22216478419993,10.516170026056205,260.9921646519239,710.3268265679696,304.8181648127392,23.279177687526758,20.016756277429774,20.690311173657836,784.5605026514069,330.21967854713415,13.004219395663153,17.41726100165736,809.5128314003107,373.0384532831864,24.781107415361785,25.401513734394932,821.5702905739753,398.43216421557145,47.202336999118465,13.096479284374588,11.289726922057923,11.497191754680538,50.803027468789864,25.401513734394932,25.401513734394932,25.401513734394932,1317.2714532152604,76.20454120318479,25.401513734394932,76.20454120318479,50.803027468789864,24.38036929067828,1341.1383066296485,127.00756867197465,162.10135432658225,8.423450526041222,1492.5567471593492,25.401513734394932,10.71525386055611,170.52816715298647,8.423450526041222,16.846901052082444,1540.2434662889063,10.07781108076108,204.22196925715136,10.698446491351735,1549.2633454427332,18.512122881051333,212.64541978319258,21.213126807031276,2.7544362936864837,1576.1989188498258,8.423450526041222,248.03707329853455,1841.0828932004429,1849.5063437264841,8.423450526041222,1859.4501978955072,16.883194420314112,1906.2414705635351,38.63446679828617,27.863130922550326,44.53697248392305,2040.6731131408771,67.7546006469139,2091.93331643601,119.01480394204677,51.26020329513287,41.96969750146496,2355.4382244697877
36,2.588036919555351,8.872575482410804,5.855596669137822,2.5097040682619647,5.390165989879168,10.528491452691064,2.5097040682619647,7.871953653896698,2.5097040682619647,18.0241625269647,2.5097040682619647,2.5097040682619647,46.95842233674469,15.021789818851225,6.093009500678961,2.5097040682619647,10.733157059142918,8.89245357443426,54.098689911611615,19.207091201228163,5.937513227874019,12.097134507964618,3.8450875500236235,29.02859405428697,9.556863992682992,14.226533164423087,90.83339408448302,20.513886905643652,8.093071684383549,8.510579350985818,6.093009500678961,10.6935233440924,5.854019812426637,29.430801275648232,42.78310682417684,28.453066328846173,14.794101160796583,102.28404048767918,43.479109135340764,22.674089506247586,9.4134695264142,58.861602551296464,29.430801275648232,29.430801275648232,62.83247240983029,20.109597355689537,20.48693626376254,17.95152249034281,6.2981368137383775,44.59873493572657,29.049414912599563,18.436882994694884,14.458665756682715,18.92234674015438,183.82668932891198,6.0603770935643215,5.7925691201008025,147.15400637824115,9.42102401073861,29.430801275648232,29.430801275648232,121.22236691788898,33.1845818498055,12.894327549595001,145.1336239015846,14.226533164423087,14.47345377176469,189.6978927773889,17.665264285867472,9.42102401073861,3.080639030127455,235.44641020518583,18.84204802147722,179.08669400039736,165.20600087404372,28.53759339530628,28.699986936187777,405.61178302909104,264.87721148083403,28.263072032215828,242.69600273288643,17.083487053398713,9.749896087947416,443.29587907204547,294.30801275648224,29.430801275648232,12.310705549493942,9.42102401073861,9.944010439354113,10.42401154179042,287.2523225820535,751.6534335016808,353.1696153077787,24.121512676088205,18.843250074182055,20.238366043377695,824.8842023848847,382.6004165834269,14.096350363666444,20.180055120564884,851.5117201168287,432.21127297964006,28.733913808635855,29.430801275648232,864.2129612387154,461.6334778348082,54.44927699388827,14.226533164423087,11.53615370773121,11.75861524829497,58.861602551296464,29.430801275648232,29.430801275648232,29.430801275648232,1433.5426658683741,88.29240382694469,29.430801275648232,88.29240382694469,58.861602551296464,28.401853577350824,1461.2777840599222,147.15400637824115,189.23331584067535,10.302723727719918,1636.7711677825707,29.430801275648232,13.680508286290522,199.54059226625537,10.302723727719918,20.605447455439837,1694.7327656643276,12.515369896191991,240.75148717713506,13.652631651695316,1705.8565785589217,22.82869063613035,251.05421090485498,27.00517791730111,3.3689514851099354,1738.987992922772,10.302723727719918,296.09279315581625,2055.6862335340284,2065.988957261748,10.302723727719918,2078.0781785096874,20.64874485791426,2122.5869301517396,45.82258745425753,31.553228109252416,47.69248850944059,2264.2280968635732,76.39982695250755,2312.3541876117088,124.52591770064312,48.12609074813557,39.403618026990614,2572.5359048356136
37,2.5478739248755047,9.185516317137726,5.887654639488527,2.4647559955833764,5.3234821904219665,10.345435533956804,2.4647559955833764,8.163434775664902,2.4647559955833764,18.74709144091795,2.4647559955833764,2.4647559955833764,47.67657390984346,14.609108242341161,6.356526849944789,2.4647559955833764,11.243567047728895,9.208600148989667,54.78074620542928,18.64995567803501,5.909204309222167,12.54445499359028,3.8330985295915734,30.248191350120678,9.970503874405725,15.88924979180042,91.04854208686498,20.98391925249279,7.757652108829851,8.092954743146327,6.356526849944789,11.202244884233034,5.526954319275346,32.88745542746575,44.25433136056154,31.77849958360084,16.571877573364205,102.34749653833371,44.065656355026384,22.17670283005063,8.818480718441009,65.7749108549315,32.88745542746575,32.88745542746575,67.46588872294512,23.25792082070183,23.726272223235082,20.56293515858222,6.553743913770876,49.98243843799025,32.49577809361834,21.0207866811797,16.168347225385137,21.632565011154504,183.60375094656902,5.692600393799909,5.76093474785788,164.43727713732875,8.824544943159125,32.88745542746575,32.88745542746575,134.81992226949134,38.15133415530925,13.172186187550516,163.88938279145341,15.88924979180042,16.186113630016408,189.59621535795884,17.25373026709875,8.824544943159125,2.8855926430102095,263.099643419726,17.64908988631825,199.53142808539715,187.0038590333669,31.880289489958713,32.07536342181683,424.69952357258006,295.98709884719176,26.473634829477376,274.31021383716643,19.34660409748149,10.604023293124776,459.99770334521656,328.8745542746575,32.88745542746575,13.152590246502852,8.824544943159125,9.762291527051485,10.487541128170282,324.3162552244412,805.4819487964273,394.649465129589,25.584322929773634,17.651155172258008,20.010955353504237,878.6525451953719,427.5369205570547,15.708510318584935,22.55020708017614,907.8345564432151,482.9745830646966,32.6218467717574,32.88745542746575,921.5572489193934,515.8587518682656,62.395165912795875,15.88924979180042,12.04013199520827,12.295205619367213,65.7749108549315,32.88745542746575,32.88745542746575,32.88745542746575,1557.9954811249913,98.66236628239726,32.88745542746575,98.66236628239726,65.7749108549315,32.48731974957722,1590.220270586237,164.43727713732875,214.02846948886574,12.157528264842455,1787.1306024626842,32.88745542746575,17.108806162189584,226.19216228796967,12.157528264842455,24.31505652968491,1855.9337914951732,15.202372589336479,274.8222753473395,17.063798877826244,1869.220994505852,27.371236451501886,286.97980361218197,33.64896630139246,3.975465516260271,1908.7497592221964,12.157528264842455,343.1544840296713,2276.2192997815528,2288.376828046395,12.157528264842455,2302.60567509238,24.365841494035266,2344.1802390955086,53.103883161225625,35.69541839677072,49.124499456332074,2490.731954323164,83.3945124173308,2535.0552869332614,127.7178450274282,44.323332610097395,36.29007967822932,2787.7098768591136
38,2.5108548235730295,10.908219382020182,6.023518666411123,2.422222852344046,5.265284889489075,10.655006980335326,2.422222852344046,9.780057967518587,2.422222852344046,22.33352498951674,2.422222852344046,2.422222852344046,52.61299376984219,15.272166009954848,6.565351135946851,2.422222852344046,13.325513381444477,10.936863917139242,60.859058057150314,19.476450678390577,5.896191576843075,12.938660979171594,4.3581221449433265,35.92204551959175,11.871439040180988,18.651263214518114,98.33601960023235,23.577684335799475,7.82365206588646,8.126461391777397,6.565351135946851,13.280120864291415,5.93299738020014,34.771739343766654,52.02845857858478,37.30252642903623,19.372395443786434,109.93466894439479,49.923015591591756,22.48636420145449,8.781880996606672,69.54347868753331,34.771739343766654,34.771739343766654,78.40999020763024,26.4383179754536,26.95716939840993,23.221921235051973,6.939866729525212,58.39821295816437,38.060308827211514,24.077800241799448,18.94616838328014,24.728819963385636,197.53653478447293,6.270140811589102,5.8745910770748635,173.85869671883327,8.78735916844802,34.771739343766654,34.771739343766654,155.03639617989228,43.134052507064695,14.052823003348333,189.96257006513548,18.651263214518114,18.964927502341595,203.7496957730857,18.06543834767817,8.78735916844802,2.8734330360704563,278.17391475013324,17.57471833689604,227.26895400958983,216.2756252977171,37.4101961110708,37.616190716859705,467.5289503064758,312.94565409389986,26.36207750534406,317.8685779149754,22.303421020325437,11.769394340141329,502.6783869802679,347.7173934376665,34.771739343766654,14.903677173832598,8.78735916844802,10.24736172992063,11.279414279816397,374.4592321763732,899.6175689777988,417.2608721251998,28.814873286933228,17.577878489076145,21.151752471694024,977.6707133895723,452.0326114689665,18.40794280705317,23.842219245852675,1011.4266508728316,510.6465700585858,34.8403666191269,34.771739343766654,1027.1209197830588,545.4191380527286,67.7842344072331,18.651263214518114,13.375665846650172,13.116137130585072,69.54347868753331,34.771739343766654,34.771739343766654,34.771739343766654,1705.3452942039871,104.31521803129996,34.771739343766654,104.31521803129996,69.54347868753331,34.85911666880345,1740.2637050597007,173.85869671883327,227.67442105816596,13.319404680145077,1949.0043874524717,34.771739343766654,18.96231163945568,241.00074903384595,13.319404680145077,26.638809360290153,2023.5885327262633,16.854676059383692,294.27836775442626,18.91028491707048,2038.180836356615,30.189767999004033,307.5977724345713,37.26810445943396,4.355394686283182,2081.690009035764,13.319404680145077,369.7917236133366,2478.1205420093906,2491.4399466895356,13.319404680145077,2507.14698906026,26.69782698060875,2545.358062441244,58.64322505091353,40.23030813513556,49.21708319496636,2693.8961922414182,89.1310211752818,2734.5740137957127,129.80884272957624,40.67782155429445,33.30528862366822,2979.043788257546
39,2.4683834290249056,12.903829389003374,6.440511240854292,2.3743959045105036,5.195936318446604,10.890019588889277,2.3743959045105036,11.784143071897638,2.3743959045105036,26.621628921155658,2.3743959045105036,2.3743959045105036,58.59524849490366,15.352528391908553,7.284039252601811,2.3743959045105036,15.872662693043928,12.940754503088769,67.99851896650519,19.446817648783203,5.846026587866613,14.271209631314226,4.959904999389341,42.68043889479126,14.135683533729951,19.67378424336282,106.700986879482,26.676225044091275,8.405708070222985,8.677716156816022,7.284039252601811,15.822472376504821,6.219586921211088,35.42560675278281,60.936958468373575,39.34756848672564,20.600298308985938,118.94049993821395,56.68148209966897,24.339849884112002,9.267078079622713,70.85121350556562,35.42560675278281,35.42560675278281,91.4263241019599,30.573605313254053,31.18980131476098,26.65126849233154,7.612428527788517,62.18051420877878,40.321128336943744,26.798189563459026,20.05225498207942,27.690501996577392,216.36555448459302,6.655986112820009,6.209557327779976,177.12803376391406,9.272006145939386,35.42560675278281,35.42560675278281,179.95445359715382,49.61667317492138,15.074809381017438,206.17035477817515,19.67378424336282,20.076335663134124,223.31186266477928,19.146341311664095,9.272006145939386,3.03191075494596,283.4048540222625,18.544012291878772,262.00932992577754,236.16191520644298,39.48581602470625,39.75011990649695,524.2429867099331,318.8304607750453,27.81601843781816,345.7845276863908,24.419512323906055,13.07137063343918,561.3310112936906,354.2560675278281,35.42560675278281,15.761081380005674,9.272006145939386,10.860413163451067,11.956266584962513,409.00500298600633,994.4722376188981,425.10728103339375,30.479603573847967,18.547439775551148,22.406740706049526,1077.0492374110202,460.53288778617656,19.421737364806162,24.290561791198357,1112.6987178460615,520.2490563301577,35.7491865861145,35.42560675278281,1129.2903042579537,555.6786310747963,71.89304796918394,19.67378424336282,14.156067533680902,14.033355235524755,70.85121350556562,35.42560675278281,35.42560675278281,35.42560675278281,1826.113966667426,106.27682025834844,35.42560675278281,106.27682025834844,70.85121350556562,35.885044125232675,1862.3038909387726,177.12803376391406,234.67799032590065,15.41196536471416,2075.367936967691,35.42560675278281,21.671270994941224,250.09758650822477,15.41196536471416,30.82393072942832,2156.179160785005,19.2326622403778,311.7454479670814,21.61327746397776,2172.9963516023968,34.65898139477695,327.15741333179557,42.61095783948374,5.039654073632768,2223.067298361888,15.41196536471416,398.2247028108024,2652.1159319021185,2667.5278972668325,15.41196536471416,2685.579682862322,30.88966732664834,2720.752756466206,66.68009084376415,45.39203275787302,48.28425729191012,2873.1029274118905,94.21396379807052,2910.488750221901,131.59978660808065,37.38582281001012,30.60993857448232,3147.470121024484
40,2.4343540742475294,15.32998226824686,7.04326283857977,2.332252244798047,5.151791921198011,11.152413718865066,2.332252244798047,14.265115176805342,2.332252244798047,31.871784637947115,2.332252244798047,2.332252244798047,66.10082580121981,15.245558770378874,8.303877366856586,2.332252244798047,19.000945683577136,15.377333364279556,76.88557449265043,18.99778470323635,5.817691538925337,16.16498517820338,5.677857421720076,50.938859999981254,16.901480996326526,20.35153143568276,116.96671591642715,30.49385143952828,9.172913131160099,9.402460452050938,8.303877366856586,18.944951196440996,6.558786456616314,35.12919600774298,71.63327547079787,40.70306287136552,21.503234329067677,130.1258766090476,64.97426226731112,26.85083109486959,9.900858734203577,70.25839201548597,35.12919600774298,35.12919600774298,107.00107243065922,35.508768453444084,36.31634224980724,30.424137606719068,8.440521847512905,64.99991503526888,41.91319034303864,29.353864430776827,20.82155376555653,30.526208635688562,240.00319886015757,7.090111778714529,6.700113454485546,175.64598003871492,9.905027627906332,35.12919600774298,35.12919600774298,209.35261751346223,56.650045509153166,16.148567776429186,220.2305556395828,20.35153143568276,20.851469558742153,247.94514177469605,20.595920871533714,9.905027627906332,3.2389063726233642,281.03356806194387,19.810055255812664,301.9790901539105,254.29085691053893,40.8747830302816,41.20300099442491,592.0497852818916,316.16276406968683,29.715082883718996,371.09625119628527,26.30275027213968,14.373694979204732,631.6698957935168,351.2919600774298,35.12919600774298,16.458915601935384,9.905027627906332,11.537952749340871,12.645032884831025,440.9829494232285,1098.5669775995204,421.5503520929158,31.873951416337793,19.81357434766648,23.759833807228226,1185.840190778955,456.67954810065874,20.102477453705944,24.087319442571555,1222.8683679616124,515.8960635509733,35.643223470867675,35.12919600774298,1240.1579872201926,551.0315728582519,73.42993627263567,20.35153143568276,14.851421622833605,15.260644782729258,70.25839201548597,35.12919600774298,35.12919600774298,35.12919600774298,1938.6181366155918,105.38758802322894,35.12919600774298,105.38758802322894,70.25839201548597,35.86674910899211,1974.9733178877796,175.64598003871492,236.60286491133112,17.38108084504043,2186.5577777084723,35.12919600774298,25.098253381151054,253.99305798347075,17.38108084504043,34.76216169008086,2274.4849454179416,21.894601648704597,323.51738136363247,25.024242189481235,2293.555298490221,39.288059367118464,340.89846220867287,49.26616352638765,5.683547348568355,2350.2244387023798,17.38108084504043,423.1661270654801,2808.1527274579407,2825.533808302981,17.38108084504043,2845.748926993368,34.83315694178013,2878.1773401291393,75.05370219604222,50.16663466064033,46.58172076966741,3034.2251725469027,97.93210626060437,3068.6375819989566,132.34451571265828,34.41240945205392,28.175432834001075,3297.9823494497236
41,2.384065874676384,19.033336868140427,8.036252294930666,2.2766143580752045,5.0596858072103466,11.997028542571407,2.2766143580752045,18.037866128278097,2.2766143580752045,39.80889920781232,2.2766143580752045,2.2766143580752045,77.37850025380743,15.955003370587942,9.769506293420335,2.2766143580752045,23.648266982374565,19.094580565335903,90.48104735000565,19.43820111405501,5.843387226161276,18.930755039433308,7.00130628048788,63.363671244250085,21.05845245480898,22.016366795686103,134.00502701325092,36.489938044092376,10.076492222098446,10.23086907130963,9.769506293420335,23.58423790647259,7.428678830732544,34.06693249905141,87.97272123038512,44.03273359137221,23.34473404856195,148.87248977205775,78.22501619530763,30.0415209077771,10.567927043676724,68.13386499810282,34.06693249905141,34.06693249905141,129.49797813961194,41.70107753367525,42.63532480691175,35.37473305085817,9.644305406822632,70.61190226463631,45.42845146427752,32.49830100558934,22.558196819389117,33.924056274292795,277.28537603534363,8.149634381149955,7.566056841470296,170.33466249525708,10.570743972498635,34.06693249905141,34.06693249905141,249.10566782376577,65.5177697859198,17.84716874082114,242.12500768066687,22.016366795686103,22.59268929403148,286.5655140207597,23.42622794035171,10.570743972498635,3.4565930860641925,272.53545999241135,21.14148794499727,355.06985563470636,281.38344079492737,44.23071285297444,44.60905608971758,688.6399439921433,306.60239249146275,31.712231917495906,410.4813911992969,28.915468180555536,15.882912679755831,730.9229198821379,340.66932499051416,34.06693249905141,17.80013573998205,10.570743972498635,12.428143321181311,13.652176387757368,488.9580230037451,1248.0021138823836,408.80318998861696,34.463809938841294,21.14548368807114,25.598134220405548,1341.9651700051445,442.87012248766837,21.748529869927587,23.358948646371125,1382.0221377583482,500.2960036330909,34.76115814846686,34.06693249905141,1400.727014909882,534.3714684560659,72.97551886087696,22.016366795686103,16.05036350598157,16.353508475416685,68.13386499810282,34.06693249905141,34.06693249905141,34.06693249905141,2087.6103795499057,102.20079749715424,34.06693249905141,102.20079749715424,68.13386499810282,35.050736314650294,2123.2828658522712,170.33466249525708,233.09209566347357,19.546696538705987,2328.754830839467,34.06693249905141,27.71546644194463,252.64823970179748,19.546696538705987,39.093393077411974,2421.183817523077,24.185915165900056,330.8350258566214,27.635503256154845,2442.480557889146,43.744655152346105,350.3817223953274,54.42454137833616,6.391695446116787,2505.771909580198,19.546696538705987,441.3942336546205,2986.2595363122305,3005.8062328509363,19.546696538705987,3028.3810547590647,39.16965329587494,3058.329177767254,84.72437882993066,52.80831781221282,44.24740711006321,3219.0270756309505,98.78599343038644,3250.7531875546533,130.51210535408907,31.726111923702643,25.97600545337379,3470.6935222095217
42,2.3592710290738577,20.62464525205829,9.87071784104639,2.2461232076306796,5.010791056604371,14.870471118156217,2.2461232076306796,19.299821392242556,2.2461232076306796,42.8950616900856,2.2461232076306796,2.2461232076306796,81.33275012725737,19.65916220111161,11.902264830021263,2.2461232076306796,25.358073434555514,20.687847152596092,95.80089240474999,24.050676001697177,5.452776845445764,23.09323610119533,6.97364057325642,68.30632506963526,22.710219801050673,23.477653469487592,149.4257286393479,37.78114814618739,11.641917454390288,11.721276023775802,11.902264830021263,25.287257141311724,8.661522107726046,32.23244558561228,95.43715452050895,46.955306938975184,25.070328362698334,167.6019375580004,83.91668086047001,35.222999345635074,11.897349457413846,64.46489117122456,32.23244558561228,32.23244558561228,143.76025001276525,48.44562123535246,49.273830532438694,41.65683929828687,11.75522264048504,75.92295932593564,48.62865342986127,36.19222735156791,24.126806357114674,37.97112933988157,310.3106089198693,9.263373562554627,9.318232832410633,161.1622279280614,11.898817304712889,32.23244558561228,32.23244558561228,282.5020553154232,76.97000355098479,21.779443455539074,265.47681572741436,23.477653469487592,24.168147981331927,321.5930021523826,28.069604253491907,11.898817304712889,3.8908680159897666,257.85956468489826,23.797634609425778,407.5381229048233,310.8522851141237,47.19247751459103,47.64580145081952,784.3682878525877,290.0920102705105,35.69645191413866,452.28741237294224,31.803133589511,17.862684080647387,831.9635570714393,322.32445585612277,32.23244558561228,19.263051530509507,11.898817304712889,13.831057547586333,15.07901532242795,541.6656139184308,1405.0694359003699,386.78934702734733,37.382068028600465,23.8017927796093,28.407146745573527,1508.8284863239528,419.02179261295964,23.211746753851994,22.101081193683456,1551.814280695215,473.3553193922554,33.14624418054191,32.23244558561228,1571.9867134003782,505.59900079358454,70.85295052867141,23.477653469487592,17.500840251321684,17.78959623580341,64.46489117122456,32.23244558561228,32.23244558561228,32.23244558561228,2233.7771384170096,96.69733675683685,32.23244558561228,96.69733675683685,64.46489117122456,33.50131356676015,2268.0273481348104,161.1622279280614,226.0753098678015,22.31281331762429,2462.7916710953014,32.23244558561228,31.422114663300604,248.3980441548793,22.31281331762429,44.62562663524858,2561.2720851076606,26.99957659558426,337.64929742537646,31.32775061081248,2585.417812960789,49.31996741608326,359.9621107430007,61.65325495269759,7.29620511526878,2657.0505936944965,22.31281331762429,463.2182983315539,3164.894518661299,3187.2073319789233,22.31281331762429,3212.9148329849204,44.711853730229045,3240.6209347070235,95.03322510370893,53.77899777460575,41.23261425496582,3406.1853497961183,97.33966456750483,3435.4839255265383,126.63824029792492,29.2985757304201,23.988440965591124,3644.7077582508946
43,2.35679275399513,22.49339671505736,11.857173440014012,2.235784206683523,5.0742793811482105,17.61193087566909,2.235784206683523,21.063056937170245,2.235784206683523,46.73325044144357,2.235784206683523,2.235784206683523,87.06438766600398,22.857243652593514,14.350917426137611,2.235784206683523,27.533915351244076,22.560955901763677,102.94562893553292,27.71972552947964,5.540081549962034,27.82935538958909,7.514288532943097,74.3345673913821,24.71886278617267,25.049280001834855,166.2026702295764,40.584478265881295,14.262861873994865,14.348339853958679,14.350917426137611,27.4532538227581,9.78956051322668,29.854805974568237,103.85059366053572,50.09856000366971,26.895530220603042,187.84120593860573,91.5200974863721,42.92687422818174,14.538399352490996,59.70961194913647,29.854805974568237,29.854805974568237,156.36846979299838,52.59826851693034,53.33262532407752,47.63588800121413,13.977148776508718,81.52875060184975,52.03825297053385,39.964462346045096,25.801358840191618,42.19095652257877,350.98591563985303,10.236295181116153,11.179305583335303,149.2740298728412,14.539992993274076,29.854805974568237,29.854805974568237,309.41962161792924,88.8552462015339,25.561975299013667,289.8188752143201,25.049280001834855,25.849271213413196,364.8286861330868,32.8031272764797,14.539992993274076,4.754522423656162,238.8384477965459,29.079985986548152,454.2689482728884,340.2181646515232,50.3733062425888,50.89855121524805,885.1725680869156,268.69325377111414,43.61997897982223,492.69659625015333,34.7467919163205,20.318244499878837,943.3325400600119,298.5480597456824,29.854805974568237,21.276523028845283,14.539992993274076,16.327626126953284,17.46890299277493,593.8501710150124,1574.0050340900648,358.2576716948189,41.517929666767614,29.08384214468339,33.32960375798633,1694.5689693071074,388.11247766938715,24.81315421434544,20.47078584567987,1741.1193768273233,438.43806948963527,30.68370174829945,29.854805974568237,1763.2153611419503,468.30306740236847,67.13914764570251,25.049280001834855,19.6801339097999,20.19731294925549,59.70961194913647,29.854805974568237,29.854805974568237,29.854805974568237,2392.147677938977,89.56441792370471,29.854805974568237,89.56441792370471,59.70961194913647,31.102260873559263,2424.1601140885664,149.2740298728412,217.12964930580966,26.228157262842213,2604.6556357787954,29.854805974568237,36.763946590496595,243.36972098214224,26.228157262842213,52.45631452568443,2711.4279964703105,31.40059150836143,348.2823500335111,36.66736284825289,2739.8519654132224,57.62244111318647,374.5105072963533,72.30674770812843,8.576507698115705,2823.702563789251,26.228157262842213,495.0410272698646,3371.1999055848,3397.428062847642,26.228157262842213,3427.8320269294773,52.56398277567963,3453.510858276969,105.51579266055458,53.457228496585415,37.96053796257569,3624.0914419253127,93.89021205892189,3651.195694950526,120.99446508413538,27.104253025213502,22.191821868552513,3848.590487953641
44,2.3699349482883356,25.833789518923176,13.906486104147167,2.239369956358019,5.125747249339185,19.745128227957807,2.239369956358019,24.637112476395195,2.239369956358019,53.971277450053186,2.239369956358019,2.239369956358019,98.45740800713982,24.753204181085163,17.152264714589155,2.239369956358019,31.664075972257997,25.91373246464825,116.44226032002042,29.21117946597832,6.329232539151803,33.16807541865401,9.1882109846321,85.47599162845528,28.463592715312657,25.275785722925008,187.37834287108763,47.17791806193239,17.48172323734316,17.600986929412848,17.152264714589155,31.587778859376552,10.84880781418116,27.70443930965324,118.35226315372458,50.551571445850016,27.454508816912263,212.43768620480517,105.21269109378164,52.21153908908334,17.97004777274206,55.40887861930648,27.70443930965324,27.70443930965324,173.01103639553867,54.70620095117774,55.357434709912354,51.22135200967567,16.202395774595715,83.38015544600285,52.840451912554066,43.303626630585036,26.162696365065294,46.45292553179178,404.8569508698427,11.225625965844678,13.027043899852114,138.5221965482662,17.973186755125525,27.70443930965324,27.70443930965324,334.8362400687594,98.14043495336537,28.70789306375014,304.28615559683874,25.275785722925008,26.219224042999407,421.690965282006,37.549670170413336,17.973186755125525,5.87716372981291,221.6355144772259,35.94637351025105,496.93442191472747,357.49666858682446,50.87550125511105,51.495009765924415,997.1039726748963,249.33995378687916,53.919560265376575,513.5550385421068,36.7815627687409,23.05334418033005,1068.9967196953985,277.0443930965324,27.70443930965324,22.668348780326554,17.973186755125525,19.124623518125567,19.932569589521947,623.3867287664243,1735.2394061579553,332.4532717158389,44.604794868910744,35.94882694429132,38.737435476436985,1873.854645959078,360.1577110254922,25.114816838541465,18.996326573539168,1921.9604059660037,406.85847690868457,28.45678275923456,27.70443930965324,1945.2016054635017,434.57216694736945,62.9176777538446,25.275785722925008,21.535717500370218,23.20010966706315,55.40887861930648,27.70443930965324,27.70443930965324,27.70443930965324,2543.8637613083038,83.11331792895972,27.70443930965324,83.11331792895972,55.40887861930648,28.836094580884932,2573.5244650308105,138.5221965482662,210.00841015057202,32.305276157080314,2740.990731500058,27.70443930965324,42.656941324017666,242.32806079129355,32.305276157080314,64.61055231416063,2855.7522301041204,37.61537707095289,371.54916541961484,42.59470603838331,2890.6819680618287,69.8907833123376,403.85444157669514,84.52620015675828,10.563702469615617,2992.8780275312465,32.305276157080314,543.1451634362306,3600.6337432816376,3632.939019438718,32.305276157080314,3670.03737467914,64.74053458684205,3693.8824964109544,118.64945679950696,52.152100219381964,35.00432601230159,3872.6564039527825,89.40025068098164,3897.776528682802,114.52037541100125,25.120124730019604,20.567301109749902,4083.1044546635926
45,2.3577310147075785,30.049792596794234,16.434859465339766,2.2183571450681145,5.125243885826873,23.311266894619827,2.2183571450681145,28.877822976722193,2.2183571450681145,62.80600619452469,2.2183571450681145,2.2183571450681145,111.83481798696269,29.181552471130466,20.21887337236115,2.2183571450681145,36.582230833733334,30.140693906057656,132.92749662803703,34.265115403669164,7.215125351758504,39.11354492636909,11.211572846199989,99.11783594658002,33.03616593139699,24.844062411683574,216.5076450283835,55.00533323831702,21.302510357092164,21.536799253695925,20.21887337236115,36.50605771095859,12.869380462918857,25.75892468813683,137.23072840023377,49.68812482336715,27.402283307073702,246.16705061526187,122.76108826691964,63.05285982020654,22.496212418225753,51.51784937627366,25.75892468813683,25.75892468813683,192.42757959083946,55.2188205908699,55.796386260602986,52.922342221703744,18.924114764548193,83.42591669430342,52.37555775460202,46.90766147709737,25.884772449851546,51.05040705138632,474.66775459267126,13.293800688240392,15.409314037230573,128.79462344068415,22.504434045499632,25.75892468813683,25.75892468813683,357.702862532363,103.22546601612422,33.28255245562849,313.68150535156843,24.844062411683574,25.9511334000784,494.86570592145534,44.427216961241704,22.504434045499632,7.358864364688091,206.07139750509464,45.008868090999265,534.96203185476,367.96887890630114,50.06812921272412,50.79519581176197,1124.768571807425,231.83032219323147,67.5133021364989,523.336342677636,38.535210149038846,26.355946484232355,1214.7863079894234,257.5892468813683,25.75892468813683,23.879461340624374,22.504434045499632,22.408032867280376,22.68821536385993,640.1863695143244,1905.118641096036,309.10709625764196,47.46081171040245,45.00849249813106,45.04686148347759,2065.0657951300323,334.8660209457788,24.78783334991285,17.662329855870755,2113.858839644069,378.2872754897864,26.44224008595952,25.75892468813683,2137.959990979498,404.0546022079081,58.32935406898012,24.844062411683574,23.41126851376012,27.045129328602115,51.51784937627366,25.75892468813683,25.75892468813683,25.75892468813683,2710.076521651545,77.27677406441049,25.75892468813683,77.27677406441049,51.51784937627366,26.786168533705535,2737.6101595846644,128.79462344068415,201.83737026274903,39.58914681283178,2893.288780217227,25.75892468813683,46.26045282537599,241.44092186817198,39.58914681283178,79.17829362566356,3012.034647698008,43.722781527712016,399.79750911949907,46.22510612667727,3054.2019027641036,83.26538719433876,439.3866559323308,92.07267193252895,12.94550047872066,3177.056436771274,39.58914681283178,591.1688762517472,3847.4036066486847,3886.9927534615163,39.58914681283178,3931.0650039162506,79.31163203205054,3953.250883950544,132.88366803539685,50.11491470833017,32.33278574298056,4141.792787898674,84.48537775318195,4165.118238068426,107.81082792293402,23.325450169752077,19.09789709716077,4338.6778634280245
46,2.3873952923031725,32.531262260308445,19.00121226040032,2.241975801849409,5.199337356526496,26.537784070503477,2.241975801849409,31.38570873371257,2.241975801849409,68.04072285661593,2.241975801849409,2.241975801849409,119.78038640813796,32.61204162020552,23.485102578134786,2.241975801849409,39.569542806266824,32.62944472387301,142.61490124927727,37.808082336847036,7.438123402348404,45.40107326784679,12.209434044674573,107.26162589917155,35.75408406548902,24.690789754322015,237.4563031938223,59.21327511548583,26.484748514857657,27.015271134391647,23.485102578134786,39.48851014842887,14.157678213586532,23.998060284956367,148.15721605506803,49.38157950864403,27.525313117235115,271.49115526595114,133.09934303169013,77.0199540926759,28.541126979800843,47.99612056991273,23.998060284956367,23.998060284956367,202.65855487318845,54.503971772398664,55.016207806887735,53.15672534492754,21.548416270597862,84.03515638472535,52.359183219166866,50.85261096989065,25.843442834114395,55.13388828206018,533.8284134091209,14.355897153605556,17.78685093003883,119.99030142478183,28.554146834098603,23.998060284956367,23.998060284956367,367.26104690373904,105.02203624918987,37.16561170715522,322.62483789510634,24.690789754322015,25.916961910759646,557.9653757392791,50.302280556084895,28.554146834098603,9.337097443849732,191.98448227965093,57.108293668197206,555.8641013604135,376.64669913871984,49.80239862585876,50.607751665081665,1227.1578618304075,215.9825425646073,85.66244050229581,531.0918904768494,40.520615645747554,30.052588875227805,1341.374449166802,239.98060284956364,23.998060284956367,25.874648005786185,28.554146834098603,27.203736316839482,26.740649690781325,654.0683573699147,2055.4759873096573,287.97672341947634,52.02539771468646,57.10523022982826,54.22038025563549,2245.7985775502993,311.9747837044327,24.770271847925585,16.454943744184277,2296.3095729111737,352.4277877335733,24.619127477603634,23.998060284956367,2321.942994899715,376.4334847069292,54.178908364263904,24.690789754322015,26.287086580104532,32.03935474785735,47.99612056991273,23.998060284956367,23.998060284956367,23.998060284956367,2874.1224281697373,71.9941808548691,23.998060284956367,71.9941808548691,47.99612056991273,24.931154133272244,2899.731504511181,119.99030142478183,192.97869405582185,45.73150216579832,3044.741641227999,23.998060284956367,48.058835102839936,238.71601134952604,45.73150216579832,91.46300433159664,3164.3479998707166,47.46494137351337,421.6420200127193,48.04426798897787,3211.134386958041,93.17478900213644,467.3735221785176,95.93188608628493,14.954027324177401,3350.040678125976,45.73150216579832,626.0260552992052,4067.5297377567776,4113.261239922576,45.73150216579832,4161.722538109974,91.5332624839221,4182.406441188495,143.78411923882848,47.47822808749855,29.91781206538225,4377.80991398769,79.24782077908989,4399.511455482675,100.94936227407487,21.70154149498498,17.768309006033338,4561.632209752754
47,2.4185337598522043,32.25559513543547,22.01086516670548,2.2669988665550735,5.276781278376404,30.55080179241519,2.2669988665550735,31.11145782633899,2.2669988665550735,67.515975460656,2.2669988665550735,2.2669988665550735,119.20282681364401,36.80787739817612,27.219459038366935,2.2669988665550735,39.51193720504501,32.35159795491819,141.99324053379726,42.384696404968366,7.469015884295773,52.61654978170268,12.206616536108363,106.68609995286286,35.52297138204178,25.284656169610443,250.44748827350904,59.18290151355493,32.71880777150921,33.48614691905974,27.219459038366935,39.41302970453428,14.958678849410916,22.403643650193754,147.5857788162539,50.569312339220886,28.34790994408265,289.4453692283747,134.62442138252018,93.51021831721302,35.17317140054976,44.80728730038751,22.403643650193754,22.403643650193754,200.4590873231371,52.861575698820594,53.31584161322128,52.26628373868658,24.578713395485728,86.88158030268104,53.78712393935711,54.570806531178945,26.529960196719024,57.16498896606113,580.4439509464504,14.521122251803778,20.600341776130257,112.01821825096877,35.18751645238329,22.403643650193754,22.403643650193754,361.246946291809,104.277162398276,41.753730077939224,332.52497581930356,25.284656169610443,26.609404447568124,609.1732454934687,56.15466887358907,35.18751645238329,11.506184087091114,179.22914920155003,70.37503290476658,558.095654435761,385.2590717612287,51.02391125122867,51.89406061717857,1300.5591239346782,201.63279285174377,105.56254935714988,540.7674149767981,43.50841557440735,33.17005856270665,1441.3091897442114,224.03643650193752,22.403643650193754,28.776423453482998,35.18751645238329,33.052132346547594,31.87551891762743,669.1265049433059,2181.9109314831835,268.84372380232503,58.44999972134805,70.37040798898141,65.44819784487382,2408.784849671039,291.2473674525188,25.50917431892597,15.361687217686718,2462.6562299537154,329.0126983203993,22.968571758449755,22.403643650193754,2490.69197634025,351.42328842837605,50.42315049917171,25.284656169610443,30.142029972456637,37.60659804707097,44.80728730038751,22.403643650193754,22.403643650193754,22.403643650193754,3028.19798310475,67.21093095058126,22.403643650193754,67.21093095058126,44.80728730038751,23.251833710021128,3052.0650330954195,112.01821825096877,183.72000459192287,49.45617604686683,3187.415519023712,22.403643650193754,48.44981774986432,233.1753552601259,49.45617604686683,98.91235209373366,3305.4794853944236,49.34198890951464,431.00005944759323,48.45104646293969,3354.8131185202915,98.79597493659409,480.4562354944601,96.91347575651127,16.1719815210287,3503.0652695037525,49.45617604686683,641.1024471087612,4243.080068706247,4292.536244753114,49.45617604686683,4343.3438052735055,98.93338401314269,4362.667495537636,149.13055502724217,44.18846769333629,27.734081770121158,4559.763692773951,73.60668048993365,4579.995253212904,93.8382409288863,20.23156043895264,16.56475037207023,4730.8613653917655
48,2.4542898082590967,32.252993097706074,24.745096887897226,2.2972028112031264,5.361820957596857,33.48309235549988,2.2972028112031264,31.259236538910343,2.2972028112031264,68.17111164709553,2.2972028112031264,2.2972028112031264,120.24280711048962,39.00885621931378,30.89204830454274,2.2972028112031264,40.84107587898511,32.35586046681603,142.51616331296276,44.02733308348055,7.4238171314745385,59.632887575301496,12.161885365494612,108.49016025739462,36.120792552261136,26.724570932395636,260.8469401407927,60.420809771962986,36.30599321319304,37.39059067998795,30.89204830454274,40.714594357964835,15.123663626528407,20.959273759195902,149.25640006276026,53.44914186479127,30.00905434654749,304.056313336019,137.69809037270446,104.67059260727936,40.03878359921035,41.918547518391804,20.959273759195902,20.959273759195902,199.81356447199732,50.53508112802315,50.93787739248724,50.529455415216844,27.369306675189847,92.19012443688288,56.899282552847495,56.333950739464555,28.059483704800492,57.59590924770616,617.8056361791276,13.992753391698457,23.082038985413263,104.7963687959795,40.05657263574099,20.959273759195902,20.959273759195902,354.4428649959362,101.60064839334783,45.486557353955504,342.9744259354751,26.724570932395636,28.144659049183574,650.133191510179,60.66710657978834,40.05657263574099,13.098346945527473,167.67419007356722,80.11314527148198,554.6883465904116,393.6588281930559,53.93640804535946,54.86922998157921,1352.5685899487735,188.6334638327631,120.16971790722297,552.8863279363238,47.133132706621886,34.875781427888796,1512.7948804917373,209.592737591959,20.959273759195902,30.96296318996791,40.05657263574099,36.62181784985173,34.898584991133994,684.9720331383339,2277.5938807958,251.5112851103508,63.05561142856939,80.1068749625673,72.35301704613357,2529.0817093340856,272.4705588695467,26.98985246087836,14.371314453390344,2586.515366143142,307.80114708213296,21.47356758107928,20.959273759195902,2616.5507020341065,328.7667447493889,47.02316494356704,26.724570932395636,32.685481267203976,42.18433792958976,41.918547518391804,20.959273759195902,20.959273759195902,20.959273759195902,3138.79100899677,62.87782127758771,20.959273759195902,62.87782127758771,41.918547518391804,21.73089152881623,3161.080575235555,104.7963687959795,174.28756593621273,51.275983185327284,3287.680833558589,20.959273759195902,47.758883082659935,225.55767436223903,51.275983185327284,102.55196637065457,3402.387355097236,49.764627267279,430.66160710354814,47.77185960600403,3452.6456307710628,101.05344257281075,481.9375902888754,95.68019320788659,16.767051535886495,3604.9750565292006,51.275983185327284,640.8189617138696,4348.345984613725,4399.621967799052,51.275983185327284,4451.178457511688,102.53511185844803,4469.2697325136905,150.08141331620288,40.677874482674845,25.758778102031215,4664.010259129473,67.96957603155273,4682.910594327021,86.86991122910094,18.9003351975482,15.47479916047673,4823.055975111694
49,2.4798625325261114,34.08220881670673,27.13838699978653,2.3121178314622495,5.442384893945618,36.449682727016175,2.3121178314622495,32.97041742876482,2.3121178314622495,72.36613989893814,2.3121178314622495,2.3121178314622495,126.31758499377703,41.921130675958025,33.93364362426209,2.3121178314622495,43.49492653700295,34.20649589274579,149.0336299830032,46.93281677914363,7.534205587109167,65.48973389932989,12.564267482372017,115.2770600357591,38.47037069012089,27.280470152732615,277.45411528651687,63.58721456686119,40.42836738654464,42.081567301122334,33.93364362426209,43.363856662411195,15.844338804202712,19.650172661612576,158.27778329870975,54.56094030546523,30.943575518624357,324.588305092973,145.1899035961087,116.52251861375922,44.74877172007367,39.30034532322515,19.650172661612576,19.650172661612576,205.9461075369328,47.636305663390985,47.99258975466003,48.1720316181079,29.890861889700908,96.12561365573333,58.408780605500624,56.57539852208167,28.769188429562636,56.79671002907171,665.415916927806,14.282400924454667,25.299527938724378,98.25086330806289,44.755965889693954,19.650172661612576,19.650172661612576,352.5484349308661,97.48815875795171,49.34747946029149,346.2258747296504,27.280470152732615,28.864182145496002,700.7243513154053,65.445684101948,44.755965889693954,14.635030671154677,157.20138129290063,89.51193177938791,553.2706963038584,394.26997423475285,55.1043254387423,56.14465229822862,1415.8127246766674,176.8515539545132,134.26789766908186,553.1885828937361,49.30085421335394,35.476215556461646,1594.8365882354433,196.50172661612578,19.650172661612576,32.90505032141972,44.755965889693954,41.04396303815172,38.611873045506584,685.7894328455482,2368.847096848081,235.80207193935092,67.42742155810521,89.5081543828722,80.66888862136207,2646.648774827808,255.4522446009635,27.610328289604148,13.473692534768569,2706.4262090706197,288.57610979734466,20.11879250090686,19.650172661612576,2738.014346693908,308.2320448036971,43.94388756536127,27.280470152732615,35.37757259620421,45.075619989205684,39.30034532322515,19.650172661612576,19.650172661612576,19.650172661612576,3243.563839493261,58.95051798483773,19.650172661612576,58.95051798483773,39.30034532322515,20.35272548666147,3264.4242525852032,98.25086330806289,164.85729002927872,51.61192841393015,3383.0941343657614,19.650172661612576,46.25134972760069,216.45958760510356,51.61192841393015,103.2238568278603,3493.0936922835226,49.06897163669871,422.90730126082417,46.272802759711944,3543.0221646684586,100.70512822361259,474.51922967475434,92.77246072317467,16.876904348281347,3695.3392213060015,51.61192841393015,628.7893030557702,4427.352381189632,4478.9643096035625,51.61192841393015,4530.037244377293,103.17836179100873,4547.011317216274,147.42557201125942,37.5062197322119,23.97134260432403,4736.102427271802,62.87409387057558,4753.796622711748,80.568289310521,17.694195439945414,14.487262679600434,4884.24056558176
50,2.5136422240672425,37.960097967112475,28.592256834468643,2.3382031997129413,5.530291332047412,38.82236747479136,2.3382031997129413,36.59275672283617,2.3382031997129413,79.80043010751652,2.3382031997129413,2.3382031997129413,137.7791325977658,45.33076821747436,35.536041602876494,2.3382031997129413,45.568910185565315,38.097324229935374,163.48300227796824,51.042620075509326,8.306615288302769,68.64410134255506,14.470599476601254,124.92390092830018,41.98327870344624,28.334166166414235,300.3514162698428,68.34447774668496,45.437365929093346,47.31454456532368,35.536041602876494,45.534052847033415,17.68891057361445,18.46302478886561,172.20359436453526,56.66833233282847,32.6842889431663,350.3870428650565,156.39390335874714,128.38885069134668,47.41102632526574,36.92604957773122,18.46302478886561,18.46302478886561,216.34117070911176,44.09274443914089,44.40606970435737,45.24577029239278,31.621426115268907,101.53231774939294,61.238065599096124,55.64961306985263,30.103299746515894,55.06905078912677,718.6697381354385,16.385774240124746,26.710971031111875,92.31512394432805,47.409978196765785,18.46302478886561,18.46302478886561,353.0493996991992,92.19092397521118,52.835279030154496,350.21985564035697,28.334166166414235,30.216133958128044,756.02934770656,70.3850565427282,47.409978196765785,15.502882604265618,147.70419831092488,94.81995639353157,551.4468880420113,395.01495015045145,57.31422381168237,58.550300124542275,1480.9926825085056,166.16722309979048,142.22993459029735,555.1665241639365,49.96212039495646,35.2224622914627,1670.6325952955688,184.63024788865607,18.46302478886561,36.14794442923859,47.409978196765785,46.08394553468898,43.43473624287914,685.3336058806615,2451.2931501769663,221.5562974663873,74.38886137130517,94.81815538492319,90.03569455531212,2755.8613363892377,240.01932225525292,28.79059491270272,12.659691268411018,2819.772374957688,271.14203831252956,18.89044036008682,18.46302478886561,2854.0882290281606,289.6103188374816,41.153724320221734,28.334166166414235,39.32239414942252,46.352097976228904,36.92604957773122,18.46302478886561,18.46302478886561,18.46302478886561,3344.1673822929483,55.38907436659683,18.46302478886561,55.38907436659683,36.92604957773122,19.103277454122967,3363.7323652036207,92.31512394432805,155.5192356428896,50.80845238291806,3475.2110132129937,18.46302478886561,44.09759194784718,206.31534711959154,50.80845238291806,101.61690476583613,3579.3328934641772,47.529023035339875,409.5491566512638,44.12717267146022,3627.9776781107853,98.37015256684384,460.35760903418185,88.56781995219293,16.614170741182335,3777.156283060547,50.80845238291806,607.7112510267232,4486.484438853106,4537.292891236025,50.80845238291806,4586.94748827573,101.550274217051,4602.908232895398,142.26258480984276,34.64003162882153,22.353251532553013,4784.124892892527,58.26677310553113,4800.72571654726,74.86759676026438,16.600823654733244,13.592055869401369,4922.387016486392
51,2.5388539189089423,40.997336772800686,29.982475096976138,2.3559932753304498,5.600596181778655,41.8729044035221,2.3559932753304498,39.482802420714094,2.3559932753304498,84.67804010293064,2.3559932753304498,2.3559932753304498,145.68827501943724,50.07385484318742,36.756933730862954,2.3559932753304498,46.22002808263512,41.10329696810821,172.9215890379157,57.41177468004741,8.360023702597568,71.1475487216569,14.931232711351786,130.52477768498966,43.787343428318806,30.382053168460743,320.27714041579156,69.51313640588387,49.98637541724378,50.34350161146746,36.756933730862954,46.25935898617323,19.3363466361261,17.385832171690755,181.28919424575741,60.764106336921486,35.550208626099874,373.1994737658065,161.46839180641774,137.21715075766843,48.46731469972345,34.77166434338151,17.385832171690755,17.385832171690755,221.77594339952455,40.449257301476685,40.72921056030057,41.6254259612612,33.50220229960075,107.41122047019275,66.19348397620345,53.84537487116929,32.48551464741898,52.65772643783722,757.8232894905703,18.067680008737113,28.14324369561166,86.92916085845377,48.459948593124054,17.385832171690755,17.385832171690755,347.7790162534053,85.59132477582445,57.56624816747078,355.61337169255546,30.382053168460743,32.6195995672247,797.4016396690104,74.91877022562679,48.459948593124054,15.846218931591896,139.08665737352604,96.91989718624811,542.849461902621,396.7242253176983,61.53227561004151,63.00165273568544,1523.869287100792,156.4724895452168,145.37984577937215,561.9026744810956,49.461535440064075,34.31949937439807,1717.7090814732883,173.85832171690757,17.385832171690755,40.29239952960068,48.459948593124054,48.986057899276844,47.43861004970955,687.1175560338742,2503.6329209237574,208.62998606028907,82.73188629990321,96.91964752619663,96.5527826431043,2828.4076068998957,226.01581823197984,31.010870062391962,11.921083909866535,2898.488974415244,255.32273431353713,17.776071167983,17.385832171690755,2936.6031793143584,272.7133651327282,38.624207694611414,30.382053168460743,43.483312825918006,46.37462676094668,34.77166434338151,17.385832171690755,17.385832171690755,17.385832171690755,3412.30456895589,52.15749651507227,17.385832171690755,52.15749651507227,34.77166434338151,17.96988041455063,3430.6946825267432,86.92916085845377,146.1819958537082,49.14624445161971,3535.648517513869,17.385832171690755,41.27856652365727,195.31403042341395,49.14624445161971,98.29248890323942,3632.643375759244,45.3530398223114,391.8990082298928,41.318599457986,3679.2949179852067,94.53802711174117,441.04525268151247,83.06184078444488,16.07063506783002,3822.979189548568,49.14624445161971,579.1365772272758,4500.408255679083,4549.554500130703,49.14624445161971,4597.097832383903,98.21078315784673,4612.138905580404,135.72972406254888,32.049151535778755,20.88781440573018,4784.3655652628695,54.09944434282412,4799.974686477056,69.70856555701046,15.609121214186334,12.780091640512516,4913.681586102952
52,2.559747506000544,42.450591446679795,31.572008749398208,2.368811276307062,5.664502015791783,44.82068517535849,2.368811276307062,41.535629893867544,2.368811276307062,86.63175450299282,2.368811276307062,2.368811276307062,149.60108120115288,54.264425720151166,38.37198043868196,2.368811276307062,45.77339978026068,42.53112287521001,178.45011204816925,62.79109530104025,8.236069372868181,74.37067280217045,15.262126892082392,132.09131700232217,44.257548423516624,33.29405781747764,335.9141312350617,69.27609960962569,52.454724743918106,51.64131268384049,38.37198043868196,45.86895013011644,20.751519242270007,16.40778399249816,184.5385017198417,66.58811563495529,38.95437574363135,391.8989023138274,163.66029440704875,142.6407139055587,48.279793467561305,32.81556798499632,16.40778399249816,16.40778399249816,221.72869942276333,37.15929015333495,37.40919906184407,38.232569221757366,35.6289541642227,113.64679291093915,72.5642713995423,51.39687322351027,35.67487737125656,49.68313109310634,785.7977635727328,19.417764697518738,29.72288599980492,82.03891996249081,48.267677151010666,16.40778399249816,16.40778399249816,337.4352852671776,78.62202324004255,62.465445607619515,362.49144642682,33.29405781747764,35.81835224048413,828.4549080273257,79.43130844680688,48.267677151010666,15.78334690109094,131.26227193998528,96.53535430202133,528.2783479387347,400.2753263223806,67.5167215128269,69.11241005796177,1548.980340433231,147.67005593248345,144.803031453032,574.2596726407579,48.08025002349636,32.933937071428474,1742.0510490372737,164.07783992498162,16.40778399249816,42.85416975176245,48.267677151010666,50.20954178359737,49.531550437107306,693.3396968293517,2534.850823181102,196.89340790997795,87.61475149385944,96.53630732787869,99.5681514144471,2868.6335759805297,213.30119190247612,34.17539879477472,11.250457718557039,2944.769767160598,240.9594336135313,16.76447584487972,16.40778399249816,2986.0293279780335,257.37160378842606,36.32968716420848,33.29405781747764,45.75913042482999,45.4381700918199,32.81556798499632,16.40778399249816,16.40778399249816,16.40778399249816,3446.482893920436,49.22335197749448,16.40778399249816,49.22335197749448,32.81556798499632,16.94112073795135,3463.806839271672,82.03891996249081,137.00233772741683,46.85300213300484,3562.836755559065,16.40778399249816,38.01855746685989,183.83993267115702,46.85300213300484,93.70600426600969,3652.6737924584327,42.556655803771356,371.2519412031764,38.05268056506676,3696.724963960284,89.45255035533624,418.10494333618124,76.46788843426184,15.3207535491955,3833.0305164486253,46.85300213300484,545.8653780675573,4472.601898782193,4519.454900915198,46.85300213300484,4564.290794706064,93.61408723761048,4578.496647052736,128.24745814933772,29.70640596413715,19.55999250279907,4741.013185404304,50.32870580157108,4755.722273103735,65.03779350100207,14.709087699430992,12.043182070763528,4862.221424074362
53,2.5899564590949904,42.67083043040134,33.23884861060099,2.384325401922831,5.767306076172712,47.22941753725771,2.384325401922831,42.23001242694475,2.384325401922831,86.3204722614508,2.384325401922831,2.384325401922831,150.21596918365742,57.338847204388244,40.33629011083148,2.384325401922831,44.49430237630645,42.730780297209165,182.08607739098406,66.24903062149345,8.667546820462679,78.19647613767324,16.698016244759422,130.54979820831124,43.70086512407408,36.422412175484595,347.99210387578154,69.86633226756405,53.29469937617705,51.59581694279317,40.33629011083148,44.631476107925245,22.265930170881997,15.519139053263402,182.8488220432326,72.84482435096919,40.997092979479646,407.06850309543074,166.5714303029992,145.48687762035763,47.144271715737545,31.038278106526803,15.519139053263402,15.519139053263402,217.06173915232293,34.1879132286674,34.410775737070495,35.168354166469484,37.42750361261792,119.2601720535277,77.81882211079505,48.381521500645825,38.58036600927807,46.080620348257526,808.0331928111029,21.018918750558356,31.307427171059828,77.59569526631701,47.1286766093226,15.519139053263402,15.519139053263402,323.46950149904137,72.32770068872975,65.59889688698341,366.49079812290506,36.422412175484595,38.68568404176604,854.4385019194025,84.22687916818748,47.1286766093226,15.410898054759482,124.15311242610721,94.2573532186452,508.40339460517515,401.2696735502713,73.88037561266364,75.10809621725063,1560.7289527291016,139.67225147937063,141.3860298279678,584.6423788868989,46.04664414303891,31.13888032160763,1749.243659166392,155.19139053263405,15.519139053263402,43.91886742721547,47.1286766093226,50.13101624716093,50.13163290202686,696.8518535878318,2544.039209858491,186.22966863916085,89.52987370439382,94.25922393947624,99.86041065178524,2877.8834313691027,201.74880769242424,37.476321460699694,10.641133368587452,2958.650793853571,227.9090801142751,15.845554357326623,15.519139053263402,3001.4468947518885,243.43223309647541,34.247050299847885,36.422412175484595,46.55911894785957,43.7828490757084,31.038278106526803,15.519139053263402,15.519139053263402,15.519139053263402,3445.587845498694,46.557417159790205,15.519139053263402,46.557417159790205,31.038278106526803,16.006714091034283,3461.943637489134,77.59569526631701,128.67861857523536,43.973567573213955,3555.5914861796196,15.519139053263402,35.073051806725616,172.63559153742438,43.973567573213955,87.94713514642791,3638.954940616099,39.110088935325194,348.5298618302802,35.10186966289248,3679.7174626213496,83.1305691663868,392.5034294034941,70.51050273058442,14.379189396564257,3806.82159936095,43.973567573213955,510.664903888352,4405.43363839573,4449.407205968943,43.973567573213955,4490.853163537564,87.8452684105126,4504.299950224871,119.87047756225684,27.58731102210145,18.356235329676853,4656.418375290352,46.91545128907956,4670.310087463899,60.807163462626875,13.891712173547308,11.373949384171818,4770.274624657793
54,2.6087796127246805,41.945135583351245,33.2714257141787,2.3937333902930433,5.830926953299383,47.37251798331872,2.3937333902930433,41.875346685621,2.3937333902930433,84.28241156329281,2.3937333902930433,2.3937333902930433,148.57492935088837,58.28461331214616,40.30035606868437,2.3937333902930433,42.54351624911675,41.98852085782671,184.744681689985,67.2283639900814,10.063139071991063,78.14969692487534,19.926711425539295,126.60098782068889,42.367619634383516,38.48485913006963,351.71392115434907,72.54169585645819,52.876844714865406,50.52397033464225,40.30035606868437,42.7201727807954,24.157681469169933,14.711119880184334,177.87933774547548,76.96971826013926,41.69701774348614,411.41239306862997,172.28917153524148,144.0773547448915,45.30135380334456,29.42223976036867,14.711119880184334,14.711119880184334,209.40270534556413,31.503654431972684,31.70217143110457,32.40031486203847,38.02889814628202,121.94501542416468,80.58762278579542,44.69534543589991,39.97743237789794,42.33224733924069,815.444803095577,23.741468365541117,31.356880053646734,73.55559940092166,45.28330548690329,14.711119880184334,14.711119880184334,307.41074704731136,66.64167802816891,67.70470758186059,363.05567849780175,38.48485913006963,40.05194211203574,864.5661718293318,87.04322469352385,45.28330548690329,14.807468714348602,117.68895904147467,90.56661097380658,485.3489436897577,395.11971491445155,77.7167653624953,78.53680124210537,1548.948594866831,132.400078921659,135.84991646070986,583.0734147946653,43.3972327502321,28.882427452542895,1730.0818168144442,147.11119880184333,14.711119880184334,43.82284903359527,45.28330548690329,49.05823135443754,49.58119122634054,687.6290452138728,2512.49955696527,176.53343856221198,89.14698229464796,90.56916739474934,98.06625997075838,2839.564521827202,191.2445584423963,39.19278185539087,10.08709233863083,2922.1656986843213,216.04277066121148,15.010205919213842,14.711119880184334,2965.2450261161744,230.75756845343096,32.35547148657827,38.48485913006963,46.21861757683395,41.47934132557043,29.42223976036867,14.711119880184334,14.711119880184334,14.711119880184334,3391.235063466051,44.133359640553,14.711119880184334,44.133359640553,29.42223976036867,15.157393633312877,3406.7110879765582,73.55559940092166,121.12662134476454,40.37413695065796,3495.465518303931,14.711119880184334,32.41099329086255,161.48238067889056,40.37413695065796,80.74827390131593,3572.972127299566,35.99709667718809,322.9789284815224,32.43505044365318,3610.391456851584,76.42367174843858,363.35306543218036,65.12682027199673,13.202189269036442,3727.1892655506804,40.37413695065796,472.51255916963805,4280.450098621634,4320.824235572292,40.37413695065796,4358.859519727537,80.63250862045552,4371.61592122751,110.29958100118944,25.66980612675287,17.264333277602123,4512.328710725946,43.82444491126502,4525.477585945589,56.9733201309092,13.148875219644182,10.765745743840487,4619.514402259628
55,2.6427887644304406,40.50365155261482,33.01006104399495,2.416458834873953,5.92949432442994,46.262896952827006,2.416458834873953,40.72414524771395,2.416458834873953,80.8506749344528,2.416458834873953,2.416458834873953,144.0226434121989,56.40279933821835,40.236727926771664,2.416458834873953,39.893181238351794,40.53167083127237,183.5012578311854,64.37836096733089,10.241626446901948,77.95352414036928,20.836207866638084,120.55597643657151,40.35823535460902,39.65517016731229,346.84145696079185,70.98164325643079,51.503603243513815,48.68373640136758,40.236727926771664,40.11857258902539,24.11060002382967,13.975817312949568,168.81002540360953,79.31034033462458,41.359746363819035,405.9662220085979,169.24050510995738,140.92996938902755,42.831476694983984,27.951634625899136,13.975817312949568,13.975817312949568,197.9031568450252,29.07815700189918,29.254761737366152,29.899199095480114,37.96533927857028,122.18633412399653,81.06245510818363,41.10219856742831,40.200097794084805,38.94685972422831,801.9827038056499,23.997117796552473,31.04179783989834,69.87908656474784,42.811070525684556,13.975817312949568,13.975817312949568,288.32177639750876,61.50387655002293,67.42600821668988,354.4394881388219,39.65517016731229,40.24988481590785,852.1907825570829,86.68519393485278,42.811070525684556,13.99905728216301,111.80653850359654,85.62214105136911,457.3465444718353,384.05019534639143,79.40965588289353,79.90505498322014,1504.493398998562,125.78235581654612,128.43321157705367,572.6394889619064,39.99054735320895,26.569938135952775,1675.7376811013003,139.75817312949567,13.975817312949568,42.84093253920355,42.811070525684556,47.24162405658691,48.159469041540774,668.9928444990821,2435.005875665581,167.70980775539482,87.01308027843439,85.62534529775678,94.70426268871017,2749.9351640610666,181.6856250683444,39.67186165152682,9.58291149088177,2832.2037403773047,205.24435387217574,14.250230063951447,13.975817312949568,2874.6038367556534,219.2235457352408,30.636185521864235,39.65517016731229,45.01136454670732,38.41738518075466,27.951634625899136,13.975817312949568,13.975817312949568,13.975817312949568,3281.526623747296,41.927451938848705,13.975817312949568,41.927451938848705,27.951634625899136,14.384809282823245,3296.2025902902965,69.87908656474784,114.27046201181807,37.045308147832614,3380.504312663554,13.975817312949568,30.004399716375524,151.2993005838958,37.045308147832614,74.09061629566523,3452.7099922862667,33.18472853656146,299.48053317522624,30.024186597062748,3487.1102115306903,70.27801506642146,336.52584132305884,60.26020012624066,12.113674907656291,3594.4335347449446,37.045308147832614,437.5220857041746,4106.046236744784,4143.091544892617,37.045308147832614,4178.046917204035,73.98665987296789,4190.174878687403,101.52094761074743,23.93401408086546,16.273284869689522,4320.442371845909,41.02393789078543,4332.915632523978,53.4971985688544,12.473260678068964,10.21258098609956,4421.571933435071
56,2.681262801662398,38.38191405272753,32.729205503735336,2.4406579890365467,6.051283528562221,44.79246826883433,2.4406579890365467,38.878755756542745,2.4406579890365467,75.98002496542443,2.4406579890365467,2.4406579890365467,137.90083435035606,53.900098521575835,40.27793165739388,2.4406579890365467,36.85033634106855,38.393189156062384,180.66106838091318,60.47312631747089,11.137054406019967,77.92330424969624,22.822362280197847,112.68191182389623,37.58962298614958,39.710827646889875,339.26750167107446,70.81938480211734,49.42076985178206,46.22791035657231,40.27793165739388,37.05460596265088,24.237294538343477,13.306104540538925,156.7699991601481,79.42165529377975,40.23470546875555,397.7712847382085,168.8186393681725,136.56674213757015,39.633340534280165,26.61220908107785,13.306104540538925,13.306104540538925,183.66660299088068,26.885871069468365,27.042755643478714,27.638650191333678,38.07363947174938,119.48992272762962,79.71799883534672,37.85648746606842,39.521595670088345,35.88859976176407,786.7056384331861,24.993803749886155,30.673948269684516,66.53052270269463,39.609820928275255,13.306104540538925,13.306104540538925,267.2260848861127,56.860164442882606,67.43559289964719,341.08734980613815,39.710827646889875,39.55168796200221,836.7381116601163,86.97286103359866,39.609820928275255,12.952260835861871,106.4488363243114,79.21964185655051,428.45783734756037,368.4804184080958,79.02332801812199,79.26251560889209,1454.8285859972884,119.75494086485033,118.82946278482576,553.8483170104382,36.89514686710868,24.480936587980505,1613.2678697103895,133.06104540538925,13.306104540538925,41.162031922490414,39.609820928275255,44.80149822940535,46.09150791422536,642.7728964424757,2340.440814028877,159.6732544864671,83.50177333503345,79.22363360165335,90.07821335637739,2638.5048080631445,172.979359027006,39.19773178189309,9.12370412728968,2718.778501916381,195.40916769483462,13.558237511407048,13.306104540538925,2759.7739372843475,208.71837285152517,29.072283629653604,39.710827646889875,43.130764822978904,35.469822051891285,26.61220908107785,13.306104540538925,13.306104540538925,13.306104540538925,3147.3997363459694,39.918313621616775,13.306104540538925,39.918313621616775,26.61220908107785,13.681436955457965,3161.347536364742,66.53052270269463,108.04176458106235,34.0393802501958,3241.594064363509,13.306104540538925,27.828058576799545,142.06639349660406,34.0393802501958,68.0787605003916,3308.999929182569,30.643295678712846,278.2239144973872,27.844016868359397,3340.6731021939668,64.72662880909901,312.263294747583,55.85960776046056,11.130747914512693,3439.4391112532617,34.0393802501958,405.8780860697784,3913.3959578234317,3947.4353380736275,34.0393802501958,3979.608880729188,67.9854402724881,3991.1642782794456,93.5900646710841,22.362024904409186,15.373177151315112,4111.985796224287,38.4853233238143,4123.844072346729,50.34359944625635,11.85827612244205,9.709057509629362,4207.613281547499
57,2.715525939468631,35.47220713614874,32.16870689125344,2.4598266622999567,6.163538502761077,44.001050658758615,2.4598266622999567,36.25782180849306,2.4598266622999567,70.2499792889725,2.4598266622999567,2.4598266622999567,130.46222283442611,53.61104766847353,39.69260948496809,2.4598266622999567,34.09969346552049,35.48268768751337,174.83552833953732,60.06598272234665,12.601731195376868,76.74404947505406,25.872300551997355,104.20745347570127,34.764055508233014,38.91353629510123,331.5406535377296,72.58245910173683,46.73977766125574,43.12141232149163,39.69260948496809,34.284920675855396,25.65794226216946,12.695559648256461,145.47086288422219,77.82707259020246,38.41013961344278,389.69872338376103,173.07661720456997,130.381192781544,36.49936896404497,25.391119296512922,12.695559648256461,12.695559648256461,170.38157728099918,24.903775755016497,25.042915004244385,25.594920331990252,37.747470064733626,114.82752525666291,76.88882221921281,34.92389576440387,38.1120195123996,33.125159167758326,774.4048388923769,28.039334200761097,30.154773538255967,63.4777982412823,36.47794009684974,12.695559648256461,12.695559648256461,247.7401120501785,52.66176800549093,66.85825336818041,324.384596581355,38.91353629510123,38.12380330590729,823.2992117893839,88.96743053958711,36.47794009684974,11.928147712277864,101.56447718605168,72.95588019369949,401.3418925384955,349.77245361064166,77.03692955733639,77.03733960100851,1410.0632540333183,114.26003683430814,109.43382029054922,528.9462724704164,34.09758108018308,22.59335002247932,1555.9750144207173,126.9555964825646,12.695559648256461,38.78398852230437,36.47794009684974,41.6730345475962,43.40828119316336,611.1564865830964,2245.2997694216037,152.34671577907753,78.60490645861533,72.95956987821494,84.1162586548452,2523.24994639866,165.04227542733398,37.97812269185158,8.705066881757597,2600.1004359038884,186.44290195734803,12.92756985982422,12.695559648256461,2639.013323943424,199.14131480816778,27.64852967091874,38.91353629510123,40.5788049293381,32.80553547283692,25.391119296512922,12.695559648256461,12.695559648256461,12.695559648256461,3007.4033864477433,38.08667894476938,12.695559648256461,38.08667894476938,25.391119296512922,13.04049679042941,3020.6878666430553,63.4777982412823,102.37891776923175,31.324449732145098,3097.2377895527356,12.695559648256461,25.859252842917567,133.69016340904193,31.324449732145098,62.648899464290196,3160.2955761327567,28.346047998203414,258.9879623376223,25.871780308500778,3189.5049183279725,59.71081642491002,290.31241206976745,51.87905996829052,10.24297595803984,3280.5401844850276,31.324449732145098,377.25040551859297,3720.439489467911,3751.763939200056,31.324449732145098,3781.4242898955995,62.56515890779036,3792.4575307677487,86.42321070572392,20.937701068791494,14.555077922963804,3904.7338006057234,36.1828251191528,3916.03178181501,47.48080632843968,11.297981209286872,9.250311611152501,3995.358862173176
58,2.743327463416067,32.8416851873547,32.58572885859853,2.46791037496348,6.278132881308002,45.68370307681169,2.46791037496348,33.565611876616224,2.46791037496348,65.06933757688881,2.46791037496348,2.46791037496348,123.54430111417548,57.49960880599373,40.03325976278224,2.46791037496348,31.61241241596923,32.851446637312065,168.23053784053462,65.44877841467022,14.300191929697679,77.41334751950535,29.499685481082153,96.54522874365716,32.209285412823846,37.38982739517064,331.97618378604386,75.42021417165435,43.3877300791493,39.67802401211918,40.03325976278224,31.78047077927133,28.61037196854884,12.13839583330049,136.92170517663152,74.77965479034128,35.79178080472847,392.1636240369187,178.72803909123328,124.13871427528952,33.66779039316483,24.27679166660098,12.13839583330049,12.13839583330049,160.03638144920325,23.111128780219758,23.234301789501366,23.746612262074922,38.5452210055827,109.00704332154669,72.55108274051099,32.27350392302368,35.951938952147856,30.627427692206314,775.0910823845263,32.48093715580295,30.669143829743533,60.69197916650245,33.64824764028728,12.13839583330049,12.13839583330049,231.78720156429344,48.86474115553878,69.00791072334295,305.01379920701845,37.38982739517064,35.94347065991407,822.1287535022396,94.40804921719956,33.64824764028728,11.002849038268844,97.10716666640391,67.29649528057456,381.1619462455797,328.5879107285342,73.60085830015797,73.33329805508471,1387.7420808578004,109.2455624997044,100.94474292086184,498.828410299111,31.56844781432026,20.88729053051645,1522.3350714189496,121.3839583330049,12.13839583330049,35.851570162102966,33.64824764028728,38.38723119427204,39.97936896582823,574.9681472530565,2169.3814536207888,145.66074999960588,72.62611632219532,67.29991187987449,77.48402326786997,2425.726148811709,157.79914583290636,36.02801706192232,8.323031870488675,2497.6930881903845,178.26057353669552,12.352227228962048,12.13839583330049,2533.7140693382194,190.40159905958475,26.351194551022548,37.38982739517064,37.45213090405176,30.396563874279583,24.27679166660098,12.13839583330049,12.13839583330049,12.13839583330049,2882.997281255197,36.41518749990147,12.13839583330049,36.41518749990147,24.27679166660098,12.455879472147576,2895.6769403523394,60.69197916650245,97.22640528354123,28.871771164378742,2968.853772719775,12.13839583330049,24.077513893910446,126.08636553845403,28.871771164378742,57.743542328757485,3027.9707261590725,26.268883163184455,241.573450195969,24.08696872722837,3054.9534599141953,55.17769148100827,270.4452213603478,48.2771247544942,9.440959392154266,3139.002922559582,28.871771164378742,351.3415660987102,3548.08803098705,3576.9598021514284,28.871771164378742,3604.3490687009576,57.668429560895326,3614.905632155106,79.94495135117074,19.646502014755093,13.810938643018599,3719.4485452709873,34.09321773529271,3730.2355683926794,44.88024085698474,10.787023121692034,8.831960629420859,3805.521816122469
59,2.7086151860324907,30.462795178586475,34.62263017610043,2.436652628708151,6.206776060482855,49.399978814927124,2.436652628708151,31.13098064938408,2.436652628708151,60.38388266996498,2.436652628708151,2.436652628708151,117.02568909867745,63.560979742456034,41.74451095422799,2.436652628708151,29.362507554625967,30.471905539526254,161.02615128589616,73.06077622821635,16.212433371892864,81.00539339077127,33.919164973335974,89.61508667450649,29.89859069562885,35.080421347220266,337.8597762894983,79.50130030171296,39.93284413208935,36.567304653776844,41.74451095422799,29.515085251932856,32.42294647927314,11.629398529610262,129.3647961086875,70.16084269444053,33.179726759443966,402.1517050603917,185.2675212511852,119.32274507367542,31.10874393286871,23.258797059220523,11.629398529610262,11.629398529610262,150.8545561214878,21.489240870937977,21.598050356876133,22.074446566581067,40.350311029194174,101.88082442566329,67.3942835405654,29.877452919239087,33.33563378722197,28.36917649020927,786.1845826859089,36.715590553248745,32.68350076158764,58.14699264805131,31.090902905874,11.629398529610262,11.629398529610262,217.53236539302947,45.42948746219481,73.58206005908029,283.7371523420129,35.080421347220266,33.32748950113271,830.7412448998816,102.67848971227555,31.090902905874,10.166607033859938,93.03518823688209,62.181805811748,365.71380425779785,305.67009808187294,68.6557309547242,68.40791084835297,1382.4166711101147,104.66458676649235,93.272708717622,464.4175028363843,29.2812551340924,19.344838761368067,1506.7802827336106,116.2939852961026,11.629398529610262,33.20041444837271,31.090902905874,35.41835250892153,36.88126362466779,535.067108494035,2108.422072327737,139.55278235532313,67.22124686652899,62.18497544167171,71.4914837793612,2345.2412989678455,151.1821808849334,33.40901998601588,7.9740235798721795,2411.937083776233,170.78560299441583,11.826803067206907,11.629398529610262,2445.3036378784386,182.4174292408145,25.16790702224482,35.080421347220266,34.626118270106694,28.21771330297801,23.258797059220523,11.629398529610262,11.629398529610262,11.629398529610262,2776.2848242121086,34.88819558883078,11.629398529610262,34.88819558883078,23.258797059220523,11.922079846887918,2788.4124407484214,58.14699264805131,92.53420240864806,26.655444537779644,2858.5080908367718,11.629398529610262,22.464398910688242,119.17909042246288,26.655444537779644,53.31088907555929,2914.051367513776,24.3900844671134,225.80086857358145,22.471103655648626,2939.0212950536165,51.07960241819431,252.4563131113611,45.016470735817364,8.7162290123538,3016.7563420095903,26.655444537779644,327.8835314457685,3397.950762530918,3424.6062070686976,26.655444537779644,3449.9425934462524,53.24354649339173,3460.0635180396775,74.08731887209339,18.475326044659894,13.133506944062507,3557.60492226046,32.19557366612949,3567.925500665087,42.51615207075629,10.320578404626804,8.450055322419416,3639.5328648675163
60,2.6566769267892836,28.31071121415293,36.04422188015207,2.4257983301686927,5.961548408744467,52.78715461382767,2.4257983301686927,28.92851505209416,2.4257983301686927,56.1447636518287,2.4257983301686927,2.4257983301686927,110.01850772271723,69.43307053034906,42.607083652041695,2.4257983301686927,27.32656518122124,28.319231796422528,152.5801565117093,80.99735995897767,16.623598225583915,82.96906126969797,35.798458524489824,83.34480937077147,27.80789419917677,32.55855587112158,341.11926506707437,79.75515811523925,36.81161681145728,33.75639933240617,42.607083652041695,27.46518336398121,35.283353639889555,11.163868757903193,123.20989678055464,65.11711174224315,30.81697506027936,408.47068084299116,186.11729794325643,114.27405237510226,28.795324427904706,22.327737515806387,11.163868757903193,11.163868757903193,143.22898667608678,20.02127249634105,20.117162271718758,20.561051990702854,42.13602220697803,94.56913033699504,62.589395552927165,27.710641233864056,30.968935810124005,26.32677284231883,786.5239451426605,39.144356589598765,34.172332313400794,55.81934378951597,28.779018971083108,11.163868757903193,11.163868757903193,205.31575309790134,42.32032950200096,79.32473996916175,263.48510273845204,32.55855587112158,30.96108859474928,827.886673773428,108.06444453279624,28.779018971083108,9.410629777616528,89.31095006322555,57.558037942166216,354.02155531287747,283.9324453115462,63.74961139297176,63.519644465870854,1366.899305328318,100.47481882112874,86.33705691324933,431.4166855844973,27.212133212556388,17.949849021182775,1482.0153812126505,111.63868757903192,11.163868757903193,30.80276435238464,28.779018971083108,32.7351038355144,34.081298906374606,497.09925273671263,2040.7143384718452,133.9664250948383,62.33365464922571,57.56098414204938,66.07547357245338,2259.8827593257483,145.13029385274152,31.039848218025654,7.654820022846167,2321.8107432062343,163.94898263349089,11.346425413353032,11.163868757903193,2352.7765647544697,175.11509654876403,24.0875192581873,32.55855587112158,32.07108767585797,26.246283408929923,22.327737515806387,11.163868757903193,11.163868757903193,11.163868757903193,2666.6778146175957,33.49160627370958,11.163868757903193,33.49160627370958,22.327737515806387,11.43413711199355,2678.3010125800593,55.81934378951597,88.25723233696496,24.652133545263894,2745.578907455225,11.163868757903193,21.0032903094055,112.89993869729565,24.652133545263894,49.30426709052779,2797.8795418828945,22.690084635670303,211.50847287835123,21.007535391646805,2821.029363435718,47.373614260662336,236.16060642361512,42.06346115545917,8.061153934953213,2893.055111241644,24.652133545263894,306.63479189103487,3248.9941702232068,3273.6463037684707,24.652133545263894,3297.12647615265,49.243922035958676,3306.8487987914027,68.78907291241728,17.412367868913925,12.516247810860916,3398.0484200737546,30.47103592793615,3407.9427206328282,40.3653364870098,9.894300559073645,8.10103695964712,3476.1976951976326
61,2.7194091218872227,26.36306452625953,36.10432386635079,2.436978723898611,6.110626765414405,54.38692420081076,2.436978723898611,26.935317258380707,2.436978723898611,52.30796455569918,2.436978723898611,2.436978723898611,104.56150942838468,73.39144810632524,41.8401153482104,2.436978723898611,25.483488894704866,26.371050601414044,145.01649827852788,86.8778024677067,17.37169165352707,81.75886233118268,37.63393950551671,77.66932656650846,25.915501755758097,30.276865610439962,339.22444903562274,80.4950626488785,33.99109670257718,31.2157052696782,41.8401153482104,25.60951822118951,37.545057527774574,10.737572084547946,117.79613982058393,60.553731220879925,28.678935475291567,407.40038235662973,186.19128649108973,108.1942501565032,26.703289817558193,21.47514416909589,10.737572084547946,10.737572084547946,136.4836002126087,18.69205073280569,18.776321441827672,19.190776520010395,43.386734337993175,87.95361119361066,58.241560915683394,25.750451839222247,28.827225767175808,24.478923120312082,776.781974024952,40.155727510790136,34.390605693330784,53.687860422739725,26.688370202940337,10.737572084547946,10.737572084547946,194.4137752782441,39.505120852653796,84.04736736538308,245.15979918341588,30.276865610439962,28.819651302516036,814.9382992384669,109.46395287128404,26.688370202940337,8.726995579668703,85.90057667638357,53.376740405880675,343.1188757299999,264.26176825600265,59.310331467649235,59.096516912956,1338.7017219647728,96.63814876093151,80.06511060882102,401.5534648440919,25.339574725106537,16.68777366875296,1445.4552027765342,107.37572084547946,10.737572084547946,28.633610158495486,26.688370202940337,30.309288158575793,31.550041962199657,462.7404997619518,1965.29683666167,128.85086501457536,57.912302685643766,53.37948439356244,61.17907845465564,2168.504089838696,139.5884370991233,28.895861392282665,7.362517741115889,2226.117974867868,157.68852692478714,10.906703973976489,10.737572084547946,2254.9117312879653,168.42817910439075,23.099985737496596,30.276865610439962,29.76029742829902,24.461820562437993,21.47514416909589,10.737572084547946,10.737572084547946,10.737572084547946,2553.2672227192334,32.21271625364383,10.737572084547946,32.21271625364383,21.47514416909589,10.98758092686649,2564.428981185515,53.687860422739725,84.35487632714688,22.840811756449337,2629.1268824305494,10.737572084547946,19.679215032964873,107.18727758056252,22.840811756449337,45.681623512898675,2678.4833613761866,21.151253019053712,198.5505246063599,19.68126194171523,2699.986763814895,44.02104164147302,221.39133636280923,39.38778809397387,7.4688585971659425,2766.8486172128173,22.840811756449337,287.3777381714799,3099.907978897196,3122.7487906536453,22.840811756449337,3144.5500092170164,45.62757986196126,3153.907160743291,63.99503443916517,16.44699025663823,11.953272562433021,3239.359740569688,28.902613072226927,3248.8640133944864,38.40688589702541,9.504272824798482,7.781698662636023,3314.0611436037448
62,2.7387414307612783,24.59970020383436,36.3382367068527,2.4126036251490834,6.346104369059241,56.40598146503709,2.4126036251490834,25.13075566470266,2.4126036251490834,48.83382567425484,2.4126036251490834,2.4126036251490834,99.90504588950778,78.04745847899831,41.29957890080324,2.4126036251490834,23.81427016656892,24.607201602221412,137.4885163496753,93.72455680916447,18.425943413647644,80.97269509239143,39.7766082930634,72.53000796757078,24.201866256716873,28.211665985233523,338.96924184936347,82.02222911518405,31.44159406614881,28.918549837617498,41.29957890080324,23.928945701028884,40.03909660326585,10.346692633943697,113.38976548188485,56.423331970467046,26.743451517280878,408.4269776678026,186.76841691895913,102.87582688204009,24.81079747074757,20.693385267887393,10.346692633943697,10.346692633943697,130.87093628965042,17.48790426003162,17.561727555599248,17.949517165488764,43.53699652872992,81.96561633473085,54.30571360319962,23.97650621796281,26.888321011275604,22.806441201820803,769.7636122607475,40.068260263337045,34.78901436163508,51.73346316971848,24.797128771828692,10.346692633943697,10.346692633943697,185.03615756533782,36.95489650309982,85.98273441597611,228.57125881518283,28.211665985233523,26.880997334322522,805.0221105793947,110.12294471446701,24.797128771828692,8.108566822727253,82.77354107154957,49.594257543657385,331.3994914312239,246.45426852571052,55.29185858033169,55.092663319556046,1312.5293132721613,93.12023370549326,74.39138631548607,374.51848560659164,23.64420094682072,15.545504897789819,1411.717828359476,103.46692633943695,10.346692633943697,26.670417462026943,24.797128771828692,28.115499414503944,29.26097322658638,431.6350135691559,1896.3848045598845,124.16031160732435,53.91120537210256,49.596818445240224,56.75101762289461,2085.1538169316873,134.50700424126805,26.954857835149852,7.0945002724506185,2138.8625677626633,151.94819714766237,10.50368244060193,10.346692633943697,2165.690376429929,162.29682058484588,22.196254119152286,28.211665985233523,27.669652644681044,22.845895414945897,20.693385267887393,10.346692633943697,10.346692633943697,10.346692633943697,2449.8839577001163,31.04007790183109,10.346692633943697,31.04007790183109,20.693385267887393,10.578382859432992,2460.623070027214,51.73346316971848,80.79053236123377,21.20253392347955,2522.955610715188,10.346692633943697,18.478681734372472,101.98557096903241,21.20253392347955,42.4050678469591,2569.6370934700244,19.757703854272584,186.7957066629506,18.478765889254767,2589.6506321638362,40.98702806298873,207.99824058643014,36.96214289675993,6.933147974978104,2651.8401941503043,21.20253392347955,269.91629516740215,2964.1615571646657,2985.3640910881454,21.20253392347955,3005.646130725052,42.35669843184617,3014.668292343645,59.6554856322424,15.569608394107721,11.439274865530919,3094.9100184794515,27.474994494226266,3104.0569841174843,36.62196013225911,9.146965638032844,7.489150573091534,3166.4620260989004
63,3.1806242515319028,23.002458007520826,36.4263703672469,2.6693437790348975,7.603860734506392,58.21421275634546,2.6693437790348975,23.4962405207331,2.6693437790348975,45.68661226438607,2.6693437790348975,2.6693437790348975,98.87970832937856,82.43255799517826,40.646016483911765,2.6693437790348975,22.301781629594423,23.009519656701748,133.62124625793635,100.26472584418747,20.385218670760423,79.94119801330953,42.27608147863262,67.8740256569267,22.649375081129786,26.341616472031824,341.71971712105676,84.96800614271037,29.13635790850082,26.840900452883737,40.646016483911765,22.406216266262803,42.422103378405545,9.98779165405923,109.61764442742081,52.68323294406365,24.990559488281757,412.240226265485,188.09614162758743,97.8811222906916,23.09816662647783,19.97558330811846,9.98779165405923,9.98779165405923,126.00552072304095,16.396514694108657,16.460946011382628,16.824566601474874,42.74851343276197,76.54328941918675,50.741247704764156,22.37044273636817,25.132234263155038,21.292039814127126,766.1310584582894,39.1422215594254,35.04817076972756,49.93895827029615,23.0856272529571,9.98779165405923,9.98779165405923,176.758848839679,34.643557876351025,85.66272382210722,213.54830111562205,26.341616472031824,25.125141535035535,798.7698431651495,109.66283762893211,23.0856272529571,7.54891233366658,79.90233323247384,46.1712545059142,318.92727083195444,230.3263172627937,51.65271592412902,51.466758007067355,1288.6448114092316,89.89012488653307,69.2568817588713,350.0330090910761,22.10855100840041,14.511232184266566,1380.98732042106,99.87791654059231,9.98779165405923,24.892882097957106,23.0856272529571,26.13084616801995,27.19019798189273,403.4621744358301,1833.7993302012987,119.85349984871077,50.2889283670121,46.173649562776134,52.74508591897738,2009.5028176683513,129.84129150277,25.19683311984678,6.8484097399823085,2059.6750891429056,146.67749289681154,10.133795527871492,9.98779165405923,2084.7227491575045,156.66708027708074,21.368166922037886,26.341616472031824,25.777443200912614,21.381902483470082,19.97558330811846,9.98779165405923,9.98779165405923,9.98779165405923,2356.0028072144364,29.96337496217769,9.98779165405923,29.96337496217769,19.97558330811846,10.20291263981886,2366.35429477013,49.93895827029615,77.53121749860765,19.72022992977068,2426.5152652932093,9.98779165405923,17.38953408047518,97.2447758627982,19.72022992977068,39.44045985954136,2470.7644851262166,18.49512351129675,176.12569558188093,17.387867414451907,2489.429279476988,38.2401668145536,195.84592551165161,34.76191923233735,6.4484402051721625,2547.3896762213126,19.72022992977068,254.07378992231196,2840.903926003166,2860.6241559329364,19.72022992977068,2879.531036822824,39.39719964093278,2888.2454612439433,55.72562919086721,14.771585692773224,10.969473083348111,2963.7597618193645,26.174384027478723,2972.5789601205706,34.99358232868464,8.819198301205917,7.220788469681908,3032.431727521349
64,3.2768676130422714,21.554974886068962,35.6737472155039,2.709294438569056,8.190631017554555,58.89217066176785,2.709294438569056,22.015021774472793,2.709294438569056,42.834125954272054,2.709294438569056,2.709294438569056,96.00421086124378,85.29808837865886,38.99116560407937,2.709294438569056,20.93059083297074,21.561637295934055,128.1764036851919,105.15439955845441,21.252566592660386,76.95916251560385,43.11542244795727,63.65377962790078,21.24215857106292,24.647488528551186,338.7703431361605,85.30306864392797,27.051285025002233,24.961103194309942,38.99116560407937,21.02578739096872,43.98119569916958,9.6577701843246,106.27661905688419,49.29497705710237,23.40227138094157,408.7489187020461,185.706961564908,92.33682337968801,21.547664354963885,19.3155403686492,9.6577701843246,9.6577701843246,121.6730726769722,15.406782640015482,15.462772705247838,15.804474987889144,41.25008407835503,71.63089574826311,47.511575847729226,20.915716960818685,23.540956257565956,19.920142536911918,750.4264378078567,37.50366164208388,34.51900441089714,48.288850921622995,21.53614473255673,9.6577701843246,9.6577701843246,169.33280883806157,32.54758903802001,83.61916921380282,199.93668637042413,24.647488528551186,23.534076553735847,780.6961742200972,106.89744075593919,21.53614473255673,7.042237441064177,77.2621614745968,43.07228946511346,305.94539477540934,215.71245824296747,48.35553143413187,48.18156508228704,1250.5709676897277,86.9199316589214,64.60843419767019,327.84588156442373,20.7168920177754,13.574313847833533,1336.7155466199547,96.577701843246,9.6577701843246,23.282709334008118,21.53614473255673,24.334702647301683,25.3161864809755,377.93309230746473,1760.6652284222619,115.8932422118952,47.008137988543766,43.07453422042498,49.11965130711796,1924.5405625485655,125.5510123962198,23.60376252664244,6.622121254397474,1971.5086889501747,141.83090383494186,9.793830265290579,9.6577701843246,1994.943691953683,151.49034748149387,20.60837293906522,24.647488528551186,24.064107625574106,20.05487957807401,19.3155403686492,9.6577701843246,9.6577701843246,9.6577701843246,2254.4365489008337,28.9733105529738,9.6577701843246,28.9733105529738,19.3155403686492,9.857898745274118,2264.432033838593,48.288850921622995,74.54720960035175,18.378519139808212,2322.5964414586265,9.6577701843246,16.400818580003353,92.91979854886834,18.378519139808212,36.757038279616424,2364.6323198202394,17.350614843476723,166.43387510810118,16.397591866566415,2382.0755809304205,35.75215942293997,184.8123942479094,32.764945550643645,6.009705878416375,2436.2062594931685,18.378519139808212,239.6910307488228,2712.6543285216076,2731.032847661416,18.378519139808212,2748.6943944957798,36.718378195017124,2757.1256952875674,52.16510117381196,14.0451399132435,10.539558332207678,2828.3484592412797,24.988350014092248,2836.8665636889723,33.50645446178471,8.518104447692467,6.974265492027044,2894.383492538169
65,3.344787360943005,20.24250704547287,34.88422205306915,2.7811463214245054,8.653965846629614,59.35685536574849,2.7811463214245054,20.672006932611026,2.7811463214245054,40.24735462483048,2.7811463214245054,2.7811463214245054,93.63920289642117,87.79877268770284,37.49454064211838,2.7811463214245054,19.68679243741505,20.248806745328565,123.487737108917,109.47493696083549,22.268583853818907,74.17193485179502,44.1941806943171,59.826380195051925,19.96591746958737,23.111956496065783,336.0773073979954,86.15365277089124,25.16465785097364,23.259647299811483,37.49454064211838,19.773654558153467,45.84831914657783,9.353835419702568,103.27811491037019,46.22391299213157,21.96237927472007,405.5605692222897,184.54815518401915,87.43447943741333,20.14331271064519,18.707670839405136,9.353835419702568,9.353835419702568,117.7749951225305,14.508707006181268,14.55711220603786,14.87892547336709,39.07602191772561,67.17821618996274,44.58373134094656,19.59742174482527,22.098259909553313,18.676714418515786,736.5339709549212,35.09288233078257,33.93754220750185,46.76917709851284,20.132714091604996,9.353835419702568,9.353835419702568,162.62812066093184,30.64580100288095,80.13349705909603,187.59743843941493,23.111956496065783,22.09157703075899,764.6605931641566,103.2599354732091,20.132714091604996,6.5833209577111385,74.83068335762054,40.26542818320999,292.56968021388326,202.46360868929966,45.36663139604022,45.20353352682477,1213.6721952746589,84.1845187773231,60.39814227481499,307.73080327697255,19.45504798146664,12.725161329872787,1294.203051641079,93.53835419702567,9.353835419702568,21.823414925715397,20.132714091604996,22.708484429022093,23.619539800126677,354.78746539483905,1691.9883562581176,112.24602503643081,44.03519522621639,40.2675366499848,45.83720210599789,1845.1509590192657,121.59986045613337,22.15940504154894,6.413719850518489,1889.214548368778,137.36741572635444,9.480891121404998,9.353835419702568,1911.1878902789244,146.72281389433974,19.910247422036363,23.111956496065783,22.512020370675064,18.851345107728076,18.707670839405136,9.353835419702568,9.353835419702568,9.353835419702568,2159.9098736253336,28.061506259107702,9.353835419702568,28.061506259107702,18.707670839405136,9.540392887511116,2169.5779147577114,46.76917709851284,71.81172452595659,17.163543130088414,2225.903839281731,9.353835419702568,15.502665497869618,88.97000462741457,17.163543130088414,34.32708626017683,2265.9238411978577,16.312556948741538,157.62417714776822,15.498050447797498,2282.260248290655,33.49750791944723,174.78772027785664,30.95124403045702,5.612413342918646,2332.9212993401907,17.163543130088414,226.62457652095625,2593.872962121324,2611.036505251412,17.163543130088414,2627.569752088295,34.29256768133354,2635.7401643865605,48.937532073080405,13.383258583845901,10.145647681084288,2703.064445066558,23.905690219365543,2711.305545992391,32.14679114519865,8.241100925833102,6.747466664243584,2766.6820056535
66,3.402891416334335,19.051769634939706,34.224089663744465,2.8424831679027727,9.28672606117845,60.45776664520069,2.8424831679027727,19.453596954426988,2.8424831679027727,37.90015695619806,2.8424831679027727,2.8424831679027727,92.21890645744716,91.62818701430768,36.36713115853313,2.8424831679027727,18.557857024550163,19.057739567322805,119.9652301973986,115.75900875884867,23.775881738691705,71.89032155884826,45.83344308571616,56.353181651241435,18.8077674440538,21.719409204420078,337.3700471555496,88.17092304422764,23.45690826787133,21.7189529803526,36.36713115853313,18.63719899019167,48.12384111476305,9.073470404982082,101.42948116847765,43.438818408840156,20.656279098710495,407.198263606017,185.3311478160748,83.28704991325247,18.870714978885434,18.146940809964164,9.073470404982082,9.073470404982082,115.10960636735655,13.693276268035305,13.734867992231614,14.038622024747006,36.12267634073945,63.14000111049467,41.928009709757006,18.40212512914874,20.789523870113566,17.549109362791437,730.6073870777609,32.475013969322944,33.52131243959515,45.36735202491041,18.86094837029309,9.073470404982082,9.073470404982082,157.4148817715816,28.919101357475355,75.1884047829875,176.40533358843913,21.719409204420078,20.78302317206532,756.7945457150196,99.73478839409874,18.86094837029309,6.167458402453253,72.58776323985666,37.72189674058618,279.52076123850253,190.4454382223803,42.65567429137408,42.5024323764854,1185.7453279847218,81.66123364483875,56.582845110879276,289.4838677993076,18.310245664345825,11.95513492911961,1261.1891214658942,90.73470404982083,9.073470404982082,20.500145868926655,18.86094837029309,21.23544633270813,22.082778874803086,333.79074979981016,1635.242472903898,108.881644859785,41.33978994917979,37.72388155309416,42.863939049171094,1778.697885279274,117.95511526476707,20.849126760992228,6.221479707345127,1820.1270577777134,133.25006537709427,9.192368580961508,9.073470404982082,1840.7748711522956,142.32499822843727,19.267820168854847,21.719409204420078,21.105300144626327,17.759151494418784,18.146940809964164,9.073470404982082,9.073470404982082,9.073470404982082,2079.6431891420175,27.220411214946246,9.073470404982082,27.220411214946246,18.146940809964164,9.247738016079234,2089.0095845660785,45.36735202491041,69.30062529026496,16.062814981289748,2143.6398503319565,9.073470404982082,14.686181560055607,85.35877754972634,16.062814981289748,32.125629962579495,2181.822106612781,15.370478815755726,149.61003747488533,14.680332710553227,2197.1550471794853,31.45323757547095,165.67285245617506,29.302813393262372,5.252479423539614,2244.671099736246,16.062814981289748,214.74517732253454,2491.54190702136,2507.60472200265,16.062814981289748,2523.11517803303,32.094839701671276,2531.0447934440563,46.01015134543472,12.779622793511107,9.78424198476929,2594.825046537946,22.916310121059944,2602.810906301632,30.902169884745586,7.985859763685641,6.538485940863026,2656.2232816546116
67,3.4521471079826243,17.970792305450335,34.00976113603743,2.894380080600167,9.284282623606666,61.630697687643405,2.894380080600167,18.3475383937335,2.894380080600167,35.76897820706226,2.894380080600167,2.894380080600167,89.85979272188926,94.98240118600293,35.90266242204731,2.894380080600167,17.532494875565483,17.97646218095378,115.70351474059791,120.95479479693483,24.581060820639102,70.90732881819919,46.567987237275624,53.1993620970136,17.756099003016917,20.45578022991707,338.08462981644936,88.6849641372747,21.91040479491614,20.32318024235175,35.90266242204731,17.605050455372883,49.86056641009712,8.814406729569539,99.3732446394798,40.91156045983414,19.470811843595904,408.69212712681616,184.40269157888665,79.95132273063834,17.716899125894095,17.628813459139078,8.814406729569539,8.814406729569539,112.31129586146353,12.952370497477151,12.987843556379854,13.275188362483066,33.452585542078495,59.47547837167954,39.51764572238232,17.317724291334745,19.601573551498337,16.52593262609356,724.0366434016503,30.10777375070086,33.46919210068046,44.07203364784769,17.707884324055282,8.814406729569539,8.814406729569539,152.30205298718994,27.350286692224493,69.75045732921329,166.24753894108017,20.45578022991707,19.59524179140275,748.4679110580862,97.21355271424565,17.707884324055282,5.79041084360743,70.5152538365563,35.415768648110564,266.3451849680172,179.53690830963762,40.19532089544824,40.051022021319824,1158.5625628440614,79.32966056612584,53.12365297216584,272.92134498779495,17.270975710723555,11.256449860438764,1229.3941001402825,88.14406729569538,8.814406729569539,19.299518899491105,17.707884324055282,19.90050032547847,20.690154422824047,314.7316093746999,1581.908669429345,105.77288075483446,38.89461133132687,35.417641198300224,40.16940773536473,1716.5634251404465,114.587287484404,19.659741781076846,6.043845425471635,1755.6017309917272,129.44553963944517,8.925910833172894,8.814406729569539,1775.0467557810973,138.26131790008083,18.675710730676546,20.45578022991707,19.829637222060057,16.767353100631894,17.628813459139078,8.814406729569539,8.814406729569539,8.814406729569539,2004.889296109602,26.443220188708615,8.814406729569539,26.443220188708615,17.628813459139078,8.977539489654422,2013.9773558761906,44.07203364784769,66.99216001627995,15.065083491949144,2067.041038235162,8.814406729569539,13.943353281702441,82.05312086473718,15.065083491949144,30.130166983898288,2103.546257586161,14.514945480287734,142.31345483253375,13.936409698480041,2117.9689447529404,29.59864708986332,157.3785383244829,27.803433220547603,4.92622502018109,2162.632675334753,15.065083491949144,203.93636948572203,2396.699211804373,2411.7642952963224,15.065083491949144,2426.347085293427,30.10273279416692,2434.0540635449233,43.353431099017456,12.228538529841675,9.452187891903002,2494.609965445329,22.011113249095022,2502.3602483548143,29.761396158580332,7.750282909485311,6.345605525383415,2553.9678158577485
68,3.495393315028328,16.988789069368725,34.564981895297244,2.937805376212525,9.286711584173126,63.314007946740176,2.937805376212525,17.34279018014687,2.937805376212525,33.832594134484545,2.937805376212525,2.937805376212525,87.38724854158566,98.44335329136709,35.73468130380323,2.937805376212525,16.600533237054726,16.994185686339122,111.50829965664448,125.69750735470461,24.96567798317553,70.96474561978094,46.83284525310524,50.333544870775114,16.800451282687074,19.30839495926393,339.60524190156104,88.40218886374018,20.50926085077728,19.058056638483116,35.73468130380323,16.66696365787425,50.1947131341035,8.57459992569951,97.15842091070243,38.61678991852786,18.394120495104488,411.27471580438606,181.57285627252,76.61926270020946,16.670176748581433,17.14919985139902,8.57459992569951,8.57459992569951,109.42174688812496,12.278673092335254,12.30865330111725,12.58107690238795,31.037796050934197,56.14791004121396,37.328522393720704,16.333313955613992,18.5225378924964,15.596916928353744,717.0169483436512,27.966432674753,34.08495202093551,42.872999628497546,16.661841469025877,8.57459992569951,8.57459992569951,147.3084047324403,25.923855584683174,64.58847895540899,157.0223857363804,19.30839495926393,18.51636309077868,739.8578066413942,96.28518216444463,16.661841469025877,5.448358807362073,68.59679940559607,33.32368293805175,253.80443455355416,169.62895632280646,37.96093703873038,37.824758050042604,1133.6192127296067,77.17139933129559,49.985524407077634,257.8776834572212,16.326867515744322,10.622091614661521,1200.2665786057103,85.7459992569951,8.57459992569951,18.209474982992116,16.661841469025877,18.69005145593522,19.42747568697183,297.4196180693964,1533.2199564024263,102.89519910839412,36.675050907411006,33.3254534984664,37.726167469678074,1659.8913790991157,111.46979903409363,18.579368840297793,5.879415158179258,1696.7584274570536,125.9238141179724,8.679398263058106,8.57459992569951,1715.1113361462187,134.49970312214384,18.12907003405723,19.30839495926393,18.672137851602617,15.866087233242546,17.14919985139902,8.57459992569951,8.57459992569951,8.57459992569951,1936.6754946575757,25.723799777098527,8.57459992569951,25.723799777098527,17.14919985139902,8.727639101589304,1945.5062864503195,42.872999628497546,64.86672583276572,14.160210836267067,1997.1200691324182,8.57459992569951,13.266959866603361,79.02329984654762,14.160210836267067,28.320421672534135,2032.093260969129,13.737455453155652,135.6641431916159,13.259046677415474,2045.6897402397115,27.915083510087303,149.82435402788295,26.438487645479004,4.63033510235349,2087.7650345860657,14.160210836267067,194.09320973357342,2310.178665992173,2324.3388768284403,14.160210836267067,2338.0797686875494,28.296008194399747,2345.5805283298655,40.940765058328026,11.724874815317287,9.146643614521674,2403.200416475707,21.1819023825581,2410.7328959486986,28.714381855549785,7.532479472991685,6.1672772364418655,2460.6795139866736
69,3.53070190152621,16.096041045155566,35.02547589928543,2.973631161797635,9.280651528070718,66.43046215189251,2.973631161797635,16.429403590245542,2.973631161797635,32.071880268029346,2.973631161797635,2.973631161797635,84.99733636295193,104.5937401959224,34.78648227433049,2.973631161797635,15.752805738667206,16.101188577740423,107.55791691542342,135.1040809343962,25.2525359485684,69.94000436213236,47.16014041432509,47.72745746088499,15.931398329689209,18.265832795609786,345.8334517684791,88.1683537747641,19.239161999167898,17.910722072776448,34.78648227433049,15.813706866265939,49.45130738985925,8.352207302400293,97.0407464723286,36.53166559121957,17.415521132380704,418.70534951331797,177.98308561602198,72.79272837821101,15.72001598970068,16.704414604800586,8.352207302400293,8.352207302400293,108.69008898559012,11.665591245419737,11.690642257288339,11.949486712979953,28.853121151307633,53.124192992741044,35.33890880046826,15.439067831449197,17.541720305281206,14.75281083031201,713.9154394285205,26.02870930049936,34.76762895247345,41.76103651200147,15.712295083317942,8.352207302400293,8.352207302400293,144.662420393799,24.625840099169654,59.92014747430433,148.63826404543943,18.265832795609786,17.53569162099353,735.3150693603783,95.64469535769149,15.712295083317942,5.137860749678109,66.81765841920235,31.424590166635884,244.32114292233177,160.62330988591637,35.93032579758598,35.801524416603314,1116.3547150682598,75.16986572160263,47.13688524995383,244.20371082717065,15.468576485672505,10.045739698586887,1179.2038954015316,83.52207302400292,8.352207302400293,17.219148211351587,15.712295083317942,17.591850032145665,18.281956133688432,281.6831897673991,1494.3794209277012,100.22648762880351,34.65893502937812,31.426268001160715,35.50949289262185,1613.8044514111427,108.5786949312038,17.597302155953095,5.726925412672443,1648.6982790521395,122.65782764627653,8.450920468325956,8.352207302400293,1666.0588706092612,131.01124920475212,17.623527782949907,18.265832795609786,17.62118406873459,15.04646692911947,16.704414604800586,8.352207302400293,8.352207302400293,8.352207302400293,1880.0195060141034,25.056621907200878,8.352207302400293,25.056621907200878,16.704414604800586,8.496091677124499,1888.6120765103824,41.76103651200147,62.90665614785411,13.339062334940087,1938.8814746364649,8.352207302400293,12.650494730435675,76.24251860384115,13.339062334940087,26.678124669880173,1972.4535013449986,13.030348303753229,129.5987679436015,12.641724506767469,1985.2995576720616,26.385739438275124,142.93783027854158,25.194806500701993,4.361822664657214,2025.0243594452768,13.339062334940087,185.1211346539256,2236.8236187690827,2250.162681104023,13.339062334940087,2263.1390116518655,26.656429778434756,2270.4484018836342,38.74817931464937,11.264007968554575,8.865048086692603,2325.3923745050865,20.421290529047532,2332.7231197251967,27.752035749157933,7.3307452201103995,6.002105718873663,2381.138751633449
70,3.5612378751270164,15.28379081143399,33.889966202996426,3.00264286384895,9.278916358769727,66.09091505493762,3.00264286384895,15.598414102688755,3.00264286384895,30.469604027873388,3.00264286384895,3.00264286384895,82.4373524187777,106.57313548006468,33.053615800063135,3.00264286384895,14.981052759423656,15.288711069112395,103.58368692136071,138.4580092423094,25.094083489831352,67.00264452424179,46.86696304708191,45.35562418857717,15.140446642871916,17.31780300745966,342.35242898516293,86.9447355717187,18.087210298757938,16.869588971471583,33.053615800063135,15.036961568814265,47.895255306498385,8.14556797405112,95.98894527964262,34.63560601491932,16.525386788806212,414.67044996918526,172.83312667393028,68.36930230066693,14.85692703557655,16.29113594810224,8.14556797405112,8.14556797405112,107.07909269847254,11.107184287863689,11.127813750711356,11.374289595801095,26.875866955045375,50.374499050204406,33.52922385496173,14.626131790764532,16.649482399709477,13.985278162434671,697.4838950520675,24.274527422117576,33.837641423815654,40.72783987025561,14.849761782359925,8.14556797405112,8.14556797405112,141.30826666341753,23.443653969468365,55.69676135667909,141.01262692126696,17.31780300745966,16.643590018270324,717.5767900683235,91.96773027254402,14.849761782359925,4.855815639859137,65.16454379240898,29.69952356471985,234.76957447668804,152.43141861375773,34.08348620061114,33.96139302572998,1083.0298866619523,73.3101117664601,44.549285347079774,231.7650121605966,14.687682460447386,9.521698925428248,1142.428933791392,81.45567974051121,8.14556797405112,16.318747679883963,14.849761782359925,16.594858435389078,17.24207442904813,267.36771308716453,1441.434912153144,97.74681568861345,32.82628381200267,29.701117028364813,33.497105150678706,1554.2780616708444,105.89238366266457,16.70389504894112,5.585237356098423,1587.377267161808,119.62318899281411,8.238755551749204,8.14556797405112,1603.8355427824793,127.76990328061065,17.155145068290956,17.31780300745966,16.66630738848257,14.30048435593769,16.29113594810224,8.14556797405112,8.14556797405112,8.14556797405112,1810.8021439278523,24.436703922153363,8.14556797405112,24.436703922153363,16.29113594810224,8.281143987641858,1819.173718249397,40.72783987025561,61.09602898420586,12.593407139711951,1868.1941802916763,8.14556797405112,12.088094793897156,73.68662915814005,12.593407139711951,25.186814279423903,1900.4831558213154,12.386721393653826,124.06025771698785,12.078568795833256,1912.6471308749692,24.995470315766344,136.6536648566998,24.060522193939306,4.11799625100847,1950.2360083304475,12.593407139711951,176.93493309560023,2152.3577557054714,2164.9511628451833,12.593407139711951,2177.2326719911766,25.167565793562183,2184.364127478199,36.75407171485259,10.841771384181227,8.605093176684779,2236.86683646743,19.722620717803256,2244.010380565124,26.866164815496962,7.143544097693706,5.8488333169963695,2291.0124668930043
71,3.574430059692958,14.544147220967453,33.6989291204454,3.014055152345002,9.250819854143623,68.34294570411048,3.014055152345002,14.841743960666381,3.014055152345002,29.010237425116575,3.014055152345002,3.014055152345002,79.85755191670792,111.48547121175079,30.76303466360443,3.014055152345002,14.277831658671243,14.548859882387541,99.7214699828086,146.5845562884542,24.941102495619834,64.15252367908633,46.77941721345138,43.19508931807153,14.419942859409964,16.455032869685493,345.20085006774895,86.00077506275505,17.04178406390834,15.92421629826661,30.76303466360443,14.329232063821168,45.69660394612977,7.9531848662453575,96.6664837845556,32.910065739370985,15.715042811662583,417.2784053557691,167.53864729400127,64.04584209176845,14.07235895062011,15.906369732490715,7.9531848662453575,7.9531848662453575,107.24685990834368,10.598099127121008,10.614764230586687,10.84996348445235,25.085585596265464,47.87195076121286,31.88182346757381,13.886527621612473,15.837139219977516,13.28680741129296,687.9144199771943,22.68579773730939,33.947613059819204,39.765924331226785,14.065696423334739,7.9531848662453575,7.9531848662453575,139.88728168061402,22.365955812817518,51.87443926289171,134.07109314692218,16.455032869685493,15.83137425202121,706.8218393692107,90.50679616207367,14.065696423334739,4.599429248695008,63.62547892996285,28.131392846669478,227.72808234062416,144.97349161801372,32.40239582524951,32.2864071217067,1061.6308740420632,71.5786637962082,42.19708927000421,220.44046895180736,13.976598193332773,9.044837508137116,1117.893659735402,79.53184866245356,7.9531848662453575,15.499451059607658,14.065696423334739,15.689131120583731,16.297449179405067,254.33387085517407,1402.1806766924165,95.43821839494427,31.159093945125896,28.132909475473536,31.668929683483405,1509.0411928323408,103.39140326118962,15.890455090766833,5.453324477362152,1540.5068594119623,116.79791260479713,8.041351463733616,7.9531848662453575,1556.1439917625653,124.75218204661094,16.72037166957359,16.455032869685493,15.798075003702836,13.620923777189766,15.906369732490715,7.9531848662453575,7.9531848662453575,7.9531848662453575,1756.6671354173432,23.85955459873607,7.9531848662453575,23.85955459873607,15.906369732490715,8.081215752550222,1764.8332968397401,39.765924331226785,59.42049429042872,11.915828751077555,1812.6911975157416,7.9531848662453575,11.574476776450176,71.33386932567447,11.915828751077555,23.83165750215511,1843.8037475180583,11.800354854344711,118.99718432998469,11.5642860742724,1855.3472760427335,23.730629798158496,130.91301308106225,23.024940754180456,3.8964306942687053,1890.9937345919695,11.915828751077555,169.4578203065003,2084.283212400625,2096.1990411517027,11.915828751077555,2107.848623456041,23.81461021953717,2114.814303827193,34.93897705309836,10.454410284927633,8.36469865034544,2165.087471118149,19.07989373397378,2172.0569627056616,26.049385321486405,6.969491587512623,5.706326445542656,2217.751657647716
72,3.5857396258466965,13.8699996389157,34.40442398371684,3.022375349890667,9.22875234883179,71.972848067148,3.022375349890667,14.15211438154893,3.022375349890667,27.67978830645447,3.022375349890667,3.022375349890667,77.41669962795787,116.25107466794859,28.68942319776358,3.022375349890667,13.63643589498162,13.87452246258278,96.11706038149121,154.7872690494133,24.49195418131878,61.60586259337517,46.484351173607095,41.22516758128282,13.762990580815625,15.669166879595958,349.2760193890231,84.61497292774226,16.092411510403483,15.065196043228363,28.68942319776358,13.683764001333937,42.836015970412646,7.773708503187479,96.08632741820483,31.338333759191915,14.976672582137475,419.9837452030532,161.3373475708142,60.125989473661114,13.358606726176667,15.547417006374959,7.773708503187479,7.773708503187479,106.20152202137214,10.133512077180216,10.146624550476885,10.371532437721124,23.463852861888146,45.59232927179337,30.380808781964554,13.213066311106825,15.096864853798802,12.65063007751587,678.1769274313151,21.24622113257572,34.9313134939216,38.8685425159374,13.352399217028674,7.773708503187479,7.773708503187479,137.3924910489367,21.382525886936754,48.41364281382643,127.74663881973987,15.669166879595958,15.091219244035221,696.0082058240548,90.94913210212368,13.352399217028674,4.3661837743896035,62.18966802549984,26.70479843405735,220.1329395356475,138.17763030901986,30.870814919320274,30.76038612363118,1041.7179249833716,69.96337652868732,40.05719765108602,210.12094276789645,13.328486891910112,8.610531282052245,1095.1275218514863,77.7370850318748,7.773708503187479,14.75330870686852,13.352399217028674,14.86570649778302,15.4387260738775,242.45612596640635,1366.00404440604,93.28450203824976,29.64114300946806,26.706245026092123,30.006877992315353,1467.422367549748,101.05821054143723,15.14914963194507,5.330261470499906,1497.3997956424312,114.16218051512462,7.857309192093044,7.773708503187479,1512.289002147138,121.93691745081202,16.316007583856713,15.669166879595958,15.0079872507803,13.001283134446009,15.547417006374959,7.773708503187479,7.773708503187479,7.773708503187479,1706.866171547528,23.32112550956244,7.773708503187479,23.32112550956244,15.547417006374959,7.894882522108038,1714.841023423128,38.8685425159374,57.86711834991955,11.299644395560916,1761.6145583213518,7.773708503187479,11.104879797544795,69.164626551027,11.299644395560916,22.599288791121833,1791.6469555438991,11.265643992841813,114.36320413327067,11.094106282264034,1802.6256288146324,22.578921429731693,125.66284852883159,22.07842564543498,3.694940752921059,1836.504194639925,11.299644395560916,162.6206037401571,2021.7240871712038,2033.0237315667648,11.299644395560916,2044.0981134018439,22.5842218167068,2050.9090289390765,33.28535551069491,10.098540953638036,8.141989613286572,2099.1437137713533,18.487703007769866,2105.9510534796486,25.295042716065012,6.807339708295148,5.573563309960287,2150.434338922264
73,3.6183466409382534,13.25494067227279,34.65796796287389,3.0508739294927776,9.256794611361837,73.65142978086683,3.0508739294927776,13.52296645857026,3.0508739294927776,26.465648307138487,3.0508739294927776,3.0508739294927776,75.39802142426487,117.8825039375482,26.811397462343997,3.0508739294927776,13.050822152998489,13.259289686380114,93.04199688706014,158.21560690114563,24.21759062680688,58.47745462386972,46.30048255313765,39.42721940281328,13.163375433918143,14.952675951525404,347.2549793605404,83.57095352567546,15.229656911430284,14.284050950349965,26.811397462343997,13.09447098995168,39.53708720541692,7.605922400234974,94.38250194770468,29.905351903050807,14.303232569898556,415.74846711804105,155.21710789035038,56.57002787650611,12.708727532387286,15.211844800469947,7.605922400234974,7.605922400234974,104.07274880183198,9.709076448102156,9.71900706299035,9.93451257392124,21.994067838856054,43.51381112417968,29.011853396769162,12.599269914130941,14.421607387121373,12.0706471170433,662.1581892529291,19.941111445113208,35.15915086782153,38.02961200117487,12.702932036456236,7.605922400234974,7.605922400234974,133.9399525356015,20.484155049201195,45.278746612067266,121.97886897599896,14.952675951525404,14.416073832214813,679.0119164529549,90.1064224382013,12.702932036456236,4.153810475799377,60.84737920187979,25.405864072912472,212.04906664467657,131.97904705794895,29.4741099162797,29.368749783740217,1014.0245210880186,68.45330160211476,38.10879610936871,200.70808922150707,12.737187923253096,8.214613450010747,1064.8362492338435,76.05922400234974,7.605922400234974,14.07315726697787,12.702932036456236,14.116509518397926,14.657476200764965,231.6213571582308,1323.48268175896,91.27106880281968,28.25781316694963,25.40724676126657,28.494651015517718,1419.946262334911,98.87699120305466,14.472920683940643,5.215214218665551,1448.56653054544,111.69812782195518,7.685367616139494,7.605922400234974,1462.7738602174018,119.30502755793471,15.939168363652561,14.952675951525404,14.288385227157828,12.435703393671458,15.211844800469947,7.605922400234974,7.605922400234974,7.605922400234974,1651.8546876621692,22.81776720070492,7.605922400234974,22.81776720070492,15.211844800469947,7.720860254952125,1659.6509993173881,38.02961200117487,56.42424359432091,10.738832385382203,1705.4109909838312,7.605922400234974,10.675013660818653,67.1612251230756,10.738832385382203,21.477664770764406,1734.4501782692332,10.777538389751909,110.11655466460441,10.663730954637698,1744.9141418651675,21.529265003449083,120.8553870499866,21.21229308393574,3.511557357957678,1777.182239253999,10.738832385382203,156.36093145465335,1955.0208354794167,1965.759667864799,10.738832385382203,1976.310017536917,21.464379109848792,1982.9761424262135,31.77740204231673,9.771114001645525,7.935276186455265,2029.3447841576417,17.941175950101677,2036.000747660298,24.597139452757894,6.655963502656219,5.449622842478983,2079.3594369608472
74,3.6293008215197275,12.693196549776879,34.09609111058561,3.057381518918713,9.248668075952828,73.34672254179245,3.057381518918713,12.948389893946443,3.057381518918713,25.356455857939565,3.057381518918713,3.057381518918713,73.51369574248426,116.62706837196912,25.10968975689662,3.057381518918713,12.515544685369179,12.697386223244113,90.19792716182535,157.47589880533673,24.0815090194762,54.64983235590017,46.145058368557216,37.7844483796588,12.615497551468778,14.298775601970664,339.6157932027278,82.74401348304453,14.445018025166535,13.573142371018776,25.10968975689662,12.55586847020492,36.55536244146635,7.4487299026605704,91.84076225760757,28.59755120394133,13.688375798021388,405.2814039693769,149.79134309210303,53.34217061833437,12.116465261875167,14.897459805321141,7.4487299026605704,7.4487299026605704,101.1423698305821,9.320875324652128,9.327957952555096,9.534863358207144,20.6612723981744,41.616731113972406,27.76204769387877,12.039301157745095,13.805012279084922,11.541362665353418,641.1235911236067,18.7572357729547,34.569133313682094,37.243649513302856,12.111043011689736,7.4487299026605704,7.4487299026605704,129.79922964661523,19.662544709829746,42.43765083506044,116.71336133124436,14.298775601970664,13.79958415365915,657.0886751585671,87.75024365797267,12.111043011689736,3.960265015229343,59.589839221284564,24.22208602337947,203.69994944388725,126.31936121839675,28.199094424046503,28.098359755629815,979.7841725584065,67.03856912394514,36.333129035069206,192.11328937084994,12.197149874949773,7.8533293031432265,1028.2283446051654,74.48729902660571,7.4487299026605704,13.452541831864536,12.111043011689736,13.434263906272749,13.946104431569074,221.72762985482134,1275.7096934272672,89.38475883192686,26.995932307254783,24.223410341917457,27.117561971544937,1367.6582332508729,96.83348873458743,13.855408228553385,5.107430769758388,1395.0396048217553,109.38964940700639,7.524389860305146,7.4487299026605704,1408.6246471983784,116.83931010045839,15.587253886577736,14.298775601970664,13.632367555565114,11.91890488688189,14.897459805321141,7.4487299026605704,7.4487299026605704,7.4487299026605704,1592.615637717141,22.34618970798171,7.4487299026605704,22.34618970798171,14.897459805321141,7.557991422540527,1600.244975910779,37.243649513302856,55.08136229638711,10.227966670178853,1645.0556001621949,7.4487299026605704,10.281012258603406,65.30773445816025,10.227966670178853,20.455933340357706,1673.1801121806072,10.33148702716434,106.21960113887567,10.269286535218685,1683.1746045788955,20.571676152516954,116.44756780905453,20.418717719838114,3.3445062115413733,1713.9742474015914,10.227966670178853,150.62261492647028,1885.0527956684193,1895.2807623385982,10.227966670178853,1905.3532398074651,20.44424972992976,1911.8836141822917,30.40087463468879,9.469381273871567,7.743035193961423,1956.541872872843,17.43592109643497,1963.056221734744,23.950269958335973,6.514348861901003,5.333674733571671,2005.3688641504536
75,3.66285725138326,12.179564394820103,32.77120474238714,3.083980241354115,9.29653081419411,71.38234423038541,3.083980241354115,12.423058788041944,3.083980241354115,24.3419727556215,3.083980241354115,3.083980241354115,71.89862389424657,113.01471918590556,23.566939101852626,3.083980241354115,12.025696155396295,12.183607791400085,87.71026359064982,153.3920591703286,23.90024887749328,51.18156034246488,46.01445973637644,36.28171881219393,12.114310737755806,13.701352235123302,328.5783526923974,81.94216444891202,13.73083367797824,12.925587240830176,23.566939101852626,12.063014135046444,33.85952956791731,7.301142327445283,88.69242225228291,27.402704470246604,13.126382885563801,390.8758408377313,144.82104994713504,50.4101718316955,11.576182544284828,14.602284654890566,7.301142327445283,7.301142327445283,97.63816176984804,8.965379020255314,8.969914287660366,9.168943712865525,19.451988551730565,39.883368626537056,26.619758579593785,11.527900015382961,13.241353323531333,11.0578243235784,617.0761788060067,17.682670595904646,33.22007123314428,36.50571163722641,11.571098590478023,7.301142327445283,7.301142327445283,125.18704564993588,18.910216690572746,39.861432185218355,111.90107499610508,13.701352235123302,13.23602461349632,632.2328037207271,83.9841274009538,11.571098590478023,3.783705242513726,58.409138619562256,23.142197180956046,195.26079202611817,121.14596484802946,27.033885957336665,26.93737684861962,941.2543877792316,65.71028094700753,34.71329577143407,184.25668692052537,11.703370243671145,7.523295424711452,987.5387821411437,73.01142327445281,7.301142327445283,12.88564580480962,11.571098590478023,12.812413078678842,13.297766875826355,212.68308870878533,1224.8160663524848,87.61370792934338,25.843630922298,23.143468123567423,25.862376742152243,1312.6462410735048,94.91485025678865,13.290881120348502,5.006233205510644,1338.8954311055472,107.22222578974458,7.373350998828443,7.301142327445283,1351.9119550002424,114.52425646922974,15.257920216990325,13.701352235123302,13.033715389333985,11.446129956531788,14.602284654890566,7.301142327445283,7.301142327445283,7.301142327445283,1531.1807424723152,21.903426982335848,7.301142327445283,21.903426982335848,14.602284654890566,7.405232489330479,1538.6535898444367,36.50571163722641,53.82900276806539,9.762157868696796,1582.5730302062989,7.301142327445283,9.919391589777348,63.589796364615324,9.762157868696796,19.524315737393593,1609.8538239474344,9.923388849360077,102.63842783940251,9.907282313446597,1619.419661796854,19.697157863450347,112.4005857080993,19.690647657228816,3.1921885045928677,1648.878977529001,9.762157868696796,145.35501891145378,1813.7583121778484,1823.5204700465451,9.762157868696796,1833.1567222229587,19.51407269220799,1839.5595441098042,29.142939569177205,9.190866030579063,7.563893663930073,1882.6479588991508,16.96798048379658,1889.0295404553901,23.349562040035927,6.381581556239345,5.224970450355663,1930.3672360582605
76,3.6905719201393357,11.709355708884083,30.556158560999933,3.1070082681677045,9.329777759899734,67.79126392278908,3.1070082681677045,11.942173785965306,3.1070082681677045,23.412972954003713,3.1070082681677045,3.1070082681677045,70.41791841363585,107.09220387081433,22.16750246400016,3.1070082681677045,11.576854336774545,11.713264626014258,85.43556848341424,146.25061014601536,24.06911191492533,48.03725557291405,45.82091952047315,34.905391301162936,11.655267657348112,13.154896726778837,314.2692112489294,81.46851728921212,13.080200497720899,12.335183276446276,22.16750246400016,11.611454249225337,31.421375740839842,7.16226827908994,85.0171976696281,26.309793453557674,12.612099917525581,372.55071678047227,140.56697686174212,47.744975912176045,11.08279949198639,14.32453655817988,7.16226827908994,7.16226827908994,93.63665276082106,8.639406743372795,8.64166532529272,8.833472473062425,18.354071912311774,38.29775512796573,25.57450311262454,11.060326560759764,12.725470445925632,10.615569356817318,590.2494726283591,16.706672141844948,30.99067512831408,35.8113413954497,11.078022325468014,7.16226827908994,7.16226827908994,120.16996792350972,18.22043200815769,37.52402939925008,107.49781773439906,13.154896726778837,12.720235688401084,604.6699614575954,78.5527677089393,11.078022325468014,3.6224711786701485,57.29814623271952,22.15604465093603,186.76074984282474,116.41145122930479,25.967776854746347,25.87513241517992,898.4206642940358,64.46041451180946,33.234066976404044,177.0663207478343,11.251341095094325,7.221462933123435,942.7327535959079,71.6226827908994,7.16226827908994,12.367227709187258,11.078022325468014,12.24504889683921,12.70629650865364,204.4049597907926,1170.6732862309664,85.94721934907929,24.790213151377344,22.157266724918795,24.71717005908092,1254.7430002632339,93.10948762816923,12.774174830346393,4.91101031557371,1279.956317485006,105.18276622283288,7.231326977736176,7.16226827908994,1292.4528465041926,112.34588411988021,14.949054253477165,13.154896726778837,12.486824842851847,11.013091278602145,14.32453655817988,7.16226827908994,7.16226827908994,7.16226827908994,1467.3320285186073,21.48680483726982,7.16226827908994,21.48680483726982,14.32453655817988,7.261642632480713,1474.65789031798,35.8113413954497,52.65862682565637,9.337000138871172,1517.738927703148,7.16226827908994,9.587011934197967,61.99446940932893,9.337000138871172,18.674000277742344,1544.240130761373,9.549548218436096,99.34246996481362,9.574572525616972,1553.4141461148267,18.89760273029831,108.67947010368479,19.021727887860553,3.053163543509203,1581.6487489839963,9.337000138871172,140.51251171458273,1740.8352609763213,1750.1722611151924,9.337000138871172,1759.4098681251232,18.66505232985576,1765.6925762908704,27.992032004733083,8.933336081358473,7.396613962871486,1807.3380596095392,16.53378674279686,1813.5948969606034,22.790624093861126,6.256837351064268,5.122835144217388,1854.0220309008105
77,3.57949071646541,11.278345450598296,28.534577038271493,3.008820727192622,9.051624384994307,63.628541752932435,3.008820727192622,11.501409952146682,3.008820727192622,22.56114236565572,3.008820727192622,3.008820727192622,67.93346364662081,99.94651935980755,20.897284672410773,3.008820727192622,11.16503409050414,11.282130544507224,82.22802173155158,137.19032804477453,23.147695361313524,45.1850363427544,44.98691787527862,33.643174621965926,11.234270450618764,12.654444584012195,296.70293772461605,79.3011629102645,12.486897891194605,11.796341578634491,20.897284672410773,11.19717528349716,29.215480534349812,7.031304023206356,80.71327414839618,25.30888916802439,12.140882466215523,351.0900749920868,134.96904409068622,45.320401674743124,10.631738510493669,14.062608046412713,7.031304023206356,7.031304023206356,89.03315587839124,8.340092059227416,8.340317646557766,8.525492757803342,17.356579662445732,36.84550071609357,24.616834644005515,10.632309479739172,12.252713658914837,10.210576219280806,559.3258360207851,15.819559587979375,28.919857679432067,35.156520116031786,10.627239722029413,7.031304023206356,7.031304023206356,114.63433324635946,17.58711769885484,35.40195989501438,103.46376596726503,12.654444584012195,12.247567888097421,573.0754283270097,73.53929396571705,10.627239722029413,3.4750669813480206,56.25043218565085,21.254479444058827,178.05244837249523,112.07309997154402,24.9911179761539,24.902012472109618,851.8814112679407,63.28173620885721,31.88171916608824,170.47734331642323,10.83700010395774,6.9450843642078235,894.3903701560583,70.31304023206357,7.031304023206356,11.89256425368689,10.627239722029413,11.726847470783602,12.16613616182735,196.81865157098028,1113.7770215755643,84.37564827847629,23.826040593977552,21.255656718218333,23.671195929538314,1194.4092417974064,91.40695230168265,12.300635353620407,4.821210996900683,1218.6736173043323,103.25946732178969,7.097484633597801,7.031304023206356,1230.6939483904846,110.29158557171297,14.658750886365798,12.654444584012195,11.986646111991838,10.615925302141337,14.062608046412713,7.031304023206356,7.031304023206356,7.031304023206356,1401.4845415545835,21.09391206961907,7.031304023206356,21.09391206961907,14.062608046412713,7.126373578353551,1408.6720418051552,35.156520116031786,51.56253740650594,8.948523308238718,1450.9625858446907,7.031304023206356,9.281043772172561,60.51008869306474,8.948523308238718,17.897046616477436,1476.7421706362895,9.206634780200599,96.30418192601961,9.268322208407739,1485.557604898685,18.165704886548834,105.25270523425833,18.406231305571715,2.9261330969906063,1512.6718330934725,8.948523308238718,136.05396988747805,1666.622849597428,1675.5713729056667,8.948523308238718,1684.4442501755043,17.889262729090436,1690.6135987773873,26.937730364324725,8.694779579047395,7.2400804018352956,1730.9307826453114,16.13012443783701,1737.0701557470754,22.26949753960099,6.13937310176398,5.0266603596191795,1776.6450598498236
78,3.176022320013768,10.882726156400016,26.70311429484147,2.6669207528574894,8.083210278738786,59.25421396572896,2.6669207528574894,11.096869805771094,2.6669207528574894,21.778988584063285,2.6669207528574894,2.6669207528574894,63.155230044482394,92.8754898391892,19.74358517427682,2.6669207528574894,10.78664409648878,10.886397054829803,76.79065136977539,127.38141204014995,21.16732164154124,42.5961756092954,43.964025848513884,32.48399226462874,10.84762623874442,12.195522029554294,276.6540242371842,75.9194022584176,11.945320449500809,11.304025908201549,19.74358517427682,10.816560337449623,27.21893947290306,6.907524813158112,76.49997906954376,24.391044059108587,11.708545154976466,327.513613478546,128.47215873128414,43.11285778149752,10.21887457313002,13.815049626316224,6.907524813158112,6.907524813158112,84.54440978683269,8.06485177110286,8.063263744162835,8.242339868462043,16.449651595547945,35.513637844438406,23.738240230121473,10.239999679965717,11.818892566759452,9.8392208788591,525.7323890328912,15.012609826231381,27.04409599886054,34.53762406579056,10.214628546623608,6.907524813158112,6.907524813158112,109.28879099972012,17.00480088801346,33.47406447297382,99.7630323009499,12.195522029554294,11.813831265145275,538.8699414679402,68.99456348132631,10.214628546623608,3.3401446958541072,55.260198505264896,20.429257093247216,169.81415995842883,108.09241309224878,24.095213915064704,24.00935329469957,803.7751182781583,62.16772331842301,30.643885639870824,164.43131647357706,10.456686441562782,6.691683832425365,844.6336324646527,69.07524813158112,6.907524813158112,11.45739903456415,10.214628546623608,11.253011320086292,11.672278149334645,189.8569449107824,1056.1731767173162,82.89029775789734,22.942427626100866,20.430393241233517,22.714770890692304,1133.6593866480355,89.79782257105546,11.866068670515396,4.736338306614117,1157.0533008020786,101.4416856908277,6.9710727004613044,6.907524813158112,1168.6369714437192,108.34999235625199,14.385292416745008,12.195522029554294,11.528628622146517,10.251150298680262,13.815049626316224,6.907524813158112,6.907524813158112,6.907524813158112,1335.6115247183,20.722574439474336,6.907524813158112,20.722574439474336,13.815049626316224,6.99866044524314,1342.668492870292,34.53762406579056,50.53379533213055,8.593149743857515,1384.2120606730753,6.907524813158112,8.998937078171707,59.12613950893059,8.593149743857515,17.18629948771503,1409.3224519189364,8.891647303679253,93.49873848436064,8.98597643317783,1417.8093107959885,17.494880656528586,102.09188822821815,17.83899655082955,2.8099272926682355,1443.8973411963746,8.593149743857515,131.9423319647789,1593.0259726488684,1601.619122392726,8.593149743857515,1610.1578829297714,17.179561626062146,1616.2200087794888,25.970643158177975,8.473383210224528,7.093287168628028,1655.3124578364782,15.754095234890315,1661.3409765666615,21.782613965073708,6.028518730183393,4.935897464763591,1700.1165254568657
79,2.6830604758111463,10.519066603628106,25.043047067266272,2.19273774865149,7.039441706316668,55.293732661315744,2.19273774865149,10.725041006092342,2.19273774865149,21.059759544042805,2.19273774865149,2.19273774865149,57.89074859990368,86.47631559665032,18.694959963343003,2.19273774865149,10.43844786905816,10.522632007398894,70.92473257065907,118.45465865555522,19.31750881409731,40.24478866832263,42.24528978107055,31.41786218741122,10.492007034074774,11.774097424266493,257.50573944538996,72.00256216059765,11.450417045865718,10.853697974140916,18.694959963343003,10.466349876824202,25.411114936536443,6.79027707539017,72.66606073725892,23.548194848532987,11.311316215520781,305.1684696709469,121.72465664781134,41.10108634465943,9.840490418927997,13.58055415078034,6.79027707539017,6.79027707539017,80.45682982280108,7.811357882644925,7.808153719992782,7.981612365614481,15.624402935088773,34.29048051877644,22.931048202697454,9.87992849353416,11.42023086924505,9.49823746592368,493.43082748797525,14.277962647830392,25.344177390914258,33.95138537695085,9.836474055069436,6.79027707539017,6.79027707539017,104.41246644427746,16.46854938724612,31.72127729456856,96.36327587294568,11.774097424266493,11.415249923677223,506.0094449998784,64.87244243492142,9.836474055069436,3.2164896149656705,54.32221660312136,19.672948110138872,162.29763699586368,104.43469703021972,23.272228585806964,23.189347347943716,758.253095651711,61.112493678511534,29.509422165208306,158.87557696942486,10.107101030777455,6.4590301463706705,797.5989918719887,67.9027707539017,6.79027707539017,11.057896316799555,9.836474055069436,10.819217261191945,11.22020987051879,183.4592632522843,1001.92962682677,81.48332490468205,22.131547081164022,19.674046449494057,21.839168822982337,1076.5329388553077,88.27360198007221,11.466695211624486,4.655944103657898,1099.1272564281965,99.71982315912028,6.851413707131473,6.79027707539017,1110.3099656192408,106.5108524352965,14.127130013083509,11.774097424266493,11.108671607073452,9.915628565099308,13.58055415078034,6.79027707539017,6.79027707539017,6.79027707539017,1273.715365537642,20.37083122617051,6.79027707539017,20.37083122617051,13.58055415078034,6.877813492704118,1280.6489145453152,33.95138537695085,49.56614431219302,8.267655492476441,1321.4850620911748,6.79027707539017,8.738393654702856,57.83314350943022,8.267655492476441,16.535310984952883,1345.9736841720846,8.601881100806224,90.90376547933599,8.72523258630872,1354.1590574812822,16.87919706298228,99.17142097181242,17.315372009148312,2.7034919100873522,1379.305910036741,8.267655492476441,128.14419638406167,1523.9854174057555,1532.253072898232,8.267655492476441,1540.4853537074464,16.529512828691605,1546.4458368806531,25.08230701245938,8.267512544994085,6.955327454801242,1584.4071413433574,15.403086517890742,1590.330811338801,21.3267565133344,5.923669995443656,4.8500517326446175,1628.3549595756672
80,2.0721831037987544,10.18427456630549,23.53750487678136,1.5456509614648102,5.905609672015357,51.70631549318983,1.5456509614648102,10.382758227244144,1.5456509614648102,20.39737023543043,1.5456509614648102,1.5456509614648102,52.00151067607497,80.68275877417514,17.741097178695853,1.5456509614648102,10.117528632264792,10.18774234082671,64.48611950160891,110.37488956363745,17.729441146018566,38.107551753678365,39.81869317761509,30.435788475774906,10.164413619697587,11.38653749918922,239.03478525784635,67.66689263333325,10.997635963310552,10.441268138725704,17.741097178695853,10.14360635815661,23.773411728863945,6.67897136842925,69.17433490924637,22.77307499837844,10.94579654446024,283.79878972343874,114.8148628855352,39.26593191516231,9.493236186314602,13.3579427368585,6.67897136842925,6.67897136842925,76.73112920951507,7.577512336115817,7.572869784849421,7.741146009494695,14.8728277656405,33.165497434412444,22.188344890114294,9.548970017940375,11.053325370076761,9.18468281822126,462.22318564579757,13.60853531548457,23.802790409439286,33.394856842146254,9.489428653588027,6.67897136842925,6.67897136842925,99.95950282205709,15.973918172960436,30.126418634845916,93.23535127704275,11.38653749918922,11.048421032140347,474.2907901975285,61.131361946662935,9.489428653588027,3.103007088245514,53.431770947434,18.978857307176053,155.43235662559553,101.0686860427819,22.515100158367254,22.434958531329567,714.9908640506071,60.110742315863256,28.468285960764078,153.76266479490985,9.785270736116782,6.245112586060725,752.9485786649592,66.78971368429251,6.67897136842925,10.690599391303591,9.489428653588027,10.421569454341341,10.805864798978472,177.57101506476624,950.6467017173476,80.14765642115101,21.38634526926822,18.979920834516257,21.03652617781116,1022.6046612388519,86.82662778958026,11.099108831103253,4.579624220938181,1044.463383883488,98.08522337894769,6.737896676638426,6.67897136842925,1055.277371411133,104.7649197548766,13.88286700370556,11.38653749918922,10.723079580849294,9.606532368714971,13.3579427368585,6.67897136842925,6.67897136842925,6.67897136842925,1215.337369687454,20.03691410528775,6.67897136842925,20.03691410528775,13.3579427368585,6.763210687718862,1222.1539663623303,33.394856842146254,48.65394337340696,7.96913526815794,1262.3186772180825,6.67897136842925,8.497342205338706,56.62255614362893,7.96913526815794,15.93827053631588,1286.2284473556401,8.334898671826899,88.49909721626068,8.484015394001108,1294.1367971783138,16.313307412993318,96.46823248441862,16.831165354089137,2.6058769317930897,1318.419239859465,7.96913526815794,124.62945921470306,1458.986969610484,1466.956104878642,7.96913526815794,1474.9068610664583,15.93331631940466,1480.7707795164554,24.265094793954088,8.075694332270224,6.825383659116733,1517.685539949997,15.074743112284002,1523.509821930468,20.89902509275491,5.824281980470911,4.76867700809152,1560.8260879922561
81,2.6691923122908205,9.875563258394351,22.17128659531142,2.021433953892175,7.368799475481228,48.4552160454098,2.021433953892175,10.067168807747525,2.021433953892175,19.786336672693484,2.021433953892175,2.021433953892175,55.979172332251736,75.43513689284637,16.872705020411384,2.021433953892175,9.821257672800028,9.878940516118089,67.96138840812671,103.05861346019947,18.966986873471058,36.163448498077685,36.898113731256586,29.52966372796408,9.862143005210356,11.029567920970107,231.60462368970383,65.68751001027177,10.582875455154849,10.063051003216504,16.872705020411384,9.845682355853848,22.289074865971852,6.573076038954476,65.99129517324069,22.059135841940215,10.608922813566277,273.7387013814174,110.49273125893485,37.590133343430516,9.174093043396066,13.146152077908951,6.573076038954476,6.573076038954476,73.33190662365479,7.361424251755235,7.355503282913279,7.518990280546369,14.187712025124075,32.12919767387983,21.503899583979358,9.244307185583562,10.71510904376905,8.89590453610905,445.1661179509283,12.99794559367681,22.40433662526083,32.86538019477238,9.170475553738333,6.573076038954476,6.573076038954476,95.88857764375967,15.516901163927828,28.674008154470698,90.35299224761108,11.029567920970107,10.710277894103006,456.7659609379356,57.73386613100081,9.170475553738333,2.9987106373440935,52.584608311635805,18.340951107476666,149.1547690590607,97.96620288968734,21.817464415358536,21.739845815073114,686.9310759673999,59.15768435059028,27.511426661214998,149.04980811885494,9.488516099289143,6.0481190784673675,723.6129781823532,65.73076038954476,6.573076038954476,10.35239305509506,9.170475553738333,10.056557099246241,10.425578323978819,172.14300139427144,915.199291238783,78.8769124674537,20.700465410252182,18.341982530191494,20.29975658849183,984.7264032027547,85.44998850640818,10.760239841952082,4.507014115430129,1005.9073474379776,96.53007866079278,6.629970548472264,6.573076038954476,1016.3817356249453,103.10385473354474,13.651243823356747,11.029567920970107,10.368522218466925,9.321313264070056,13.146152077908951,6.573076038954476,6.573076038954476,6.573076038954476,1173.29922663629,19.719228116863427,6.573076038954476,19.719228116863427,13.146152077908951,6.654291006828827,1180.004755040581,32.86538019477238,47.79210597823294,7.6949709064186385,1219.530790624082,6.573076038954476,8.273915875697615,55.486674248585345,7.6949709064186385,15.389941812837277,1242.9005632508442,8.088503257035512,86.2665578742599,8.260454419799197,1250.5539835598227,15.792393261420994,93.96152878067853,16.382598085874378,2.5162262279543826,1274.0413477276622,7.6949709064186385,121.37098775421802,1410.8022772947174,1418.497248201136,7.6949709064186385,1426.1890179655804,15.385745278279895,1431.960996734796,23.51213283113689,7.8966005479383465,6.702718560907535,1467.9057113502129,14.766941808102423,1473.6355745735852,20.4968050314749,5.729863223372478,4.691370902786593,1510.2834769545916
82,5.555639531540869,9.59042109942847,20.930695173161343,4.762711106613459,13.381576215054164,45.507324254765805,4.762711106613459,9.77570180098292,4.762711106613459,19.22171640205743,4.762711106613459,4.762711106613459,77.97255523309872,70.67967383365634,16.081410762570904,4.762711106613459,9.547265826211309,9.593714274141739,89.49478334437603,96.4306018215386,24.283158661795927,34.3935414966235,34.25648191248863,28.692181105161378,9.582759104619505,10.70023776162499,243.24856758644515,68.08798746778986,10.202439200449277,9.715725390955658,16.081410762570904,9.57019184493265,20.94300738612486,6.472111505922021,63.086748843200326,21.40047552324998,10.297934232401982,282.995085765011,110.75916139116894,36.058136247770506,8.880340419139921,12.944223011844041,6.472111505922021,6.472111505922021,70.22726154026353,7.161389420614438,7.154333990955672,7.3133872246155835,13.562555111602915,31.173027721466262,20.872096934592285,8.963401192656992,10.402817759200353,8.629512200573409,452.24268989063034,12.440442399646823,21.134761030417625,32.360557529610105,8.876896025809296,6.472111505922021,6.472111505922021,92.16245381131225,15.09388777323337,27.35009665949594,87.69252666160851,10.70023776162499,10.398056675338706,463.4138138314529,54.64620489688099,8.876896025809296,2.902711247983268,51.776892047376165,17.753792051618593,143.40760726920894,95.10185311195211,21.173585697247734,21.098294436963698,683.9540679507948,58.24900355329819,26.63068807742789,144.6984592202641,9.214422269172994,5.866416533844275,719.4616520540319,64.72111505922021,6.472111505922021,10.040469806238267,8.876896025809296,9.721016319241865,10.076047963928158,167.13088207036742,905.4066622011394,77.66533807106426,20.068178647482082,17.75479381643271,19.62247393541631,972.6966675546704,84.13744957698627,10.447321711092435,4.437784948927521,993.2520756381354,95.04734603183581,6.527138252023385,6.472111505922021,1003.4131772565852,101.52013460240474,13.431124450089817,10.70023776162499,10.04199820857708,9.057674447596122,12.944223011844041,6.472111505922021,6.472111505922021,6.472111505922021,1157.372250162951,19.41633451776606,6.472111505922021,19.41633451776606,12.944223011844041,6.550548401362826,1163.9720687322174,32.360557529610105,46.976045171014604,7.4428029416687815,1202.8892839312093,6.472111505922021,8.066432018024985,54.41855278968103,7.4428029416687815,14.885605883337563,1225.7542510826224,7.860715007092348,84.18976455635615,8.052863790018701,1233.1727016696236,15.312112120418096,91.63256749802494,15.966264571002547,2.433768262294733,1255.9276167317105,7.4428029416687815,118.34432644084654,1389.1575490558946,1396.6003519975634,7.4428029416687815,1404.053495387176,14.882089341420905,1409.7377509512576,22.817226331005056,7.729034022341784,6.586667367305976,1444.7816150793833,14.477768405384316,1450.421585509198,20.11773883519902,5.639970429814705,4.6177704659826375,1486.437035670009
83,7.59503988699551,9.32658447357521,19.803388730202762,6.65951106757065,17.729047396210284,42.832806394918336,6.65951106757065,9.50604008989855,6.65951106757065,18.699054898871218,6.65951106757065,6.65951106757065,93.43428994791955,66.36791507736133,15.359669764896585,6.65951106757065,9.2934177861935,9.329799387339131,104.5348097568035,90.42307084422069,28.199274901551867,32.78076648760697,31.866281330864332,27.91675508933156,9.32406631734533,10.39588748606495,249.31516803279854,69.35999098335785,9.85299616969215,9.396298292463825,15.359669764896585,9.31498432697835,19.721606198025576,6.375645110560773,60.4334889050057,20.7917749721299,10.010342601705629,286.8926774157473,110.08538826389363,34.65592405002014,8.609526478930514,12.751290221121547,6.375645110560773,6.375645110560773,67.3884476618799,6.975871827747747,6.967811467078874,7.122752392622851,12.991499251699135,30.289278674089182,20.28787603977307,8.703963954815205,10.113960297787342,8.383351440885653,453.22659912739215,11.930843320536663,19.981399233957568,31.878225552803865,8.606239894386448,6.375645110560773,6.375645110560773,88.74757518313086,14.701623761896862,26.142114518424396,85.2326197575577,10.39588748606495,10.109266425180195,464.00425364975075,51.83796706448949,8.606239894386448,2.8142077221187627,51.00516088448619,17.212479788772896,138.13926502787564,92.45274957940397,20.578294684531627,20.505153911245145,675.7409657413218,57.38080599504696,25.818719683159344,140.67387636683765,8.960812809944468,5.698533128908841,710.1659253188676,63.75645110560774,6.375645110560773,9.752299385741907,8.606239894386448,9.41209581921693,9.754297519043437,162.49469476247089,890.8949010093854,76.50774132672929,19.48432189181172,17.21345410748051,18.99892302839536,956.1228277978673,82.88338643729006,10.157861051881994,4.371640056797692,976.0999181316271,93.63067160464853,6.428951366753268,6.375645110560773,985.9715138380014,100.00697262146768,13.221484184915294,10.39588748606495,9.740802685093577,8.813545849369426,12.751290221121547,6.375645110560773,6.375645110560773,6.375645110560773,1137.139301651613,19.12693533168232,6.375645110560773,19.12693533168232,12.751290221121547,6.451526360109673,1143.6382946674705,31.878225552803865,46.201624154782905,7.210504998713518,1181.9739222430926,6.375645110560773,7.87337395921776,53.411929844021046,7.210504998713518,14.421009997427037,1204.3659743253045,7.6497495126558235,82.25394983887512,7.8597239264946746,1211.5674915725867,14.868550346111233,89.46445483758863,15.579095137221326,2.3578077182105033,1233.6465469174116,7.210504998713518,115.52743188277009,1363.5949887976087,1370.8054937963223,7.210504998713518,1378.0384078349691,14.418103477205374,1383.6387880613581,22.174792180213203,7.571915490725661,6.476630547817907,1417.8444144982673,14.205497032202011,1423.3986182071453,19.75970074108007,5.554203708878059,4.547548283821581,1458.814274649803
84,10.142613861527831,9.0820131857487,18.77824639040911,9.09410166511346,22.99858943945901,40.4047807054812,9.09410166511346,9.256095262566065,9.09410166511346,18.214337272020398,9.09410166511346,9.09410166511346,112.82567982922203,62.4562008411004,14.700683493045407,9.09410166511346,9.057788957442769,9.085155109212586,123.53905356935839,84.97494438054746,32.78077229685414,31.309746911259833,29.70271896916513,27.197450086608374,9.084085724897164,10.114120109096527,260.1719466858365,71.54223900311288,9.531544464168597,9.102072380262086,14.700683493045407,9.078121517817946,18.612614181632832,6.283286476212745,58.00699844240715,20.228240218193054,9.743905331709541,295.77753771892935,110.49171987293771,33.37086574011586,8.359441523273498,12.56657295242549,6.283286476212745,6.283286476212745,64.78956066118911,6.80348700473651,6.794538246061365,6.945657667340796,12.469265862155558,29.471002638984125,19.746675564344947,8.4639332899375,9.84629134007965,8.15548056975339,460.464144693247,11.464478316882326,18.932839786764674,31.41643238106373,8.356298955086219,6.283286476212745,6.283286476212745,85.6137021818321,14.337175968258293,25.038735087325605,82.95404277773892,10.114120109096527,9.841662065979223,470.88016134073774,49.281749806800384,8.356298955086219,2.7324779853133645,50.26629180970197,16.712597910172438,133.30323652268248,89.99826431004551,20.026932339937098,19.95578217507575,674.5546479621005,56.54957828591471,25.068896865258658,136.94474709058144,8.725726102391079,5.543142344121474,707.9798437824454,62.83286476212746,6.283286476212745,9.485601335038032,8.356298955086219,9.127225943680612,9.457644773186319,158.19842165311792,883.8772804456046,75.39943771455295,18.944241819459997,16.71354678282455,18.42391715199579,947.2012918815705,81.6827241907657,9.889610587590342,4.30831176632585,966.6427549370696,92.27432243330429,6.335005311004157,6.283286476212745,976.2463432455279,98.5582452934997,13.021398641271091,10.114120109096527,9.462497883319932,8.587061690961704,12.56657295242549,6.283286476212745,6.283286476212745,6.283286476212745,1124.7746889523319,18.849859428638236,6.283286476212745,18.849859428638236,12.56657295242549,6.356813010282867,1131.177312924544,31.41643238106373,45.46511176104241,6.9961607196965785,1168.9562197898003,6.283286476212745,7.693374573931972,52.46115901076453,6.9961607196965785,13.992321439393157,1190.904270646343,7.453998459734517,80.44580188955085,7.679665087905278,1197.9051574352093,14.458180689854636,87.44196260924743,15.21832282233942,2.2877179539692225,1219.3594988447605,6.9961607196965785,112.90043412113263,1346.2522544052863,1353.2484151249828,6.9961607196965785,1360.277727642517,13.989961924186588,1365.797747797665,21.579798399392814,7.424271925751709,6.3720673782885795,1399.221815855907,13.948571510289002,1404.6940181364675,19.420773790849534,5.472202280560532,4.48040896481889,1439.539605453257
85,11.81883266994626,8.854868347740133,17.845247400002663,10.671739597393259,26.518700064410197,38.19902513684814,10.671739597393259,9.023984975232995,10.671739597393259,17.763944749939284,10.671739597393259,10.671739597393259,125.4091445828844,58.90519137942855,14.098325655615929,10.671739597393259,8.838644600235861,8.857942054486431,135.76658439522387,80.03118985034574,35.77976843606379,29.966626828841623,27.743455552705747,26.52891609944013,8.861033644242262,9.85277520808668,264.996819833162,72.36277451941483,9.235378735485094,8.830616739982078,14.098325655615929,8.857856343272971,17.604986932375546,6.19468332753913,55.785184327360184,19.70555041617336,9.496601131837082,298.8082456856428,109.6896092751017,32.191578713251616,8.128094020229263,12.38936665507826,6.19468332753913,6.19468332753913,62.40725683981931,6.642987030424075,6.633254698476478,6.7808157904359,11.991098212153613,28.711937408622617,19.24438429317907,8.241450557978826,9.59778712687278,7.944149531760511,460.8072718833648,11.037138999942648,17.978800137494535,30.97341663769565,8.125083023234078,6.19468332753913,6.19468332753913,82.73358347980054,13.997900529389732,24.029751657063997,80.83946451645531,9.85277520808668,9.59322005680087,470.8904018198496,46.95286081941532,8.125083023234078,2.6568712547457443,49.557466620313036,16.250166046468156,128.8576114564932,87.71980486106031,19.515299400743885,19.44599526488755,667.1718850622698,55.75214994785217,24.375249069702235,133.4828487617995,8.507394081661138,5.399048581389731,699.6722171552061,61.9468332753913,6.19468332753913,9.23832027046956,8.125083023234078,8.86409079831987,9.18367239346764,154.20959901364353,871.0858608021174,74.33619993046956,18.443744414508387,16.251091282264774,17.892781794371665,932.6489204039074,80.53088325800869,9.640544791681489,4.247558530036336,951.5933655603566,90.97312511558415,6.244935007107743,6.19468332753913,960.9483880736752,97.16842678353943,12.83003382452819,9.85277520808668,9.204886701338548,8.376540265218654,12.38936665507826,6.19468332753913,6.19468332753913,6.19468332753913,1106.9753459193605,18.58404998261739,6.19468332753913,18.58404998261739,12.38936665507826,6.2660367034816264,1113.285671381283,30.97341663769565,44.76314232809006,6.798042975452956,1150.5305895387833,6.19468332753913,7.5252014840528645,51.56114851305011,6.798042975452956,13.596085950905913,1172.0608693507106,7.272012200292398,78.75332041486193,7.511452540605186,1178.875866172472,14.077824052219565,85.55136339031489,14.881453415112244,2.222934204900966,1199.7517332001444,6.798042975452956,110.44542152946894,1323.7932406805191,1330.5912836559721,6.798042975452956,1337.4320279330232,13.594216689494692,1342.8749031294224,21.027709591926985,7.285226025146972,6.2724901240239666,1375.5687434536053,13.705588565534825,1380.9623840618374,19.099229173766822,5.393640608231997,4.416085973279937,1415.264980425348
86,12.574409011714682,8.643492453770175,16.995362214005464,11.305352169363132,28.197995411877447,36.19371403098836,11.305352169363132,8.80801255658587,11.305352169363132,17.344615474797884,11.305352169363132,11.305352169363132,130.5262474516929,55.6794392849735,13.547075654233916,11.305352169363132,8.634421039831961,8.646502269281203,140.55594635773087,75.54221990370309,36.902100072781174,28.738920384208544,25.968362614645386,25.90633076761903,8.65330230453311,9.609905508554144,263.05520700553586,71.50574162023034,8.962060830825239,8.579740499320454,13.547075654233916,8.652614014470158,16.68877269892182,6.109517723610814,53.748137277287725,19.219811017108288,9.26660810728566,295.23279638567413,107.34825091157803,31.107805187295927,7.913689010810668,12.219035447221628,6.109517723610814,6.109517723610814,60.22049964228279,6.493247016673086,6.482825388854992,6.627066421431884,11.552709762550734,28.00643859333419,18.77729657982608,8.034840514632739,9.366623530036202,7.74778093605799,453.15687065455836,10.645032931001165,17.11001487000447,30.54758861805407,7.910798353898604,6.109517723610814,6.109517723610814,80.08266019055299,13.681414248789658,23.105966583816723,78.87326350644851,9.609905508554144,9.362116466577525,462.93308893967514,44.82904997827214,7.910798353898604,2.58680098264365,48.876141788886514,15.821596707797209,124.7646201361106,85.60061285863274,19.039610871714267,18.972021975131668,652.4258214619649,54.98565951249733,23.73239506169581,130.26274276857032,8.304223080119293,5.265174205720011,684.0690148775593,61.09517723610814,6.109517723610814,9.008603605776283,7.910798353898604,8.620603131731935,8.93020171101019,150.4989654345186,851.3134874630995,73.31421268332977,17.979049507047577,15.822499943911733,17.401303947363793,911.2448593747797,79.42373040694059,9.408837939873601,4.189162342805387,929.7272175308225,89.72241047335679,6.158410975635082,6.109517723610814,938.8512618784436,95.83252983066147,12.64663719360917,9.609905508554144,8.965988879013434,8.18046571797397,12.219035447221628,6.109517723610814,6.109517723610814,6.109517723610814,1082.502450138062,18.328553170832443,6.109517723610814,18.328553170832443,12.219035447221628,6.178862038629429,1088.7241993095074,30.54758861805407,44.09267955138228,6.614595135092034,1125.4559339571313,6.109517723610814,7.36774372350223,50.70730632898676,6.614595135092034,13.229190270184068,1146.5922531612307,7.1024840484788365,77.1656868693549,7.353973197631663,1153.2346922917181,13.724615023608024,83.78028200444693,14.566238462254743,2.16294745862325,1173.5739024504182,6.614595135092034,108.14624700931122,1294.9493397299136,1301.5639348650056,6.614595135092034,1308.2297069914346,13.227760156204175,1313.5983814269098,20.51443779367165,7.153986740117314,6.17745879878534,1345.6085029333324,13.475282700688712,1350.926727847298,18.793507614654363,5.318224913965651,4.354338776200014,1384.7110240660836
87,12.40776500835087,8.446391428689676,16.220454366204592,10.907169043815587,28.244990107646938,34.369180873265535,10.907169043815587,8.60664863132272,10.907169043815587,16.953409178313045,10.907169043815587,10.907169043815587,128.33963523234286,52.7470041352908,13.041958622650462,10.907169043815587,8.443708736259975,8.449341274468658,138.0670653449223,71.46335332465944,36.56085486740573,27.615376169996516,24.359303614137243,25.325347147613833,8.45944243696033,9.383755787942842,254.44114336987693,69.36468141293265,8.709393344549113,8.34746906792305,13.041958622650462,8.460974976813798,15.855004208211541,6.027502663905239,51.877915668686185,18.767511575885685,9.052284024190945,285.12952397049685,103.84771414971154,30.110300855889214,7.714608652398763,12.055005327810479,6.027502663905239,6.027502663905239,58.21033126713137,6.353252932113742,6.34222678447197,6.483363576919854,11.150237619966791,27.349418473248374,18.342072206024557,7.842593159617765,9.15115629447174,7.564952966944665,437.95665527320887,10.284742445416626,16.31813500628981,30.1375133195262,7.71182819849442,6.027502663905239,6.027502663905239,77.63879934750975,13.385568798847679,22.25909139661644,77.04135880009052,9.383755787942842,9.146707218162883,447.44943501871916,42.890267565634346,7.71182819849442,2.521738498366997,48.22002131124192,15.42365639698884,120.99022360079496,83.62558247462718,18.5964550235217,18.530463006105727,630.699119762506,54.24752397514716,23.13548459548326,127.26149897444286,8.114776566882494,5.140547869832318,661.5464325564838,60.2750266390524,6.027502663905239,8.794781480204058,7.71182819849442,8.394881704047974,8.695269097607293,147.040144883164,824.9064985264055,72.33003196686288,17.546749812356,15.424539115529392,16.9456864262581,883.3230993371633,78.35753463076811,9.19284433518687,4.1329264146675975,901.3749856745701,88.51796370934095,6.0751358162990865,6.027502663905239,910.283968364939,94.54605250919771,12.470529607481888,9.383755787942842,8.744019535437484,7.997471633488119,12.055005327810479,6.027502663905239,6.027502663905239,6.027502663905239,1051.673788299461,18.08250799171572,6.027502663905239,18.08250799171572,12.055005327810479,6.094986278625495,1057.8103690260925,30.1375133195262,43.45098391268186,6.444414190026443,1094.04798609085,6.027502663905239,7.219999723300676,49.89549075477721,6.444414190026443,12.888828380052885,1114.8119731852503,6.944236131630008,75.67314751488297,7.206223580520298,1121.2939175996992,13.395970836578575,82.1175617049094,14.270650947906647,2.1072989366626387,1141.1343026263041,6.444414190026443,105.98835337345044,1260.0114843798074,1266.4558985698338,6.444414190026443,1272.9589992283204,12.887791392840183,1278.2561725351304,20.036298188877687,7.029840741480347,6.0865764426405224,1309.624737205487,13.256512565698067,1314.8704272443254,18.50220260453647,5.245690038838406,4.294950272610406,1348.158960199149
88,11.712871127882726,8.262218453517683,15.513192054867947,10.29684903067115,27.107699742325508,32.7077045339925,10.29684903067115,8.418514563104013,10.29684903067115,16.58767535486601,10.29684903067115,10.29684903067115,123.70898638046663,50.079105293227,12.578491402476022,10.29684903067115,8.26523703029536,8.265111886843815,133.1571675958784,67.7543293104168,35.99911140839981,26.585855022715712,22.899936725848207,24.782046662059084,8.278147588313521,9.172743868055054,243.95248215256493,67.16505957592943,8.47539578838009,8.13202272969152,12.578491402476022,8.281659547109413,15.095601200796587,5.948379030288747,50.15835075496557,18.34548773611011,8.852148528662013,273.2821334758891,100.40132452978968,29.19073456577021,7.529394688492146,11.896758060577493,5.948379030288747,5.948379030288747,56.35966689045706,6.22209063140916,6.210536181033222,6.348764313357669,10.78020059929962,26.7362909042795,17.935700215367316,7.663347382100332,8.949903236239564,7.394383986408883,421.19041796401393,9.953187553427984,15.59563727933256,29.74189515144373,7.526715286413109,5.948379030288747,5.948379030288747,75.3820537704353,13.108427477410476,21.48165679508639,75.3310575042905,9.172743868055054,8.945510288346135,430.42097735301235,41.11844643384126,7.526715286413109,2.461207279967785,47.587032242309974,15.053430572826217,117.50374433122401,81.78109687519624,18.182756450590794,18.11825415640119,607.9205517716537,53.53541127259872,22.580145859239327,124.45844745651821,7.937759596246934,5.024293994712461,638.0274129173062,59.48379030288747,5.948379030288747,8.595348673859284,7.526715286413109,8.185230896221707,8.477104681258503,143.80936114098725,797.7609224654648,71.38054836346497,17.143774025464918,15.05429411611832,16.52250671220822,854.7685392310427,77.32892739375372,8.991080490832944,4.078673074000268,872.4185800756313,87.35597949804273,5.994841037227703,5.948379030288747,881.1269112514371,93.30493026027106,12.301098068917977,9.172743868055054,8.537369831315692,7.82632624502595,11.896758060577493,5.948379030288747,5.948379030288747,5.948379030288747,1020.3596454988168,17.84513709086624,5.948379030288747,17.84513709086624,11.896758060577493,6.0141361217282965,1026.4141818366763,29.74189515144373,42.835583333654256,6.286235548838702,1062.1751769732464,5.948379030288747,7.08106648616713,49.121965862143384,6.286235548838702,12.572471097677404,1082.5864927956443,6.796206642104523,74.2669080574982,7.067298972959755,1088.918861334753,13.08956339209203,80.5531436063369,13.992863380952086,2.055575122433948,1108.2946602756838,6.286235548838702,103.95861601709359,1224.8257473904548,1231.1119829392935,6.286235548838702,1237.4635451560694,12.57178579847636,1242.6916961459276,19.589969210513566,6.9121447306748784,5.999484867300418,1273.456946837787,13.048248677402256,1278.6327434518323,18.22404529144762,5.175796614045363,4.237724477405964,1311.4461064487766
89,11.082878207596394,8.089759392343458,14.866968482256016,9.742260764460761,25.660443456510563,31.193316674007278,9.742260764460761,8.242367536746254,9.742260764460761,16.245024585659777,9.742260764460761,9.742260764460761,118.41372913999498,47.649809083218585,12.152633867765498,9.742260764460761,8.097860399667818,8.092599642093257,127.6034712339476,64.37886984136568,34.97402983385974,25.641219917163244,21.575537155169556,24.272896707506277,8.108239987586566,8.975443489347171,233.3129409162584,64.6481655470277,8.258283120913703,7.931797354599959,12.152633867765498,8.11351407169576,14.403282616062993,5.871912831719056,48.574871169296394,17.950886978694342,8.664867126235603,261.4015933710291,96.73943113397183,28.34159792682567,7.356732654064459,11.743825663438113,5.871912831719056,5.871912831719056,54.653109262896336,6.098935970680283,6.086921724776785,6.222418530331401,10.43946143839036,26.162921678746493,17.55546632764605,7.495876225320573,8.761528203172627,7.23491866111077,404.2875452092446,9.647592514075514,14.935742388743332,29.35956415859528,7.354146041085914,5.871912831719056,5.871912831719056,73.29444570691373,12.848244265568706,20.76693155814232,73.7309174103395,8.975443489347171,8.757189670167666,413.27507006500485,39.49730573674597,7.354146041085914,2.4047777929026184,46.97530265375245,14.708292082171829,114.27753352103818,80.05488086192642,17.795742786428384,17.732633159514837,585.4699177842974,52.84721548547151,22.062438123257742,121.8349548228996,7.772004795809486,4.9156232916528655,614.8865019486411,58.71912831719057,5.871912831719056,8.408948313552486,7.354146041085914,7.990122338135662,8.274113169011095,140.7851805128011,771.227042991934,70.46295398062868,16.767353569588046,14.709137666528669,16.128679869535205,826.9214307049692,76.33486681234774,8.80220907710098,4.026241878276311,844.1955580393354,86.23302152234311,5.917284198116182,5.871912831719056,852.7162899273732,92.10549267183711,12.13778918658021,8.975443489347171,8.344589545895257,7.665919109668925,11.743825663438113,5.871912831719056,5.871912831719056,5.871912831719056,989.8870922640657,17.615738495157167,5.871912831719056,17.615738495157167,11.743825663438113,5.936064792549669,995.8624520413487,29.35956415859528,42.24424673466453,6.138919337556648,1031.1629029301557,5.871912831719056,6.950129832880221,48.383361365474116,6.138919337556648,12.277838675113296,1051.2394337379305,6.657438351257381,72.9390387157007,6.936383648282276,1057.4321138863133,12.803294055329633,79.07795805325735,13.731228051793357,2.007403281482402,1076.3743272791996,6.138919337556648,102.04520116525299,1190.697367119566,1196.8362864571227,6.138919337556648,1203.0463907091917,12.277467753168594,1208.207798771989,19.172456590891045,6.800318511996342,5.915860822655664,1238.4044446975909,12.849562354983346,1243.512773209646,17.957890867038515,5.108328512055168,4.182484434458351,1275.8698055352531
90,10.51022820698017,7.927919662042269,14.275830081218052,9.237933210209869,24.34540909372988,29.811628218824417,9.237933210209869,8.077087117357689,9.237933210209869,15.923302701933482,9.237933210209869,9.237933210209869,113.08718144350514,45.43574693997125,11.760745068866019,9.237933210209869,7.9405460759727475,7.930709660966651,122.03730220417407,61.30428538046519,33.70677446065941,24.773236762203464,20.372837045882857,23.794712459224968,7.9486578118613185,8.790568880765706,223.10563612707168,62.02086267298816,8.056446402852927,7.745347020169675,11.760745068866019,7.955498454990953,13.771487471902047,5.797892721696132,47.114344803060106,17.581137761531412,8.489236747451256,250.05953161834276,93.05903796761382,27.556123871427694,7.195437644688253,11.595785443392264,5.797892721696132,5.797892721696132,53.07678166296331,5.983045901550257,5.970633422434011,6.103559783342593,10.125192753735368,25.625583800566854,17.19892357935325,7.3390736101045295,8.584826623476413,7.085515462870986,388.0059157904823,9.365455718563915,14.332341349812065,28.989463608480662,7.192936358752888,5.797892721696132,5.797892721696132,71.35977189490038,12.603444958822351,20.108849481388802,72.23062322415059,8.790568880765706,8.580540923051675,396.7677601156979,38.01217409342925,7.192936358752888,2.3520628397442906,46.38314177356906,14.385872717505777,111.2866712909219,78.43586810230592,17.43291471431913,17.371109803817383,564.0604067150275,52.18103449526519,21.578809076258665,119.37422267591948,7.6164597418392805,4.813824222664705,592.8321521500391,57.97892721696132,5.797892721696132,8.234357191855509,7.192936358752888,7.808178355642737,8.084856568463865,137.9482800093895,745.9914398595924,69.57471266035358,16.41499263664838,14.386701445635747,15.761425134452375,800.4593103041635,75.37260538204971,8.625024457587884,3.9754879118347377,817.3810271348726,85.14598601558058,5.842246336181839,5.797892721696132,825.7259878048527,90.94442453709256,11.980103284318158,8.790568880765706,8.164371378884203,7.515249102388912,11.595785443392264,5.797892721696132,5.797892721696132,5.797892721696132,960.9217750319664,17.393678165088396,5.797892721696132,17.393678165088396,11.595785443392264,5.860549421015435,966.8205946872685,28.989463608480662,41.6749602111353,6.001438056287778,1001.6752982852852,5.797892721696132,6.826455614287096,47.6766364620931,6.001438056287778,12.002876112575557,1021.4333297361474,6.527068260588621,71.68238868724421,6.812742064470174,1027.495279239626,12.53527094686966,77.683826743532,13.484259243782573,1.9624474252499957,1046.0319882427834,6.001438056287778,100.23743815417534,1158.2723025095343,1164.273740565822,6.001438056287778,1170.351518496449,12.002785976167669,1175.4482828849373,18.781060971476368,6.693838750689917,5.835412542810997,1205.1078469493045,12.65961575080297,1210.1509374993843,17.70270630088287,5.043090550079898,4.129070336313833,1242.068895236741
91,9.989143934485524,7.77571240195278,13.734411847974169,8.778936549977356,23.14887912240014,28.54967301338574,8.778936549977356,7.921663140184899,8.778936549977356,15.620567506140459,8.778936549977356,8.778936549977356,108.22555609738784,43.41586146294998,11.399543718373536,8.778936549977356,7.792362887563974,7.778454815760784,116.95307786804099,58.50111961194467,31.887639146545812,23.974485018574285,19.279881238454866,23.344622457506294,7.798443712927916,8.616960857249065,213.78154293987097,58.960558169054394,7.8684353675026255,7.5713683535276814,11.399543718373536,7.8066749227688215,13.194303577994623,5.726127761457174,45.76493633954988,17.23392171449813,8.324172742506436,239.69657066489643,89.02866690957674,26.828213276992578,7.04444149459745,11.452255522914347,5.726127761457174,5.726127761457174,51.61817738925775,5.873750446915811,5.860995041242884,5.991497006168771,9.834846366844854,25.120917188435566,16.863865870921224,7.1919423728191445,8.418712485088497,6.945235406675845,372.44498214236467,9.104522555400584,13.779929134640787,28.63063880728587,7.042018795215685,5.726127761457174,5.726127761457174,69.56342792545708,12.372610166340555,19.501943548291145,70.82087505032707,8.616960857249065,8.414478153546876,380.9968488098646,36.64983026020404,7.042018795215685,2.3027133702986653,45.80902209165739,14.08403759043137,108.50869658359251,76.9140815050342,17.092018947113637,17.031439010795943,543.7511927997151,51.53514985311456,21.126056385647054,117.06110602850333,7.47017558454859,4.718255306353716,571.9192679805778,57.26127761457173,5.726127761457174,8.070472539648913,7.042018795215685,7.638157056451135,7.908038619947565,135.2812384811391,722.0892978524328,68.71353313748608,16.084441193953335,14.084850462617858,15.418235811709236,775.409210596406,74.43966089894326,8.4584396574127,3.9262802521525115,791.9998300611987,84.09206891255295,5.76952964692161,5.726127761457174,800.1797439479925,89.81873076765848,11.827589093593204,8.616960857249065,7.99553680656822,7.373413598764207,11.452255522914347,5.726127761457174,5.726127761457174,5.726127761457174,933.4799995914955,17.17838328437152,5.726127761457174,17.17838328437152,11.452255522914347,5.787388680781567,939.3047065581361,28.63063880728587,41.125905568304994,5.872865457920043,973.7273027919239,5.726127761457174,6.709381793351617,46.999047252273265,5.872865457920043,11.745730915840086,993.1816767159609,6.404318277475675,70.49050908395344,6.695710930885231,999.1210151427089,12.283788482158315,76.36337454187348,13.250617205781882,1.9204046744529415,1017.2776690827873,5.872865457920043,98.52570435730996,1127.5491043559373,1133.4219698138572,5.872865457920043,1139.3756976841694,11.745891323814895,1144.4097548938719,18.413348719494035,6.592233348995215,5.757876634043798,1173.560886668288,12.477652868172374,1178.5407930891663,17.45755928905069,4.979906420878314,4.077337830022042,1210.0355030499957
92,9.516716452725104,7.632247814807657,13.237879077501507,8.360828601706615,22.069770533144673,27.395766956362877,8.360828601706615,7.775184799417423,8.360828601706615,15.335067797827513,8.360828601706615,8.360828601706615,103.8120822016451,41.57117761373075,11.066072589287346,8.360828601706615,7.652471207044144,7.634945068372937,112.33240897044095,55.94282935405151,30.227404185333924,23.238277166243492,18.285897309593153,22.92003760106485,7.656734479816994,8.453574293641747,205.28312521751985,56.16641999781132,7.692942716894121,7.4086864236947125,11.066072589287346,7.666197897915667,12.666403307104332,5.656445404585159,44.51597889290045,16.907148587283494,8.168697163499212,230.24584502340102,85.33947817661863,26.15236885342467,6.902781224190121,11.312890809170318,5.656445404585159,5.656445404585159,50.26602415403933,5.770445471146417,5.757396810890082,5.885607052740984,9.566125667521579,24.64589236857664,16.548304132904065,7.053583487627835,8.262206604139227,6.813231903672996,358.22030335304817,8.8627609620845,13.27354488337104,28.282227022925795,6.900431021170257,5.656445404585159,5.656445404585159,67.89224999476704,12.154459993357198,18.941286618908997,69.49328791681427,8.453574293641747,8.258022285031608,366.57640691311883,35.39835957741909,6.900431021170257,2.2564147065423654,45.25156323668127,13.800862042340514,105.92336380100177,75.48052543871032,16.771023882140824,16.711596578673355,525.1215319278508,50.90800864126643,20.70129306351077,114.88194969812142,7.332296799511233,4.628338185550821,552.7232560125318,56.56445404585158,5.656445404585159,7.9163001082503275,6.900431021170257,7.4789388925915645,7.742490770008671,132.76834843036488,700.0782438884912,67.8773448550219,15.773670663341536,13.80165996651545,15.096852151638934,752.3214091025509,73.53379025960706,8.301474621635238,3.8785005879348184,768.6002699174242,83.06873625212704,5.698955394444915,5.656445404585159,776.6248664172284,88.72570477988536,11.679838971298448,8.453574293641747,7.83702333824541,7.239598728651078,11.312890809170318,5.656445404585159,5.656445404585159,5.656445404585159,908.1023649722974,16.969336213755476,5.656445404585159,16.969336213755476,11.312890809170318,5.716400661417733,913.8551978516296,28.282227022925795,40.595440980885066,5.752366527892901,947.8582810946574,5.656445404585159,6.598311311100009,46.34811738457131,5.752366527892901,11.504733055785803,967.0225367614263,6.288486814046044,69.35758349614292,6.584692060412399,972.8466280025772,12.047308936672561,75.10995002403583,13.029093711484254,1.881001982504903,990.6463034671426,5.752366527892901,96.90132150389081,1099.0523580268193,1104.8047245547123,5.752366527892901,1110.6419074475912,11.505116785568926,1115.6150468804842,18.067125633820392,6.495076378959817,5.683015270833487,1144.2838046135228,12.302991468340613,1149.2024214419075,17.22160829672528,4.918616828384666,4.027156490667293,1180.2884198860695
93,9.08561879090259,7.496723562952361,12.78187486760416,7.979606543093924,21.084004008666604,26.339381081384403,7.979606543093924,7.636830817242338,7.979606543093924,15.065224476028543,7.979606543093924,7.979606543093924,99.76883634682964,39.88459656682448,10.757666438017013,7.979606543093924,7.520113893987354,7.499377863927307,108.09591330974229,53.60549616326934,28.713039866808195,22.558586145123634,17.381178479077203,22.51862321020429,7.5227517247779385,8.299466838743257,197.4957239801228,53.61495427559294,7.528789972686106,7.25624203061529,10.757666438017013,7.533304878521485,12.182985725567534,5.588689681109335,43.35785835569315,16.598933677486514,8.021928206775344,221.5842884155456,81.96076086110531,25.523635576151648,6.7695886312850195,11.17737936221867,5.588689681109335,5.588689681109335,49.010161902789505,5.672586166055532,5.65928884798342,5.785327977398574,9.316960713375181,24.1977777620623,16.25044485180252,6.9231863557897375,8.114426054880477,6.688741618763154,345.1702282004685,8.638339397351288,12.80871803500244,27.943448405546672,6.767305420518083,5.588689681109335,5.588689681109335,66.33437232372404,11.947840240056145,18.4224379908899,68.24030124701378,8.299466838743257,8.11029048876385,353.343441575348,34.24702462920288,6.767305420518083,2.2128831413100953,44.70951744887468,13.534610841036166,103.51242353601464,74.12708862129458,16.468097666382263,16.40975732750711,507.97705124384345,50.298207129984014,20.301916261554247,112.82444089837966,7.202051953729384,4.543551381276684,535.0462729259158,55.88689681109335,5.588689681109335,7.770943431462966,6.767305420518083,7.329514553271092,7.587159533592872,130.39544645494624,679.7444030573423,67.06427617331202,15.480852008201426,13.535394641856861,14.79523691252114,730.9754048902998,72.65296585442135,8.153245636136674,3.8320419739925864,746.9600654789084,82.07369750952327,5.630362028652144,5.588689681109335,754.8381768000606,87.66290001041538,11.536484590955236,8.299466838743257,7.687873034334257,7.113070594776256,11.17737936221867,5.588689681109335,5.588689681109335,5.588689681109335,884.5596363853027,16.766069043328002,5.588689681109335,16.766069043328002,11.17737936221867,5.64742095121348,890.2426631278669,27.943448405546672,40.08208356723408,5.6391884560222625,923.8378826712722,5.588689681109335,6.492705658850926,45.72161160714829,5.6391884560222625,11.278376912044525,942.7243840869127,6.178941217790795,68.27836543123735,6.4791459292545905,948.4399106936618,11.824445836212377,73.91755388725961,12.818599048390968,1.8439931833380783,965.9035449858964,5.6391884560222625,95.35646226215894,1072.5383841601,1078.1775726161222,5.6391884560222625,1083.905020307949,11.278959460527972,1088.8188983897917,17.74041325410039,6.4019835168966,5.610613669460218,1117.029003121236,12.13501577866064,1121.8880809291197,16.994093586544402,4.859077807883762,3.978408445998619,1152.5787385774302
94,8.693594081765427,7.368416115368809,12.362472820510966,7.6316634152253435,20.19121921043461,25.371027204305697,7.6316634152253435,7.505860586194045,7.6316634152253435,14.809613512578323,7.6316634152253435,7.6316634152253435,96.08361183109399,38.340709971057464,10.471923103247251,7.6316634152253435,7.394608134356809,7.371029475462956,104.2300691632313,51.46756649224071,27.352854525481032,21.929979979705806,16.55697810987829,22.138273855811732,7.39579349137253,8.153788746706828,190.37402771012867,51.30503965803262,7.374914727904237,7.113080252639183,10.471923103247251,7.407308219065308,11.739724453357564,5.5227195613464835,42.28190919695479,16.307577493413657,7.883070700518603,213.65901280131249,78.88488904851042,24.937547016674994,6.644080912889483,11.045439122692967,5.5227195613464835,5.5227195613464835,47.84143273045906,5.579681181775894,5.566175231517483,5.690152980415034,9.085485794658483,23.774110210804054,15.968670721905308,6.80002005635535,7.974574646086332,6.571076233323511,333.2271450248088,8.429606994316137,12.38141979170514,27.613597806732415,6.6418597184902985,5.5227195613464835,5.5227195613464835,64.87909869385638,11.751709966799734,17.94139525131238,67.05509729446895,8.153788746706828,7.970486661292179,341.2291316856154,33.186148708928435,6.6418597184902985,2.1718628737268655,44.18175649077186,13.283719436980597,101.25942501298206,72.84645662383802,16.181588433270115,16.124275407999008,492.2206445371871,49.704476052118345,19.925579155470896,110.87747642453242,7.0787453858891904,4.463424665086737,518.7880834111484,55.22719561346483,5.5227195613464835,7.633594150721185,6.6418597184902985,7.188974056392789,7.441095107433875,128.14976047860011,660.9730835701184,66.2726347361578,15.204335989959914,13.284489864008563,14.511553342388723,711.2505319457811,71.79535429750428,8.01295579586757,3.7868077093643193,726.9569453616862,81.10488156821508,5.563603488779511,5.5227195613464835,734.6965946939583,86.6281042511818,11.397193060418452,8.153788746706828,7.547222161237334,6.993167360714274,11.045439122692967,5.5227195613464835,5.5227195613464835,5.5227195613464835,862.7232652024654,16.56815868403945,5.5227195613464835,16.56815868403945,11.045439122692967,5.58030090975385,868.3383994941813,27.613597806732415,39.58449368849605,5.532652502156639,901.536550100425,5.5227195613464835,6.392079086801371,45.117511937358636,5.532652502156639,11.065305004313277,920.1566007177911,6.07511095156887,67.24812194598519,6.378585874314665,925.7696308832143,11.613948991617532,72.78077444814183,12.618150294896779,1.8091563315036916,942.9162323769884,5.532652502156639,93.88406607093279,1047.8656034522346,1053.3982559543913,5.532652502156639,1059.0221512795647,11.066064318359732,1063.8783041839392,17.431427515344097,6.312607929817739,5.540477811691268,1091.6513687234356,11.973169922609799,1096.4525279358963,16.77432913507064,4.801159212460843,3.9309871371986116,1126.7601626330872
95,8.334735039812609,7.246672951365451,11.976134427395355,7.313748932738185,19.372065297233505,24.48215489236064,7.313748932738185,7.381606188434042,7.313748932738185,14.566950611108146,7.313748932738185,7.313748932738185,92.69367409291802,36.925632600663846,10.206677466220194,7.313748932738185,7.275338087836498,7.249247205519396,100.67095649169133,49.50961757429819,26.10524766251882,21.34756287633489,15.80541465371871,21.777090680338404,7.275226693386088,8.015773715159973,183.82546836869483,49.18657805240605,7.230359160823157,6.978340127855704,10.206677466220194,7.287587725280025,11.332720686439426,5.4584074816873756,41.28032057685148,16.031547430319947,7.751407534095617,206.3706221565954,76.05590201080747,24.390076986725298,6.5255522154484655,10.916814963374751,5.4584074816873756,5.4584074816873756,46.75158169671356,5.491287338687477,5.477608664878196,5.599624952927027,8.870019220335186,23.372668421557165,15.70152321265154,6.683425463071394,7.84193434031531,6.459615023446385,322.22929886783686,8.235075678584767,11.988019388558364,27.29203740843688,6.523388537623644,5.4584074816873756,5.4584074816873756,63.51678670193395,11.565130290420031,17.49455089553347,65.93152765274411,8.015773715159973,7.837892844628298,330.07063193124833,32.20701082250846,6.523388537623644,2.133123248044233,43.667259853499004,13.046777075247288,99.14953808782062,71.63203303657818,15.910006496097832,15.853666559788271,477.66396999547527,49.12566733518638,19.57016561287093,109.03104298798439,6.961749710292041,4.387533988571281,503.75752414596985,54.58407481687375,5.4584074816873756,7.50352329807664,6.523388537623644,7.056496920062041,7.3034411107664745,126.0197721057597,643.5600849065785,65.5008897802485,14.942635379243342,13.047534810317929,14.244145340730618,692.9372028287237,70.95929726193587,7.879886416764302,3.7427103264801906,708.37987437205,80.16041507010344,5.498547674858684,5.4584074816873756,715.988355332922,85.61931652470189,11.261663423862995,8.015773715159973,7.41429187041134,6.8792921221725365,10.916814963374751,5.4584074816873756,5.4584074816873756,5.4584074816873756,842.3765484654498,16.37522244506213,5.4584074816873756,16.37522244506213,10.916814963374751,5.514906111475896,847.9255644965112,27.29203740843688,39.10146080191824,5.4321466671668395,880.7366680175121,5.4584074816873756,6.295993385963505,44.533996190377586,5.4321466671668395,10.864293334333679,899.1006141053903,5.976481448805601,66.26258285904494,6.282572865037741,904.6166620191739,11.414691015095638,71.69472952621177,12.42686075794845,1.7762913056134912,921.4634997014364,5.4321466671668395,92.47776330385696,1024.805556339627,1030.2377030067937,5.4321466671668395,1035.7636634582611,10.865209567965945,1040.5635185752244,17.138559515778866,6.226636569095795,5.472432393794498,1067.9192538340617,11.816952000195133,1072.6639971833256,16.561695349458976,4.744743349263843,3.884796202312349,1102.5999754336246
96,8.006681365278851,7.1309055361159555,11.619670672162433,7.022934174118959,18.623658077413474,23.665058634218397,7.022934174118959,7.263465205136596,7.022934174118959,14.336077384825382,7.022934174118959,7.022934174118959,89.5820615972196,35.626851575328914,9.959977989127228,7.022934174118959,7.161748263086017,7.133442359779125,97.40054500602619,47.714146487418276,24.970280598755778,20.80692215227232,15.11938600786932,21.433360964037153,7.160480302297603,7.884730630372129,177.80619845056984,47.25197300046854,7.094259686026952,6.851245357018782,9.959977989127228,7.173583982135034,10.958460870297852,5.395638016294725,40.34605175662581,15.769461260744258,7.62629193591288,199.66911543162308,73.46091905222046,23.877595969924897,6.413366021646424,10.79127603258945,5.395638016294725,5.395638016294725,45.733167461071936,5.4070048628686225,5.393185666313631,5.513331561920224,8.669045105455787,22.991449039028375,15.447686861860085,6.572808141732199,7.715857522682212,6.3537981729496025,312.10804005217426,8.05340405678182,11.625244692931146,26.97819008147362,6.411255789722265,5.395638016294725,5.395638016294725,62.23874347398856,11.387254289686473,17.07865324106144,64.86404704097909,7.884730630372129,7.71186149583907,319.79830959186626,31.301751087163638,6.411255789722265,2.0964562658407404,43.16510413035779,12.82251157944453,97.16939287102285,70.4778684397475,15.652008304320994,15.596592126211199,464.21441101848615,48.560742146652515,19.233767369166795,107.276109397911,6.850499062910097,4.315496914847176,489.8594341773752,53.95638016294724,5.395638016294725,7.38007344218996,6.411255789722265,6.931343307150721,7.17342534174823,123.99509260358374,627.3984877946725,64.74765619553669,14.69440892818017,12.82325724330782,13.991519584260802,675.9236405450395,70.14329421183142,7.753389297902025,3.699670680374456,691.1157697868317,79.2386029085006,5.435075070466475,5.395638016294725,698.5997180083419,84.6347262481569,11.129623510004905,7.884730630372129,7.288379800237528,6.770906484029543,10.79127603258945,5.395638016294725,5.395638016294725,5.395638016294725,823.401284941709,16.186914048884173,5.395638016294725,16.186914048884173,10.79127603258945,5.451114943277792,828.885830718261,26.97819008147362,38.63189071447283,5.337119089533694,861.3192096624141,5.395638016294725,6.2040531866854876,43.96941863330273,5.337119089533694,10.674238179067387,879.4365334565264,5.882588577035071,65.3178949914375,6.1907107928371286,884.86061368871,11.22565517146824,70.6550140809712,12.243930456369542,1.7452176490490405,901.4233879497119,5.337119089533694,91.1318069413199,1003.2294330700992,1008.5665521596328,5.337119089533694,1013.9996853950873,10.675293474700865,1018.7445716686883,16.860358188725307,6.143786831032928,5.40631897856975,1045.700972586729,11.665908754350017,1050.3906963374745,16.355632505095603,4.6897237507455865,3.839748470192204,1079.9655248142535
97,7.706802534592983,7.020582991626464,11.290207436755004,6.756579767966305,17.94092586601642,22.91279420095645,6.756579767966305,7.15089423775263,6.756579767966305,14.115948902703632,6.756579767966305,6.756579767966305,86.72676556421428,34.433090508695685,9.730065576352793,6.756579767966305,7.053337548847608,7.023083916326463,94.395862345823,46.06538010260885,23.94163023815628,20.304080419143375,14.492492351380621,21.105539714156134,7.051039209194717,7.760036129663475,172.2699789435869,45.48800030724717,6.9658376300567255,6.73109592691581,9.730065576352793,7.064792342351412,10.613778564127314,5.334306680266472,39.472755883459556,15.52007225932695,7.507140515775513,193.5027077501156,71.08195289152158,23.396831866949245,6.306948290935627,10.668613360532945,5.334306680266472,5.334306680266472,44.7794817656753,5.326473093236865,5.312542235548155,5.430900821801462,8.481196961693106,22.628645087781624,15.20597512394931,6.467631950706245,7.59576003503039,6.253120748409503,302.78839639147276,7.883382900208497,11.290146704828679,26.67153340133236,6.304887821035062,5.334306680266472,5.334306680266472,61.0371317041569,11.217317910131474,16.69077121120509,63.847653644761195,7.760036129663475,7.591808521957828,310.33630613110677,30.463285496411846,6.304887821035062,2.061674344520971,42.67445344213178,12.609775642070124,95.30693522876135,69.3785964063569,15.406381988206068,15.351844651621303,451.7753891535219,48.00876012239825,18.914663463105185,105.60452941702485,6.744483016089005,4.246968502339361,476.9949404376622,53.34306680266472,5.334306680266472,7.262651611882534,6.304887821035062,6.812846046577495,7.050351449025175,122.06635116188683,612.3788132242403,64.01168016319767,14.458446929476217,12.61050980037444,13.752329422292565,660.095985206285,69.34598684346415,7.632879749703087,3.657617128040762,675.0495939642219,78.33791065177138,5.373077501785872,5.334306680266472,682.415051598492,83.67269445965437,11.000827092277419,7.760036129663475,7.16885250932681,6.667524773250283,10.668613360532945,5.334306680266472,5.334306680266472,5.334306680266472,805.6778134726936,16.002920040799417,5.334306680266472,16.002920040799417,10.668613360532945,5.3888173409283375,811.0994228155187,26.67153340133236,38.174794098142094,5.247072095692868,843.1637666604379,5.334306680266472,6.115901722609992,43.422292554290806,5.247072095692868,10.494144191385736,861.0431703077702,5.79301364955477,64.41058093706228,6.102642226858546,866.3798468126415,11.045924432165876,69.65765303275515,12.068637546321217,1.7157726244470974,882.6728433405002,5.247072095692868,89.84101100671496,983.0079985386009,988.2550706342937,5.247072095692868,993.6000244913902,10.495322482723427,998.2911817380024,16.595514689981464,6.0638035480112755,5.341994330297924,1024.8646948258038,11.51963076530426,1029.5006988933258,16.155634832826237,4.636004067521978,3.7957650540167283,1058.7241069152126
98,7.4326738243898705,6.915226394277742,10.985154331591334,6.512307229084234,17.319033092254816,22.219103287959772,6.512307229084234,7.043403070669495,6.512307229084234,13.905622468598494,6.512307229084234,6.512307229084234,84.10723108164355,33.33418710727135,9.515354528585624,6.512307229084234,6.949653835970151,6.917692821650394,91.6354847848125,44.549103848967825,23.0129155405441,19.835452500534448,13.918966621200374,20.792233076797746,6.9464386943575045,7.641127900140613,167.17441755895095,43.88205961010218,6.844390830201643,6.6172605630478065,9.515354528585624,6.960757510051,10.295820080767745,5.274318851248533,38.65471132106455,15.282255800281225,7.393426996055187,187.8240084890087,68.90210965236196,22.94483462710993,6.2057812791650395,10.548637702497066,5.274318851248533,5.274318851248533,43.88447688968668,5.249366613677968,5.235349949397496,5.351997104380873,8.30524291250747,22.282626548409368,14.975317619189145,6.367413275017149,7.4811148997229076,6.15712727067031,294.2013950642437,7.7239220656965015,10.980067571970917,26.371594256242666,6.203767236073343,5.274318851248533,5.274318851248533,59.904884996092036,11.05463176928867,16.328262605354798,62.87783536327855,7.641127900140613,7.477207004441424,301.6148495032719,29.685229123931943,6.203767236073343,2.028608297727405,42.194550809988264,12.407534472146686,93.55129659000673,68.32937584072528,15.17203433456632,15.118334904582037,440.25845236393405,47.468869661236795,18.61130170822003,104.00895423465123,6.643241095695727,4.181637596071411,465.07352130822744,52.743188512485325,5.274318851248533,7.150722920262887,6.203767236073343,6.70040344450126,6.933591427833863,120.2250942153654,598.4009720322496,63.29182621498239,14.233658205157536,12.408257640830819,13.525360366510903,645.3501964438354,68.56614506623093,7.517830312354447,3.616484789005648,660.0762441001257,77.45694870648511,5.312457019482763,5.274318851248533,667.3287179446147,82.73173690250427,10.87505133007646,7.641127900140613,7.055138658939888,6.568708824721287,10.548637702497066,5.274318851248533,5.274318851248533,5.274318851248533,789.0968538389386,15.822956553745598,5.274318851248533,15.822956553745598,10.548637702497066,5.327913650534721,794.4569571991028,26.371594256242666,37.72927614195348,5.161556839408815,826.160382168037,5.274318851248533,6.0312170139879875,42.89127455712632,5.161556839408815,10.32311367881763,843.8098633758827,5.707378930924515,63.537501914761584,6.018044589911056,849.0632936486346,10.874671612888978,68.6990587541704,11.900330595619378,1.687809460795278,865.0995221009324,5.161556839408815,88.60069509731665,964.0233308770667,969.1848877164755,5.161556839408815,974.445895280681,10.324400513262837,979.0844825890151,16.342848330864328,5.986456277494228,5.279328914497541,1005.2901569051825,11.377748120654136,1009.873653975988,15.961245191459609,4.583497070805473,3.752774534525141,1038.7546678435838
99,7.180435199966867,6.814403636905721,10.702176612013568,6.287973132541717,16.745389253340598,21.57834561785416,6.287973132541717,6.940549411762696,6.287973132541717,13.70424751121838,6.287973132541717,6.287973132541717,81.68254175374038,32.320982888013475,9.314415382583615,6.287973132541717,6.850289171844141,6.816836851338195,89.07771250337514,43.152507432379544,22.157141255981927,19.397806615014332,13.393611871754251,20.49218339098293,6.846259444346413,7.52749864085617,162.45891652555488,42.40155062549183,6.729286065033677,6.5091699295114385,9.314415382583615,6.861068660615859,10.002013528550515,5.21558879776981,37.88675977890344,15.05499728171234,7.2846765634689525,182.56791487755046,66.88491863790682,22.51894438156701,6.109397970072677,10.43117759553962,5.21558879776981,5.21558879776981,43.04270028605515,5.1753917680856025,5.161312443909846,5.276317543857517,8.14007237208782,21.95192285665801,14.754748645270709,6.2717158312514805,7.3714466647741625,6.06540682377337,286.24123535502997,7.574038711362291,10.692611771610988,26.07794398884905,6.107427332877219,5.21558879776981,5.21558879776981,58.835631585902206,10.898573773195038,15.98874551068561,61.950521377980536,7.52749864085617,7.367581544901851,293.5274182744989,28.961826930772464,6.107427332877219,1.9971055156936917,41.72471038215848,12.214854665754437,91.89267664323043,67.32583902545967,14.947979051894425,14.895080185758022,429.54023729299877,46.94029917992829,18.322281998631656,102.48275360491355,6.546357841064044,4.119223486118076,453.96994662450766,52.1558879776981,5.21558879776981,7.0438048200644685,6.107427332877219,6.593472807219102,6.822578859003085,118.463694732854,585.3311022130042,62.58706557323772,14.019058383430945,12.215567315906384,13.309517017282975,631.5488482180178,67.80265437100753,7.4077650960972745,3.576214879079173,646.0573356325953,76.59445804785652,5.253124891238849,5.21558879776981,653.2018495067296,81.81050878355477,10.752094463247825,7.52749864085617,6.946722870353236,6.474063283281194,10.43117759553962,5.21558879776981,5.21558879776981,5.21558879776981,773.5162461127702,15.646766393309429,5.21558879776981,15.646766393309429,10.43117759553962,5.268313602687054,778.8161803213113,26.07794398884905,37.29452722821854,5.080168471858606,810.1662832701032,5.21558879776981,5.9497084288280355,42.37515041039106,5.080168471858606,10.160336943717212,827.5932034809773,5.625343587414691,62.69582429782548,5.936626712964616,832.7671783470073,10.711150487642001,67.77599276968408,11.738421622864024,1.6611957740678331,848.5584973065079,5.080168471858606,87.40663440635203,946.1254686565771,951.2056371284358,5.080168471858606,956.3865573433051,10.161719322371443,960.9736606469827,16.101293903874733,5.911536859388978,5.218205546171737,986.8252838505944,11.23992651403438,991.3574076041596,15.772050267599552,4.5321237535651715,3.710712224085046,1019.9044176029745
100,6.9488202772165355,6.717724799526156,10.439169875202062,6.081645844712315,16.219520551826733,20.98543776575911,6.081645844712315,6.8419341536231935,6.081645844712315,13.51105647496594,6.081645844712315,6.081645844712315,79.44539254242663,31.38522381472888,9.12595944989471,6.081645844712315,6.754875394534273,6.720125979550474,86.71453398157763,41.864045829273834,21.378036644063467,18.988229402261773,12.911744836459432,20.204255722327925,6.750123062386672,7.418690622707447,158.09843202686451,41.045151062441775,6.619952234335802,6.406310502103096,9.12595944989471,6.765355043668598,9.73004091823264,5.158038803733422,37.16425056691152,14.837381245414894,7.1804607800230045,177.70532260467377,65.02556837317402,22.116762731476726,6.017377058061407,10.316077607466845,5.158038803733422,5.158038803733422,42.249235689522784,5.10428352040021,5.090162244763576,5.203588797699746,7.9846840431411366,21.63520713511795,14.543396826212897,6.1801459867764885,7.266326308803768,5.977588648096908,278.8701896843661,7.432846679054317,10.42562014555567,25.790194018667112,6.015447089191807,5.158038803733422,5.158038803733422,57.82362561676764,10.748582463834692,15.67007254425179,61.06203851586869,7.418690622707447,7.262503170600757,286.03563488612184,28.28789142310103,6.015447089191807,1.967028325743329,41.26431042986738,12.030894178383614,90.32223764650374,66.36404481169903,14.733326197230067,14.681193793308204,419.56718065469846,46.4223492336008,18.04634126757542,101.01994479210603,6.453458353995976,4.059472896867504,443.6289690114657,51.58038803733422,5.158038803733422,6.941461927699301,6.015447089191807,6.49156460530354,6.71680281730145,116.77527048678726,573.1061677255233,61.89646564480106,13.81375933612707,12.031596740618928,13.103811284276315,618.6256893320359,67.05450444853449,7.302254681817884,3.5367541100377458,632.9257524801048,75.74929736230565,5.195000693985204,5.158038803733422,639.966894422391,80.90779103984664,10.631773734743703,7.418690622707447,6.843140190345247,6.383231370838956,10.316077607466845,5.158038803733422,5.158038803733422,5.158038803733422,758.865461205243,15.474116411200267,5.158038803733422,15.474116411200267,10.316077607466845,5.209935388124034,764.1064782623923,25.790194018667112,36.869814531572985,5.002541789880544,795.110385259803,5.158038803733422,5.871113584472166,41.872822297317605,5.002541789880544,10.005083579761088,812.3215310920805,5.546600038349923,61.88298945683978,5.8581257307329215,817.4195105612968,10.554687782471067,66.88553124672032,11.582379825657927,1.6358121442194933,832.9767401336484,5.002541789880544,86.25501469259325,929.2368384060027,934.2393801958832,5.002541789880544,939.3437344570575,10.006549813266068,943.8803733616276,15.869890263103642,5.838857215200454,5.1585181718441255,969.3905943172144,11.105863729957377,973.8724068378535,15.587676250596456,4.481812520639079,3.6695195035904256,1002.0932276333185
101,6.736211861861983,6.62483797834321,10.194237262262767,5.891584558127939,15.738661956330478,20.435798041285658,5.891584558127939,6.747197103908836,5.891584558127939,13.325356612555257,5.891584558127939,5.891584558127939,77.3828408245766,30.519470772217183,8.948824886321118,5.891584558127939,6.663080199115467,6.627208206903832,84.53236944466425,40.67331404306868,20.672930403488664,18.604094411795398,12.469145077119272,19.927425729839193,6.657688023208536,7.314290786892702,154.0640329823986,39.80563676652753,6.51587421422684,6.308219047989949,8.948824886321118,6.673282021340423,9.477813031545903,5.1015983795442,36.48299036923781,14.628581573785404,7.080392997759165,173.20364060541354,63.31368902334223,21.736126878706614,5.929338427676244,10.2031967590884,5.1015983795442,5.1015983795442,41.49965005516086,5.03580262548915,5.021657911441161,5.133564128183671,7.838175102951821,21.331281985939178,14.340475785999633,6.0923485423464925,7.165366650385418,5.893338169765203,272.0418597102491,7.299546927979756,10.177146505893498,25.507991897721,5.9274466450082635,5.1015983795442,5.1015983795442,56.86368521754971,10.60415102515492,15.370307645237453,60.20907193270788,7.314290786892702,7.161584744285455,279.0925147584508,27.65874648222549,5.9274466450082635,1.9382525150977594,40.8127870363536,11.854893290016527,88.83200920115956,65.44043644339344,14.527272649740606,14.475875531178158,410.2786044709636,45.9143854158978,17.78233993502479,99.61512855027397,6.3642042883983345,4.002157274340071,433.98839105099665,51.015983795442,5.1015983795442,6.843301359719619,5.9274466450082635,6.394237215490637,6.615802382859564,115.15361041374936,561.6569422928799,61.219180554530396,13.61695966181797,11.855586158423794,12.907351773236737,606.5085927288816,66.3207789340746,7.2009115264652905,3.498054148711549,620.6085870800738,74.92043146233034,5.138011495965605,5.1015983795442,627.5505518784546,80.02247796425608,10.513923518858448,7.314290786892702,6.743971104593225,6.295891072531974,10.2031967590884,5.1015983795442,5.1015983795442,5.1015983795442,745.0685051420062,15.304795138632599,5.1015983795442,15.304795138632599,10.2031967590884,5.15270482486864,750.2517801409911,25.507991897721,36.45447444945461,4.928347315044983,780.9161902675139,5.1015983795442,5.7951955558932795,41.3832973276491,4.928347315044983,9.856694630089965,797.9178288883954,5.4708706686560635,61.09668658782903,5.782304284571271,802.9429744640884,10.404675961806745,66.02503390287401,11.431725929688984,1.6115508330565342,818.27599774094,4.928347315044983,85.14239170762507,913.275084078655,918.2034313937,4.928347315044983,923.2344365242358,9.858234208744978,927.7215704624092,15.647770035149403,5.768247365037443,5.1001707721376,952.902009728688,10.975286476586163,957.3345081876797,15.40778493557796,4.432498458991796,3.6291432249793423,985.2364332662206
102,6.539996343480114,6.535425527667904,9.965668917451605,5.716220402046758,15.29463720799674,19.925296827603063,5.716220402046758,6.656013138372623,5.716220402046758,13.146522590121258,5.716220402046758,5.716220402046758,75.46775932459403,29.71701890412708,8.781964140568869,5.716220402046758,6.574603593420498,6.537765801374857,82.50351693743984,39.5709342606575,20.024745735690956,18.24303371147564,12.062009167944352,19.66076873383628,6.568646028338446,7.213926328603201,150.3141807411229,38.66182742207799,6.416587320632394,6.2144776518924,8.781964140568869,6.584547498729737,9.243446777934388,5.0462035512950765,35.83919799057101,14.427852657206403,6.984124227423272,169.0180311150317,61.725264105297505,21.375086317677606,5.844939080605284,10.092407102590153,5.0462035512950765,5.0462035512950765,40.78994575015908,4.969733080092254,4.955581464112839,5.066020772841873,7.699731460061221,21.039066690017304,14.145275745490594,6.008002932218442,7.068218211851283,5.81235342313273,265.6842910598756,7.1734189154341585,9.945436556905833,25.23101775647538,5.8430832323251325,5.0462035512950765,5.0462035512950765,55.95113671173489,10.464821882450206,15.087705164873835,59.38862968844819,7.213926328603201,7.0644768284322454,272.62557471759703,27.070176755773012,5.8430832323251325,1.9106659999238076,40.36962841036061,11.686166464650265,87.41480245302917,64.55180355680938,14.32909352738121,14.278403157035447,401.58967685523817,45.41583196165569,17.5292496969754,98.26343144055438,6.278290236927727,3.9470703420536313,424.9620097845387,50.46203551295077,5.0462035512950765,6.748968530954653,5.8430832323251325,6.3010921831164435,6.519161695957035,113.59310826502303,550.8908787898637,60.55444261554092,13.42793611107848,11.686850000346544,12.719334223465653,595.1023937922522,65.600646166836,7.103385823313194,3.4600711295952298,609.0099703479419,74.10692084772631,5.082091119736079,5.0462035512950765,615.8565978653894,79.15356605557908,10.398393634690244,7.213926328603201,6.648837044733235,6.211751700435647,10.092407102590153,5.0462035512950765,5.0462035512950765,5.0462035512950765,732.0267167994348,15.13861065388523,5.0462035512950765,15.13861065388523,10.092407102590153,5.096554607777893,737.1533550704996,25.23101775647538,36.047905781702234,4.85728776089211,767.4845799087954,5.0462035512950765,5.721740360346138,40.90567718655801,4.85728776089211,9.71457552178422,784.282508940204,5.397904866848286,60.33482823012645,5.708948002262754,789.2377127334703,10.260566728937146,65.19211599101855,11.286027097205706,1.5883146290369636,804.3555672232995,4.85728776089211,84.06565463944142,898.1357973845252,902.9930851454172,4.85728776089211,907.9536831106828,9.716178998525383,912.3922168922574,15.43415034861562,5.699553640901903,5.043076372961615,937.2535662940174,10.847947531993375,941.6376889742003,15.232070212176232,4.384122680182857,3.589535172874685,969.2275397196169
103,6.358248861594437,6.449200673864883,9.751923481057718,5.554139423219448,14.882194293280008,19.45021183727212,5.554139423219448,6.568088734719212,5.554139423219448,12.973989824377783,5.554139423219448,5.554139423219448,73.68145542585383,28.971824936932524,8.624432645530483,5.554139423219448,6.489174704644243,6.45151191133285,80.60876545648478,38.54845418121702,19.4235552922195,17.902912306891928,11.686909415722935,19.40344986608098,6.482718722193097,7.117260717908534,146.817192305504,37.60009702525801,6.321672320870147,6.124709234668465,8.624432645530483,6.4988787077211265,9.025244793125925,4.991796220284254,35.22946358271804,14.234521435817069,6.891339416113341,165.11383717832996,60.244110335274435,21.031881834758085,5.763869465895549,9.983592440568508,4.991796220284254,4.991796220284254,40.11651747874692,4.905879826103982,4.8917360652393755,5.000757575217846,7.568618975565971,20.75758567339747,13.957155951193482,5.9268198004396515,6.974565492556972,5.7343618274254755,259.74384731908185,7.0538128308621175,9.72890890383663,24.95898110142127,5.762047507851312,4.991796220284254,4.991796220284254,55.081764349754366,10.33018183636592,14.820691026532788,58.598010829495706,7.117260717908534,6.970863958906911,266.58070130418804,26.518382059419732,5.762047507851312,1.884167626141494,39.93436976227403,11.524095015702624,86.06413278783735,63.69524794187828,14.138134453261443,14.088124676815445,393.4351472949583,44.92616598255829,17.286142523553934,96.96045385878514,6.195440475336838,3.894025898846792,416.48333732636354,49.917962202842546,4.991796220284254,6.65814336861276,5.762047507851312,6.211769953562952,6.426505501376395,112.08870282536701,540.7357621773117,59.90155464341105,13.24603586061087,11.524769550037494,12.539032891968391,584.3325152716363,64.8933508636953,7.00936177203296,3.4227652156828663,598.0546890862133,73.30791229966242,5.027179478087647,4.991796220284254,604.809498797809,78.3001439718338,10.285047826490416,7.117260717908534,6.557396340205911,6.13055079744355,9.983592440568508,4.991796220284254,4.991796220284254,4.991796220284254,719.6623562799869,14.975388660852762,4.991796220284254,14.975388660852762,9.983592440568508,5.0414236323473665,724.73339983179,24.95898110142127,35.64956358510835,4.789094849904768,754.7373990750342,4.991796220284254,5.650554691010727,40.439148808047584,4.789094849904768,9.578189699809537,771.336991573584,5.327476356238906,59.59552820766666,5.63786322727859,776.2249025395419,10.121865169906297,64.38462305757143,11.144892339501357,1.5660158064327379,791.135862559353,4.789094849904768,83.02199317472255,883.736045433885,888.5251402837898,4.789094849904768,893.4180249687018,9.579848584777501,897.808813785067,15.22832448134146,5.632637076828033,4.987156154555072,922.36092614886,10.723623172868983,926.6975578767566,15.060254900765546,4.336631727896564,3.550651579494526,953.9817278128098
104,6.18979838539148,6.36590446449359,9.551611414594042,5.4040672516860395,14.499371637882101,19.007187798038046,5.4040672516860395,6.483158849584482,5.4040672516860395,12.807248479345432,5.4040672516860395,5.4040672516860395,72.01462012077248,28.278441699326084,8.475378629168492,5.4040672516860395,6.406548902066844,6.368187513857427,78.83833833274204,37.59825541116836,18.867565869236046,17.581805093331184,11.340756667017988,19.1547151949653,6.39965473325395,7.02399011454939,143.55204864779523,36.615318507517394,6.230750939081357,6.0385735155479585,8.475378629168492,6.416029309179168,8.82167705757437,4.938323585900161,34.65071190784927,14.04798022909878,6.801754093415095,161.4673587871575,58.86279465889156,20.7049265867413,5.685850173461989,9.876647171800322,4.938323585900161,4.938323585900161,39.476113471624195,4.844066681208796,4.8299439306746805,4.9375928501537825,7.444175553529004,20.48595811543093,13.775537853536589,5.848537916063462,6.88412361106707,5.659117282474889,254.1868731357858,6.940142598761311,9.526137941902094,24.691617929500804,5.68406024875595,4.938323585900161,4.938323585900161,54.251765017815764,10.199857678589982,14.56784575102984,57.83477663062463,7.02399011454939,6.880461287506632,260.923808758472,25.999936293079053,5.68406024875595,1.8586660889468127,39.50658868720129,11.3681204975119,84.77415017975902,62.86815269293442,13.953804587590394,13.904451402056022,385.77088478022574,44.44491227310145,17.05218074626785,95.7022232080181,6.1154060291065715,3.842855834704329,408.50712577524956,49.383235859001616,4.938323585900161,6.5705369011648145,5.68406024875595,6.125946026277502,6.337495133852559,110.63582404971206,531.1411734345847,59.25988303080194,13.070669552188217,11.368786334954859,12.365792790544777,574.1464059783459,64.1982066167021,6.918554218002865,3.3861002027528353,587.6896179084843,72.52263040535509,4.9732219756726375,4.938323585900161,594.3558400250271,77.46138347755861,10.173762394377828,7.02399011454939,6.469340570850591,6.052051347638575,9.876647171800322,4.938323585900161,4.938323585900161,4.938323585900161,707.9200106760468,14.814970757700483,4.938323585900161,14.814970757700483,9.876647171800322,4.9872563854189425,712.9364440039543,24.691617929500804,35.258953636101886,4.723526445589519,742.6188575661834,4.938323585900161,5.581463874975794,39.982975971405914,4.723526445589519,9.447052891179037,759.0251025647816,5.259380790333728,58.87708175376399,5.568874972812736,763.8481501455037,9.98812447713323,63.60060819935351,11.007968383505965,1.5445751875311735,778.5598010682264,4.723526445589519,82.00886782151464,870.0157217809201,874.7392482265096,4.723526445589519,879.5668895659211,9.448759556727754,883.9107435031044,15.029654334501231,5.5673719583617185,4.932338648696647,908.1627135303943,10.602110857712516,912.4526905744863,14.892087901804507,4.289977044091991,3.512452687558209,939.4371852520329
105,6.033946510667735,6.285303019456865,9.363479976879468,5.264855284769075,14.146157073747585,18.59320012997466,5.264855284769075,6.400984104666202,5.264855284769075,12.645838057346431,5.264855284769075,5.264855284769075,70.46363782348078,27.631959124614234,8.334033934149002,5.264855284769075,6.326505204597494,6.287558665145084,77.18819802788201,36.713470928645584,18.359693184770357,17.2779760895785,11.020766797735508,18.913883729219677,6.3192270081365916,6.933840137637705,140.50457781247476,35.707402409086356,6.143481806613433,5.955763374091313,8.334033934149002,6.335776781995376,8.63136433478628,4.885737625600627,34.100169238743206,13.86768027527541,6.715111349541564,158.06200698993922,57.57914806306232,20.39278905255807,5.610628954920546,9.771475251201254,4.885737625600627,4.885737625600627,38.8658005176752,4.784134474360002,4.770044447545959,4.876362460391043,7.325804014453131,20.223388585641338,13.599898960434974,5.772921393736161,6.79663527973507,5.586397551951664,248.9923350536684,6.831879574307471,9.335838439378604,24.428688128003138,5.608869375520536,4.885737625600627,4.885737625600627,53.457707430527336,10.073512241541533,14.32788916246386,57.0967246837003,6.933840137637705,6.793011556861071,255.63347524236764,25.5117504245747,5.608869375520536,1.834078959295689,39.085901004805024,11.217738751041072,83.53957643540502,62.06815441326467,13.775570349401644,13.726851694498777,378.5664060353008,43.97163863040565,16.82660812656161,94.48515170654878,6.037962030455133,3.7934083430007153,401.001883537383,48.857376256006276,4.885737625600627,6.48588818490242,5.608869375520536,6.043327489527265,6.251824900945553,109.23034453185343,522.0709509397049,58.62885150720753,12.90130502069301,11.21839617178367,12.199022691373411,564.5059794274796,63.514589132808155,6.830705624296215,3.3500431628009366,577.8761517797755,71.75036992120971,4.920168969829711,4.885737625600627,584.4567552958234,76.63653128669716,10.064424960531682,6.933840137637705,6.384391280570336,5.9760392628099215,9.771475251201254,4.885737625600627,4.885737625600627,4.885737625600627,696.7590030390795,14.657212876801882,4.885737625600627,14.657212876801882,9.771475251201254,4.934002396168213,701.7217583629914,24.428688128003138,34.875627441353345,4.660363968467542,731.0879353375088,4.885737625600627,5.514310033351193,39.53649172932484,4.660363968467542,9.320727936935084,747.3054743878843,5.193433586260156,58.17794760319501,5.5018250783364,752.0658898187652,9.858941195354628,62.83831157166255,10.874935947526007,1.523921297673797,766.5851949825874,4.660363968467542,81.0239831695082,856.9299060890306,861.5902700574982,4.660363968467542,866.3549357817604,9.322475532047811,870.6526238906349,14.837563651706319,5.503644515604624,4.8785590153535265,894.6128610456643,10.483227139314323,898.8569755336339,14.727341627283906,4.244114487969584,3.474902356436441,925.5474484932934
106,5.888679737411459,6.207185054255834,9.186399687558737,5.135468238947033,13.81573440351081,18.205522218798144,5.135468238947033,6.321348251397346,5.135468238947033,12.489342525429354,5.135468238947033,5.135468238947033,69.00673727598328,27.02795109423549,8.199705746349784,5.135468238947033,6.248843944939339,6.209414023095485,75.63619252075807,35.88791071950358,17.885002783982294,16.98985972762764,10.724430520473804,18.68034021316081,6.241230409556033,6.846562955125453,137.64349165715635,34.85870525496591,6.059556813299606,5.8760015722968735,8.199705746349784,6.25792007058758,8.453063249346107,4.833994626333844,33.57533353593489,13.693125910250906,6.631179112605718,154.86431451011464,56.373651551753746,20.09417767275784,5.537978039337472,9.667989252667688,4.833994626333844,4.833994626333844,38.282932457546146,4.725939365820953,4.711892478438819,4.816918083561692,7.212965674286885,19.969158607450165,13.429767299290734,5.699757189420913,6.711868078768006,5.51600190563451,244.10519370027413,6.7285468631146275,9.156851647039208,24.16997313166922,5.5362472695073635,4.833994626333844,4.833994626333844,52.69649536338013,9.950840839087583,14.099666608204895,56.381865551355915,6.846562955125453,6.7082823747863705,250.65431087247083,25.05103913807951,5.5362472695073635,1.8103318067590621,38.67195701067075,11.072494539014727,82.35564865052984,61.29311817111839,13.602949759764371,13.554845329911824,371.7581462520997,43.5059516370046,16.60874180852209,93.3059983725089,5.962905336974404,3.7455463097147885,393.9031353301292,48.33994626333845,4.833994626333844,6.403961534738367,5.5362472695073635,5.963649898192793,6.169218823988259,107.86853577722896,513.4564009691386,58.007935516006135,12.737461643024968,11.073143801315645,12.038188825002266,555.340803850452,62.841930142339976,6.7455833434104555,3.3145641227460194,568.5433905314304,70.99048889141984,4.8679752847468185,4.833994626333844,575.0411085022291,75.8249017124063,9.956933357449973,6.846562955125453,6.302297016318798,5.902321117775323,9.667989252667688,4.833994626333844,4.833994626333844,4.833994626333844,686.1065556560322,14.501983879001532,4.833994626333844,14.501983879001532,9.667989252667688,4.881615741403709,691.0165176441783,24.16997313166922,34.499177742056006,4.599410067865901,720.0715424218206,4.833994626333844,5.4489504234967825,39.09909158534448,4.599410067865901,9.198820135731802,736.1047025337759,5.129467972660015,57.49673185680808,5.436570548621481,740.8045380446343,9.733950938176706,62.09614192467399,10.745506385623166,1.503989603940941,755.137899050677,4.599410067865901,80.06526379707047,844.4019829834792,849.0013930513451,4.599410067865901,853.70516828312,9.200602508912947,857.9574222505762,14.65153190934825,5.44135174560911,4.825758390903854,881.6337164533537,10.366805783824969,885.8327203558791,14.565809686350349,4.199003902525379,3.4379677072641264,912.2345055545444
107,5.75376482700185,6.131359648410422,9.019352130789821,5.0149729341747316,13.509737149264668,17.841695929295454,5.0149729341747316,6.244055886584168,5.0149729341747316,12.337385924212004,5.0149729341747316,5.0149729341747316,67.64544878603317,26.462427544074664,8.071769142256056,5.0149729341747316,6.173384664968081,6.1335626151295655,74.18350847301366,35.115994775805035,17.450105815188035,16.716043994747285,10.449486181161387,18.45352863511072,6.16547955206021,6.76193466138247,134.96174022813,34.07339602226262,5.978697819943441,5.799037801198946,8.071769142256056,6.182277465262954,8.285652842294228,4.78305476230832,33.07394757732505,13.52386932276494,6.54974769540957,151.86526658544418,55.24878243074592,19.807927009654094,5.467691714695759,9.56610952461664,4.78305476230832,4.78305476230832,37.72512179633051,4.669351333495558,4.655356833441729,4.759125650720976,7.10517455910861,19.72261905699484,13.264716427187633,5.628852844017914,6.629612000124446,5.447748995067422,239.51705892113108,6.629714203335671,8.988132782815839,23.915273811541603,5.4659883560650115,4.78305476230832,4.78305476230832,51.965334525106584,9.83156805957288,13.882136543115681,55.68840173167234,6.76193466138247,6.626063758443911,245.97760911041755,24.615290784473963,5.4659883560650115,1.7873574092075706,38.26443809846656,10.931976712130023,81.21806826434711,60.541114934761254,13.435507344948544,13.387998419826381,365.3300228135856,43.04749286077488,16.397965068195035,92.16183477150986,5.89005238599048,3.69914586209399,387.1939762378456,47.8305476230832,4.78305476230832,6.3245440291269475,5.4659883560650115,5.886674460636934,6.089427701656758,106.54702880414143,505.2768071499172,57.39665714769984,12.578705246406983,10.932618054428556,11.882809202191604,546.6285931879213,62.17971191000816,6.662977159060564,3.2796357749160974,559.6686249006118,70.24240244723258,4.8165997736815465,4.78305476230832,566.0859772222166,75.02587004390028,9.851194626188825,6.76193466138247,6.222830660199463,5.830722109874883,9.56610952461664,4.78305476230832,4.78305476230832,4.78305476230832,675.9382569520671,14.34916428692496,4.78305476230832,14.34916428692496,9.56610952461664,4.830054599800991,680.7962669816195,23.915273811541603,34.12923446300746,4.540486524182848,709.5449828098139,4.78305476230832,5.385255945337045,38.67022734643631,4.540486524182848,9.080973048365696,725.3978061438143,5.067333230813453,56.832173443167704,5.372982057167232,730.0389522631289,9.612824528642285,61.37265996735055,10.619418664134166,1.484721829200475,744.192263315954,4.540486524182848,79.1308325629851,832.4040689273048,836.9445554514876,4.540486524182848,841.5893603665163,9.082784678169276,845.7968778270705,14.471088811724758,5.3804003513174585,4.773883300846809,869.1964586636236,10.252696075959442,873.3510673876052,14.407304799941048,4.154608723981608,3.4016188031585797,899.469208438668
108,5.6280764053996855,6.057654234772262,8.861418966409715,4.902528188626671,13.225137983984748,17.499505038065486,4.902528188626671,6.168930394161618,4.902528188626671,12.18962841137941,4.902528188626671,4.902528188626671,66.36891040058083,25.931791312506384,7.949660374166655,4.902528188626671,6.099964219432364,6.059831826959638,72.81897373339908,34.392692727830955,17.04934894519978,16.455255244503068,10.193895249015128,18.23294637837762,6.091806851990857,6.679752914358275,132.44072525529558,33.3436196485489,5.900653696245904,5.72464601982932,7.949660374166655,6.108684692389472,8.128122457585977,4.732881714523268,32.59397474793007,13.35950582871655,6.47062758506559,149.04449325688392,54.19515963150543,19.532985277575065,5.399584148770596,9.465763429046536,4.732881714523268,4.732881714523268,37.19021412654289,4.614252809084228,4.600318893430521,4.702863939436893,7.00199219255097,19.483183314359003,13.104360935004589,5.5600344503371435,6.5496772345302805,5.381474939498158,235.1965075794854,6.534993354426564,8.828739755527078,23.66440857261634,5.397906926880577,4.732881714523268,4.732881714523268,51.261702709536536,9.715444876281424,13.674359342935494,55.01470870505391,6.679752914358275,6.546165921591073,241.57166118947177,24.202240306703956,5.397906926880577,1.76509504072901,37.863053716186144,10.795813853761153,80.12295515724179,59.81040124112867,13.272849544104458,13.225918835949347,359.24367073221725,42.59593543070941,16.19372078064173,91.05001415476575,5.819237261309879,3.654095060981444,380.8352984397396,47.32881714523268,4.732881714523268,6.247443261964121,5.397906926880577,5.812185504048111,6.012226464221011,105.26277864487538,497.4896169989296,56.79458057427921,12.424643520704459,10.796447496582012,11.732448497842777,538.3253769971561,61.527462288802475,6.582697071298309,3.2452332161686788,551.2075019745562,69.50557721949443,4.766004924481164,4.732881714523268,557.5468159142991,74.23886657835479,9.747124113694408,6.679752914358275,6.145787025656781,5.761084220441833,9.465763429046536,4.732881714523268,4.732881714523268,4.732881714523268,666.2082096917054,14.198645143569804,4.732881714523268,14.198645143569804,9.465763429046536,4.779280850227039,671.0150696920235,23.66440857261634,33.76546106245513,4.483432358808347,699.4620999277565,4.732881714523268,5.323109795515812,38.24940158388303,4.483432358808347,8.966864717616694,715.1383705621591,5.006893109862581,56.183131019116416,5.310942597753073,719.7225717122054,9.495264521832183,60.66656337792476,10.496436637447456,1.4660653340590033,733.701268592846,4.483432358808347,78.21899104679648,820.8871243572592,825.3705567160675,4.483432358808347,829.9581624595401,8.968700650055272,834.1216099829371,14.29580933107057,5.320705785506897,4.7228851306158806,857.2512000744724,10.140761291907944,861.3620957043213,14.251656921756815,4.11089562984887,3.3658283610676434,887.2013722468434
109,5.510392469333556,5.985912787859995,8.711772029027095,4.7973757139208555,12.958186968158348,17.17695129653366,4.7973757139208555,6.095812090678807,4.7973757139208555,12.045762696802909,4.7973757139208555,4.7973757139208555,65.16455164626936,25.432799260692153,7.832870820160806,4.7973757139208555,6.028435067350621,5.988065590435631,71.52973777235734,33.71346945283325,16.675001209439763,16.206344511493644,9.95582023315416,18.018138951180358,6.020060770461677,6.599834806627131,130.06090038967,32.65966008941302,5.825197651953471,5.652622057595929,7.832870820160806,6.036993193603225,7.979560827842167,4.683442327925173,32.13357722639554,13.199669613254262,6.3936474514082065,146.38085049950092,53.20169038450814,19.268403107567572,5.333487425710446,9.366884655850345,4.683442327925173,4.683442327925173,36.676265083138716,4.560537449231502,4.546671369619108,4.64802330613465,6.903022899259556,19.2503210927204,12.948352396546461,5.49314482131007,6.471892177541851,5.317031601278507,231.10979350892296,6.444033942410088,8.677823004992451,23.41721163962586,5.331835177891331,4.683442327925173,4.683442327925173,50.583322902252775,9.602246043901669,13.475487225128301,54.35931785714739,6.599834806627131,6.46841728085611,237.40246302791778,23.809844845585435,5.331835177891331,1.743489830032907,37.46753862340138,10.663670355782662,79.06680629254036,59.09940087693589,13.114620571505903,13.068252087483241,353.4590783947549,42.15098095132655,15.995505533673992,89.96814365201374,5.750309951323677,3.6102927225821633,374.78641910632024,46.83442327925172,4.683442327925173,6.172485317014661,5.331835177891331,5.739988190686806,5.937411789696173,104.01303236059059,490.05103360880713,56.201307935102065,12.274921884856827,10.664296503452771,11.586713441361884,530.3860771523467,60.884750263027236,6.504571300866314,3.2113337128105424,543.1145978695482,68.77952630376295,4.716156504115714,4.683442327925173,549.3780265695298,73.46337124301984,9.644644659417269,6.599834806627131,6.07098069161207,5.693264558253043,9.366884655850345,4.683442327925173,4.683442327925173,4.683442327925173,656.8695881208624,14.050326983775518,4.683442327925173,14.050326983775518,9.366884655850345,4.729259709790011,661.6260640406484,23.41721163962586,33.40755124302935,4.4281021311403315,689.7758313254071,4.683442327925173,5.262406254753966,37.83616264223142,4.4281021311403315,8.856204262280663,705.2790993878276,4.9480243988977275,55.54857116679275,5.2503462694521135,709.8079679398897,9.381002071676686,59.976673297933075,10.376346593408343,1.4479725599926558,723.6170721427068,4.4281021311403315,77.328201925033,809.8014783300205,814.2295804611608,4.4281021311403315,818.7616234923578,8.858060054433526,822.8816392792121,14.125309238543412,5.262191389344282,4.67271964874295,845.7475023882938,10.030877323349625,849.8153366100892,14.098711545144997,4.067834221795373,3.330571492116364,875.3802880909412
110,5.399964894609488,5.915994191512349,8.569664407327066,4.698831911766014,12.707242060112641,16.872232863818255,4.698831911766014,6.024556554343816,4.698831911766014,11.905510830507094,4.698831911766014,4.698831911766014,64.02576812804611,24.96252724213757,7.7209415330083,4.698831911766014,5.958663732521123,5.918122750757499,70.30894330198616,33.07423606877556,16.32458053978071,15.9682751809197,9.733604785607326,17.808695238197,5.950104230243756,6.522014947160186,127.80937056607421,32.01724540929922,5.752124832196039,5.582781453998247,7.7209415330083,5.967068575335766,7.839146240650048,4.634706302465618,31.691096330972915,13.044029894320373,6.318652352533607,143.8600023701684,52.26286054787015,19.0133234243326,5.269249776967279,9.269412604931237,4.634706302465618,4.634706302465618,36.18151957988529,4.508109028300263,4.494317185885126,4.5945045439087835,6.807909573293719,19.023552878297693,12.796375718632131,5.428041839516207,6.39610163296916,5.254285031968247,227.23570390528073,6.356519716441718,8.534616348000732,23.17353151232809,5.267621441413803,4.634706302465618,4.634706302465618,49.928139049496146,9.491767752679074,13.28475516754649,53.7209010920621,6.522014947160186,6.3926626593521645,233.44856888259903,23.436261760667357,5.267621441413803,1.7224921823634491,37.07765041972495,10.535242882827607,78.04645845243932,58.406688372997046,12.960498688351898,12.91467760651235,347.94937709256226,41.71235672219056,15.80286432424141,88.91405921678472,5.683134779523784,3.5676473568529605,369.0198628582175,46.34706302465618,4.634706302465618,6.09951294283448,5.267621441413803,5.669906460193849,5.8647999559643695,102.79530022210268,482.93076548032184,55.61647562958741,12.129219762460798,10.53586172502348,11.445248663317333,522.7792441747812,60.25118193205303,6.428444491081117,3.1779164887628637,535.3581504377945,68.0638047232815,4.667023238361902,4.634706302465618,541.5476895920324,72.69890874911263,9.543685862370047,6.522014947160186,5.99824405098584,5.62713386694202,9.269412604931237,4.634706302465618,4.634706302465618,4.634706302465618,647.8893566740372,13.904118907396855,4.634706302465618,13.904118907396855,9.269412604931237,4.679959407681586,652.5961816095944,23.17353151232809,33.05522598801577,4.374364404172751,680.4529251717614,4.634706302465618,5.203049595222184,37.430100142057,4.374364404172751,8.748728808345502,695.7865285954084,4.890615640375811,54.92755775874801,5.191097181891928,700.2615575374945,9.269794107897713,59.30192216292076,10.258955041657606,1.4304005276002152,713.905716049565,4.374364404172751,76.45707309164514,799.1115179495556,803.4858823537284,4.374364404172751,807.9638773745091,8.750600477552275,812.0410736888504,13.959241077557015,5.204787616183644,4.623346577190409,834.6490580834751,9.922931437609488,838.6744548233524,13.94832817748685,4.025396739877362,3.2958254676308947,863.9694019482249
111,5.296119184744614,5.847770768105313,8.434422406538072,4.606280482782783,12.470822743559683,16.5837248748112,4.606280482782783,5.955033119454174,4.606280482782783,11.768621308550259,4.606280482782783,4.606280482782783,62.9466039303279,24.518338540397007,7.613458328722458,4.606280482782783,5.8905294164019,5.849875595295334,69.15040599341252,32.47130577989799,15.995849290438514,15.740111878845457,9.525755774240448,17.604243222093135,5.881813189340223,6.446143732961245,125.6745066169222,31.412523992740994,5.681250150857757,5.514957512181267,7.613458328722458,5.898789211798648,7.706137678430215,4.586645914704254,31.265034811153892,12.89228746592249,6.245502117950776,141.46902011067746,51.37369751779586,18.766972325272484,5.2067339873339264,9.173291829408509,4.586645914704254,4.586645914704254,35.70439310121114,4.456880440730704,4.443168471714998,4.54221785338087,6.716329865436376,18.80244492062273,12.648145852442378,5.364596970073032,6.322165194119153,5.1931140722419284,223.5551068480267,6.272165175955236,8.398428730543463,22.933229573521274,5.2051285932613105,4.586645914704254,4.586645914704254,49.29429422573581,9.383825514743314,13.101472726117777,53.09825696853993,6.446143732961245,6.318761668092505,229.6906364029948,23.07982882704026,5.2051285932613105,1.7020572586329759,36.693167317634035,10.410257186522621,77.05905466273688,57.7309741322332,12.810192843577845,12.764905401053749,342.6903283002474,41.27981323233829,15.615385779783931,87.88580305152274,5.6175889903613605,3.526076210969504,363.51084267329264,45.86645914704255,4.586645914704254,6.028383908337688,5.2051285932613105,5.601781175578703,5.794224905504026,101.6073297431068,476.10147803236856,55.03975097645106,11.987247225996398,10.410868899665093,11.307732953214703,515.4764965770944,59.626396891155316,6.354176087688478,3.1449625346704706,527.9094953469977,67.35800534053004,4.61857652315797,4.586645914704254,534.0269982330033,71.94504422484522,9.444183420664887,6.446143732961245,5.927425552380734,5.562575180140988,9.173291829408509,4.586645914704254,4.586645914704254,4.586645914704254,639.2376934392661,13.759937744112763,4.586645914704254,13.759937744112763,9.173291829408509,4.6313508912685535,643.8955704573704,22.933229573521274,32.70823089075859,4.322100361965558,671.4633617272157,4.586645914704254,5.144953096046534,37.03084092765185,4.322100361965558,8.644200723931116,686.6304458672047,4.834565970878019,54.31924237551408,5.133108468857412,691.053020221598,9.161420792376548,58.64134273747964,10.144086720851767,1.4133103845210568,704.5365413759401,4.322100361965558,75.60434334997109,788.7850854498423,793.1071858118079,4.322100361965558,797.5325374191186,8.646084702017752,801.5675027838545,13.79729053566573,5.148431332167206,4.574729204181622,823.9230803287279,9.816821160479883,827.906638133754,13.800378965505944,3.983557805026061,3.261569508297637,852.9357022176097
112,5.198148652277806,5.781126953337487,8.30543830661991,4.519165767085974,12.247109446868375,16.30996193206737,4.519165767085974,5.887123519838795,4.519165767085974,11.634866465342867,4.519165767085974,4.519165767085974,61.9203692088236,24.09785543154704,7.510047361326579,4.519165767085974,5.823922748274959,5.783208528016958,68.04722965048964,31.901354093729964,15.685539333151373,15.521010462293443,9.330927130562564,17.40444612849901,5.815075355736923,6.372085791768386,123.64450178774133,30.840772237090263,5.61240633841368,5.4489995451564175,7.510047361326579,5.832044986231926,7.579866835477466,4.539235766933049,30.854040892326058,12.744171583536772,6.1740698917590695,139.19492468815196,50.528465937252385,18.528650862432354,5.145815958751728,9.078471533866098,4.539235766933049,4.539235766933049,35.24345484602426,4.406772802134521,4.3931456548164,4.491081915410595,6.627992747937251,18.58660471865243,12.503404830360404,5.302693920715182,6.249955785253717,5.133409090370956,220.04817649175934,6.190712531697586,8.26863679658525,22.696178834665247,5.144232617524833,4.539235766933049,4.539235766933049,48.68011096241757,9.278252259623443,12.925016662544266,52.490298208292735,6.372085791768386,6.246587247603476,226.108649599648,22.739046392652448,5.144232617524833,1.6821445061107818,36.313886135464394,10.288465235049665,76.10201394114712,57.07109102962291,12.663439647141683,12.618673039371863,337.6574945879717,40.85312190239744,15.432697852574499,86.88160326703162,5.55356147506751,3.4855044074671517,358.23442505807105,45.39235766933049,4.539235766933049,5.958969521123334,5.144232617524833,5.535468452721905,5.725536501677069,100.44708228343305,469.53593228583867,54.47082920319659,11.848741973197614,10.289069983561095,11.173875887685327,508.4496485855748,59.01006497012963,6.281638879070539,3.11245443588185,520.740190861109,66.66175517294454,4.570790164494228,4.539235766933049,526.7873818887615,71.20137928015474,9.34607853635514,6.372085791768386,5.858388115800813,5.4994826097259475,9.078471533866098,4.539235766933049,4.539235766933049,4.539235766933049,630.8851035721904,13.617707300799147,4.539235766933049,13.617707300799147,9.078471533866098,4.58340756124106,635.4947082577685,22.696178834665247,32.36633374817468,4.271202563959195,662.777464961849,4.539235766933049,5.088038156241199,36.63804541558726,4.271202563959195,8.54240512791839,677.7810002832365,4.779784076599366,53.722855671424036,5.07630139950924,682.1524073976232,9.055683227282099,57.99405823538323,10.031582803094508,1.3966669981007251,695.4792931888644,4.271202563959195,74.7688695206403,778.790567837423,783.0617704013822,4.271202563959195,787.4357835900768,8.544298219957284,791.4290847688085,13.639173175541444,5.093065186026042,4.526834035322417,813.5373861666661,9.712453269562516,817.47968035366,13.654747456556336,3.942294186993821,3.2277845941673107,842.2468007783713
113,5.1057645883598095,5.715958102171475,8.182163837389325,4.436986744176727,12.03617541581291,16.049622331027784,4.436986744176727,5.820720666558266,4.436986744176727,11.504040124044963,4.436986744176727,4.436986744176727,60.94569293818512,23.69893356204755,7.410371135694625,4.436986744176727,5.7587446591028435,5.718016875106952,66.99785677868518,31.36138297673739,15.395127749455117,15.310209000279583,9.147905296681408,17.20899895251144,5.749789029351824,6.299718578884807,121.7133694551378,30.302154565225987,5.545442182998549,5.384771295613998,7.410371135694625,5.766736156727678,7.459730925327358,4.492452561097394,30.456893899886133,12.599437157769614,6.104240820008706,137.03067192144485,49.72641691098609,18.29772763794215,5.0863834162681085,8.984905122194789,4.492452561097394,4.492452561097394,34.79741254013921,4.35771463934894,4.3441766435304965,4.441023055576108,6.542635419320519,18.375676953628975,12.361919096079207,5.242227434490228,6.179358347400129,5.075070845561124,216.70611564258513,6.111928967595196,8.1446781925263,22.462262805486972,5.084821313407489,4.492452561097394,4.492452561097394,48.08407352391676,9.174896618240162,12.754824301815635,51.89604044065413,6.299718578884807,6.176024353874595,222.69363941752155,22.412561302026084,5.084821313407489,1.662717235562905,35.939620488779155,10.169642626814978,75.17300404013587,56.42598233836427,12.520000642867942,12.475742932759402,332.8379132917439,40.43207304987655,15.254463940222468,85.89985555503648,5.490951623579097,3.4458641676822643,353.17719854537387,44.924525610973944,4.492452561097394,5.891153292447557,5.084821313407489,5.47083815522249,5.658598957608372,99.312711967885,463.2186294951975,53.90943073316873,11.713466602683136,10.170240564252529,11.043414792414927,501.68234489512076,58.40188329426613,6.210717680928983,3.0803762174318,513.8336499448603,65.97471207279533,4.523640144014367,4.492452561097394,519.8121368693269,70.4675484604005,9.249317379116523,6.299718578884807,5.791007705176405,5.437760253986704,8.984905122194789,4.492452561097394,4.492452561097394,4.492452561097394,622.8140411582958,13.477357683292183,4.492452561097394,13.477357683292183,8.984905122194789,4.53610503294105,627.3760239141133,22.462262805486972,32.02932239223209,4.221573822585045,654.3775227993802,4.492452561097394,5.032233495422517,36.251404304463904,4.221573822585045,8.44314764517009,669.220320827699,4.726187252211012,53.13769959480408,5.020604577553519,673.5417596513565,8.95240139003371,57.359273417389126,9.9212992760543,1.3804385883738168,686.7157348639753,4.221573822585045,73.94961482522963,769.108497334375,773.33007115696,4.221573822585045,777.6539607867238,8.44504699232537,781.60614457303,13.484631489490443,5.038637041229406,4.479630479222833,803.4719911369824,9.609742887189231,807.3735757322215,13.51132748242836,3.901584595239129,3.194453293440402,831.8825256985685
114,5.018304620268639,5.6521694129460975,8.064104299599995,4.359291626866709,11.836109431660748,15.801513846960862,4.359291626866709,5.755727546571151,4.359291626866709,11.375955479491175,4.359291626866709,4.359291626866709,60.01595873505995,23.319638863241476,7.314124915093117,4.359291626866709,5.694905366831298,5.654205808788405,65.9955024450343,30.848688558642984,15.12084366678045,15.107019647677042,8.975596113077234,17.017625328947364,5.685862058589757,6.228931112879162,119.87032936811033,29.791716134386625,5.480220945576281,5.3221495121403555,7.314124915093117,5.7027723342949,7.345186200199082,4.446274895059336,30.07249130643166,12.457862225758324,6.03591086796919,134.96452737743698,48.961770985566005,18.07363213241624,5.028334742070326,8.892549790118672,4.446274895059336,4.446274895059336,34.365098752107556,4.309641160643119,4.296196090153267,4.391974491338024,6.460020515587713,18.16933982445743,12.223477098940585,5.1831022019411686,6.110268654222209,5.018009463784156,213.51050303400723,6.035604173667038,8.026045534517156,22.23137447529668,5.0267931300483575,4.446274895059336,4.446274895059336,47.504811937907554,9.073621376714975,12.59038754727876,51.314592061142974,6.228931112879162,6.106968774355562,219.42702920713018,22.09915241148418,5.0267931300483575,1.6437422402439494,35.57019916047469,10.053586260096715,74.26991688779808,55.79469085094519,12.379659851191622,12.335899887234724,328.20939972435434,40.01647405553402,15.080379390145072,84.93910667454989,5.429668290084551,3.4070941120487124,348.3165722445478,44.46274895059335,4.446274895059336,5.824829734322353,5.0267931300483575,5.407772538220067,5.593289420569662,98.20254669140468,457.12508819461937,53.35529874071202,11.581206159218604,10.054177530173973,10.916112004769861,495.1493288162839,57.80157363577136,6.1413081511402146,3.0487132043436,507.16440602268864,65.2965617351743,4.477104407782366,4.446274895059336,513.075690953606,69.74321605052225,9.153850602942871,6.228931112879162,5.725172042169765,5.377321213848614,8.892549790118672,4.446274895059336,4.446274895059336,4.446274895059336,614.9981657426167,13.338824685178007,4.446274895059336,13.338824685178007,8.892549790118672,4.489420921279248,619.5131538654864,22.23137447529668,31.69700273583514,4.173126191964692,646.2370421885213,4.446274895059336,4.977474433613634,35.87063561009213,4.173126191964692,8.346252383929384,660.9217698947073,4.6737005528608355,52.5631403779509,4.9659532196550416,665.1943593402049,8.851412272640538,56.73626656991559,9.8131054851765,1.3645963973724846,678.2188978048101,4.173126191964692,73.14563841936757,759.7107886081071,763.8839148000718,4.173126191964692,768.1588141289737,8.34815542998288,772.0704089621883,13.333432245477736,4.985099464310081,4.4330905642036855,793.6983412623493,9.508612663063209,797.559750752829,13.370022153542891,3.861409490479682,3.1615596081747457,821.814151495506
115,4.935323442175961,5.589674957959871,7.950813268021769,4.285672990419717,11.64593561527031,15.564560928997643,4.285672990419717,5.69205623039,4.285672990419717,11.250443190621871,4.285672990419717,4.285672990419717,59.127232495128766,22.958226751342828,7.221033484345602,4.285672990419717,5.632323462104301,5.591689377644676,65.0360801463897,30.360832034068835,14.861216564059276,14.91082132351139,8.813013004540524,16.83007471231586,5.62321090015596,6.159622836406524,118.10769061190135,29.306918413121714,5.416618931973017,5.261022666354667,7.221033484345602,5.640071562053331,7.235742112012682,4.40068307899127,29.699837061135067,12.319245672813048,5.9689857544440725,132.98793911300723,48.23124496061895,17.85584869374227,4.971577924915027,8.80136615798254,4.40068307899127,4.40068307899127,33.94545856360278,4.26249359814142,4.249144727155546,4.343875653700966,6.379933597480314,17.967301745749406,12.087887126345409,5.125231880945734,6.042592245075467,4.962143514965685,210.44868332895598,5.961548123148678,7.912280972997399,22.00341539495635,4.970056116663912,4.40068307899127,4.40068307899127,46.94108760644854,8.974302083183533,12.431247488160398,50.7451450936551,6.159622836406524,6.039326061124817,216.29602310044834,21.79771753831519,4.970056116663912,1.6251894525973247,35.205464631930155,9.940112233327824,73.39084645965062,55.17634907681963,12.242221555080349,12.198948897531341,323.75589747426966,39.60614771092143,14.910168349991736,83.9980395724658,5.3696288609406695,3.3691386296404793,343.6361219409253,44.0068307899127,4.40068307899127,5.759903275659663,4.970056116663912,5.346165026442144,5.529496696471896,97.11507100400614,451.23717092146546,52.80819694789524,11.451765921915223,9.940696970835813,10.79175240734985,488.8317609804023,57.20888002688651,6.073315721894827,3.017451895734191,500.7134295320875,64.62701500161197,4.4311626759217795,4.40068307899127,506.55891885813406,69.02807319496799,9.059632910608428,6.159622836406524,5.660779447273873,5.318086706448362,8.80136615798254,4.40068307899127,4.40068307899127,4.40068307899127,607.4176505666483,13.20204923697381,4.40068307899127,13.20204923697381,8.80136615798254,4.443334646905588,611.8862501222451,22.00341539495635,31.369197011890744,4.125780056699503,638.3360560256385,4.40068307899127,4.923702242309439,35.49548199388458,4.125780056699503,8.251560113399005,652.865248800225,4.622256030091098,51.99860222068259,4.9122885052487115,657.0900352811387,8.752568205182962,56.1243822773821,9.706882820139882,1.349114391164096,669.9683835430212,4.125780056699503,72.35608596148587,750.5760296179061,754.7018096746056,4.125780056699503,758.9287780516506,8.253464574592451,762.8002954762775,13.185364095798008,4.93240926380421,4.387188683010662,784.1945991699537,9.408992037738262,788.0163500848212,13.2307429526058,3.8217509148675375,3.129088835240088,812.0196837024022
116,4.856419415655298,5.528396809984573,7.841887818896181,4.2157633839192075,11.464773707546136,15.337793161946099,4.2157633839192075,5.629626977936546,4.2157633839192075,11.127349661678327,4.2157633839192075,4.2157633839192075,58.27596447329793,22.613123386629134,7.130848233410173,4.2157633839192075,5.570925084450186,5.530389632897121,64.11590229589928,29.895613444937233,14.614920253756733,14.72105311404174,8.659266335743235,16.646119835844928,5.561759771905303,6.09170258976236,116.41851343756412,28.845471694804203,5.354524206243162,5.201289797013398,7.130848233410173,5.578559485543942,7.130956051459077,4.355658969907397,29.338031074354035,12.18340517952472,5.903379991543852,131.09319029465297,47.53187650434626,17.643911120875817,4.916029613528765,8.711317939814794,4.355658969907397,4.355658969907397,33.537538460248754,4.216218615313774,4.202968769084453,4.296671575997078,6.302180886469983,17.769298372626825,11.954975350664878,5.068538213553918,5.976243463644402,4.907399181494868,207.50923574914444,5.88958906964854,7.802971295327947,21.778294849536984,4.914526976589941,4.355658969907397,4.355658969907397,46.39178034128233,8.876825792465059,12.276989540885255,50.18696695691898,6.09170258976236,5.973010569629071,213.28907317509177,21.507261701903047,4.914526976589941,1.607031634930551,34.84527175925918,9.829053953179882,72.53406884066281,54.5701704101003,12.107508305058834,12.064713159391431,319.4629112618186,39.20093072916657,14.743580929769823,83.0754599765846,5.310758414825161,3.3319473101046198,339.12101916817835,43.55658969907397,4.355658969907397,5.696287285674634,4.914526976589941,5.285919113187517,5.46712010059452,96.04891068937114,445.53849583007366,52.26790763888876,11.324969411312717,9.82963228481741,10.670141205643873,482.71262372859434,56.62356660879615,6.006654637509614,2.9865798513560224,494.46353037375627,63.965805430059575,4.385796271061261,4.355658969907397,500.2445437099473,68.32183530213251,8.966622661168124,6.09170258976236,5.597737795601612,5.259985266425258,8.711317939814794,4.355658969907397,4.355658969907397,4.355658969907397,600.0545775244735,13.066976909722191,4.355658969907397,13.066976909722191,8.711317939814794,4.3978272615292155,604.4773750406529,21.778294849536984,31.04574218643193,4.079463310840979,630.6565169264638,4.355658969907397,4.870863559746807,35.12570835543382,4.079463310840979,8.158926621681958,645.0325902825824,4.5717920433650105,51.44356159879774,4.859556990680482,649.2105545087688,8.655735345205029,55.52302490963872,9.60252353127688,1.3339689913776587,661.9457531648148,4.079463310840979,71.58018111468675,741.6848609011836,745.7643242120246,4.079463310840979,749.9443540119362,8.160830459547075,753.776289996146,13.040235422389824,4.880527074794761,4.341901362763331,774.9410191202421,9.310816578933329,778.723611459185,13.093408917876264,3.7825923389429357,3.097027441010313,802.4792324959575
117,4.781230250399734,5.468264255211373,7.736964229850498,4.149231376117002,11.2918296121241,15.120334870363244,4.149231376117002,5.5683674328739174,4.149231376117002,11.006535493473457,4.149231376117002,4.149231376117002,57.4589512798913,22.28290878795864,7.043344529646671,4.149231376117002,5.510643179981828,5.470235841138736,63.2316407832233,29.451048058408915,14.380758604048502,14.537208328868225,8.513553820639055,16.465554421935522,5.50143988951627,6.025087686008408,114.79653499221959,28.405310486658614,5.293835431375569,5.142859468511851,7.043344529646671,5.518168605135178,7.030428607890561,4.311185822537528,28.986259743101186,12.050175372016817,5.839016019476176,129.2733166305441,46.860992426365655,17.437397783731,4.861614263685783,8.622371645075056,4.311185822537528,4.311185822537528,33.14047632205878,4.170767773091259,4.157619373643531,4.250312343146159,6.226587224850499,17.57508991993498,11.824584069416108,5.012950230220413,5.911144591708867,4.853709509014319,204.68185202597482,5.819571742551586,7.697743513241079,21.55592911268764,4.860130214937237,4.311185822537528,4.311185822537528,45.85587668234221,8.781089934939576,12.12723907133965,49.639393045688806,6.025087686008408,5.9079445925417975,210.39575608506328,21.226886528907404,4.860130214937237,1.5892441007019102,34.48948658030022,9.720260429874473,71.69802426067591,53.97544117123146,11.975359121643548,11.933032278550206,315.31735265779986,38.80067240283775,14.580390644811711,82.17028431529158,5.252988965993193,3.2954744318076292,334.75787351754883,43.11185822537527,4.311185822537528,5.633903193928905,4.860130214937237,5.226947368272388,5.4060684220534085,95.00281886942656,440.0142632700094,51.73422987045033,11.200656593675973,9.720832474996818,10.551101925621536,476.776541180196,56.04541569298786,5.941247087450062,2.9560855893444895,488.399176233049,63.31268710486988,4.340987963724723,4.311185822537528,494.1169544874608,67.62423970514482,8.874781516235513,6.025087686008408,5.535963576010383,5.202952026243833,8.622371645075056,4.311185822537528,4.311185822537528,4.311185822537528,592.8927487311869,12.933557467612584,4.311185822537528,12.933557467612584,8.622371645075056,4.35288129049248,597.2703127277351,21.55592911268764,30.726488528568293,4.03411061811347,623.1821077270847,4.311185822537528,4.818909864023617,34.761099663121236,4.03411061811347,8.06822123622694,637.4073678580015,4.522252639716598,50.897542135575115,4.807710081308999,641.5394309619007,8.560792316591836,54.93165275368858,9.499929663090787,1.3191388332994618,654.134333896606,4.03411061811347,70.81721788934419,733.0197730221771,737.0538836402906,4.03411061811347,741.1879065155096,8.070122633107545,744.9807426426344,12.897872395364255,4.8294169845438635,4.29720705764097,765.9197406193455,9.214027383471649,769.6636591430514,12.957945907177539,3.743918523705889,3.0653629484334664,793.1748050460742
118,4.709429112549103,5.409213084072377,7.635714105492967,4.085777992745592,11.126386874324265,14.911395751791602,4.085777992745592,5.508211896656299,4.085777992745592,10.887874087899954,4.085777992745592,4.085777992745592,56.673301639079504,21.966301618918827,6.958319350191041,4.085777992745592,5.451416832540712,5.411163774964213,62.380291439111424,29.025345083377456,14.157652674517614,14.358829145411109,8.375151881353911,16.288191119150444,5.4421887786907295,5.959703077614405,113.23610240172147,27.9845713352675,5.23446082473241,5.085648832456846,6.958319350191041,5.458837602397167,6.933799298466038,4.267248154925594,28.643787414320194,11.91940615522881,5.77582342694623,127.52203197645868,46.21618009143586,17.235927226089917,4.808263369688527,8.534496309851187,4.267248154925594,4.267248154925594,32.75349240461579,4.126097048802789,4.113052156092669,4.204752595405029,6.152994237743723,17.38445874671714,11.696570119568154,4.958403532779448,5.84722506862131,4.801013731344279,201.95722643366835,5.751355721042481,7.596260887107117,21.336240774627967,4.8067973705928235,4.267248154925594,4.267248154925594,45.33245937241994,8.687001297335962,11.981657450463436,49.101820046012605,5.959703077614405,5.844057579323514,207.60666190437834,20.955780707243363,4.8067973705928235,1.5718044633877672,34.13798523940475,9.613594741185647,70.88130090783345,53.391513436114444,11.845627875643077,11.803760656937918,311.3074010746134,38.405233394330345,14.42039211177847,81.28152883254486,5.19625878241031,3.2596785006298408,330.53459055698465,42.67248154925594,4.267248154925594,5.572679697446078,4.8067973705928235,5.169170544151286,5.346258990746735,93.97566348382506,434.6510995307697,51.20697785910713,11.078682262980312,9.614160612479626,10.434474609485157,471.0096171118471,55.47422601403272,5.877022425137091,2.925958494061782,482.5063288849338,62.6674326630201,4.296721832988871,4.267248154925594,488.1620415319898,66.93504355362859,8.784074121199843,5.959703077614405,5.475381043331424,5.146928067723348,8.534496309851187,4.267248154925594,4.267248154925594,4.267248154925594,585.9175167424706,12.801744464776782,4.267248154925594,12.801744464776782,8.534496309851187,4.308480590891007,590.2503991134424,21.336240774627967,30.411298321738663,3.98966274534483,615.8980707414927,4.267248154925594,4.7677969983394135,34.401458999192975,3.98966274534483,7.97932549068966,629.9747240459587,4.4735869947793985,50.3601099805723,4.756703555829714,634.061753106123,8.467628983132215,54.34977272591713,9.399012093276983,1.304604547907435,646.5190448346,3.98966274534483,70.0665537432051,724.5649240684947,728.5545868138396,3.98966274534483,732.6434793313055,7.981222827689246,736.3976838768708,12.758117223638811,4.779046195146261,4.25308596205446,757.1146024588732,9.118570538347985,760.8203178551822,12.82428593465708,3.7057153963090963,3.0340838352543433,784.0901184177119
119,4.640721118289515,5.35118495222763,7.537840886543272,4.025133506535642,10.967799003672585,14.710262437263896,4.025133506535642,5.449100674403716,4.025133506535642,10.771250390504836,4.025133506535642,4.025133506535642,55.91640553705332,21.662145480100133,6.875589148684341,4.025133506535642,5.39319066101374,5.353115073784419,61.55914201777527,28.616888493982195,13.9446291254197,14.185501783508212,8.243407862558525,16.11385964331062,5.383949655402195,5.895480605555226,111.7321124777794,27.58157284732342,5.176317216861564,5.029582782105944,6.875589148684341,5.400510733120859,6.840742720090773,4.223831627295379,28.309948693119097,11.790961211110451,5.713738248691602,125.83366130631806,45.59526166308963,17.039154203708787,4.755914771894649,8.447663254590758,4.223831627295379,4.223831627295379,32.37588121290391,4.082166402703496,4.069226751689042,4.159951081211576,6.081258677028636,17.19720717968876,11.57080344873886,4.904839648366235,5.784420788009229,4.749256662201423,199.32695670837867,5.684813969063674,7.498219343769302,21.119158136476894,4.754466324216115,4.223831627295379,4.223831627295379,44.82069787352747,8.594475104351378,11.83993850026755,48.57369991189944,5.895480605555226,5.781285432999083,204.91329397439472,20.693211385021208,4.754466324216115,1.5546924101999464,33.79065301836303,9.50893264843223,70.08262034398831,52.81779857472531,11.718181828714892,11.676766038554309,307.4223785178141,38.01448464565841,14.263398972648346,80.40829977983293,5.140511771348696,3.2245218343935047,326.4402438146785,42.238316272953796,4.223831627295379,5.512552046278923,4.754466324216115,5.112516770493017,5.287616836632944,92.96641600820901,429.4369160533324,50.68597952754455,10.95891458299348,9.509492452524952,10.320114189963622,465.39928888383986,54.90981115483993,5.813916464045118,2.896188733037769,476.7722967019617,62.02983151517308,4.2529831408968715,4.223831627295379,482.36704834078614,66.25402191357453,8.69446781792377,5.895480605555226,5.415921454486072,5.091859837724507,8.447663254590758,4.223831627295379,4.223831627295379,4.223831627295379,579.1156315787312,12.671494881886137,4.223831627295379,12.671494881886137,8.447663254590758,4.264610223701048,583.404368841928,21.119158136476894,30.100044702278716,3.946065961857095,608.7910539186597,4.223831627295379,4.717484743197593,34.04660579807203,3.946065961857095,7.89213192371419,622.7212155961416,4.425748909117316,49.83086964550041,4.706497137651379,626.7640286176315,8.376145343432308,53.7769356073575,9.299689666803188,1.2903485654741833,639.086239922921,3.946065961857095,69.32760336399727,716.3059752106325,720.2520411724896,3.946065961857095,724.2966298960769,7.894023760828816,728.0126588016694,12.620826578657532,4.7293847195388885,4.2095198422763,748.5109751606271,9.024396635070502,752.178945098651,12.692366573094372,3.6679699380238686,3.0031794422857034,775.2104309900787
