x,y,distance_from_center_m,elevation_m,station_m,segment_id
-6712136.808912582,6571874.463527173,-150.0,8423.39453125,0.0,11_sub19
-6712136.808912582,6571866.963527173,-142.5,8423.39453125,0.0,11_sub19
-6712136.808912582,6571859.463527173,-135.0,8423.39453125,0.0,11_sub19
-6712136.808912582,6571851.963527173,-127.5,8423.39453125,0.0,11_sub19
-6712136.808912582,6571844.463527173,-120.0,8423.39453125,0.0,11_sub19
-6712136.808912582,6571836.963527173,-112.5,8423.39453125,0.0,11_sub19
-6712136.808912582,6571829.463527173,-105.0,8423.39453125,0.0,11_sub19
-6712136.808912582,6571821.963527173,-97.49999999999999,8423.39453125,0.0,11_sub19
-6712136.808912582,6571814.463527173,-90.0,8423.39453125,0.0,11_sub19
-6712136.808912582,6571806.963527173,-82.5,8423.39453125,0.0,11_sub19
-6712136.808912582,6571799.463527173,-75.0,8423.39453125,0.0,11_sub19
-6712136.808912582,6571791.963527173,-67.5,8423.39453125,0.0,11_sub19
-6712136.808912582,6571784.463527173,-59.999999999999986,8423.39453125,0.0,11_sub19
-6712136.808912582,6571776.963527173,-52.5,8425.82421875,0.0,11_sub19
-6712136.808912582,6571769.463527173,-44.99999999999999,8425.82421875,0.0,11_sub19
-6712136.808912582,6571761.963527173,-37.5,8425.82421875,0.0,11_sub19
-6712136.808912582,6571754.463527173,-29.999999999999993,8425.82421875,0.0,11_sub19
-6712136.808912582,6571746.963527173,-22.499999999999986,8425.82421875,0.0,11_sub19
-6712136.808912582,6571739.463527173,-14.999999999999996,8425.82421875,0.0,11_sub19
-6712136.808912582,6571731.963527173,-7.49999999999999,8425.82421875,0.0,11_sub19
-6712136.808912582,6571724.463527173,0.0,8425.82421875,0.0,11_sub19
-6712136.808912582,6571716.963527173,7.500000000000007,8425.82421875,0.0,11_sub19
-6712136.808912582,6571709.463527173,15.000000000000014,8425.82421875,0.0,11_sub19
-6712136.808912582,6571701.963527173,22.50000000000002,8425.82421875,0.0,11_sub19
-6712136.808912582,6571694.463527173,30.00000000000003,8425.82421875,0.0,11_sub19
-6712136.808912582,6571686.963527173,37.5,8425.82421875,0.0,11_sub19
-6712136.808912582,6571679.463527173,45.00000000000001,8425.82421875,0.0,11_sub19
-6712136.808912582,6571671.963527173,52.500000000000014,8425.82421875,0.0,11_sub19
-6712136.808912582,6571664.463527173,60.00000000000002,8427.91796875,0.0,11_sub19
-6712136.808912582,6571656.963527173,67.50000000000003,8427.91796875,0.0,11_sub19
-6712136.808912582,6571649.463527173,75.0,8427.91796875,0.0,11_sub19
-6712136.808912582,6571641.963527173,82.5,8427.91796875,0.0,11_sub19
-6712136.808912582,6571634.463527173,90.00000000000001,8427.91796875,0.0,11_sub19
-6712136.808912582,6571626.963527173,97.50000000000001,8427.91796875,0.0,11_sub19
-6712136.808912582,6571619.463527173,105.00000000000003,8427.91796875,0.0,11_sub19
-6712136.808912582,6571611.963527173,112.5,8427.91796875,0.0,11_sub19
-6712136.808912582,6571604.463527173,120.0,8427.91796875,0.0,11_sub19
-6712136.808912582,6571596.963527173,127.50000000000001,8427.91796875,0.0,11_sub19
-6712136.808912582,6571589.463527173,135.00000000000003,8427.91796875,0.0,11_sub19
-6712136.808912582,6571581.963527173,142.50000000000003,8427.91796875,0.0,11_sub19
-6712136.808912582,6571574.463527173,150.0,8427.91796875,0.0,11_sub19
-6712354.40848627,6572154.195135217,-150.0,8415.068359375,523.7088394818743,11_sub19
-6712359.711787129,6572148.891834359,-142.5,8415.068359375,523.7088394818743,11_sub19
-6712365.015087988,6572143.588533499,-135.0,8415.068359375,523.7088394818743,11_sub19
-6712370.318388847,6572138.285232641,-127.5,8415.068359375,523.7088394818743,11_sub19
-6712375.621689706,6572132.981931781,-120.0,8415.068359375,523.7088394818743,11_sub19
-6712380.924990565,6572127.678630923,-112.5,8415.068359375,523.7088394818743,11_sub19
-6712386.228291424,6572122.3753300635,-105.0,8415.068359375,523.7088394818743,11_sub19
-6712391.5315922825,6572117.072029205,-97.49999999999999,8416.2548828125,523.7088394818743,11_sub19
-6712396.834893142,6572111.768728346,-90.0,8416.2548828125,523.7088394818743,11_sub19
-6712402.138194,6572106.465427487,-82.5,8416.2548828125,523.7088394818743,11_sub19
-6712407.44149486,6572101.162126629,-75.0,8416.2548828125,523.7088394818743,11_sub19
-6712412.744795718,6572095.858825769,-67.5,8416.2548828125,523.7088394818743,11_sub19
-6712418.048096577,6572090.555524911,-59.999999999999986,8416.2548828125,523.7088394818743,11_sub19
-6712423.351397436,6572085.252224051,-52.5,8412.1015625,523.7088394818743,11_sub19
-6712428.654698295,6572079.948923193,-44.99999999999999,8412.1015625,523.7088394818743,11_sub19
-6712433.957999154,6572074.6456223335,-37.5,8412.1015625,523.7088394818743,11_sub19
-6712439.2613000125,6572069.342321475,-29.999999999999993,8412.1015625,523.7088394818743,11_sub19
-6712444.564600872,6572064.039020616,-22.499999999999986,8412.1015625,523.7088394818743,11_sub19
-6712449.86790173,6572058.735719757,-14.999999999999996,8412.1015625,523.7088394818743,11_sub19
-6712455.17120259,6572053.432418898,-7.49999999999999,8412.1015625,523.7088394818743,11_sub19
-6712460.474503448,6572048.129118039,0.0,8412.1015625,523.7088394818743,11_sub19
-6712465.777804307,6572042.825817181,7.500000000000007,8412.1015625,523.7088394818743,11_sub19
-6712471.081105166,6572037.522516321,15.000000000000014,8412.1015625,523.7088394818743,11_sub19
-6712476.384406025,6572032.219215463,22.50000000000002,8412.1015625,523.7088394818743,11_sub19
-6712481.687706884,6572026.9159146035,30.00000000000003,8412.1015625,523.7088394818743,11_sub19
-6712486.9910077425,6572021.612613745,37.5,8412.1015625,523.7088394818743,11_sub19
-6712492.294308602,6572016.309312886,45.00000000000001,8412.1015625,523.7088394818743,11_sub19
-6712497.59760946,6572011.006012027,52.500000000000014,8412.1015625,523.7088394818743,11_sub19
-6712502.90091032,6572005.702711168,60.00000000000002,8414.1640625,523.7088394818743,11_sub19
-6712508.204211178,6572000.399410309,67.50000000000003,8414.1640625,523.7088394818743,11_sub19
-6712513.507512037,6571995.09610945,75.0,8414.1640625,523.7088394818743,11_sub19
-6712518.810812896,6571989.792808591,82.5,8414.1640625,523.7088394818743,11_sub19
-6712524.114113755,6571984.489507733,90.00000000000001,8414.1640625,523.7088394818743,11_sub19
-6712529.417414614,6571979.1862068735,97.50000000000001,8414.1640625,523.7088394818743,11_sub19
-6712534.7207154725,6571973.882906015,105.00000000000003,8412.5478515625,523.7088394818743,11_sub19
-6712540.024016332,6571968.579605156,112.5,8412.5478515625,523.7088394818743,11_sub19
-6712545.32731719,6571963.276304297,120.0,8412.5478515625,523.7088394818743,11_sub19
-6712550.63061805,6571957.973003438,127.50000000000001,8412.5478515625,523.7088394818743,11_sub19
-6712555.933918908,6571952.669702579,135.00000000000003,8412.5478515625,523.7088394818743,11_sub19
-6712561.237219768,6571947.36640172,142.50000000000003,8412.5478515625,523.7088394818743,11_sub19
-6712566.540520626,6571942.063100861,150.0,8412.5478515625,523.7088394818743,11_sub19
-6712757.714843637,6572444.87244048,-150.0,8403.833984375,1047.4176789637486,11_sub19
-6712763.018144496,6572439.569139621,-142.5,8403.833984375,1047.4176789637486,11_sub19
-6712768.321445355,6572434.265838762,-135.0,8403.833984375,1047.4176789637486,11_sub19
-6712773.624746215,6572428.962537903,-127.5,8403.833984375,1047.4176789637486,11_sub19
-6712778.928047073,6572423.659237044,-120.0,8403.833984375,1047.4176789637486,11_sub19
-6712784.231347932,6572418.355936185,-112.5,8403.833984375,1047.4176789637486,11_sub19
-6712789.534648791,6572413.052635326,-105.0,8403.833984375,1047.4176789637486,11_sub19
-6712794.83794965,6572407.749334468,-97.49999999999999,8403.833984375,1047.4176789637486,11_sub19
-6712800.141250509,6572402.446033608,-90.0,8403.833984375,1047.4176789637486,11_sub19
-6712805.444551367,6572397.14273275,-82.5,8403.833984375,1047.4176789637486,11_sub19
-6712810.747852227,6572391.839431891,-75.0,8403.833984375,1047.4176789637486,11_sub19
-6712816.051153086,6572386.536131032,-67.5,8403.833984375,1047.4176789637486,11_sub19
-6712821.354453945,6572381.232830173,-59.999999999999986,8403.833984375,1047.4176789637486,11_sub19
-6712826.657754803,6572375.929529314,-52.5,8403.833984375,1047.4176789637486,11_sub19
-6712831.9610556625,6572370.626228455,-44.99999999999999,8403.833984375,1047.4176789637486,11_sub19
-6712837.264356522,6572365.322927596,-37.5,8403.833984375,1047.4176789637486,11_sub19
-6712842.56765738,6572360.019626738,-29.999999999999993,8403.833984375,1047.4176789637486,11_sub19
-6712847.870958239,6572354.716325878,-22.499999999999986,8403.833984375,1047.4176789637486,11_sub19
-6712853.174259098,6572349.41302502,-14.999999999999996,8403.833984375,1047.4176789637486,11_sub19
-6712858.477559958,6572344.10972416,-7.49999999999999,8403.833984375,1047.4176789637486,11_sub19
-6712863.780860816,6572338.806423302,0.0,8404.990234375,1047.4176789637486,11_sub19
-6712869.084161675,6572333.503122443,7.500000000000007,8401.8828125,1047.4176789637486,11_sub19
-6712874.387462534,6572328.199821584,15.000000000000014,8401.8828125,1047.4176789637486,11_sub19
-6712879.690763393,6572322.896520725,22.50000000000002,8401.8828125,1047.4176789637486,11_sub19
-6712884.994064252,6572317.593219866,30.00000000000003,8401.8828125,1047.4176789637486,11_sub19
-6712890.29736511,6572312.289919008,37.5,8401.8828125,1047.4176789637486,11_sub19
-6712895.60066597,6572306.986618148,45.00000000000001,8401.8828125,1047.4176789637486,11_sub19
-6712900.903966829,6572301.68331729,52.500000000000014,8401.8828125,1047.4176789637486,11_sub19
-6712906.207267688,6572296.38001643,60.00000000000002,8401.8828125,1047.4176789637486,11_sub19
-6712911.510568546,6572291.076715572,67.50000000000003,8401.8828125,1047.4176789637486,11_sub19
-6712916.813869406,6572285.773414712,75.0,8401.8828125,1047.4176789637486,11_sub19
-6712922.117170265,6572280.470113854,82.5,8401.8828125,1047.4176789637486,11_sub19
-6712927.420471123,6572275.166812995,90.00000000000001,8401.8828125,1047.4176789637486,11_sub19
-6712932.723771982,6572269.863512136,97.50000000000001,8401.8828125,1047.4176789637486,11_sub19
-6712938.027072841,6572264.560211278,105.00000000000003,8401.8828125,1047.4176789637486,11_sub19
-6712943.330373701,6572259.256910418,112.5,8401.8828125,1047.4176789637486,11_sub19
-6712948.633674559,6572253.95360956,120.0,8401.8828125,1047.4176789637486,11_sub19
-6712953.936975418,6572248.6503087,127.50000000000001,8401.8828125,1047.4176789637486,11_sub19
-6712959.240276277,6572243.347007842,135.00000000000003,8401.8828125,1047.4176789637486,11_sub19
-6712964.5435771365,6572238.043706982,142.50000000000003,8401.8828125,1047.4176789637486,11_sub19
-6712969.846877995,6572232.740406124,150.0,8401.8828125,1047.4176789637486,11_sub19
-6713194.009486608,6572655.908979242,-150.0,8395.587890625,1571.1265184456229,11_sub19
-6713199.312787467,6572650.605678383,-142.5,8395.587890625,1571.1265184456229,11_sub19
-6713204.616088326,6572645.302377524,-135.0,8395.587890625,1571.1265184456229,11_sub19
-6713209.919389185,6572639.999076665,-127.5,8392.171875,1571.1265184456229,11_sub19
-6713215.222690044,6572634.695775806,-120.0,8392.171875,1571.1265184456229,11_sub19
-6713220.525990902,6572629.3924749475,-112.5,8392.171875,1571.1265184456229,11_sub19
-6713225.829291762,6572624.089174088,-105.0,8392.171875,1571.1265184456229,11_sub19
-6713231.13259262,6572618.78587323,-97.49999999999999,8392.171875,1571.1265184456229,11_sub19
-6713236.43589348,6572613.48257237,-90.0,8392.171875,1571.1265184456229,11_sub19
-6713241.739194338,6572608.179271512,-82.5,8392.171875,1571.1265184456229,11_sub19
-6713247.042495197,6572602.875970652,-75.0,8392.171875,1571.1265184456229,11_sub19
-6713252.345796056,6572597.572669794,-67.5,8392.171875,1571.1265184456229,11_sub19
-6713257.649096915,6572592.269368935,-59.999999999999986,8392.171875,1571.1265184456229,11_sub19
-6713262.952397774,6572586.966068076,-52.5,8392.171875,1571.1265184456229,11_sub19
-6713268.255698632,6572581.6627672175,-44.99999999999999,8392.171875,1571.1265184456229,11_sub19
-6713273.558999492,6572576.359466358,-37.5,8392.171875,1571.1265184456229,11_sub19
-6713278.86230035,6572571.0561655,-29.999999999999993,8392.171875,1571.1265184456229,11_sub19
-6713284.16560121,6572565.75286464,-22.499999999999986,8393.28125,1571.1265184456229,11_sub19
-6713289.468902068,6572560.449563782,-14.999999999999996,8393.28125,1571.1265184456229,11_sub19
-6713294.772202928,6572555.146262922,-7.49999999999999,8393.28125,1571.1265184456229,11_sub19
-6713300.075503786,6572549.842962064,0.0,8393.28125,1571.1265184456229,11_sub19
-6713305.378804645,6572544.539661205,7.500000000000007,8393.28125,1571.1265184456229,11_sub19
-6713310.682105504,6572539.236360346,15.000000000000014,8393.28125,1571.1265184456229,11_sub19
-6713315.985406362,6572533.9330594875,22.50000000000002,8393.28125,1571.1265184456229,11_sub19
-6713321.288707222,6572528.629758628,30.00000000000003,8390.9765625,1571.1265184456229,11_sub19
-6713326.59200808,6572523.32645777,37.5,8390.9765625,1571.1265184456229,11_sub19
-6713331.89530894,6572518.02315691,45.00000000000001,8390.9765625,1571.1265184456229,11_sub19
-6713337.198609798,6572512.719856052,52.500000000000014,8390.9765625,1571.1265184456229,11_sub19
-6713342.501910658,6572507.416555192,60.00000000000002,8390.9765625,1571.1265184456229,11_sub19
-6713347.805211516,6572502.113254334,67.50000000000003,8390.9765625,1571.1265184456229,11_sub19
-6713353.1085123755,6572496.809953475,75.0,8390.9765625,1571.1265184456229,11_sub19
-6713358.411813234,6572491.506652616,82.5,8390.9765625,1571.1265184456229,11_sub19
-6713363.715114092,6572486.2033517575,90.00000000000001,8390.9765625,1571.1265184456229,11_sub19
-6713369.018414952,6572480.900050898,97.50000000000001,8390.9765625,1571.1265184456229,11_sub19
-6713374.32171581,6572475.59675004,105.00000000000003,8390.9765625,1571.1265184456229,11_sub19
-6713379.62501667,6572470.29344918,112.5,8390.9765625,1571.1265184456229,11_sub19
-6713384.928317528,6572464.990148322,120.0,8390.9765625,1571.1265184456229,11_sub19
-6713390.231618388,6572459.686847462,127.50000000000001,8390.9765625,1571.1265184456229,11_sub19
-6713395.534919246,6572454.383546604,135.00000000000003,8395.12890625,1571.1265184456229,11_sub19
-6713400.8382201055,6572449.080245744,142.50000000000003,8395.12890625,1571.1265184456229,11_sub19
-6713406.141520964,6572443.776944886,150.0,8395.12890625,1571.1265184456229,11_sub19
-6713405.046025369,6573092.203622212,-150.0,8387.375,2094.835357927497,11_sub19
-6713410.349326229,6573086.900321353,-142.5,8387.375,2094.835357927497,11_sub19
-6713415.652627087,6573081.597020494,-135.0,8387.375,2094.835357927497,11_sub19
-6713420.955927946,6573076.293719635,-127.5,8387.375,2094.835357927497,11_sub19
-6713426.259228805,6573070.990418776,-120.0,8387.375,2094.835357927497,11_sub19
-6713431.5625296645,6573065.687117917,-112.5,8387.375,2094.835357927497,11_sub19
-6713436.865830523,6573060.383817058,-105.0,8387.47265625,2094.835357927497,11_sub19
-6713442.169131381,6573055.0805162,-97.49999999999999,8387.47265625,2094.835357927497,11_sub19
-6713447.472432241,6573049.77721534,-90.0,8387.47265625,2094.835357927497,11_sub19
-6713452.7757331,6573044.473914482,-82.5,8387.47265625,2094.835357927497,11_sub19
-6713458.079033959,6573039.170613622,-75.0,8387.47265625,2094.835357927497,11_sub19
-6713463.382334817,6573033.867312764,-67.5,8387.47265625,2094.835357927497,11_sub19
-6713468.685635677,6573028.564011905,-59.999999999999986,8387.47265625,2094.835357927497,11_sub19
-6713473.988936536,6573023.260711046,-52.5,8387.47265625,2094.835357927497,11_sub19
-6713479.2922373945,6573017.957410187,-44.99999999999999,8384.4765625,2094.835357927497,11_sub19
-6713484.595538253,6573012.654109328,-37.5,8384.4765625,2094.835357927497,11_sub19
-6713489.898839112,6573007.35080847,-29.999999999999993,8384.4765625,2094.835357927497,11_sub19
-6713495.202139972,6573002.04750761,-22.499999999999986,8384.4765625,2094.835357927497,11_sub19
-6713500.50544083,6572996.744206752,-14.999999999999996,8384.4765625,2094.835357927497,11_sub19
-6713505.808741689,6572991.440905892,-7.49999999999999,8384.4765625,2094.835357927497,11_sub19
-6713511.112042548,6572986.137605034,0.0,8384.4765625,2094.835357927497,11_sub19
-6713516.415343408,6572980.834304175,7.500000000000007,8384.4765625,2094.835357927497,11_sub19
-6713521.718644266,6572975.531003316,15.000000000000014,8384.4765625,2094.835357927497,11_sub19
-6713527.0219451245,6572970.227702457,22.50000000000002,8384.4765625,2094.835357927497,11_sub19
-6713532.325245984,6572964.924401598,30.00000000000003,8384.4765625,2094.835357927497,11_sub19
-6713537.628546843,6572959.62110074,37.5,8384.4765625,2094.835357927497,11_sub19
-6713542.931847702,6572954.31779988,45.00000000000001,8384.4765625,2094.835357927497,11_sub19
-6713548.23514856,6572949.014499022,52.500000000000014,8385.3984375,2094.835357927497,11_sub19
-6713553.53844942,6572943.711198162,60.00000000000002,8385.3984375,2094.835357927497,11_sub19
-6713558.841750279,6572938.407897304,67.50000000000003,8385.3984375,2094.835357927497,11_sub19
-6713564.145051138,6572933.104596445,75.0,8385.3984375,2094.835357927497,11_sub19
-6713569.448351996,6572927.801295586,82.5,8385.3984375,2094.835357927497,11_sub19
-6713574.751652855,6572922.497994727,90.00000000000001,8385.3984375,2094.835357927497,11_sub19
-6713580.054953715,6572917.194693868,97.50000000000001,8385.3984375,2094.835357927497,11_sub19
-6713585.358254573,6572911.89139301,105.00000000000003,8385.3984375,2094.835357927497,11_sub19
-6713590.661555432,6572906.58809215,112.5,8390.6435546875,2094.835357927497,11_sub19
-6713595.964856291,6572901.284791292,120.0,8390.6435546875,2094.835357927497,11_sub19
-6713601.268157151,6572895.981490432,127.50000000000001,8390.6435546875,2094.835357927497,11_sub19
-6713606.571458009,6572890.678189574,135.00000000000003,8390.6435546875,2094.835357927497,11_sub19
-6713611.874758868,6572885.374888714,142.50000000000003,8390.6435546875,2094.835357927497,11_sub19
-6713617.178059727,6572880.071587856,150.0,8390.6435546875,2094.835357927497,11_sub19
-6713695.723330634,6573495.5099795805,-150.0,8371.4990234375,2618.5441974093715,11_sub19
-6713701.026631492,6573490.206678722,-142.5,8371.4990234375,2618.5441974093715,11_sub19
-6713706.329932352,6573484.903377863,-135.0,8371.4990234375,2618.5441974093715,11_sub19
-6713711.63323321,6573479.600077004,-127.5,8371.4990234375,2618.5441974093715,11_sub19
-6713716.9365340695,6573474.296776145,-120.0,8371.4990234375,2618.5441974093715,11_sub19
-6713722.239834928,6573468.993475286,-112.5,8374.2607421875,2618.5441974093715,11_sub19
-6713727.543135787,6573463.690174427,-105.0,8374.2607421875,2618.5441974093715,11_sub19
-6713732.846436646,6573458.386873568,-97.49999999999999,8374.2607421875,2618.5441974093715,11_sub19
-6713738.149737505,6573453.083572709,-90.0,8374.2607421875,2618.5441974093715,11_sub19
-6713743.453038364,6573447.7802718505,-82.5,8374.2607421875,2618.5441974093715,11_sub19
-6713748.756339222,6573442.476970991,-75.0,8374.2607421875,2618.5441974093715,11_sub19
-6713754.059640082,6573437.173670133,-67.5,8374.2607421875,2618.5441974093715,11_sub19
-6713759.36294094,6573431.870369274,-59.999999999999986,8374.2607421875,2618.5441974093715,11_sub19
-6713764.6662417995,6573426.567068415,-52.5,8374.2607421875,2618.5441974093715,11_sub19
-6713769.969542658,6573421.263767556,-44.99999999999999,8372.515625,2618.5441974093715,11_sub19
-6713775.272843517,6573415.960466697,-37.5,8372.515625,2618.5441974093715,11_sub19
-6713780.576144376,6573410.657165838,-29.999999999999993,8372.515625,2618.5441974093715,11_sub19
-6713785.879445235,6573405.353864979,-22.499999999999986,8372.515625,2618.5441974093715,11_sub19
-6713791.182746094,6573400.0505641205,-14.999999999999996,8372.515625,2618.5441974093715,11_sub19
-6713796.486046953,6573394.747263261,-7.49999999999999,8372.515625,2618.5441974093715,11_sub19
-6713801.789347812,6573389.443962403,0.0,8372.515625,2618.5441974093715,11_sub19
-6713807.09264867,6573384.140661544,7.500000000000007,8372.515625,2618.5441974093715,11_sub19
-6713812.3959495295,6573378.837360685,15.000000000000014,8372.515625,2618.5441974093715,11_sub19
-6713817.699250388,6573373.534059826,22.50000000000002,8372.515625,2618.5441974093715,11_sub19
-6713823.002551247,6573368.230758967,30.00000000000003,8372.515625,2618.5441974093715,11_sub19
-6713828.305852106,6573362.927458108,37.5,8372.515625,2618.5441974093715,11_sub19
-6713833.609152965,6573357.624157249,45.00000000000001,8372.515625,2618.5441974093715,11_sub19
-6713838.912453824,6573352.3208563905,52.500000000000014,8377.7333984375,2618.5441974093715,11_sub19
-6713844.215754683,6573347.017555531,60.00000000000002,8377.7333984375,2618.5441974093715,11_sub19
-6713849.519055542,6573341.714254673,67.50000000000003,8377.7333984375,2618.5441974093715,11_sub19
-6713854.822356401,6573336.410953814,75.0,8377.7333984375,2618.5441974093715,11_sub19
-6713860.1256572595,6573331.107652955,82.5,8377.7333984375,2618.5441974093715,11_sub19
-6713865.428958118,6573325.804352096,90.00000000000001,8377.7333984375,2618.5441974093715,11_sub19
-6713870.732258977,6573320.501051237,97.50000000000001,8377.7333984375,2618.5441974093715,11_sub19
-6713876.035559836,6573315.197750378,105.00000000000003,8377.7333984375,2618.5441974093715,11_sub19
-6713881.338860695,6573309.894449519,112.5,8377.7333984375,2618.5441974093715,11_sub19
-6713886.642161554,6573304.5911486605,120.0,8383.365234375,2618.5441974093715,11_sub19
-6713891.945462413,6573299.287847801,127.50000000000001,8383.365234375,2618.5441974093715,11_sub19
-6713897.248763272,6573293.984546943,135.00000000000003,8383.365234375,2618.5441974093715,11_sub19
-6713902.552064131,6573288.681246083,142.50000000000003,8383.365234375,2618.5441974093715,11_sub19
-6713907.8553649895,6573283.377945225,150.0,8383.365234375,2618.5441974093715,11_sub19
-6713758.85558875,6573719.672588195,-150.0,8367.71875,3142.2530368912458,11_sub19
-6713764.158889608,6573724.975889053,-142.5,8367.71875,3142.2530368912458,11_sub19
-6713769.462190468,6573730.279189913,-135.0,8367.71875,3142.2530368912458,11_sub19
-6713774.765491326,6573735.582490771,-127.5,8366.3173828125,3142.2530368912458,11_sub19
-6713780.068792186,6573740.8857916305,-120.0,8366.3173828125,3142.2530368912458,11_sub19
-6713785.372093044,6573746.189092489,-112.5,8366.3173828125,3142.2530368912458,11_sub19
-6713790.675393904,6573751.492393348,-105.0,8366.3173828125,3142.2530368912458,11_sub19
-6713795.978694762,6573756.795694207,-97.49999999999999,8366.3173828125,3142.2530368912458,11_sub19
-6713801.2819956215,6573762.098995066,-90.0,8366.3173828125,3142.2530368912458,11_sub19
-6713806.58529648,6573767.402295925,-82.5,8366.3173828125,3142.2530368912458,11_sub19
-6713811.888597339,6573772.705596784,-75.0,8366.3173828125,3142.2530368912458,11_sub19
-6713817.191898198,6573778.008897643,-67.5,8366.3173828125,3142.2530368912458,11_sub19
-6713822.495199056,6573783.312198501,-59.999999999999986,8366.3173828125,3142.2530368912458,11_sub19
-6713827.798499916,6573788.6154993605,-52.5,8366.3173828125,3142.2530368912458,11_sub19
-6713833.101800774,6573793.918800219,-44.99999999999999,8366.3173828125,3142.2530368912458,11_sub19
-6713838.405101634,6573799.222101078,-37.5,8366.3173828125,3142.2530368912458,11_sub19
-6713843.708402492,6573804.525401937,-29.999999999999993,8366.3173828125,3142.2530368912458,11_sub19
-6713849.0117033515,6573809.828702796,-22.499999999999986,8363.4345703125,3142.2530368912458,11_sub19
-6713854.31500421,6573815.132003655,-14.999999999999996,8363.4345703125,3142.2530368912458,11_sub19
-6713859.618305069,6573820.435304514,-7.49999999999999,8363.4345703125,3142.2530368912458,11_sub19
-6713864.921605928,6573825.738605373,0.0,8363.4345703125,3142.2530368912458,11_sub19
-6713870.224906786,6573831.041906231,7.500000000000007,8363.4345703125,3142.2530368912458,11_sub19
-6713875.528207646,6573836.3452070905,15.000000000000014,8363.4345703125,3142.2530368912458,11_sub19
-6713880.831508504,6573841.648507949,22.50000000000002,8363.4345703125,3142.2530368912458,11_sub19
-6713886.134809364,6573846.951808808,30.00000000000003,8364.869140625,3142.2530368912458,11_sub19
-6713891.438110222,6573852.255109667,37.5,8364.869140625,3142.2530368912458,11_sub19
-6713896.7414110815,6573857.558410526,45.00000000000001,8364.869140625,3142.2530368912458,11_sub19
-6713902.04471194,6573862.861711385,52.500000000000014,8364.869140625,3142.2530368912458,11_sub19
-6713907.348012799,6573868.165012244,60.00000000000002,8364.869140625,3142.2530368912458,11_sub19
-6713912.651313658,6573873.468313103,67.50000000000003,8364.869140625,3142.2530368912458,11_sub19
-6713917.954614516,6573878.771613961,75.0,8364.869140625,3142.2530368912458,11_sub19
-6713923.257915376,6573884.0749148205,82.5,8364.869140625,3142.2530368912458,11_sub19
-6713928.561216234,6573889.378215679,90.00000000000001,8364.869140625,3142.2530368912458,11_sub19
-6713933.864517094,6573894.681516538,97.50000000000001,8364.869140625,3142.2530368912458,11_sub19
-6713939.167817952,6573899.984817397,105.00000000000003,8364.869140625,3142.2530368912458,11_sub19
-6713944.4711188115,6573905.288118256,112.5,8364.869140625,3142.2530368912458,11_sub19
-6713949.77441967,6573910.591419115,120.0,8364.869140625,3142.2530368912458,11_sub19
-6713955.077720529,6573915.894719974,127.50000000000001,8364.869140625,3142.2530368912458,11_sub19
-6713960.381021388,6573921.198020833,135.00000000000003,8362.6943359375,3142.2530368912458,11_sub19
-6713965.684322247,6573926.501321692,142.50000000000003,8362.6943359375,3142.2530368912458,11_sub19
-6713970.987623106,6573931.8046225505,150.0,8362.6943359375,3142.2530368912458,11_sub19
-6713812.897537447,6574401.087551123,-150.0,8359.607421875,3665.96187637312,11_sub19
-6713818.200838305,6574395.784250265,-142.5,8359.607421875,3665.96187637312,11_sub19
-6713823.504139164,6574390.480949406,-135.0,8359.607421875,3665.96187637312,11_sub19
-6713828.807440023,6574385.177648547,-127.5,8359.607421875,3665.96187637312,11_sub19
-6713834.110740882,6574379.874347688,-120.0,8359.607421875,3665.96187637312,11_sub19
-6713839.414041741,6574374.571046829,-112.5,8359.607421875,3665.96187637312,11_sub19
-6713844.7173426,6574369.26774597,-105.0,8359.1826171875,3665.96187637312,11_sub19
-6713850.020643459,6574363.964445111,-97.49999999999999,8359.1826171875,3665.96187637312,11_sub19
-6713855.323944318,6574358.661144252,-90.0,8359.1826171875,3665.96187637312,11_sub19
-6713860.627245177,6574353.357843393,-82.5,8359.1826171875,3665.96187637312,11_sub19
-6713865.930546036,6574348.054542534,-75.0,8359.1826171875,3665.96187637312,11_sub19
-6713871.233846894,6574342.751241676,-67.5,8359.1826171875,3665.96187637312,11_sub19
-6713876.537147753,6574337.447940817,-59.999999999999986,8359.1826171875,3665.96187637312,11_sub19
-6713881.840448612,6574332.144639958,-52.5,8359.1826171875,3665.96187637312,11_sub19
-6713887.143749471,6574326.841339099,-44.99999999999999,8357.0693359375,3665.96187637312,11_sub19
-6713892.44705033,6574321.53803824,-37.5,8357.0693359375,3665.96187637312,11_sub19
-6713897.750351189,6574316.234737381,-29.999999999999993,8357.0693359375,3665.96187637312,11_sub19
-6713903.053652048,6574310.931436522,-22.499999999999986,8357.0693359375,3665.96187637312,11_sub19
-6713908.356952907,6574305.628135663,-14.999999999999996,8357.0693359375,3665.96187637312,11_sub19
-6713913.660253766,6574300.324834804,-7.49999999999999,8357.0693359375,3665.96187637312,11_sub19
-6713918.9635546245,6574295.021533946,0.0,8357.0693359375,3665.96187637312,11_sub19
-6713924.266855483,6574289.718233087,7.500000000000007,8357.0693359375,3665.96187637312,11_sub19
-6713929.570156342,6574284.414932228,15.000000000000014,8357.0693359375,3665.96187637312,11_sub19
-6713934.873457201,6574279.111631369,22.50000000000002,8357.0693359375,3665.96187637312,11_sub19
-6713940.17675806,6574273.80833051,30.00000000000003,8357.0693359375,3665.96187637312,11_sub19
-6713945.480058919,6574268.505029651,37.5,8357.0693359375,3665.96187637312,11_sub19
-6713950.783359778,6574263.201728792,45.00000000000001,8357.0693359375,3665.96187637312,11_sub19
-6713956.086660637,6574257.898427933,52.500000000000014,8359.6884765625,3665.96187637312,11_sub19
-6713961.389961496,6574252.595127074,60.00000000000002,8359.6884765625,3665.96187637312,11_sub19
-6713966.6932623545,6574247.291826216,67.50000000000003,8359.6884765625,3665.96187637312,11_sub19
-6713971.996563213,6574241.988525357,75.0,8359.6884765625,3665.96187637312,11_sub19
-6713977.299864072,6574236.685224498,82.5,8359.6884765625,3665.96187637312,11_sub19
-6713982.603164931,6574231.381923639,90.00000000000001,8359.6884765625,3665.96187637312,11_sub19
-6713987.90646579,6574226.07862278,97.50000000000001,8359.6884765625,3665.96187637312,11_sub19
-6713993.209766649,6574220.775321921,105.00000000000003,8359.6884765625,3665.96187637312,11_sub19
-6713998.513067508,6574215.472021062,112.5,8359.837890625,3665.96187637312,11_sub19
-6714003.816368367,6574210.168720203,120.0,8359.837890625,3665.96187637312,11_sub19
-6714009.119669226,6574204.865419344,127.50000000000001,8359.837890625,3665.96187637312,11_sub19
-6714014.4229700845,6574199.562118486,135.00000000000003,8359.837890625,3665.96187637312,11_sub19
-6714019.726270944,6574194.258817626,142.50000000000003,8359.837890625,3665.96187637312,11_sub19
-6714025.029571802,6574188.955516768,150.0,8359.837890625,3665.96187637312,11_sub19
-6714014.13185046,6574717.178340229,-150.0,8352.642578125,4189.670715854994,11_sub19
-6714021.63185046,6574717.178340229,-142.5,8352.642578125,4189.670715854994,11_sub19
-6714029.13185046,6574717.178340229,-135.0,8352.642578125,4189.670715854994,11_sub19
-6714036.63185046,6574717.178340229,-127.5,8352.642578125,4189.670715854994,11_sub19
-6714044.13185046,6574717.178340229,-120.0,8352.642578125,4189.670715854994,11_sub19
-6714051.63185046,6574717.178340229,-112.5,8352.642578125,4189.670715854994,11_sub19
-6714059.13185046,6574717.178340229,-105.0,8352.642578125,4189.670715854994,11_sub19
-6714066.63185046,6574717.178340229,-97.49999999999999,8352.642578125,4189.670715854994,11_sub19
-6714074.13185046,6574717.178340229,-90.0,8352.642578125,4189.670715854994,11_sub19
-6714081.63185046,6574717.178340229,-82.5,8352.642578125,4189.670715854994,11_sub19
-6714089.13185046,6574717.178340229,-75.0,8352.642578125,4189.670715854994,11_sub19
-6714096.63185046,6574717.178340229,-67.5,8352.642578125,4189.670715854994,11_sub19
-6714104.13185046,6574717.178340229,-59.999999999999986,8352.642578125,4189.670715854994,11_sub19
-6714111.63185046,6574717.178340229,-52.5,8349.9091796875,4189.670715854994,11_sub19
-6714119.13185046,6574717.178340229,-44.99999999999999,8349.9091796875,4189.670715854994,11_sub19
-6714126.63185046,6574717.178340229,-37.5,8349.9091796875,4189.670715854994,11_sub19
-6714134.13185046,6574717.178340229,-29.999999999999993,8349.9091796875,4189.670715854994,11_sub19
-6714141.63185046,6574717.178340229,-22.499999999999986,8349.9091796875,4189.670715854994,11_sub19
-6714149.13185046,6574717.178340229,-14.999999999999996,8349.9091796875,4189.670715854994,11_sub19
-6714156.63185046,6574717.178340229,-7.49999999999999,8349.9091796875,4189.670715854994,11_sub19
-6714164.13185046,6574717.178340229,0.0,8349.9091796875,4189.670715854994,11_sub19
-6714171.63185046,6574717.178340229,7.500000000000007,8349.9091796875,4189.670715854994,11_sub19
-6714179.13185046,6574717.178340229,15.000000000000014,8349.9091796875,4189.670715854994,11_sub19
-6714186.63185046,6574717.178340229,22.50000000000002,8349.9091796875,4189.670715854994,11_sub19
-6714194.13185046,6574717.178340229,30.00000000000003,8349.9091796875,4189.670715854994,11_sub19
-6714201.63185046,6574717.178340229,37.5,8349.9091796875,4189.670715854994,11_sub19
-6714209.13185046,6574717.178340229,45.00000000000001,8349.9091796875,4189.670715854994,11_sub19
-6714216.63185046,6574717.178340229,52.500000000000014,8349.9091796875,4189.670715854994,11_sub19
-6714224.13185046,6574717.178340229,60.00000000000002,8349.38671875,4189.670715854994,11_sub19
-6714231.63185046,6574717.178340229,67.50000000000003,8349.38671875,4189.670715854994,11_sub19
-6714239.13185046,6574717.178340229,75.0,8349.38671875,4189.670715854994,11_sub19
-6714246.63185046,6574717.178340229,82.5,8349.38671875,4189.670715854994,11_sub19
-6714254.13185046,6574717.178340229,90.00000000000001,8349.38671875,4189.670715854994,11_sub19
-6714261.63185046,6574717.178340229,97.50000000000001,8349.38671875,4189.670715854994,11_sub19
-6714269.13185046,6574717.178340229,105.00000000000003,8349.38671875,4189.670715854994,11_sub19
-6714276.63185046,6574717.178340229,112.5,8349.38671875,4189.670715854994,11_sub19
-6714284.13185046,6574717.178340229,120.0,8349.38671875,4189.670715854994,11_sub19
-6714291.63185046,6574717.178340229,127.50000000000001,8349.38671875,4189.670715854994,11_sub19
-6714299.13185046,6574717.178340229,135.00000000000003,8349.38671875,4189.670715854994,11_sub19
-6714306.63185046,6574717.178340229,142.50000000000003,8349.38671875,4189.670715854994,11_sub19
-6714314.13185046,6574717.178340229,150.0,8349.38671875,4189.670715854994,11_sub19
-6714394.2521479735,6575207.700265859,-150.0,8345.76171875,4713.379555336869,11_sub19
-6714399.555448832,6575202.396965001,-142.5,8345.76171875,4713.379555336869,11_sub19
-6714404.858749691,6575197.093664141,-135.0,8345.76171875,4713.379555336869,11_sub19
-6714410.16205055,6575191.790363283,-127.5,8345.76171875,4713.379555336869,11_sub19
-6714415.465351409,6575186.4870624235,-120.0,8345.76171875,4713.379555336869,11_sub19
-6714420.768652268,6575181.183761565,-112.5,8345.76171875,4713.379555336869,11_sub19
-6714426.071953127,6575175.880460706,-105.0,8345.76171875,4713.379555336869,11_sub19
-6714431.375253986,6575170.577159847,-97.49999999999999,8345.76171875,4713.379555336869,11_sub19
-6714436.678554845,6575165.273858988,-90.0,8345.76171875,4713.379555336869,11_sub19
-6714441.9818557035,6575159.970558129,-82.5,8345.76171875,4713.379555336869,11_sub19
-6714447.285156563,6575154.66725727,-75.0,8344.4228515625,4713.379555336869,11_sub19
-6714452.588457421,6575149.363956411,-67.5,8344.4228515625,4713.379555336869,11_sub19
-6714457.89175828,6575144.060655553,-59.999999999999986,8344.4228515625,4713.379555336869,11_sub19
-6714463.195059139,6575138.7573546935,-52.5,8344.4228515625,4713.379555336869,11_sub19
-6714468.498359998,6575133.454053835,-44.99999999999999,8344.4228515625,4713.379555336869,11_sub19
-6714473.801660857,6575128.150752976,-37.5,8344.4228515625,4713.379555336869,11_sub19
-6714479.104961716,6575122.847452117,-29.999999999999993,8344.4228515625,4713.379555336869,11_sub19
-6714484.408262575,6575117.544151258,-22.499999999999986,8344.4228515625,4713.379555336869,11_sub19
-6714489.7115634335,6575112.240850399,-14.999999999999996,8344.4228515625,4713.379555336869,11_sub19
-6714495.014864293,6575106.93754954,-7.49999999999999,8344.4228515625,4713.379555336869,11_sub19
-6714500.318165151,6575101.634248681,0.0,8344.4228515625,4713.379555336869,11_sub19
-6714505.62146601,6575096.330947823,7.500000000000007,8344.4228515625,4713.379555336869,11_sub19
-6714510.924766869,6575091.0276469635,15.000000000000014,8344.4228515625,4713.379555336869,11_sub19
-6714516.228067728,6575085.724346105,22.50000000000002,8344.4228515625,4713.379555336869,11_sub19
-6714521.531368587,6575080.421045246,30.00000000000003,8344.4228515625,4713.379555336869,11_sub19
-6714526.834669446,6575075.117744387,37.5,8344.4228515625,4713.379555336869,11_sub19
-6714532.137970305,6575069.814443528,45.00000000000001,8344.4228515625,4713.379555336869,11_sub19
-6714537.4412711635,6575064.511142669,52.500000000000014,8344.4228515625,4713.379555336869,11_sub19
-6714542.744572023,6575059.20784181,60.00000000000002,8344.4228515625,4713.379555336869,11_sub19
-6714548.047872881,6575053.904540951,67.50000000000003,8344.4228515625,4713.379555336869,11_sub19
-6714553.35117374,6575048.601240093,75.0,8344.4228515625,4713.379555336869,11_sub19
-6714558.654474599,6575043.2979392335,82.5,8346.1416015625,4713.379555336869,11_sub19
-6714563.957775458,6575037.994638375,90.00000000000001,8346.1416015625,4713.379555336869,11_sub19
-6714569.261076317,6575032.691337516,97.50000000000001,8346.1416015625,4713.379555336869,11_sub19
-6714574.564377176,6575027.388036657,105.00000000000003,8346.1416015625,4713.379555336869,11_sub19
-6714579.867678035,6575022.084735798,112.5,8346.1416015625,4713.379555336869,11_sub19
-6714585.1709788935,6575016.781434939,120.0,8346.1416015625,4713.379555336869,11_sub19
-6714590.474279753,6575011.47813408,127.50000000000001,8346.1416015625,4713.379555336869,11_sub19
-6714595.777580611,6575006.174833221,135.00000000000003,8346.1416015625,4713.379555336869,11_sub19
-6714601.080881471,6575000.871532362,142.50000000000003,8346.1416015625,4713.379555336869,11_sub19
-6714606.384182329,6574995.5682315035,150.0,8346.1416015625,4713.379555336869,11_sub19
-6714352.019006772,6575531.333614699,-150.0,8340.642578125,5237.088394818743,11_sub19
-6714359.519006772,6575531.333614699,-142.5,8340.642578125,5237.088394818743,11_sub19
-6714367.019006772,6575531.333614699,-135.0,8340.642578125,5237.088394818743,11_sub19
-6714374.519006772,6575531.333614699,-127.5,8340.642578125,5237.088394818743,11_sub19
-6714382.019006772,6575531.333614699,-120.0,8340.642578125,5237.088394818743,11_sub19
-6714389.519006772,6575531.333614699,-112.5,8340.642578125,5237.088394818743,11_sub19
-6714397.019006772,6575531.333614699,-105.0,8340.642578125,5237.088394818743,11_sub19
-6714404.519006772,6575531.333614699,-97.49999999999999,8340.642578125,5237.088394818743,11_sub19
-6714412.019006772,6575531.333614699,-90.0,8340.642578125,5237.088394818743,11_sub19
-6714419.519006772,6575531.333614699,-82.5,8340.642578125,5237.088394818743,11_sub19
-6714427.019006772,6575531.333614699,-75.0,8340.642578125,5237.088394818743,11_sub19
-6714434.519006772,6575531.333614699,-67.5,8340.642578125,5237.088394818743,11_sub19
-6714442.019006772,6575531.333614699,-59.999999999999986,8340.642578125,5237.088394818743,11_sub19
-6714449.519006772,6575531.333614699,-52.5,8340.2578125,5237.088394818743,11_sub19
-6714457.019006772,6575531.333614699,-44.99999999999999,8340.2578125,5237.088394818743,11_sub19
-6714464.519006772,6575531.333614699,-37.5,8340.2578125,5237.088394818743,11_sub19
-6714472.019006772,6575531.333614699,-29.999999999999993,8340.2578125,5237.088394818743,11_sub19
-6714479.519006772,6575531.333614699,-22.499999999999986,8340.2578125,5237.088394818743,11_sub19
-6714487.019006772,6575531.333614699,-14.999999999999996,8340.2578125,5237.088394818743,11_sub19
-6714494.519006772,6575531.333614699,-7.49999999999999,8340.2578125,5237.088394818743,11_sub19
-6714502.019006772,6575531.333614699,0.0,8340.2578125,5237.088394818743,11_sub19
-6714509.519006772,6575531.333614699,7.500000000000007,8340.2578125,5237.088394818743,11_sub19
-6714517.019006772,6575531.333614699,15.000000000000014,8340.2578125,5237.088394818743,11_sub19
-6714524.519006772,6575531.333614699,22.50000000000002,8340.2578125,5237.088394818743,11_sub19
-6714532.019006772,6575531.333614699,30.00000000000003,8340.2578125,5237.088394818743,11_sub19
-6714539.519006772,6575531.333614699,37.5,8340.2578125,5237.088394818743,11_sub19
-6714547.019006772,6575531.333614699,45.00000000000001,8340.2578125,5237.088394818743,11_sub19
-6714554.519006772,6575531.333614699,52.500000000000014,8340.2578125,5237.088394818743,11_sub19
-6714562.019006772,6575531.333614699,60.00000000000002,8339.9697265625,5237.088394818743,11_sub19
-6714569.519006772,6575531.333614699,67.50000000000003,8339.9697265625,5237.088394818743,11_sub19
-6714577.019006772,6575531.333614699,75.0,8339.9697265625,5237.088394818743,11_sub19
-6714584.519006772,6575531.333614699,82.5,8339.9697265625,5237.088394818743,11_sub19
-6714592.019006772,6575531.333614699,90.00000000000001,8339.9697265625,5237.088394818743,11_sub19
-6714599.519006772,6575531.333614699,97.50000000000001,8339.9697265625,5237.088394818743,11_sub19
-6714607.019006772,6575531.333614699,105.00000000000003,8339.9697265625,5237.088394818743,11_sub19
-6714614.519006772,6575531.333614699,112.5,8339.9697265625,5237.088394818743,11_sub19
-6714622.019006772,6575531.333614699,120.0,8339.9697265625,5237.088394818743,11_sub19
-6714629.519006772,6575531.333614699,127.50000000000001,8339.9697265625,5237.088394818743,11_sub19
-6714637.019006772,6575531.333614699,135.00000000000003,8339.9697265625,5237.088394818743,11_sub19
-6714644.519006772,6575531.333614699,142.50000000000003,8339.9697265625,5237.088394818743,11_sub19
-6714652.019006772,6575531.333614699,150.0,8339.9697265625,5237.088394818743,11_sub19
-6714464.648058876,6576008.389973282,-150.0,8335.4560546875,5760.797234300617,11_sub19
-6714472.148058876,6576008.389973282,-142.5,8335.4560546875,5760.797234300617,11_sub19
-6714479.648058876,6576008.389973282,-135.0,8335.4560546875,5760.797234300617,11_sub19
-6714487.148058876,6576008.389973282,-127.5,8335.4560546875,5760.797234300617,11_sub19
-6714494.648058876,6576008.389973282,-120.0,8335.4560546875,5760.797234300617,11_sub19
-6714502.148058876,6576008.389973282,-112.5,8335.4560546875,5760.797234300617,11_sub19
-6714509.648058876,6576008.389973282,-105.0,8335.4560546875,5760.797234300617,11_sub19
-6714517.148058876,6576008.389973282,-97.49999999999999,8335.4560546875,5760.797234300617,11_sub19
-6714524.648058876,6576008.389973282,-90.0,8335.4560546875,5760.797234300617,11_sub19
-6714532.148058876,6576008.389973282,-82.5,8335.4560546875,5760.797234300617,11_sub19
-6714539.648058876,6576008.389973282,-75.0,8335.4560546875,5760.797234300617,11_sub19
-6714547.148058876,6576008.389973282,-67.5,8335.4560546875,5760.797234300617,11_sub19
-6714554.648058876,6576008.389973282,-59.999999999999986,8335.4560546875,5760.797234300617,11_sub19
-6714562.148058876,6576008.389973282,-52.5,8333.4345703125,5760.797234300617,11_sub19
-6714569.648058876,6576008.389973282,-44.99999999999999,8333.4345703125,5760.797234300617,11_sub19
-6714577.148058876,6576008.389973282,-37.5,8333.4345703125,5760.797234300617,11_sub19
-6714584.648058876,6576008.389973282,-29.999999999999993,8333.4345703125,5760.797234300617,11_sub19
-6714592.148058876,6576008.389973282,-22.499999999999986,8333.4345703125,5760.797234300617,11_sub19
-6714599.648058876,6576008.389973282,-14.999999999999996,8333.4345703125,5760.797234300617,11_sub19
-6714607.148058876,6576008.389973282,-7.49999999999999,8333.4345703125,5760.797234300617,11_sub19
-6714614.648058876,6576008.389973282,0.0,8333.4345703125,5760.797234300617,11_sub19
-6714622.148058876,6576008.389973282,7.500000000000007,8333.4345703125,5760.797234300617,11_sub19
-6714629.648058876,6576008.389973282,15.000000000000014,8333.4345703125,5760.797234300617,11_sub19
-6714637.148058876,6576008.389973282,22.50000000000002,8333.4345703125,5760.797234300617,11_sub19
-6714644.648058876,6576008.389973282,30.00000000000003,8333.4345703125,5760.797234300617,11_sub19
-6714652.148058876,6576008.389973282,37.5,8333.4345703125,5760.797234300617,11_sub19
-6714659.648058876,6576008.389973282,45.00000000000001,8333.4345703125,5760.797234300617,11_sub19
-6714667.148058876,6576008.389973282,52.500000000000014,8333.4345703125,5760.797234300617,11_sub19
-6714674.648058876,6576008.389973282,60.00000000000002,8335.1767578125,5760.797234300617,11_sub19
-6714682.148058876,6576008.389973282,67.50000000000003,8335.1767578125,5760.797234300617,11_sub19
-6714689.648058876,6576008.389973282,75.0,8335.1767578125,5760.797234300617,11_sub19
-6714697.148058876,6576008.389973282,82.5,8335.1767578125,5760.797234300617,11_sub19
-6714704.648058876,6576008.389973282,90.00000000000001,8335.1767578125,5760.797234300617,11_sub19
-6714712.148058876,6576008.389973282,97.50000000000001,8335.1767578125,5760.797234300617,11_sub19
-6714719.648058876,6576008.389973282,105.00000000000003,8335.1767578125,5760.797234300617,11_sub19
-6714727.148058876,6576008.389973282,112.5,8335.1767578125,5760.797234300617,11_sub19
-6714734.648058876,6576008.389973282,120.0,8335.1767578125,5760.797234300617,11_sub19
-6714742.148058876,6576008.389973282,127.50000000000001,8335.1767578125,5760.797234300617,11_sub19
-6714749.648058876,6576008.389973282,135.00000000000003,8335.1767578125,5760.797234300617,11_sub19
-6714757.148058876,6576008.389973282,142.50000000000003,8335.1767578125,5760.797234300617,11_sub19
-6714764.648058876,6576008.389973282,150.0,8335.1767578125,5760.797234300617,11_sub19
-6714215.060423345,6576304.452160414,-150.0,8329.724609375,6284.5060737824915,11_sub19
-6714220.363724204,6576309.755461273,-142.5,8329.724609375,6284.5060737824915,11_sub19
-6714225.667025063,6576315.058762132,-135.0,8329.7236328125,6284.5060737824915,11_sub19
-6714230.970325923,6576320.362062991,-127.5,8329.7236328125,6284.5060737824915,11_sub19
-6714236.273626781,6576325.66536385,-120.0,8329.7236328125,6284.5060737824915,11_sub19
-6714241.57692764,6576330.968664709,-112.5,8329.7236328125,6284.5060737824915,11_sub19
-6714246.880228499,6576336.271965568,-105.0,8329.7236328125,6284.5060737824915,11_sub19
-6714252.183529358,6576341.575266426,-97.49999999999999,8329.7236328125,6284.5060737824915,11_sub19
-6714257.486830217,6576346.878567286,-90.0,8329.7236328125,6284.5060737824915,11_sub19
-6714262.790131075,6576352.181868144,-82.5,8329.7236328125,6284.5060737824915,11_sub19
-6714268.093431935,6576357.485169003,-75.0,8329.7236328125,6284.5060737824915,11_sub19
-6714273.396732794,6576362.788469862,-67.5,8329.7236328125,6284.5060737824915,11_sub19
-6714278.700033653,6576368.091770721,-59.999999999999986,8329.7236328125,6284.5060737824915,11_sub19
-6714284.003334511,6576373.39507158,-52.5,8329.7236328125,6284.5060737824915,11_sub19
-6714289.3066353705,6576378.698372439,-44.99999999999999,8329.7236328125,6284.5060737824915,11_sub19
-6714294.60993623,6576384.001673298,-37.5,8329.7236328125,6284.5060737824915,11_sub19
-6714299.913237088,6576389.304974156,-29.999999999999993,8329.7236328125,6284.5060737824915,11_sub19
-6714305.216537947,6576394.608275016,-22.499999999999986,8329.7236328125,6284.5060737824915,11_sub19
-6714310.519838806,6576399.911575874,-14.999999999999996,8325.80859375,6284.5060737824915,11_sub19
-6714315.823139666,6576405.214876734,-7.49999999999999,8325.80859375,6284.5060737824915,11_sub19
-6714321.126440524,6576410.518177592,0.0,8325.80859375,6284.5060737824915,11_sub19
-6714326.429741383,6576415.821478451,7.500000000000007,8325.80859375,6284.5060737824915,11_sub19
-6714331.733042242,6576421.12477931,15.000000000000014,8325.80859375,6284.5060737824915,11_sub19
-6714337.036343101,6576426.428080169,22.50000000000002,8334.0380859375,6284.5060737824915,11_sub19
-6714342.33964396,6576431.731381028,30.00000000000003,8334.0380859375,6284.5060737824915,11_sub19
-6714347.642944818,6576437.034681886,37.5,8334.0380859375,6284.5060737824915,11_sub19
-6714352.946245678,6576442.337982746,45.00000000000001,8334.0380859375,6284.5060737824915,11_sub19
-6714358.249546537,6576447.641283604,52.500000000000014,8334.0380859375,6284.5060737824915,11_sub19
-6714363.552847396,6576452.944584464,60.00000000000002,8334.0380859375,6284.5060737824915,11_sub19
-6714368.856148254,6576458.247885322,67.50000000000003,8334.0380859375,6284.5060737824915,11_sub19
-6714374.1594491135,6576463.551186182,75.0,8334.0380859375,6284.5060737824915,11_sub19
-6714379.462749973,6576468.85448704,82.5,8334.0380859375,6284.5060737824915,11_sub19
-6714384.766050831,6576474.157787899,90.00000000000001,8334.0380859375,6284.5060737824915,11_sub19
-6714390.06935169,6576479.461088758,97.50000000000001,8334.0380859375,6284.5060737824915,11_sub19
-6714395.372652549,6576484.764389616,105.00000000000003,8334.0380859375,6284.5060737824915,11_sub19
-6714400.675953409,6576490.067690476,112.5,8334.0380859375,6284.5060737824915,11_sub19
-6714405.979254267,6576495.370991334,120.0,8334.0380859375,6284.5060737824915,11_sub19
-6714411.282555126,6576500.674292194,127.50000000000001,8334.0380859375,6284.5060737824915,11_sub19
-6714416.585855985,6576505.977593052,135.00000000000003,8334.0380859375,6284.5060737824915,11_sub19
-6714421.8891568445,6576511.280893912,142.50000000000003,8333.123046875,6284.5060737824915,11_sub19
-6714427.192457703,6576516.58419477,150.0,8333.123046875,6284.5060737824915,11_sub19
-6714004.023884584,6576740.746803385,-150.0,8324.8330078125,6808.214913264366,11_sub19
-6714009.327185443,6576746.050104244,-142.5,8324.8330078125,6808.214913264366,11_sub19
-6714014.630486302,6576751.353405103,-135.0,8324.8330078125,6808.214913264366,11_sub19
-6714019.933787161,6576756.656705962,-127.5,8324.8330078125,6808.214913264366,11_sub19
-6714025.23708802,6576761.960006821,-120.0,8324.8330078125,6808.214913264366,11_sub19
-6714030.540388878,6576767.263307679,-112.5,8324.8330078125,6808.214913264366,11_sub19
-6714035.843689738,6576772.566608539,-105.0,8324.8330078125,6808.214913264366,11_sub19
-6714041.146990596,6576777.869909397,-97.49999999999999,8324.8330078125,6808.214913264366,11_sub19
-6714046.450291456,6576783.173210257,-90.0,8324.8330078125,6808.214913264366,11_sub19
-6714051.753592314,6576788.476511115,-82.5,8324.8330078125,6808.214913264366,11_sub19
-6714057.056893174,6576793.779811975,-75.0,8324.8330078125,6808.214913264366,11_sub19
-6714062.360194032,6576799.083112833,-67.5,8324.8330078125,6808.214913264366,11_sub19
-6714067.663494891,6576804.386413692,-59.999999999999986,8324.8330078125,6808.214913264366,11_sub19
-6714072.96679575,6576809.689714551,-52.5,8324.8330078125,6808.214913264366,11_sub19
-6714078.270096608,6576814.993015409,-44.99999999999999,8324.8330078125,6808.214913264366,11_sub19
-6714083.573397468,6576820.296316269,-37.5,8324.8330078125,6808.214913264366,11_sub19
-6714088.876698326,6576825.599617127,-29.999999999999993,8324.8330078125,6808.214913264366,11_sub19
-6714094.179999186,6576830.902917987,-22.499999999999986,8324.8330078125,6808.214913264366,11_sub19
-6714099.483300044,6576836.206218845,-14.999999999999996,8324.8330078125,6808.214913264366,11_sub19
-6714104.786600904,6576841.509519705,-7.49999999999999,8324.8330078125,6808.214913264366,11_sub19
-6714110.089901762,6576846.812820563,0.0,8323.1162109375,6808.214913264366,11_sub19
-6714115.393202621,6576852.116121422,7.500000000000007,8325.251953125,6808.214913264366,11_sub19
-6714120.69650348,6576857.419422281,15.000000000000014,8325.251953125,6808.214913264366,11_sub19
-6714125.999804338,6576862.722723139,22.50000000000002,8325.251953125,6808.214913264366,11_sub19
-6714131.303105198,6576868.026023999,30.00000000000003,8325.251953125,6808.214913264366,11_sub19
-6714136.606406056,6576873.329324857,37.5,8325.251953125,6808.214913264366,11_sub19
-6714141.909706916,6576878.632625717,45.00000000000001,8325.251953125,6808.214913264366,11_sub19
-6714147.213007774,6576883.935926575,52.500000000000014,8325.251953125,6808.214913264366,11_sub19
-6714152.516308634,6576889.239227435,60.00000000000002,8325.251953125,6808.214913264366,11_sub19
-6714157.819609492,6576894.542528293,67.50000000000003,8325.251953125,6808.214913264366,11_sub19
-6714163.122910351,6576899.845829152,75.0,8325.251953125,6808.214913264366,11_sub19
-6714168.42621121,6576905.149130011,82.5,8325.251953125,6808.214913264366,11_sub19
-6714173.729512068,6576910.452430869,90.00000000000001,8325.251953125,6808.214913264366,11_sub19
-6714179.032812928,6576915.755731729,97.50000000000001,8325.251953125,6808.214913264366,11_sub19
-6714184.336113786,6576921.059032587,105.00000000000003,8325.251953125,6808.214913264366,11_sub19
-6714189.639414646,6576926.362333447,112.5,8325.251953125,6808.214913264366,11_sub19
-6714194.942715504,6576931.665634305,120.0,8325.251953125,6808.214913264366,11_sub19
-6714200.246016364,6576936.968935165,127.50000000000001,8325.251953125,6808.214913264366,11_sub19
-6714205.549317222,6576942.272236023,135.00000000000003,8325.251953125,6808.214913264366,11_sub19
-6714210.8526180815,6576947.5755368825,142.50000000000003,8325.251953125,6808.214913264366,11_sub19
-6714216.15591894,6576952.878837741,150.0,8325.251953125,6808.214913264366,11_sub19
-6713633.705812819,6577111.06487515,-150.0,8319.5009765625,7331.92375274624,11_sub19
-6713639.009113678,6577116.368176009,-142.5,8319.5009765625,7331.92375274624,11_sub19
-6713644.312414537,6577121.671476868,-135.0,8319.5009765625,7331.92375274624,11_sub19
-6713649.615715396,6577126.974777726,-127.5,8319.5009765625,7331.92375274624,11_sub19
-6713654.919016255,6577132.278078586,-120.0,8319.5009765625,7331.92375274624,11_sub19
-6713660.222317114,6577137.581379444,-112.5,8320.5224609375,7331.92375274624,11_sub19
-6713665.525617973,6577142.884680304,-105.0,8320.5224609375,7331.92375274624,11_sub19
-6713670.828918831,6577148.187981162,-97.49999999999999,8320.5224609375,7331.92375274624,11_sub19
-6713676.132219691,6577153.491282022,-90.0,8320.5224609375,7331.92375274624,11_sub19
-6713681.435520549,6577158.79458288,-82.5,8320.5224609375,7331.92375274624,11_sub19
-6713686.738821408,6577164.097883739,-75.0,8320.5224609375,7331.92375274624,11_sub19
-6713692.042122267,6577169.401184598,-67.5,8320.5224609375,7331.92375274624,11_sub19
-6713697.345423126,6577174.704485456,-59.999999999999986,8320.5224609375,7331.92375274624,11_sub19
-6713702.648723985,6577180.007786316,-52.5,8320.5224609375,7331.92375274624,11_sub19
-6713707.952024844,6577185.311087174,-44.99999999999999,8320.5224609375,7331.92375274624,11_sub19
-6713713.255325703,6577190.614388034,-37.5,8319.0654296875,7331.92375274624,11_sub19
-6713718.558626561,6577195.917688892,-29.999999999999993,8319.0654296875,7331.92375274624,11_sub19
-6713723.861927421,6577201.220989752,-22.499999999999986,8319.0654296875,7331.92375274624,11_sub19
-6713729.165228279,6577206.52429061,-14.999999999999996,8319.0654296875,7331.92375274624,11_sub19
-6713734.468529139,6577211.8275914695,-7.49999999999999,8319.0654296875,7331.92375274624,11_sub19
-6713739.771829997,6577217.130892328,0.0,8319.0654296875,7331.92375274624,11_sub19
-6713745.075130856,6577222.434193186,7.500000000000007,8319.0654296875,7331.92375274624,11_sub19
-6713750.378431715,6577227.737494046,15.000000000000014,8319.0654296875,7331.92375274624,11_sub19
-6713755.681732574,6577233.040794904,22.50000000000002,8319.0654296875,7331.92375274624,11_sub19
-6713760.985033433,6577238.344095764,30.00000000000003,8319.0654296875,7331.92375274624,11_sub19
-6713766.288334291,6577243.647396622,37.5,8319.0654296875,7331.92375274624,11_sub19
-6713771.591635151,6577248.950697482,45.00000000000001,8319.9638671875,7331.92375274624,11_sub19
-6713776.894936009,6577254.25399834,52.500000000000014,8319.9638671875,7331.92375274624,11_sub19
-6713782.198236869,6577259.5572991995,60.00000000000002,8319.9638671875,7331.92375274624,11_sub19
-6713787.501537727,6577264.860600058,67.50000000000003,8319.9638671875,7331.92375274624,11_sub19
-6713792.804838587,6577270.163900917,75.0,8319.9638671875,7331.92375274624,11_sub19
-6713798.108139445,6577275.467201776,82.5,8319.9638671875,7331.92375274624,11_sub19
-6713803.411440304,6577280.770502634,90.00000000000001,8319.9638671875,7331.92375274624,11_sub19
-6713808.714741163,6577286.073803494,97.50000000000001,8319.9638671875,7331.92375274624,11_sub19
-6713814.018042021,6577291.377104352,105.00000000000003,8319.9638671875,7331.92375274624,11_sub19
-6713819.321342881,6577296.680405212,112.5,8319.9638671875,7331.92375274624,11_sub19
-6713824.624643739,6577301.98370607,120.0,8319.623046875,7331.92375274624,11_sub19
-6713829.927944599,6577307.2870069295,127.50000000000001,8319.623046875,7331.92375274624,11_sub19
-6713835.231245457,6577312.590307788,135.00000000000003,8319.623046875,7331.92375274624,11_sub19
-6713840.534546317,6577317.893608647,142.50000000000003,8319.623046875,7331.92375274624,11_sub19
-6713845.837847175,6577323.196909506,150.0,8319.623046875,7331.92375274624,11_sub19
-6713263.387741054,6577256.124842706,-150.0,8316.8076171875,7855.632592228114,11_sub19
-6713268.691041913,6577261.428143565,-142.5,8316.8076171875,7855.632592228114,11_sub19
-6713273.994342772,6577266.731444424,-135.0,8316.8076171875,7855.632592228114,11_sub19
-6713279.297643631,6577272.034745283,-127.5,8316.8076171875,7855.632592228114,11_sub19
-6713284.60094449,6577277.338046142,-120.0,8316.8076171875,7855.632592228114,11_sub19
-6713289.904245349,6577282.641347,-112.5,8316.8076171875,7855.632592228114,11_sub19
-6713295.207546208,6577287.94464786,-105.0,8316.8076171875,7855.632592228114,11_sub19
-6713300.5108470665,6577293.247948719,-97.49999999999999,8316.8076171875,7855.632592228114,11_sub19
-6713305.814147926,6577298.551249578,-90.0,8316.8076171875,7855.632592228114,11_sub19
-6713311.117448784,6577303.854550436,-82.5,8316.103515625,7855.632592228114,11_sub19
-6713316.420749644,6577309.157851296,-75.0,8316.103515625,7855.632592228114,11_sub19
-6713321.724050502,6577314.461152155,-67.5,8316.189453125,7855.632592228114,11_sub19
-6713327.027351361,6577319.764453013,-59.999999999999986,8316.189453125,7855.632592228114,11_sub19
-6713332.33065222,6577325.067753872,-52.5,8316.189453125,7855.632592228114,11_sub19
-6713337.633953079,6577330.371054731,-44.99999999999999,8316.189453125,7855.632592228114,11_sub19
-6713342.937253938,6577335.674355591,-37.5,8316.189453125,7855.632592228114,11_sub19
-6713348.2405547965,6577340.977656449,-29.999999999999993,8316.189453125,7855.632592228114,11_sub19
-6713353.543855656,6577346.280957308,-22.499999999999986,8316.189453125,7855.632592228114,11_sub19
-6713358.847156514,6577351.584258167,-14.999999999999996,8316.189453125,7855.632592228114,11_sub19
-6713364.150457374,6577356.8875590265,-7.49999999999999,8316.189453125,7855.632592228114,11_sub19
-6713369.453758232,6577362.190859885,0.0,8316.189453125,7855.632592228114,11_sub19
-6713374.757059091,6577367.494160743,7.500000000000007,8316.189453125,7855.632592228114,11_sub19
-6713380.06035995,6577372.797461603,15.000000000000014,8316.189453125,7855.632592228114,11_sub19
-6713385.363660809,6577378.100762462,22.50000000000002,8316.189453125,7855.632592228114,11_sub19
-6713390.666961668,6577383.404063321,30.00000000000003,8316.189453125,7855.632592228114,11_sub19
-6713395.970262527,6577388.707364179,37.5,8316.189453125,7855.632592228114,11_sub19
-6713401.273563386,6577394.010665039,45.00000000000001,8316.189453125,7855.632592228114,11_sub19
-6713406.576864244,6577399.313965898,52.500000000000014,8316.189453125,7855.632592228114,11_sub19
-6713411.880165104,6577404.6172667565,60.00000000000002,8316.189453125,7855.632592228114,11_sub19
-6713417.183465962,6577409.920567615,67.50000000000003,8316.189453125,7855.632592228114,11_sub19
-6713422.486766821,6577415.223868474,75.0,8316.2451171875,7855.632592228114,11_sub19
-6713427.79006768,6577420.527169334,82.5,8316.2451171875,7855.632592228114,11_sub19
-6713433.093368539,6577425.830470192,90.00000000000001,8324.6025390625,7855.632592228114,11_sub19
-6713438.396669398,6577431.133771051,97.50000000000001,8324.6025390625,7855.632592228114,11_sub19
-6713443.699970257,6577436.43707191,105.00000000000003,8324.6025390625,7855.632592228114,11_sub19
-6713449.003271116,6577441.74037277,112.5,8324.6025390625,7855.632592228114,11_sub19
-6713454.306571974,6577447.043673628,120.0,8324.6025390625,7855.632592228114,11_sub19
-6713459.609872834,6577452.3469744865,127.50000000000001,8324.6025390625,7855.632592228114,11_sub19
-6713464.913173692,6577457.650275346,135.00000000000003,8324.6025390625,7855.632592228114,11_sub19
-6713470.216474552,6577462.953576205,142.50000000000003,8324.6025390625,7855.632592228114,11_sub19
-6713475.51977541,6577468.256877064,150.0,8324.6025390625,7855.632592228114,11_sub19
-6713298.513388517,6577956.4323408045,-150.0,8321.873046875,8379.341431709989,11_sub19
-6713298.513388517,6577948.9323408045,-142.5,8321.873046875,8379.341431709989,11_sub19
-6713298.513388517,6577941.4323408045,-135.0,8321.873046875,8379.341431709989,11_sub19
-6713298.513388517,6577933.9323408045,-127.5,8321.873046875,8379.341431709989,11_sub19
-6713298.513388517,6577926.4323408045,-120.0,8321.873046875,8379.341431709989,11_sub19
-6713298.513388517,6577918.9323408045,-112.5,8321.873046875,8379.341431709989,11_sub19
-6713298.513388517,6577911.4323408045,-105.0,8321.873046875,8379.341431709989,11_sub19
-6713298.513388517,6577903.9323408045,-97.49999999999999,8321.873046875,8379.341431709989,11_sub19
-6713298.513388517,6577896.4323408045,-90.0,8321.873046875,8379.341431709989,11_sub19
-6713298.513388517,6577888.9323408045,-82.5,8321.873046875,8379.341431709989,11_sub19
-6713298.513388517,6577881.4323408045,-75.0,8321.873046875,8379.341431709989,11_sub19
-6713298.513388517,6577873.9323408045,-67.5,8321.873046875,8379.341431709989,11_sub19
-6713298.513388517,6577866.4323408045,-59.999999999999986,8321.873046875,8379.341431709989,11_sub19
-6713298.513388517,6577858.9323408045,-52.5,8312.53125,8379.341431709989,11_sub19
-6713298.513388517,6577851.4323408045,-44.99999999999999,8312.53125,8379.341431709989,11_sub19
-6713298.513388517,6577843.9323408045,-37.5,8312.53125,8379.341431709989,11_sub19
-6713298.513388517,6577836.4323408045,-29.999999999999993,8312.53125,8379.341431709989,11_sub19
-6713298.513388517,6577828.9323408045,-22.499999999999986,8312.53125,8379.341431709989,11_sub19
-6713298.513388517,6577821.4323408045,-14.999999999999996,8312.53125,8379.341431709989,11_sub19
-6713298.513388517,6577813.9323408045,-7.49999999999999,8312.53125,8379.341431709989,11_sub19
-6713298.513388517,6577806.4323408045,0.0,8312.53125,8379.341431709989,11_sub19
-6713298.513388517,6577798.9323408045,7.500000000000007,8312.53125,8379.341431709989,11_sub19
-6713298.513388517,6577791.4323408045,15.000000000000014,8312.53125,8379.341431709989,11_sub19
-6713298.513388517,6577783.9323408045,22.50000000000002,8312.53125,8379.341431709989,11_sub19
-6713298.513388517,6577776.4323408045,30.00000000000003,8312.53125,8379.341431709989,11_sub19
-6713298.513388517,6577768.9323408045,37.5,8312.53125,8379.341431709989,11_sub19
-6713298.513388517,6577761.4323408045,45.00000000000001,8312.53125,8379.341431709989,11_sub19
-6713298.513388517,6577753.9323408045,52.500000000000014,8312.53125,8379.341431709989,11_sub19
-6713298.513388517,6577746.4323408045,60.00000000000002,8313.3642578125,8379.341431709989,11_sub19
-6713298.513388517,6577738.9323408045,67.50000000000003,8313.3642578125,8379.341431709989,11_sub19
-6713298.513388517,6577731.4323408045,75.0,8313.3642578125,8379.341431709989,11_sub19
-6713298.513388517,6577723.9323408045,82.5,8313.3642578125,8379.341431709989,11_sub19
-6713298.513388517,6577716.4323408045,90.00000000000001,8313.3642578125,8379.341431709989,11_sub19
-6713298.513388517,6577708.9323408045,97.50000000000001,8313.3642578125,8379.341431709989,11_sub19
-6713298.513388517,6577701.4323408045,105.00000000000003,8313.3642578125,8379.341431709989,11_sub19
-6713298.513388517,6577693.9323408045,112.5,8313.3642578125,8379.341431709989,11_sub19
-6713298.513388517,6577686.4323408045,120.0,8313.3642578125,8379.341431709989,11_sub19
-6713298.513388517,6577678.9323408045,127.50000000000001,8313.3642578125,8379.341431709989,11_sub19
-6713298.513388517,6577671.4323408045,135.00000000000003,8313.3642578125,8379.341431709989,11_sub19
-6713298.513388517,6577663.9323408045,142.50000000000003,8313.3642578125,8379.341431709989,11_sub19
-6713298.513388517,6577656.4323408045,150.0,8313.3642578125,8379.341431709989,11_sub19
-6713450.9865899375,6578159.621121277,-150.0,8319.810546875,8903.050271191863,11_sub19
-6713458.4865899375,6578159.621121277,-142.5,8319.810546875,8903.050271191863,11_sub19
-6713465.9865899375,6578159.621121277,-135.0,8319.810546875,8903.050271191863,11_sub19
-6713473.4865899375,6578159.621121277,-127.5,8319.810546875,8903.050271191863,11_sub19
-6713480.9865899375,6578159.621121277,-120.0,8319.810546875,8903.050271191863,11_sub19
-6713488.4865899375,6578159.621121277,-112.5,8319.810546875,8903.050271191863,11_sub19
-6713495.9865899375,6578159.621121277,-105.0,8319.810546875,8903.050271191863,11_sub19
-6713503.4865899375,6578159.621121277,-97.49999999999999,8319.810546875,8903.050271191863,11_sub19
-6713510.9865899375,6578159.621121277,-90.0,8319.810546875,8903.050271191863,11_sub19
-6713518.4865899375,6578159.621121277,-82.5,8319.810546875,8903.050271191863,11_sub19
-6713525.9865899375,6578159.621121277,-75.0,8319.810546875,8903.050271191863,11_sub19
-6713533.4865899375,6578159.621121277,-67.5,8319.810546875,8903.050271191863,11_sub19
-6713540.9865899375,6578159.621121277,-59.999999999999986,8319.810546875,8903.050271191863,11_sub19
-6713548.4865899375,6578159.621121277,-52.5,8310.646484375,8903.050271191863,11_sub19
-6713555.9865899375,6578159.621121277,-44.99999999999999,8310.646484375,8903.050271191863,11_sub19
-6713563.4865899375,6578159.621121277,-37.5,8310.646484375,8903.050271191863,11_sub19
-6713570.9865899375,6578159.621121277,-29.999999999999993,8310.646484375,8903.050271191863,11_sub19
-6713578.4865899375,6578159.621121277,-22.499999999999986,8310.646484375,8903.050271191863,11_sub19
-6713585.9865899375,6578159.621121277,-14.999999999999996,8310.646484375,8903.050271191863,11_sub19
-6713593.4865899375,6578159.621121277,-7.49999999999999,8310.646484375,8903.050271191863,11_sub19
-6713600.9865899375,6578159.621121277,0.0,8310.646484375,8903.050271191863,11_sub19
-6713608.4865899375,6578159.621121277,7.500000000000007,8310.646484375,8903.050271191863,11_sub19
-6713615.9865899375,6578159.621121277,15.000000000000014,8310.646484375,8903.050271191863,11_sub19
-6713623.4865899375,6578159.621121277,22.50000000000002,8310.646484375,8903.050271191863,11_sub19
-6713630.9865899375,6578159.621121277,30.00000000000003,8310.646484375,8903.050271191863,11_sub19
-6713638.4865899375,6578159.621121277,37.5,8310.646484375,8903.050271191863,11_sub19
-6713645.9865899375,6578159.621121277,45.00000000000001,8310.646484375,8903.050271191863,11_sub19
-6713653.4865899375,6578159.621121277,52.500000000000014,8310.646484375,8903.050271191863,11_sub19
-6713660.9865899375,6578159.621121277,60.00000000000002,8311.1845703125,8903.050271191863,11_sub19
-6713668.4865899375,6578159.621121277,67.50000000000003,8311.1845703125,8903.050271191863,11_sub19
-6713675.9865899375,6578159.621121277,75.0,8311.1845703125,8903.050271191863,11_sub19
-6713683.4865899375,6578159.621121277,82.5,8311.1845703125,8903.050271191863,11_sub19
-6713690.9865899375,6578159.621121277,90.00000000000001,8311.1845703125,8903.050271191863,11_sub19
-6713698.4865899375,6578159.621121277,97.50000000000001,8311.1845703125,8903.050271191863,11_sub19
-6713705.9865899375,6578159.621121277,105.00000000000003,8311.1845703125,8903.050271191863,11_sub19
-6713713.4865899375,6578159.621121277,112.5,8311.1845703125,8903.050271191863,11_sub19
-6713720.9865899375,6578159.621121277,120.0,8311.1845703125,8903.050271191863,11_sub19
-6713728.4865899375,6578159.621121277,127.50000000000001,8311.1845703125,8903.050271191863,11_sub19
-6713735.9865899375,6578159.621121277,135.00000000000003,8311.1845703125,8903.050271191863,11_sub19
-6713743.4865899375,6578159.621121277,142.50000000000003,8311.1845703125,8903.050271191863,11_sub19
-6713750.9865899375,6578159.621121277,150.0,8311.1845703125,8903.050271191863,11_sub19
-6713563.615642042,6578636.67747986,-150.0,8315.96875,9426.759110673738,11_sub19
-6713571.115642042,6578636.67747986,-142.5,8315.96875,9426.759110673738,11_sub19
-6713578.615642042,6578636.67747986,-135.0,8315.96875,9426.759110673738,11_sub19
-6713586.115642042,6578636.67747986,-127.5,8315.96875,9426.759110673738,11_sub19
-6713593.615642042,6578636.67747986,-120.0,8315.96875,9426.759110673738,11_sub19
-6713601.115642042,6578636.67747986,-112.5,8315.96875,9426.759110673738,11_sub19
-6713608.615642042,6578636.67747986,-105.0,8315.96875,9426.759110673738,11_sub19
-6713616.115642042,6578636.67747986,-97.49999999999999,8315.96875,9426.759110673738,11_sub19
-6713623.615642042,6578636.67747986,-90.0,8315.96875,9426.759110673738,11_sub19
-6713631.115642042,6578636.67747986,-82.5,8315.96875,9426.759110673738,11_sub19
-6713638.615642042,6578636.67747986,-75.0,8315.96875,9426.759110673738,11_sub19
-6713646.115642042,6578636.67747986,-67.5,8315.96875,9426.759110673738,11_sub19
-6713653.615642042,6578636.67747986,-59.999999999999986,8315.96875,9426.759110673738,11_sub19
-6713661.115642042,6578636.67747986,-52.5,8308.71875,9426.759110673738,11_sub19
-6713668.615642042,6578636.67747986,-44.99999999999999,8308.71875,9426.759110673738,11_sub19
-6713676.115642042,6578636.67747986,-37.5,8308.71875,9426.759110673738,11_sub19
-6713683.615642042,6578636.67747986,-29.999999999999993,8308.71875,9426.759110673738,11_sub19
-6713691.115642042,6578636.67747986,-22.499999999999986,8308.71875,9426.759110673738,11_sub19
-6713698.615642042,6578636.67747986,-14.999999999999996,8308.71875,9426.759110673738,11_sub19
-6713706.115642042,6578636.67747986,-7.49999999999999,8308.71875,9426.759110673738,11_sub19
-6713713.615642042,6578636.67747986,0.0,8308.71875,9426.759110673738,11_sub19
-6713721.115642042,6578636.67747986,7.500000000000007,8308.71875,9426.759110673738,11_sub19
-6713728.615642042,6578636.67747986,15.000000000000014,8308.71875,9426.759110673738,11_sub19
-6713736.115642042,6578636.67747986,22.50000000000002,8308.71875,9426.759110673738,11_sub19
-6713743.615642042,6578636.67747986,30.00000000000003,8308.71875,9426.759110673738,11_sub19
-6713751.115642042,6578636.67747986,37.5,8308.71875,9426.759110673738,11_sub19
-6713758.615642042,6578636.67747986,45.00000000000001,8308.71875,9426.759110673738,11_sub19
-6713766.115642042,6578636.67747986,52.500000000000014,8308.71875,9426.759110673738,11_sub19
-6713773.615642042,6578636.67747986,60.00000000000002,8308.9443359375,9426.759110673738,11_sub19
-6713781.115642042,6578636.67747986,67.50000000000003,8308.9443359375,9426.759110673738,11_sub19
-6713788.615642042,6578636.67747986,75.0,8308.9443359375,9426.759110673738,11_sub19
-6713796.115642042,6578636.67747986,82.5,8308.9443359375,9426.759110673738,11_sub19
-6713803.615642042,6578636.67747986,90.00000000000001,8308.9443359375,9426.759110673738,11_sub19
-6713811.115642042,6578636.67747986,97.50000000000001,8308.9443359375,9426.759110673738,11_sub19
-6713818.615642042,6578636.67747986,105.00000000000003,8308.9443359375,9426.759110673738,11_sub19
-6713826.115642042,6578636.67747986,112.5,8308.9443359375,9426.759110673738,11_sub19
-6713833.615642042,6578636.67747986,120.0,8308.9443359375,9426.759110673738,11_sub19
-6713841.115642042,6578636.67747986,127.50000000000001,8308.9443359375,9426.759110673738,11_sub19
-6713848.615642042,6578636.67747986,135.00000000000003,8308.9443359375,9426.759110673738,11_sub19
-6713856.115642042,6578636.67747986,142.50000000000003,8308.9443359375,9426.759110673738,11_sub19
-6713863.615642042,6578636.67747986,150.0,8308.9443359375,9426.759110673738,11_sub19
-6713848.172765988,6578941.524863836,-150.0,8307.74609375,9950.467950155611,11_sub19
-6713853.476066846,6578936.221562978,-142.5,8307.74609375,9950.467950155611,11_sub19
-6713858.779367706,6578930.9182621185,-135.0,8307.74609375,9950.467950155611,11_sub19
-6713864.082668564,6578925.61496126,-127.5,8307.74609375,9950.467950155611,11_sub19
-6713869.385969424,6578920.311660401,-120.0,8307.74609375,9950.467950155611,11_sub19
-6713874.689270282,6578915.008359542,-112.5,8307.74609375,9950.467950155611,11_sub19
-6713879.992571142,6578909.705058683,-105.0,8307.74609375,9950.467950155611,11_sub19
-6713885.295872,6578904.401757824,-97.49999999999999,8306.125,9950.467950155611,11_sub19
-6713890.599172859,6578899.098456965,-90.0,8306.125,9950.467950155611,11_sub19
-6713895.902473718,6578893.795156106,-82.5,8306.125,9950.467950155611,11_sub19
-6713901.205774577,6578888.491855247,-75.0,8306.125,9950.467950155611,11_sub19
-6713906.509075436,6578883.1885543885,-67.5,8306.125,9950.467950155611,11_sub19
-6713911.812376294,6578877.88525353,-59.999999999999986,8306.125,9950.467950155611,11_sub19
-6713917.115677154,6578872.581952671,-52.5,8304.5830078125,9950.467950155611,11_sub19
-6713922.418978012,6578867.278651812,-44.99999999999999,8304.5830078125,9950.467950155611,11_sub19
-6713927.722278872,6578861.975350953,-37.5,8304.5830078125,9950.467950155611,11_sub19
-6713933.02557973,6578856.672050094,-29.999999999999993,8304.5830078125,9950.467950155611,11_sub19
-6713938.328880589,6578851.368749235,-22.499999999999986,8304.5830078125,9950.467950155611,11_sub19
-6713943.632181448,6578846.065448376,-14.999999999999996,8304.5830078125,9950.467950155611,11_sub19
-6713948.935482307,6578840.762147517,-7.49999999999999,8304.5830078125,9950.467950155611,11_sub19
-6713954.238783166,6578835.4588466585,0.0,8304.5830078125,9950.467950155611,11_sub19
-6713959.542084024,6578830.1555458,7.500000000000007,8304.5830078125,9950.467950155611,11_sub19
-6713964.845384884,6578824.852244941,15.000000000000014,8304.5830078125,9950.467950155611,11_sub19
-6713970.148685742,6578819.548944082,22.50000000000002,8304.5830078125,9950.467950155611,11_sub19
-6713975.451986602,6578814.245643223,30.00000000000003,8304.5830078125,9950.467950155611,11_sub19
-6713980.75528746,6578808.942342364,37.5,8304.5830078125,9950.467950155611,11_sub19
-6713986.058588319,6578803.639041505,45.00000000000001,8304.5830078125,9950.467950155611,11_sub19
-6713991.361889178,6578798.335740646,52.500000000000014,8304.5830078125,9950.467950155611,11_sub19
-6713996.665190037,6578793.032439787,60.00000000000002,8305.255859375,9950.467950155611,11_sub19
-6714001.968490896,6578787.729138928,67.50000000000003,8305.255859375,9950.467950155611,11_sub19
-6714007.271791754,6578782.42583807,75.0,8305.255859375,9950.467950155611,11_sub19
-6714012.575092614,6578777.122537211,82.5,8305.255859375,9950.467950155611,11_sub19
-6714017.878393472,6578771.819236352,90.00000000000001,8305.255859375,9950.467950155611,11_sub19
-6714023.181694332,6578766.515935493,97.50000000000001,8305.255859375,9950.467950155611,11_sub19
-6714028.48499519,6578761.212634634,105.00000000000003,8314.7138671875,9950.467950155611,11_sub19
-6714033.788296049,6578755.909333775,112.5,8314.7138671875,9950.467950155611,11_sub19
-6714039.091596908,6578750.606032916,120.0,8314.7138671875,9950.467950155611,11_sub19
-6714044.394897767,6578745.302732057,127.50000000000001,8314.7138671875,9950.467950155611,11_sub19
-6714049.698198626,6578739.999431198,135.00000000000003,8314.7138671875,9950.467950155611,11_sub19
-6714055.001499485,6578734.696130339,142.50000000000003,8314.7138671875,9950.467950155611,11_sub19
-6714060.304800344,6578729.392829481,150.0,8314.7138671875,9950.467950155611,11_sub19
-6714463.6111577125,6579070.633693159,-150.0,8291.5146484375,10474.176789637486,11_sub19
-6714458.307856854,6579065.3303923,-142.5,8291.5146484375,10474.176789637486,11_sub19
-6714453.004555995,6579060.027091441,-135.0,8291.5146484375,10474.176789637486,11_sub19
-6714447.701255136,6579054.723790582,-127.5,8291.5146484375,10474.176789637486,11_sub19
-6714442.397954277,6579049.420489723,-120.0,8296.560546875,10474.176789637486,11_sub19
-6714437.094653418,6579044.117188864,-112.5,8296.560546875,10474.176789637486,11_sub19
-6714431.791352559,6579038.813888005,-105.0,8296.560546875,10474.176789637486,11_sub19
-6714426.4880517,6579033.5105871465,-97.49999999999999,8296.560546875,10474.176789637486,11_sub19
-6714421.184750841,6579028.207286287,-90.0,8296.560546875,10474.176789637486,11_sub19
-6714415.8814499825,6579022.903985429,-82.5,8296.560546875,10474.176789637486,11_sub19
-6714410.578149123,6579017.60068457,-75.0,8296.560546875,10474.176789637486,11_sub19
-6714405.274848265,6579012.297383711,-67.5,8296.560546875,10474.176789637486,11_sub19
-6714399.971547406,6579006.994082852,-59.999999999999986,8296.560546875,10474.176789637486,11_sub19
-6714394.668246547,6579001.690781993,-52.5,8296.560546875,10474.176789637486,11_sub19
-6714389.364945688,6578996.387481134,-44.99999999999999,8296.560546875,10474.176789637486,11_sub19
-6714384.061644829,6578991.084180275,-37.5,8296.560546875,10474.176789637486,11_sub19
-6714378.75834397,6578985.7808794165,-29.999999999999993,8295.4599609375,10474.176789637486,11_sub19
-6714373.455043111,6578980.477578557,-22.499999999999986,8295.4599609375,10474.176789637486,11_sub19
-6714368.1517422525,6578975.174277699,-14.999999999999996,8295.4599609375,10474.176789637486,11_sub19
-6714362.848441393,6578969.870976839,-7.49999999999999,8295.4599609375,10474.176789637486,11_sub19
-6714357.545140535,6578964.567675981,0.0,8295.4599609375,10474.176789637486,11_sub19
-6714352.241839676,6578959.264375122,7.500000000000007,8295.4599609375,10474.176789637486,11_sub19
-6714346.938538817,6578953.961074263,15.000000000000014,8295.4599609375,10474.176789637486,11_sub19
-6714341.635237958,6578948.657773404,22.50000000000002,8295.4599609375,10474.176789637486,11_sub19
-6714336.331937099,6578943.354472545,30.00000000000003,8295.4599609375,10474.176789637486,11_sub19
-6714331.02863624,6578938.0511716865,37.5,8296.322265625,10474.176789637486,11_sub19
-6714325.725335381,6578932.747870827,45.00000000000001,8296.322265625,10474.176789637486,11_sub19
-6714320.4220345225,6578927.444569969,52.500000000000014,8296.322265625,10474.176789637486,11_sub19
-6714315.118733663,6578922.141269109,60.00000000000002,8296.322265625,10474.176789637486,11_sub19
-6714309.815432805,6578916.837968251,67.50000000000003,8296.322265625,10474.176789637486,11_sub19
-6714304.512131946,6578911.534667391,75.0,8296.322265625,10474.176789637486,11_sub19
-6714299.208831087,6578906.231366533,82.5,8296.322265625,10474.176789637486,11_sub19
-6714293.905530228,6578900.928065674,90.00000000000001,8296.322265625,10474.176789637486,11_sub19
-6714288.602229369,6578895.624764815,97.50000000000001,8296.322265625,10474.176789637486,11_sub19
-6714283.29892851,6578890.3214639565,105.00000000000003,8296.322265625,10474.176789637486,11_sub19
-6714277.995627651,6578885.018163097,112.5,8296.322265625,10474.176789637486,11_sub19
-6714272.6923267925,6578879.714862239,120.0,8296.322265625,10474.176789637486,11_sub19
-6714267.389025933,6578874.411561379,127.50000000000001,8301.7587890625,10474.176789637486,11_sub19
-6714262.085725075,6578869.108260521,135.00000000000003,8301.7587890625,10474.176789637486,11_sub19
-6714256.782424215,6578863.804959661,142.50000000000003,8301.7587890625,10474.176789637486,11_sub19
-6714251.479123357,6578858.501658803,150.0,8301.7587890625,10474.176789637486,11_sub19
-6714577.277110981,6579271.438890594,-150.0,8284.30078125,10997.88562911936,11_sub19
-6714584.777110981,6579271.438890594,-142.5,8284.30078125,10997.88562911936,11_sub19
-6714592.277110981,6579271.438890594,-135.0,8284.30078125,10997.88562911936,11_sub19
-6714599.777110981,6579271.438890594,-127.5,8284.30078125,10997.88562911936,11_sub19
-6714607.277110981,6579271.438890594,-120.0,8284.30078125,10997.88562911936,11_sub19
-6714614.777110981,6579271.438890594,-112.5,8284.30078125,10997.88562911936,11_sub19
-6714622.277110981,6579271.438890594,-105.0,8284.30078125,10997.88562911936,11_sub19
-6714629.777110981,6579271.438890594,-97.49999999999999,8284.30078125,10997.88562911936,11_sub19
-6714637.277110981,6579271.438890594,-90.0,8284.30078125,10997.88562911936,11_sub19
-6714644.777110981,6579271.438890594,-82.5,8284.30078125,10997.88562911936,11_sub19
-6714652.277110981,6579271.438890594,-75.0,8284.30078125,10997.88562911936,11_sub19
-6714659.777110981,6579271.438890594,-67.5,8284.30078125,10997.88562911936,11_sub19
-6714667.277110981,6579271.438890594,-59.999999999999986,8284.30078125,10997.88562911936,11_sub19
-6714674.777110981,6579271.438890594,-52.5,8283.20703125,10997.88562911936,11_sub19
-6714682.277110981,6579271.438890594,-44.99999999999999,8283.20703125,10997.88562911936,11_sub19
-6714689.777110981,6579271.438890594,-37.5,8283.20703125,10997.88562911936,11_sub19
-6714697.277110981,6579271.438890594,-29.999999999999993,8283.20703125,10997.88562911936,11_sub19
-6714704.777110981,6579271.438890594,-22.499999999999986,8283.20703125,10997.88562911936,11_sub19
-6714712.277110981,6579271.438890594,-14.999999999999996,8283.20703125,10997.88562911936,11_sub19
-6714719.777110981,6579271.438890594,-7.49999999999999,8283.20703125,10997.88562911936,11_sub19
-6714727.277110981,6579271.438890594,0.0,8283.20703125,10997.88562911936,11_sub19
-6714734.777110981,6579271.438890594,7.500000000000007,8283.20703125,10997.88562911936,11_sub19
-6714742.277110981,6579271.438890594,15.000000000000014,8283.20703125,10997.88562911936,11_sub19
-6714749.777110981,6579271.438890594,22.50000000000002,8283.20703125,10997.88562911936,11_sub19
-6714757.277110981,6579271.438890594,30.00000000000003,8283.20703125,10997.88562911936,11_sub19
-6714764.777110981,6579271.438890594,37.5,8283.20703125,10997.88562911936,11_sub19
-6714772.277110981,6579271.438890594,45.00000000000001,8283.20703125,10997.88562911936,11_sub19
-6714779.777110981,6579271.438890594,52.500000000000014,8283.20703125,10997.88562911936,11_sub19
-6714787.277110981,6579271.438890594,60.00000000000002,8301.74609375,10997.88562911936,11_sub19
-6714794.777110981,6579271.438890594,67.50000000000003,8301.74609375,10997.88562911936,11_sub19
-6714802.277110981,6579271.438890594,75.0,8301.74609375,10997.88562911936,11_sub19
-6714809.777110981,6579271.438890594,82.5,8301.74609375,10997.88562911936,11_sub19
-6714817.277110981,6579271.438890594,90.00000000000001,8301.74609375,10997.88562911936,11_sub19
-6714824.777110981,6579271.438890594,97.50000000000001,8301.74609375,10997.88562911936,11_sub19
-6714832.277110981,6579271.438890594,105.00000000000003,8301.74609375,10997.88562911936,11_sub19
-6714839.777110981,6579271.438890594,112.5,8301.74609375,10997.88562911936,11_sub19
-6714847.277110981,6579271.438890594,120.0,8301.74609375,10997.88562911936,11_sub19
-6714854.777110981,6579271.438890594,127.50000000000001,8301.74609375,10997.88562911936,11_sub19
-6714862.277110981,6579271.438890594,135.00000000000003,8301.74609375,10997.88562911936,11_sub19
-6714869.777110981,6579271.438890594,142.50000000000003,8301.74609375,10997.88562911936,11_sub19
-6714877.277110981,6579271.438890594,150.0,8301.74609375,10997.88562911936,11_sub19
-6714568.869986725,6579667.401316477,-150.0,8285.2294921875,11521.594468601234,11_sub19
-6714574.1732875835,6579672.704617335,-142.5,8285.2294921875,11521.594468601234,11_sub19
-6714579.476588443,6579678.007918195,-135.0,8285.2294921875,11521.594468601234,11_sub19
-6714584.779889301,6579683.311219053,-127.5,8285.2294921875,11521.594468601234,11_sub19
-6714590.083190161,6579688.614519913,-120.0,8285.2294921875,11521.594468601234,11_sub19
-6714595.386491019,6579693.917820771,-112.5,8285.2294921875,11521.594468601234,11_sub19
-6714600.689791879,6579699.221121631,-105.0,8285.2294921875,11521.594468601234,11_sub19
-6714605.993092737,6579704.524422489,-97.49999999999999,8285.2294921875,11521.594468601234,11_sub19
-6714611.296393597,6579709.8277233485,-90.0,8285.2294921875,11521.594468601234,11_sub19
-6714616.599694455,6579715.131024207,-82.5,8285.2294921875,11521.594468601234,11_sub19
-6714621.902995314,6579720.434325065,-75.0,8285.2294921875,11521.594468601234,11_sub19
-6714627.206296173,6579725.737625925,-67.5,8285.2294921875,11521.594468601234,11_sub19
-6714632.509597031,6579731.040926783,-59.999999999999986,8285.2294921875,11521.594468601234,11_sub19
-6714637.812897891,6579736.344227643,-52.5,8285.2294921875,11521.594468601234,11_sub19
-6714643.116198749,6579741.647528501,-44.99999999999999,8285.2294921875,11521.594468601234,11_sub19
-6714648.419499609,6579746.950829361,-37.5,8285.2294921875,11521.594468601234,11_sub19
-6714653.722800467,6579752.254130219,-29.999999999999993,8285.2294921875,11521.594468601234,11_sub19
-6714659.026101327,6579757.5574310785,-22.499999999999986,8285.2294921875,11521.594468601234,11_sub19
-6714664.329402185,6579762.860731937,-14.999999999999996,8285.2294921875,11521.594468601234,11_sub19
-6714669.632703044,6579768.164032796,-7.49999999999999,8285.2294921875,11521.594468601234,11_sub19
-6714674.936003903,6579773.467333655,0.0,8270.541015625,11521.594468601234,11_sub19
-6714680.239304761,6579778.770634513,7.500000000000007,8272.958984375,11521.594468601234,11_sub19
-6714685.542605621,6579784.073935373,15.000000000000014,8272.958984375,11521.594468601234,11_sub19
-6714690.845906479,6579789.377236231,22.50000000000002,8272.958984375,11521.594468601234,11_sub19
-6714696.149207339,6579794.680537091,30.00000000000003,8272.958984375,11521.594468601234,11_sub19
-6714701.452508197,6579799.983837949,37.5,8272.958984375,11521.594468601234,11_sub19
-6714706.755809057,6579805.2871388085,45.00000000000001,8272.958984375,11521.594468601234,11_sub19
-6714712.059109915,6579810.590439667,52.500000000000014,8272.958984375,11521.594468601234,11_sub19
-6714717.362410774,6579815.893740526,60.00000000000002,8272.958984375,11521.594468601234,11_sub19
-6714722.665711633,6579821.197041385,67.50000000000003,8272.958984375,11521.594468601234,11_sub19
-6714727.969012491,6579826.500342244,75.0,8272.958984375,11521.594468601234,11_sub19
-6714733.272313351,6579831.803643103,82.5,8272.958984375,11521.594468601234,11_sub19
-6714738.575614209,6579837.106943961,90.00000000000001,8272.958984375,11521.594468601234,11_sub19
-6714743.878915069,6579842.410244821,97.50000000000001,8272.958984375,11521.594468601234,11_sub19
-6714749.182215927,6579847.713545679,105.00000000000003,8272.958984375,11521.594468601234,11_sub19
-6714754.485516787,6579853.0168465385,112.5,8272.958984375,11521.594468601234,11_sub19
-6714759.788817645,6579858.320147397,120.0,8272.958984375,11521.594468601234,11_sub19
-6714765.092118504,6579863.623448256,127.50000000000001,8272.958984375,11521.594468601234,11_sub19
-6714770.395419363,6579868.926749115,135.00000000000003,8272.958984375,11521.594468601234,11_sub19
-6714775.698720222,6579874.230049974,142.50000000000003,8272.958984375,11521.594468601234,11_sub19
-6714781.002021081,6579879.533350833,150.0,8272.958984375,11521.594468601234,11_sub19
-6714577.277110981,6580225.551607761,-150.0,8254.4921875,12045.303308083108,11_sub19
-6714584.777110981,6580225.551607761,-142.5,8254.4921875,12045.303308083108,11_sub19
-6714592.277110981,6580225.551607761,-135.0,8254.4921875,12045.303308083108,11_sub19
-6714599.777110981,6580225.551607761,-127.5,8254.4921875,12045.303308083108,11_sub19
-6714607.277110981,6580225.551607761,-120.0,8254.4921875,12045.303308083108,11_sub19
-6714614.777110981,6580225.551607761,-112.5,8254.4921875,12045.303308083108,11_sub19
-6714622.277110981,6580225.551607761,-105.0,8254.4921875,12045.303308083108,11_sub19
-6714629.777110981,6580225.551607761,-97.49999999999999,8254.4921875,12045.303308083108,11_sub19
-6714637.277110981,6580225.551607761,-90.0,8254.4921875,12045.303308083108,11_sub19
-6714644.777110981,6580225.551607761,-82.5,8254.4921875,12045.303308083108,11_sub19
-6714652.277110981,6580225.551607761,-75.0,8254.4921875,12045.303308083108,11_sub19
-6714659.777110981,6580225.551607761,-67.5,8254.4921875,12045.303308083108,11_sub19
-6714667.277110981,6580225.551607761,-59.999999999999986,8254.4921875,12045.303308083108,11_sub19
-6714674.777110981,6580225.551607761,-52.5,8247.41796875,12045.303308083108,11_sub19
-6714682.277110981,6580225.551607761,-44.99999999999999,8247.41796875,12045.303308083108,11_sub19
-6714689.777110981,6580225.551607761,-37.5,8247.41796875,12045.303308083108,11_sub19
-6714697.277110981,6580225.551607761,-29.999999999999993,8247.41796875,12045.303308083108,11_sub19
-6714704.777110981,6580225.551607761,-22.499999999999986,8247.41796875,12045.303308083108,11_sub19
-6714712.277110981,6580225.551607761,-14.999999999999996,8247.41796875,12045.303308083108,11_sub19
-6714719.777110981,6580225.551607761,-7.49999999999999,8247.41796875,12045.303308083108,11_sub19
-6714727.277110981,6580225.551607761,0.0,8247.41796875,12045.303308083108,11_sub19
-6714734.777110981,6580225.551607761,7.500000000000007,8247.41796875,12045.303308083108,11_sub19
-6714742.277110981,6580225.551607761,15.000000000000014,8247.41796875,12045.303308083108,11_sub19
-6714749.777110981,6580225.551607761,22.50000000000002,8247.41796875,12045.303308083108,11_sub19
-6714757.277110981,6580225.551607761,30.00000000000003,8247.41796875,12045.303308083108,11_sub19
-6714764.777110981,6580225.551607761,37.5,8247.41796875,12045.303308083108,11_sub19
-6714772.277110981,6580225.551607761,45.00000000000001,8247.41796875,12045.303308083108,11_sub19
-6714779.777110981,6580225.551607761,52.500000000000014,8247.41796875,12045.303308083108,11_sub19
-6714787.277110981,6580225.551607761,60.00000000000002,8271.6962890625,12045.303308083108,11_sub19
-6714794.777110981,6580225.551607761,67.50000000000003,8271.6962890625,12045.303308083108,11_sub19
-6714802.277110981,6580225.551607761,75.0,8271.6962890625,12045.303308083108,11_sub19
-6714809.777110981,6580225.551607761,82.5,8271.6962890625,12045.303308083108,11_sub19
-6714817.277110981,6580225.551607761,90.00000000000001,8271.6962890625,12045.303308083108,11_sub19
-6714824.777110981,6580225.551607761,97.50000000000001,8271.6962890625,12045.303308083108,11_sub19
-6714832.277110981,6580225.551607761,105.00000000000003,8271.6962890625,12045.303308083108,11_sub19
-6714839.777110981,6580225.551607761,112.5,8271.6962890625,12045.303308083108,11_sub19
-6714847.277110981,6580225.551607761,120.0,8271.6962890625,12045.303308083108,11_sub19
-6714854.777110981,6580225.551607761,127.50000000000001,8271.6962890625,12045.303308083108,11_sub19
-6714862.277110981,6580225.551607761,135.00000000000003,8271.6962890625,12045.303308083108,11_sub19
-6714869.777110981,6580225.551607761,142.50000000000003,8271.6962890625,12045.303308083108,11_sub19
-6714877.277110981,6580225.551607761,150.0,8271.6962890625,12045.303308083108,11_sub19
-6714517.672351117,6580507.002316815,-150.0,8246.046875,12569.012147564983,11_sub19
-6714522.975651976,6580512.305617673,-142.5,8246.046875,12569.012147564983,11_sub19
-6714528.278952835,6580517.608918533,-135.0,8246.046875,12569.012147564983,11_sub19
-6714533.582253694,6580522.912219391,-127.5,8246.046875,12569.012147564983,11_sub19
-6714538.885554553,6580528.215520251,-120.0,8246.046875,12569.012147564983,11_sub19
-6714544.1888554115,6580533.518821109,-112.5,8246.046875,12569.012147564983,11_sub19
-6714549.492156271,6580538.8221219685,-105.0,8246.046875,12569.012147564983,11_sub19
-6714554.795457129,6580544.125422827,-97.49999999999999,8246.046875,12569.012147564983,11_sub19
-6714560.098757989,6580549.428723686,-90.0,8242.36328125,12569.012147564983,11_sub19
-6714565.402058847,6580554.732024545,-82.5,8242.36328125,12569.012147564983,11_sub19
-6714570.705359707,6580560.035325404,-75.0,8242.36328125,12569.012147564983,11_sub19
-6714576.008660565,6580565.338626263,-67.5,8242.36328125,12569.012147564983,11_sub19
-6714581.311961424,6580570.641927121,-59.999999999999986,8225.5009765625,12569.012147564983,11_sub19
-6714586.615262283,6580575.945227981,-52.5,8225.5009765625,12569.012147564983,11_sub19
-6714591.9185631415,6580581.248528839,-44.99999999999999,8225.5009765625,12569.012147564983,11_sub19
-6714597.221864001,6580586.5518296985,-37.5,8225.5009765625,12569.012147564983,11_sub19
-6714602.525164859,6580591.855130557,-29.999999999999993,8225.5009765625,12569.012147564983,11_sub19
-6714607.828465719,6580597.158431416,-22.499999999999986,8225.5009765625,12569.012147564983,11_sub19
-6714613.131766577,6580602.461732275,-14.999999999999996,8225.5009765625,12569.012147564983,11_sub19
-6714618.435067437,6580607.765033134,-7.49999999999999,8225.5009765625,12569.012147564983,11_sub19
-6714623.738368295,6580613.068333993,0.0,8225.5009765625,12569.012147564983,11_sub19
-6714629.041669154,6580618.371634851,7.500000000000007,8225.5009765625,12569.012147564983,11_sub19
-6714634.344970013,6580623.674935711,15.000000000000014,8225.5009765625,12569.012147564983,11_sub19
-6714639.6482708715,6580628.978236569,22.50000000000002,8225.5009765625,12569.012147564983,11_sub19
-6714644.951571731,6580634.2815374285,30.00000000000003,8225.5009765625,12569.012147564983,11_sub19
-6714650.254872589,6580639.584838287,37.5,8225.5009765625,12569.012147564983,11_sub19
-6714655.558173449,6580644.888139146,45.00000000000001,8225.5009765625,12569.012147564983,11_sub19
-6714660.861474307,6580650.191440005,52.500000000000014,8225.5009765625,12569.012147564983,11_sub19
-6714666.164775167,6580655.494740864,60.00000000000002,8225.5009765625,12569.012147564983,11_sub19
-6714671.468076025,6580660.798041723,67.50000000000003,8232.0634765625,12569.012147564983,11_sub19
-6714676.771376884,6580666.101342581,75.0,8232.0634765625,12569.012147564983,11_sub19
-6714682.074677743,6580671.404643441,82.5,8232.0634765625,12569.012147564983,11_sub19
-6714687.3779786015,6580676.707944299,90.00000000000001,8232.0634765625,12569.012147564983,11_sub19
-6714692.681279461,6580682.0112451585,97.50000000000001,8222.6845703125,12569.012147564983,11_sub19
-6714697.984580319,6580687.314546017,105.00000000000003,8222.6845703125,12569.012147564983,11_sub19
-6714703.287881179,6580692.617846876,112.5,8222.6845703125,12569.012147564983,11_sub19
-6714708.591182037,6580697.921147735,120.0,8222.6845703125,12569.012147564983,11_sub19
-6714713.894482897,6580703.224448594,127.50000000000001,8222.6845703125,12569.012147564983,11_sub19
-6714719.197783755,6580708.527749453,135.00000000000003,8222.6845703125,12569.012147564983,11_sub19
-6714724.501084615,6580713.831050312,142.50000000000003,8222.6845703125,12569.012147564983,11_sub19
-6714729.804385473,6580719.134351171,150.0,8222.6845703125,12569.012147564983,11_sub19
-6714352.019006772,6581020.382791922,-150.0,8216.5439453125,13092.720987046858,11_sub19
-6714359.519006772,6581020.382791922,-142.5,8216.5439453125,13092.720987046858,11_sub19
-6714367.019006772,6581020.382791922,-135.0,8216.5439453125,13092.720987046858,11_sub19
-6714374.519006772,6581020.382791922,-127.5,8216.5439453125,13092.720987046858,11_sub19
-6714382.019006772,6581020.382791922,-120.0,8216.5439453125,13092.720987046858,11_sub19
-6714389.519006772,6581020.382791922,-112.5,8216.5439453125,13092.720987046858,11_sub19
-6714397.019006772,6581020.382791922,-105.0,8216.5439453125,13092.720987046858,11_sub19
-6714404.519006772,6581020.382791922,-97.49999999999999,8216.5439453125,13092.720987046858,11_sub19
-6714412.019006772,6581020.382791922,-90.0,8216.5439453125,13092.720987046858,11_sub19
-6714419.519006772,6581020.382791922,-82.5,8216.5439453125,13092.720987046858,11_sub19
-6714427.019006772,6581020.382791922,-75.0,8216.5439453125,13092.720987046858,11_sub19
-6714434.519006772,6581020.382791922,-67.5,8216.5439453125,13092.720987046858,11_sub19
-6714442.019006772,6581020.382791922,-59.999999999999986,8216.5439453125,13092.720987046858,11_sub19
-6714449.519006772,6581020.382791922,-52.5,8212.4404296875,13092.720987046858,11_sub19
-6714457.019006772,6581020.382791922,-44.99999999999999,8212.4404296875,13092.720987046858,11_sub19
-6714464.519006772,6581020.382791922,-37.5,8212.4404296875,13092.720987046858,11_sub19
-6714472.019006772,6581020.382791922,-29.999999999999993,8212.4404296875,13092.720987046858,11_sub19
-6714479.519006772,6581020.382791922,-22.499999999999986,8212.4404296875,13092.720987046858,11_sub19
-6714487.019006772,6581020.382791922,-14.999999999999996,8212.4404296875,13092.720987046858,11_sub19
-6714494.519006772,6581020.382791922,-7.49999999999999,8212.4404296875,13092.720987046858,11_sub19
-6714502.019006772,6581020.382791922,0.0,8212.4404296875,13092.720987046858,11_sub19
-6714509.519006772,6581020.382791922,7.500000000000007,8212.4404296875,13092.720987046858,11_sub19
-6714517.019006772,6581020.382791922,15.000000000000014,8212.4404296875,13092.720987046858,11_sub19
-6714524.519006772,6581020.382791922,22.50000000000002,8212.4404296875,13092.720987046858,11_sub19
-6714532.019006772,6581020.382791922,30.00000000000003,8212.4404296875,13092.720987046858,11_sub19
-6714539.519006772,6581020.382791922,37.5,8212.4404296875,13092.720987046858,11_sub19
-6714547.019006772,6581020.382791922,45.00000000000001,8212.4404296875,13092.720987046858,11_sub19
-6714554.519006772,6581020.382791922,52.500000000000014,8212.4404296875,13092.720987046858,11_sub19
-6714562.019006772,6581020.382791922,60.00000000000002,8220.9208984375,13092.720987046858,11_sub19
-6714569.519006772,6581020.382791922,67.50000000000003,8220.9208984375,13092.720987046858,11_sub19
-6714577.019006772,6581020.382791922,75.0,8220.9208984375,13092.720987046858,11_sub19
-6714584.519006772,6581020.382791922,82.5,8220.9208984375,13092.720987046858,11_sub19
-6714592.019006772,6581020.382791922,90.00000000000001,8220.9208984375,13092.720987046858,11_sub19
-6714599.519006772,6581020.382791922,97.50000000000001,8220.9208984375,13092.720987046858,11_sub19
-6714607.019006772,6581020.382791922,105.00000000000003,8220.9208984375,13092.720987046858,11_sub19
-6714614.519006772,6581020.382791922,112.5,8220.9208984375,13092.720987046858,11_sub19
-6714622.019006772,6581020.382791922,120.0,8220.9208984375,13092.720987046858,11_sub19
-6714629.519006772,6581020.382791922,127.50000000000001,8220.9208984375,13092.720987046858,11_sub19
-6714637.019006772,6581020.382791922,135.00000000000003,8220.9208984375,13092.720987046858,11_sub19
-6714644.519006772,6581020.382791922,142.50000000000003,8220.9208984375,13092.720987046858,11_sub19
-6714652.019006772,6581020.382791922,150.0,8220.9208984375,13092.720987046858,11_sub19
-6714199.138016278,6581545.071156213,-150.0,8206.5673828125,13616.429826528733,11_sub19
-6714204.441317137,6581539.767855355,-142.5,8206.5673828125,13616.429826528733,11_sub19
-6714209.744617996,6581534.464554495,-135.0,8206.5673828125,13616.429826528733,11_sub19
-6714215.047918854,6581529.161253637,-127.5,8206.5673828125,13616.429826528733,11_sub19
-6714220.351219714,6581523.857952777,-120.0,8206.5673828125,13616.429826528733,11_sub19
-6714225.654520573,6581518.554651919,-112.5,8181.111328125,13616.429826528733,11_sub19
-6714230.957821432,6581513.251351059,-105.0,8181.111328125,13616.429826528733,11_sub19
-6714236.26112229,6581507.948050201,-97.49999999999999,8181.111328125,13616.429826528733,11_sub19
-6714241.564423149,6581502.6447493415,-90.0,8181.111328125,13616.429826528733,11_sub19
-6714246.867724009,6581497.341448483,-82.5,8181.111328125,13616.429826528733,11_sub19
-6714252.171024867,6581492.038147625,-75.0,8181.111328125,13616.429826528733,11_sub19
-6714257.474325726,6581486.734846765,-67.5,8181.111328125,13616.429826528733,11_sub19
-6714262.777626585,6581481.431545907,-59.999999999999986,8181.111328125,13616.429826528733,11_sub19
-6714268.080927445,6581476.128245047,-52.5,8181.111328125,13616.429826528733,11_sub19
-6714273.384228303,6581470.824944189,-44.99999999999999,8181.111328125,13616.429826528733,11_sub19
-6714278.687529162,6581465.521643329,-37.5,8200.119140625,13616.429826528733,11_sub19
-6714283.990830021,6581460.218342471,-29.999999999999993,8200.119140625,13616.429826528733,11_sub19
-6714289.29413088,6581454.9150416115,-22.499999999999986,8200.119140625,13616.429826528733,11_sub19
-6714294.597431739,6581449.611740753,-14.999999999999996,8200.119140625,13616.429826528733,11_sub19
-6714299.900732597,6581444.308439894,-7.49999999999999,8200.119140625,13616.429826528733,11_sub19
-6714305.204033457,6581439.005139035,0.0,8200.119140625,13616.429826528733,11_sub19
-6714310.507334316,6581433.701838177,7.500000000000007,8200.119140625,13616.429826528733,11_sub19
-6714315.810635175,6581428.398537317,15.000000000000014,8200.119140625,13616.429826528733,11_sub19
-6714321.113936033,6581423.095236459,22.50000000000002,8200.119140625,13616.429826528733,11_sub19
-6714326.4172368925,6581417.791935599,30.00000000000003,8200.119140625,13616.429826528733,11_sub19
-6714331.720537752,6581412.488634741,37.5,8200.119140625,13616.429826528733,11_sub19
-6714337.02383861,6581407.1853338815,45.00000000000001,8200.62890625,13616.429826528733,11_sub19
-6714342.327139469,6581401.882033023,52.500000000000014,8200.62890625,13616.429826528733,11_sub19
-6714347.630440328,6581396.578732164,60.00000000000002,8200.62890625,13616.429826528733,11_sub19
-6714352.933741188,6581391.275431305,67.50000000000003,8200.62890625,13616.429826528733,11_sub19
-6714358.237042046,6581385.972130446,75.0,8200.62890625,13616.429826528733,11_sub19
-6714363.540342905,6581380.668829587,82.5,8200.62890625,13616.429826528733,11_sub19
-6714368.843643764,6581375.365528729,90.00000000000001,8200.62890625,13616.429826528733,11_sub19
-6714374.146944623,6581370.062227869,97.50000000000001,8200.62890625,13616.429826528733,11_sub19
-6714379.450245482,6581364.758927011,105.00000000000003,8200.62890625,13616.429826528733,11_sub19
-6714384.75354634,6581359.4556261515,112.5,8200.62890625,13616.429826528733,11_sub19
-6714390.0568472,6581354.152325293,120.0,8214.30078125,13616.429826528733,11_sub19
-6714395.360148059,6581348.849024434,127.50000000000001,8214.30078125,13616.429826528733,11_sub19
-6714400.663448918,6581343.545723575,135.00000000000003,8214.30078125,13616.429826528733,11_sub19
-6714405.966749776,6581338.242422716,142.50000000000003,8214.30078125,13616.429826528733,11_sub19
-6714411.270050636,6581332.939121857,150.0,8214.30078125,13616.429826528733,11_sub19
-6714447.707995353,6581703.257193622,-150.0,8160.4970703125,14140.138666010605,11_sub19
-6714453.011296212,6581708.560494481,-142.5,8160.4970703125,14140.138666010605,11_sub19
-6714458.314597071,6581713.86379534,-135.0,8160.4970703125,14140.138666010605,11_sub19
-6714463.61789793,6581719.167096199,-127.5,8160.4970703125,14140.138666010605,11_sub19
-6714468.921198789,6581724.470397058,-120.0,8160.4970703125,14140.138666010605,11_sub19
-6714474.2244996475,6581729.773697916,-112.5,8160.4970703125,14140.138666010605,11_sub19
-6714479.527800507,6581735.076998776,-105.0,8160.4970703125,14140.138666010605,11_sub19
-6714484.831101365,6581740.380299634,-97.49999999999999,8160.4970703125,14140.138666010605,11_sub19
-6714490.134402225,6581745.683600494,-90.0,8160.4970703125,14140.138666010605,11_sub19
-6714495.437703083,6581750.986901352,-82.5,8160.4970703125,14140.138666010605,11_sub19
-6714500.741003942,6581756.290202212,-75.0,8160.4970703125,14140.138666010605,11_sub19
-6714506.044304801,6581761.59350307,-67.5,8160.4970703125,14140.138666010605,11_sub19
-6714511.34760566,6581766.896803929,-59.999999999999986,8160.4970703125,14140.138666010605,11_sub19
-6714516.650906519,6581772.200104788,-52.5,8160.4970703125,14140.138666010605,11_sub19
-6714521.9542073775,6581777.503405646,-44.99999999999999,8160.4970703125,14140.138666010605,11_sub19
-6714527.257508237,6581782.806706506,-37.5,8160.4970703125,14140.138666010605,11_sub19
-6714532.560809095,6581788.110007364,-29.999999999999993,8160.4970703125,14140.138666010605,11_sub19
-6714537.864109955,6581793.413308224,-22.499999999999986,8160.4970703125,14140.138666010605,11_sub19
-6714543.167410813,6581798.716609082,-14.999999999999996,8160.4970703125,14140.138666010605,11_sub19
-6714548.470711673,6581804.019909942,-7.49999999999999,8160.4970703125,14140.138666010605,11_sub19
-6714553.774012531,6581809.3232108,0.0,8156.50341796875,14140.138666010605,11_sub19
-6714559.07731339,6581814.626511659,7.500000000000007,8160.19580078125,14140.138666010605,11_sub19
-6714564.380614249,6581819.929812518,15.000000000000014,8160.19580078125,14140.138666010605,11_sub19
-6714569.6839151075,6581825.233113376,22.50000000000002,8160.19580078125,14140.138666010605,11_sub19
-6714574.987215967,6581830.536414236,30.00000000000003,8160.19580078125,14140.138666010605,11_sub19
-6714580.290516825,6581835.839715094,37.5,8160.19580078125,14140.138666010605,11_sub19
-6714585.593817685,6581841.143015954,45.00000000000001,8160.19580078125,14140.138666010605,11_sub19
-6714590.897118543,6581846.446316812,52.500000000000014,8160.19580078125,14140.138666010605,11_sub19
-6714596.200419403,6581851.749617672,60.00000000000002,8160.19580078125,14140.138666010605,11_sub19
-6714601.503720261,6581857.05291853,67.50000000000003,8160.19580078125,14140.138666010605,11_sub19
-6714606.807021121,6581862.356219389,75.0,8160.19580078125,14140.138666010605,11_sub19
-6714612.110321979,6581867.659520248,82.5,8160.19580078125,14140.138666010605,11_sub19
-6714617.4136228375,6581872.962821106,90.00000000000001,8160.19580078125,14140.138666010605,11_sub19
-6714622.716923697,6581878.266121966,97.50000000000001,8160.19580078125,14140.138666010605,11_sub19
-6714628.020224555,6581883.569422824,105.00000000000003,8160.19580078125,14140.138666010605,11_sub19
-6714633.323525415,6581888.872723684,112.5,8160.19580078125,14140.138666010605,11_sub19
-6714638.626826273,6581894.176024542,120.0,8160.19580078125,14140.138666010605,11_sub19
-6714643.930127133,6581899.479325402,127.50000000000001,8160.19580078125,14140.138666010605,11_sub19
-6714649.233427991,6581904.78262626,135.00000000000003,8160.19580078125,14140.138666010605,11_sub19
-6714654.536728851,6581910.0859271195,142.50000000000003,8160.19580078125,14140.138666010605,11_sub19
-6714659.840029709,6581915.389227978,150.0,8160.19580078125,14140.138666010605,11_sub19
-6714727.277110981,6582236.336320767,-150.0,8124.44384765625,14663.84750549248,11_sub19
-6714727.277110981,6582228.836320767,-142.5,8124.44384765625,14663.84750549248,11_sub19
-6714727.277110981,6582221.336320767,-135.0,8124.44384765625,14663.84750549248,11_sub19
-6714727.277110981,6582213.836320767,-127.5,8124.44384765625,14663.84750549248,11_sub19
-6714727.277110981,6582206.336320767,-120.0,8124.44384765625,14663.84750549248,11_sub19
-6714727.277110981,6582198.836320767,-112.5,8124.44384765625,14663.84750549248,11_sub19
-6714727.277110981,6582191.336320767,-105.0,8124.44384765625,14663.84750549248,11_sub19
-6714727.277110981,6582183.836320767,-97.49999999999999,8124.44384765625,14663.84750549248,11_sub19
-6714727.277110981,6582176.336320767,-90.0,8124.44384765625,14663.84750549248,11_sub19
-6714727.277110981,6582168.836320767,-82.5,8124.44384765625,14663.84750549248,11_sub19
-6714727.277110981,6582161.336320767,-75.0,8124.44384765625,14663.84750549248,11_sub19
-6714727.277110981,6582153.836320767,-67.5,8124.44384765625,14663.84750549248,11_sub19
-6714727.277110981,6582146.336320767,-59.999999999999986,8124.44384765625,14663.84750549248,11_sub19
-6714727.277110981,6582138.836320767,-52.5,8124.47265625,14663.84750549248,11_sub19
-6714727.277110981,6582131.336320767,-44.99999999999999,8124.47265625,14663.84750549248,11_sub19
-6714727.277110981,6582123.836320767,-37.5,8124.47265625,14663.84750549248,11_sub19
-6714727.277110981,6582116.336320767,-29.999999999999993,8124.47265625,14663.84750549248,11_sub19
-6714727.277110981,6582108.836320767,-22.499999999999986,8124.47265625,14663.84750549248,11_sub19
-6714727.277110981,6582101.336320767,-14.999999999999996,8124.47265625,14663.84750549248,11_sub19
-6714727.277110981,6582093.836320767,-7.49999999999999,8124.47265625,14663.84750549248,11_sub19
-6714727.277110981,6582086.336320767,0.0,8124.47265625,14663.84750549248,11_sub19
-6714727.277110981,6582078.836320767,7.500000000000007,8124.47265625,14663.84750549248,11_sub19
-6714727.277110981,6582071.336320767,15.000000000000014,8124.47265625,14663.84750549248,11_sub19
-6714727.277110981,6582063.836320767,22.50000000000002,8124.47265625,14663.84750549248,11_sub19
-6714727.277110981,6582056.336320767,30.00000000000003,8124.47265625,14663.84750549248,11_sub19
-6714727.277110981,6582048.836320767,37.5,8124.47265625,14663.84750549248,11_sub19
-6714727.277110981,6582041.336320767,45.00000000000001,8124.47265625,14663.84750549248,11_sub19
-6714727.277110981,6582033.836320767,52.500000000000014,8124.47265625,14663.84750549248,11_sub19
-6714727.277110981,6582026.336320767,60.00000000000002,8128.70263671875,14663.84750549248,11_sub19
-6714727.277110981,6582018.836320767,67.50000000000003,8128.70263671875,14663.84750549248,11_sub19
-6714727.277110981,6582011.336320767,75.0,8128.70263671875,14663.84750549248,11_sub19
-6714727.277110981,6582003.836320767,82.5,8128.70263671875,14663.84750549248,11_sub19
-6714727.277110981,6581996.336320767,90.00000000000001,8128.70263671875,14663.84750549248,11_sub19
-6714727.277110981,6581988.836320767,97.50000000000001,8128.70263671875,14663.84750549248,11_sub19
-6714727.277110981,6581981.336320767,105.00000000000003,8128.70263671875,14663.84750549248,11_sub19
-6714727.277110981,6581973.836320767,112.5,8128.70263671875,14663.84750549248,11_sub19
-6714727.277110981,6581966.336320767,120.0,8128.70263671875,14663.84750549248,11_sub19
-6714727.277110981,6581958.836320767,127.50000000000001,8128.70263671875,14663.84750549248,11_sub19
-6714727.277110981,6581951.336320767,135.00000000000003,8128.70263671875,14663.84750549248,11_sub19
-6714727.277110981,6581943.836320767,142.50000000000003,8128.70263671875,14663.84750549248,11_sub19
-6714727.277110981,6581936.336320767,150.0,8128.70263671875,14663.84750549248,11_sub19
