x,y,distance_from_center_m,elevation_m,station_m,segment_id
-6712249.437964686,6572099.721631382,-150.0,8419.552734375,0.0,11_sub14
-6712249.437964686,6572092.221631382,-142.5,8419.552734375,0.0,11_sub14
-6712249.437964686,6572084.721631382,-135.0,8419.552734375,0.0,11_sub14
-6712249.437964686,6572077.221631382,-127.5,8419.552734375,0.0,11_sub14
-6712249.437964686,6572069.721631382,-120.0,8419.552734375,0.0,11_sub14
-6712249.437964686,6572062.221631382,-112.5,8419.552734375,0.0,11_sub14
-6712249.437964686,6572054.721631382,-105.0,8419.552734375,0.0,11_sub14
-6712249.437964686,6572047.221631382,-97.49999999999999,8419.552734375,0.0,11_sub14
-6712249.437964686,6572039.721631382,-90.0,8419.552734375,0.0,11_sub14
-6712249.437964686,6572032.221631382,-82.5,8419.552734375,0.0,11_sub14
-6712249.437964686,6572024.721631382,-75.0,8419.552734375,0.0,11_sub14
-6712249.437964686,6572017.221631382,-67.5,8419.552734375,0.0,11_sub14
-6712249.437964686,6572009.721631382,-59.999999999999986,8419.552734375,0.0,11_sub14
-6712249.437964686,6572002.221631382,-52.5,8420.173828125,0.0,11_sub14
-6712249.437964686,6571994.721631382,-44.99999999999999,8420.173828125,0.0,11_sub14
-6712249.437964686,6571987.221631382,-37.5,8420.173828125,0.0,11_sub14
-6712249.437964686,6571979.721631382,-29.999999999999993,8420.173828125,0.0,11_sub14
-6712249.437964686,6571972.221631382,-22.499999999999986,8420.173828125,0.0,11_sub14
-6712249.437964686,6571964.721631382,-14.999999999999996,8420.173828125,0.0,11_sub14
-6712249.437964686,6571957.221631382,-7.49999999999999,8420.173828125,0.0,11_sub14
-6712249.437964686,6571949.721631382,0.0,8420.173828125,0.0,11_sub14
-6712249.437964686,6571942.221631382,7.500000000000007,8420.173828125,0.0,11_sub14
-6712249.437964686,6571934.721631382,15.000000000000014,8420.173828125,0.0,11_sub14
-6712249.437964686,6571927.221631382,22.50000000000002,8420.173828125,0.0,11_sub14
-6712249.437964686,6571919.721631382,30.00000000000003,8420.173828125,0.0,11_sub14
-6712249.437964686,6571912.221631382,37.5,8420.173828125,0.0,11_sub14
-6712249.437964686,6571904.721631382,45.00000000000001,8420.173828125,0.0,11_sub14
-6712249.437964686,6571897.221631382,52.500000000000014,8420.173828125,0.0,11_sub14
-6712249.437964686,6571889.721631382,60.00000000000002,8421.029296875,0.0,11_sub14
-6712249.437964686,6571882.221631382,67.50000000000003,8421.029296875,0.0,11_sub14
-6712249.437964686,6571874.721631382,75.0,8421.029296875,0.0,11_sub14
-6712249.437964686,6571867.221631382,82.5,8421.029296875,0.0,11_sub14
-6712249.437964686,6571859.721631382,90.00000000000001,8421.029296875,0.0,11_sub14
-6712249.437964686,6571852.221631382,97.50000000000001,8421.029296875,0.0,11_sub14
-6712249.437964686,6571844.721631382,105.00000000000003,8421.029296875,0.0,11_sub14
-6712249.437964686,6571837.221631382,112.5,8421.029296875,0.0,11_sub14
-6712249.437964686,6571829.721631382,120.0,8421.029296875,0.0,11_sub14
-6712249.437964686,6571822.221631382,127.50000000000001,8421.029296875,0.0,11_sub14
-6712249.437964686,6571814.721631382,135.00000000000003,8421.029296875,0.0,11_sub14
-6712249.437964686,6571807.221631382,142.50000000000003,8421.029296875,0.0,11_sub14
-6712249.437964686,6571799.721631382,150.0,8421.029296875,0.0,11_sub14
-6712689.167703643,6572324.9797355905,-150.0,8407.0302734375,533.0347007549905,11_sub14
-6712689.167703643,6572317.4797355905,-142.5,8407.0302734375,533.0347007549905,11_sub14
-6712689.167703643,6572309.9797355905,-135.0,8407.0302734375,533.0347007549905,11_sub14
-6712689.167703643,6572302.4797355905,-127.5,8407.0302734375,533.0347007549905,11_sub14
-6712689.167703643,6572294.9797355905,-120.0,8407.0302734375,533.0347007549905,11_sub14
-6712689.167703643,6572287.4797355905,-112.5,8407.0302734375,533.0347007549905,11_sub14
-6712689.167703643,6572279.9797355905,-105.0,8407.0302734375,533.0347007549905,11_sub14
-6712689.167703643,6572272.4797355905,-97.49999999999999,8407.0302734375,533.0347007549905,11_sub14
-6712689.167703643,6572264.9797355905,-90.0,8407.0302734375,533.0347007549905,11_sub14
-6712689.167703643,6572257.4797355905,-82.5,8407.0302734375,533.0347007549905,11_sub14
-6712689.167703643,6572249.9797355905,-75.0,8407.0302734375,533.0347007549905,11_sub14
-6712689.167703643,6572242.4797355905,-67.5,8407.0302734375,533.0347007549905,11_sub14
-6712689.167703643,6572234.9797355905,-59.999999999999986,8407.0302734375,533.0347007549905,11_sub14
-6712689.167703643,6572227.4797355905,-52.5,8407.3779296875,533.0347007549905,11_sub14
-6712689.167703643,6572219.9797355905,-44.99999999999999,8407.3779296875,533.0347007549905,11_sub14
-6712689.167703643,6572212.4797355905,-37.5,8407.3779296875,533.0347007549905,11_sub14
-6712689.167703643,6572204.9797355905,-29.999999999999993,8407.3779296875,533.0347007549905,11_sub14
-6712689.167703643,6572197.4797355905,-22.499999999999986,8407.3779296875,533.0347007549905,11_sub14
-6712689.167703643,6572189.9797355905,-14.999999999999996,8407.3779296875,533.0347007549905,11_sub14
-6712689.167703643,6572182.4797355905,-7.49999999999999,8407.3779296875,533.0347007549905,11_sub14
-6712689.167703643,6572174.9797355905,0.0,8407.3779296875,533.0347007549905,11_sub14
-6712689.167703643,6572167.4797355905,7.500000000000007,8407.3779296875,533.0347007549905,11_sub14
-6712689.167703643,6572159.9797355905,15.000000000000014,8407.3779296875,533.0347007549905,11_sub14
-6712689.167703643,6572152.4797355905,22.50000000000002,8407.3779296875,533.0347007549905,11_sub14
-6712689.167703643,6572144.9797355905,30.00000000000003,8407.3779296875,533.0347007549905,11_sub14
-6712689.167703643,6572137.4797355905,37.5,8407.3779296875,533.0347007549905,11_sub14
-6712689.167703643,6572129.9797355905,45.00000000000001,8407.3779296875,533.0347007549905,11_sub14
-6712689.167703643,6572122.4797355905,52.500000000000014,8407.3779296875,533.0347007549905,11_sub14
-6712689.167703643,6572114.9797355905,60.00000000000002,8410.2666015625,533.0347007549905,11_sub14
-6712689.167703643,6572107.4797355905,67.50000000000003,8410.2666015625,533.0347007549905,11_sub14
-6712689.167703643,6572099.9797355905,75.0,8410.2666015625,533.0347007549905,11_sub14
-6712689.167703643,6572092.4797355905,82.5,8410.2666015625,533.0347007549905,11_sub14
-6712689.167703643,6572084.9797355905,90.00000000000001,8410.2666015625,533.0347007549905,11_sub14
-6712689.167703643,6572077.4797355905,97.50000000000001,8410.2666015625,533.0347007549905,11_sub14
-6712689.167703643,6572069.9797355905,105.00000000000003,8410.2666015625,533.0347007549905,11_sub14
-6712689.167703643,6572062.4797355905,112.5,8410.2666015625,533.0347007549905,11_sub14
-6712689.167703643,6572054.9797355905,120.0,8410.2666015625,533.0347007549905,11_sub14
-6712689.167703643,6572047.4797355905,127.50000000000001,8410.2666015625,533.0347007549905,11_sub14
-6712689.167703643,6572039.9797355905,135.00000000000003,8410.2666015625,533.0347007549905,11_sub14
-6712689.167703643,6572032.4797355905,142.50000000000003,8410.2666015625,533.0347007549905,11_sub14
-6712689.167703643,6572024.9797355905,150.0,8410.2666015625,533.0347007549905,11_sub14
-6713128.897442601,6572550.237839798,-150.0,8396.1220703125,1066.069401509981,11_sub14
-6713128.897442601,6572542.737839798,-142.5,8396.1220703125,1066.069401509981,11_sub14
-6713128.897442601,6572535.237839798,-135.0,8396.1220703125,1066.069401509981,11_sub14
-6713128.897442601,6572527.737839798,-127.5,8396.1220703125,1066.069401509981,11_sub14
-6713128.897442601,6572520.237839798,-120.0,8396.1220703125,1066.069401509981,11_sub14
-6713128.897442601,6572512.737839798,-112.5,8396.1220703125,1066.069401509981,11_sub14
-6713128.897442601,6572505.237839798,-105.0,8396.1220703125,1066.069401509981,11_sub14
-6713128.897442601,6572497.737839798,-97.49999999999999,8396.1220703125,1066.069401509981,11_sub14
-6713128.897442601,6572490.237839798,-90.0,8396.1220703125,1066.069401509981,11_sub14
-6713128.897442601,6572482.737839798,-82.5,8396.1220703125,1066.069401509981,11_sub14
-6713128.897442601,6572475.237839798,-75.0,8396.1220703125,1066.069401509981,11_sub14
-6713128.897442601,6572467.737839798,-67.5,8396.1220703125,1066.069401509981,11_sub14
-6713128.897442601,6572460.237839798,-59.999999999999986,8396.1220703125,1066.069401509981,11_sub14
-6713128.897442601,6572452.737839798,-52.5,8396.1357421875,1066.069401509981,11_sub14
-6713128.897442601,6572445.237839798,-44.99999999999999,8396.1357421875,1066.069401509981,11_sub14
-6713128.897442601,6572437.737839798,-37.5,8396.1357421875,1066.069401509981,11_sub14
-6713128.897442601,6572430.237839798,-29.999999999999993,8396.1357421875,1066.069401509981,11_sub14
-6713128.897442601,6572422.737839798,-22.499999999999986,8396.1357421875,1066.069401509981,11_sub14
-6713128.897442601,6572415.237839798,-14.999999999999996,8396.1357421875,1066.069401509981,11_sub14
-6713128.897442601,6572407.737839798,-7.49999999999999,8396.1357421875,1066.069401509981,11_sub14
-6713128.897442601,6572400.237839798,0.0,8396.1357421875,1066.069401509981,11_sub14
-6713128.897442601,6572392.737839798,7.500000000000007,8396.1357421875,1066.069401509981,11_sub14
-6713128.897442601,6572385.237839798,15.000000000000014,8396.1357421875,1066.069401509981,11_sub14
-6713128.897442601,6572377.737839798,22.50000000000002,8396.1357421875,1066.069401509981,11_sub14
-6713128.897442601,6572370.237839798,30.00000000000003,8396.1357421875,1066.069401509981,11_sub14
-6713128.897442601,6572362.737839798,37.5,8396.1357421875,1066.069401509981,11_sub14
-6713128.897442601,6572355.237839798,45.00000000000001,8396.1357421875,1066.069401509981,11_sub14
-6713128.897442601,6572347.737839798,52.500000000000014,8396.1357421875,1066.069401509981,11_sub14
-6713128.897442601,6572340.237839798,60.00000000000002,8401.361328125,1066.069401509981,11_sub14
-6713128.897442601,6572332.737839798,67.50000000000003,8401.361328125,1066.069401509981,11_sub14
-6713128.897442601,6572325.237839798,75.0,8401.361328125,1066.069401509981,11_sub14
-6713128.897442601,6572317.737839798,82.5,8401.361328125,1066.069401509981,11_sub14
-6713128.897442601,6572310.237839798,90.00000000000001,8401.361328125,1066.069401509981,11_sub14
-6713128.897442601,6572302.737839798,97.50000000000001,8401.361328125,1066.069401509981,11_sub14
-6713128.897442601,6572295.237839798,105.00000000000003,8401.361328125,1066.069401509981,11_sub14
-6713128.897442601,6572287.737839798,112.5,8401.361328125,1066.069401509981,11_sub14
-6713128.897442601,6572280.237839798,120.0,8401.361328125,1066.069401509981,11_sub14
-6713128.897442601,6572272.737839798,127.50000000000001,8401.361328125,1066.069401509981,11_sub14
-6713128.897442601,6572265.237839798,135.00000000000003,8401.361328125,1066.069401509981,11_sub14
-6713128.897442601,6572257.737839798,142.50000000000003,8401.361328125,1066.069401509981,11_sub14
-6713128.897442601,6572250.237839798,150.0,8401.361328125,1066.069401509981,11_sub14
-6713326.421677953,6572900.950222691,-150.0,8388.40625,1599.1041022649715,11_sub14
-6713331.724978811,6572895.646921832,-142.5,8388.40625,1599.1041022649715,11_sub14
-6713337.0282796705,6572890.343620973,-135.0,8388.40625,1599.1041022649715,11_sub14
-6713342.331580529,6572885.040320114,-127.5,8388.40625,1599.1041022649715,11_sub14
-6713347.634881388,6572879.737019255,-120.0,8388.40625,1599.1041022649715,11_sub14
-6713352.938182247,6572874.433718396,-112.5,8388.40625,1599.1041022649715,11_sub14
-6713358.241483106,6572869.130417537,-105.0,8388.40625,1599.1041022649715,11_sub14
-6713363.544783965,6572863.8271166785,-97.49999999999999,8388.40625,1599.1041022649715,11_sub14
-6713368.848084824,6572858.523815819,-90.0,8388.40625,1599.1041022649715,11_sub14
-6713374.151385683,6572853.220514961,-82.5,8388.40625,1599.1041022649715,11_sub14
-6713379.454686541,6572847.917214101,-75.0,8388.40625,1599.1041022649715,11_sub14
-6713384.7579874005,6572842.613913243,-67.5,8388.40625,1599.1041022649715,11_sub14
-6713390.061288259,6572837.310612384,-59.999999999999986,8388.40625,1599.1041022649715,11_sub14
-6713395.364589118,6572832.007311525,-52.5,8388.40625,1599.1041022649715,11_sub14
-6713400.667889977,6572826.704010666,-44.99999999999999,8388.40625,1599.1041022649715,11_sub14
-6713405.971190836,6572821.400709807,-37.5,8388.40625,1599.1041022649715,11_sub14
-6713411.274491695,6572816.0974089485,-29.999999999999993,8388.40625,1599.1041022649715,11_sub14
-6713416.577792554,6572810.794108089,-22.499999999999986,8388.40625,1599.1041022649715,11_sub14
-6713421.881093413,6572805.490807231,-14.999999999999996,8388.40625,1599.1041022649715,11_sub14
-6713427.184394272,6572800.187506371,-7.49999999999999,8388.40625,1599.1041022649715,11_sub14
-6713432.4876951305,6572794.884205513,0.0,8386.2685546875,1599.1041022649715,11_sub14
-6713437.790995989,6572789.580904654,7.500000000000007,8388.72265625,1599.1041022649715,11_sub14
-6713443.094296848,6572784.277603795,15.000000000000014,8388.72265625,1599.1041022649715,11_sub14
-6713448.397597707,6572778.974302936,22.50000000000002,8388.72265625,1599.1041022649715,11_sub14
-6713453.700898566,6572773.671002077,30.00000000000003,8388.72265625,1599.1041022649715,11_sub14
-6713459.004199425,6572768.367701218,37.5,8388.72265625,1599.1041022649715,11_sub14
-6713464.307500284,6572763.064400359,45.00000000000001,8388.72265625,1599.1041022649715,11_sub14
-6713469.610801143,6572757.761099501,52.500000000000014,8388.72265625,1599.1041022649715,11_sub14
-6713474.914102002,6572752.457798641,60.00000000000002,8388.72265625,1599.1041022649715,11_sub14
-6713480.2174028605,6572747.154497783,67.50000000000003,8388.72265625,1599.1041022649715,11_sub14
-6713485.52070372,6572741.851196924,75.0,8388.72265625,1599.1041022649715,11_sub14
-6713490.824004578,6572736.547896065,82.5,8388.72265625,1599.1041022649715,11_sub14
-6713496.127305437,6572731.244595206,90.00000000000001,8388.72265625,1599.1041022649715,11_sub14
-6713501.430606296,6572725.941294347,97.50000000000001,8388.72265625,1599.1041022649715,11_sub14
-6713506.733907155,6572720.637993488,105.00000000000003,8388.72265625,1599.1041022649715,11_sub14
-6713512.037208014,6572715.334692629,112.5,8388.72265625,1599.1041022649715,11_sub14
-6713517.340508873,6572710.031391771,120.0,8388.72265625,1599.1041022649715,11_sub14
-6713522.643809732,6572704.728090911,127.50000000000001,8388.72265625,1599.1041022649715,11_sub14
-6713527.9471105905,6572699.424790053,135.00000000000003,8388.72265625,1599.1041022649715,11_sub14
-6713533.25041145,6572694.121489193,142.50000000000003,8388.72265625,1599.1041022649715,11_sub14
-6713538.553712308,6572688.818188335,150.0,8388.72265625,1599.1041022649715,11_sub14
-6713563.615642042,6573211.471897895,-150.0,8384.693359375,2132.138803019962,11_sub14
-6713571.115642042,6573211.471897895,-142.5,8384.693359375,2132.138803019962,11_sub14
-6713578.615642042,6573211.471897895,-135.0,8384.693359375,2132.138803019962,11_sub14
-6713586.115642042,6573211.471897895,-127.5,8384.693359375,2132.138803019962,11_sub14
-6713593.615642042,6573211.471897895,-120.0,8384.693359375,2132.138803019962,11_sub14
-6713601.115642042,6573211.471897895,-112.5,8384.693359375,2132.138803019962,11_sub14
-6713608.615642042,6573211.471897895,-105.0,8384.693359375,2132.138803019962,11_sub14
-6713616.115642042,6573211.471897895,-97.49999999999999,8384.693359375,2132.138803019962,11_sub14
-6713623.615642042,6573211.471897895,-90.0,8384.693359375,2132.138803019962,11_sub14
-6713631.115642042,6573211.471897895,-82.5,8384.693359375,2132.138803019962,11_sub14
-6713638.615642042,6573211.471897895,-75.0,8384.693359375,2132.138803019962,11_sub14
-6713646.115642042,6573211.471897895,-67.5,8384.693359375,2132.138803019962,11_sub14
-6713653.615642042,6573211.471897895,-59.999999999999986,8384.693359375,2132.138803019962,11_sub14
-6713661.115642042,6573211.471897895,-52.5,8379.322265625,2132.138803019962,11_sub14
-6713668.615642042,6573211.471897895,-44.99999999999999,8379.322265625,2132.138803019962,11_sub14
-6713676.115642042,6573211.471897895,-37.5,8379.322265625,2132.138803019962,11_sub14
-6713683.615642042,6573211.471897895,-29.999999999999993,8379.322265625,2132.138803019962,11_sub14
-6713691.115642042,6573211.471897895,-22.499999999999986,8379.322265625,2132.138803019962,11_sub14
-6713698.615642042,6573211.471897895,-14.999999999999996,8379.322265625,2132.138803019962,11_sub14
-6713706.115642042,6573211.471897895,-7.49999999999999,8379.322265625,2132.138803019962,11_sub14
-6713713.615642042,6573211.471897895,0.0,8379.322265625,2132.138803019962,11_sub14
-6713721.115642042,6573211.471897895,7.500000000000007,8379.322265625,2132.138803019962,11_sub14
-6713728.615642042,6573211.471897895,15.000000000000014,8379.322265625,2132.138803019962,11_sub14
-6713736.115642042,6573211.471897895,22.50000000000002,8379.322265625,2132.138803019962,11_sub14
-6713743.615642042,6573211.471897895,30.00000000000003,8379.322265625,2132.138803019962,11_sub14
-6713751.115642042,6573211.471897895,37.5,8379.322265625,2132.138803019962,11_sub14
-6713758.615642042,6573211.471897895,45.00000000000001,8379.322265625,2132.138803019962,11_sub14
-6713766.115642042,6573211.471897895,52.500000000000014,8379.322265625,2132.138803019962,11_sub14
-6713773.615642042,6573211.471897895,60.00000000000002,8383.3798828125,2132.138803019962,11_sub14
-6713781.115642042,6573211.471897895,67.50000000000003,8383.3798828125,2132.138803019962,11_sub14
-6713788.615642042,6573211.471897895,75.0,8383.3798828125,2132.138803019962,11_sub14
-6713796.115642042,6573211.471897895,82.5,8383.3798828125,2132.138803019962,11_sub14
-6713803.615642042,6573211.471897895,90.00000000000001,8383.3798828125,2132.138803019962,11_sub14
-6713811.115642042,6573211.471897895,97.50000000000001,8383.3798828125,2132.138803019962,11_sub14
-6713818.615642042,6573211.471897895,105.00000000000003,8383.3798828125,2132.138803019962,11_sub14
-6713826.115642042,6573211.471897895,112.5,8383.3798828125,2132.138803019962,11_sub14
-6713833.615642042,6573211.471897895,120.0,8383.3798828125,2132.138803019962,11_sub14
-6713841.115642042,6573211.471897895,127.50000000000001,8383.3798828125,2132.138803019962,11_sub14
-6713848.615642042,6573211.471897895,135.00000000000003,8383.3798828125,2132.138803019962,11_sub14
-6713856.115642042,6573211.471897895,142.50000000000003,8383.3798828125,2132.138803019962,11_sub14
-6713863.615642042,6573211.471897895,150.0,8383.3798828125,2132.138803019962,11_sub14
-6713788.873746251,6573651.201636853,-150.0,8369.0224609375,2665.173503774952,11_sub14
-6713796.373746251,6573651.201636853,-142.5,8369.0224609375,2665.173503774952,11_sub14
-6713803.873746251,6573651.201636853,-135.0,8369.0224609375,2665.173503774952,11_sub14
-6713811.373746251,6573651.201636853,-127.5,8369.0224609375,2665.173503774952,11_sub14
-6713818.873746251,6573651.201636853,-120.0,8369.0224609375,2665.173503774952,11_sub14
-6713826.373746251,6573651.201636853,-112.5,8369.0224609375,2665.173503774952,11_sub14
-6713833.873746251,6573651.201636853,-105.0,8369.0224609375,2665.173503774952,11_sub14
-6713841.373746251,6573651.201636853,-97.49999999999999,8369.0224609375,2665.173503774952,11_sub14
-6713848.873746251,6573651.201636853,-90.0,8369.0224609375,2665.173503774952,11_sub14
-6713856.373746251,6573651.201636853,-82.5,8369.0224609375,2665.173503774952,11_sub14
-6713863.873746251,6573651.201636853,-75.0,8369.0224609375,2665.173503774952,11_sub14
-6713871.373746251,6573651.201636853,-67.5,8369.0224609375,2665.173503774952,11_sub14
-6713878.873746251,6573651.201636853,-59.999999999999986,8369.0224609375,2665.173503774952,11_sub14
-6713886.373746251,6573651.201636853,-52.5,8367.0380859375,2665.173503774952,11_sub14
-6713893.873746251,6573651.201636853,-44.99999999999999,8367.0380859375,2665.173503774952,11_sub14
-6713901.373746251,6573651.201636853,-37.5,8367.0380859375,2665.173503774952,11_sub14
-6713908.873746251,6573651.201636853,-29.999999999999993,8367.0380859375,2665.173503774952,11_sub14
-6713916.373746251,6573651.201636853,-22.499999999999986,8367.0380859375,2665.173503774952,11_sub14
-6713923.873746251,6573651.201636853,-14.999999999999996,8367.0380859375,2665.173503774952,11_sub14
-6713931.373746251,6573651.201636853,-7.49999999999999,8367.0380859375,2665.173503774952,11_sub14
-6713938.873746251,6573651.201636853,0.0,8367.0380859375,2665.173503774952,11_sub14
-6713946.373746251,6573651.201636853,7.500000000000007,8367.0380859375,2665.173503774952,11_sub14
-6713953.873746251,6573651.201636853,15.000000000000014,8367.0380859375,2665.173503774952,11_sub14
-6713961.373746251,6573651.201636853,22.50000000000002,8367.0380859375,2665.173503774952,11_sub14
-6713968.873746251,6573651.201636853,30.00000000000003,8367.0380859375,2665.173503774952,11_sub14
-6713976.373746251,6573651.201636853,37.5,8367.0380859375,2665.173503774952,11_sub14
-6713983.873746251,6573651.201636853,45.00000000000001,8367.0380859375,2665.173503774952,11_sub14
-6713991.373746251,6573651.201636853,52.500000000000014,8367.0380859375,2665.173503774952,11_sub14
-6713998.873746251,6573651.201636853,60.00000000000002,8367.2314453125,2665.173503774952,11_sub14
-6714006.373746251,6573651.201636853,67.50000000000003,8367.2314453125,2665.173503774952,11_sub14
-6714013.873746251,6573651.201636853,75.0,8367.2314453125,2665.173503774952,11_sub14
-6714021.373746251,6573651.201636853,82.5,8367.2314453125,2665.173503774952,11_sub14
-6714028.873746251,6573651.201636853,90.00000000000001,8367.2314453125,2665.173503774952,11_sub14
-6714036.373746251,6573651.201636853,97.50000000000001,8367.2314453125,2665.173503774952,11_sub14
-6714043.873746251,6573651.201636853,105.00000000000003,8367.2314453125,2665.173503774952,11_sub14
-6714051.373746251,6573651.201636853,112.5,8367.2314453125,2665.173503774952,11_sub14
-6714058.873746251,6573651.201636853,120.0,8367.2314453125,2665.173503774952,11_sub14
-6714066.373746251,6573651.201636853,127.50000000000001,8367.2314453125,2665.173503774952,11_sub14
-6714073.873746251,6573651.201636853,135.00000000000003,8367.2314453125,2665.173503774952,11_sub14
-6714081.373746251,6573651.201636853,142.50000000000003,8367.2314453125,2665.173503774952,11_sub14
-6714088.873746251,6573651.201636853,150.0,8367.2314453125,2665.173503774952,11_sub14
-6713676.244694146,6574137.583856708,-150.0,8361.912109375,3198.208204529943,11_sub14
-6713683.744694146,6574137.583856708,-142.5,8361.912109375,3198.208204529943,11_sub14
-6713691.244694146,6574137.583856708,-135.0,8361.912109375,3198.208204529943,11_sub14
-6713698.744694146,6574137.583856708,-127.5,8361.912109375,3198.208204529943,11_sub14
-6713706.244694146,6574137.583856708,-120.0,8361.912109375,3198.208204529943,11_sub14
-6713713.744694146,6574137.583856708,-112.5,8361.912109375,3198.208204529943,11_sub14
-6713721.244694146,6574137.583856708,-105.0,8361.912109375,3198.208204529943,11_sub14
-6713728.744694146,6574137.583856708,-97.49999999999999,8361.912109375,3198.208204529943,11_sub14
-6713736.244694146,6574137.583856708,-90.0,8361.912109375,3198.208204529943,11_sub14
-6713743.744694146,6574137.583856708,-82.5,8361.912109375,3198.208204529943,11_sub14
-6713751.244694146,6574137.583856708,-75.0,8361.912109375,3198.208204529943,11_sub14
-6713758.744694146,6574137.583856708,-67.5,8361.912109375,3198.208204529943,11_sub14
-6713766.244694146,6574137.583856708,-59.999999999999986,8361.912109375,3198.208204529943,11_sub14
-6713773.744694146,6574137.583856708,-52.5,8360.369140625,3198.208204529943,11_sub14
-6713781.244694146,6574137.583856708,-44.99999999999999,8360.369140625,3198.208204529943,11_sub14
-6713788.744694146,6574137.583856708,-37.5,8360.369140625,3198.208204529943,11_sub14
-6713796.244694146,6574137.583856708,-29.999999999999993,8360.369140625,3198.208204529943,11_sub14
-6713803.744694146,6574137.583856708,-22.499999999999986,8360.369140625,3198.208204529943,11_sub14
-6713811.244694146,6574137.583856708,-14.999999999999996,8360.369140625,3198.208204529943,11_sub14
-6713818.744694146,6574137.583856708,-7.49999999999999,8360.369140625,3198.208204529943,11_sub14
-6713826.244694146,6574137.583856708,0.0,8360.369140625,3198.208204529943,11_sub14
-6713833.744694146,6574137.583856708,7.500000000000007,8360.369140625,3198.208204529943,11_sub14
-6713841.244694146,6574137.583856708,15.000000000000014,8360.369140625,3198.208204529943,11_sub14
-6713848.744694146,6574137.583856708,22.50000000000002,8360.369140625,3198.208204529943,11_sub14
-6713856.244694146,6574137.583856708,30.00000000000003,8360.369140625,3198.208204529943,11_sub14
-6713863.744694146,6574137.583856708,37.5,8360.369140625,3198.208204529943,11_sub14
-6713871.244694146,6574137.583856708,45.00000000000001,8360.369140625,3198.208204529943,11_sub14
-6713878.744694146,6574137.583856708,52.500000000000014,8360.369140625,3198.208204529943,11_sub14
-6713886.244694146,6574137.583856708,60.00000000000002,8361.775390625,3198.208204529943,11_sub14
-6713893.744694146,6574137.583856708,67.50000000000003,8361.775390625,3198.208204529943,11_sub14
-6713901.244694146,6574137.583856708,75.0,8361.775390625,3198.208204529943,11_sub14
-6713908.744694146,6574137.583856708,82.5,8361.775390625,3198.208204529943,11_sub14
-6713916.244694146,6574137.583856708,90.00000000000001,8361.775390625,3198.208204529943,11_sub14
-6713923.744694146,6574137.583856708,97.50000000000001,8361.775390625,3198.208204529943,11_sub14
-6713931.244694146,6574137.583856708,105.00000000000003,8361.775390625,3198.208204529943,11_sub14
-6713938.744694146,6574137.583856708,112.5,8361.775390625,3198.208204529943,11_sub14
-6713946.244694146,6574137.583856708,120.0,8361.775390625,3198.208204529943,11_sub14
-6713953.744694146,6574137.583856708,127.50000000000001,8361.775390625,3198.208204529943,11_sub14
-6713961.244694146,6574137.583856708,135.00000000000003,8361.775390625,3198.208204529943,11_sub14
-6713968.744694146,6574137.583856708,142.50000000000003,8361.775390625,3198.208204529943,11_sub14
-6713976.244694146,6574137.583856708,150.0,8361.775390625,3198.208204529943,11_sub14
-6714051.32801428,6574639.518027957,-150.0,8353.7978515625,3731.2429052849334,11_sub14
-6714056.631315138,6574634.214727098,-142.5,8353.7978515625,3731.2429052849334,11_sub14
-6714061.934615998,6574628.911426239,-135.0,8353.7978515625,3731.2429052849334,11_sub14
-6714067.237916856,6574623.608125379,-127.5,8353.7978515625,3731.2429052849334,11_sub14
-6714072.5412177155,6574618.304824521,-120.0,8353.7978515625,3731.2429052849334,11_sub14
-6714077.844518574,6574613.001523662,-112.5,8353.7978515625,3731.2429052849334,11_sub14
-6714083.147819433,6574607.698222803,-105.0,8353.7978515625,3731.2429052849334,11_sub14
-6714088.451120292,6574602.394921944,-97.49999999999999,8353.7978515625,3731.2429052849334,11_sub14
-6714093.754421151,6574597.091621085,-90.0,8353.7978515625,3731.2429052849334,11_sub14
-6714099.05772201,6574591.788320227,-82.5,8356.5576171875,3731.2429052849334,11_sub14
-6714104.361022869,6574586.485019367,-75.0,8356.5576171875,3731.2429052849334,11_sub14
-6714109.664323728,6574581.181718508,-67.5,8353.837890625,3731.2429052849334,11_sub14
-6714114.967624586,6574575.878417649,-59.999999999999986,8353.837890625,3731.2429052849334,11_sub14
-6714120.2709254455,6574570.575116791,-52.5,8353.837890625,3731.2429052849334,11_sub14
-6714125.574226304,6574565.271815931,-44.99999999999999,8353.837890625,3731.2429052849334,11_sub14
-6714130.877527163,6574559.968515072,-37.5,8353.837890625,3731.2429052849334,11_sub14
-6714136.180828022,6574554.665214214,-29.999999999999993,8353.837890625,3731.2429052849334,11_sub14
-6714141.484128881,6574549.361913355,-22.499999999999986,8353.837890625,3731.2429052849334,11_sub14
-6714146.78742974,6574544.058612496,-14.999999999999996,8353.837890625,3731.2429052849334,11_sub14
-6714152.090730599,6574538.755311636,-7.49999999999999,8353.837890625,3731.2429052849334,11_sub14
-6714157.394031458,6574533.452010778,0.0,8353.837890625,3731.2429052849334,11_sub14
-6714162.697332316,6574528.148709919,7.500000000000007,8353.837890625,3731.2429052849334,11_sub14
-6714168.0006331755,6574522.84540906,15.000000000000014,8353.837890625,3731.2429052849334,11_sub14
-6714173.303934034,6574517.5421082005,22.50000000000002,8353.837890625,3731.2429052849334,11_sub14
-6714178.607234893,6574512.238807342,30.00000000000003,8353.837890625,3731.2429052849334,11_sub14
-6714183.910535752,6574506.935506484,37.5,8353.837890625,3731.2429052849334,11_sub14
-6714189.213836611,6574501.632205624,45.00000000000001,8353.837890625,3731.2429052849334,11_sub14
-6714194.51713747,6574496.328904765,52.500000000000014,8353.837890625,3731.2429052849334,11_sub14
-6714199.820438329,6574491.025603906,60.00000000000002,8353.837890625,3731.2429052849334,11_sub14
-6714205.123739188,6574485.722303048,67.50000000000003,8353.837890625,3731.2429052849334,11_sub14
-6714210.427040046,6574480.419002188,75.0,8354.8798828125,3731.2429052849334,11_sub14
-6714215.7303409055,6574475.115701329,82.5,8354.8798828125,3731.2429052849334,11_sub14
-6714221.033641764,6574469.8124004705,90.00000000000001,8356.2724609375,3731.2429052849334,11_sub14
-6714226.336942623,6574464.509099612,97.50000000000001,8356.2724609375,3731.2429052849334,11_sub14
-6714231.640243482,6574459.205798753,105.00000000000003,8356.2724609375,3731.2429052849334,11_sub14
-6714236.943544341,6574453.902497893,112.5,8356.2724609375,3731.2429052849334,11_sub14
-6714242.2468452,6574448.599197035,120.0,8356.2724609375,3731.2429052849334,11_sub14
-6714247.550146059,6574443.295896176,127.50000000000001,8356.2724609375,3731.2429052849334,11_sub14
-6714252.853446918,6574437.992595317,135.00000000000003,8356.2724609375,3731.2429052849334,11_sub14
-6714258.156747777,6574432.689294457,142.50000000000003,8356.2724609375,3731.2429052849334,11_sub14
-6714263.4600486355,6574427.385993599,150.0,8356.2724609375,3731.2429052849334,11_sub14
-6714268.958932787,6575082.407050673,-150.0,8346.28125,4264.277606039924,11_sub14
-6714274.262233647,6575077.103749814,-142.5,8346.28125,4264.277606039924,11_sub14
-6714279.565534505,6575071.800448955,-135.0,8346.28125,4264.277606039924,11_sub14
-6714284.868835364,6575066.497148097,-127.5,8346.28125,4264.277606039924,11_sub14
-6714290.172136223,6575061.193847237,-120.0,8346.28125,4264.277606039924,11_sub14
-6714295.475437082,6575055.890546379,-112.5,8346.28125,4264.277606039924,11_sub14
-6714300.778737941,6575050.587245519,-105.0,8346.28125,4264.277606039924,11_sub14
-6714306.082038799,6575045.283944661,-97.49999999999999,8346.123046875,4264.277606039924,11_sub14
-6714311.385339659,6575039.980643801,-90.0,8346.123046875,4264.277606039924,11_sub14
-6714316.688640518,6575034.677342943,-82.5,8346.123046875,4264.277606039924,11_sub14
-6714321.991941377,6575029.374042084,-75.0,8346.123046875,4264.277606039924,11_sub14
-6714327.295242235,6575024.070741225,-67.5,8346.123046875,4264.277606039924,11_sub14
-6714332.5985430945,6575018.767440367,-59.999999999999986,8346.123046875,4264.277606039924,11_sub14
-6714337.901843954,6575013.464139507,-52.5,8344.7724609375,4264.277606039924,11_sub14
-6714343.205144812,6575008.160838649,-44.99999999999999,8344.7724609375,4264.277606039924,11_sub14
-6714348.508445671,6575002.857537789,-37.5,8344.7724609375,4264.277606039924,11_sub14
-6714353.81174653,6574997.554236931,-29.999999999999993,8344.7724609375,4264.277606039924,11_sub14
-6714359.11504739,6574992.250936071,-22.499999999999986,8344.7724609375,4264.277606039924,11_sub14
-6714364.418348248,6574986.947635213,-14.999999999999996,8344.7724609375,4264.277606039924,11_sub14
-6714369.721649107,6574981.6443343535,-7.49999999999999,8344.7724609375,4264.277606039924,11_sub14
-6714375.024949966,6574976.341033495,0.0,8344.7724609375,4264.277606039924,11_sub14
-6714380.328250825,6574971.037732637,7.500000000000007,8344.7724609375,4264.277606039924,11_sub14
-6714385.631551684,6574965.734431777,15.000000000000014,8344.7724609375,4264.277606039924,11_sub14
-6714390.934852542,6574960.431130919,22.50000000000002,8344.7724609375,4264.277606039924,11_sub14
-6714396.238153402,6574955.127830059,30.00000000000003,8344.7724609375,4264.277606039924,11_sub14
-6714401.541454261,6574949.824529201,37.5,8344.7724609375,4264.277606039924,11_sub14
-6714406.84475512,6574944.521228341,45.00000000000001,8344.7724609375,4264.277606039924,11_sub14
-6714412.148055978,6574939.217927483,52.500000000000014,8344.7724609375,4264.277606039924,11_sub14
-6714417.4513568375,6574933.9146266235,60.00000000000002,8346.4853515625,4264.277606039924,11_sub14
-6714422.754657697,6574928.611325765,67.50000000000003,8346.4853515625,4264.277606039924,11_sub14
-6714428.057958555,6574923.308024906,75.0,8346.4853515625,4264.277606039924,11_sub14
-6714433.361259414,6574918.004724047,82.5,8346.4853515625,4264.277606039924,11_sub14
-6714438.664560273,6574912.701423189,90.00000000000001,8346.4853515625,4264.277606039924,11_sub14
-6714443.967861133,6574907.398122329,97.50000000000001,8346.4853515625,4264.277606039924,11_sub14
-6714449.271161991,6574902.094821471,105.00000000000003,8347.9228515625,4264.277606039924,11_sub14
-6714454.57446285,6574896.791520611,112.5,8347.9228515625,4264.277606039924,11_sub14
-6714459.877763709,6574891.488219753,120.0,8347.9228515625,4264.277606039924,11_sub14
-6714465.181064568,6574886.1849188935,127.50000000000001,8347.9228515625,4264.277606039924,11_sub14
-6714470.484365427,6574880.881618035,135.00000000000003,8347.9228515625,4264.277606039924,11_sub14
-6714475.787666285,6574875.578317176,142.50000000000003,8347.9228515625,4264.277606039924,11_sub14
-6714481.090967145,6574870.275016317,150.0,8347.9228515625,4264.277606039924,11_sub14
-6714450.933465599,6575280.175753431,-150.0,8342.412109375,4797.312306794915,11_sub14
-6714456.236766458,6575285.47905429,-142.5,8342.412109375,4797.312306794915,11_sub14
-6714461.540067317,6575290.782355149,-135.0,8342.412109375,4797.312306794915,11_sub14
-6714466.843368175,6575296.085656008,-127.5,8342.412109375,4797.312306794915,11_sub14
-6714472.146669035,6575301.388956867,-120.0,8342.412109375,4797.312306794915,11_sub14
-6714477.449969893,6575306.692257726,-112.5,8342.412109375,4797.312306794915,11_sub14
-6714482.753270753,6575311.995558585,-105.0,8342.412109375,4797.312306794915,11_sub14
-6714488.056571611,6575317.2988594435,-97.49999999999999,8342.412109375,4797.312306794915,11_sub14
-6714493.359872471,6575322.602160303,-90.0,8342.412109375,4797.312306794915,11_sub14
-6714498.663173329,6575327.905461161,-82.5,8342.412109375,4797.312306794915,11_sub14
-6714503.9664741885,6575333.20876202,-75.0,8342.412109375,4797.312306794915,11_sub14
-6714509.269775047,6575338.512062879,-67.5,8342.412109375,4797.312306794915,11_sub14
-6714514.573075905,6575343.815363738,-59.999999999999986,8342.412109375,4797.312306794915,11_sub14
-6714519.876376765,6575349.118664597,-52.5,8342.412109375,4797.312306794915,11_sub14
-6714525.179677623,6575354.421965456,-44.99999999999999,8342.412109375,4797.312306794915,11_sub14
-6714530.482978483,6575359.725266315,-37.5,8342.412109375,4797.312306794915,11_sub14
-6714535.786279341,6575365.0285671735,-29.999999999999993,8342.412109375,4797.312306794915,11_sub14
-6714541.089580201,6575370.331868033,-22.499999999999986,8342.412109375,4797.312306794915,11_sub14
-6714546.392881059,6575375.635168891,-14.999999999999996,8342.412109375,4797.312306794915,11_sub14
-6714551.6961819185,6575380.938469751,-7.49999999999999,8342.412109375,4797.312306794915,11_sub14
-6714556.999482777,6575386.241770609,0.0,8341.6669921875,4797.312306794915,11_sub14
-6714562.302783635,6575391.545071468,7.500000000000007,8342.056640625,4797.312306794915,11_sub14
-6714567.606084495,6575396.848372327,15.000000000000014,8342.056640625,4797.312306794915,11_sub14
-6714572.909385353,6575402.151673186,22.50000000000002,8342.056640625,4797.312306794915,11_sub14
-6714578.212686213,6575407.454974045,30.00000000000003,8342.056640625,4797.312306794915,11_sub14
-6714583.515987071,6575412.7582749035,37.5,8342.056640625,4797.312306794915,11_sub14
-6714588.819287931,6575418.061575763,45.00000000000001,8342.056640625,4797.312306794915,11_sub14
-6714594.122588789,6575423.364876621,52.500000000000014,8342.056640625,4797.312306794915,11_sub14
-6714599.4258896485,6575428.668177481,60.00000000000002,8342.056640625,4797.312306794915,11_sub14
-6714604.729190507,6575433.971478339,67.50000000000003,8342.056640625,4797.312306794915,11_sub14
-6714610.032491365,6575439.274779199,75.0,8342.056640625,4797.312306794915,11_sub14
-6714615.335792225,6575444.578080057,82.5,8342.056640625,4797.312306794915,11_sub14
-6714620.639093083,6575449.881380916,90.00000000000001,8342.056640625,4797.312306794915,11_sub14
-6714625.942393943,6575455.184681775,97.50000000000001,8342.056640625,4797.312306794915,11_sub14
-6714631.245694801,6575460.4879826335,105.00000000000003,8342.056640625,4797.312306794915,11_sub14
-6714636.548995661,6575465.791283493,112.5,8342.056640625,4797.312306794915,11_sub14
-6714641.852296519,6575471.094584351,120.0,8342.056640625,4797.312306794915,11_sub14
-6714647.1555973785,6575476.397885211,127.50000000000001,8342.056640625,4797.312306794915,11_sub14
-6714652.458898237,6575481.701186069,135.00000000000003,8342.056640625,4797.312306794915,11_sub14
-6714657.762199096,6575487.004486929,142.50000000000003,8342.056640625,4797.312306794915,11_sub14
-6714663.065499955,6575492.307787787,150.0,8342.056640625,4797.312306794915,11_sub14
-6714478.962665596,6575968.185096107,-150.0,8335.4560546875,5330.347007549904,11_sub14
-6714484.2659664545,6575962.881795249,-142.5,8335.4560546875,5330.347007549904,11_sub14
-6714489.569267314,6575957.57849439,-135.0,8335.4560546875,5330.347007549904,11_sub14
-6714494.872568172,6575952.275193531,-127.5,8335.4560546875,5330.347007549904,11_sub14
-6714500.175869032,6575946.971892672,-120.0,8336.8935546875,5330.347007549904,11_sub14
-6714505.47916989,6575941.668591813,-112.5,8336.8935546875,5330.347007549904,11_sub14
-6714510.78247075,6575936.365290954,-105.0,8336.8935546875,5330.347007549904,11_sub14
-6714516.085771608,6575931.061990095,-97.49999999999999,8336.8935546875,5330.347007549904,11_sub14
-6714521.389072468,6575925.758689236,-90.0,8336.8935546875,5330.347007549904,11_sub14
-6714526.692373326,6575920.455388377,-82.5,8336.8935546875,5330.347007549904,11_sub14
-6714531.995674185,6575915.152087519,-75.0,8336.8935546875,5330.347007549904,11_sub14
-6714537.298975044,6575909.84878666,-67.5,8336.8935546875,5330.347007549904,11_sub14
-6714542.602275902,6575904.545485801,-59.999999999999986,8336.8935546875,5330.347007549904,11_sub14
-6714547.905576762,6575899.242184942,-52.5,8336.8935546875,5330.347007549904,11_sub14
-6714553.20887762,6575893.938884083,-44.99999999999999,8336.8935546875,5330.347007549904,11_sub14
-6714558.51217848,6575888.635583224,-37.5,8334.9423828125,5330.347007549904,11_sub14
-6714563.815479338,6575883.332282365,-29.999999999999993,8334.9423828125,5330.347007549904,11_sub14
-6714569.118780198,6575878.028981506,-22.499999999999986,8334.9423828125,5330.347007549904,11_sub14
-6714574.422081056,6575872.725680647,-14.999999999999996,8334.9423828125,5330.347007549904,11_sub14
-6714579.725381915,6575867.422379788,-7.49999999999999,8334.9423828125,5330.347007549904,11_sub14
-6714585.028682774,6575862.11907893,0.0,8334.9423828125,5330.347007549904,11_sub14
-6714590.331983632,6575856.815778071,7.500000000000007,8334.9423828125,5330.347007549904,11_sub14
-6714595.635284492,6575851.512477212,15.000000000000014,8334.9423828125,5330.347007549904,11_sub14
-6714600.93858535,6575846.209176353,22.50000000000002,8334.9423828125,5330.347007549904,11_sub14
-6714606.24188621,6575840.905875494,30.00000000000003,8334.9423828125,5330.347007549904,11_sub14
-6714611.545187068,6575835.602574635,37.5,8334.9423828125,5330.347007549904,11_sub14
-6714616.848487928,6575830.299273776,45.00000000000001,8337.328125,5330.347007549904,11_sub14
-6714622.151788786,6575824.995972917,52.500000000000014,8337.328125,5330.347007549904,11_sub14
-6714627.455089645,6575819.692672058,60.00000000000002,8337.328125,5330.347007549904,11_sub14
-6714632.758390504,6575814.3893711995,67.50000000000003,8337.328125,5330.347007549904,11_sub14
-6714638.061691362,6575809.08607034,75.0,8337.328125,5330.347007549904,11_sub14
-6714643.364992222,6575803.782769482,82.5,8337.328125,5330.347007549904,11_sub14
-6714648.66829308,6575798.479468623,90.00000000000001,8337.328125,5330.347007549904,11_sub14
-6714653.97159394,6575793.176167764,97.50000000000001,8337.328125,5330.347007549904,11_sub14
-6714659.274894798,6575787.872866905,105.00000000000003,8337.328125,5330.347007549904,11_sub14
-6714664.578195658,6575782.569566046,112.5,8337.328125,5330.347007549904,11_sub14
-6714669.881496516,6575777.266265187,120.0,8337.328125,5330.347007549904,11_sub14
-6714675.184797375,6575771.962964328,127.50000000000001,8337.970703125,5330.347007549904,11_sub14
-6714680.488098234,6575766.6596634695,135.00000000000003,8337.970703125,5330.347007549904,11_sub14
-6714685.791399093,6575761.35636261,142.50000000000003,8337.970703125,5330.347007549904,11_sub14
-6714691.094699952,6575756.053061752,150.0,8337.970703125,5330.347007549904,11_sub14
-6714320.570499292,6576198.942084469,-150.0,8332.6845703125,5863.381708304895,11_sub14
-6714325.87380015,6576204.245385327,-142.5,8332.6845703125,5863.381708304895,11_sub14
-6714331.1771010095,6576209.548686187,-135.0,8332.6845703125,5863.381708304895,11_sub14
-6714336.480401868,6576214.851987045,-127.5,8332.91015625,5863.381708304895,11_sub14
-6714341.783702727,6576220.155287905,-120.0,8332.91015625,5863.381708304895,11_sub14
-6714347.087003586,6576225.458588763,-112.5,8332.91015625,5863.381708304895,11_sub14
-6714352.390304445,6576230.761889623,-105.0,8332.91015625,5863.381708304895,11_sub14
-6714357.693605304,6576236.065190481,-97.49999999999999,8332.91015625,5863.381708304895,11_sub14
-6714362.996906163,6576241.36849134,-90.0,8332.91015625,5863.381708304895,11_sub14
-6714368.300207022,6576246.671792199,-82.5,8332.91015625,5863.381708304895,11_sub14
-6714373.60350788,6576251.975093057,-75.0,8332.91015625,5863.381708304895,11_sub14
-6714378.9068087395,6576257.278393917,-67.5,8332.91015625,5863.381708304895,11_sub14
-6714384.210109598,6576262.581694775,-59.999999999999986,8332.91015625,5863.381708304895,11_sub14
-6714389.513410457,6576267.884995635,-52.5,8332.91015625,5863.381708304895,11_sub14
-6714394.816711316,6576273.188296493,-44.99999999999999,8332.91015625,5863.381708304895,11_sub14
-6714400.120012175,6576278.491597353,-37.5,8332.91015625,5863.381708304895,11_sub14
-6714405.423313034,6576283.794898211,-29.999999999999993,8332.91015625,5863.381708304895,11_sub14
-6714410.726613893,6576289.09819907,-22.499999999999986,8332.84765625,5863.381708304895,11_sub14
-6714416.029914752,6576294.401499929,-14.999999999999996,8332.84765625,5863.381708304895,11_sub14
-6714421.333215611,6576299.704800788,-7.49999999999999,8332.84765625,5863.381708304895,11_sub14
-6714426.6365164695,6576305.008101647,0.0,8332.84765625,5863.381708304895,11_sub14
-6714431.939817328,6576310.311402505,7.500000000000007,8332.84765625,5863.381708304895,11_sub14
-6714437.243118187,6576315.614703365,15.000000000000014,8332.84765625,5863.381708304895,11_sub14
-6714442.546419046,6576320.918004223,22.50000000000002,8332.84765625,5863.381708304895,11_sub14
-6714447.849719905,6576326.221305083,30.00000000000003,8334.333984375,5863.381708304895,11_sub14
-6714453.153020764,6576331.524605941,37.5,8334.333984375,5863.381708304895,11_sub14
-6714458.456321623,6576336.8279068,45.00000000000001,8334.333984375,5863.381708304895,11_sub14
-6714463.759622482,6576342.131207659,52.500000000000014,8334.333984375,5863.381708304895,11_sub14
-6714469.062923341,6576347.434508518,60.00000000000002,8334.333984375,5863.381708304895,11_sub14
-6714474.3662241995,6576352.737809377,67.50000000000003,8334.333984375,5863.381708304895,11_sub14
-6714479.669525059,6576358.041110236,75.0,8334.333984375,5863.381708304895,11_sub14
-6714484.972825917,6576363.344411095,82.5,8334.333984375,5863.381708304895,11_sub14
-6714490.276126776,6576368.647711953,90.00000000000001,8334.333984375,5863.381708304895,11_sub14
-6714495.579427635,6576373.951012813,97.50000000000001,8334.333984375,5863.381708304895,11_sub14
-6714500.882728494,6576379.254313671,105.00000000000003,8334.333984375,5863.381708304895,11_sub14
-6714506.186029353,6576384.55761453,112.5,8334.333984375,5863.381708304895,11_sub14
-6714511.489330212,6576389.860915389,120.0,8334.333984375,5863.381708304895,11_sub14
-6714516.792631071,6576395.164216248,127.50000000000001,8334.333984375,5863.381708304895,11_sub14
-6714522.09593193,6576400.467517107,135.00000000000003,8340.9169921875,5863.381708304895,11_sub14
-6714527.399232789,6576405.770817966,142.50000000000003,8340.9169921875,5863.381708304895,11_sub14
-6714532.702533647,6576411.074118825,150.0,8340.9169921875,5863.381708304895,11_sub14
-6714014.13185046,6576729.309809554,-150.0,8326.5380859375,6396.416409059886,11_sub14
-6714021.63185046,6576729.309809554,-142.5,8326.5380859375,6396.416409059886,11_sub14
-6714029.13185046,6576729.309809554,-135.0,8326.5380859375,6396.416409059886,11_sub14
-6714036.63185046,6576729.309809554,-127.5,8326.5380859375,6396.416409059886,11_sub14
-6714044.13185046,6576729.309809554,-120.0,8326.5380859375,6396.416409059886,11_sub14
-6714051.63185046,6576729.309809554,-112.5,8326.5380859375,6396.416409059886,11_sub14
-6714059.13185046,6576729.309809554,-105.0,8326.5380859375,6396.416409059886,11_sub14
-6714066.63185046,6576729.309809554,-97.49999999999999,8326.5380859375,6396.416409059886,11_sub14
-6714074.13185046,6576729.309809554,-90.0,8326.5380859375,6396.416409059886,11_sub14
-6714081.63185046,6576729.309809554,-82.5,8326.5380859375,6396.416409059886,11_sub14
-6714089.13185046,6576729.309809554,-75.0,8326.5380859375,6396.416409059886,11_sub14
-6714096.63185046,6576729.309809554,-67.5,8326.5380859375,6396.416409059886,11_sub14
-6714104.13185046,6576729.309809554,-59.999999999999986,8326.5380859375,6396.416409059886,11_sub14
-6714111.63185046,6576729.309809554,-52.5,8326.3671875,6396.416409059886,11_sub14
-6714119.13185046,6576729.309809554,-44.99999999999999,8326.3671875,6396.416409059886,11_sub14
-6714126.63185046,6576729.309809554,-37.5,8326.3671875,6396.416409059886,11_sub14
-6714134.13185046,6576729.309809554,-29.999999999999993,8326.3671875,6396.416409059886,11_sub14
-6714141.63185046,6576729.309809554,-22.499999999999986,8326.3671875,6396.416409059886,11_sub14
-6714149.13185046,6576729.309809554,-14.999999999999996,8326.3671875,6396.416409059886,11_sub14
-6714156.63185046,6576729.309809554,-7.49999999999999,8326.3671875,6396.416409059886,11_sub14
-6714164.13185046,6576729.309809554,0.0,8326.3671875,6396.416409059886,11_sub14
-6714171.63185046,6576729.309809554,7.500000000000007,8326.3671875,6396.416409059886,11_sub14
-6714179.13185046,6576729.309809554,15.000000000000014,8326.3671875,6396.416409059886,11_sub14
-6714186.63185046,6576729.309809554,22.50000000000002,8326.3671875,6396.416409059886,11_sub14
-6714194.13185046,6576729.309809554,30.00000000000003,8326.3671875,6396.416409059886,11_sub14
-6714201.63185046,6576729.309809554,37.5,8326.3671875,6396.416409059886,11_sub14
-6714209.13185046,6576729.309809554,45.00000000000001,8326.3671875,6396.416409059886,11_sub14
-6714216.63185046,6576729.309809554,52.500000000000014,8326.3671875,6396.416409059886,11_sub14
-6714224.13185046,6576729.309809554,60.00000000000002,8327.5546875,6396.416409059886,11_sub14
-6714231.63185046,6576729.309809554,67.50000000000003,8327.5546875,6396.416409059886,11_sub14
-6714239.13185046,6576729.309809554,75.0,8327.5546875,6396.416409059886,11_sub14
-6714246.63185046,6576729.309809554,82.5,8327.5546875,6396.416409059886,11_sub14
-6714254.13185046,6576729.309809554,90.00000000000001,8327.5546875,6396.416409059886,11_sub14
-6714261.63185046,6576729.309809554,97.50000000000001,8327.5546875,6396.416409059886,11_sub14
-6714269.13185046,6576729.309809554,105.00000000000003,8327.5546875,6396.416409059886,11_sub14
-6714276.63185046,6576729.309809554,112.5,8327.5546875,6396.416409059886,11_sub14
-6714284.13185046,6576729.309809554,120.0,8327.5546875,6396.416409059886,11_sub14
-6714291.63185046,6576729.309809554,127.50000000000001,8327.5546875,6396.416409059886,11_sub14
-6714299.13185046,6576729.309809554,135.00000000000003,8327.5546875,6396.416409059886,11_sub14
-6714306.63185046,6576729.309809554,142.50000000000003,8327.5546875,6396.416409059886,11_sub14
-6714314.13185046,6576729.309809554,150.0,8327.5546875,6396.416409059886,11_sub14
-6713726.027129272,6577018.743558697,-150.0,8320.8056640625,6929.451109814876,11_sub14
-6713731.3304301305,6577024.046859556,-142.5,8320.8056640625,6929.451109814876,11_sub14
-6713736.63373099,6577029.350160415,-135.0,8320.8056640625,6929.451109814876,11_sub14
-6713741.937031848,6577034.653461274,-127.5,8320.8056640625,6929.451109814876,11_sub14
-6713747.240332708,6577039.956762133,-120.0,8320.8056640625,6929.451109814876,11_sub14
-6713752.543633566,6577045.260062992,-112.5,8320.8056640625,6929.451109814876,11_sub14
-6713757.846934426,6577050.563363851,-105.0,8320.8056640625,6929.451109814876,11_sub14
-6713763.150235284,6577055.8666647095,-97.49999999999999,8320.8056640625,6929.451109814876,11_sub14
-6713768.4535361435,6577061.169965569,-90.0,8320.8056640625,6929.451109814876,11_sub14
-6713773.756837002,6577066.473266427,-82.5,8321.5751953125,6929.451109814876,11_sub14
-6713779.0601378605,6577071.776567286,-75.0,8321.5751953125,6929.451109814876,11_sub14
-6713784.36343872,6577077.079868145,-67.5,8320.224609375,6929.451109814876,11_sub14
-6713789.666739578,6577082.383169004,-59.999999999999986,8320.224609375,6929.451109814876,11_sub14
-6713794.970040438,6577087.686469863,-52.5,8320.224609375,6929.451109814876,11_sub14
-6713800.273341296,6577092.989770722,-44.99999999999999,8320.224609375,6929.451109814876,11_sub14
-6713805.576642156,6577098.293071581,-37.5,8320.224609375,6929.451109814876,11_sub14
-6713810.879943014,6577103.5963724395,-29.999999999999993,8320.224609375,6929.451109814876,11_sub14
-6713816.1832438735,6577108.899673299,-22.499999999999986,8320.224609375,6929.451109814876,11_sub14
-6713821.486544732,6577114.202974157,-14.999999999999996,8320.224609375,6929.451109814876,11_sub14
-6713826.789845591,6577119.506275017,-7.49999999999999,8320.224609375,6929.451109814876,11_sub14
-6713832.09314645,6577124.809575875,0.0,8320.224609375,6929.451109814876,11_sub14
-6713837.396447308,6577130.112876734,7.500000000000007,8320.224609375,6929.451109814876,11_sub14
-6713842.699748168,6577135.416177593,15.000000000000014,8320.224609375,6929.451109814876,11_sub14
-6713848.003049026,6577140.719478452,22.50000000000002,8320.224609375,6929.451109814876,11_sub14
-6713853.306349886,6577146.022779311,30.00000000000003,8320.224609375,6929.451109814876,11_sub14
-6713858.609650744,6577151.3260801695,37.5,8320.224609375,6929.451109814876,11_sub14
-6713863.9129516035,6577156.629381029,45.00000000000001,8320.224609375,6929.451109814876,11_sub14
-6713869.216252462,6577161.932681887,52.500000000000014,8320.224609375,6929.451109814876,11_sub14
-6713874.519553321,6577167.235982747,60.00000000000002,8320.224609375,6929.451109814876,11_sub14
-6713879.82285418,6577172.539283605,67.50000000000003,8320.224609375,6929.451109814876,11_sub14
-6713885.126155039,6577177.842584465,75.0,8321.6953125,6929.451109814876,11_sub14
-6713890.429455898,6577183.145885323,82.5,8321.6953125,6929.451109814876,11_sub14
-6713895.732756756,6577188.449186182,90.00000000000001,8323.9091796875,6929.451109814876,11_sub14
-6713901.036057616,6577193.752487041,97.50000000000001,8323.9091796875,6929.451109814876,11_sub14
-6713906.339358474,6577199.0557878995,105.00000000000003,8323.9091796875,6929.451109814876,11_sub14
-6713911.642659334,6577204.359088759,112.5,8323.9091796875,6929.451109814876,11_sub14
-6713916.945960192,6577209.662389617,120.0,8323.9091796875,6929.451109814876,11_sub14
-6713922.249261051,6577214.965690477,127.50000000000001,8323.9091796875,6929.451109814876,11_sub14
-6713927.55256191,6577220.268991335,135.00000000000003,8323.9091796875,6929.451109814876,11_sub14
-6713932.855862769,6577225.572292195,142.50000000000003,8323.9091796875,6929.451109814876,11_sub14
-6713938.159163628,6577230.875593053,150.0,8323.9091796875,6929.451109814876,11_sub14
-6713349.114677761,6577170.397906001,-150.0,8317.8955078125,7462.485810569867,11_sub14
-6713354.417978619,6577175.701206859,-142.5,8317.8955078125,7462.485810569867,11_sub14
-6713359.721279479,6577181.004507719,-135.0,8317.8955078125,7462.485810569867,11_sub14
-6713365.024580337,6577186.307808577,-127.5,8317.8955078125,7462.485810569867,11_sub14
-6713370.3278811965,6577191.6111094365,-120.0,8317.3369140625,7462.485810569867,11_sub14
-6713375.631182055,6577196.914410295,-112.5,8317.3369140625,7462.485810569867,11_sub14
-6713380.934482914,6577202.217711154,-105.0,8317.3369140625,7462.485810569867,11_sub14
-6713386.237783773,6577207.521012013,-97.49999999999999,8317.3369140625,7462.485810569867,11_sub14
-6713391.541084632,6577212.824312872,-90.0,8317.3369140625,7462.485810569867,11_sub14
-6713396.844385491,6577218.127613731,-82.5,8317.3369140625,7462.485810569867,11_sub14
-6713402.147686349,6577223.43091459,-75.0,8317.3369140625,7462.485810569867,11_sub14
-6713407.450987209,6577228.734215449,-67.5,8317.3369140625,7462.485810569867,11_sub14
-6713412.754288067,6577234.037516307,-59.999999999999986,8317.3369140625,7462.485810569867,11_sub14
-6713418.0575889265,6577239.3408171665,-52.5,8317.3369140625,7462.485810569867,11_sub14
-6713423.360889785,6577244.644118025,-44.99999999999999,8317.3369140625,7462.485810569867,11_sub14
-6713428.664190644,6577249.947418884,-37.5,8317.3369140625,7462.485810569867,11_sub14
-6713433.967491503,6577255.250719743,-29.999999999999993,8317.1337890625,7462.485810569867,11_sub14
-6713439.270792362,6577260.554020602,-22.499999999999986,8317.1337890625,7462.485810569867,11_sub14
-6713444.574093221,6577265.857321461,-14.999999999999996,8317.1337890625,7462.485810569867,11_sub14
-6713449.87739408,6577271.16062232,-7.49999999999999,8317.1337890625,7462.485810569867,11_sub14
-6713455.180694939,6577276.463923179,0.0,8317.1337890625,7462.485810569867,11_sub14
-6713460.483995797,6577281.767224037,7.500000000000007,8317.1337890625,7462.485810569867,11_sub14
-6713465.7872966565,6577287.0705248965,15.000000000000014,8317.1337890625,7462.485810569867,11_sub14
-6713471.090597515,6577292.373825755,22.50000000000002,8317.1337890625,7462.485810569867,11_sub14
-6713476.393898374,6577297.677126614,30.00000000000003,8317.1337890625,7462.485810569867,11_sub14
-6713481.697199233,6577302.980427473,37.5,8319.216796875,7462.485810569867,11_sub14
-6713487.000500092,6577308.283728332,45.00000000000001,8319.216796875,7462.485810569867,11_sub14
-6713492.303800951,6577313.587029191,52.500000000000014,8319.216796875,7462.485810569867,11_sub14
-6713497.60710181,6577318.89033005,60.00000000000002,8319.216796875,7462.485810569867,11_sub14
-6713502.910402669,6577324.193630909,67.50000000000003,8319.216796875,7462.485810569867,11_sub14
-6713508.213703528,6577329.496931767,75.0,8319.216796875,7462.485810569867,11_sub14
-6713513.5170043865,6577334.8002326265,82.5,8319.216796875,7462.485810569867,11_sub14
-6713518.820305245,6577340.103533485,90.00000000000001,8319.216796875,7462.485810569867,11_sub14
-6713524.123606104,6577345.406834344,97.50000000000001,8319.216796875,7462.485810569867,11_sub14
-6713529.426906963,6577350.710135203,105.00000000000003,8319.216796875,7462.485810569867,11_sub14
-6713534.730207822,6577356.013436062,112.5,8319.216796875,7462.485810569867,11_sub14
-6713540.033508681,6577361.316736921,120.0,8319.216796875,7462.485810569867,11_sub14
-6713545.33680954,6577366.62003778,127.50000000000001,8328.357421875,7462.485810569867,11_sub14
-6713550.640110399,6577371.923338639,135.00000000000003,8328.357421875,7462.485810569867,11_sub14
-6713555.943411258,6577377.226639498,142.50000000000003,8328.357421875,7462.485810569867,11_sub14
-6713561.2467121165,6577382.5299403565,150.0,8328.357421875,7462.485810569867,11_sub14
-6713113.099433625,6577729.9359604195,-150.0,8313.8896484375,7995.520511324857,11_sub14
-6713120.599433625,6577729.9359604195,-142.5,8313.8896484375,7995.520511324857,11_sub14
-6713128.099433625,6577729.9359604195,-135.0,8313.8896484375,7995.520511324857,11_sub14
-6713135.599433625,6577729.9359604195,-127.5,8313.8896484375,7995.520511324857,11_sub14
-6713143.099433625,6577729.9359604195,-120.0,8313.8896484375,7995.520511324857,11_sub14
-6713150.599433625,6577729.9359604195,-112.5,8313.8896484375,7995.520511324857,11_sub14
-6713158.099433625,6577729.9359604195,-105.0,8313.8896484375,7995.520511324857,11_sub14
-6713165.599433625,6577729.9359604195,-97.49999999999999,8313.8896484375,7995.520511324857,11_sub14
-6713173.099433625,6577729.9359604195,-90.0,8313.8896484375,7995.520511324857,11_sub14
-6713180.599433625,6577729.9359604195,-82.5,8313.8896484375,7995.520511324857,11_sub14
-6713188.099433625,6577729.9359604195,-75.0,8313.8896484375,7995.520511324857,11_sub14
-6713195.599433625,6577729.9359604195,-67.5,8313.8896484375,7995.520511324857,11_sub14
-6713203.099433625,6577729.9359604195,-59.999999999999986,8313.8896484375,7995.520511324857,11_sub14
-6713210.599433625,6577729.9359604195,-52.5,8313.3642578125,7995.520511324857,11_sub14
-6713218.099433625,6577729.9359604195,-44.99999999999999,8313.3642578125,7995.520511324857,11_sub14
-6713225.599433625,6577729.9359604195,-37.5,8313.3642578125,7995.520511324857,11_sub14
-6713233.099433625,6577729.9359604195,-29.999999999999993,8313.3642578125,7995.520511324857,11_sub14
-6713240.599433625,6577729.9359604195,-22.499999999999986,8313.3642578125,7995.520511324857,11_sub14
-6713248.099433625,6577729.9359604195,-14.999999999999996,8313.3642578125,7995.520511324857,11_sub14
-6713255.599433625,6577729.9359604195,-7.49999999999999,8313.3642578125,7995.520511324857,11_sub14
-6713263.099433625,6577729.9359604195,0.0,8313.3642578125,7995.520511324857,11_sub14
-6713270.599433625,6577729.9359604195,7.500000000000007,8313.3642578125,7995.520511324857,11_sub14
-6713278.099433625,6577729.9359604195,15.000000000000014,8313.3642578125,7995.520511324857,11_sub14
-6713285.599433625,6577729.9359604195,22.50000000000002,8313.3642578125,7995.520511324857,11_sub14
-6713293.099433625,6577729.9359604195,30.00000000000003,8313.3642578125,7995.520511324857,11_sub14
-6713300.599433625,6577729.9359604195,37.5,8313.3642578125,7995.520511324857,11_sub14
-6713308.099433625,6577729.9359604195,45.00000000000001,8313.3642578125,7995.520511324857,11_sub14
-6713315.599433625,6577729.9359604195,52.500000000000014,8313.3642578125,7995.520511324857,11_sub14
-6713323.099433625,6577729.9359604195,60.00000000000002,8314.19140625,7995.520511324857,11_sub14
-6713330.599433625,6577729.9359604195,67.50000000000003,8314.19140625,7995.520511324857,11_sub14
-6713338.099433625,6577729.9359604195,75.0,8314.19140625,7995.520511324857,11_sub14
-6713345.599433625,6577729.9359604195,82.5,8314.19140625,7995.520511324857,11_sub14
-6713353.099433625,6577729.9359604195,90.00000000000001,8314.19140625,7995.520511324857,11_sub14
-6713360.599433625,6577729.9359604195,97.50000000000001,8314.19140625,7995.520511324857,11_sub14
-6713368.099433625,6577729.9359604195,105.00000000000003,8314.19140625,7995.520511324857,11_sub14
-6713375.599433625,6577729.9359604195,112.5,8314.19140625,7995.520511324857,11_sub14
-6713383.099433625,6577729.9359604195,120.0,8314.19140625,7995.520511324857,11_sub14
-6713390.599433625,6577729.9359604195,127.50000000000001,8314.19140625,7995.520511324857,11_sub14
-6713398.099433625,6577729.9359604195,135.00000000000003,8314.19140625,7995.520511324857,11_sub14
-6713405.599433625,6577729.9359604195,142.50000000000003,8314.19140625,7995.520511324857,11_sub14
-6713413.099433625,6577729.9359604195,150.0,8314.19140625,7995.520511324857,11_sub14
-6713450.9865899375,6578057.036647273,-150.0,8317.447265625,8528.555212079847,11_sub14
-6713458.4865899375,6578057.036647273,-142.5,8317.447265625,8528.555212079847,11_sub14
-6713465.9865899375,6578057.036647273,-135.0,8317.447265625,8528.555212079847,11_sub14
-6713473.4865899375,6578057.036647273,-127.5,8317.447265625,8528.555212079847,11_sub14
-6713480.9865899375,6578057.036647273,-120.0,8317.447265625,8528.555212079847,11_sub14
-6713488.4865899375,6578057.036647273,-112.5,8317.447265625,8528.555212079847,11_sub14
-6713495.9865899375,6578057.036647273,-105.0,8317.447265625,8528.555212079847,11_sub14
-6713503.4865899375,6578057.036647273,-97.49999999999999,8317.447265625,8528.555212079847,11_sub14
-6713510.9865899375,6578057.036647273,-90.0,8317.447265625,8528.555212079847,11_sub14
-6713518.4865899375,6578057.036647273,-82.5,8317.447265625,8528.555212079847,11_sub14
-6713525.9865899375,6578057.036647273,-75.0,8317.447265625,8528.555212079847,11_sub14
-6713533.4865899375,6578057.036647273,-67.5,8317.447265625,8528.555212079847,11_sub14
-6713540.9865899375,6578057.036647273,-59.999999999999986,8317.447265625,8528.555212079847,11_sub14
-6713548.4865899375,6578057.036647273,-52.5,8311.1279296875,8528.555212079847,11_sub14
-6713555.9865899375,6578057.036647273,-44.99999999999999,8311.1279296875,8528.555212079847,11_sub14
-6713563.4865899375,6578057.036647273,-37.5,8311.1279296875,8528.555212079847,11_sub14
-6713570.9865899375,6578057.036647273,-29.999999999999993,8311.1279296875,8528.555212079847,11_sub14
-6713578.4865899375,6578057.036647273,-22.499999999999986,8311.1279296875,8528.555212079847,11_sub14
-6713585.9865899375,6578057.036647273,-14.999999999999996,8311.1279296875,8528.555212079847,11_sub14
-6713593.4865899375,6578057.036647273,-7.49999999999999,8311.1279296875,8528.555212079847,11_sub14
-6713600.9865899375,6578057.036647273,0.0,8311.1279296875,8528.555212079847,11_sub14
-6713608.4865899375,6578057.036647273,7.500000000000007,8311.1279296875,8528.555212079847,11_sub14
-6713615.9865899375,6578057.036647273,15.000000000000014,8311.1279296875,8528.555212079847,11_sub14
-6713623.4865899375,6578057.036647273,22.50000000000002,8311.1279296875,8528.555212079847,11_sub14
-6713630.9865899375,6578057.036647273,30.00000000000003,8311.1279296875,8528.555212079847,11_sub14
-6713638.4865899375,6578057.036647273,37.5,8311.1279296875,8528.555212079847,11_sub14
-6713645.9865899375,6578057.036647273,45.00000000000001,8311.1279296875,8528.555212079847,11_sub14
-6713653.4865899375,6578057.036647273,52.500000000000014,8311.1279296875,8528.555212079847,11_sub14
-6713660.9865899375,6578057.036647273,60.00000000000002,8312.53125,8528.555212079847,11_sub14
-6713668.4865899375,6578057.036647273,67.50000000000003,8312.53125,8528.555212079847,11_sub14
-6713675.9865899375,6578057.036647273,75.0,8312.53125,8528.555212079847,11_sub14
-6713683.4865899375,6578057.036647273,82.5,8312.53125,8528.555212079847,11_sub14
-6713690.9865899375,6578057.036647273,90.00000000000001,8312.53125,8528.555212079847,11_sub14
-6713698.4865899375,6578057.036647273,97.50000000000001,8312.53125,8528.555212079847,11_sub14
-6713705.9865899375,6578057.036647273,105.00000000000003,8312.53125,8528.555212079847,11_sub14
-6713713.4865899375,6578057.036647273,112.5,8312.53125,8528.555212079847,11_sub14
-6713720.9865899375,6578057.036647273,120.0,8312.53125,8528.555212079847,11_sub14
-6713728.4865899375,6578057.036647273,127.50000000000001,8312.53125,8528.555212079847,11_sub14
-6713735.9865899375,6578057.036647273,135.00000000000003,8312.53125,8528.555212079847,11_sub14
-6713743.4865899375,6578057.036647273,142.50000000000003,8312.53125,8528.555212079847,11_sub14
-6713750.9865899375,6578057.036647273,150.0,8312.53125,8528.555212079847,11_sub14
-6713563.615642042,6578543.418867129,-150.0,8315.96875,9061.589912834837,11_sub14
-6713571.115642042,6578543.418867129,-142.5,8315.96875,9061.589912834837,11_sub14
-6713578.615642042,6578543.418867129,-135.0,8315.96875,9061.589912834837,11_sub14
-6713586.115642042,6578543.418867129,-127.5,8315.96875,9061.589912834837,11_sub14
-6713593.615642042,6578543.418867129,-120.0,8315.96875,9061.589912834837,11_sub14
-6713601.115642042,6578543.418867129,-112.5,8315.96875,9061.589912834837,11_sub14
-6713608.615642042,6578543.418867129,-105.0,8315.96875,9061.589912834837,11_sub14
-6713616.115642042,6578543.418867129,-97.49999999999999,8315.96875,9061.589912834837,11_sub14
-6713623.615642042,6578543.418867129,-90.0,8315.96875,9061.589912834837,11_sub14
-6713631.115642042,6578543.418867129,-82.5,8315.96875,9061.589912834837,11_sub14
-6713638.615642042,6578543.418867129,-75.0,8315.96875,9061.589912834837,11_sub14
-6713646.115642042,6578543.418867129,-67.5,8315.96875,9061.589912834837,11_sub14
-6713653.615642042,6578543.418867129,-59.999999999999986,8315.96875,9061.589912834837,11_sub14
-6713661.115642042,6578543.418867129,-52.5,8308.71875,9061.589912834837,11_sub14
-6713668.615642042,6578543.418867129,-44.99999999999999,8308.71875,9061.589912834837,11_sub14
-6713676.115642042,6578543.418867129,-37.5,8308.71875,9061.589912834837,11_sub14
-6713683.615642042,6578543.418867129,-29.999999999999993,8308.71875,9061.589912834837,11_sub14
-6713691.115642042,6578543.418867129,-22.499999999999986,8308.71875,9061.589912834837,11_sub14
-6713698.615642042,6578543.418867129,-14.999999999999996,8308.71875,9061.589912834837,11_sub14
-6713706.115642042,6578543.418867129,-7.49999999999999,8308.71875,9061.589912834837,11_sub14
-6713713.615642042,6578543.418867129,0.0,8308.71875,9061.589912834837,11_sub14
-6713721.115642042,6578543.418867129,7.500000000000007,8308.71875,9061.589912834837,11_sub14
-6713728.615642042,6578543.418867129,15.000000000000014,8308.71875,9061.589912834837,11_sub14
-6713736.115642042,6578543.418867129,22.50000000000002,8308.71875,9061.589912834837,11_sub14
-6713743.615642042,6578543.418867129,30.00000000000003,8308.71875,9061.589912834837,11_sub14
-6713751.115642042,6578543.418867129,37.5,8308.71875,9061.589912834837,11_sub14
-6713758.615642042,6578543.418867129,45.00000000000001,8308.71875,9061.589912834837,11_sub14
-6713766.115642042,6578543.418867129,52.500000000000014,8308.71875,9061.589912834837,11_sub14
-6713773.615642042,6578543.418867129,60.00000000000002,8308.9443359375,9061.589912834837,11_sub14
-6713781.115642042,6578543.418867129,67.50000000000003,8308.9443359375,9061.589912834837,11_sub14
-6713788.615642042,6578543.418867129,75.0,8308.9443359375,9061.589912834837,11_sub14
-6713796.115642042,6578543.418867129,82.5,8308.9443359375,9061.589912834837,11_sub14
-6713803.615642042,6578543.418867129,90.00000000000001,8308.9443359375,9061.589912834837,11_sub14
-6713811.115642042,6578543.418867129,97.50000000000001,8308.9443359375,9061.589912834837,11_sub14
-6713818.615642042,6578543.418867129,105.00000000000003,8308.9443359375,9061.589912834837,11_sub14
-6713826.115642042,6578543.418867129,112.5,8308.9443359375,9061.589912834837,11_sub14
-6713833.615642042,6578543.418867129,120.0,8308.9443359375,9061.589912834837,11_sub14
-6713841.115642042,6578543.418867129,127.50000000000001,8308.9443359375,9061.589912834837,11_sub14
-6713848.615642042,6578543.418867129,135.00000000000003,8308.9443359375,9061.589912834837,11_sub14
-6713856.115642042,6578543.418867129,142.50000000000003,8308.9443359375,9061.589912834837,11_sub14
-6713863.615642042,6578543.418867129,150.0,8308.9443359375,9061.589912834837,11_sub14
-6714000.955382625,6578970.144207725,-150.0,8300.865234375,9594.62461358983,11_sub14
-6713995.652081766,6578964.840906867,-142.5,8300.865234375,9594.62461358983,11_sub14
-6713990.348780907,6578959.537606007,-135.0,8306.125,9594.62461358983,11_sub14
-6713985.045480048,6578954.234305149,-127.5,8306.125,9594.62461358983,11_sub14
-6713979.742179189,6578948.93100429,-120.0,8306.125,9594.62461358983,11_sub14
-6713974.43887833,6578943.627703431,-112.5,8306.125,9594.62461358983,11_sub14
-6713969.135577471,6578938.324402572,-105.0,8306.125,9594.62461358983,11_sub14
-6713963.8322766125,6578933.021101713,-97.49999999999999,8306.125,9594.62461358983,11_sub14
-6713958.528975753,6578927.717800854,-90.0,8306.125,9594.62461358983,11_sub14
-6713953.225674895,6578922.414499995,-82.5,8306.125,9594.62461358983,11_sub14
-6713947.922374036,6578917.111199137,-75.0,8306.125,9594.62461358983,11_sub14
-6713942.619073177,6578911.807898277,-67.5,8306.125,9594.62461358983,11_sub14
-6713937.315772318,6578906.504597419,-59.999999999999986,8306.125,9594.62461358983,11_sub14
-6713932.012471459,6578901.20129656,-52.5,8306.125,9594.62461358983,11_sub14
-6713926.7091706,6578895.897995701,-44.99999999999999,8306.125,9594.62461358983,11_sub14
-6713921.405869741,6578890.594694842,-37.5,8306.125,9594.62461358983,11_sub14
-6713916.1025688825,6578885.291393983,-29.999999999999993,8306.125,9594.62461358983,11_sub14
-6713910.799268023,6578879.988093124,-22.499999999999986,8306.125,9594.62461358983,11_sub14
-6713905.495967165,6578874.684792265,-14.999999999999996,8304.5830078125,9594.62461358983,11_sub14
-6713900.192666305,6578869.381491406,-7.49999999999999,8304.5830078125,9594.62461358983,11_sub14
-6713894.889365447,6578864.078190547,0.0,8304.5830078125,9594.62461358983,11_sub14
-6713889.586064588,6578858.774889689,7.500000000000007,8304.5830078125,9594.62461358983,11_sub14
-6713884.282763729,6578853.4715888295,15.000000000000014,8304.5830078125,9594.62461358983,11_sub14
-6713878.97946287,6578848.168287971,22.50000000000002,8309.9326171875,9594.62461358983,11_sub14
-6713873.676162011,6578842.864987112,30.00000000000003,8309.9326171875,9594.62461358983,11_sub14
-6713868.3728611525,6578837.561686253,37.5,8309.9326171875,9594.62461358983,11_sub14
-6713863.069560293,6578832.258385394,45.00000000000001,8309.9326171875,9594.62461358983,11_sub14
-6713857.766259435,6578826.955084535,52.500000000000014,8309.9326171875,9594.62461358983,11_sub14
-6713852.462958575,6578821.651783676,60.00000000000002,8309.9326171875,9594.62461358983,11_sub14
-6713847.159657717,6578816.348482817,67.50000000000003,8309.9326171875,9594.62461358983,11_sub14
-6713841.856356857,6578811.045181958,75.0,8309.9326171875,9594.62461358983,11_sub14
-6713836.553055999,6578805.7418810995,82.5,8309.9326171875,9594.62461358983,11_sub14
-6713831.24975514,6578800.438580241,90.00000000000001,8309.9326171875,9594.62461358983,11_sub14
-6713825.946454281,6578795.135279382,97.50000000000001,8309.9326171875,9594.62461358983,11_sub14
-6713820.6431534225,6578789.831978523,105.00000000000003,8309.9326171875,9594.62461358983,11_sub14
-6713815.339852563,6578784.528677664,112.5,8309.9326171875,9594.62461358983,11_sub14
-6713810.036551705,6578779.225376805,120.0,8309.9326171875,9594.62461358983,11_sub14
-6713804.733250845,6578773.922075946,127.50000000000001,8309.9326171875,9594.62461358983,11_sub14
-6713799.429949987,6578768.618775087,135.00000000000003,8309.9326171875,9594.62461358983,11_sub14
-6713794.126649127,6578763.315474228,142.50000000000003,8310.1142578125,9594.62461358983,11_sub14
-6713788.823348269,6578758.0121733695,150.0,8310.1142578125,9594.62461358983,11_sub14
-6714410.856119739,6579123.388731132,-150.0,8299.9677734375,10127.659314344819,11_sub14
-6714405.55281888,6579118.085430274,-142.5,8299.9677734375,10127.659314344819,11_sub14
-6714400.249518021,6579112.782129414,-135.0,8299.9677734375,10127.659314344819,11_sub14
-6714394.946217163,6579107.478828556,-127.5,8299.9677734375,10127.659314344819,11_sub14
-6714389.642916303,6579102.1755276965,-120.0,8299.9677734375,10127.659314344819,11_sub14
-6714384.339615445,6579096.872226838,-112.5,8296.560546875,10127.659314344819,11_sub14
-6714379.036314585,6579091.568925979,-105.0,8296.560546875,10127.659314344819,11_sub14
-6714373.733013727,6579086.26562512,-97.49999999999999,8296.560546875,10127.659314344819,11_sub14
-6714368.429712867,6579080.962324261,-90.0,8296.560546875,10127.659314344819,11_sub14
-6714363.126412009,6579075.659023402,-82.5,8296.560546875,10127.659314344819,11_sub14
-6714357.82311115,6579070.355722543,-75.0,8296.560546875,10127.659314344819,11_sub14
-6714352.519810291,6579065.052421684,-67.5,8296.560546875,10127.659314344819,11_sub14
-6714347.2165094325,6579059.749120826,-59.999999999999986,8296.560546875,10127.659314344819,11_sub14
-6714341.913208573,6579054.4458199665,-52.5,8296.560546875,10127.659314344819,11_sub14
-6714336.609907715,6579049.142519108,-44.99999999999999,8296.560546875,10127.659314344819,11_sub14
-6714331.306606855,6579043.839218249,-37.5,8296.443359375,10127.659314344819,11_sub14
-6714326.003305997,6579038.53591739,-29.999999999999993,8296.443359375,10127.659314344819,11_sub14
-6714320.700005137,6579033.232616531,-22.499999999999986,8296.443359375,10127.659314344819,11_sub14
-6714315.396704279,6579027.929315672,-14.999999999999996,8296.443359375,10127.659314344819,11_sub14
-6714310.0934034195,6579022.626014813,-7.49999999999999,8296.443359375,10127.659314344819,11_sub14
-6714304.790102561,6579017.322713954,0.0,8296.443359375,10127.659314344819,11_sub14
-6714299.4868017025,6579012.019413096,7.500000000000007,8296.443359375,10127.659314344819,11_sub14
-6714294.183500843,6579006.7161122365,15.000000000000014,8296.443359375,10127.659314344819,11_sub14
-6714288.880199985,6579001.412811378,22.50000000000002,8296.443359375,10127.659314344819,11_sub14
-6714283.576899125,6578996.109510519,30.00000000000003,8296.443359375,10127.659314344819,11_sub14
-6714278.273598267,6578990.80620966,37.5,8296.443359375,10127.659314344819,11_sub14
-6714272.970297407,6578985.502908801,45.00000000000001,8296.322265625,10127.659314344819,11_sub14
-6714267.666996549,6578980.199607942,52.500000000000014,8296.322265625,10127.659314344819,11_sub14
-6714262.3636956895,6578974.896307083,60.00000000000002,8296.322265625,10127.659314344819,11_sub14
-6714257.060394831,6578969.593006224,67.50000000000003,8296.322265625,10127.659314344819,11_sub14
-6714251.757093972,6578964.289705366,75.0,8296.322265625,10127.659314344819,11_sub14
-6714246.453793113,6578958.9864045065,82.5,8296.322265625,10127.659314344819,11_sub14
-6714241.150492255,6578953.683103648,90.00000000000001,8296.322265625,10127.659314344819,11_sub14
-6714235.847191395,6578948.379802789,97.50000000000001,8296.322265625,10127.659314344819,11_sub14
-6714230.543890537,6578943.07650193,105.00000000000003,8296.322265625,10127.659314344819,11_sub14
-6714225.240589677,6578937.773201071,112.5,8296.322265625,10127.659314344819,11_sub14
-6714219.937288819,6578932.469900212,120.0,8299.91015625,10127.659314344819,11_sub14
-6714214.6339879595,6578927.166599353,127.50000000000001,8299.91015625,10127.659314344819,11_sub14
-6714209.330687101,6578921.863298494,135.00000000000003,8299.91015625,10127.659314344819,11_sub14
-6714204.027386242,6578916.559997635,142.50000000000003,8299.91015625,10127.659314344819,11_sub14
-6714198.724085383,6578911.2566967765,150.0,8299.91015625,10127.659314344819,11_sub14
-6714575.636536895,6579331.10147843,-150.0,8296.83984375,10660.694015099809,11_sub14
-6714580.939837754,6579325.798177572,-142.5,8284.30078125,10660.694015099809,11_sub14
-6714586.243138613,6579320.494876713,-135.0,8284.30078125,10660.694015099809,11_sub14
-6714591.546439472,6579315.191575854,-127.5,8284.30078125,10660.694015099809,11_sub14
-6714596.849740331,6579309.888274995,-120.0,8284.30078125,10660.694015099809,11_sub14
-6714602.15304119,6579304.584974136,-112.5,8284.30078125,10660.694015099809,11_sub14
-6714607.456342049,6579299.281673277,-105.0,8284.30078125,10660.694015099809,11_sub14
-6714612.759642907,6579293.978372418,-97.49999999999999,8284.30078125,10660.694015099809,11_sub14
-6714618.062943767,6579288.675071559,-90.0,8284.30078125,10660.694015099809,11_sub14
-6714623.366244625,6579283.3717707,-82.5,8284.30078125,10660.694015099809,11_sub14
-6714628.669545485,6579278.068469841,-75.0,8284.30078125,10660.694015099809,11_sub14
-6714633.972846343,6579272.765168983,-67.5,8284.30078125,10660.694015099809,11_sub14
-6714639.276147202,6579267.461868124,-59.999999999999986,8284.30078125,10660.694015099809,11_sub14
-6714644.579448061,6579262.158567265,-52.5,8284.30078125,10660.694015099809,11_sub14
-6714649.88274892,6579256.855266406,-44.99999999999999,8284.30078125,10660.694015099809,11_sub14
-6714655.186049779,6579251.551965547,-37.5,8284.30078125,10660.694015099809,11_sub14
-6714660.489350637,6579246.248664688,-29.999999999999993,8284.30078125,10660.694015099809,11_sub14
-6714665.792651497,6579240.945363829,-22.499999999999986,8284.30078125,10660.694015099809,11_sub14
-6714671.095952355,6579235.64206297,-14.999999999999996,8283.20703125,10660.694015099809,11_sub14
-6714676.399253215,6579230.338762111,-7.49999999999999,8283.20703125,10660.694015099809,11_sub14
-6714681.702554073,6579225.035461253,0.0,8283.20703125,10660.694015099809,11_sub14
-6714687.005854932,6579219.732160394,7.500000000000007,8283.20703125,10660.694015099809,11_sub14
-6714692.309155791,6579214.428859535,15.000000000000014,8283.20703125,10660.694015099809,11_sub14
-6714697.61245665,6579209.125558676,22.50000000000002,8286.970703125,10660.694015099809,11_sub14
-6714702.915757509,6579203.822257817,30.00000000000003,8286.970703125,10660.694015099809,11_sub14
-6714708.219058367,6579198.518956958,37.5,8286.970703125,10660.694015099809,11_sub14
-6714713.522359227,6579193.215656099,45.00000000000001,8286.970703125,10660.694015099809,11_sub14
-6714718.825660085,6579187.91235524,52.500000000000014,8286.970703125,10660.694015099809,11_sub14
-6714724.128960945,6579182.609054381,60.00000000000002,8286.970703125,10660.694015099809,11_sub14
-6714729.432261803,6579177.305753523,67.50000000000003,8286.970703125,10660.694015099809,11_sub14
-6714734.735562662,6579172.002452664,75.0,8286.970703125,10660.694015099809,11_sub14
-6714740.038863521,6579166.699151805,82.5,8286.970703125,10660.694015099809,11_sub14
-6714745.34216438,6579161.395850946,90.00000000000001,8286.970703125,10660.694015099809,11_sub14
-6714750.645465239,6579156.092550087,97.50000000000001,8286.970703125,10660.694015099809,11_sub14
-6714755.948766097,6579150.789249228,105.00000000000003,8286.970703125,10660.694015099809,11_sub14
-6714761.252066957,6579145.485948369,112.5,8286.970703125,10660.694015099809,11_sub14
-6714766.555367815,6579140.18264751,120.0,8286.970703125,10660.694015099809,11_sub14
-6714771.858668675,6579134.879346651,127.50000000000001,8286.970703125,10660.694015099809,11_sub14
-6714777.161969533,6579129.576045793,135.00000000000003,8286.970703125,10660.694015099809,11_sub14
-6714782.465270393,6579124.272744933,142.50000000000003,8286.970703125,10660.694015099809,11_sub14
-6714787.768571251,6579118.969444075,150.0,8292.625,10660.694015099809,11_sub14
-6714608.436265205,6579627.835037997,-150.0,8299.2470703125,11193.7287158548,11_sub14
-6714613.7395660635,6579633.1383388555,-142.5,8299.2470703125,11193.7287158548,11_sub14
-6714619.042866923,6579638.441639715,-135.0,8299.2470703125,11193.7287158548,11_sub14
-6714624.346167781,6579643.744940573,-127.5,8299.2470703125,11193.7287158548,11_sub14
-6714629.649468641,6579649.048241433,-120.0,8299.2470703125,11193.7287158548,11_sub14
-6714634.952769499,6579654.351542291,-112.5,8299.2470703125,11193.7287158548,11_sub14
-6714640.256070359,6579659.654843151,-105.0,8299.2470703125,11193.7287158548,11_sub14
-6714645.559371217,6579664.958144009,-97.49999999999999,8285.2294921875,11193.7287158548,11_sub14
-6714650.862672077,6579670.2614448685,-90.0,8285.2294921875,11193.7287158548,11_sub14
-6714656.165972935,6579675.564745727,-82.5,8285.2294921875,11193.7287158548,11_sub14
-6714661.469273794,6579680.8680465855,-75.0,8285.2294921875,11193.7287158548,11_sub14
-6714666.772574653,6579686.171347445,-67.5,8285.2294921875,11193.7287158548,11_sub14
-6714672.075875511,6579691.474648303,-59.999999999999986,8270.541015625,11193.7287158548,11_sub14
-6714677.379176371,6579696.777949163,-52.5,8270.541015625,11193.7287158548,11_sub14
-6714682.682477229,6579702.081250021,-44.99999999999999,8270.541015625,11193.7287158548,11_sub14
-6714687.985778089,6579707.384550881,-37.5,8270.541015625,11193.7287158548,11_sub14
-6714693.289078947,6579712.687851739,-29.999999999999993,8270.541015625,11193.7287158548,11_sub14
-6714698.592379807,6579717.9911525985,-22.499999999999986,8270.541015625,11193.7287158548,11_sub14
-6714703.895680665,6579723.294453457,-14.999999999999996,8270.541015625,11193.7287158548,11_sub14
-6714709.198981524,6579728.597754316,-7.49999999999999,8270.541015625,11193.7287158548,11_sub14
-6714714.502282383,6579733.901055175,0.0,8270.541015625,11193.7287158548,11_sub14
-6714719.805583241,6579739.204356033,7.500000000000007,8270.541015625,11193.7287158548,11_sub14
-6714725.108884101,6579744.507656893,15.000000000000014,8270.541015625,11193.7287158548,11_sub14
-6714730.412184959,6579749.810957751,22.50000000000002,8270.541015625,11193.7287158548,11_sub14
-6714735.715485819,6579755.114258611,30.00000000000003,8270.541015625,11193.7287158548,11_sub14
-6714741.018786677,6579760.417559469,37.5,8270.541015625,11193.7287158548,11_sub14
-6714746.322087537,6579765.7208603285,45.00000000000001,8270.541015625,11193.7287158548,11_sub14
-6714751.625388395,6579771.024161187,52.500000000000014,8270.541015625,11193.7287158548,11_sub14
-6714756.928689254,6579776.327462046,60.00000000000002,8270.541015625,11193.7287158548,11_sub14
-6714762.231990113,6579781.630762905,67.50000000000003,8272.958984375,11193.7287158548,11_sub14
-6714767.535290971,6579786.934063764,75.0,8272.958984375,11193.7287158548,11_sub14
-6714772.838591831,6579792.237364623,82.5,8272.958984375,11193.7287158548,11_sub14
-6714778.141892689,6579797.540665481,90.00000000000001,8272.958984375,11193.7287158548,11_sub14
-6714783.445193549,6579802.843966341,97.50000000000001,8272.958984375,11193.7287158548,11_sub14
-6714788.748494407,6579808.147267199,105.00000000000003,8274.080078125,11193.7287158548,11_sub14
-6714794.051795267,6579813.4505680585,112.5,8274.080078125,11193.7287158548,11_sub14
-6714799.355096125,6579818.753868917,120.0,8274.080078125,11193.7287158548,11_sub14
-6714804.658396984,6579824.057169776,127.50000000000001,8274.080078125,11193.7287158548,11_sub14
-6714809.961697843,6579829.360470635,135.00000000000003,8274.080078125,11193.7287158548,11_sub14
-6714815.264998702,6579834.663771494,142.50000000000003,8274.080078125,11193.7287158548,11_sub14
-6714820.568299561,6579839.967072353,150.0,8274.080078125,11193.7287158548,11_sub14
-6714577.277110981,6580178.922301395,-150.0,8254.4921875,11726.76341660979,11_sub14
-6714584.777110981,6580178.922301395,-142.5,8254.4921875,11726.76341660979,11_sub14
-6714592.277110981,6580178.922301395,-135.0,8254.4921875,11726.76341660979,11_sub14
-6714599.777110981,6580178.922301395,-127.5,8254.4921875,11726.76341660979,11_sub14
-6714607.277110981,6580178.922301395,-120.0,8254.4921875,11726.76341660979,11_sub14
-6714614.777110981,6580178.922301395,-112.5,8254.4921875,11726.76341660979,11_sub14
-6714622.277110981,6580178.922301395,-105.0,8254.4921875,11726.76341660979,11_sub14
-6714629.777110981,6580178.922301395,-97.49999999999999,8254.4921875,11726.76341660979,11_sub14
-6714637.277110981,6580178.922301395,-90.0,8254.4921875,11726.76341660979,11_sub14
-6714644.777110981,6580178.922301395,-82.5,8254.4921875,11726.76341660979,11_sub14
-6714652.277110981,6580178.922301395,-75.0,8254.4921875,11726.76341660979,11_sub14
-6714659.777110981,6580178.922301395,-67.5,8254.4921875,11726.76341660979,11_sub14
-6714667.277110981,6580178.922301395,-59.999999999999986,8254.4921875,11726.76341660979,11_sub14
-6714674.777110981,6580178.922301395,-52.5,8247.41796875,11726.76341660979,11_sub14
-6714682.277110981,6580178.922301395,-44.99999999999999,8247.41796875,11726.76341660979,11_sub14
-6714689.777110981,6580178.922301395,-37.5,8247.41796875,11726.76341660979,11_sub14
-6714697.277110981,6580178.922301395,-29.999999999999993,8247.41796875,11726.76341660979,11_sub14
-6714704.777110981,6580178.922301395,-22.499999999999986,8247.41796875,11726.76341660979,11_sub14
-6714712.277110981,6580178.922301395,-14.999999999999996,8247.41796875,11726.76341660979,11_sub14
-6714719.777110981,6580178.922301395,-7.49999999999999,8247.41796875,11726.76341660979,11_sub14
-6714727.277110981,6580178.922301395,0.0,8247.41796875,11726.76341660979,11_sub14
-6714734.777110981,6580178.922301395,7.500000000000007,8247.41796875,11726.76341660979,11_sub14
-6714742.277110981,6580178.922301395,15.000000000000014,8247.41796875,11726.76341660979,11_sub14
-6714749.777110981,6580178.922301395,22.50000000000002,8247.41796875,11726.76341660979,11_sub14
-6714757.277110981,6580178.922301395,30.00000000000003,8247.41796875,11726.76341660979,11_sub14
-6714764.777110981,6580178.922301395,37.5,8247.41796875,11726.76341660979,11_sub14
-6714772.277110981,6580178.922301395,45.00000000000001,8247.41796875,11726.76341660979,11_sub14
-6714779.777110981,6580178.922301395,52.500000000000014,8247.41796875,11726.76341660979,11_sub14
-6714787.277110981,6580178.922301395,60.00000000000002,8271.6962890625,11726.76341660979,11_sub14
-6714794.777110981,6580178.922301395,67.50000000000003,8271.6962890625,11726.76341660979,11_sub14
-6714802.277110981,6580178.922301395,75.0,8271.6962890625,11726.76341660979,11_sub14
-6714809.777110981,6580178.922301395,82.5,8271.6962890625,11726.76341660979,11_sub14
-6714817.277110981,6580178.922301395,90.00000000000001,8271.6962890625,11726.76341660979,11_sub14
-6714824.777110981,6580178.922301395,97.50000000000001,8271.6962890625,11726.76341660979,11_sub14
-6714832.277110981,6580178.922301395,105.00000000000003,8271.6962890625,11726.76341660979,11_sub14
-6714839.777110981,6580178.922301395,112.5,8271.6962890625,11726.76341660979,11_sub14
-6714847.277110981,6580178.922301395,120.0,8271.6962890625,11726.76341660979,11_sub14
-6714854.777110981,6580178.922301395,127.50000000000001,8271.6962890625,11726.76341660979,11_sub14
-6714862.277110981,6580178.922301395,135.00000000000003,8271.6962890625,11726.76341660979,11_sub14
-6714869.777110981,6580178.922301395,142.50000000000003,8271.6962890625,11726.76341660979,11_sub14
-6714877.277110981,6580178.922301395,150.0,8271.6962890625,11726.76341660979,11_sub14
-6714544.049870104,6580480.6247978285,-150.0,8246.046875,12259.79811736478,11_sub14
-6714549.353170962,6580485.928098687,-142.5,8246.046875,12259.79811736478,11_sub14
-6714554.6564718215,6580491.231399546,-135.0,8246.046875,12259.79811736478,11_sub14
-6714559.95977268,6580496.534700405,-127.5,8242.36328125,12259.79811736478,11_sub14
-6714565.263073539,6580501.838001264,-120.0,8242.36328125,12259.79811736478,11_sub14
-6714570.566374398,6580507.141302123,-112.5,8242.36328125,12259.79811736478,11_sub14
-6714575.869675257,6580512.444602982,-105.0,8242.36328125,12259.79811736478,11_sub14
-6714581.172976116,6580517.747903841,-97.49999999999999,8242.36328125,12259.79811736478,11_sub14
-6714586.476276975,6580523.0512047,-90.0,8242.36328125,12259.79811736478,11_sub14
-6714591.779577834,6580528.3545055585,-82.5,8242.36328125,12259.79811736478,11_sub14
-6714597.082878692,6580533.657806417,-75.0,8242.36328125,12259.79811736478,11_sub14
-6714602.3861795515,6580538.961107276,-67.5,8242.36328125,12259.79811736478,11_sub14
-6714607.68948041,6580544.264408135,-59.999999999999986,8242.36328125,12259.79811736478,11_sub14
-6714612.992781269,6580549.567708994,-52.5,8242.36328125,12259.79811736478,11_sub14
-6714618.296082128,6580554.871009853,-44.99999999999999,8242.36328125,12259.79811736478,11_sub14
-6714623.599382987,6580560.174310712,-37.5,8242.36328125,12259.79811736478,11_sub14
-6714628.902683846,6580565.477611571,-29.999999999999993,8242.36328125,12259.79811736478,11_sub14
-6714634.205984705,6580570.78091243,-22.499999999999986,8225.5009765625,12259.79811736478,11_sub14
-6714639.509285564,6580576.0842132885,-14.999999999999996,8225.5009765625,12259.79811736478,11_sub14
-6714644.812586423,6580581.387514148,-7.49999999999999,8225.5009765625,12259.79811736478,11_sub14
-6714650.1158872815,6580586.690815006,0.0,8225.5009765625,12259.79811736478,11_sub14
-6714655.41918814,6580591.994115865,7.500000000000007,8225.5009765625,12259.79811736478,11_sub14
-6714660.722488999,6580597.297416724,15.000000000000014,8225.5009765625,12259.79811736478,11_sub14
-6714666.025789858,6580602.600717583,22.50000000000002,8225.5009765625,12259.79811736478,11_sub14
-6714671.329090717,6580607.904018442,30.00000000000003,8232.0634765625,12259.79811736478,11_sub14
-6714676.632391576,6580613.207319301,37.5,8232.0634765625,12259.79811736478,11_sub14
-6714681.935692435,6580618.51062016,45.00000000000001,8232.0634765625,12259.79811736478,11_sub14
-6714687.238993294,6580623.8139210185,52.500000000000014,8232.0634765625,12259.79811736478,11_sub14
-6714692.542294153,6580629.117221878,60.00000000000002,8232.0634765625,12259.79811736478,11_sub14
-6714697.8455950115,6580634.420522736,67.50000000000003,8232.0634765625,12259.79811736478,11_sub14
-6714703.148895871,6580639.723823596,75.0,8232.0634765625,12259.79811736478,11_sub14
-6714708.452196729,6580645.027124454,82.5,8232.0634765625,12259.79811736478,11_sub14
-6714713.755497588,6580650.330425313,90.00000000000001,8232.0634765625,12259.79811736478,11_sub14
-6714719.058798447,6580655.633726172,97.50000000000001,8232.0634765625,12259.79811736478,11_sub14
-6714724.362099306,6580660.937027031,105.00000000000003,8232.0634765625,12259.79811736478,11_sub14
-6714729.665400165,6580666.24032789,112.5,8232.0634765625,12259.79811736478,11_sub14
-6714734.968701024,6580671.5436287485,120.0,8232.0634765625,12259.79811736478,11_sub14
-6714740.272001883,6580676.846929608,127.50000000000001,8232.0634765625,12259.79811736478,11_sub14
-6714745.5753027415,6580682.150230466,135.00000000000003,8222.6845703125,12259.79811736478,11_sub14
-6714750.878603601,6580687.453531326,142.50000000000003,8222.6845703125,12259.79811736478,11_sub14
-6714756.181904459,6580692.756832184,150.0,8222.6845703125,12259.79811736478,11_sub14
-6714352.019006772,6580992.405208103,-150.0,8220.5068359375,12792.832818119772,11_sub14
-6714359.519006772,6580992.405208103,-142.5,8220.5068359375,12792.832818119772,11_sub14
-6714367.019006772,6580992.405208103,-135.0,8220.5068359375,12792.832818119772,11_sub14
-6714374.519006772,6580992.405208103,-127.5,8220.5068359375,12792.832818119772,11_sub14
-6714382.019006772,6580992.405208103,-120.0,8220.5068359375,12792.832818119772,11_sub14
-6714389.519006772,6580992.405208103,-112.5,8220.5068359375,12792.832818119772,11_sub14
-6714397.019006772,6580992.405208103,-105.0,8220.5068359375,12792.832818119772,11_sub14
-6714404.519006772,6580992.405208103,-97.49999999999999,8220.5068359375,12792.832818119772,11_sub14
-6714412.019006772,6580992.405208103,-90.0,8220.5068359375,12792.832818119772,11_sub14
-6714419.519006772,6580992.405208103,-82.5,8220.5068359375,12792.832818119772,11_sub14
-6714427.019006772,6580992.405208103,-75.0,8220.5068359375,12792.832818119772,11_sub14
-6714434.519006772,6580992.405208103,-67.5,8220.5068359375,12792.832818119772,11_sub14
-6714442.019006772,6580992.405208103,-59.999999999999986,8220.5068359375,12792.832818119772,11_sub14
-6714449.519006772,6580992.405208103,-52.5,8220.2236328125,12792.832818119772,11_sub14
-6714457.019006772,6580992.405208103,-44.99999999999999,8220.2236328125,12792.832818119772,11_sub14
-6714464.519006772,6580992.405208103,-37.5,8220.2236328125,12792.832818119772,11_sub14
-6714472.019006772,6580992.405208103,-29.999999999999993,8220.2236328125,12792.832818119772,11_sub14
-6714479.519006772,6580992.405208103,-22.499999999999986,8220.2236328125,12792.832818119772,11_sub14
-6714487.019006772,6580992.405208103,-14.999999999999996,8220.2236328125,12792.832818119772,11_sub14
-6714494.519006772,6580992.405208103,-7.49999999999999,8220.2236328125,12792.832818119772,11_sub14
-6714502.019006772,6580992.405208103,0.0,8220.2236328125,12792.832818119772,11_sub14
-6714509.519006772,6580992.405208103,7.500000000000007,8220.2236328125,12792.832818119772,11_sub14
-6714517.019006772,6580992.405208103,15.000000000000014,8220.2236328125,12792.832818119772,11_sub14
-6714524.519006772,6580992.405208103,22.50000000000002,8220.2236328125,12792.832818119772,11_sub14
-6714532.019006772,6580992.405208103,30.00000000000003,8220.2236328125,12792.832818119772,11_sub14
-6714539.519006772,6580992.405208103,37.5,8220.2236328125,12792.832818119772,11_sub14
-6714547.019006772,6580992.405208103,45.00000000000001,8220.2236328125,12792.832818119772,11_sub14
-6714554.519006772,6580992.405208103,52.500000000000014,8220.2236328125,12792.832818119772,11_sub14
-6714562.019006772,6580992.405208103,60.00000000000002,8226.646484375,12792.832818119772,11_sub14
-6714569.519006772,6580992.405208103,67.50000000000003,8226.646484375,12792.832818119772,11_sub14
-6714577.019006772,6580992.405208103,75.0,8226.646484375,12792.832818119772,11_sub14
-6714584.519006772,6580992.405208103,82.5,8226.646484375,12792.832818119772,11_sub14
-6714592.019006772,6580992.405208103,90.00000000000001,8226.646484375,12792.832818119772,11_sub14
-6714599.519006772,6580992.405208103,97.50000000000001,8226.646484375,12792.832818119772,11_sub14
-6714607.019006772,6580992.405208103,105.00000000000003,8226.646484375,12792.832818119772,11_sub14
-6714614.519006772,6580992.405208103,112.5,8226.646484375,12792.832818119772,11_sub14
-6714622.019006772,6580992.405208103,120.0,8226.646484375,12792.832818119772,11_sub14
-6714629.519006772,6580992.405208103,127.50000000000001,8226.646484375,12792.832818119772,11_sub14
-6714637.019006772,6580992.405208103,135.00000000000003,8226.646484375,12792.832818119772,11_sub14
-6714644.519006772,6580992.405208103,142.50000000000003,8226.646484375,12792.832818119772,11_sub14
-6714652.019006772,6580992.405208103,150.0,8226.646484375,12792.832818119772,11_sub14
-6714185.949256785,6581531.882396719,-150.0,8206.5673828125,13325.867518874762,11_sub14
-6714191.252557645,6581526.579095861,-142.5,8206.5673828125,13325.867518874762,11_sub14
-6714196.555858503,6581521.275795002,-135.0,8206.5673828125,13325.867518874762,11_sub14
-6714201.859159362,6581515.972494143,-127.5,8206.5673828125,13325.867518874762,11_sub14
-6714207.162460221,6581510.669193284,-120.0,8206.5673828125,13325.867518874762,11_sub14
-6714212.46576108,6581505.365892425,-112.5,8206.5673828125,13325.867518874762,11_sub14
-6714217.769061939,6581500.062591566,-105.0,8206.5673828125,13325.867518874762,11_sub14
-6714223.072362797,6581494.759290707,-97.49999999999999,8181.111328125,13325.867518874762,11_sub14
-6714228.375663657,6581489.455989848,-90.0,8181.111328125,13325.867518874762,11_sub14
-6714233.678964516,6581484.152688989,-82.5,8181.111328125,13325.867518874762,11_sub14
-6714238.982265375,6581478.84938813,-75.0,8181.111328125,13325.867518874762,11_sub14
-6714244.285566233,6581473.5460872715,-67.5,8181.111328125,13325.867518874762,11_sub14
-6714249.5888670925,6581468.242786413,-59.999999999999986,8181.111328125,13325.867518874762,11_sub14
-6714254.892167952,6581462.939485554,-52.5,8200.119140625,13325.867518874762,11_sub14
-6714260.19546881,6581457.636184695,-44.99999999999999,8200.119140625,13325.867518874762,11_sub14
-6714265.498769669,6581452.332883836,-37.5,8200.119140625,13325.867518874762,11_sub14
-6714270.802070528,6581447.029582977,-29.999999999999993,8200.119140625,13325.867518874762,11_sub14
-6714276.105371388,6581441.726282118,-22.499999999999986,8200.119140625,13325.867518874762,11_sub14
-6714281.408672246,6581436.422981259,-14.999999999999996,8200.119140625,13325.867518874762,11_sub14
-6714286.711973105,6581431.1196804,-7.49999999999999,8200.119140625,13325.867518874762,11_sub14
-6714292.015273964,6581425.8163795415,0.0,8200.119140625,13325.867518874762,11_sub14
-6714297.318574823,6581420.513078683,7.500000000000007,8200.119140625,13325.867518874762,11_sub14
-6714302.621875682,6581415.209777824,15.000000000000014,8200.119140625,13325.867518874762,11_sub14
-6714307.92517654,6581409.906476965,22.50000000000002,8200.119140625,13325.867518874762,11_sub14
-6714313.2284774,6581404.603176106,30.00000000000003,8200.119140625,13325.867518874762,11_sub14
-6714318.531778259,6581399.299875247,37.5,8200.119140625,13325.867518874762,11_sub14
-6714323.835079118,6581393.996574388,45.00000000000001,8200.119140625,13325.867518874762,11_sub14
-6714329.138379976,6581388.693273529,52.500000000000014,8200.119140625,13325.867518874762,11_sub14
-6714334.441680836,6581383.38997267,60.00000000000002,8200.62890625,13325.867518874762,11_sub14
-6714339.744981695,6581378.0866718115,67.50000000000003,8200.62890625,13325.867518874762,11_sub14
-6714345.048282553,6581372.783370953,75.0,8200.62890625,13325.867518874762,11_sub14
-6714350.351583412,6581367.480070094,82.5,8200.62890625,13325.867518874762,11_sub14
-6714355.654884271,6581362.176769235,90.00000000000001,8200.62890625,13325.867518874762,11_sub14
-6714360.958185131,6581356.873468376,97.50000000000001,8200.62890625,13325.867518874762,11_sub14
-6714366.261485989,6581351.570167517,105.00000000000003,8214.30078125,13325.867518874762,11_sub14
-6714371.564786848,6581346.266866658,112.5,8214.30078125,13325.867518874762,11_sub14
-6714376.868087707,6581340.963565799,120.0,8214.30078125,13325.867518874762,11_sub14
-6714382.1713885665,6581335.66026494,127.50000000000001,8214.30078125,13325.867518874762,11_sub14
-6714387.474689425,6581330.3569640815,135.00000000000003,8214.30078125,13325.867518874762,11_sub14
-6714392.777990283,6581325.053663222,142.50000000000003,8214.30078125,13325.867518874762,11_sub14
-6714398.081291143,6581319.750362364,150.0,8214.30078125,13325.867518874762,11_sub14
-6714454.3023751,6581696.662813876,-150.0,8160.4970703125,13858.902219629752,11_sub14
-6714459.605675958,6581701.966114734,-142.5,8160.4970703125,13858.902219629752,11_sub14
-6714464.9089768175,6581707.269415594,-135.0,8160.4970703125,13858.902219629752,11_sub14
-6714470.212277676,6581712.572716452,-127.5,8160.4970703125,13858.902219629752,11_sub14
-6714475.515578535,6581717.876017312,-120.0,8160.4970703125,13858.902219629752,11_sub14
-6714480.818879394,6581723.17931817,-112.5,8160.4970703125,13858.902219629752,11_sub14
-6714486.122180253,6581728.4826190295,-105.0,8160.4970703125,13858.902219629752,11_sub14
-6714491.425481112,6581733.785919888,-97.49999999999999,8160.4970703125,13858.902219629752,11_sub14
-6714496.728781971,6581739.089220747,-90.0,8160.4970703125,13858.902219629752,11_sub14
-6714502.03208283,6581744.392521606,-82.5,8160.4970703125,13858.902219629752,11_sub14
-6714507.335383689,6581749.695822464,-75.0,8160.4970703125,13858.902219629752,11_sub14
-6714512.6386845475,6581754.999123324,-67.5,8160.4970703125,13858.902219629752,11_sub14
-6714517.941985406,6581760.302424182,-59.999999999999986,8160.4970703125,13858.902219629752,11_sub14
-6714523.245286265,6581765.605725042,-52.5,8160.4970703125,13858.902219629752,11_sub14
-6714528.548587124,6581770.9090259,-44.99999999999999,8160.4970703125,13858.902219629752,11_sub14
-6714533.851887983,6581776.2123267595,-37.5,8160.4970703125,13858.902219629752,11_sub14
-6714539.155188842,6581781.515627618,-29.999999999999993,8160.4970703125,13858.902219629752,11_sub14
-6714544.458489701,6581786.818928477,-22.499999999999986,8160.4970703125,13858.902219629752,11_sub14
-6714549.76179056,6581792.122229336,-14.999999999999996,8160.4970703125,13858.902219629752,11_sub14
-6714555.065091419,6581797.425530195,-7.49999999999999,8160.4970703125,13858.902219629752,11_sub14
-6714560.3683922775,6581802.728831054,0.0,8160.07177734375,13858.902219629752,11_sub14
-6714565.671693136,6581808.032131912,7.500000000000007,8160.19580078125,13858.902219629752,11_sub14
-6714570.974993995,6581813.335432772,15.000000000000014,8160.19580078125,13858.902219629752,11_sub14
-6714576.278294854,6581818.63873363,22.50000000000002,8160.19580078125,13858.902219629752,11_sub14
-6714581.581595713,6581823.9420344895,30.00000000000003,8160.19580078125,13858.902219629752,11_sub14
-6714586.884896572,6581829.245335348,37.5,8160.19580078125,13858.902219629752,11_sub14
-6714592.188197431,6581834.548636207,45.00000000000001,8160.19580078125,13858.902219629752,11_sub14
-6714597.49149829,6581839.851937066,52.500000000000014,8160.19580078125,13858.902219629752,11_sub14
-6714602.794799149,6581845.155237925,60.00000000000002,8160.19580078125,13858.902219629752,11_sub14
-6714608.0981000075,6581850.458538784,67.50000000000003,8160.19580078125,13858.902219629752,11_sub14
-6714613.401400866,6581855.761839643,75.0,8160.19580078125,13858.902219629752,11_sub14
-6714618.704701725,6581861.065140502,82.5,8160.19580078125,13858.902219629752,11_sub14
-6714624.008002584,6581866.36844136,90.00000000000001,8160.19580078125,13858.902219629752,11_sub14
-6714629.311303443,6581871.6717422195,97.50000000000001,8160.19580078125,13858.902219629752,11_sub14
-6714634.614604302,6581876.975043078,105.00000000000003,8160.19580078125,13858.902219629752,11_sub14
-6714639.917905161,6581882.278343937,112.5,8160.19580078125,13858.902219629752,11_sub14
-6714645.22120602,6581887.581644796,120.0,8160.19580078125,13858.902219629752,11_sub14
-6714650.524506879,6581892.884945655,127.50000000000001,8160.19580078125,13858.902219629752,11_sub14
-6714655.8278077375,6581898.188246514,135.00000000000003,8160.19580078125,13858.902219629752,11_sub14
-6714661.131108597,6581903.491547373,142.50000000000003,8160.19580078125,13858.902219629752,11_sub14
-6714666.434409455,6581908.794848232,150.0,8160.19580078125,13858.902219629752,11_sub14
-6714727.277110981,6582236.336320767,-150.0,8124.44384765625,14391.936920384744,11_sub14
-6714727.277110981,6582228.836320767,-142.5,8124.44384765625,14391.936920384744,11_sub14
-6714727.277110981,6582221.336320767,-135.0,8124.44384765625,14391.936920384744,11_sub14
-6714727.277110981,6582213.836320767,-127.5,8124.44384765625,14391.936920384744,11_sub14
-6714727.277110981,6582206.336320767,-120.0,8124.44384765625,14391.936920384744,11_sub14
-6714727.277110981,6582198.836320767,-112.5,8124.44384765625,14391.936920384744,11_sub14
-6714727.277110981,6582191.336320767,-105.0,8124.44384765625,14391.936920384744,11_sub14
-6714727.277110981,6582183.836320767,-97.49999999999999,8124.44384765625,14391.936920384744,11_sub14
-6714727.277110981,6582176.336320767,-90.0,8124.44384765625,14391.936920384744,11_sub14
-6714727.277110981,6582168.836320767,-82.5,8124.44384765625,14391.936920384744,11_sub14
-6714727.277110981,6582161.336320767,-75.0,8124.44384765625,14391.936920384744,11_sub14
-6714727.277110981,6582153.836320767,-67.5,8124.44384765625,14391.936920384744,11_sub14
-6714727.277110981,6582146.336320767,-59.999999999999986,8124.44384765625,14391.936920384744,11_sub14
-6714727.277110981,6582138.836320767,-52.5,8124.47265625,14391.936920384744,11_sub14
-6714727.277110981,6582131.336320767,-44.99999999999999,8124.47265625,14391.936920384744,11_sub14
-6714727.277110981,6582123.836320767,-37.5,8124.47265625,14391.936920384744,11_sub14
-6714727.277110981,6582116.336320767,-29.999999999999993,8124.47265625,14391.936920384744,11_sub14
-6714727.277110981,6582108.836320767,-22.499999999999986,8124.47265625,14391.936920384744,11_sub14
-6714727.277110981,6582101.336320767,-14.999999999999996,8124.47265625,14391.936920384744,11_sub14
-6714727.277110981,6582093.836320767,-7.49999999999999,8124.47265625,14391.936920384744,11_sub14
-6714727.277110981,6582086.336320767,0.0,8124.47265625,14391.936920384744,11_sub14
-6714727.277110981,6582078.836320767,7.500000000000007,8124.47265625,14391.936920384744,11_sub14
-6714727.277110981,6582071.336320767,15.000000000000014,8124.47265625,14391.936920384744,11_sub14
-6714727.277110981,6582063.836320767,22.50000000000002,8124.47265625,14391.936920384744,11_sub14
-6714727.277110981,6582056.336320767,30.00000000000003,8124.47265625,14391.936920384744,11_sub14
-6714727.277110981,6582048.836320767,37.5,8124.47265625,14391.936920384744,11_sub14
-6714727.277110981,6582041.336320767,45.00000000000001,8124.47265625,14391.936920384744,11_sub14
-6714727.277110981,6582033.836320767,52.500000000000014,8124.47265625,14391.936920384744,11_sub14
-6714727.277110981,6582026.336320767,60.00000000000002,8128.70263671875,14391.936920384744,11_sub14
-6714727.277110981,6582018.836320767,67.50000000000003,8128.70263671875,14391.936920384744,11_sub14
-6714727.277110981,6582011.336320767,75.0,8128.70263671875,14391.936920384744,11_sub14
-6714727.277110981,6582003.836320767,82.5,8128.70263671875,14391.936920384744,11_sub14
-6714727.277110981,6581996.336320767,90.00000000000001,8128.70263671875,14391.936920384744,11_sub14
-6714727.277110981,6581988.836320767,97.50000000000001,8128.70263671875,14391.936920384744,11_sub14
-6714727.277110981,6581981.336320767,105.00000000000003,8128.70263671875,14391.936920384744,11_sub14
-6714727.277110981,6581973.836320767,112.5,8128.70263671875,14391.936920384744,11_sub14
-6714727.277110981,6581966.336320767,120.0,8128.70263671875,14391.936920384744,11_sub14
-6714727.277110981,6581958.836320767,127.50000000000001,8128.70263671875,14391.936920384744,11_sub14
-6714727.277110981,6581951.336320767,135.00000000000003,8128.70263671875,14391.936920384744,11_sub14
-6714727.277110981,6581943.836320767,142.50000000000003,8128.70263671875,14391.936920384744,11_sub14
-6714727.277110981,6581936.336320767,150.0,8128.70263671875,14391.936920384744,11_sub14
