x,y,distance_from_center_m,elevation_m,station_m,segment_id
-6712030.742895403,6570942.623197369,-150.0,8446.2412109375,0.0,216
-6712036.046196261,6570947.926498228,-142.5,8446.2412109375,0.0,216
-6712041.349497121,6570953.229799087,-135.0,8446.2412109375,0.0,216
-6712046.65279798,6570958.533099946,-127.5,8446.2412109375,0.0,216
-6712051.956098839,6570963.836400805,-120.0,8446.2412109375,0.0,216
-6712057.259399697,6570969.1397016635,-112.5,8446.2412109375,0.0,216
-6712062.562700557,6570974.443002523,-105.0,8446.2412109375,0.0,216
-6712067.866001416,6570979.746303381,-97.49999999999999,8446.2412109375,0.0,216
-6712073.1693022745,6570985.049604241,-90.0,8446.2412109375,0.0,216
-6712078.472603133,6570990.352905099,-82.5,8446.2412109375,0.0,216
-6712083.775903992,6570995.656205958,-75.0,8444.9208984375,0.0,216
-6712089.079204852,6571000.959506817,-67.5,8444.9208984375,0.0,216
-6712094.38250571,6571006.262807676,-59.999999999999986,8444.9208984375,0.0,216
-6712099.685806569,6571011.566108535,-52.5,8444.9208984375,0.0,216
-6712104.989107428,6571016.8694093935,-44.99999999999999,8444.9208984375,0.0,216
-6712110.2924082875,6571022.172710253,-37.5,8444.9208984375,0.0,216
-6712115.595709146,6571027.476011111,-29.999999999999993,8444.9208984375,0.0,216
-6712120.8990100045,6571032.779311971,-22.499999999999986,8444.9208984375,0.0,216
-6712126.202310864,6571038.082612829,-14.999999999999996,8444.9208984375,0.0,216
-6712131.505611723,6571043.385913689,-7.49999999999999,8444.9208984375,0.0,216
-6712136.808912582,6571048.689214547,0.0,8444.9208984375,0.0,216
-6712142.11221344,6571053.992515406,7.500000000000007,8444.9208984375,0.0,216
-6712147.4155143,6571059.295816265,15.000000000000014,8444.9208984375,0.0,216
-6712152.718815159,6571064.5991171235,22.50000000000002,8444.9208984375,0.0,216
-6712158.0221160175,6571069.902417983,30.00000000000003,8444.9208984375,0.0,216
-6712163.325416876,6571075.205718841,37.5,8444.9208984375,0.0,216
-6712168.628717735,6571080.509019701,45.00000000000001,8444.9208984375,0.0,216
-6712173.932018595,6571085.812320559,52.500000000000014,8444.9208984375,0.0,216
-6712179.235319453,6571091.115621419,60.00000000000002,8444.9208984375,0.0,216
-6712184.538620312,6571096.418922277,67.50000000000003,8444.9208984375,0.0,216
-6712189.841921171,6571101.722223137,75.0,8444.9208984375,0.0,216
-6712195.145222031,6571107.025523995,82.5,8441.1025390625,0.0,216
-6712200.448522889,6571112.3288248535,90.00000000000001,8441.1025390625,0.0,216
-6712205.7518237475,6571117.632125713,97.50000000000001,8441.1025390625,0.0,216
-6712211.055124607,6571122.935426571,105.00000000000003,8441.1025390625,0.0,216
-6712216.358425466,6571128.238727431,112.5,8441.1025390625,0.0,216
-6712221.661726325,6571133.542028289,120.0,8441.1025390625,0.0,216
-6712226.965027183,6571138.845329149,127.50000000000001,8441.1025390625,0.0,216
-6712232.268328043,6571144.148630007,135.00000000000003,8441.1025390625,0.0,216
-6712237.571628902,6571149.451930867,142.50000000000003,8441.1025390625,0.0,216
-6712242.874929761,6571154.755231725,150.0,8441.1025390625,0.0,216
-6712020.895489184,6571595.424033922,-150.0,8431.830078125,529.8948347830789,216
-6712026.198790043,6571590.120733064,-142.5,8431.830078125,529.8948347830789,216
-6712031.502090902,6571584.817432204,-135.0,8431.830078125,529.8948347830789,216
-6712036.805391761,6571579.514131346,-127.5,8431.830078125,529.8948347830789,216
-6712042.10869262,6571574.210830486,-120.0,8431.830078125,529.8948347830789,216
-6712047.411993478,6571568.907529628,-112.5,8431.830078125,529.8948347830789,216
-6712052.715294338,6571563.6042287685,-105.0,8431.830078125,529.8948347830789,216
-6712058.018595196,6571558.30092791,-97.49999999999999,8431.830078125,529.8948347830789,216
-6712063.321896056,6571552.997627051,-90.0,8433.0458984375,529.8948347830789,216
-6712068.625196914,6571547.694326192,-82.5,8433.0458984375,529.8948347830789,216
-6712073.928497773,6571542.391025333,-75.0,8433.0458984375,529.8948347830789,216
-6712079.231798632,6571537.087724474,-67.5,8433.0458984375,529.8948347830789,216
-6712084.535099491,6571531.784423616,-59.999999999999986,8430.001953125,529.8948347830789,216
-6712089.83840035,6571526.481122756,-52.5,8430.001953125,529.8948347830789,216
-6712095.141701208,6571521.177821898,-44.99999999999999,8430.001953125,529.8948347830789,216
-6712100.445002068,6571515.8745210385,-37.5,8430.001953125,529.8948347830789,216
-6712105.748302926,6571510.57122018,-29.999999999999993,8430.001953125,529.8948347830789,216
-6712111.051603786,6571505.267919321,-22.499999999999986,8430.001953125,529.8948347830789,216
-6712116.354904644,6571499.964618462,-14.999999999999996,8430.001953125,529.8948347830789,216
-6712121.658205504,6571494.661317603,-7.49999999999999,8430.001953125,529.8948347830789,216
-6712126.961506362,6571489.358016744,0.0,8430.001953125,529.8948347830789,216
-6712132.264807221,6571484.054715886,7.500000000000007,8430.001953125,529.8948347830789,216
-6712137.56810808,6571478.751415026,15.000000000000014,8430.001953125,529.8948347830789,216
-6712142.871408938,6571473.448114168,22.50000000000002,8430.001953125,529.8948347830789,216
-6712148.174709798,6571468.1448133085,30.00000000000003,8430.001953125,529.8948347830789,216
-6712153.478010656,6571462.84151245,37.5,8430.001953125,529.8948347830789,216
-6712158.781311516,6571457.538211591,45.00000000000001,8430.001953125,529.8948347830789,216
-6712164.084612374,6571452.234910732,52.500000000000014,8430.001953125,529.8948347830789,216
-6712169.387913234,6571446.931609873,60.00000000000002,8430.001953125,529.8948347830789,216
-6712174.691214092,6571441.628309014,67.50000000000003,8433.3427734375,529.8948347830789,216
-6712179.9945149515,6571436.325008156,75.0,8433.3427734375,529.8948347830789,216
-6712185.29781581,6571431.021707296,82.5,8433.3427734375,529.8948347830789,216
-6712190.601116668,6571425.718406438,90.00000000000001,8433.3427734375,529.8948347830789,216
-6712195.904417528,6571420.4151055785,97.50000000000001,8432.455078125,529.8948347830789,216
-6712201.207718386,6571415.11180472,105.00000000000003,8432.455078125,529.8948347830789,216
-6712206.511019246,6571409.808503861,112.5,8432.455078125,529.8948347830789,216
-6712211.814320104,6571404.505203002,120.0,8432.455078125,529.8948347830789,216
-6712217.117620964,6571399.201902143,127.50000000000001,8432.455078125,529.8948347830789,216
-6712222.420921822,6571393.898601284,135.00000000000003,8432.455078125,529.8948347830789,216
-6712227.7242226815,6571388.595300425,142.50000000000003,8432.455078125,529.8948347830789,216
-6712233.02752354,6571383.291999566,150.0,8432.455078125,529.8948347830789,216
-6712212.067016791,6571921.868960518,-150.0,8420.173828125,1059.7896695661577,216
-6712219.567016791,6571921.868960518,-142.5,8420.173828125,1059.7896695661577,216
-6712227.067016791,6571921.868960518,-135.0,8420.173828125,1059.7896695661577,216
-6712234.567016791,6571921.868960518,-127.5,8420.173828125,1059.7896695661577,216
-6712242.067016791,6571921.868960518,-120.0,8420.173828125,1059.7896695661577,216
-6712249.567016791,6571921.868960518,-112.5,8420.173828125,1059.7896695661577,216
-6712257.067016791,6571921.868960518,-105.0,8420.173828125,1059.7896695661577,216
-6712264.567016791,6571921.868960518,-97.49999999999999,8420.173828125,1059.7896695661577,216
-6712272.067016791,6571921.868960518,-90.0,8420.173828125,1059.7896695661577,216
-6712279.567016791,6571921.868960518,-82.5,8420.173828125,1059.7896695661577,216
-6712287.067016791,6571921.868960518,-75.0,8420.173828125,1059.7896695661577,216
-6712294.567016791,6571921.868960518,-67.5,8420.173828125,1059.7896695661577,216
-6712302.067016791,6571921.868960518,-59.999999999999986,8420.173828125,1059.7896695661577,216
-6712309.567016791,6571921.868960518,-52.5,8414.9541015625,1059.7896695661577,216
-6712317.067016791,6571921.868960518,-44.99999999999999,8414.9541015625,1059.7896695661577,216
-6712324.567016791,6571921.868960518,-37.5,8414.9541015625,1059.7896695661577,216
-6712332.067016791,6571921.868960518,-29.999999999999993,8414.9541015625,1059.7896695661577,216
-6712339.567016791,6571921.868960518,-22.499999999999986,8414.9541015625,1059.7896695661577,216
-6712347.067016791,6571921.868960518,-14.999999999999996,8414.9541015625,1059.7896695661577,216
-6712354.567016791,6571921.868960518,-7.49999999999999,8414.9541015625,1059.7896695661577,216
-6712362.067016791,6571921.868960518,0.0,8414.9541015625,1059.7896695661577,216
-6712369.567016791,6571921.868960518,7.500000000000007,8414.9541015625,1059.7896695661577,216
-6712377.067016791,6571921.868960518,15.000000000000014,8414.9541015625,1059.7896695661577,216
-6712384.567016791,6571921.868960518,22.50000000000002,8414.9541015625,1059.7896695661577,216
-6712392.067016791,6571921.868960518,30.00000000000003,8414.9541015625,1059.7896695661577,216
-6712399.567016791,6571921.868960518,37.5,8414.9541015625,1059.7896695661577,216
-6712407.067016791,6571921.868960518,45.00000000000001,8414.9541015625,1059.7896695661577,216
-6712414.567016791,6571921.868960518,52.500000000000014,8414.9541015625,1059.7896695661577,216
-6712422.067016791,6571921.868960518,60.00000000000002,8414.1640625,1059.7896695661577,216
-6712429.567016791,6571921.868960518,67.50000000000003,8414.1640625,1059.7896695661577,216
-6712437.067016791,6571921.868960518,75.0,8414.1640625,1059.7896695661577,216
-6712444.567016791,6571921.868960518,82.5,8414.1640625,1059.7896695661577,216
-6712452.067016791,6571921.868960518,90.00000000000001,8414.1640625,1059.7896695661577,216
-6712459.567016791,6571921.868960518,97.50000000000001,8414.1640625,1059.7896695661577,216
-6712467.067016791,6571921.868960518,105.00000000000003,8414.1640625,1059.7896695661577,216
-6712474.567016791,6571921.868960518,112.5,8414.1640625,1059.7896695661577,216
-6712482.067016791,6571921.868960518,120.0,8414.1640625,1059.7896695661577,216
-6712489.567016791,6571921.868960518,127.50000000000001,8414.1640625,1059.7896695661577,216
-6712497.067016791,6571921.868960518,135.00000000000003,8414.1640625,1059.7896695661577,216
-6712504.567016791,6571921.868960518,142.50000000000003,8414.1640625,1059.7896695661577,216
-6712512.067016791,6571921.868960518,150.0,8414.1640625,1059.7896695661577,216
-6712643.986703766,6572331.144300608,-150.0,8407.0302734375,1589.6845043492367,216
-6712649.290004624,6572325.840999749,-142.5,8407.0302734375,1589.6845043492367,216
-6712654.593305483,6572320.53769889,-135.0,8407.0302734375,1589.6845043492367,216
-6712659.896606342,6572315.234398032,-127.5,8407.0302734375,1589.6845043492367,216
-6712665.199907201,6572309.931097172,-120.0,8407.0302734375,1589.6845043492367,216
-6712670.50320806,6572304.627796313,-112.5,8407.0302734375,1589.6845043492367,216
-6712675.806508919,6572299.324495454,-105.0,8407.0302734375,1589.6845043492367,216
-6712681.109809778,6572294.021194596,-97.49999999999999,8407.0302734375,1589.6845043492367,216
-6712686.413110637,6572288.717893736,-90.0,8407.0302734375,1589.6845043492367,216
-6712691.716411496,6572283.414592877,-82.5,8407.0302734375,1589.6845043492367,216
-6712697.019712355,6572278.111292019,-75.0,8407.0302734375,1589.6845043492367,216
-6712702.323013213,6572272.80799116,-67.5,8407.0302734375,1589.6845043492367,216
-6712707.626314072,6572267.504690301,-59.999999999999986,8407.0302734375,1589.6845043492367,216
-6712712.929614931,6572262.201389441,-52.5,8407.0302734375,1589.6845043492367,216
-6712718.23291579,6572256.898088583,-44.99999999999999,8407.0302734375,1589.6845043492367,216
-6712723.536216649,6572251.594787724,-37.5,8407.0302734375,1589.6845043492367,216
-6712728.839517508,6572246.291486865,-29.999999999999993,8407.0302734375,1589.6845043492367,216
-6712734.142818367,6572240.9881860055,-22.499999999999986,8407.0302734375,1589.6845043492367,216
-6712739.446119226,6572235.684885147,-14.999999999999996,8407.0302734375,1589.6845043492367,216
-6712744.749420085,6572230.381584289,-7.49999999999999,8407.3779296875,1589.6845043492367,216
-6712750.0527209435,6572225.078283429,0.0,8407.3779296875,1589.6845043492367,216
-6712755.356021802,6572219.77498257,7.500000000000007,8407.3779296875,1589.6845043492367,216
-6712760.659322661,6572214.471681711,15.000000000000014,8405.865234375,1589.6845043492367,216
-6712765.96262352,6572209.168380853,22.50000000000002,8405.865234375,1589.6845043492367,216
-6712771.265924379,6572203.865079993,30.00000000000003,8405.865234375,1589.6845043492367,216
-6712776.569225238,6572198.561779134,37.5,8405.865234375,1589.6845043492367,216
-6712781.872526097,6572193.2584782755,45.00000000000001,8405.865234375,1589.6845043492367,216
-6712787.175826956,6572187.955177417,52.500000000000014,8405.865234375,1589.6845043492367,216
-6712792.479127815,6572182.651876558,60.00000000000002,8405.865234375,1589.6845043492367,216
-6712797.7824286735,6572177.348575698,67.50000000000003,8405.865234375,1589.6845043492367,216
-6712803.085729532,6572172.04527484,75.0,8405.865234375,1589.6845043492367,216
-6712808.389030391,6572166.741973981,82.5,8405.865234375,1589.6845043492367,216
-6712813.69233125,6572161.438673122,90.00000000000001,8405.865234375,1589.6845043492367,216
-6712818.995632109,6572156.135372262,97.50000000000001,8405.865234375,1589.6845043492367,216
-6712824.298932968,6572150.832071404,105.00000000000003,8405.865234375,1589.6845043492367,216
-6712829.602233827,6572145.5287705455,112.5,8405.865234375,1589.6845043492367,216
-6712834.905534686,6572140.225469686,120.0,8405.865234375,1589.6845043492367,216
-6712840.208835545,6572134.922168827,127.50000000000001,8405.865234375,1589.6845043492367,216
-6712845.5121364035,6572129.618867968,135.00000000000003,8405.865234375,1589.6845043492367,216
-6712850.815437263,6572124.31556711,142.50000000000003,8405.865234375,1589.6845043492367,216
-6712856.118738121,6572119.01226625,150.0,8405.865234375,1589.6845043492367,216
-6713084.655505962,6572546.554998595,-150.0,8398.0810546875,2119.5793391323155,216
-6713089.95880682,6572541.251697737,-142.5,8398.0810546875,2119.5793391323155,216
-6713095.26210768,6572535.948396877,-135.0,8396.1220703125,2119.5793391323155,216
-6713100.565408538,6572530.645096019,-127.5,8396.1220703125,2119.5793391323155,216
-6713105.8687093975,6572525.3417951595,-120.0,8396.1220703125,2119.5793391323155,216
-6713111.172010256,6572520.038494301,-112.5,8396.1220703125,2119.5793391323155,216
-6713116.475311115,6572514.735193442,-105.0,8396.1220703125,2119.5793391323155,216
-6713121.778611974,6572509.431892583,-97.49999999999999,8396.1220703125,2119.5793391323155,216
-6713127.081912833,6572504.128591724,-90.0,8396.1220703125,2119.5793391323155,216
-6713132.385213692,6572498.825290865,-82.5,8396.1220703125,2119.5793391323155,216
-6713137.688514551,6572493.521990007,-75.0,8396.1220703125,2119.5793391323155,216
-6713142.99181541,6572488.218689147,-67.5,8396.1220703125,2119.5793391323155,216
-6713148.295116268,6572482.915388289,-59.999999999999986,8396.1220703125,2119.5793391323155,216
-6713153.5984171275,6572477.6120874295,-52.5,8396.1220703125,2119.5793391323155,216
-6713158.901717986,6572472.308786571,-44.99999999999999,8396.1220703125,2119.5793391323155,216
-6713164.205018845,6572467.005485712,-37.5,8396.1220703125,2119.5793391323155,216
-6713169.508319704,6572461.702184853,-29.999999999999993,8396.1220703125,2119.5793391323155,216
-6713174.811620563,6572456.398883994,-22.499999999999986,8396.1357421875,2119.5793391323155,216
-6713180.114921422,6572451.095583135,-14.999999999999996,8396.1357421875,2119.5793391323155,216
-6713185.418222281,6572445.792282276,-7.49999999999999,8396.1357421875,2119.5793391323155,216
-6713190.72152314,6572440.488981417,0.0,8396.1357421875,2119.5793391323155,216
-6713196.024823998,6572435.185680559,7.500000000000007,8396.1357421875,2119.5793391323155,216
-6713201.3281248575,6572429.8823796995,15.000000000000014,8396.1357421875,2119.5793391323155,216
-6713206.631425716,6572424.579078841,22.50000000000002,8396.1357421875,2119.5793391323155,216
-6713211.934726575,6572419.275777982,30.00000000000003,8394.314453125,2119.5793391323155,216
-6713217.238027434,6572413.972477123,37.5,8394.314453125,2119.5793391323155,216
-6713222.541328293,6572408.669176264,45.00000000000001,8394.314453125,2119.5793391323155,216
-6713227.844629152,6572403.365875405,52.500000000000014,8394.314453125,2119.5793391323155,216
-6713233.147930011,6572398.062574546,60.00000000000002,8394.314453125,2119.5793391323155,216
-6713238.45123087,6572392.759273687,67.50000000000003,8394.314453125,2119.5793391323155,216
-6713243.754531728,6572387.455972828,75.0,8394.314453125,2119.5793391323155,216
-6713249.0578325875,6572382.1526719695,82.5,8394.314453125,2119.5793391323155,216
-6713254.361133446,6572376.849371111,90.00000000000001,8394.314453125,2119.5793391323155,216
-6713259.664434305,6572371.546070252,97.50000000000001,8394.314453125,2119.5793391323155,216
-6713264.967735164,6572366.242769393,105.00000000000003,8394.314453125,2119.5793391323155,216
-6713270.271036023,6572360.939468534,112.5,8394.314453125,2119.5793391323155,216
-6713275.574336882,6572355.636167675,120.0,8394.314453125,2119.5793391323155,216
-6713280.877637741,6572350.332866816,127.50000000000001,8394.314453125,2119.5793391323155,216
-6713286.1809386,6572345.029565957,135.00000000000003,8394.314453125,2119.5793391323155,216
-6713291.484239459,6572339.726265098,142.50000000000003,8400.7138671875,2119.5793391323155,216
-6713296.7875403175,6572334.4229642395,150.0,8400.7138671875,2119.5793391323155,216
-6713379.7069704505,6572954.235515188,-150.0,8386.1240234375,2649.474173915394,216
-6713385.010271309,6572948.93221433,-142.5,8386.1240234375,2649.474173915394,216
-6713390.313572168,6572943.628913471,-135.0,8386.1240234375,2649.474173915394,216
-6713395.616873027,6572938.325612612,-127.5,8386.1240234375,2649.474173915394,216
-6713400.920173886,6572933.022311753,-120.0,8386.1240234375,2649.474173915394,216
-6713406.223474745,6572927.719010894,-112.5,8386.1240234375,2649.474173915394,216
-6713411.526775604,6572922.415710035,-105.0,8386.1240234375,2649.474173915394,216
-6713416.830076463,6572917.112409176,-97.49999999999999,8386.1240234375,2649.474173915394,216
-6713422.133377322,6572911.809108317,-90.0,8386.1240234375,2649.474173915394,216
-6713427.4366781805,6572906.505807458,-82.5,8388.40625,2649.474173915394,216
-6713432.73997904,6572901.2025066,-75.0,8386.2685546875,2649.474173915394,216
-6713438.043279898,6572895.899205741,-67.5,8386.2685546875,2649.474173915394,216
-6713443.346580757,6572890.595904882,-59.999999999999986,8386.2685546875,2649.474173915394,216
-6713448.649881616,6572885.292604023,-52.5,8386.2685546875,2649.474173915394,216
-6713453.953182475,6572879.989303164,-44.99999999999999,8386.2685546875,2649.474173915394,216
-6713459.256483334,6572874.686002305,-37.5,8386.2685546875,2649.474173915394,216
-6713464.559784193,6572869.382701446,-29.999999999999993,8386.2685546875,2649.474173915394,216
-6713469.863085052,6572864.079400587,-22.499999999999986,8386.2685546875,2649.474173915394,216
-6713475.1663859105,6572858.776099728,-14.999999999999996,8386.2685546875,2649.474173915394,216
-6713480.46968677,6572853.472798869,-7.49999999999999,8386.2685546875,2649.474173915394,216
-6713485.772987628,6572848.169498011,0.0,8386.2685546875,2649.474173915394,216
-6713491.076288487,6572842.866197152,7.500000000000007,8386.2685546875,2649.474173915394,216
-6713496.379589346,6572837.562896293,15.000000000000014,8386.2685546875,2649.474173915394,216
-6713501.682890205,6572832.259595434,22.50000000000002,8386.2685546875,2649.474173915394,216
-6713506.986191064,6572826.956294575,30.00000000000003,8386.2685546875,2649.474173915394,216
-6713512.289491923,6572821.652993716,37.5,8386.2685546875,2649.474173915394,216
-6713517.592792782,6572816.349692857,45.00000000000001,8386.2685546875,2649.474173915394,216
-6713522.8960936405,6572811.046391998,52.500000000000014,8386.2685546875,2649.474173915394,216
-6713528.1993945,6572805.743091139,60.00000000000002,8386.2685546875,2649.474173915394,216
-6713533.502695358,6572800.439790281,67.50000000000003,8386.2685546875,2649.474173915394,216
-6713538.805996217,6572795.136489421,75.0,8386.2685546875,2649.474173915394,216
-6713544.109297076,6572789.833188563,82.5,8388.72265625,2649.474173915394,216
-6713549.412597935,6572784.529887704,90.00000000000001,8395.7783203125,2649.474173915394,216
-6713554.715898794,6572779.226586845,97.50000000000001,8395.7783203125,2649.474173915394,216
-6713560.019199653,6572773.923285986,105.00000000000003,8395.7783203125,2649.474173915394,216
-6713565.322500512,6572768.619985127,112.5,8395.7783203125,2649.474173915394,216
-6713570.6258013705,6572763.316684268,120.0,8395.7783203125,2649.474173915394,216
-6713575.92910223,6572758.013383409,127.50000000000001,8395.7783203125,2649.474173915394,216
-6713581.232403088,6572752.7100825505,135.00000000000003,8395.7783203125,2649.474173915394,216
-6713586.535703948,6572747.406781691,142.50000000000003,8395.7783203125,2649.474173915394,216
-6713591.839004806,6572742.103480833,150.0,8395.7783203125,2649.474173915394,216
-6713563.615642042,6573283.688815249,-150.0,8383.23046875,3179.3690086984734,216
-6713571.115642042,6573283.688815249,-142.5,8383.23046875,3179.3690086984734,216
-6713578.615642042,6573283.688815249,-135.0,8383.23046875,3179.3690086984734,216
-6713586.115642042,6573283.688815249,-127.5,8383.23046875,3179.3690086984734,216
-6713593.615642042,6573283.688815249,-120.0,8383.23046875,3179.3690086984734,216
-6713601.115642042,6573283.688815249,-112.5,8383.23046875,3179.3690086984734,216
-6713608.615642042,6573283.688815249,-105.0,8383.23046875,3179.3690086984734,216
-6713616.115642042,6573283.688815249,-97.49999999999999,8383.23046875,3179.3690086984734,216
-6713623.615642042,6573283.688815249,-90.0,8383.23046875,3179.3690086984734,216
-6713631.115642042,6573283.688815249,-82.5,8383.23046875,3179.3690086984734,216
-6713638.615642042,6573283.688815249,-75.0,8383.23046875,3179.3690086984734,216
-6713646.115642042,6573283.688815249,-67.5,8383.23046875,3179.3690086984734,216
-6713653.615642042,6573283.688815249,-59.999999999999986,8383.23046875,3179.3690086984734,216
-6713661.115642042,6573283.688815249,-52.5,8376.5390625,3179.3690086984734,216
-6713668.615642042,6573283.688815249,-44.99999999999999,8376.5390625,3179.3690086984734,216
-6713676.115642042,6573283.688815249,-37.5,8376.5390625,3179.3690086984734,216
-6713683.615642042,6573283.688815249,-29.999999999999993,8376.5390625,3179.3690086984734,216
-6713691.115642042,6573283.688815249,-22.499999999999986,8376.5390625,3179.3690086984734,216
-6713698.615642042,6573283.688815249,-14.999999999999996,8376.5390625,3179.3690086984734,216
-6713706.115642042,6573283.688815249,-7.49999999999999,8376.5390625,3179.3690086984734,216
-6713713.615642042,6573283.688815249,0.0,8376.5390625,3179.3690086984734,216
-6713721.115642042,6573283.688815249,7.500000000000007,8376.5390625,3179.3690086984734,216
-6713728.615642042,6573283.688815249,15.000000000000014,8376.5390625,3179.3690086984734,216
-6713736.115642042,6573283.688815249,22.50000000000002,8376.5390625,3179.3690086984734,216
-6713743.615642042,6573283.688815249,30.00000000000003,8376.5390625,3179.3690086984734,216
-6713751.115642042,6573283.688815249,37.5,8376.5390625,3179.3690086984734,216
-6713758.615642042,6573283.688815249,45.00000000000001,8376.5390625,3179.3690086984734,216
-6713766.115642042,6573283.688815249,52.500000000000014,8376.5390625,3179.3690086984734,216
-6713773.615642042,6573283.688815249,60.00000000000002,8377.7333984375,3179.3690086984734,216
-6713781.115642042,6573283.688815249,67.50000000000003,8377.7333984375,3179.3690086984734,216
-6713788.615642042,6573283.688815249,75.0,8377.7333984375,3179.3690086984734,216
-6713796.115642042,6573283.688815249,82.5,8377.7333984375,3179.3690086984734,216
-6713803.615642042,6573283.688815249,90.00000000000001,8377.7333984375,3179.3690086984734,216
-6713811.115642042,6573283.688815249,97.50000000000001,8377.7333984375,3179.3690086984734,216
-6713818.615642042,6573283.688815249,105.00000000000003,8377.7333984375,3179.3690086984734,216
-6713826.115642042,6573283.688815249,112.5,8377.7333984375,3179.3690086984734,216
-6713833.615642042,6573283.688815249,120.0,8377.7333984375,3179.3690086984734,216
-6713841.115642042,6573283.688815249,127.50000000000001,8377.7333984375,3179.3690086984734,216
-6713848.615642042,6573283.688815249,135.00000000000003,8377.7333984375,3179.3690086984734,216
-6713856.115642042,6573283.688815249,142.50000000000003,8377.7333984375,3179.3690086984734,216
-6713863.615642042,6573283.688815249,150.0,8377.7333984375,3179.3690086984734,216
-6713788.873746251,6573720.278688234,-150.0,8366.3173828125,3709.263843481552,216
-6713796.373746251,6573720.278688234,-142.5,8366.3173828125,3709.263843481552,216
-6713803.873746251,6573720.278688234,-135.0,8366.3173828125,3709.263843481552,216
-6713811.373746251,6573720.278688234,-127.5,8366.3173828125,3709.263843481552,216
-6713818.873746251,6573720.278688234,-120.0,8366.3173828125,3709.263843481552,216
-6713826.373746251,6573720.278688234,-112.5,8366.3173828125,3709.263843481552,216
-6713833.873746251,6573720.278688234,-105.0,8366.3173828125,3709.263843481552,216
-6713841.373746251,6573720.278688234,-97.49999999999999,8366.3173828125,3709.263843481552,216
-6713848.873746251,6573720.278688234,-90.0,8366.3173828125,3709.263843481552,216
-6713856.373746251,6573720.278688234,-82.5,8366.3173828125,3709.263843481552,216
-6713863.873746251,6573720.278688234,-75.0,8366.3173828125,3709.263843481552,216
-6713871.373746251,6573720.278688234,-67.5,8366.3173828125,3709.263843481552,216
-6713878.873746251,6573720.278688234,-59.999999999999986,8366.3173828125,3709.263843481552,216
-6713886.373746251,6573720.278688234,-52.5,8366.3447265625,3709.263843481552,216
-6713893.873746251,6573720.278688234,-44.99999999999999,8366.3447265625,3709.263843481552,216
-6713901.373746251,6573720.278688234,-37.5,8366.3447265625,3709.263843481552,216
-6713908.873746251,6573720.278688234,-29.999999999999993,8366.3447265625,3709.263843481552,216
-6713916.373746251,6573720.278688234,-22.499999999999986,8366.3447265625,3709.263843481552,216
-6713923.873746251,6573720.278688234,-14.999999999999996,8366.3447265625,3709.263843481552,216
-6713931.373746251,6573720.278688234,-7.49999999999999,8366.3447265625,3709.263843481552,216
-6713938.873746251,6573720.278688234,0.0,8366.3447265625,3709.263843481552,216
-6713946.373746251,6573720.278688234,7.500000000000007,8366.3447265625,3709.263843481552,216
-6713953.873746251,6573720.278688234,15.000000000000014,8366.3447265625,3709.263843481552,216
-6713961.373746251,6573720.278688234,22.50000000000002,8366.3447265625,3709.263843481552,216
-6713968.873746251,6573720.278688234,30.00000000000003,8366.3447265625,3709.263843481552,216
-6713976.373746251,6573720.278688234,37.5,8366.3447265625,3709.263843481552,216
-6713983.873746251,6573720.278688234,45.00000000000001,8366.3447265625,3709.263843481552,216
-6713991.373746251,6573720.278688234,52.500000000000014,8366.3447265625,3709.263843481552,216
-6713998.873746251,6573720.278688234,60.00000000000002,8367.2919921875,3709.263843481552,216
-6714006.373746251,6573720.278688234,67.50000000000003,8367.2919921875,3709.263843481552,216
-6714013.873746251,6573720.278688234,75.0,8367.2919921875,3709.263843481552,216
-6714021.373746251,6573720.278688234,82.5,8367.2919921875,3709.263843481552,216
-6714028.873746251,6573720.278688234,90.00000000000001,8367.2919921875,3709.263843481552,216
-6714036.373746251,6573720.278688234,97.50000000000001,8367.2919921875,3709.263843481552,216
-6714043.873746251,6573720.278688234,105.00000000000003,8367.2919921875,3709.263843481552,216
-6714051.373746251,6573720.278688234,112.5,8367.2919921875,3709.263843481552,216
-6714058.873746251,6573720.278688234,120.0,8367.2919921875,3709.263843481552,216
-6714066.373746251,6573720.278688234,127.50000000000001,8367.2919921875,3709.263843481552,216
-6714073.873746251,6573720.278688234,135.00000000000003,8367.2919921875,3709.263843481552,216
-6714081.373746251,6573720.278688234,142.50000000000003,8367.2919921875,3709.263843481552,216
-6714088.873746251,6573720.278688234,150.0,8367.2919921875,3709.263843481552,216
-6713721.040193704,6574309.230207381,-150.0,8360.5244140625,4239.158678264631,216
-6713726.343494562,6574303.926906522,-142.5,8360.5244140625,4239.158678264631,216
-6713731.646795422,6574298.623605663,-135.0,8360.5244140625,4239.158678264631,216
-6713736.95009628,6574293.3203048045,-127.5,8360.5244140625,4239.158678264631,216
-6713742.25339714,6574288.017003945,-120.0,8360.5244140625,4239.158678264631,216
-6713747.556697998,6574282.713703087,-112.5,8360.5244140625,4239.158678264631,216
-6713752.859998858,6574277.410402227,-105.0,8360.5244140625,4239.158678264631,216
-6713758.163299716,6574272.107101369,-97.49999999999999,8360.5244140625,4239.158678264631,216
-6713763.4666005755,6574266.803800509,-90.0,8360.5244140625,4239.158678264631,216
-6713768.769901434,6574261.500499651,-82.5,8360.5244140625,4239.158678264631,216
-6713774.073202293,6574256.197198791,-75.0,8358.4736328125,4239.158678264631,216
-6713779.376503152,6574250.893897933,-67.5,8358.4736328125,4239.158678264631,216
-6713784.67980401,6574245.5905970745,-59.999999999999986,8358.4736328125,4239.158678264631,216
-6713789.98310487,6574240.287296215,-52.5,8358.4736328125,4239.158678264631,216
-6713795.286405728,6574234.983995357,-44.99999999999999,8358.4736328125,4239.158678264631,216
-6713800.589706588,6574229.680694497,-37.5,8358.4736328125,4239.158678264631,216
-6713805.893007446,6574224.377393639,-29.999999999999993,8358.4736328125,4239.158678264631,216
-6713811.1963083055,6574219.074092779,-22.499999999999986,8358.4736328125,4239.158678264631,216
-6713816.499609164,6574213.770791921,-14.999999999999996,8358.4736328125,4239.158678264631,216
-6713821.802910023,6574208.467491061,-7.49999999999999,8358.4736328125,4239.158678264631,216
-6713827.106210882,6574203.164190203,0.0,8358.4736328125,4239.158678264631,216
-6713832.40951174,6574197.8608893445,7.500000000000007,8358.4736328125,4239.158678264631,216
-6713837.7128126,6574192.557588485,15.000000000000014,8358.4736328125,4239.158678264631,216
-6713843.016113458,6574187.254287627,22.50000000000002,8358.4736328125,4239.158678264631,216
-6713848.319414318,6574181.950986767,30.00000000000003,8358.4736328125,4239.158678264631,216
-6713853.622715176,6574176.647685909,37.5,8358.4736328125,4239.158678264631,216
-6713858.9260160355,6574171.344385049,45.00000000000001,8358.4736328125,4239.158678264631,216
-6713864.229316894,6574166.041084191,52.500000000000014,8358.4736328125,4239.158678264631,216
-6713869.532617753,6574160.737783331,60.00000000000002,8358.4736328125,4239.158678264631,216
-6713874.835918612,6574155.434482473,67.50000000000003,8358.4736328125,4239.158678264631,216
-6713880.13921947,6574150.1311816145,75.0,8358.4736328125,4239.158678264631,216
-6713885.44252033,6574144.827880755,82.5,8361.775390625,4239.158678264631,216
-6713890.745821188,6574139.524579897,90.00000000000001,8361.775390625,4239.158678264631,216
-6713896.049122048,6574134.221279037,97.50000000000001,8361.775390625,4239.158678264631,216
-6713901.352422906,6574128.917978179,105.00000000000003,8361.775390625,4239.158678264631,216
-6713906.6557237655,6574123.614677319,112.5,8361.775390625,4239.158678264631,216
-6713911.959024624,6574118.311376461,120.0,8361.775390625,4239.158678264631,216
-6713917.262325483,6574113.008075601,127.50000000000001,8361.775390625,4239.158678264631,216
-6713922.565626342,6574107.704774743,135.00000000000003,8361.775390625,4239.158678264631,216
-6713927.868927201,6574102.401473884,142.50000000000003,8361.775390625,4239.158678264631,216
-6713933.17222806,6574097.098173025,150.0,8361.775390625,4239.158678264631,216
-6714014.13185046,6574593.458434205,-150.0,8356.5576171875,4769.05351304771,216
-6714021.63185046,6574593.458434205,-142.5,8356.5576171875,4769.05351304771,216
-6714029.13185046,6574593.458434205,-135.0,8356.5576171875,4769.05351304771,216
-6714036.63185046,6574593.458434205,-127.5,8356.5576171875,4769.05351304771,216
-6714044.13185046,6574593.458434205,-120.0,8356.5576171875,4769.05351304771,216
-6714051.63185046,6574593.458434205,-112.5,8356.5576171875,4769.05351304771,216
-6714059.13185046,6574593.458434205,-105.0,8356.5576171875,4769.05351304771,216
-6714066.63185046,6574593.458434205,-97.49999999999999,8356.5576171875,4769.05351304771,216
-6714074.13185046,6574593.458434205,-90.0,8356.5576171875,4769.05351304771,216
-6714081.63185046,6574593.458434205,-82.5,8356.5576171875,4769.05351304771,216
-6714089.13185046,6574593.458434205,-75.0,8356.5576171875,4769.05351304771,216
-6714096.63185046,6574593.458434205,-67.5,8356.5576171875,4769.05351304771,216
-6714104.13185046,6574593.458434205,-59.999999999999986,8356.5576171875,4769.05351304771,216
-6714111.63185046,6574593.458434205,-52.5,8353.837890625,4769.05351304771,216
-6714119.13185046,6574593.458434205,-44.99999999999999,8353.837890625,4769.05351304771,216
-6714126.63185046,6574593.458434205,-37.5,8353.837890625,4769.05351304771,216
-6714134.13185046,6574593.458434205,-29.999999999999993,8353.837890625,4769.05351304771,216
-6714141.63185046,6574593.458434205,-22.499999999999986,8353.837890625,4769.05351304771,216
-6714149.13185046,6574593.458434205,-14.999999999999996,8353.837890625,4769.05351304771,216
-6714156.63185046,6574593.458434205,-7.49999999999999,8353.837890625,4769.05351304771,216
-6714164.13185046,6574593.458434205,0.0,8353.837890625,4769.05351304771,216
-6714171.63185046,6574593.458434205,7.500000000000007,8353.837890625,4769.05351304771,216
-6714179.13185046,6574593.458434205,15.000000000000014,8353.837890625,4769.05351304771,216
-6714186.63185046,6574593.458434205,22.50000000000002,8353.837890625,4769.05351304771,216
-6714194.13185046,6574593.458434205,30.00000000000003,8353.837890625,4769.05351304771,216
-6714201.63185046,6574593.458434205,37.5,8353.837890625,4769.05351304771,216
-6714209.13185046,6574593.458434205,45.00000000000001,8353.837890625,4769.05351304771,216
-6714216.63185046,6574593.458434205,52.500000000000014,8353.837890625,4769.05351304771,216
-6714224.13185046,6574593.458434205,60.00000000000002,8355.388671875,4769.05351304771,216
-6714231.63185046,6574593.458434205,67.50000000000003,8355.388671875,4769.05351304771,216
-6714239.13185046,6574593.458434205,75.0,8355.388671875,4769.05351304771,216
-6714246.63185046,6574593.458434205,82.5,8355.388671875,4769.05351304771,216
-6714254.13185046,6574593.458434205,90.00000000000001,8355.388671875,4769.05351304771,216
-6714261.63185046,6574593.458434205,97.50000000000001,8355.388671875,4769.05351304771,216
-6714269.13185046,6574593.458434205,105.00000000000003,8355.388671875,4769.05351304771,216
-6714276.63185046,6574593.458434205,112.5,8355.388671875,4769.05351304771,216
-6714284.13185046,6574593.458434205,120.0,8355.388671875,4769.05351304771,216
-6714291.63185046,6574593.458434205,127.50000000000001,8355.388671875,4769.05351304771,216
-6714299.13185046,6574593.458434205,135.00000000000003,8355.388671875,4769.05351304771,216
-6714306.63185046,6574593.458434205,142.50000000000003,8355.388671875,4769.05351304771,216
-6714314.13185046,6574593.458434205,150.0,8355.388671875,4769.05351304771,216
-6714311.143122682,6575124.591240568,-150.0,8346.28125,5298.948347830788,216
-6714316.446423541,6575119.28793971,-142.5,8346.28125,5298.948347830788,216
-6714321.7497244,6575113.98463885,-135.0,8346.28125,5298.948347830788,216
-6714327.053025259,6575108.681337992,-127.5,8346.28125,5298.948347830788,216
-6714332.356326118,6575103.378037132,-120.0,8346.28125,5298.948347830788,216
-6714337.659626977,6575098.074736274,-112.5,8346.3583984375,5298.948347830788,216
-6714342.962927836,6575092.771435414,-105.0,8346.3583984375,5298.948347830788,216
-6714348.2662286945,6575087.468134556,-97.49999999999999,8346.3583984375,5298.948347830788,216
-6714353.569529554,6575082.164833697,-90.0,8346.3583984375,5298.948347830788,216
-6714358.872830412,6575076.861532838,-82.5,8346.3583984375,5298.948347830788,216
-6714364.176131271,6575071.55823198,-75.0,8346.3583984375,5298.948347830788,216
-6714369.47943213,6575066.25493112,-67.5,8346.3583984375,5298.948347830788,216
-6714374.782732989,6575060.951630262,-59.999999999999986,8346.3583984375,5298.948347830788,216
-6714380.086033848,6575055.648329402,-52.5,8346.3583984375,5298.948347830788,216
-6714385.389334707,6575050.345028544,-44.99999999999999,8346.3583984375,5298.948347830788,216
-6714390.692635566,6575045.041727684,-37.5,8344.7724609375,5298.948347830788,216
-6714395.9959364245,6575039.738426826,-29.999999999999993,8344.7724609375,5298.948347830788,216
-6714401.299237284,6575034.435125967,-22.499999999999986,8344.7724609375,5298.948347830788,216
-6714406.602538142,6575029.131825108,-14.999999999999996,8344.7724609375,5298.948347830788,216
-6714411.905839002,6575023.828524249,-7.49999999999999,8344.7724609375,5298.948347830788,216
-6714417.20913986,6575018.52522339,0.0,8344.7724609375,5298.948347830788,216
-6714422.512440719,6575013.221922532,7.500000000000007,8344.7724609375,5298.948347830788,216
-6714427.815741578,6575007.918621672,15.000000000000014,8344.7724609375,5298.948347830788,216
-6714433.119042437,6575002.615320814,22.50000000000002,8344.7724609375,5298.948347830788,216
-6714438.422343296,6574997.312019954,30.00000000000003,8344.7724609375,5298.948347830788,216
-6714443.7256441545,6574992.008719096,37.5,8344.7724609375,5298.948347830788,216
-6714449.028945014,6574986.705418237,45.00000000000001,8346.2666015625,5298.948347830788,216
-6714454.332245872,6574981.402117378,52.500000000000014,8346.2666015625,5298.948347830788,216
-6714459.635546732,6574976.098816519,60.00000000000002,8346.2666015625,5298.948347830788,216
-6714464.93884759,6574970.79551566,67.50000000000003,8346.2666015625,5298.948347830788,216
-6714470.24214845,6574965.492214801,75.0,8346.2666015625,5298.948347830788,216
-6714475.545449308,6574960.188913942,82.5,8346.2666015625,5298.948347830788,216
-6714480.848750167,6574954.885613084,90.00000000000001,8346.2666015625,5298.948347830788,216
-6714486.152051026,6574949.582312224,97.50000000000001,8346.2666015625,5298.948347830788,216
-6714491.4553518845,6574944.279011366,105.00000000000003,8346.2666015625,5298.948347830788,216
-6714496.758652744,6574938.975710507,112.5,8346.2666015625,5298.948347830788,216
-6714502.061953602,6574933.672409648,120.0,8347.9228515625,5298.948347830788,216
-6714507.365254462,6574928.369108789,127.50000000000001,8347.9228515625,5298.948347830788,216
-6714512.66855532,6574923.06580793,135.00000000000003,8347.9228515625,5298.948347830788,216
-6714517.97185618,6574917.762507071,142.50000000000003,8347.9228515625,5298.948347830788,216
-6714523.275157038,6574912.459206212,150.0,8347.9228515625,5298.948347830788,216
-6714410.969496225,6575320.1397228055,-150.0,8344.2119140625,5828.843182613868,216
-6714416.2727970835,6575325.443023664,-142.5,8344.2119140625,5828.843182613868,216
-6714421.576097943,6575330.746324523,-135.0,8344.2119140625,5828.843182613868,216
-6714426.879398801,6575336.049625382,-127.5,8344.2119140625,5828.843182613868,216
-6714432.182699661,6575341.352926241,-120.0,8344.2119140625,5828.843182613868,216
-6714437.486000519,6575346.6562271,-112.5,8344.2119140625,5828.843182613868,216
-6714442.789301379,6575351.959527959,-105.0,8344.2119140625,5828.843182613868,216
-6714448.092602237,6575357.262828818,-97.49999999999999,8342.412109375,5828.843182613868,216
-6714453.3959030965,6575362.566129677,-90.0,8342.412109375,5828.843182613868,216
-6714458.699203955,6575367.8694305355,-82.5,8342.412109375,5828.843182613868,216
-6714464.002504814,6575373.172731394,-75.0,8342.412109375,5828.843182613868,216
-6714469.305805673,6575378.476032253,-67.5,8342.412109375,5828.843182613868,216
-6714474.609106531,6575383.779333112,-59.999999999999986,8342.412109375,5828.843182613868,216
-6714479.912407391,6575389.082633971,-52.5,8341.6669921875,5828.843182613868,216
-6714485.215708249,6575394.38593483,-44.99999999999999,8341.6669921875,5828.843182613868,216
-6714490.519009109,6575399.689235689,-37.5,8341.6669921875,5828.843182613868,216
-6714495.822309967,6575404.992536548,-29.999999999999993,8341.6669921875,5828.843182613868,216
-6714501.125610827,6575410.295837407,-22.499999999999986,8341.6669921875,5828.843182613868,216
-6714506.428911685,6575415.5991382655,-14.999999999999996,8341.6669921875,5828.843182613868,216
-6714511.732212544,6575420.902439125,-7.49999999999999,8341.6669921875,5828.843182613868,216
-6714517.035513403,6575426.205739983,0.0,8341.6669921875,5828.843182613868,216
-6714522.338814261,6575431.509040842,7.500000000000007,8341.6669921875,5828.843182613868,216
-6714527.642115121,6575436.812341701,15.000000000000014,8341.6669921875,5828.843182613868,216
-6714532.945415979,6575442.11564256,22.50000000000002,8341.6669921875,5828.843182613868,216
-6714538.248716839,6575447.418943419,30.00000000000003,8341.6669921875,5828.843182613868,216
-6714543.552017697,6575452.722244278,37.5,8341.6669921875,5828.843182613868,216
-6714548.855318557,6575458.025545137,45.00000000000001,8341.6669921875,5828.843182613868,216
-6714554.158619415,6575463.3288459955,52.500000000000014,8341.6669921875,5828.843182613868,216
-6714559.461920274,6575468.632146855,60.00000000000002,8342.056640625,5828.843182613868,216
-6714564.765221133,6575473.935447713,67.50000000000003,8342.056640625,5828.843182613868,216
-6714570.068521991,6575479.238748573,75.0,8342.056640625,5828.843182613868,216
-6714575.371822851,6575484.542049431,82.5,8342.056640625,5828.843182613868,216
-6714580.675123709,6575489.84535029,90.00000000000001,8342.056640625,5828.843182613868,216
-6714585.978424569,6575495.148651149,97.50000000000001,8342.056640625,5828.843182613868,216
-6714591.281725427,6575500.451952008,105.00000000000003,8339.9697265625,5828.843182613868,216
-6714596.585026287,6575505.755252867,112.5,8339.9697265625,5828.843182613868,216
-6714601.888327145,6575511.0585537255,120.0,8339.9697265625,5828.843182613868,216
-6714607.191628004,6575516.361854585,127.50000000000001,8339.9697265625,5828.843182613868,216
-6714612.494928863,6575521.665155443,135.00000000000003,8339.9697265625,5828.843182613868,216
-6714617.798229722,6575526.968456303,142.50000000000003,8339.9697265625,5828.843182613868,216
-6714623.101530581,6575532.271757161,150.0,8339.9697265625,5828.843182613868,216
-6714464.648058876,6575903.228053161,-150.0,8336.8935546875,6358.738017396947,216
-6714472.148058876,6575903.228053161,-142.5,8336.8935546875,6358.738017396947,216
-6714479.648058876,6575903.228053161,-135.0,8336.8935546875,6358.738017396947,216
-6714487.148058876,6575903.228053161,-127.5,8336.8935546875,6358.738017396947,216
-6714494.648058876,6575903.228053161,-120.0,8336.8935546875,6358.738017396947,216
-6714502.148058876,6575903.228053161,-112.5,8336.8935546875,6358.738017396947,216
-6714509.648058876,6575903.228053161,-105.0,8336.8935546875,6358.738017396947,216
-6714517.148058876,6575903.228053161,-97.49999999999999,8336.8935546875,6358.738017396947,216
-6714524.648058876,6575903.228053161,-90.0,8336.8935546875,6358.738017396947,216
-6714532.148058876,6575903.228053161,-82.5,8336.8935546875,6358.738017396947,216
-6714539.648058876,6575903.228053161,-75.0,8336.8935546875,6358.738017396947,216
-6714547.148058876,6575903.228053161,-67.5,8336.8935546875,6358.738017396947,216
-6714554.648058876,6575903.228053161,-59.999999999999986,8336.8935546875,6358.738017396947,216
-6714562.148058876,6575903.228053161,-52.5,8334.9423828125,6358.738017396947,216
-6714569.648058876,6575903.228053161,-44.99999999999999,8334.9423828125,6358.738017396947,216
-6714577.148058876,6575903.228053161,-37.5,8334.9423828125,6358.738017396947,216
-6714584.648058876,6575903.228053161,-29.999999999999993,8334.9423828125,6358.738017396947,216
-6714592.148058876,6575903.228053161,-22.499999999999986,8334.9423828125,6358.738017396947,216
-6714599.648058876,6575903.228053161,-14.999999999999996,8334.9423828125,6358.738017396947,216
-6714607.148058876,6575903.228053161,-7.49999999999999,8334.9423828125,6358.738017396947,216
-6714614.648058876,6575903.228053161,0.0,8334.9423828125,6358.738017396947,216
-6714622.148058876,6575903.228053161,7.500000000000007,8334.9423828125,6358.738017396947,216
-6714629.648058876,6575903.228053161,15.000000000000014,8334.9423828125,6358.738017396947,216
-6714637.148058876,6575903.228053161,22.50000000000002,8334.9423828125,6358.738017396947,216
-6714644.648058876,6575903.228053161,30.00000000000003,8334.9423828125,6358.738017396947,216
-6714652.148058876,6575903.228053161,37.5,8334.9423828125,6358.738017396947,216
-6714659.648058876,6575903.228053161,45.00000000000001,8334.9423828125,6358.738017396947,216
-6714667.148058876,6575903.228053161,52.500000000000014,8334.9423828125,6358.738017396947,216
-6714674.648058876,6575903.228053161,60.00000000000002,8336.9638671875,6358.738017396947,216
-6714682.148058876,6575903.228053161,67.50000000000003,8336.9638671875,6358.738017396947,216
-6714689.648058876,6575903.228053161,75.0,8336.9638671875,6358.738017396947,216
-6714697.148058876,6575903.228053161,82.5,8336.9638671875,6358.738017396947,216
-6714704.648058876,6575903.228053161,90.00000000000001,8336.9638671875,6358.738017396947,216
-6714712.148058876,6575903.228053161,97.50000000000001,8336.9638671875,6358.738017396947,216
-6714719.648058876,6575903.228053161,105.00000000000003,8336.9638671875,6358.738017396947,216
-6714727.148058876,6575903.228053161,112.5,8336.9638671875,6358.738017396947,216
-6714734.648058876,6575903.228053161,120.0,8336.9638671875,6358.738017396947,216
-6714742.148058876,6575903.228053161,127.50000000000001,8336.9638671875,6358.738017396947,216
-6714749.648058876,6575903.228053161,135.00000000000003,8336.9638671875,6358.738017396947,216
-6714757.148058876,6575903.228053161,142.50000000000003,8336.9638671875,6358.738017396947,216
-6714764.648058876,6575903.228053161,150.0,8336.9638671875,6358.738017396947,216
-6714285.04697096,6576234.465612801,-150.0,8332.6845703125,6888.632852180025,216
-6714290.350271818,6576239.768913659,-142.5,8332.6845703125,6888.632852180025,216
-6714295.653572678,6576245.072214519,-135.0,8332.6845703125,6888.632852180025,216
-6714300.956873536,6576250.375515377,-127.5,8332.6845703125,6888.632852180025,216
-6714306.2601743955,6576255.678816237,-120.0,8332.6845703125,6888.632852180025,216
-6714311.563475254,6576260.982117095,-112.5,8332.6845703125,6888.632852180025,216
-6714316.866776113,6576266.285417954,-105.0,8332.6845703125,6888.632852180025,216
-6714322.170076972,6576271.588718813,-97.49999999999999,8332.6845703125,6888.632852180025,216
-6714327.473377831,6576276.892019672,-90.0,8332.6845703125,6888.632852180025,216
-6714332.77667869,6576282.195320531,-82.5,8332.6845703125,6888.632852180025,216
-6714338.079979548,6576287.498621389,-75.0,8332.84765625,6888.632852180025,216
-6714343.383280408,6576292.801922249,-67.5,8332.84765625,6888.632852180025,216
-6714348.686581266,6576298.105223107,-59.999999999999986,8332.84765625,6888.632852180025,216
-6714353.9898821255,6576303.408523967,-52.5,8332.84765625,6888.632852180025,216
-6714359.293182984,6576308.711824825,-44.99999999999999,8332.84765625,6888.632852180025,216
-6714364.596483843,6576314.015125684,-37.5,8332.84765625,6888.632852180025,216
-6714369.899784702,6576319.318426543,-29.999999999999993,8332.84765625,6888.632852180025,216
-6714375.203085561,6576324.621727402,-22.499999999999986,8332.84765625,6888.632852180025,216
-6714380.50638642,6576329.925028261,-14.999999999999996,8332.84765625,6888.632852180025,216
-6714385.809687279,6576335.22832912,-7.49999999999999,8332.84765625,6888.632852180025,216
-6714391.112988138,6576340.531629979,0.0,8332.84765625,6888.632852180025,216
-6714396.416288996,6576345.834930837,7.500000000000007,8332.84765625,6888.632852180025,216
-6714401.7195898555,6576351.138231697,15.000000000000014,8332.84765625,6888.632852180025,216
-6714407.022890714,6576356.441532555,22.50000000000002,8332.84765625,6888.632852180025,216
-6714412.326191573,6576361.744833414,30.00000000000003,8332.84765625,6888.632852180025,216
-6714417.629492432,6576367.048134273,37.5,8332.84765625,6888.632852180025,216
-6714422.932793291,6576372.351435132,45.00000000000001,8332.84765625,6888.632852180025,216
-6714428.23609415,6576377.654735991,52.500000000000014,8332.84765625,6888.632852180025,216
-6714433.539395009,6576382.95803685,60.00000000000002,8332.84765625,6888.632852180025,216
-6714438.842695868,6576388.261337709,67.50000000000003,8332.84765625,6888.632852180025,216
-6714444.145996727,6576393.564638568,75.0,8332.84765625,6888.632852180025,216
-6714449.4492975855,6576398.867939427,82.5,8340.9169921875,6888.632852180025,216
-6714454.752598444,6576404.171240285,90.00000000000001,8340.9169921875,6888.632852180025,216
-6714460.055899303,6576409.474541144,97.50000000000001,8340.9169921875,6888.632852180025,216
-6714465.359200162,6576414.777842003,105.00000000000003,8340.9169921875,6888.632852180025,216
-6714470.662501021,6576420.081142862,112.5,8340.9169921875,6888.632852180025,216
-6714475.96580188,6576425.384443721,120.0,8340.9169921875,6888.632852180025,216
-6714481.269102739,6576430.68774458,127.50000000000001,8340.9169921875,6888.632852180025,216
-6714486.572403598,6576435.991045439,135.00000000000003,8340.9169921875,6888.632852180025,216
-6714491.875704457,6576441.294346298,142.50000000000003,8340.9169921875,6888.632852180025,216
-6714497.1790053155,6576446.597647157,150.0,8340.9169921875,6888.632852180025,216
-6714014.13185046,6576776.407799132,-150.0,8324.8330078125,7418.527686963104,216
-6714021.63185046,6576776.407799132,-142.5,8324.8330078125,7418.527686963104,216
-6714029.13185046,6576776.407799132,-135.0,8324.8330078125,7418.527686963104,216
-6714036.63185046,6576776.407799132,-127.5,8324.8330078125,7418.527686963104,216
-6714044.13185046,6576776.407799132,-120.0,8324.8330078125,7418.527686963104,216
-6714051.63185046,6576776.407799132,-112.5,8324.8330078125,7418.527686963104,216
-6714059.13185046,6576776.407799132,-105.0,8324.8330078125,7418.527686963104,216
-6714066.63185046,6576776.407799132,-97.49999999999999,8324.8330078125,7418.527686963104,216
-6714074.13185046,6576776.407799132,-90.0,8324.8330078125,7418.527686963104,216
-6714081.63185046,6576776.407799132,-82.5,8324.8330078125,7418.527686963104,216
-6714089.13185046,6576776.407799132,-75.0,8324.8330078125,7418.527686963104,216
-6714096.63185046,6576776.407799132,-67.5,8324.8330078125,7418.527686963104,216
-6714104.13185046,6576776.407799132,-59.999999999999986,8324.8330078125,7418.527686963104,216
-6714111.63185046,6576776.407799132,-52.5,8323.1162109375,7418.527686963104,216
-6714119.13185046,6576776.407799132,-44.99999999999999,8323.1162109375,7418.527686963104,216
-6714126.63185046,6576776.407799132,-37.5,8323.1162109375,7418.527686963104,216
-6714134.13185046,6576776.407799132,-29.999999999999993,8323.1162109375,7418.527686963104,216
-6714141.63185046,6576776.407799132,-22.499999999999986,8323.1162109375,7418.527686963104,216
-6714149.13185046,6576776.407799132,-14.999999999999996,8323.1162109375,7418.527686963104,216
-6714156.63185046,6576776.407799132,-7.49999999999999,8323.1162109375,7418.527686963104,216
-6714164.13185046,6576776.407799132,0.0,8323.1162109375,7418.527686963104,216
-6714171.63185046,6576776.407799132,7.500000000000007,8323.1162109375,7418.527686963104,216
-6714179.13185046,6576776.407799132,15.000000000000014,8323.1162109375,7418.527686963104,216
-6714186.63185046,6576776.407799132,22.50000000000002,8323.1162109375,7418.527686963104,216
-6714194.13185046,6576776.407799132,30.00000000000003,8323.1162109375,7418.527686963104,216
-6714201.63185046,6576776.407799132,37.5,8323.1162109375,7418.527686963104,216
-6714209.13185046,6576776.407799132,45.00000000000001,8323.1162109375,7418.527686963104,216
-6714216.63185046,6576776.407799132,52.500000000000014,8323.1162109375,7418.527686963104,216
-6714224.13185046,6576776.407799132,60.00000000000002,8333.4638671875,7418.527686963104,216
-6714231.63185046,6576776.407799132,67.50000000000003,8333.4638671875,7418.527686963104,216
-6714239.13185046,6576776.407799132,75.0,8333.4638671875,7418.527686963104,216
-6714246.63185046,6576776.407799132,82.5,8333.4638671875,7418.527686963104,216
-6714254.13185046,6576776.407799132,90.00000000000001,8333.4638671875,7418.527686963104,216
-6714261.63185046,6576776.407799132,97.50000000000001,8333.4638671875,7418.527686963104,216
-6714269.13185046,6576776.407799132,105.00000000000003,8333.4638671875,7418.527686963104,216
-6714276.63185046,6576776.407799132,112.5,8333.4638671875,7418.527686963104,216
-6714284.13185046,6576776.407799132,120.0,8333.4638671875,7418.527686963104,216
-6714291.63185046,6576776.407799132,127.50000000000001,8333.4638671875,7418.527686963104,216
-6714299.13185046,6576776.407799132,135.00000000000003,8333.4638671875,7418.527686963104,216
-6714306.63185046,6576776.407799132,142.50000000000003,8333.4638671875,7418.527686963104,216
-6714314.13185046,6576776.407799132,150.0,8333.4638671875,7418.527686963104,216
-6713694.944041981,6577049.826645988,-150.0,8320.8056640625,7948.422521746183,216
-6713700.24734284,6577055.1299468465,-142.5,8320.8056640625,7948.422521746183,216
-6713705.550643699,6577060.433247706,-135.0,8320.8056640625,7948.422521746183,216
-6713710.853944558,6577065.736548564,-127.5,8320.8056640625,7948.422521746183,216
-6713716.157245417,6577071.039849424,-120.0,8320.8056640625,7948.422521746183,216
-6713721.460546276,6577076.343150282,-112.5,8320.5224609375,7948.422521746183,216
-6713726.763847135,6577081.646451142,-105.0,8320.5224609375,7948.422521746183,216
-6713732.0671479935,6577086.949752,-97.49999999999999,8320.5224609375,7948.422521746183,216
-6713737.370448853,6577092.25305286,-90.0,8320.5224609375,7948.422521746183,216
-6713742.673749711,6577097.556353718,-82.5,8320.5224609375,7948.422521746183,216
-6713747.977050571,6577102.859654577,-75.0,8320.5224609375,7948.422521746183,216
-6713753.280351429,6577108.162955436,-67.5,8320.5224609375,7948.422521746183,216
-6713758.583652288,6577113.466256294,-59.999999999999986,8320.5224609375,7948.422521746183,216
-6713763.886953147,6577118.769557154,-52.5,8320.5224609375,7948.422521746183,216
-6713769.190254006,6577124.072858012,-44.99999999999999,8320.5224609375,7948.422521746183,216
-6713774.493554865,6577129.376158872,-37.5,8320.224609375,7948.422521746183,216
-6713779.7968557235,6577134.67945973,-29.999999999999993,8320.224609375,7948.422521746183,216
-6713785.100156583,6577139.98276059,-22.499999999999986,8320.224609375,7948.422521746183,216
-6713790.403457441,6577145.286061448,-14.999999999999996,8320.224609375,7948.422521746183,216
-6713795.706758301,6577150.589362307,-7.49999999999999,8320.224609375,7948.422521746183,216
-6713801.010059159,6577155.892663166,0.0,8320.224609375,7948.422521746183,216
-6713806.313360018,6577161.195964024,7.500000000000007,8320.224609375,7948.422521746183,216
-6713811.616660877,6577166.499264884,15.000000000000014,8320.224609375,7948.422521746183,216
-6713816.919961736,6577171.802565742,22.50000000000002,8320.224609375,7948.422521746183,216
-6713822.223262595,6577177.105866602,30.00000000000003,8320.224609375,7948.422521746183,216
-6713827.5265634535,6577182.40916746,37.5,8320.224609375,7948.422521746183,216
-6713832.829864313,6577187.71246832,45.00000000000001,8319.9638671875,7948.422521746183,216
-6713838.133165171,6577193.015769178,52.500000000000014,8319.9638671875,7948.422521746183,216
-6713843.436466031,6577198.319070037,60.00000000000002,8319.9638671875,7948.422521746183,216
-6713848.739766889,6577203.622370896,67.50000000000003,8319.9638671875,7948.422521746183,216
-6713854.043067748,6577208.925671754,75.0,8319.9638671875,7948.422521746183,216
-6713859.346368607,6577214.228972614,82.5,8319.9638671875,7948.422521746183,216
-6713864.649669466,6577219.532273472,90.00000000000001,8319.9638671875,7948.422521746183,216
-6713869.952970325,6577224.835574332,97.50000000000001,8319.9638671875,7948.422521746183,216
-6713875.2562711835,6577230.13887519,105.00000000000003,8319.9638671875,7948.422521746183,216
-6713880.559572043,6577235.44217605,112.5,8319.9638671875,7948.422521746183,216
-6713885.862872901,6577240.745476908,120.0,8323.9091796875,7948.422521746183,216
-6713891.166173761,6577246.048777767,127.50000000000001,8323.9091796875,7948.422521746183,216
-6713896.469474619,6577251.352078626,135.00000000000003,8323.9091796875,7948.422521746183,216
-6713901.772775479,6577256.655379485,142.50000000000003,8323.9091796875,7948.422521746183,216
-6713907.076076337,6577261.958680344,150.0,8323.9091796875,7948.422521746183,216
-6713320.251810991,6577199.26077277,-150.0,8317.3369140625,8478.317356529262,216
-6713325.55511185,6577204.564073629,-142.5,8317.3369140625,8478.317356529262,216
-6713330.858412709,6577209.867374488,-135.0,8317.3369140625,8478.317356529262,216
-6713336.161713568,6577215.170675347,-127.5,8317.3369140625,8478.317356529262,216
-6713341.465014427,6577220.473976206,-120.0,8317.3369140625,8478.317356529262,216
-6713346.768315285,6577225.7772770645,-112.5,8317.3369140625,8478.317356529262,216
-6713352.071616145,6577231.080577924,-105.0,8317.3369140625,8478.317356529262,216
-6713357.374917003,6577236.383878782,-97.49999999999999,8317.3369140625,8478.317356529262,216
-6713362.678217863,6577241.687179642,-90.0,8317.3369140625,8478.317356529262,216
-6713367.981518721,6577246.9904805,-82.5,8317.3369140625,8478.317356529262,216
-6713373.284819581,6577252.293781359,-75.0,8317.3369140625,8478.317356529262,216
-6713378.588120439,6577257.597082218,-67.5,8317.3369140625,8478.317356529262,216
-6713383.891421298,6577262.900383077,-59.999999999999986,8317.3369140625,8478.317356529262,216
-6713389.194722157,6577268.203683936,-52.5,8317.3369140625,8478.317356529262,216
-6713394.498023015,6577273.5069847945,-44.99999999999999,8317.3369140625,8478.317356529262,216
-6713399.801323875,6577278.810285654,-37.5,8317.3369140625,8478.317356529262,216
-6713405.104624733,6577284.113586512,-29.999999999999993,8317.3369140625,8478.317356529262,216
-6713410.407925593,6577289.416887372,-22.499999999999986,8317.3369140625,8478.317356529262,216
-6713415.711226451,6577294.72018823,-14.999999999999996,8317.3369140625,8478.317356529262,216
-6713421.014527311,6577300.02348909,-7.49999999999999,8316.189453125,8478.317356529262,216
-6713426.317828169,6577305.326789948,0.0,8316.189453125,8478.317356529262,216
-6713431.621129028,6577310.630090807,7.500000000000007,8316.189453125,8478.317356529262,216
-6713436.924429887,6577315.933391666,15.000000000000014,8319.216796875,8478.317356529262,216
-6713442.227730745,6577321.2366925245,22.50000000000002,8319.216796875,8478.317356529262,216
-6713447.531031605,6577326.539993384,30.00000000000003,8319.216796875,8478.317356529262,216
-6713452.834332463,6577331.843294242,37.5,8319.216796875,8478.317356529262,216
-6713458.137633323,6577337.146595102,45.00000000000001,8319.216796875,8478.317356529262,216
-6713463.440934181,6577342.44989596,52.500000000000014,8319.216796875,8478.317356529262,216
-6713468.744235041,6577347.75319682,60.00000000000002,8319.216796875,8478.317356529262,216
-6713474.047535899,6577353.056497678,67.50000000000003,8319.216796875,8478.317356529262,216
-6713479.350836758,6577358.359798538,75.0,8319.216796875,8478.317356529262,216
-6713484.654137617,6577363.663099396,82.5,8319.216796875,8478.317356529262,216
-6713489.957438475,6577368.9664002545,90.00000000000001,8319.216796875,8478.317356529262,216
-6713495.260739335,6577374.269701114,97.50000000000001,8319.216796875,8478.317356529262,216
-6713500.564040193,6577379.573001972,105.00000000000003,8319.216796875,8478.317356529262,216
-6713505.867341053,6577384.876302832,112.5,8319.216796875,8478.317356529262,216
-6713511.170641911,6577390.17960369,120.0,8319.216796875,8478.317356529262,216
-6713516.473942771,6577395.48290455,127.50000000000001,8319.216796875,8478.317356529262,216
-6713521.777243629,6577400.786205408,135.00000000000003,8319.216796875,8478.317356529262,216
-6713527.0805444885,6577406.089506268,142.50000000000003,8319.216796875,8478.317356529262,216
-6713532.383845347,6577411.392807126,150.0,8319.216796875,8478.317356529262,216
-6713113.099433625,6577767.614352082,-150.0,8313.091796875,9008.212191312341,216
-6713120.599433625,6577767.614352082,-142.5,8313.091796875,9008.212191312341,216
-6713128.099433625,6577767.614352082,-135.0,8313.091796875,9008.212191312341,216
-6713135.599433625,6577767.614352082,-127.5,8313.091796875,9008.212191312341,216
-6713143.099433625,6577767.614352082,-120.0,8313.091796875,9008.212191312341,216
-6713150.599433625,6577767.614352082,-112.5,8313.091796875,9008.212191312341,216
-6713158.099433625,6577767.614352082,-105.0,8313.091796875,9008.212191312341,216
-6713165.599433625,6577767.614352082,-97.49999999999999,8313.091796875,9008.212191312341,216
-6713173.099433625,6577767.614352082,-90.0,8313.091796875,9008.212191312341,216
-6713180.599433625,6577767.614352082,-82.5,8313.091796875,9008.212191312341,216
-6713188.099433625,6577767.614352082,-75.0,8313.091796875,9008.212191312341,216
-6713195.599433625,6577767.614352082,-67.5,8313.091796875,9008.212191312341,216
-6713203.099433625,6577767.614352082,-59.999999999999986,8313.091796875,9008.212191312341,216
-6713210.599433625,6577767.614352082,-52.5,8312.53125,9008.212191312341,216
-6713218.099433625,6577767.614352082,-44.99999999999999,8312.53125,9008.212191312341,216
-6713225.599433625,6577767.614352082,-37.5,8312.53125,9008.212191312341,216
-6713233.099433625,6577767.614352082,-29.999999999999993,8312.53125,9008.212191312341,216
-6713240.599433625,6577767.614352082,-22.499999999999986,8312.53125,9008.212191312341,216
-6713248.099433625,6577767.614352082,-14.999999999999996,8312.53125,9008.212191312341,216
-6713255.599433625,6577767.614352082,-7.49999999999999,8312.53125,9008.212191312341,216
-6713263.099433625,6577767.614352082,0.0,8312.53125,9008.212191312341,216
-6713270.599433625,6577767.614352082,7.500000000000007,8312.53125,9008.212191312341,216
-6713278.099433625,6577767.614352082,15.000000000000014,8312.53125,9008.212191312341,216
-6713285.599433625,6577767.614352082,22.50000000000002,8312.53125,9008.212191312341,216
-6713293.099433625,6577767.614352082,30.00000000000003,8312.53125,9008.212191312341,216
-6713300.599433625,6577767.614352082,37.5,8312.53125,9008.212191312341,216
-6713308.099433625,6577767.614352082,45.00000000000001,8312.53125,9008.212191312341,216
-6713315.599433625,6577767.614352082,52.500000000000014,8312.53125,9008.212191312341,216
-6713323.099433625,6577767.614352082,60.00000000000002,8312.9345703125,9008.212191312341,216
-6713330.599433625,6577767.614352082,67.50000000000003,8312.9345703125,9008.212191312341,216
-6713338.099433625,6577767.614352082,75.0,8312.9345703125,9008.212191312341,216
-6713345.599433625,6577767.614352082,82.5,8312.9345703125,9008.212191312341,216
-6713353.099433625,6577767.614352082,90.00000000000001,8312.9345703125,9008.212191312341,216
-6713360.599433625,6577767.614352082,97.50000000000001,8312.9345703125,9008.212191312341,216
-6713368.099433625,6577767.614352082,105.00000000000003,8312.9345703125,9008.212191312341,216
-6713375.599433625,6577767.614352082,112.5,8312.9345703125,9008.212191312341,216
-6713383.099433625,6577767.614352082,120.0,8312.9345703125,9008.212191312341,216
-6713390.599433625,6577767.614352082,127.50000000000001,8312.9345703125,9008.212191312341,216
-6713398.099433625,6577767.614352082,135.00000000000003,8312.9345703125,9008.212191312341,216
-6713405.599433625,6577767.614352082,142.50000000000003,8312.9345703125,9008.212191312341,216
-6713413.099433625,6577767.614352082,150.0,8312.9345703125,9008.212191312341,216
-6713450.9865899375,6578091.575172964,-150.0,8319.810546875,9538.10702609542,216
-6713458.4865899375,6578091.575172964,-142.5,8319.810546875,9538.10702609542,216
-6713465.9865899375,6578091.575172964,-135.0,8319.810546875,9538.10702609542,216
-6713473.4865899375,6578091.575172964,-127.5,8319.810546875,9538.10702609542,216
-6713480.9865899375,6578091.575172964,-120.0,8319.810546875,9538.10702609542,216
-6713488.4865899375,6578091.575172964,-112.5,8319.810546875,9538.10702609542,216
-6713495.9865899375,6578091.575172964,-105.0,8319.810546875,9538.10702609542,216
-6713503.4865899375,6578091.575172964,-97.49999999999999,8319.810546875,9538.10702609542,216
-6713510.9865899375,6578091.575172964,-90.0,8319.810546875,9538.10702609542,216
-6713518.4865899375,6578091.575172964,-82.5,8319.810546875,9538.10702609542,216
-6713525.9865899375,6578091.575172964,-75.0,8319.810546875,9538.10702609542,216
-6713533.4865899375,6578091.575172964,-67.5,8319.810546875,9538.10702609542,216
-6713540.9865899375,6578091.575172964,-59.999999999999986,8319.810546875,9538.10702609542,216
-6713548.4865899375,6578091.575172964,-52.5,8310.646484375,9538.10702609542,216
-6713555.9865899375,6578091.575172964,-44.99999999999999,8310.646484375,9538.10702609542,216
-6713563.4865899375,6578091.575172964,-37.5,8310.646484375,9538.10702609542,216
-6713570.9865899375,6578091.575172964,-29.999999999999993,8310.646484375,9538.10702609542,216
-6713578.4865899375,6578091.575172964,-22.499999999999986,8310.646484375,9538.10702609542,216
-6713585.9865899375,6578091.575172964,-14.999999999999996,8310.646484375,9538.10702609542,216
-6713593.4865899375,6578091.575172964,-7.49999999999999,8310.646484375,9538.10702609542,216
-6713600.9865899375,6578091.575172964,0.0,8310.646484375,9538.10702609542,216
-6713608.4865899375,6578091.575172964,7.500000000000007,8310.646484375,9538.10702609542,216
-6713615.9865899375,6578091.575172964,15.000000000000014,8310.646484375,9538.10702609542,216
-6713623.4865899375,6578091.575172964,22.50000000000002,8310.646484375,9538.10702609542,216
-6713630.9865899375,6578091.575172964,30.00000000000003,8310.646484375,9538.10702609542,216
-6713638.4865899375,6578091.575172964,37.5,8310.646484375,9538.10702609542,216
-6713645.9865899375,6578091.575172964,45.00000000000001,8310.646484375,9538.10702609542,216
-6713653.4865899375,6578091.575172964,52.500000000000014,8310.646484375,9538.10702609542,216
-6713660.9865899375,6578091.575172964,60.00000000000002,8311.1845703125,9538.10702609542,216
-6713668.4865899375,6578091.575172964,67.50000000000003,8311.1845703125,9538.10702609542,216
-6713675.9865899375,6578091.575172964,75.0,8311.1845703125,9538.10702609542,216
-6713683.4865899375,6578091.575172964,82.5,8311.1845703125,9538.10702609542,216
-6713690.9865899375,6578091.575172964,90.00000000000001,8311.1845703125,9538.10702609542,216
-6713698.4865899375,6578091.575172964,97.50000000000001,8311.1845703125,9538.10702609542,216
-6713705.9865899375,6578091.575172964,105.00000000000003,8311.1845703125,9538.10702609542,216
-6713713.4865899375,6578091.575172964,112.5,8311.1845703125,9538.10702609542,216
-6713720.9865899375,6578091.575172964,120.0,8311.1845703125,9538.10702609542,216
-6713728.4865899375,6578091.575172964,127.50000000000001,8311.1845703125,9538.10702609542,216
-6713735.9865899375,6578091.575172964,135.00000000000003,8311.1845703125,9538.10702609542,216
-6713743.4865899375,6578091.575172964,142.50000000000003,8311.1845703125,9538.10702609542,216
-6713750.9865899375,6578091.575172964,150.0,8311.1845703125,9538.10702609542,216
-6713563.615642042,6578574.817526848,-150.0,8315.96875,10068.001860878498,216
-6713571.115642042,6578574.817526848,-142.5,8315.96875,10068.001860878498,216
-6713578.615642042,6578574.817526848,-135.0,8315.96875,10068.001860878498,216
-6713586.115642042,6578574.817526848,-127.5,8315.96875,10068.001860878498,216
-6713593.615642042,6578574.817526848,-120.0,8315.96875,10068.001860878498,216
-6713601.115642042,6578574.817526848,-112.5,8315.96875,10068.001860878498,216
-6713608.615642042,6578574.817526848,-105.0,8315.96875,10068.001860878498,216
-6713616.115642042,6578574.817526848,-97.49999999999999,8315.96875,10068.001860878498,216
-6713623.615642042,6578574.817526848,-90.0,8315.96875,10068.001860878498,216
-6713631.115642042,6578574.817526848,-82.5,8315.96875,10068.001860878498,216
-6713638.615642042,6578574.817526848,-75.0,8315.96875,10068.001860878498,216
-6713646.115642042,6578574.817526848,-67.5,8315.96875,10068.001860878498,216
-6713653.615642042,6578574.817526848,-59.999999999999986,8315.96875,10068.001860878498,216
-6713661.115642042,6578574.817526848,-52.5,8308.71875,10068.001860878498,216
-6713668.615642042,6578574.817526848,-44.99999999999999,8308.71875,10068.001860878498,216
-6713676.115642042,6578574.817526848,-37.5,8308.71875,10068.001860878498,216
-6713683.615642042,6578574.817526848,-29.999999999999993,8308.71875,10068.001860878498,216
-6713691.115642042,6578574.817526848,-22.499999999999986,8308.71875,10068.001860878498,216
-6713698.615642042,6578574.817526848,-14.999999999999996,8308.71875,10068.001860878498,216
-6713706.115642042,6578574.817526848,-7.49999999999999,8308.71875,10068.001860878498,216
-6713713.615642042,6578574.817526848,0.0,8308.71875,10068.001860878498,216
-6713721.115642042,6578574.817526848,7.500000000000007,8308.71875,10068.001860878498,216
-6713728.615642042,6578574.817526848,15.000000000000014,8308.71875,10068.001860878498,216
-6713736.115642042,6578574.817526848,22.50000000000002,8308.71875,10068.001860878498,216
-6713743.615642042,6578574.817526848,30.00000000000003,8308.71875,10068.001860878498,216
-6713751.115642042,6578574.817526848,37.5,8308.71875,10068.001860878498,216
-6713758.615642042,6578574.817526848,45.00000000000001,8308.71875,10068.001860878498,216
-6713766.115642042,6578574.817526848,52.500000000000014,8308.71875,10068.001860878498,216
-6713773.615642042,6578574.817526848,60.00000000000002,8308.9443359375,10068.001860878498,216
-6713781.115642042,6578574.817526848,67.50000000000003,8308.9443359375,10068.001860878498,216
-6713788.615642042,6578574.817526848,75.0,8308.9443359375,10068.001860878498,216
-6713796.115642042,6578574.817526848,82.5,8308.9443359375,10068.001860878498,216
-6713803.615642042,6578574.817526848,90.00000000000001,8308.9443359375,10068.001860878498,216
-6713811.115642042,6578574.817526848,97.50000000000001,8308.9443359375,10068.001860878498,216
-6713818.615642042,6578574.817526848,105.00000000000003,8308.9443359375,10068.001860878498,216
-6713826.115642042,6578574.817526848,112.5,8308.9443359375,10068.001860878498,216
-6713833.615642042,6578574.817526848,120.0,8308.9443359375,10068.001860878498,216
-6713841.115642042,6578574.817526848,127.50000000000001,8308.9443359375,10068.001860878498,216
-6713848.615642042,6578574.817526848,135.00000000000003,8308.9443359375,10068.001860878498,216
-6713856.115642042,6578574.817526848,142.50000000000003,8308.9443359375,10068.001860878498,216
-6713863.615642042,6578574.817526848,150.0,8308.9443359375,10068.001860878498,216
-6714020.937367311,6578950.162223039,-150.0,8300.865234375,10597.896695661577,216
-6714015.634066452,6578944.858922181,-142.5,8300.865234375,10597.896695661577,216
-6714010.330765593,6578939.555621321,-135.0,8300.865234375,10597.896695661577,216
-6714005.027464734,6578934.252320463,-127.5,8300.865234375,10597.896695661577,216
-6713999.724163875,6578928.949019603,-120.0,8300.865234375,10597.896695661577,216
-6713994.4208630165,6578923.645718745,-112.5,8306.125,10597.896695661577,216
-6713989.117562157,6578918.342417886,-105.0,8306.125,10597.896695661577,216
-6713983.814261299,6578913.039117027,-97.49999999999999,8306.125,10597.896695661577,216
-6713978.510960439,6578907.735816168,-90.0,8306.125,10597.896695661577,216
-6713973.207659581,6578902.432515309,-82.5,8306.125,10597.896695661577,216
-6713967.904358722,6578897.129214451,-75.0,8306.125,10597.896695661577,216
-6713962.601057863,6578891.825913591,-67.5,8306.125,10597.896695661577,216
-6713957.297757004,6578886.522612733,-59.999999999999986,8306.125,10597.896695661577,216
-6713951.994456145,6578881.219311873,-52.5,8306.125,10597.896695661577,216
-6713946.6911552865,6578875.916011015,-44.99999999999999,8304.5830078125,10597.896695661577,216
-6713941.387854427,6578870.612710156,-37.5,8304.5830078125,10597.896695661577,216
-6713936.084553569,6578865.309409297,-29.999999999999993,8304.5830078125,10597.896695661577,216
-6713930.781252709,6578860.006108438,-22.499999999999986,8304.5830078125,10597.896695661577,216
-6713925.477951851,6578854.702807579,-14.999999999999996,8304.5830078125,10597.896695661577,216
-6713920.174650991,6578849.39950672,-7.49999999999999,8304.5830078125,10597.896695661577,216
-6713914.871350133,6578844.096205861,0.0,8304.5830078125,10597.896695661577,216
-6713909.568049274,6578838.792905003,7.500000000000007,8304.5830078125,10597.896695661577,216
-6713904.264748415,6578833.489604143,15.000000000000014,8304.5830078125,10597.896695661577,216
-6713898.9614475565,6578828.186303285,22.50000000000002,8304.5830078125,10597.896695661577,216
-6713893.658146697,6578822.883002426,30.00000000000003,8304.5830078125,10597.896695661577,216
-6713888.354845839,6578817.579701567,37.5,8304.5830078125,10597.896695661577,216
-6713883.051544979,6578812.276400708,45.00000000000001,8304.5830078125,10597.896695661577,216
-6713877.748244121,6578806.973099849,52.500000000000014,8309.9326171875,10597.896695661577,216
-6713872.444943261,6578801.66979899,60.00000000000002,8309.9326171875,10597.896695661577,216
-6713867.141642403,6578796.366498131,67.50000000000003,8309.9326171875,10597.896695661577,216
-6713861.838341543,6578791.063197272,75.0,8309.9326171875,10597.896695661577,216
-6713856.535040685,6578785.759896413,82.5,8309.9326171875,10597.896695661577,216
-6713851.2317398265,6578780.456595555,90.00000000000001,8309.9326171875,10597.896695661577,216
-6713845.928438967,6578775.153294696,97.50000000000001,8309.9326171875,10597.896695661577,216
-6713840.625138109,6578769.849993837,105.00000000000003,8309.9326171875,10597.896695661577,216
-6713835.321837249,6578764.546692978,112.5,8309.9326171875,10597.896695661577,216
-6713830.018536391,6578759.243392119,120.0,8310.1142578125,10597.896695661577,216
-6713824.715235531,6578753.94009126,127.50000000000001,8310.1142578125,10597.896695661577,216
-6713819.411934673,6578748.636790401,135.00000000000003,8310.1142578125,10597.896695661577,216
-6713814.108633813,6578743.333489542,142.50000000000003,8310.1142578125,10597.896695661577,216
-6713808.805332955,6578738.030188683,150.0,8310.1142578125,10597.896695661577,216
-6714428.617883905,6579105.626966966,-150.0,8299.9677734375,11127.791530444656,216
-6714423.314583046,6579100.323666108,-142.5,8296.560546875,11127.791530444656,216
-6714418.011282187,6579095.020365248,-135.0,8296.560546875,11127.791530444656,216
-6714412.7079813285,6579089.71706439,-127.5,8296.560546875,11127.791530444656,216
-6714407.404680469,6579084.413763531,-120.0,8296.560546875,11127.791530444656,216
-6714402.101379611,6579079.110462672,-112.5,8296.560546875,11127.791530444656,216
-6714396.798078751,6579073.807161813,-105.0,8296.560546875,11127.791530444656,216
-6714391.494777893,6579068.503860954,-97.49999999999999,8296.560546875,11127.791530444656,216
-6714386.191477033,6579063.200560095,-90.0,8296.560546875,11127.791530444656,216
-6714380.888176175,6579057.897259236,-82.5,8296.560546875,11127.791530444656,216
-6714375.584875315,6579052.593958378,-75.0,8296.560546875,11127.791530444656,216
-6714370.281574457,6579047.290657518,-67.5,8296.560546875,11127.791530444656,216
-6714364.9782735985,6579041.98735666,-59.999999999999986,8296.560546875,11127.791530444656,216
-6714359.674972739,6579036.684055801,-52.5,8296.560546875,11127.791530444656,216
-6714354.371671881,6579031.380754942,-44.99999999999999,8296.560546875,11127.791530444656,216
-6714349.068371021,6579026.077454083,-37.5,8296.560546875,11127.791530444656,216
-6714343.765070163,6579020.774153224,-29.999999999999993,8296.560546875,11127.791530444656,216
-6714338.461769303,6579015.470852365,-22.499999999999986,8296.560546875,11127.791530444656,216
-6714333.158468445,6579010.167551506,-14.999999999999996,8296.560546875,11127.791530444656,216
-6714327.855167585,6579004.864250647,-7.49999999999999,8296.443359375,11127.791530444656,216
-6714322.551866727,6578999.560949788,0.0,8296.443359375,11127.791530444656,216
-6714317.2485658685,6578994.25764893,7.500000000000007,8296.443359375,11127.791530444656,216
-6714311.945265009,6578988.954348071,15.000000000000014,8296.322265625,11127.791530444656,216
-6714306.641964151,6578983.651047212,22.50000000000002,8296.322265625,11127.791530444656,216
-6714301.338663291,6578978.347746353,30.00000000000003,8296.322265625,11127.791530444656,216
-6714296.035362433,6578973.044445494,37.5,8296.322265625,11127.791530444656,216
-6714290.732061573,6578967.741144635,45.00000000000001,8296.322265625,11127.791530444656,216
-6714285.428760715,6578962.437843776,52.500000000000014,8296.322265625,11127.791530444656,216
-6714280.125459855,6578957.134542917,60.00000000000002,8296.322265625,11127.791530444656,216
-6714274.822158997,6578951.831242058,67.50000000000003,8296.322265625,11127.791530444656,216
-6714269.5188581385,6578946.527941199,75.0,8296.322265625,11127.791530444656,216
-6714264.215557279,6578941.224640341,82.5,8296.322265625,11127.791530444656,216
-6714258.912256421,6578935.921339482,90.00000000000001,8296.322265625,11127.791530444656,216
-6714253.608955561,6578930.618038623,97.50000000000001,8296.322265625,11127.791530444656,216
-6714248.305654703,6578925.314737764,105.00000000000003,8296.322265625,11127.791530444656,216
-6714243.002353843,6578920.011436905,112.5,8296.322265625,11127.791530444656,216
-6714237.699052985,6578914.708136046,120.0,8296.322265625,11127.791530444656,216
-6714232.395752125,6578909.404835187,127.50000000000001,8296.322265625,11127.791530444656,216
-6714227.092451267,6578904.101534328,135.00000000000003,8296.322265625,11127.791530444656,216
-6714221.789150408,6578898.798233469,142.50000000000003,8296.322265625,11127.791530444656,216
-6714216.485849549,6578893.494932611,150.0,8299.91015625,11127.791530444656,216
-6714591.178080541,6579346.643022076,-150.0,8296.83984375,11657.686365227735,216
-6714596.4813814,6579341.339721218,-142.5,8296.83984375,11657.686365227735,216
-6714601.784682259,6579336.036420358,-135.0,8296.83984375,11657.686365227735,216
-6714607.087983117,6579330.7331195,-127.5,8296.83984375,11657.686365227735,216
-6714612.391283977,6579325.42981864,-120.0,8284.30078125,11657.686365227735,216
-6714617.694584835,6579320.126517782,-112.5,8284.30078125,11657.686365227735,216
-6714622.997885695,6579314.823216923,-105.0,8284.30078125,11657.686365227735,216
-6714628.301186553,6579309.519916064,-97.49999999999999,8284.30078125,11657.686365227735,216
-6714633.604487413,6579304.216615205,-90.0,8284.30078125,11657.686365227735,216
-6714638.907788271,6579298.913314346,-82.5,8284.30078125,11657.686365227735,216
-6714644.2110891305,6579293.610013487,-75.0,8284.30078125,11657.686365227735,216
-6714649.514389989,6579288.306712628,-67.5,8284.30078125,11657.686365227735,216
-6714654.817690847,6579283.00341177,-59.999999999999986,8284.30078125,11657.686365227735,216
-6714660.120991707,6579277.70011091,-52.5,8284.30078125,11657.686365227735,216
-6714665.424292565,6579272.396810052,-44.99999999999999,8284.30078125,11657.686365227735,216
-6714670.727593425,6579267.093509193,-37.5,8284.30078125,11657.686365227735,216
-6714676.030894283,6579261.790208334,-29.999999999999993,8283.20703125,11657.686365227735,216
-6714681.334195143,6579256.486907475,-22.499999999999986,8283.20703125,11657.686365227735,216
-6714686.637496001,6579251.183606616,-14.999999999999996,8283.20703125,11657.686365227735,216
-6714691.9407968605,6579245.880305757,-7.49999999999999,8283.20703125,11657.686365227735,216
-6714697.244097719,6579240.577004898,0.0,8283.20703125,11657.686365227735,216
-6714702.547398577,6579235.27370404,7.500000000000007,8283.20703125,11657.686365227735,216
-6714707.850699437,6579229.97040318,15.000000000000014,8283.20703125,11657.686365227735,216
-6714713.154000295,6579224.667102322,22.50000000000002,8283.20703125,11657.686365227735,216
-6714718.457301155,6579219.363801463,30.00000000000003,8283.20703125,11657.686365227735,216
-6714723.760602013,6579214.060500604,37.5,8286.970703125,11657.686365227735,216
-6714729.063902873,6579208.757199745,45.00000000000001,8286.970703125,11657.686365227735,216
-6714734.367203731,6579203.453898886,52.500000000000014,8286.970703125,11657.686365227735,216
-6714739.6705045905,6579198.150598027,60.00000000000002,8286.970703125,11657.686365227735,216
-6714744.973805449,6579192.847297168,67.50000000000003,8286.970703125,11657.686365227735,216
-6714750.277106307,6579187.54399631,75.0,8286.970703125,11657.686365227735,216
-6714755.580407167,6579182.24069545,82.5,8286.970703125,11657.686365227735,216
-6714760.883708025,6579176.937394592,90.00000000000001,8286.970703125,11657.686365227735,216
-6714766.187008885,6579171.634093733,97.50000000000001,8286.970703125,11657.686365227735,216
-6714771.490309743,6579166.330792874,105.00000000000003,8286.970703125,11657.686365227735,216
-6714776.793610603,6579161.027492015,112.5,8286.970703125,11657.686365227735,216
-6714782.096911461,6579155.724191156,120.0,8286.970703125,11657.686365227735,216
-6714787.4002123205,6579150.420890297,127.50000000000001,8292.625,11657.686365227735,216
-6714792.703513179,6579145.117589438,135.00000000000003,8292.625,11657.686365227735,216
-6714798.006814038,6579139.814288579,142.50000000000003,8292.625,11657.686365227735,216
-6714803.310114897,6579134.51098772,150.0,8292.625,11657.686365227735,216
-6714595.11494208,6579641.156361122,-150.0,8299.2470703125,12187.581200010814,216
-6714600.418242939,6579646.45966198,-142.5,8299.2470703125,12187.581200010814,216
-6714605.721543798,6579651.76296284,-135.0,8299.2470703125,12187.581200010814,216
-6714611.024844657,6579657.066263698,-127.5,8299.2470703125,12187.581200010814,216
-6714616.328145516,6579662.369564557,-120.0,8299.2470703125,12187.581200010814,216
-6714621.631446375,6579667.672865416,-112.5,8285.2294921875,12187.581200010814,216
-6714626.934747234,6579672.976166275,-105.0,8285.2294921875,12187.581200010814,216
-6714632.238048092,6579678.279467134,-97.49999999999999,8285.2294921875,12187.581200010814,216
-6714637.541348952,6579683.582767993,-90.0,8285.2294921875,12187.581200010814,216
-6714642.84464981,6579688.886068852,-82.5,8285.2294921875,12187.581200010814,216
-6714648.14795067,6579694.18936971,-75.0,8285.2294921875,12187.581200010814,216
-6714653.451251528,6579699.49267057,-67.5,8285.2294921875,12187.581200010814,216
-6714658.754552387,6579704.795971428,-59.999999999999986,8285.2294921875,12187.581200010814,216
-6714664.057853246,6579710.099272287,-52.5,8285.2294921875,12187.581200010814,216
-6714669.361154105,6579715.402573146,-44.99999999999999,8285.2294921875,12187.581200010814,216
-6714674.664454964,6579720.705874005,-37.5,8270.541015625,12187.581200010814,216
-6714679.967755822,6579726.009174864,-29.999999999999993,8270.541015625,12187.581200010814,216
-6714685.271056682,6579731.312475723,-22.499999999999986,8270.541015625,12187.581200010814,216
-6714690.57435754,6579736.615776582,-14.999999999999996,8270.541015625,12187.581200010814,216
-6714695.8776584,6579741.919077441,-7.49999999999999,8270.541015625,12187.581200010814,216
-6714701.180959258,6579747.2223783,0.0,8270.541015625,12187.581200010814,216
-6714706.484260117,6579752.525679158,7.500000000000007,8270.541015625,12187.581200010814,216
-6714711.787560976,6579757.828980017,15.000000000000014,8270.541015625,12187.581200010814,216
-6714717.090861835,6579763.132280876,22.50000000000002,8270.541015625,12187.581200010814,216
-6714722.394162694,6579768.435581735,30.00000000000003,8270.541015625,12187.581200010814,216
-6714727.6974635525,6579773.738882594,37.5,8270.541015625,12187.581200010814,216
-6714733.000764412,6579779.042183453,45.00000000000001,8272.958984375,12187.581200010814,216
-6714738.30406527,6579784.345484312,52.500000000000014,8272.958984375,12187.581200010814,216
-6714743.60736613,6579789.648785171,60.00000000000002,8272.958984375,12187.581200010814,216
-6714748.910666988,6579794.95208603,67.50000000000003,8272.958984375,12187.581200010814,216
-6714754.213967847,6579800.255386889,75.0,8272.958984375,12187.581200010814,216
-6714759.517268706,6579805.558687747,82.5,8272.958984375,12187.581200010814,216
-6714764.820569565,6579810.861988606,90.00000000000001,8272.958984375,12187.581200010814,216
-6714770.123870424,6579816.165289465,97.50000000000001,8272.958984375,12187.581200010814,216
-6714775.4271712825,6579821.468590324,105.00000000000003,8272.958984375,12187.581200010814,216
-6714780.730472142,6579826.771891183,112.5,8272.958984375,12187.581200010814,216
-6714786.033773,6579832.075192042,120.0,8274.080078125,12187.581200010814,216
-6714791.33707386,6579837.378492901,127.50000000000001,8274.080078125,12187.581200010814,216
-6714796.640374718,6579842.68179376,135.00000000000003,8274.080078125,12187.581200010814,216
-6714801.943675578,6579847.985094619,142.50000000000003,8274.080078125,12187.581200010814,216
-6714807.246976436,6579853.288395477,150.0,8274.080078125,12187.581200010814,216
-6714577.277110981,6580194.621631254,-150.0,8254.4921875,12717.476034793894,216
-6714584.777110981,6580194.621631254,-142.5,8254.4921875,12717.476034793894,216
-6714592.277110981,6580194.621631254,-135.0,8254.4921875,12717.476034793894,216
-6714599.777110981,6580194.621631254,-127.5,8254.4921875,12717.476034793894,216
-6714607.277110981,6580194.621631254,-120.0,8254.4921875,12717.476034793894,216
-6714614.777110981,6580194.621631254,-112.5,8254.4921875,12717.476034793894,216
-6714622.277110981,6580194.621631254,-105.0,8254.4921875,12717.476034793894,216
-6714629.777110981,6580194.621631254,-97.49999999999999,8254.4921875,12717.476034793894,216
-6714637.277110981,6580194.621631254,-90.0,8254.4921875,12717.476034793894,216
-6714644.777110981,6580194.621631254,-82.5,8254.4921875,12717.476034793894,216
-6714652.277110981,6580194.621631254,-75.0,8254.4921875,12717.476034793894,216
-6714659.777110981,6580194.621631254,-67.5,8254.4921875,12717.476034793894,216
-6714667.277110981,6580194.621631254,-59.999999999999986,8254.4921875,12717.476034793894,216
-6714674.777110981,6580194.621631254,-52.5,8247.41796875,12717.476034793894,216
-6714682.277110981,6580194.621631254,-44.99999999999999,8247.41796875,12717.476034793894,216
-6714689.777110981,6580194.621631254,-37.5,8247.41796875,12717.476034793894,216
-6714697.277110981,6580194.621631254,-29.999999999999993,8247.41796875,12717.476034793894,216
-6714704.777110981,6580194.621631254,-22.499999999999986,8247.41796875,12717.476034793894,216
-6714712.277110981,6580194.621631254,-14.999999999999996,8247.41796875,12717.476034793894,216
-6714719.777110981,6580194.621631254,-7.49999999999999,8247.41796875,12717.476034793894,216
-6714727.277110981,6580194.621631254,0.0,8247.41796875,12717.476034793894,216
-6714734.777110981,6580194.621631254,7.500000000000007,8247.41796875,12717.476034793894,216
-6714742.277110981,6580194.621631254,15.000000000000014,8247.41796875,12717.476034793894,216
-6714749.777110981,6580194.621631254,22.50000000000002,8247.41796875,12717.476034793894,216
-6714757.277110981,6580194.621631254,30.00000000000003,8247.41796875,12717.476034793894,216
-6714764.777110981,6580194.621631254,37.5,8247.41796875,12717.476034793894,216
-6714772.277110981,6580194.621631254,45.00000000000001,8247.41796875,12717.476034793894,216
-6714779.777110981,6580194.621631254,52.500000000000014,8247.41796875,12717.476034793894,216
-6714787.277110981,6580194.621631254,60.00000000000002,8271.6962890625,12717.476034793894,216
-6714794.777110981,6580194.621631254,67.50000000000003,8271.6962890625,12717.476034793894,216
-6714802.277110981,6580194.621631254,75.0,8271.6962890625,12717.476034793894,216
-6714809.777110981,6580194.621631254,82.5,8271.6962890625,12717.476034793894,216
-6714817.277110981,6580194.621631254,90.00000000000001,8271.6962890625,12717.476034793894,216
-6714824.777110981,6580194.621631254,97.50000000000001,8271.6962890625,12717.476034793894,216
-6714832.277110981,6580194.621631254,105.00000000000003,8271.6962890625,12717.476034793894,216
-6714839.777110981,6580194.621631254,112.5,8271.6962890625,12717.476034793894,216
-6714847.277110981,6580194.621631254,120.0,8271.6962890625,12717.476034793894,216
-6714854.777110981,6580194.621631254,127.50000000000001,8271.6962890625,12717.476034793894,216
-6714862.277110981,6580194.621631254,135.00000000000003,8271.6962890625,12717.476034793894,216
-6714869.777110981,6580194.621631254,142.50000000000003,8271.6962890625,12717.476034793894,216
-6714877.277110981,6580194.621631254,150.0,8271.6962890625,12717.476034793894,216
-6714535.168988021,6580489.505679911,-150.0,8246.046875,13247.370869576971,216
-6714540.47228888,6580494.8089807695,-142.5,8246.046875,13247.370869576971,216
-6714545.775589739,6580500.112281629,-135.0,8246.046875,13247.370869576971,216
-6714551.078890597,6580505.415582487,-127.5,8246.046875,13247.370869576971,216
-6714556.382191457,6580510.718883347,-120.0,8246.046875,13247.370869576971,216
-6714561.685492315,6580516.022184205,-112.5,8242.36328125,13247.370869576971,216
-6714566.988793175,6580521.325485065,-105.0,8242.36328125,13247.370869576971,216
-6714572.292094033,6580526.628785923,-97.49999999999999,8242.36328125,13247.370869576971,216
-6714577.595394893,6580531.9320867825,-90.0,8242.36328125,13247.370869576971,216
-6714582.898695751,6580537.235387641,-82.5,8242.36328125,13247.370869576971,216
-6714588.20199661,6580542.5386884995,-75.0,8242.36328125,13247.370869576971,216
-6714593.505297469,6580547.841989359,-67.5,8242.36328125,13247.370869576971,216
-6714598.808598327,6580553.145290217,-59.999999999999986,8242.36328125,13247.370869576971,216
-6714604.111899187,6580558.448591077,-52.5,8242.36328125,13247.370869576971,216
-6714609.415200045,6580563.751891935,-44.99999999999999,8242.36328125,13247.370869576971,216
-6714614.718500905,6580569.055192795,-37.5,8225.5009765625,13247.370869576971,216
-6714620.021801763,6580574.358493653,-29.999999999999993,8225.5009765625,13247.370869576971,216
-6714625.325102623,6580579.6617945125,-22.499999999999986,8225.5009765625,13247.370869576971,216
-6714630.628403481,6580584.965095371,-14.999999999999996,8225.5009765625,13247.370869576971,216
-6714635.9317043405,6580590.26839623,-7.49999999999999,8225.5009765625,13247.370869576971,216
-6714641.235005199,6580595.571697089,0.0,8225.5009765625,13247.370869576971,216
-6714646.538306057,6580600.874997947,7.500000000000007,8225.5009765625,13247.370869576971,216
-6714651.841606917,6580606.178298807,15.000000000000014,8225.5009765625,13247.370869576971,216
-6714657.144907775,6580611.481599665,22.50000000000002,8225.5009765625,13247.370869576971,216
-6714662.448208635,6580616.784900525,30.00000000000003,8225.5009765625,13247.370869576971,216
-6714667.751509493,6580622.088201383,37.5,8225.5009765625,13247.370869576971,216
-6714673.054810353,6580627.391502243,45.00000000000001,8232.0634765625,13247.370869576971,216
-6714678.358111211,6580632.694803101,52.500000000000014,8232.0634765625,13247.370869576971,216
-6714683.6614120705,6580637.99810396,60.00000000000002,8232.0634765625,13247.370869576971,216
-6714688.964712929,6580643.301404819,67.50000000000003,8232.0634765625,13247.370869576971,216
-6714694.268013788,6580648.604705678,75.0,8232.0634765625,13247.370869576971,216
-6714699.571314647,6580653.908006537,82.5,8232.0634765625,13247.370869576971,216
-6714704.874615505,6580659.211307395,90.00000000000001,8232.0634765625,13247.370869576971,216
-6714710.177916365,6580664.514608255,97.50000000000001,8232.0634765625,13247.370869576971,216
-6714715.481217223,6580669.817909113,105.00000000000003,8232.0634765625,13247.370869576971,216
-6714720.784518083,6580675.121209973,112.5,8232.0634765625,13247.370869576971,216
-6714726.087818941,6580680.424510831,120.0,8222.6845703125,13247.370869576971,216
-6714731.3911198005,6580685.72781169,127.50000000000001,8222.6845703125,13247.370869576971,216
-6714736.694420659,6580691.031112549,135.00000000000003,8222.6845703125,13247.370869576971,216
-6714741.997721518,6580696.334413408,142.50000000000003,8222.6845703125,13247.370869576971,216
-6714747.301022377,6580701.637714267,150.0,8222.6845703125,13247.370869576971,216
-6714352.019006772,6581001.824806019,-150.0,8220.5068359375,13777.26570436005,216
-6714359.519006772,6581001.824806019,-142.5,8220.5068359375,13777.26570436005,216
-6714367.019006772,6581001.824806019,-135.0,8220.5068359375,13777.26570436005,216
-6714374.519006772,6581001.824806019,-127.5,8220.5068359375,13777.26570436005,216
-6714382.019006772,6581001.824806019,-120.0,8220.5068359375,13777.26570436005,216
-6714389.519006772,6581001.824806019,-112.5,8220.5068359375,13777.26570436005,216
-6714397.019006772,6581001.824806019,-105.0,8220.5068359375,13777.26570436005,216
-6714404.519006772,6581001.824806019,-97.49999999999999,8220.5068359375,13777.26570436005,216
-6714412.019006772,6581001.824806019,-90.0,8220.5068359375,13777.26570436005,216
-6714419.519006772,6581001.824806019,-82.5,8220.5068359375,13777.26570436005,216
-6714427.019006772,6581001.824806019,-75.0,8220.5068359375,13777.26570436005,216
-6714434.519006772,6581001.824806019,-67.5,8220.5068359375,13777.26570436005,216
-6714442.019006772,6581001.824806019,-59.999999999999986,8220.5068359375,13777.26570436005,216
-6714449.519006772,6581001.824806019,-52.5,8220.2236328125,13777.26570436005,216
-6714457.019006772,6581001.824806019,-44.99999999999999,8220.2236328125,13777.26570436005,216
-6714464.519006772,6581001.824806019,-37.5,8220.2236328125,13777.26570436005,216
-6714472.019006772,6581001.824806019,-29.999999999999993,8220.2236328125,13777.26570436005,216
-6714479.519006772,6581001.824806019,-22.499999999999986,8220.2236328125,13777.26570436005,216
-6714487.019006772,6581001.824806019,-14.999999999999996,8220.2236328125,13777.26570436005,216
-6714494.519006772,6581001.824806019,-7.49999999999999,8220.2236328125,13777.26570436005,216
-6714502.019006772,6581001.824806019,0.0,8220.2236328125,13777.26570436005,216
-6714509.519006772,6581001.824806019,7.500000000000007,8220.2236328125,13777.26570436005,216
-6714517.019006772,6581001.824806019,15.000000000000014,8220.2236328125,13777.26570436005,216
-6714524.519006772,6581001.824806019,22.50000000000002,8220.2236328125,13777.26570436005,216
-6714532.019006772,6581001.824806019,30.00000000000003,8220.2236328125,13777.26570436005,216
-6714539.519006772,6581001.824806019,37.5,8220.2236328125,13777.26570436005,216
-6714547.019006772,6581001.824806019,45.00000000000001,8220.2236328125,13777.26570436005,216
-6714554.519006772,6581001.824806019,52.500000000000014,8220.2236328125,13777.26570436005,216
-6714562.019006772,6581001.824806019,60.00000000000002,8226.646484375,13777.26570436005,216
-6714569.519006772,6581001.824806019,67.50000000000003,8226.646484375,13777.26570436005,216
-6714577.019006772,6581001.824806019,75.0,8226.646484375,13777.26570436005,216
-6714584.519006772,6581001.824806019,82.5,8226.646484375,13777.26570436005,216
-6714592.019006772,6581001.824806019,90.00000000000001,8226.646484375,13777.26570436005,216
-6714599.519006772,6581001.824806019,97.50000000000001,8226.646484375,13777.26570436005,216
-6714607.019006772,6581001.824806019,105.00000000000003,8226.646484375,13777.26570436005,216
-6714614.519006772,6581001.824806019,112.5,8226.646484375,13777.26570436005,216
-6714622.019006772,6581001.824806019,120.0,8226.646484375,13777.26570436005,216
-6714629.519006772,6581001.824806019,127.50000000000001,8226.646484375,13777.26570436005,216
-6714637.019006772,6581001.824806019,135.00000000000003,8226.646484375,13777.26570436005,216
-6714644.519006772,6581001.824806019,142.50000000000003,8226.646484375,13777.26570436005,216
-6714652.019006772,6581001.824806019,150.0,8226.646484375,13777.26570436005,216
-6714190.3896978265,6581536.322837761,-150.0,8206.5673828125,14307.16053914313,216
-6714195.692998685,6581531.019536902,-142.5,8206.5673828125,14307.16053914313,216
-6714200.996299544,6581525.716236043,-135.0,8206.5673828125,14307.16053914313,216
-6714206.299600404,6581520.412935184,-127.5,8206.5673828125,14307.16053914313,216
-6714211.602901262,6581515.109634325,-120.0,8206.5673828125,14307.16053914313,216
-6714216.906202121,6581509.806333466,-112.5,8206.5673828125,14307.16053914313,216
-6714222.20950298,6581504.503032607,-105.0,8181.111328125,14307.16053914313,216
-6714227.5128038395,6581499.199731749,-97.49999999999999,8181.111328125,14307.16053914313,216
-6714232.816104698,6581493.896430889,-90.0,8181.111328125,14307.16053914313,216
-6714238.1194055565,6581488.593130031,-82.5,8181.111328125,14307.16053914313,216
-6714243.422706416,6581483.289829172,-75.0,8181.111328125,14307.16053914313,216
-6714248.726007275,6581477.986528313,-67.5,8181.111328125,14307.16053914313,216
-6714254.029308134,6581472.683227454,-59.999999999999986,8181.111328125,14307.16053914313,216
-6714259.332608992,6581467.379926595,-52.5,8181.111328125,14307.16053914313,216
-6714264.635909852,6581462.076625736,-44.99999999999999,8200.119140625,14307.16053914313,216
-6714269.939210711,6581456.773324877,-37.5,8200.119140625,14307.16053914313,216
-6714275.2425115695,6581451.470024019,-29.999999999999993,8200.119140625,14307.16053914313,216
-6714280.545812428,6581446.166723159,-22.499999999999986,8200.119140625,14307.16053914313,216
-6714285.849113287,6581440.863422301,-14.999999999999996,8200.119140625,14307.16053914313,216
-6714291.152414147,6581435.560121441,-7.49999999999999,8200.119140625,14307.16053914313,216
-6714296.455715005,6581430.256820583,0.0,8200.119140625,14307.16053914313,216
-6714301.759015864,6581424.953519724,7.500000000000007,8200.119140625,14307.16053914313,216
-6714307.062316723,6581419.650218865,15.000000000000014,8200.119140625,14307.16053914313,216
-6714312.365617583,6581414.346918006,22.50000000000002,8200.119140625,14307.16053914313,216
-6714317.668918441,6581409.043617147,30.00000000000003,8200.119140625,14307.16053914313,216
-6714322.9722192995,6581403.740316289,37.5,8200.119140625,14307.16053914313,216
-6714328.275520159,6581398.437015429,45.00000000000001,8200.119140625,14307.16053914313,216
-6714333.578821018,6581393.133714571,52.500000000000014,8200.62890625,14307.16053914313,216
-6714338.882121877,6581387.830413711,60.00000000000002,8200.62890625,14307.16053914313,216
-6714344.185422735,6581382.527112853,67.50000000000003,8200.62890625,14307.16053914313,216
-6714349.488723595,6581377.223811993,75.0,8200.62890625,14307.16053914313,216
-6714354.792024454,6581371.920511135,82.5,8200.62890625,14307.16053914313,216
-6714360.095325313,6581366.617210276,90.00000000000001,8200.62890625,14307.16053914313,216
-6714365.398626171,6581361.313909417,97.50000000000001,8200.62890625,14307.16053914313,216
-6714370.70192703,6581356.010608559,105.00000000000003,8200.62890625,14307.16053914313,216
-6714376.00522789,6581350.707307699,112.5,8214.30078125,14307.16053914313,216
-6714381.308528748,6581345.404006841,120.0,8214.30078125,14307.16053914313,216
-6714386.611829607,6581340.100705981,127.50000000000001,8214.30078125,14307.16053914313,216
-6714391.915130466,6581334.797405123,135.00000000000003,8214.30078125,14307.16053914313,216
-6714397.218431326,6581329.494104263,142.50000000000003,8214.30078125,14307.16053914313,216
-6714402.521732184,6581324.190803405,150.0,8214.30078125,14307.16053914313,216
-6714452.0821545785,6581698.883034397,-150.0,8160.4970703125,14837.055373926209,216
-6714457.385455437,6581704.186335255,-142.5,8160.4970703125,14837.055373926209,216
-6714462.688756296,6581709.489636115,-135.0,8160.4970703125,14837.055373926209,216
-6714467.992057155,6581714.792936973,-127.5,8160.4970703125,14837.055373926209,216
-6714473.295358014,6581720.096237833,-120.0,8160.4970703125,14837.055373926209,216
-6714478.598658873,6581725.399538691,-112.5,8160.4970703125,14837.055373926209,216
-6714483.901959732,6581730.702839551,-105.0,8160.4970703125,14837.055373926209,216
-6714489.205260591,6581736.006140409,-97.49999999999999,8160.4970703125,14837.055373926209,216
-6714494.50856145,6581741.309441268,-90.0,8160.4970703125,14837.055373926209,216
-6714499.8118623085,6581746.612742127,-82.5,8160.4970703125,14837.055373926209,216
-6714505.115163168,6581751.916042985,-75.0,8160.4970703125,14837.055373926209,216
-6714510.418464026,6581757.219343845,-67.5,8160.4970703125,14837.055373926209,216
-6714515.721764885,6581762.522644703,-59.999999999999986,8160.4970703125,14837.055373926209,216
-6714521.025065744,6581767.825945563,-52.5,8160.4970703125,14837.055373926209,216
-6714526.328366603,6581773.129246421,-44.99999999999999,8160.4970703125,14837.055373926209,216
-6714531.631667462,6581778.432547281,-37.5,8160.4970703125,14837.055373926209,216
-6714536.934968321,6581783.735848139,-29.999999999999993,8160.4970703125,14837.055373926209,216
-6714542.23826918,6581789.039148998,-22.499999999999986,8160.4970703125,14837.055373926209,216
-6714547.541570039,6581794.342449857,-14.999999999999996,8160.4970703125,14837.055373926209,216
-6714552.844870898,6581799.645750716,-7.49999999999999,8160.4970703125,14837.055373926209,216
-6714558.148171756,6581804.949051575,0.0,8156.50341796875,14837.055373926209,216
-6714563.451472615,6581810.252352433,7.500000000000007,8160.19580078125,14837.055373926209,216
-6714568.754773474,6581815.555653293,15.000000000000014,8160.19580078125,14837.055373926209,216
-6714574.058074333,6581820.858954151,22.50000000000002,8160.19580078125,14837.055373926209,216
-6714579.361375192,6581826.162255011,30.00000000000003,8160.19580078125,14837.055373926209,216
-6714584.664676051,6581831.465555869,37.5,8160.19580078125,14837.055373926209,216
-6714589.96797691,6581836.768856728,45.00000000000001,8160.19580078125,14837.055373926209,216
-6714595.271277769,6581842.072157587,52.500000000000014,8160.19580078125,14837.055373926209,216
-6714600.574578628,6581847.375458446,60.00000000000002,8160.19580078125,14837.055373926209,216
-6714605.877879486,6581852.678759305,67.50000000000003,8160.19580078125,14837.055373926209,216
-6714611.181180345,6581857.982060164,75.0,8160.19580078125,14837.055373926209,216
-6714616.484481204,6581863.285361023,82.5,8160.19580078125,14837.055373926209,216
-6714621.787782063,6581868.588661881,90.00000000000001,8160.19580078125,14837.055373926209,216
-6714627.091082922,6581873.891962741,97.50000000000001,8160.19580078125,14837.055373926209,216
-6714632.394383781,6581879.195263599,105.00000000000003,8160.19580078125,14837.055373926209,216
-6714637.69768464,6581884.498564458,112.5,8160.19580078125,14837.055373926209,216
-6714643.000985499,6581889.801865317,120.0,8160.19580078125,14837.055373926209,216
-6714648.304286358,6581895.105166176,127.50000000000001,8160.19580078125,14837.055373926209,216
-6714653.607587216,6581900.408467035,135.00000000000003,8160.19580078125,14837.055373926209,216
-6714658.910888076,6581905.711767894,142.50000000000003,8160.19580078125,14837.055373926209,216
-6714664.214188934,6581911.015068753,150.0,8160.19580078125,14837.055373926209,216
-6714727.277110981,6582236.336320767,-150.0,8124.44384765625,15366.950208709286,216
-6714727.277110981,6582228.836320767,-142.5,8124.44384765625,15366.950208709286,216
-6714727.277110981,6582221.336320767,-135.0,8124.44384765625,15366.950208709286,216
-6714727.277110981,6582213.836320767,-127.5,8124.44384765625,15366.950208709286,216
-6714727.277110981,6582206.336320767,-120.0,8124.44384765625,15366.950208709286,216
-6714727.277110981,6582198.836320767,-112.5,8124.44384765625,15366.950208709286,216
-6714727.277110981,6582191.336320767,-105.0,8124.44384765625,15366.950208709286,216
-6714727.277110981,6582183.836320767,-97.49999999999999,8124.44384765625,15366.950208709286,216
-6714727.277110981,6582176.336320767,-90.0,8124.44384765625,15366.950208709286,216
-6714727.277110981,6582168.836320767,-82.5,8124.44384765625,15366.950208709286,216
-6714727.277110981,6582161.336320767,-75.0,8124.44384765625,15366.950208709286,216
-6714727.277110981,6582153.836320767,-67.5,8124.44384765625,15366.950208709286,216
-6714727.277110981,6582146.336320767,-59.999999999999986,8124.44384765625,15366.950208709286,216
-6714727.277110981,6582138.836320767,-52.5,8124.47265625,15366.950208709286,216
-6714727.277110981,6582131.336320767,-44.99999999999999,8124.47265625,15366.950208709286,216
-6714727.277110981,6582123.836320767,-37.5,8124.47265625,15366.950208709286,216
-6714727.277110981,6582116.336320767,-29.999999999999993,8124.47265625,15366.950208709286,216
-6714727.277110981,6582108.836320767,-22.499999999999986,8124.47265625,15366.950208709286,216
-6714727.277110981,6582101.336320767,-14.999999999999996,8124.47265625,15366.950208709286,216
-6714727.277110981,6582093.836320767,-7.49999999999999,8124.47265625,15366.950208709286,216
-6714727.277110981,6582086.336320767,0.0,8124.47265625,15366.950208709286,216
-6714727.277110981,6582078.836320767,7.500000000000007,8124.47265625,15366.950208709286,216
-6714727.277110981,6582071.336320767,15.000000000000014,8124.47265625,15366.950208709286,216
-6714727.277110981,6582063.836320767,22.50000000000002,8124.47265625,15366.950208709286,216
-6714727.277110981,6582056.336320767,30.00000000000003,8124.47265625,15366.950208709286,216
-6714727.277110981,6582048.836320767,37.5,8124.47265625,15366.950208709286,216
-6714727.277110981,6582041.336320767,45.00000000000001,8124.47265625,15366.950208709286,216
-6714727.277110981,6582033.836320767,52.500000000000014,8124.47265625,15366.950208709286,216
-6714727.277110981,6582026.336320767,60.00000000000002,8128.70263671875,15366.950208709286,216
-6714727.277110981,6582018.836320767,67.50000000000003,8128.70263671875,15366.950208709286,216
-6714727.277110981,6582011.336320767,75.0,8128.70263671875,15366.950208709286,216
-6714727.277110981,6582003.836320767,82.5,8128.70263671875,15366.950208709286,216
-6714727.277110981,6581996.336320767,90.00000000000001,8128.70263671875,15366.950208709286,216
-6714727.277110981,6581988.836320767,97.50000000000001,8128.70263671875,15366.950208709286,216
-6714727.277110981,6581981.336320767,105.00000000000003,8128.70263671875,15366.950208709286,216
-6714727.277110981,6581973.836320767,112.5,8128.70263671875,15366.950208709286,216
-6714727.277110981,6581966.336320767,120.0,8128.70263671875,15366.950208709286,216
-6714727.277110981,6581958.836320767,127.50000000000001,8128.70263671875,15366.950208709286,216
-6714727.277110981,6581951.336320767,135.00000000000003,8128.70263671875,15366.950208709286,216
-6714727.277110981,6581943.836320767,142.50000000000003,8128.70263671875,15366.950208709286,216
-6714727.277110981,6581936.336320767,150.0,8128.70263671875,15366.950208709286,216
