x,y,distance_from_center_m,elevation_m,station_m,segment_id
-6709314.519575049,6602704.015890779,-150.0,7146.8701171875,0.0,415
-6709309.216274191,6602709.319191637,-142.5,7146.8701171875,0.0,415
-6709303.912973331,6602714.622492497,-135.0,7146.8701171875,0.0,415
-6709298.609672472,6602719.925793355,-127.5,7146.8701171875,0.0,415
-6709293.306371613,6602725.229094215,-120.0,7146.8701171875,0.0,415
-6709288.003070755,6602730.532395073,-112.5,7146.8701171875,0.0,415
-6709282.6997698955,6602735.835695933,-105.0,7146.8701171875,0.0,415
-6709277.396469036,6602741.138996791,-97.49999999999999,7146.8701171875,0.0,415
-6709272.093168178,6602746.4422976505,-90.0,7146.8701171875,0.0,415
-6709266.789867319,6602751.745598509,-82.5,7146.8701171875,0.0,415
-6709261.48656646,6602757.048899367,-75.0,7086.14013671875,0.0,415
-6709256.1832656,6602762.352200227,-67.5,7086.14013671875,0.0,415
-6709250.879964742,6602767.655501085,-59.999999999999986,7086.14013671875,0.0,415
-6709245.576663883,6602772.958801945,-52.5,7086.14013671875,0.0,415
-6709240.273363024,6602778.262102803,-44.99999999999999,7086.14013671875,0.0,415
-6709234.970062165,6602783.565403663,-37.5,7086.14013671875,0.0,415
-6709229.666761306,6602788.868704521,-29.999999999999993,7086.14013671875,0.0,415
-6709224.363460448,6602794.1720053805,-22.499999999999986,7086.14013671875,0.0,415
-6709219.060159588,6602799.475306239,-14.999999999999996,7086.14013671875,0.0,415
-6709213.756858729,6602804.778607098,-7.49999999999999,7086.14013671875,0.0,415
-6709208.45355787,6602810.081907957,0.0,7086.14013671875,0.0,415
-6709203.150257012,6602815.385208815,7.500000000000007,7086.14013671875,0.0,415
-6709197.8469561525,6602820.688509675,15.000000000000014,7086.14013671875,0.0,415
-6709192.543655293,6602825.991810533,22.50000000000002,7086.14013671875,0.0,415
-6709187.240354435,6602831.295111393,30.00000000000003,7086.14013671875,0.0,415
-6709181.937053576,6602836.598412251,37.5,7086.14013671875,0.0,415
-6709176.633752717,6602841.9017131105,45.00000000000001,7086.14013671875,0.0,415
-6709171.330451857,6602847.205013969,52.500000000000014,7086.14013671875,0.0,415
-6709166.027150999,6602852.508314828,60.00000000000002,7086.14013671875,0.0,415
-6709160.72385014,6602857.811615687,67.50000000000003,7086.14013671875,0.0,415
-6709155.420549281,6602863.114916546,75.0,7086.14013671875,0.0,415
-6709150.117248422,6602868.418217405,82.5,7078.1318359375,0.0,415
-6709144.813947563,6602873.721518263,90.00000000000001,7078.1318359375,0.0,415
-6709139.510646705,6602879.024819123,97.50000000000001,7078.1318359375,0.0,415
-6709134.207345845,6602884.328119981,105.00000000000003,7078.1318359375,0.0,415
-6709128.904044986,6602889.6314208405,112.5,7078.1318359375,0.0,415
-6709123.600744127,6602894.934721699,120.0,7078.1318359375,0.0,415
-6709118.297443269,6602900.238022558,127.50000000000001,7078.1318359375,0.0,415
-6709112.994142409,6602905.541323417,135.00000000000003,7078.1318359375,0.0,415
-6709107.69084155,6602910.844624276,142.50000000000003,7078.1318359375,0.0,415
-6709102.3875406915,6602916.147925135,150.0,7078.1318359375,0.0,415
-6708748.658244944,6602547.452855852,-150.0,6773.13037109375,506.44779382562103,415
-6708748.658244944,6602554.952855852,-142.5,6773.13037109375,506.44779382562103,415
-6708748.658244944,6602562.452855852,-135.0,6773.13037109375,506.44779382562103,415
-6708748.658244944,6602569.952855852,-127.5,6773.13037109375,506.44779382562103,415
-6708748.658244944,6602577.452855852,-120.0,6773.13037109375,506.44779382562103,415
-6708748.658244944,6602584.952855852,-112.5,6773.13037109375,506.44779382562103,415
-6708748.658244944,6602592.452855852,-105.0,6773.13037109375,506.44779382562103,415
-6708748.658244944,6602599.952855852,-97.49999999999999,6773.13037109375,506.44779382562103,415
-6708748.658244944,6602607.452855852,-90.0,6773.13037109375,506.44779382562103,415
-6708748.658244944,6602614.952855852,-82.5,6773.13037109375,506.44779382562103,415
-6708748.658244944,6602622.452855852,-75.0,6773.13037109375,506.44779382562103,415
-6708748.658244944,6602629.952855852,-67.5,6773.13037109375,506.44779382562103,415
-6708748.658244944,6602637.452855852,-59.999999999999986,6773.13037109375,506.44779382562103,415
-6708748.658244944,6602644.952855852,-52.5,6771.98486328125,506.44779382562103,415
-6708748.658244944,6602652.452855852,-44.99999999999999,6771.98486328125,506.44779382562103,415
-6708748.658244944,6602659.952855852,-37.5,6771.98486328125,506.44779382562103,415
-6708748.658244944,6602667.452855852,-29.999999999999993,6771.98486328125,506.44779382562103,415
-6708748.658244944,6602674.952855852,-22.499999999999986,6771.98486328125,506.44779382562103,415
-6708748.658244944,6602682.452855852,-14.999999999999996,6771.98486328125,506.44779382562103,415
-6708748.658244944,6602689.952855852,-7.49999999999999,6771.98486328125,506.44779382562103,415
-6708748.658244944,6602697.452855852,0.0,6771.98486328125,506.44779382562103,415
-6708748.658244944,6602704.952855852,7.500000000000007,6771.98486328125,506.44779382562103,415
-6708748.658244944,6602712.452855852,15.000000000000014,6771.98486328125,506.44779382562103,415
-6708748.658244944,6602719.952855852,22.50000000000002,6771.98486328125,506.44779382562103,415
-6708748.658244944,6602727.452855852,30.00000000000003,6771.98486328125,506.44779382562103,415
-6708748.658244944,6602734.952855852,37.5,6771.98486328125,506.44779382562103,415
-6708748.658244944,6602742.452855852,45.00000000000001,6771.98486328125,506.44779382562103,415
-6708748.658244944,6602749.952855852,52.500000000000014,6771.98486328125,506.44779382562103,415
-6708748.658244944,6602757.452855852,60.00000000000002,6821.54345703125,506.44779382562103,415
-6708748.658244944,6602764.952855852,67.50000000000003,6821.54345703125,506.44779382562103,415
-6708748.658244944,6602772.452855852,75.0,6821.54345703125,506.44779382562103,415
-6708748.658244944,6602779.952855852,82.5,6821.54345703125,506.44779382562103,415
-6708748.658244944,6602787.452855852,90.00000000000001,6821.54345703125,506.44779382562103,415
-6708748.658244944,6602794.952855852,97.50000000000001,6821.54345703125,506.44779382562103,415
-6708748.658244944,6602802.452855852,105.00000000000003,6821.54345703125,506.44779382562103,415
-6708748.658244944,6602809.952855852,112.5,6821.54345703125,506.44779382562103,415
-6708748.658244944,6602817.452855852,120.0,6821.54345703125,506.44779382562103,415
-6708748.658244944,6602824.952855852,127.50000000000001,6821.54345703125,506.44779382562103,415
-6708748.658244944,6602832.452855852,135.00000000000003,6821.54345703125,506.44779382562103,415
-6708748.658244944,6602839.952855852,142.50000000000003,6821.54345703125,506.44779382562103,415
-6708748.658244944,6602847.452855852,150.0,6821.54345703125,506.44779382562103,415
-6708155.244202811,6602637.497759722,-150.0,6531.9697265625,1012.8955876512421,415
-6708160.54750367,6602642.801060581,-142.5,6536.908203125,1012.8955876512421,415
-6708165.850804529,6602648.10436144,-135.0,6536.908203125,1012.8955876512421,415
-6708171.154105388,6602653.4076622985,-127.5,6536.908203125,1012.8955876512421,415
-6708176.457406247,6602658.710963158,-120.0,6536.908203125,1012.8955876512421,415
-6708181.7607071055,6602664.014264016,-112.5,6536.908203125,1012.8955876512421,415
-6708187.064007965,6602669.317564876,-105.0,6536.908203125,1012.8955876512421,415
-6708192.367308823,6602674.620865734,-97.49999999999999,6536.908203125,1012.8955876512421,415
-6708197.670609683,6602679.924166594,-90.0,6536.908203125,1012.8955876512421,415
-6708202.973910541,6602685.227467452,-82.5,6536.908203125,1012.8955876512421,415
-6708208.2772114,6602690.530768311,-75.0,6536.908203125,1012.8955876512421,415
-6708213.580512259,6602695.83406917,-67.5,6536.908203125,1012.8955876512421,415
-6708218.883813118,6602701.1373700285,-59.999999999999986,6536.908203125,1012.8955876512421,415
-6708224.187113977,6602706.440670888,-52.5,6536.908203125,1012.8955876512421,415
-6708229.4904148355,6602711.743971746,-44.99999999999999,6536.908203125,1012.8955876512421,415
-6708234.793715695,6602717.047272606,-37.5,6536.908203125,1012.8955876512421,415
-6708240.097016553,6602722.350573464,-29.999999999999993,6536.908203125,1012.8955876512421,415
-6708245.400317413,6602727.653874324,-22.499999999999986,6536.908203125,1012.8955876512421,415
-6708250.703618271,6602732.957175182,-14.999999999999996,6536.908203125,1012.8955876512421,415
-6708256.006919131,6602738.260476042,-7.49999999999999,6566.474609375,1012.8955876512421,415
-6708261.310219989,6602743.5637769,0.0,6566.474609375,1012.8955876512421,415
-6708266.613520848,6602748.867077759,7.500000000000007,6566.474609375,1012.8955876512421,415
-6708271.916821707,6602754.170378618,15.000000000000014,6568.13671875,1012.8955876512421,415
-6708277.2201225655,6602759.473679476,22.50000000000002,6568.13671875,1012.8955876512421,415
-6708282.523423425,6602764.776980336,30.00000000000003,6568.13671875,1012.8955876512421,415
-6708287.826724283,6602770.080281194,37.5,6568.13671875,1012.8955876512421,415
-6708293.130025143,6602775.383582054,45.00000000000001,6568.13671875,1012.8955876512421,415
-6708298.433326001,6602780.686882912,52.500000000000014,6568.13671875,1012.8955876512421,415
-6708303.736626861,6602785.990183772,60.00000000000002,6568.13671875,1012.8955876512421,415
-6708309.039927719,6602791.29348463,67.50000000000003,6568.13671875,1012.8955876512421,415
-6708314.343228579,6602796.5967854895,75.0,6568.13671875,1012.8955876512421,415
-6708319.646529437,6602801.900086348,82.5,6568.13671875,1012.8955876512421,415
-6708324.9498302955,6602807.203387206,90.00000000000001,6568.13671875,1012.8955876512421,415
-6708330.253131155,6602812.506688066,97.50000000000001,6568.13671875,1012.8955876512421,415
-6708335.556432013,6602817.809988924,105.00000000000003,6568.13671875,1012.8955876512421,415
-6708340.859732873,6602823.113289784,112.5,6568.13671875,1012.8955876512421,415
-6708346.163033731,6602828.416590642,120.0,6568.13671875,1012.8955876512421,415
-6708351.466334591,6602833.719891502,127.50000000000001,6568.13671875,1012.8955876512421,415
-6708356.769635449,6602839.02319236,135.00000000000003,6568.13671875,1012.8955876512421,415
-6708362.072936309,6602844.3264932195,142.50000000000003,6568.13671875,1012.8955876512421,415
-6708367.376237167,6602849.629794078,150.0,6620.1142578125,1012.8955876512421,415
-6707782.415138192,6602660.081907957,-150.0,6470.57080078125,1519.3433814768632,415
-6707782.415138192,6602667.581907957,-142.5,6470.57080078125,1519.3433814768632,415
-6707782.415138192,6602675.081907957,-135.0,6470.57080078125,1519.3433814768632,415
-6707782.415138192,6602682.581907957,-127.5,6470.57080078125,1519.3433814768632,415
-6707782.415138192,6602690.081907957,-120.0,6470.57080078125,1519.3433814768632,415
-6707782.415138192,6602697.581907957,-112.5,6470.57080078125,1519.3433814768632,415
-6707782.415138192,6602705.081907957,-105.0,6470.57080078125,1519.3433814768632,415
-6707782.415138192,6602712.581907957,-97.49999999999999,6470.57080078125,1519.3433814768632,415
-6707782.415138192,6602720.081907957,-90.0,6470.57080078125,1519.3433814768632,415
-6707782.415138192,6602727.581907957,-82.5,6470.57080078125,1519.3433814768632,415
-6707782.415138192,6602735.081907957,-75.0,6470.57080078125,1519.3433814768632,415
-6707782.415138192,6602742.581907957,-67.5,6470.57080078125,1519.3433814768632,415
-6707782.415138192,6602750.081907957,-59.999999999999986,6470.57080078125,1519.3433814768632,415
-6707782.415138192,6602757.581907957,-52.5,6471.2822265625,1519.3433814768632,415
-6707782.415138192,6602765.081907957,-44.99999999999999,6471.2822265625,1519.3433814768632,415
-6707782.415138192,6602772.581907957,-37.5,6471.2822265625,1519.3433814768632,415
-6707782.415138192,6602780.081907957,-29.999999999999993,6471.2822265625,1519.3433814768632,415
-6707782.415138192,6602787.581907957,-22.499999999999986,6471.2822265625,1519.3433814768632,415
-6707782.415138192,6602795.081907957,-14.999999999999996,6471.2822265625,1519.3433814768632,415
-6707782.415138192,6602802.581907957,-7.49999999999999,6471.2822265625,1519.3433814768632,415
-6707782.415138192,6602810.081907957,0.0,6471.2822265625,1519.3433814768632,415
-6707782.415138192,6602817.581907957,7.500000000000007,6471.2822265625,1519.3433814768632,415
-6707782.415138192,6602825.081907957,15.000000000000014,6471.2822265625,1519.3433814768632,415
-6707782.415138192,6602832.581907957,22.50000000000002,6471.2822265625,1519.3433814768632,415
-6707782.415138192,6602840.081907957,30.00000000000003,6471.2822265625,1519.3433814768632,415
-6707782.415138192,6602847.581907957,37.5,6471.2822265625,1519.3433814768632,415
-6707782.415138192,6602855.081907957,45.00000000000001,6471.2822265625,1519.3433814768632,415
-6707782.415138192,6602862.581907957,52.500000000000014,6471.2822265625,1519.3433814768632,415
-6707782.415138192,6602870.081907957,60.00000000000002,6471.99951171875,1519.3433814768632,415
-6707782.415138192,6602877.581907957,67.50000000000003,6471.99951171875,1519.3433814768632,415
-6707782.415138192,6602885.081907957,75.0,6471.99951171875,1519.3433814768632,415
-6707782.415138192,6602892.581907957,82.5,6471.99951171875,1519.3433814768632,415
-6707782.415138192,6602900.081907957,90.00000000000001,6471.99951171875,1519.3433814768632,415
-6707782.415138192,6602907.581907957,97.50000000000001,6471.99951171875,1519.3433814768632,415
-6707782.415138192,6602915.081907957,105.00000000000003,6471.99951171875,1519.3433814768632,415
-6707782.415138192,6602922.581907957,112.5,6471.99951171875,1519.3433814768632,415
-6707782.415138192,6602930.081907957,120.0,6471.99951171875,1519.3433814768632,415
-6707782.415138192,6602937.581907957,127.50000000000001,6471.99951171875,1519.3433814768632,415
-6707782.415138192,6602945.081907957,135.00000000000003,6471.99951171875,1519.3433814768632,415
-6707782.415138192,6602952.581907957,142.50000000000003,6471.99951171875,1519.3433814768632,415
-6707782.415138192,6602960.081907957,150.0,6471.99951171875,1519.3433814768632,415
-6707435.24887737,6602434.823803748,-150.0,6456.0390625,2025.7911753024841,415
-6707435.24887737,6602442.323803748,-142.5,6456.0390625,2025.7911753024841,415
-6707435.24887737,6602449.823803748,-135.0,6456.0390625,2025.7911753024841,415
-6707435.24887737,6602457.323803748,-127.5,6456.0390625,2025.7911753024841,415
-6707435.24887737,6602464.823803748,-120.0,6456.0390625,2025.7911753024841,415
-6707435.24887737,6602472.323803748,-112.5,6456.0390625,2025.7911753024841,415
-6707435.24887737,6602479.823803748,-105.0,6456.0390625,2025.7911753024841,415
-6707435.24887737,6602487.323803748,-97.49999999999999,6456.0390625,2025.7911753024841,415
-6707435.24887737,6602494.823803748,-90.0,6456.0390625,2025.7911753024841,415
-6707435.24887737,6602502.323803748,-82.5,6456.0390625,2025.7911753024841,415
-6707435.24887737,6602509.823803748,-75.0,6456.0390625,2025.7911753024841,415
-6707435.24887737,6602517.323803748,-67.5,6456.0390625,2025.7911753024841,415
-6707435.24887737,6602524.823803748,-59.999999999999986,6456.0390625,2025.7911753024841,415
-6707435.24887737,6602532.323803748,-52.5,6455.25830078125,2025.7911753024841,415
-6707435.24887737,6602539.823803748,-44.99999999999999,6455.25830078125,2025.7911753024841,415
-6707435.24887737,6602547.323803748,-37.5,6455.25830078125,2025.7911753024841,415
-6707435.24887737,6602554.823803748,-29.999999999999993,6455.25830078125,2025.7911753024841,415
-6707435.24887737,6602562.323803748,-22.499999999999986,6455.25830078125,2025.7911753024841,415
-6707435.24887737,6602569.823803748,-14.999999999999996,6455.25830078125,2025.7911753024841,415
-6707435.24887737,6602577.323803748,-7.49999999999999,6455.25830078125,2025.7911753024841,415
-6707435.24887737,6602584.823803748,0.0,6455.25830078125,2025.7911753024841,415
-6707435.24887737,6602592.323803748,7.500000000000007,6455.25830078125,2025.7911753024841,415
-6707435.24887737,6602599.823803748,15.000000000000014,6455.25830078125,2025.7911753024841,415
-6707435.24887737,6602607.323803748,22.50000000000002,6455.25830078125,2025.7911753024841,415
-6707435.24887737,6602614.823803748,30.00000000000003,6455.25830078125,2025.7911753024841,415
-6707435.24887737,6602622.323803748,37.5,6455.25830078125,2025.7911753024841,415
-6707435.24887737,6602629.823803748,45.00000000000001,6455.25830078125,2025.7911753024841,415
-6707435.24887737,6602637.323803748,52.500000000000014,6455.25830078125,2025.7911753024841,415
-6707435.24887737,6602644.823803748,60.00000000000002,6461.33154296875,2025.7911753024841,415
-6707435.24887737,6602652.323803748,67.50000000000003,6461.33154296875,2025.7911753024841,415
-6707435.24887737,6602659.823803748,75.0,6461.33154296875,2025.7911753024841,415
-6707435.24887737,6602667.323803748,82.5,6461.33154296875,2025.7911753024841,415
-6707435.24887737,6602674.823803748,90.00000000000001,6461.33154296875,2025.7911753024841,415
-6707435.24887737,6602682.323803748,97.50000000000001,6461.33154296875,2025.7911753024841,415
-6707435.24887737,6602689.823803748,105.00000000000003,6461.33154296875,2025.7911753024841,415
-6707435.24887737,6602697.323803748,112.5,6461.33154296875,2025.7911753024841,415
-6707435.24887737,6602704.823803748,120.0,6461.33154296875,2025.7911753024841,415
-6707435.24887737,6602712.323803748,127.50000000000001,6461.33154296875,2025.7911753024841,415
-6707435.24887737,6602719.823803748,135.00000000000003,6461.33154296875,2025.7911753024841,415
-6707435.24887737,6602727.323803748,142.50000000000003,6461.33154296875,2025.7911753024841,415
-6707435.24887737,6602734.823803748,150.0,6461.33154296875,2025.7911753024841,415
-6706918.501567889,6602856.477430504,-150.0,6458.48095703125,2532.238969128105,415
-6706926.001567889,6602856.477430504,-142.5,6458.48095703125,2532.238969128105,415
-6706933.501567889,6602856.477430504,-135.0,6458.48095703125,2532.238969128105,415
-6706941.001567889,6602856.477430504,-127.5,6458.48095703125,2532.238969128105,415
-6706948.501567889,6602856.477430504,-120.0,6458.48095703125,2532.238969128105,415
-6706956.001567889,6602856.477430504,-112.5,6458.48095703125,2532.238969128105,415
-6706963.501567889,6602856.477430504,-105.0,6458.48095703125,2532.238969128105,415
-6706971.001567889,6602856.477430504,-97.49999999999999,6458.48095703125,2532.238969128105,415
-6706978.501567889,6602856.477430504,-90.0,6458.48095703125,2532.238969128105,415
-6706986.001567889,6602856.477430504,-82.5,6458.48095703125,2532.238969128105,415
-6706993.501567889,6602856.477430504,-75.0,6458.48095703125,2532.238969128105,415
-6707001.001567889,6602856.477430504,-67.5,6458.48095703125,2532.238969128105,415
-6707008.501567889,6602856.477430504,-59.999999999999986,6458.48095703125,2532.238969128105,415
-6707016.001567889,6602856.477430504,-52.5,6449.97314453125,2532.238969128105,415
-6707023.501567889,6602856.477430504,-44.99999999999999,6449.97314453125,2532.238969128105,415
-6707031.001567889,6602856.477430504,-37.5,6449.97314453125,2532.238969128105,415
-6707038.501567889,6602856.477430504,-29.999999999999993,6449.97314453125,2532.238969128105,415
-6707046.001567889,6602856.477430504,-22.499999999999986,6449.97314453125,2532.238969128105,415
-6707053.501567889,6602856.477430504,-14.999999999999996,6449.97314453125,2532.238969128105,415
-6707061.001567889,6602856.477430504,-7.49999999999999,6449.97314453125,2532.238969128105,415
-6707068.501567889,6602856.477430504,0.0,6449.97314453125,2532.238969128105,415
-6707076.001567889,6602856.477430504,7.500000000000007,6449.97314453125,2532.238969128105,415
-6707083.501567889,6602856.477430504,15.000000000000014,6449.97314453125,2532.238969128105,415
-6707091.001567889,6602856.477430504,22.50000000000002,6449.97314453125,2532.238969128105,415
-6707098.501567889,6602856.477430504,30.00000000000003,6449.97314453125,2532.238969128105,415
-6707106.001567889,6602856.477430504,37.5,6449.97314453125,2532.238969128105,415
-6707113.501567889,6602856.477430504,45.00000000000001,6449.97314453125,2532.238969128105,415
-6707121.001567889,6602856.477430504,52.500000000000014,6449.97314453125,2532.238969128105,415
-6707128.501567889,6602856.477430504,60.00000000000002,6454.94970703125,2532.238969128105,415
-6707136.001567889,6602856.477430504,67.50000000000003,6454.94970703125,2532.238969128105,415
-6707143.501567889,6602856.477430504,75.0,6454.94970703125,2532.238969128105,415
-6707151.001567889,6602856.477430504,82.5,6454.94970703125,2532.238969128105,415
-6707158.501567889,6602856.477430504,90.00000000000001,6454.94970703125,2532.238969128105,415
-6707166.001567889,6602856.477430504,97.50000000000001,6454.94970703125,2532.238969128105,415
-6707173.501567889,6602856.477430504,105.00000000000003,6454.94970703125,2532.238969128105,415
-6707181.001567889,6602856.477430504,112.5,6454.94970703125,2532.238969128105,415
-6707188.501567889,6602856.477430504,120.0,6454.94970703125,2532.238969128105,415
-6707196.001567889,6602856.477430504,127.50000000000001,6454.94970703125,2532.238969128105,415
-6707203.501567889,6602856.477430504,135.00000000000003,6454.94970703125,2532.238969128105,415
-6707211.001567889,6602856.477430504,142.50000000000003,6454.94970703125,2532.238969128105,415
-6707218.501567889,6602856.477430504,150.0,6454.94970703125,2532.238969128105,415
-6706693.243463681,6603269.6202625325,-150.0,6448.41259765625,3038.6867629537264,415
-6706700.743463681,6603269.6202625325,-142.5,6448.41259765625,3038.6867629537264,415
-6706708.243463681,6603269.6202625325,-135.0,6448.41259765625,3038.6867629537264,415
-6706715.743463681,6603269.6202625325,-127.5,6448.41259765625,3038.6867629537264,415
-6706723.243463681,6603269.6202625325,-120.0,6448.41259765625,3038.6867629537264,415
-6706730.743463681,6603269.6202625325,-112.5,6448.41259765625,3038.6867629537264,415
-6706738.243463681,6603269.6202625325,-105.0,6448.41259765625,3038.6867629537264,415
-6706745.743463681,6603269.6202625325,-97.49999999999999,6448.41259765625,3038.6867629537264,415
-6706753.243463681,6603269.6202625325,-90.0,6448.41259765625,3038.6867629537264,415
-6706760.743463681,6603269.6202625325,-82.5,6448.41259765625,3038.6867629537264,415
-6706768.243463681,6603269.6202625325,-75.0,6448.41259765625,3038.6867629537264,415
-6706775.743463681,6603269.6202625325,-67.5,6448.41259765625,3038.6867629537264,415
-6706783.243463681,6603269.6202625325,-59.999999999999986,6448.41259765625,3038.6867629537264,415
-6706790.743463681,6603269.6202625325,-52.5,6446.38818359375,3038.6867629537264,415
-6706798.243463681,6603269.6202625325,-44.99999999999999,6446.38818359375,3038.6867629537264,415
-6706805.743463681,6603269.6202625325,-37.5,6446.38818359375,3038.6867629537264,415
-6706813.243463681,6603269.6202625325,-29.999999999999993,6446.38818359375,3038.6867629537264,415
-6706820.743463681,6603269.6202625325,-22.499999999999986,6446.38818359375,3038.6867629537264,415
-6706828.243463681,6603269.6202625325,-14.999999999999996,6446.38818359375,3038.6867629537264,415
-6706835.743463681,6603269.6202625325,-7.49999999999999,6446.38818359375,3038.6867629537264,415
-6706843.243463681,6603269.6202625325,0.0,6446.38818359375,3038.6867629537264,415
-6706850.743463681,6603269.6202625325,7.500000000000007,6446.38818359375,3038.6867629537264,415
-6706858.243463681,6603269.6202625325,15.000000000000014,6446.38818359375,3038.6867629537264,415
-6706865.743463681,6603269.6202625325,22.50000000000002,6446.38818359375,3038.6867629537264,415
-6706873.243463681,6603269.6202625325,30.00000000000003,6446.38818359375,3038.6867629537264,415
-6706880.743463681,6603269.6202625325,37.5,6446.38818359375,3038.6867629537264,415
-6706888.243463681,6603269.6202625325,45.00000000000001,6446.38818359375,3038.6867629537264,415
-6706895.743463681,6603269.6202625325,52.500000000000014,6446.38818359375,3038.6867629537264,415
-6706903.243463681,6603269.6202625325,60.00000000000002,6448.27783203125,3038.6867629537264,415
-6706910.743463681,6603269.6202625325,67.50000000000003,6448.27783203125,3038.6867629537264,415
-6706918.243463681,6603269.6202625325,75.0,6448.27783203125,3038.6867629537264,415
-6706925.743463681,6603269.6202625325,82.5,6448.27783203125,3038.6867629537264,415
-6706933.243463681,6603269.6202625325,90.00000000000001,6448.27783203125,3038.6867629537264,415
-6706940.743463681,6603269.6202625325,97.50000000000001,6448.27783203125,3038.6867629537264,415
-6706948.243463681,6603269.6202625325,105.00000000000003,6448.27783203125,3038.6867629537264,415
-6706955.743463681,6603269.6202625325,112.5,6448.27783203125,3038.6867629537264,415
-6706963.243463681,6603269.6202625325,120.0,6448.27783203125,3038.6867629537264,415
-6706970.743463681,6603269.6202625325,127.50000000000001,6448.27783203125,3038.6867629537264,415
-6706978.243463681,6603269.6202625325,135.00000000000003,6448.27783203125,3038.6867629537264,415
-6706985.743463681,6603269.6202625325,142.50000000000003,6448.27783203125,3038.6867629537264,415
-6706993.243463681,6603269.6202625325,150.0,6448.27783203125,3038.6867629537264,415
-6706836.8655601535,6603617.989246065,-150.0,6443.55810546875,3545.1345567793473,415
-6706842.168861013,6603623.292546923,-142.5,6443.55810546875,3545.1345567793473,415
-6706847.472161871,6603628.595847783,-135.0,6443.55810546875,3545.1345567793473,415
-6706852.77546273,6603633.899148641,-127.5,6443.55810546875,3545.1345567793473,415
-6706858.078763589,6603639.202449501,-120.0,6443.55810546875,3545.1345567793473,415
-6706863.382064449,6603644.505750359,-112.5,6443.55810546875,3545.1345567793473,415
-6706868.685365307,6603649.809051218,-105.0,6443.55810546875,3545.1345567793473,415
-6706873.988666166,6603655.112352077,-97.49999999999999,6444.0390625,3545.1345567793473,415
-6706879.291967025,6603660.415652936,-90.0,6444.0390625,3545.1345567793473,415
-6706884.595267884,6603665.718953795,-82.5,6444.0390625,3545.1345567793473,415
-6706889.898568743,6603671.022254653,-75.0,6444.0390625,3545.1345567793473,415
-6706895.201869601,6603676.325555513,-67.5,6444.0390625,3545.1345567793473,415
-6706900.505170461,6603681.628856371,-59.999999999999986,6443.76513671875,3545.1345567793473,415
-6706905.80847132,6603686.932157231,-52.5,6443.76513671875,3545.1345567793473,415
-6706911.111772179,6603692.235458089,-44.99999999999999,6443.76513671875,3545.1345567793473,415
-6706916.415073037,6603697.538758948,-37.5,6443.76513671875,3545.1345567793473,415
-6706921.718373897,6603702.842059807,-29.999999999999993,6443.76513671875,3545.1345567793473,415
-6706927.021674756,6603708.145360666,-22.499999999999986,6443.76513671875,3545.1345567793473,415
-6706932.324975614,6603713.448661525,-14.999999999999996,6443.76513671875,3545.1345567793473,415
-6706937.628276473,6603718.751962384,-7.49999999999999,6443.76513671875,3545.1345567793473,415
-6706942.931577332,6603724.055263243,0.0,6443.76513671875,3545.1345567793473,415
-6706948.234878192,6603729.358564101,7.500000000000007,6443.76513671875,3545.1345567793473,415
-6706953.53817905,6603734.661864961,15.000000000000014,6443.76513671875,3545.1345567793473,415
-6706958.841479909,6603739.965165819,22.50000000000002,6443.76513671875,3545.1345567793473,415
-6706964.144780768,6603745.268466678,30.00000000000003,6443.76513671875,3545.1345567793473,415
-6706969.4480816275,6603750.571767537,37.5,6443.76513671875,3545.1345567793473,415
-6706974.751382486,6603755.875068396,45.00000000000001,6443.76513671875,3545.1345567793473,415
-6706980.054683344,6603761.178369255,52.500000000000014,6443.76513671875,3545.1345567793473,415
-6706985.357984204,6603766.481670114,60.00000000000002,6443.76513671875,3545.1345567793473,415
-6706990.661285063,6603771.784970973,67.50000000000003,6442.66357421875,3545.1345567793473,415
-6706995.964585922,6603777.088271832,75.0,6442.66357421875,3545.1345567793473,415
-6707001.26788678,6603782.391572691,82.5,6442.66357421875,3545.1345567793473,415
-6707006.57118764,6603787.694873549,90.00000000000001,6442.66357421875,3545.1345567793473,415
-6707011.874488499,6603792.998174408,97.50000000000001,6442.66357421875,3545.1345567793473,415
-6707017.1777893575,6603798.301475267,105.00000000000003,6443.91162109375,3545.1345567793473,415
-6707022.481090216,6603803.604776126,112.5,6443.91162109375,3545.1345567793473,415
-6707027.784391075,6603808.908076985,120.0,6443.91162109375,3545.1345567793473,415
-6707033.087691935,6603814.211377844,127.50000000000001,6443.91162109375,3545.1345567793473,415
-6707038.390992793,6603819.514678703,135.00000000000003,6443.91162109375,3545.1345567793473,415
-6707043.694293652,6603824.817979562,142.50000000000003,6443.91162109375,3545.1345567793473,415
-6707048.997594511,6603830.121280421,150.0,6443.91162109375,3545.1345567793473,415
-6706580.614411577,6604142.558407488,-150.0,6443.64599609375,4051.5823506049683,415
-6706588.114411577,6604142.558407488,-142.5,6443.64599609375,4051.5823506049683,415
-6706595.614411577,6604142.558407488,-135.0,6443.64599609375,4051.5823506049683,415
-6706603.114411577,6604142.558407488,-127.5,6443.64599609375,4051.5823506049683,415
-6706610.614411577,6604142.558407488,-120.0,6443.64599609375,4051.5823506049683,415
-6706618.114411577,6604142.558407488,-112.5,6443.64599609375,4051.5823506049683,415
-6706625.614411577,6604142.558407488,-105.0,6443.64599609375,4051.5823506049683,415
-6706633.114411577,6604142.558407488,-97.49999999999999,6443.64599609375,4051.5823506049683,415
-6706640.614411577,6604142.558407488,-90.0,6443.64599609375,4051.5823506049683,415
-6706648.114411577,6604142.558407488,-82.5,6443.64599609375,4051.5823506049683,415
-6706655.614411577,6604142.558407488,-75.0,6443.64599609375,4051.5823506049683,415
-6706663.114411577,6604142.558407488,-67.5,6443.64599609375,4051.5823506049683,415
-6706670.614411577,6604142.558407488,-59.999999999999986,6443.64599609375,4051.5823506049683,415
-6706678.114411577,6604142.558407488,-52.5,6439.2626953125,4051.5823506049683,415
-6706685.614411577,6604142.558407488,-44.99999999999999,6439.2626953125,4051.5823506049683,415
-6706693.114411577,6604142.558407488,-37.5,6439.2626953125,4051.5823506049683,415
-6706700.614411577,6604142.558407488,-29.999999999999993,6439.2626953125,4051.5823506049683,415
-6706708.114411577,6604142.558407488,-22.499999999999986,6439.2626953125,4051.5823506049683,415
-6706715.614411577,6604142.558407488,-14.999999999999996,6439.2626953125,4051.5823506049683,415
-6706723.114411577,6604142.558407488,-7.49999999999999,6439.2626953125,4051.5823506049683,415
-6706730.614411577,6604142.558407488,0.0,6439.2626953125,4051.5823506049683,415
-6706738.114411577,6604142.558407488,7.500000000000007,6439.2626953125,4051.5823506049683,415
-6706745.614411577,6604142.558407488,15.000000000000014,6439.2626953125,4051.5823506049683,415
-6706753.114411577,6604142.558407488,22.50000000000002,6439.2626953125,4051.5823506049683,415
-6706760.614411577,6604142.558407488,30.00000000000003,6439.2626953125,4051.5823506049683,415
-6706768.114411577,6604142.558407488,37.5,6439.2626953125,4051.5823506049683,415
-6706775.614411577,6604142.558407488,45.00000000000001,6439.2626953125,4051.5823506049683,415
-6706783.114411577,6604142.558407488,52.500000000000014,6439.2626953125,4051.5823506049683,415
-6706790.614411577,6604142.558407488,60.00000000000002,6438.8330078125,4051.5823506049683,415
-6706798.114411577,6604142.558407488,67.50000000000003,6438.8330078125,4051.5823506049683,415
-6706805.614411577,6604142.558407488,75.0,6438.8330078125,4051.5823506049683,415
-6706813.114411577,6604142.558407488,82.5,6438.8330078125,4051.5823506049683,415
-6706820.614411577,6604142.558407488,90.00000000000001,6438.8330078125,4051.5823506049683,415
-6706828.114411577,6604142.558407488,97.50000000000001,6438.8330078125,4051.5823506049683,415
-6706835.614411577,6604142.558407488,105.00000000000003,6438.8330078125,4051.5823506049683,415
-6706843.114411577,6604142.558407488,112.5,6438.8330078125,4051.5823506049683,415
-6706850.614411577,6604142.558407488,120.0,6438.8330078125,4051.5823506049683,415
-6706858.114411577,6604142.558407488,127.50000000000001,6438.8330078125,4051.5823506049683,415
-6706865.614411577,6604142.558407488,135.00000000000003,6438.8330078125,4051.5823506049683,415
-6706873.114411577,6604142.558407488,142.50000000000003,6438.8330078125,4051.5823506049683,415
-6706880.614411577,6604142.558407488,150.0,6438.8330078125,4051.5823506049683,415
-6706580.614411577,6604555.701239516,-150.0,6443.080078125,4558.03014443059,415
-6706588.114411577,6604555.701239516,-142.5,6443.080078125,4558.03014443059,415
-6706595.614411577,6604555.701239516,-135.0,6443.080078125,4558.03014443059,415
-6706603.114411577,6604555.701239516,-127.5,6443.080078125,4558.03014443059,415
-6706610.614411577,6604555.701239516,-120.0,6443.080078125,4558.03014443059,415
-6706618.114411577,6604555.701239516,-112.5,6443.080078125,4558.03014443059,415
-6706625.614411577,6604555.701239516,-105.0,6443.080078125,4558.03014443059,415
-6706633.114411577,6604555.701239516,-97.49999999999999,6443.080078125,4558.03014443059,415
-6706640.614411577,6604555.701239516,-90.0,6443.080078125,4558.03014443059,415
-6706648.114411577,6604555.701239516,-82.5,6443.080078125,4558.03014443059,415
-6706655.614411577,6604555.701239516,-75.0,6443.080078125,4558.03014443059,415
-6706663.114411577,6604555.701239516,-67.5,6443.080078125,4558.03014443059,415
-6706670.614411577,6604555.701239516,-59.999999999999986,6443.080078125,4558.03014443059,415
-6706678.114411577,6604555.701239516,-52.5,6433.6064453125,4558.03014443059,415
-6706685.614411577,6604555.701239516,-44.99999999999999,6433.6064453125,4558.03014443059,415
-6706693.114411577,6604555.701239516,-37.5,6433.6064453125,4558.03014443059,415
-6706700.614411577,6604555.701239516,-29.999999999999993,6433.6064453125,4558.03014443059,415
-6706708.114411577,6604555.701239516,-22.499999999999986,6433.6064453125,4558.03014443059,415
-6706715.614411577,6604555.701239516,-14.999999999999996,6433.6064453125,4558.03014443059,415
-6706723.114411577,6604555.701239516,-7.49999999999999,6433.6064453125,4558.03014443059,415
-6706730.614411577,6604555.701239516,0.0,6433.6064453125,4558.03014443059,415
-6706738.114411577,6604555.701239516,7.500000000000007,6433.6064453125,4558.03014443059,415
-6706745.614411577,6604555.701239516,15.000000000000014,6433.6064453125,4558.03014443059,415
-6706753.114411577,6604555.701239516,22.50000000000002,6433.6064453125,4558.03014443059,415
-6706760.614411577,6604555.701239516,30.00000000000003,6433.6064453125,4558.03014443059,415
-6706768.114411577,6604555.701239516,37.5,6433.6064453125,4558.03014443059,415
-6706775.614411577,6604555.701239516,45.00000000000001,6433.6064453125,4558.03014443059,415
-6706783.114411577,6604555.701239516,52.500000000000014,6433.6064453125,4558.03014443059,415
-6706790.614411577,6604555.701239516,60.00000000000002,6437.44384765625,4558.03014443059,415
-6706798.114411577,6604555.701239516,67.50000000000003,6437.44384765625,4558.03014443059,415
-6706805.614411577,6604555.701239516,75.0,6437.44384765625,4558.03014443059,415
-6706813.114411577,6604555.701239516,82.5,6437.44384765625,4558.03014443059,415
-6706820.614411577,6604555.701239516,90.00000000000001,6437.44384765625,4558.03014443059,415
-6706828.114411577,6604555.701239516,97.50000000000001,6437.44384765625,4558.03014443059,415
-6706835.614411577,6604555.701239516,105.00000000000003,6437.44384765625,4558.03014443059,415
-6706843.114411577,6604555.701239516,112.5,6437.44384765625,4558.03014443059,415
-6706850.614411577,6604555.701239516,120.0,6437.44384765625,4558.03014443059,415
-6706858.114411577,6604555.701239516,127.50000000000001,6437.44384765625,4558.03014443059,415
-6706865.614411577,6604555.701239516,135.00000000000003,6437.44384765625,4558.03014443059,415
-6706873.114411577,6604555.701239516,142.50000000000003,6437.44384765625,4558.03014443059,415
-6706880.614411577,6604555.701239516,150.0,6437.44384765625,4558.03014443059,415
-6706693.243463681,6605015.496552443,-150.0,6442.431640625,5064.47793825621,415
-6706700.743463681,6605015.496552443,-142.5,6442.431640625,5064.47793825621,415
-6706708.243463681,6605015.496552443,-135.0,6442.431640625,5064.47793825621,415
-6706715.743463681,6605015.496552443,-127.5,6442.431640625,5064.47793825621,415
-6706723.243463681,6605015.496552443,-120.0,6442.431640625,5064.47793825621,415
-6706730.743463681,6605015.496552443,-112.5,6442.431640625,5064.47793825621,415
-6706738.243463681,6605015.496552443,-105.0,6442.431640625,5064.47793825621,415
-6706745.743463681,6605015.496552443,-97.49999999999999,6442.431640625,5064.47793825621,415
-6706753.243463681,6605015.496552443,-90.0,6442.431640625,5064.47793825621,415
-6706760.743463681,6605015.496552443,-82.5,6442.431640625,5064.47793825621,415
-6706768.243463681,6605015.496552443,-75.0,6442.431640625,5064.47793825621,415
-6706775.743463681,6605015.496552443,-67.5,6442.431640625,5064.47793825621,415
-6706783.243463681,6605015.496552443,-59.999999999999986,6442.431640625,5064.47793825621,415
-6706790.743463681,6605015.496552443,-52.5,6433.2158203125,5064.47793825621,415
-6706798.243463681,6605015.496552443,-44.99999999999999,6433.2158203125,5064.47793825621,415
-6706805.743463681,6605015.496552443,-37.5,6433.2158203125,5064.47793825621,415
-6706813.243463681,6605015.496552443,-29.999999999999993,6433.2158203125,5064.47793825621,415
-6706820.743463681,6605015.496552443,-22.499999999999986,6433.2158203125,5064.47793825621,415
-6706828.243463681,6605015.496552443,-14.999999999999996,6433.2158203125,5064.47793825621,415
-6706835.743463681,6605015.496552443,-7.49999999999999,6433.2158203125,5064.47793825621,415
-6706843.243463681,6605015.496552443,0.0,6433.2158203125,5064.47793825621,415
-6706850.743463681,6605015.496552443,7.500000000000007,6433.2158203125,5064.47793825621,415
-6706858.243463681,6605015.496552443,15.000000000000014,6433.2158203125,5064.47793825621,415
-6706865.743463681,6605015.496552443,22.50000000000002,6433.2158203125,5064.47793825621,415
-6706873.243463681,6605015.496552443,30.00000000000003,6433.2158203125,5064.47793825621,415
-6706880.743463681,6605015.496552443,37.5,6433.2158203125,5064.47793825621,415
-6706888.243463681,6605015.496552443,45.00000000000001,6433.2158203125,5064.47793825621,415
-6706895.743463681,6605015.496552443,52.500000000000014,6433.2158203125,5064.47793825621,415
-6706903.243463681,6605015.496552443,60.00000000000002,6435.4814453125,5064.47793825621,415
-6706910.743463681,6605015.496552443,67.50000000000003,6435.4814453125,5064.47793825621,415
-6706918.243463681,6605015.496552443,75.0,6435.4814453125,5064.47793825621,415
-6706925.743463681,6605015.496552443,82.5,6435.4814453125,5064.47793825621,415
-6706933.243463681,6605015.496552443,90.00000000000001,6435.4814453125,5064.47793825621,415
-6706940.743463681,6605015.496552443,97.50000000000001,6435.4814453125,5064.47793825621,415
-6706948.243463681,6605015.496552443,105.00000000000003,6435.4814453125,5064.47793825621,415
-6706955.743463681,6605015.496552443,112.5,6435.4814453125,5064.47793825621,415
-6706963.243463681,6605015.496552443,120.0,6435.4814453125,5064.47793825621,415
-6706970.743463681,6605015.496552443,127.50000000000001,6435.4814453125,5064.47793825621,415
-6706978.243463681,6605015.496552443,135.00000000000003,6435.4814453125,5064.47793825621,415
-6706985.743463681,6605015.496552443,142.50000000000003,6435.4814453125,5064.47793825621,415
-6706993.243463681,6605015.496552443,150.0,6435.4814453125,5064.47793825621,415
-6706571.697989762,6605347.334493814,-150.0,6432.89453125,5570.9257320818315,415
-6706577.00129062,6605352.6377946725,-142.5,6432.89453125,5570.9257320818315,415
-6706582.30459148,6605357.941095532,-135.0,6432.89453125,5570.9257320818315,415
-6706587.607892338,6605363.24439639,-127.5,6432.89453125,5570.9257320818315,415
-6706592.911193198,6605368.54769725,-120.0,6432.89453125,5570.9257320818315,415
-6706598.214494056,6605373.850998108,-112.5,6432.89453125,5570.9257320818315,415
-6706603.5177949155,6605379.154298968,-105.0,6432.89453125,5570.9257320818315,415
-6706608.821095774,6605384.457599826,-97.49999999999999,6432.89453125,5570.9257320818315,415
-6706614.124396633,6605389.760900686,-90.0,6432.89453125,5570.9257320818315,415
-6706619.427697492,6605395.064201544,-82.5,6432.89453125,5570.9257320818315,415
-6706624.73099835,6605400.3675024025,-75.0,6432.89453125,5570.9257320818315,415
-6706630.03429921,6605405.670803262,-67.5,6432.89453125,5570.9257320818315,415
-6706635.337600068,6605410.97410412,-59.999999999999986,6432.89453125,5570.9257320818315,415
-6706640.640900928,6605416.27740498,-52.5,6432.89453125,5570.9257320818315,415
-6706645.944201786,6605421.580705838,-44.99999999999999,6432.89453125,5570.9257320818315,415
-6706651.2475026455,6605426.884006698,-37.5,6432.89453125,5570.9257320818315,415
-6706656.550803504,6605432.187307556,-29.999999999999993,6432.89453125,5570.9257320818315,415
-6706661.854104363,6605437.490608416,-22.499999999999986,6432.89453125,5570.9257320818315,415
-6706667.157405222,6605442.793909274,-14.999999999999996,6432.89453125,5570.9257320818315,415
-6706672.460706081,6605448.097210133,-7.49999999999999,6432.89453125,5570.9257320818315,415
-6706677.76400694,6605453.400510992,0.0,6433.3681640625,5570.9257320818315,415
-6706683.067307798,6605458.70381185,7.500000000000007,6432.2451171875,5570.9257320818315,415
-6706688.370608658,6605464.00711271,15.000000000000014,6432.2451171875,5570.9257320818315,415
-6706693.673909516,6605469.310413568,22.50000000000002,6432.2451171875,5570.9257320818315,415
-6706698.9772103755,6605474.613714428,30.00000000000003,6432.2451171875,5570.9257320818315,415
-6706704.280511234,6605479.917015286,37.5,6432.2451171875,5570.9257320818315,415
-6706709.583812093,6605485.220316146,45.00000000000001,6432.2451171875,5570.9257320818315,415
-6706714.887112952,6605490.523617004,52.500000000000014,6432.2451171875,5570.9257320818315,415
-6706720.190413811,6605495.826917863,60.00000000000002,6432.2451171875,5570.9257320818315,415
-6706725.49371467,6605501.130218722,67.50000000000003,6432.2451171875,5570.9257320818315,415
-6706730.797015529,6605506.433519581,75.0,6432.2451171875,5570.9257320818315,415
-6706736.100316388,6605511.73682044,82.5,6432.2451171875,5570.9257320818315,415
-6706741.403617246,6605517.040121298,90.00000000000001,6432.2451171875,5570.9257320818315,415
-6706746.7069181055,6605522.343422158,97.50000000000001,6432.2451171875,5570.9257320818315,415
-6706752.010218964,6605527.646723016,105.00000000000003,6432.2451171875,5570.9257320818315,415
-6706757.313519823,6605532.950023876,112.5,6432.2451171875,5570.9257320818315,415
-6706762.616820682,6605538.253324734,120.0,6432.2451171875,5570.9257320818315,415
-6706767.920121541,6605543.556625593,127.50000000000001,6432.2451171875,5570.9257320818315,415
-6706773.2234224,6605548.859926452,135.00000000000003,6432.2451171875,5570.9257320818315,415
-6706778.526723259,6605554.163227311,142.50000000000003,6432.2451171875,5570.9257320818315,415
-6706783.830024118,6605559.46652817,150.0,6432.2451171875,5570.9257320818315,415
-6706598.1249576425,6605771.423734349,-150.0,6432.69775390625,6077.373525907453,415
-6706603.428258501,6605776.727035208,-142.5,6432.69775390625,6077.373525907453,415
-6706608.73155936,6605782.030336067,-135.0,6432.69775390625,6077.373525907453,415
-6706614.034860219,6605787.3336369265,-127.5,6432.69775390625,6077.373525907453,415
-6706619.338161078,6605792.636937785,-120.0,6432.69775390625,6077.373525907453,415
-6706624.641461937,6605797.940238643,-112.5,6430.8271484375,6077.373525907453,415
-6706629.944762796,6605803.243539503,-105.0,6430.8271484375,6077.373525907453,415
-6706635.248063655,6605808.546840362,-97.49999999999999,6430.8271484375,6077.373525907453,415
-6706640.551364514,6605813.850141221,-90.0,6430.8271484375,6077.373525907453,415
-6706645.8546653725,6605819.153442079,-82.5,6430.8271484375,6077.373525907453,415
-6706651.157966232,6605824.456742939,-75.0,6430.8271484375,6077.373525907453,415
-6706656.46126709,6605829.760043798,-67.5,6430.8271484375,6077.373525907453,415
-6706661.764567949,6605835.0633446565,-59.999999999999986,6430.8271484375,6077.373525907453,415
-6706667.067868808,6605840.366645515,-52.5,6430.8271484375,6077.373525907453,415
-6706672.371169667,6605845.669946374,-44.99999999999999,6430.8271484375,6077.373525907453,415
-6706677.674470526,6605850.973247234,-37.5,6430.8017578125,6077.373525907453,415
-6706682.977771385,6605856.276548092,-29.999999999999993,6430.8017578125,6077.373525907453,415
-6706688.281072244,6605861.579848951,-22.499999999999986,6430.8017578125,6077.373525907453,415
-6706693.5843731025,6605866.88314981,-14.999999999999996,6430.8017578125,6077.373525907453,415
-6706698.887673962,6605872.18645067,-7.49999999999999,6430.8017578125,6077.373525907453,415
-6706704.19097482,6605877.489751528,0.0,6430.8017578125,6077.373525907453,415
-6706709.494275679,6605882.7930523865,7.500000000000007,6430.8017578125,6077.373525907453,415
-6706714.797576538,6605888.096353246,15.000000000000014,6430.8017578125,6077.373525907453,415
-6706720.100877397,6605893.399654105,22.50000000000002,6430.8017578125,6077.373525907453,415
-6706725.404178256,6605898.702954964,30.00000000000003,6430.8017578125,6077.373525907453,415
-6706730.707479115,6605904.006255822,37.5,6430.8017578125,6077.373525907453,415
-6706736.010779974,6605909.309556682,45.00000000000001,6435.32275390625,6077.373525907453,415
-6706741.3140808325,6605914.612857541,52.500000000000014,6435.32275390625,6077.373525907453,415
-6706746.617381692,6605919.9161584,60.00000000000002,6435.32275390625,6077.373525907453,415
-6706751.92068255,6605925.219459258,67.50000000000003,6435.32275390625,6077.373525907453,415
-6706757.223983409,6605930.522760117,75.0,6435.32275390625,6077.373525907453,415
-6706762.527284268,6605935.826060977,82.5,6435.32275390625,6077.373525907453,415
-6706767.830585127,6605941.129361835,90.00000000000001,6435.32275390625,6077.373525907453,415
-6706773.133885986,6605946.432662694,97.50000000000001,6435.32275390625,6077.373525907453,415
-6706778.437186845,6605951.735963553,105.00000000000003,6435.32275390625,6077.373525907453,415
-6706783.740487704,6605957.039264413,112.5,6435.32275390625,6077.373525907453,415
-6706789.0437885625,6605962.342565271,120.0,6439.5185546875,6077.373525907453,415
-6706794.347089422,6605967.64586613,127.50000000000001,6439.5185546875,6077.373525907453,415
-6706799.65039028,6605972.949166989,135.00000000000003,6439.5185546875,6077.373525907453,415
-6706804.95369114,6605978.252467848,142.50000000000003,6439.5185546875,6077.373525907453,415
-6706810.256991998,6605983.555768707,150.0,6439.5185546875,6077.373525907453,415
-6706355.356307368,6606235.60095822,-150.0,6434.0458984375,6583.821319733073,415
-6706362.856307368,6606235.60095822,-142.5,6434.0458984375,6583.821319733073,415
-6706370.356307368,6606235.60095822,-135.0,6434.0458984375,6583.821319733073,415
-6706377.856307368,6606235.60095822,-127.5,6434.0458984375,6583.821319733073,415
-6706385.356307368,6606235.60095822,-120.0,6434.0458984375,6583.821319733073,415
-6706392.856307368,6606235.60095822,-112.5,6434.0458984375,6583.821319733073,415
-6706400.356307368,6606235.60095822,-105.0,6434.0458984375,6583.821319733073,415
-6706407.856307368,6606235.60095822,-97.49999999999999,6434.0458984375,6583.821319733073,415
-6706415.356307368,6606235.60095822,-90.0,6434.0458984375,6583.821319733073,415
-6706422.856307368,6606235.60095822,-82.5,6434.0458984375,6583.821319733073,415
-6706430.356307368,6606235.60095822,-75.0,6434.0458984375,6583.821319733073,415
-6706437.856307368,6606235.60095822,-67.5,6434.0458984375,6583.821319733073,415
-6706445.356307368,6606235.60095822,-59.999999999999986,6434.0458984375,6583.821319733073,415
-6706452.856307368,6606235.60095822,-52.5,6427.6240234375,6583.821319733073,415
-6706460.356307368,6606235.60095822,-44.99999999999999,6427.6240234375,6583.821319733073,415
-6706467.856307368,6606235.60095822,-37.5,6427.6240234375,6583.821319733073,415
-6706475.356307368,6606235.60095822,-29.999999999999993,6427.6240234375,6583.821319733073,415
-6706482.856307368,6606235.60095822,-22.499999999999986,6427.6240234375,6583.821319733073,415
-6706490.356307368,6606235.60095822,-14.999999999999996,6427.6240234375,6583.821319733073,415
-6706497.856307368,6606235.60095822,-7.49999999999999,6427.6240234375,6583.821319733073,415
-6706505.356307368,6606235.60095822,0.0,6427.6240234375,6583.821319733073,415
-6706512.856307368,6606235.60095822,7.500000000000007,6427.6240234375,6583.821319733073,415
-6706520.356307368,6606235.60095822,15.000000000000014,6427.6240234375,6583.821319733073,415
-6706527.856307368,6606235.60095822,22.50000000000002,6427.6240234375,6583.821319733073,415
-6706535.356307368,6606235.60095822,30.00000000000003,6427.6240234375,6583.821319733073,415
-6706542.856307368,6606235.60095822,37.5,6427.6240234375,6583.821319733073,415
-6706550.356307368,6606235.60095822,45.00000000000001,6427.6240234375,6583.821319733073,415
-6706557.856307368,6606235.60095822,52.500000000000014,6427.6240234375,6583.821319733073,415
-6706565.356307368,6606235.60095822,60.00000000000002,6431.3681640625,6583.821319733073,415
-6706572.856307368,6606235.60095822,67.50000000000003,6431.3681640625,6583.821319733073,415
-6706580.356307368,6606235.60095822,75.0,6431.3681640625,6583.821319733073,415
-6706587.856307368,6606235.60095822,82.5,6431.3681640625,6583.821319733073,415
-6706595.356307368,6606235.60095822,90.00000000000001,6431.3681640625,6583.821319733073,415
-6706602.856307368,6606235.60095822,97.50000000000001,6431.3681640625,6583.821319733073,415
-6706610.356307368,6606235.60095822,105.00000000000003,6431.3681640625,6583.821319733073,415
-6706617.856307368,6606235.60095822,112.5,6431.3681640625,6583.821319733073,415
-6706625.356307368,6606235.60095822,120.0,6431.3681640625,6583.821319733073,415
-6706632.856307368,6606235.60095822,127.50000000000001,6431.3681640625,6583.821319733073,415
-6706640.356307368,6606235.60095822,135.00000000000003,6431.3681640625,6583.821319733073,415
-6706647.856307368,6606235.60095822,142.50000000000003,6431.3681640625,6583.821319733073,415
-6706655.356307368,6606235.60095822,150.0,6431.3681640625,6583.821319733073,415
-6706130.098203159,6606648.7437902475,-150.0,6433.19091796875,7090.269113558695,415
-6706137.598203159,6606648.7437902475,-142.5,6433.19091796875,7090.269113558695,415
-6706145.098203159,6606648.7437902475,-135.0,6433.19091796875,7090.269113558695,415
-6706152.598203159,6606648.7437902475,-127.5,6433.19091796875,7090.269113558695,415
-6706160.098203159,6606648.7437902475,-120.0,6433.19091796875,7090.269113558695,415
-6706167.598203159,6606648.7437902475,-112.5,6433.19091796875,7090.269113558695,415
-6706175.098203159,6606648.7437902475,-105.0,6433.19091796875,7090.269113558695,415
-6706182.598203159,6606648.7437902475,-97.49999999999999,6433.19091796875,7090.269113558695,415
-6706190.098203159,6606648.7437902475,-90.0,6433.19091796875,7090.269113558695,415
-6706197.598203159,6606648.7437902475,-82.5,6433.19091796875,7090.269113558695,415
-6706205.098203159,6606648.7437902475,-75.0,6433.19091796875,7090.269113558695,415
-6706212.598203159,6606648.7437902475,-67.5,6433.19091796875,7090.269113558695,415
-6706220.098203159,6606648.7437902475,-59.999999999999986,6433.19091796875,7090.269113558695,415
-6706227.598203159,6606648.7437902475,-52.5,6424.64453125,7090.269113558695,415
-6706235.098203159,6606648.7437902475,-44.99999999999999,6424.64453125,7090.269113558695,415
-6706242.598203159,6606648.7437902475,-37.5,6424.64453125,7090.269113558695,415
-6706250.098203159,6606648.7437902475,-29.999999999999993,6424.64453125,7090.269113558695,415
-6706257.598203159,6606648.7437902475,-22.499999999999986,6424.64453125,7090.269113558695,415
-6706265.098203159,6606648.7437902475,-14.999999999999996,6424.64453125,7090.269113558695,415
-6706272.598203159,6606648.7437902475,-7.49999999999999,6424.64453125,7090.269113558695,415
-6706280.098203159,6606648.7437902475,0.0,6424.64453125,7090.269113558695,415
-6706287.598203159,6606648.7437902475,7.500000000000007,6424.64453125,7090.269113558695,415
-6706295.098203159,6606648.7437902475,15.000000000000014,6424.64453125,7090.269113558695,415
-6706302.598203159,6606648.7437902475,22.50000000000002,6424.64453125,7090.269113558695,415
-6706310.098203159,6606648.7437902475,30.00000000000003,6424.64453125,7090.269113558695,415
-6706317.598203159,6606648.7437902475,37.5,6424.64453125,7090.269113558695,415
-6706325.098203159,6606648.7437902475,45.00000000000001,6424.64453125,7090.269113558695,415
-6706332.598203159,6606648.7437902475,52.500000000000014,6424.64453125,7090.269113558695,415
-6706340.098203159,6606648.7437902475,60.00000000000002,6438.375,7090.269113558695,415
-6706347.598203159,6606648.7437902475,67.50000000000003,6438.375,7090.269113558695,415
-6706355.098203159,6606648.7437902475,75.0,6438.375,7090.269113558695,415
-6706362.598203159,6606648.7437902475,82.5,6438.375,7090.269113558695,415
-6706370.098203159,6606648.7437902475,90.00000000000001,6438.375,7090.269113558695,415
-6706377.598203159,6606648.7437902475,97.50000000000001,6438.375,7090.269113558695,415
-6706385.098203159,6606648.7437902475,105.00000000000003,6438.375,7090.269113558695,415
-6706392.598203159,6606648.7437902475,112.5,6438.375,7090.269113558695,415
-6706400.098203159,6606648.7437902475,120.0,6438.375,7090.269113558695,415
-6706407.598203159,6606648.7437902475,127.50000000000001,6438.375,7090.269113558695,415
-6706415.098203159,6606648.7437902475,135.00000000000003,6438.375,7090.269113558695,415
-6706422.598203159,6606648.7437902475,142.50000000000003,6438.375,7090.269113558695,415
-6706430.098203159,6606648.7437902475,150.0,6438.375,7090.269113558695,415
-6706193.901367265,6606964.050689458,-150.0,6429.60888671875,7596.716907384315,415
-6706199.204668123,6606969.353990316,-142.5,6429.60888671875,7596.716907384315,415
-6706204.507968983,6606974.657291176,-135.0,6429.60888671875,7596.716907384315,415
-6706209.811269841,6606979.960592034,-127.5,6429.60888671875,7596.716907384315,415
-6706215.114570701,6606985.263892894,-120.0,6429.60888671875,7596.716907384315,415
-6706220.417871559,6606990.567193752,-112.5,6429.60888671875,7596.716907384315,415
-6706225.721172418,6606995.870494612,-105.0,6423.36083984375,7596.716907384315,415
-6706231.024473277,6607001.17379547,-97.49999999999999,6423.36083984375,7596.716907384315,415
-6706236.327774136,6607006.477096329,-90.0,6423.36083984375,7596.716907384315,415
-6706241.631074995,6607011.780397188,-82.5,6423.36083984375,7596.716907384315,415
-6706246.934375854,6607017.083698047,-75.0,6423.36083984375,7596.716907384315,415
-6706252.237676713,6607022.386998906,-67.5,6423.36083984375,7596.716907384315,415
-6706257.540977571,6607027.690299764,-59.999999999999986,6423.36083984375,7596.716907384315,415
-6706262.844278431,6607032.993600624,-52.5,6423.36083984375,7596.716907384315,415
-6706268.147579289,6607038.296901482,-44.99999999999999,6421.064453125,7596.716907384315,415
-6706273.450880148,6607043.600202342,-37.5,6421.064453125,7596.716907384315,415
-6706278.754181007,6607048.9035032,-29.999999999999993,6421.064453125,7596.716907384315,415
-6706284.057481866,6607054.206804059,-22.499999999999986,6421.064453125,7596.716907384315,415
-6706289.360782725,6607059.510104918,-14.999999999999996,6421.064453125,7596.716907384315,415
-6706294.664083584,6607064.813405777,-7.49999999999999,6421.064453125,7596.716907384315,415
-6706299.967384443,6607070.116706636,0.0,6421.064453125,7596.716907384315,415
-6706305.270685301,6607075.420007494,7.500000000000007,6421.064453125,7596.716907384315,415
-6706310.573986161,6607080.723308354,15.000000000000014,6421.064453125,7596.716907384315,415
-6706315.877287019,6607086.026609212,22.50000000000002,6421.064453125,7596.716907384315,415
-6706321.180587878,6607091.329910072,30.00000000000003,6421.064453125,7596.716907384315,415
-6706326.483888737,6607096.63321093,37.5,6421.064453125,7596.716907384315,415
-6706331.787189596,6607101.936511789,45.00000000000001,6421.064453125,7596.716907384315,415
-6706337.090490455,6607107.239812648,52.500000000000014,6423.58544921875,7596.716907384315,415
-6706342.393791314,6607112.543113507,60.00000000000002,6423.58544921875,7596.716907384315,415
-6706347.697092173,6607117.846414366,67.50000000000003,6423.58544921875,7596.716907384315,415
-6706353.000393031,6607123.149715224,75.0,6423.58544921875,7596.716907384315,415
-6706358.303693891,6607128.453016084,82.5,6423.58544921875,7596.716907384315,415
-6706363.606994749,6607133.756316942,90.00000000000001,6423.58544921875,7596.716907384315,415
-6706368.910295608,6607139.059617802,97.50000000000001,6423.58544921875,7596.716907384315,415
-6706374.213596467,6607144.36291866,105.00000000000003,6423.58544921875,7596.716907384315,415
-6706379.516897326,6607149.666219519,112.5,6429.8193359375,7596.716907384315,415
-6706384.820198185,6607154.969520378,120.0,6429.8193359375,7596.716907384315,415
-6706390.123499044,6607160.272821237,127.50000000000001,6429.8193359375,7596.716907384315,415
-6706395.426799903,6607165.576122096,135.00000000000003,6429.8193359375,7596.716907384315,415
-6706400.730100762,6607170.879422955,142.50000000000003,6429.8193359375,7596.716907384315,415
-6706406.033401621,6607176.182723814,150.0,6429.8193359375,7596.716907384315,415
-6706074.710997438,6607421.128215597,-150.0,6428.1572265625,8103.1647012099365,415
-6706080.0142982965,6607426.4315164555,-142.5,6428.1572265625,8103.1647012099365,415
-6706085.317599156,6607431.734817315,-135.0,6428.1572265625,8103.1647012099365,415
-6706090.620900014,6607437.038118173,-127.5,6428.1572265625,8103.1647012099365,415
-6706095.924200874,6607442.341419033,-120.0,6428.1572265625,8103.1647012099365,415
-6706101.227501732,6607447.644719891,-112.5,6428.1572265625,8103.1647012099365,415
-6706106.530802592,6607452.948020751,-105.0,6428.1572265625,8103.1647012099365,415
-6706111.83410345,6607458.251321609,-97.49999999999999,6421.4267578125,8103.1647012099365,415
-6706117.13740431,6607463.554622469,-90.0,6421.4267578125,8103.1647012099365,415
-6706122.440705168,6607468.857923327,-82.5,6421.4267578125,8103.1647012099365,415
-6706127.744006027,6607474.161224186,-75.0,6421.4267578125,8103.1647012099365,415
-6706133.047306886,6607479.464525045,-67.5,6421.4267578125,8103.1647012099365,415
-6706138.350607744,6607484.767825903,-59.999999999999986,6411.53369140625,8103.1647012099365,415
-6706143.653908604,6607490.071126763,-52.5,6411.53369140625,8103.1647012099365,415
-6706148.957209462,6607495.374427621,-44.99999999999999,6411.53369140625,8103.1647012099365,415
-6706154.260510322,6607500.677728481,-37.5,6411.53369140625,8103.1647012099365,415
-6706159.56381118,6607505.981029339,-29.999999999999993,6411.53369140625,8103.1647012099365,415
-6706164.86711204,6607511.284330199,-22.499999999999986,6411.53369140625,8103.1647012099365,415
-6706170.170412898,6607516.587631057,-14.999999999999996,6411.53369140625,8103.1647012099365,415
-6706175.4737137575,6607521.890931916,-7.49999999999999,6411.53369140625,8103.1647012099365,415
-6706180.777014616,6607527.194232775,0.0,6411.53369140625,8103.1647012099365,415
-6706186.080315474,6607532.497533633,7.500000000000007,6411.53369140625,8103.1647012099365,415
-6706191.383616334,6607537.800834493,15.000000000000014,6411.53369140625,8103.1647012099365,415
-6706196.686917192,6607543.104135351,22.50000000000002,6411.53369140625,8103.1647012099365,415
-6706201.990218052,6607548.407436211,30.00000000000003,6411.53369140625,8103.1647012099365,415
-6706207.29351891,6607553.710737069,37.5,6411.53369140625,8103.1647012099365,415
-6706212.59681977,6607559.014037929,45.00000000000001,6411.53369140625,8103.1647012099365,415
-6706217.900120628,6607564.317338787,52.500000000000014,6411.53369140625,8103.1647012099365,415
-6706223.2034214875,6607569.620639646,60.00000000000002,6411.53369140625,8103.1647012099365,415
-6706228.506722346,6607574.923940505,67.50000000000003,6422.8701171875,8103.1647012099365,415
-6706233.810023205,6607580.227241363,75.0,6422.8701171875,8103.1647012099365,415
-6706239.113324064,6607585.530542223,82.5,6422.8701171875,8103.1647012099365,415
-6706244.416624922,6607590.833843081,90.00000000000001,6422.8701171875,8103.1647012099365,415
-6706249.719925782,6607596.137143941,97.50000000000001,6422.8701171875,8103.1647012099365,415
-6706255.02322664,6607601.440444799,105.00000000000003,6420.947265625,8103.1647012099365,415
-6706260.3265275,6607606.743745659,112.5,6420.947265625,8103.1647012099365,415
-6706265.629828358,6607612.047046517,120.0,6420.947265625,8103.1647012099365,415
-6706270.9331292175,6607617.350347376,127.50000000000001,6420.947265625,8103.1647012099365,415
-6706276.236430076,6607622.653648235,135.00000000000003,6420.947265625,8103.1647012099365,415
-6706281.539730935,6607627.956949094,142.50000000000003,6420.947265625,8103.1647012099365,415
-6706286.843031794,6607633.260249953,150.0,6420.947265625,8103.1647012099365,415
-6706130.098203159,6607981.4772481285,-150.0,6416.0615234375,8609.612495035557,415
-6706137.598203159,6607981.4772481285,-142.5,6416.0615234375,8609.612495035557,415
-6706145.098203159,6607981.4772481285,-135.0,6416.0615234375,8609.612495035557,415
-6706152.598203159,6607981.4772481285,-127.5,6416.0615234375,8609.612495035557,415
-6706160.098203159,6607981.4772481285,-120.0,6416.0615234375,8609.612495035557,415
-6706167.598203159,6607981.4772481285,-112.5,6416.0615234375,8609.612495035557,415
-6706175.098203159,6607981.4772481285,-105.0,6416.0615234375,8609.612495035557,415
-6706182.598203159,6607981.4772481285,-97.49999999999999,6416.0615234375,8609.612495035557,415
-6706190.098203159,6607981.4772481285,-90.0,6416.0615234375,8609.612495035557,415
-6706197.598203159,6607981.4772481285,-82.5,6416.0615234375,8609.612495035557,415
-6706205.098203159,6607981.4772481285,-75.0,6416.0615234375,8609.612495035557,415
-6706212.598203159,6607981.4772481285,-67.5,6416.0615234375,8609.612495035557,415
-6706220.098203159,6607981.4772481285,-59.999999999999986,6416.0615234375,8609.612495035557,415
-6706227.598203159,6607981.4772481285,-52.5,6407.15283203125,8609.612495035557,415
-6706235.098203159,6607981.4772481285,-44.99999999999999,6407.15283203125,8609.612495035557,415
-6706242.598203159,6607981.4772481285,-37.5,6407.15283203125,8609.612495035557,415
-6706250.098203159,6607981.4772481285,-29.999999999999993,6407.15283203125,8609.612495035557,415
-6706257.598203159,6607981.4772481285,-22.499999999999986,6407.15283203125,8609.612495035557,415
-6706265.098203159,6607981.4772481285,-14.999999999999996,6407.15283203125,8609.612495035557,415
-6706272.598203159,6607981.4772481285,-7.49999999999999,6407.15283203125,8609.612495035557,415
-6706280.098203159,6607981.4772481285,0.0,6407.15283203125,8609.612495035557,415
-6706287.598203159,6607981.4772481285,7.500000000000007,6407.15283203125,8609.612495035557,415
-6706295.098203159,6607981.4772481285,15.000000000000014,6407.15283203125,8609.612495035557,415
-6706302.598203159,6607981.4772481285,22.50000000000002,6407.15283203125,8609.612495035557,415
-6706310.098203159,6607981.4772481285,30.00000000000003,6407.15283203125,8609.612495035557,415
-6706317.598203159,6607981.4772481285,37.5,6407.15283203125,8609.612495035557,415
-6706325.098203159,6607981.4772481285,45.00000000000001,6407.15283203125,8609.612495035557,415
-6706332.598203159,6607981.4772481285,52.500000000000014,6407.15283203125,8609.612495035557,415
-6706340.098203159,6607981.4772481285,60.00000000000002,6411.859375,8609.612495035557,415
-6706347.598203159,6607981.4772481285,67.50000000000003,6411.859375,8609.612495035557,415
-6706355.098203159,6607981.4772481285,75.0,6411.859375,8609.612495035557,415
-6706362.598203159,6607981.4772481285,82.5,6411.859375,8609.612495035557,415
-6706370.098203159,6607981.4772481285,90.00000000000001,6411.859375,8609.612495035557,415
-6706377.598203159,6607981.4772481285,97.50000000000001,6411.859375,8609.612495035557,415
-6706385.098203159,6607981.4772481285,105.00000000000003,6411.859375,8609.612495035557,415
-6706392.598203159,6607981.4772481285,112.5,6411.859375,8609.612495035557,415
-6706400.098203159,6607981.4772481285,120.0,6411.859375,8609.612495035557,415
-6706407.598203159,6607981.4772481285,127.50000000000001,6411.859375,8609.612495035557,415
-6706415.098203159,6607981.4772481285,135.00000000000003,6411.859375,8609.612495035557,415
-6706422.598203159,6607981.4772481285,142.50000000000003,6411.859375,8609.612495035557,415
-6706430.098203159,6607981.4772481285,150.0,6411.859375,8609.612495035557,415
-6706242.727255263,6608441.272561056,-150.0,6413.6357421875,9116.06028886118,415
-6706250.227255263,6608441.272561056,-142.5,6413.6357421875,9116.06028886118,415
-6706257.727255263,6608441.272561056,-135.0,6413.6357421875,9116.06028886118,415
-6706265.227255263,6608441.272561056,-127.5,6413.6357421875,9116.06028886118,415
-6706272.727255263,6608441.272561056,-120.0,6413.6357421875,9116.06028886118,415
-6706280.227255263,6608441.272561056,-112.5,6413.6357421875,9116.06028886118,415
-6706287.727255263,6608441.272561056,-105.0,6413.6357421875,9116.06028886118,415
-6706295.227255263,6608441.272561056,-97.49999999999999,6413.6357421875,9116.06028886118,415
-6706302.727255263,6608441.272561056,-90.0,6413.6357421875,9116.06028886118,415
-6706310.227255263,6608441.272561056,-82.5,6413.6357421875,9116.06028886118,415
-6706317.727255263,6608441.272561056,-75.0,6413.6357421875,9116.06028886118,415
-6706325.227255263,6608441.272561056,-67.5,6413.6357421875,9116.06028886118,415
-6706332.727255263,6608441.272561056,-59.999999999999986,6413.6357421875,9116.06028886118,415
-6706340.227255263,6608441.272561056,-52.5,6407.3759765625,9116.06028886118,415
-6706347.727255263,6608441.272561056,-44.99999999999999,6407.3759765625,9116.06028886118,415
-6706355.227255263,6608441.272561056,-37.5,6407.3759765625,9116.06028886118,415
-6706362.727255263,6608441.272561056,-29.999999999999993,6407.3759765625,9116.06028886118,415
-6706370.227255263,6608441.272561056,-22.499999999999986,6407.3759765625,9116.06028886118,415
-6706377.727255263,6608441.272561056,-14.999999999999996,6407.3759765625,9116.06028886118,415
-6706385.227255263,6608441.272561056,-7.49999999999999,6407.3759765625,9116.06028886118,415
-6706392.727255263,6608441.272561056,0.0,6407.3759765625,9116.06028886118,415
-6706400.227255263,6608441.272561056,7.500000000000007,6407.3759765625,9116.06028886118,415
-6706407.727255263,6608441.272561056,15.000000000000014,6407.3759765625,9116.06028886118,415
-6706415.227255263,6608441.272561056,22.50000000000002,6407.3759765625,9116.06028886118,415
-6706422.727255263,6608441.272561056,30.00000000000003,6407.3759765625,9116.06028886118,415
-6706430.227255263,6608441.272561056,37.5,6407.3759765625,9116.06028886118,415
-6706437.727255263,6608441.272561056,45.00000000000001,6407.3759765625,9116.06028886118,415
-6706445.227255263,6608441.272561056,52.500000000000014,6407.3759765625,9116.06028886118,415
-6706452.727255263,6608441.272561056,60.00000000000002,6412.42138671875,9116.06028886118,415
-6706460.227255263,6608441.272561056,67.50000000000003,6412.42138671875,9116.06028886118,415
-6706467.727255263,6608441.272561056,75.0,6412.42138671875,9116.06028886118,415
-6706475.227255263,6608441.272561056,82.5,6412.42138671875,9116.06028886118,415
-6706482.727255263,6608441.272561056,90.00000000000001,6412.42138671875,9116.06028886118,415
-6706490.227255263,6608441.272561056,97.50000000000001,6412.42138671875,9116.06028886118,415
-6706497.727255263,6608441.272561056,105.00000000000003,6412.42138671875,9116.06028886118,415
-6706505.227255263,6608441.272561056,112.5,6412.42138671875,9116.06028886118,415
-6706512.727255263,6608441.272561056,120.0,6412.42138671875,9116.06028886118,415
-6706520.227255263,6608441.272561056,127.50000000000001,6412.42138671875,9116.06028886118,415
-6706527.727255263,6608441.272561056,135.00000000000003,6412.42138671875,9116.06028886118,415
-6706535.227255263,6608441.272561056,142.50000000000003,6412.42138671875,9116.06028886118,415
-6706542.727255263,6608441.272561056,150.0,6412.42138671875,9116.06028886118,415
-6706167.6560963765,6608792.360794014,-150.0,6410.587890625,9622.5080826868,415
-6706172.959397235,6608797.664094873,-142.5,6410.587890625,9622.5080826868,415
-6706178.262698094,6608802.967395732,-135.0,6410.587890625,9622.5080826868,415
-6706183.565998953,6608808.270696592,-127.5,6410.587890625,9622.5080826868,415
-6706188.869299812,6608813.57399745,-120.0,6410.587890625,9622.5080826868,415
-6706194.172600671,6608818.877298309,-112.5,6410.587890625,9622.5080826868,415
-6706199.47590153,6608824.180599168,-105.0,6410.587890625,9622.5080826868,415
-6706204.779202389,6608829.483900027,-97.49999999999999,6410.587890625,9622.5080826868,415
-6706210.082503248,6608834.787200886,-90.0,6410.587890625,9622.5080826868,415
-6706215.3858041065,6608840.090501744,-82.5,6401.10595703125,9622.5080826868,415
-6706220.689104965,6608845.393802604,-75.0,6401.10595703125,9622.5080826868,415
-6706225.992405824,6608850.697103463,-67.5,6392.75390625,9622.5080826868,415
-6706231.295706683,6608856.000404322,-59.999999999999986,6392.75390625,9622.5080826868,415
-6706236.599007542,6608861.30370518,-52.5,6392.75390625,9622.5080826868,415
-6706241.902308401,6608866.6070060395,-44.99999999999999,6392.75390625,9622.5080826868,415
-6706247.20560926,6608871.910306899,-37.5,6392.75390625,9622.5080826868,415
-6706252.508910119,6608877.213607757,-29.999999999999993,6392.75390625,9622.5080826868,415
-6706257.812210978,6608882.516908616,-22.499999999999986,6392.75390625,9622.5080826868,415
-6706263.1155118365,6608887.820209475,-14.999999999999996,6392.75390625,9622.5080826868,415
-6706268.418812696,6608893.123510335,-7.49999999999999,6392.75390625,9622.5080826868,415
-6706273.722113554,6608898.426811193,0.0,6392.75390625,9622.5080826868,415
-6706279.025414413,6608903.730112052,7.500000000000007,6392.75390625,9622.5080826868,415
-6706284.328715272,6608909.033412911,15.000000000000014,6392.75390625,9622.5080826868,415
-6706289.632016131,6608914.33671377,22.50000000000002,6392.75390625,9622.5080826868,415
-6706294.93531699,6608919.640014629,30.00000000000003,6392.75390625,9622.5080826868,415
-6706300.238617849,6608924.943315487,37.5,6392.75390625,9622.5080826868,415
-6706305.541918708,6608930.246616347,45.00000000000001,6392.75390625,9622.5080826868,415
-6706310.8452195665,6608935.549917206,52.500000000000014,6392.75390625,9622.5080826868,415
-6706316.148520426,6608940.853218065,60.00000000000002,6392.75390625,9622.5080826868,415
-6706321.451821284,6608946.156518923,67.50000000000003,6392.75390625,9622.5080826868,415
-6706326.755122144,6608951.4598197825,75.0,6397.22705078125,9622.5080826868,415
-6706332.058423002,6608956.763120642,82.5,6397.22705078125,9622.5080826868,415
-6706337.361723861,6608962.0664215,90.00000000000001,6408.72998046875,9622.5080826868,415
-6706342.66502472,6608967.369722359,97.50000000000001,6408.72998046875,9622.5080826868,415
-6706347.968325579,6608972.673023218,105.00000000000003,6408.72998046875,9622.5080826868,415
-6706353.271626438,6608977.976324078,112.5,6408.72998046875,9622.5080826868,415
-6706358.5749272965,6608983.279624936,120.0,6408.72998046875,9622.5080826868,415
-6706363.878228156,6608988.582925795,127.50000000000001,6408.72998046875,9622.5080826868,415
-6706369.181529014,6608993.886226654,135.00000000000003,6408.72998046875,9622.5080826868,415
-6706374.484829874,6608999.189527513,142.50000000000003,6408.72998046875,9622.5080826868,415
-6706379.788130732,6609004.492828372,150.0,6408.72998046875,9622.5080826868,415
-6706048.465726549,6609249.438320154,-150.0,6393.615234375,10128.95587651242,415
-6706053.769027408,6609254.741621013,-142.5,6393.615234375,10128.95587651242,415
-6706059.072328267,6609260.044921872,-135.0,6393.615234375,10128.95587651242,415
-6706064.375629125,6609265.348222731,-127.5,6393.615234375,10128.95587651242,415
-6706069.678929985,6609270.65152359,-120.0,6393.615234375,10128.95587651242,415
-6706074.982230844,6609275.954824449,-112.5,6393.615234375,10128.95587651242,415
-6706080.285531702,6609281.258125308,-105.0,6393.615234375,10128.95587651242,415
-6706085.588832561,6609286.561426166,-97.49999999999999,6392.01416015625,10128.95587651242,415
-6706090.89213342,6609291.864727026,-90.0,6392.01416015625,10128.95587651242,415
-6706096.19543428,6609297.168027884,-82.5,6392.01416015625,10128.95587651242,415
-6706101.498735138,6609302.471328743,-75.0,6392.01416015625,10128.95587651242,415
-6706106.802035997,6609307.774629602,-67.5,6392.01416015625,10128.95587651242,415
-6706112.105336856,6609313.077930461,-59.999999999999986,6391.79052734375,10128.95587651242,415
-6706117.4086377155,6609318.38123132,-52.5,6391.79052734375,10128.95587651242,415
-6706122.711938574,6609323.684532179,-44.99999999999999,6391.79052734375,10128.95587651242,415
-6706128.015239432,6609328.987833038,-37.5,6391.79052734375,10128.95587651242,415
-6706133.318540292,6609334.291133896,-29.999999999999993,6391.79052734375,10128.95587651242,415
-6706138.621841151,6609339.594434756,-22.499999999999986,6391.79052734375,10128.95587651242,415
-6706143.92514201,6609344.897735614,-14.999999999999996,6391.79052734375,10128.95587651242,415
-6706149.228442868,6609350.201036474,-7.49999999999999,6391.79052734375,10128.95587651242,415
-6706154.531743728,6609355.504337332,0.0,6391.79052734375,10128.95587651242,415
-6706159.835044587,6609360.807638191,7.500000000000007,6391.79052734375,10128.95587651242,415
-6706165.1383454455,6609366.11093905,15.000000000000014,6391.79052734375,10128.95587651242,415
-6706170.441646304,6609371.414239909,22.50000000000002,6391.79052734375,10128.95587651242,415
-6706175.744947163,6609376.717540768,30.00000000000003,6391.79052734375,10128.95587651242,415
-6706181.048248023,6609382.020841626,37.5,6391.79052734375,10128.95587651242,415
-6706186.351548881,6609387.324142486,45.00000000000001,6391.79052734375,10128.95587651242,415
-6706191.65484974,6609392.627443344,52.500000000000014,6391.79052734375,10128.95587651242,415
-6706196.958150599,6609397.930744204,60.00000000000002,6391.79052734375,10128.95587651242,415
-6706202.261451459,6609403.234045062,67.50000000000003,6395.216796875,10128.95587651242,415
-6706207.564752317,6609408.537345922,75.0,6395.216796875,10128.95587651242,415
-6706212.8680531755,6609413.84064678,82.5,6395.216796875,10128.95587651242,415
-6706218.171354035,6609419.143947639,90.00000000000001,6395.216796875,10128.95587651242,415
-6706223.474654894,6609424.447248498,97.50000000000001,6395.216796875,10128.95587651242,415
-6706228.777955753,6609429.750549356,105.00000000000003,6399.85986328125,10128.95587651242,415
-6706234.081256611,6609435.053850216,112.5,6399.85986328125,10128.95587651242,415
-6706239.384557471,6609440.357151074,120.0,6399.85986328125,10128.95587651242,415
-6706244.68785833,6609445.660451934,127.50000000000001,6399.85986328125,10128.95587651242,415
-6706249.991159189,6609450.963752792,135.00000000000003,6399.85986328125,10128.95587651242,415
-6706255.294460047,6609456.267053652,142.50000000000003,6399.85986328125,10128.95587651242,415
-6706260.597760906,6609461.57035451,150.0,6399.85986328125,10128.95587651242,415
-6706017.4691510545,6609774.006018938,-150.0,6398.8154296875,10635.403670338043,415
-6706024.9691510545,6609774.006018938,-142.5,6398.8154296875,10635.403670338043,415
-6706032.4691510545,6609774.006018938,-135.0,6398.8154296875,10635.403670338043,415
-6706039.9691510545,6609774.006018938,-127.5,6398.8154296875,10635.403670338043,415
-6706047.4691510545,6609774.006018938,-120.0,6398.8154296875,10635.403670338043,415
-6706054.9691510545,6609774.006018938,-112.5,6398.8154296875,10635.403670338043,415
-6706062.4691510545,6609774.006018938,-105.0,6398.8154296875,10635.403670338043,415
-6706069.9691510545,6609774.006018938,-97.49999999999999,6398.8154296875,10635.403670338043,415
-6706077.4691510545,6609774.006018938,-90.0,6398.8154296875,10635.403670338043,415
-6706084.9691510545,6609774.006018938,-82.5,6398.8154296875,10635.403670338043,415
-6706092.4691510545,6609774.006018938,-75.0,6398.8154296875,10635.403670338043,415
-6706099.9691510545,6609774.006018938,-67.5,6398.8154296875,10635.403670338043,415
-6706107.4691510545,6609774.006018938,-59.999999999999986,6398.8154296875,10635.403670338043,415
-6706114.9691510545,6609774.006018938,-52.5,6384.47802734375,10635.403670338043,415
-6706122.4691510545,6609774.006018938,-44.99999999999999,6384.47802734375,10635.403670338043,415
-6706129.9691510545,6609774.006018938,-37.5,6384.47802734375,10635.403670338043,415
-6706137.4691510545,6609774.006018938,-29.999999999999993,6384.47802734375,10635.403670338043,415
-6706144.9691510545,6609774.006018938,-22.499999999999986,6384.47802734375,10635.403670338043,415
-6706152.4691510545,6609774.006018938,-14.999999999999996,6384.47802734375,10635.403670338043,415
-6706159.9691510545,6609774.006018938,-7.49999999999999,6384.47802734375,10635.403670338043,415
-6706167.4691510545,6609774.006018938,0.0,6384.47802734375,10635.403670338043,415
-6706174.9691510545,6609774.006018938,7.500000000000007,6384.47802734375,10635.403670338043,415
-6706182.4691510545,6609774.006018938,15.000000000000014,6384.47802734375,10635.403670338043,415
-6706189.9691510545,6609774.006018938,22.50000000000002,6384.47802734375,10635.403670338043,415
-6706197.4691510545,6609774.006018938,30.00000000000003,6384.47802734375,10635.403670338043,415
-6706204.9691510545,6609774.006018938,37.5,6384.47802734375,10635.403670338043,415
-6706212.4691510545,6609774.006018938,45.00000000000001,6384.47802734375,10635.403670338043,415
-6706219.9691510545,6609774.006018938,52.500000000000014,6384.47802734375,10635.403670338043,415
-6706227.4691510545,6609774.006018938,60.00000000000002,6391.05322265625,10635.403670338043,415
-6706234.9691510545,6609774.006018938,67.50000000000003,6391.05322265625,10635.403670338043,415
-6706242.4691510545,6609774.006018938,75.0,6391.05322265625,10635.403670338043,415
-6706249.9691510545,6609774.006018938,82.5,6391.05322265625,10635.403670338043,415
-6706257.4691510545,6609774.006018938,90.00000000000001,6391.05322265625,10635.403670338043,415
-6706264.9691510545,6609774.006018938,97.50000000000001,6391.05322265625,10635.403670338043,415
-6706272.4691510545,6609774.006018938,105.00000000000003,6391.05322265625,10635.403670338043,415
-6706279.9691510545,6609774.006018938,112.5,6391.05322265625,10635.403670338043,415
-6706287.4691510545,6609774.006018938,120.0,6391.05322265625,10635.403670338043,415
-6706294.9691510545,6609774.006018938,127.50000000000001,6391.05322265625,10635.403670338043,415
-6706302.4691510545,6609774.006018938,135.00000000000003,6391.05322265625,10635.403670338043,415
-6706309.9691510545,6609774.006018938,142.50000000000003,6391.05322265625,10635.403670338043,415
-6706317.4691510545,6609774.006018938,150.0,6391.05322265625,10635.403670338043,415
-6706101.1273719445,6610276.760549981,-150.0,6396.51171875,11141.851464163663,415
-6706106.430672803,6610271.457249123,-142.5,6396.51171875,11141.851464163663,415
-6706111.733973662,6610266.153948263,-135.0,6388.04638671875,11141.851464163663,415
-6706117.037274521,6610260.850647405,-127.5,6388.04638671875,11141.851464163663,415
-6706122.34057538,6610255.547346545,-120.0,6388.04638671875,11141.851464163663,415
-6706127.643876239,6610250.244045687,-112.5,6388.04638671875,11141.851464163663,415
-6706132.947177098,6610244.9407448275,-105.0,6388.04638671875,11141.851464163663,415
-6706138.250477957,6610239.637443969,-97.49999999999999,6388.04638671875,11141.851464163663,415
-6706143.553778816,6610234.33414311,-90.0,6388.04638671875,11141.851464163663,415
-6706148.8570796745,6610229.030842251,-82.5,6388.04638671875,11141.851464163663,415
-6706154.160380533,6610223.727541393,-75.0,6388.04638671875,11141.851464163663,415
-6706159.463681392,6610218.424240533,-67.5,6388.04638671875,11141.851464163663,415
-6706164.766982251,6610213.120939675,-59.999999999999986,6388.04638671875,11141.851464163663,415
-6706170.07028311,6610207.817638815,-52.5,6388.04638671875,11141.851464163663,415
-6706175.373583969,6610202.514337957,-44.99999999999999,6388.04638671875,11141.851464163663,415
-6706180.676884828,6610197.2110370975,-37.5,6388.04638671875,11141.851464163663,415
-6706185.980185687,6610191.907736239,-29.999999999999993,6388.04638671875,11141.851464163663,415
-6706191.283486546,6610186.60443538,-22.499999999999986,6386.3720703125,11141.851464163663,415
-6706196.5867874045,6610181.301134521,-14.999999999999996,6386.3720703125,11141.851464163663,415
-6706201.890088264,6610175.997833662,-7.49999999999999,6386.3720703125,11141.851464163663,415
-6706207.193389122,6610170.694532803,0.0,6386.3720703125,11141.851464163663,415
-6706212.496689981,6610165.391231945,7.500000000000007,6386.3720703125,11141.851464163663,415
-6706217.79999084,6610160.087931085,15.000000000000014,6386.3720703125,11141.851464163663,415
-6706223.103291699,6610154.784630227,22.50000000000002,6386.3720703125,11141.851464163663,415
-6706228.406592558,6610149.4813293675,30.00000000000003,6386.48828125,11141.851464163663,415
-6706233.709893417,6610144.178028509,37.5,6386.48828125,11141.851464163663,415
-6706239.013194276,6610138.87472765,45.00000000000001,6386.48828125,11141.851464163663,415
-6706244.3164951345,6610133.571426791,52.500000000000014,6386.48828125,11141.851464163663,415
-6706249.619795994,6610128.268125932,60.00000000000002,6386.48828125,11141.851464163663,415
-6706254.923096852,6610122.964825073,67.50000000000003,6386.48828125,11141.851464163663,415
-6706260.226397712,6610117.661524214,75.0,6386.48828125,11141.851464163663,415
-6706265.52969857,6610112.358223355,82.5,6386.48828125,11141.851464163663,415
-6706270.832999429,6610107.054922497,90.00000000000001,6386.48828125,11141.851464163663,415
-6706276.136300288,6610101.7516216375,97.50000000000001,6386.48828125,11141.851464163663,415
-6706281.439601147,6610096.448320779,105.00000000000003,6386.48828125,11141.851464163663,415
-6706286.742902006,6610091.14501992,112.5,6386.48828125,11141.851464163663,415
-6706292.0462028645,6610085.841719061,120.0,6386.48828125,11141.851464163663,415
-6706297.349503724,6610080.538418202,127.50000000000001,6386.48828125,11141.851464163663,415
-6706302.652804582,6610075.235117343,135.00000000000003,6386.48828125,11141.851464163663,415
-6706307.956105442,6610069.931816484,142.50000000000003,6384.3369140625,11141.851464163663,415
-6706313.2594063,6610064.628515625,150.0,6384.3369140625,11141.851464163663,415
-6706017.4691510545,6610600.291682993,-150.0,6396.06005859375,11648.299257989283,415
-6706024.9691510545,6610600.291682993,-142.5,6396.06005859375,11648.299257989283,415
-6706032.4691510545,6610600.291682993,-135.0,6396.06005859375,11648.299257989283,415
-6706039.9691510545,6610600.291682993,-127.5,6396.06005859375,11648.299257989283,415
-6706047.4691510545,6610600.291682993,-120.0,6396.06005859375,11648.299257989283,415
-6706054.9691510545,6610600.291682993,-112.5,6396.06005859375,11648.299257989283,415
-6706062.4691510545,6610600.291682993,-105.0,6396.06005859375,11648.299257989283,415
-6706069.9691510545,6610600.291682993,-97.49999999999999,6396.06005859375,11648.299257989283,415
-6706077.4691510545,6610600.291682993,-90.0,6396.06005859375,11648.299257989283,415
-6706084.9691510545,6610600.291682993,-82.5,6396.06005859375,11648.299257989283,415
-6706092.4691510545,6610600.291682993,-75.0,6396.06005859375,11648.299257989283,415
-6706099.9691510545,6610600.291682993,-67.5,6396.06005859375,11648.299257989283,415
-6706107.4691510545,6610600.291682993,-59.999999999999986,6396.06005859375,11648.299257989283,415
-6706114.9691510545,6610600.291682993,-52.5,6385.15185546875,11648.299257989283,415
-6706122.4691510545,6610600.291682993,-44.99999999999999,6385.15185546875,11648.299257989283,415
-6706129.9691510545,6610600.291682993,-37.5,6385.15185546875,11648.299257989283,415
-6706137.4691510545,6610600.291682993,-29.999999999999993,6385.15185546875,11648.299257989283,415
-6706144.9691510545,6610600.291682993,-22.499999999999986,6385.15185546875,11648.299257989283,415
-6706152.4691510545,6610600.291682993,-14.999999999999996,6385.15185546875,11648.299257989283,415
-6706159.9691510545,6610600.291682993,-7.49999999999999,6385.15185546875,11648.299257989283,415
-6706167.4691510545,6610600.291682993,0.0,6385.15185546875,11648.299257989283,415
-6706174.9691510545,6610600.291682993,7.500000000000007,6385.15185546875,11648.299257989283,415
-6706182.4691510545,6610600.291682993,15.000000000000014,6385.15185546875,11648.299257989283,415
-6706189.9691510545,6610600.291682993,22.50000000000002,6385.15185546875,11648.299257989283,415
-6706197.4691510545,6610600.291682993,30.00000000000003,6385.15185546875,11648.299257989283,415
-6706204.9691510545,6610600.291682993,37.5,6385.15185546875,11648.299257989283,415
-6706212.4691510545,6610600.291682993,45.00000000000001,6385.15185546875,11648.299257989283,415
-6706219.9691510545,6610600.291682993,52.500000000000014,6385.15185546875,11648.299257989283,415
-6706227.4691510545,6610600.291682993,60.00000000000002,6385.3388671875,11648.299257989283,415
-6706234.9691510545,6610600.291682993,67.50000000000003,6385.3388671875,11648.299257989283,415
-6706242.4691510545,6610600.291682993,75.0,6385.3388671875,11648.299257989283,415
-6706249.9691510545,6610600.291682993,82.5,6385.3388671875,11648.299257989283,415
-6706257.4691510545,6610600.291682993,90.00000000000001,6385.3388671875,11648.299257989283,415
-6706264.9691510545,6610600.291682993,97.50000000000001,6385.3388671875,11648.299257989283,415
-6706272.4691510545,6610600.291682993,105.00000000000003,6385.3388671875,11648.299257989283,415
-6706279.9691510545,6610600.291682993,112.5,6385.3388671875,11648.299257989283,415
-6706287.4691510545,6610600.291682993,120.0,6385.3388671875,11648.299257989283,415
-6706294.9691510545,6610600.291682993,127.50000000000001,6385.3388671875,11648.299257989283,415
-6706302.4691510545,6610600.291682993,135.00000000000003,6385.3388671875,11648.299257989283,415
-6706309.9691510545,6610600.291682993,142.50000000000003,6385.3388671875,11648.299257989283,415
-6706317.4691510545,6610600.291682993,150.0,6385.3388671875,11648.299257989283,415
-6705904.840098951,6611060.08699592,-150.0,6388.251953125,12154.747051814906,415
-6705912.340098951,6611060.08699592,-142.5,6388.251953125,12154.747051814906,415
-6705919.840098951,6611060.08699592,-135.0,6388.251953125,12154.747051814906,415
-6705927.340098951,6611060.08699592,-127.5,6388.251953125,12154.747051814906,415
-6705934.840098951,6611060.08699592,-120.0,6388.251953125,12154.747051814906,415
-6705942.340098951,6611060.08699592,-112.5,6388.251953125,12154.747051814906,415
-6705949.840098951,6611060.08699592,-105.0,6388.251953125,12154.747051814906,415
-6705957.340098951,6611060.08699592,-97.49999999999999,6388.251953125,12154.747051814906,415
-6705964.840098951,6611060.08699592,-90.0,6388.251953125,12154.747051814906,415
-6705972.340098951,6611060.08699592,-82.5,6388.251953125,12154.747051814906,415
-6705979.840098951,6611060.08699592,-75.0,6388.251953125,12154.747051814906,415
-6705987.340098951,6611060.08699592,-67.5,6388.251953125,12154.747051814906,415
-6705994.840098951,6611060.08699592,-59.999999999999986,6388.251953125,12154.747051814906,415
-6706002.340098951,6611060.08699592,-52.5,6382.78125,12154.747051814906,415
-6706009.840098951,6611060.08699592,-44.99999999999999,6382.78125,12154.747051814906,415
-6706017.340098951,6611060.08699592,-37.5,6382.78125,12154.747051814906,415
-6706024.840098951,6611060.08699592,-29.999999999999993,6382.78125,12154.747051814906,415
-6706032.340098951,6611060.08699592,-22.499999999999986,6382.78125,12154.747051814906,415
-6706039.840098951,6611060.08699592,-14.999999999999996,6382.78125,12154.747051814906,415
-6706047.340098951,6611060.08699592,-7.49999999999999,6382.78125,12154.747051814906,415
-6706054.840098951,6611060.08699592,0.0,6382.78125,12154.747051814906,415
-6706062.340098951,6611060.08699592,7.500000000000007,6382.78125,12154.747051814906,415
-6706069.840098951,6611060.08699592,15.000000000000014,6382.78125,12154.747051814906,415
-6706077.340098951,6611060.08699592,22.50000000000002,6382.78125,12154.747051814906,415
-6706084.840098951,6611060.08699592,30.00000000000003,6382.78125,12154.747051814906,415
-6706092.340098951,6611060.08699592,37.5,6382.78125,12154.747051814906,415
-6706099.840098951,6611060.08699592,45.00000000000001,6382.78125,12154.747051814906,415
-6706107.340098951,6611060.08699592,52.500000000000014,6382.78125,12154.747051814906,415
-6706114.840098951,6611060.08699592,60.00000000000002,6389.06005859375,12154.747051814906,415
-6706122.340098951,6611060.08699592,67.50000000000003,6389.06005859375,12154.747051814906,415
-6706129.840098951,6611060.08699592,75.0,6389.06005859375,12154.747051814906,415
-6706137.340098951,6611060.08699592,82.5,6389.06005859375,12154.747051814906,415
-6706144.840098951,6611060.08699592,90.00000000000001,6389.06005859375,12154.747051814906,415
-6706152.340098951,6611060.08699592,97.50000000000001,6389.06005859375,12154.747051814906,415
-6706159.840098951,6611060.08699592,105.00000000000003,6389.06005859375,12154.747051814906,415
-6706167.340098951,6611060.08699592,112.5,6389.06005859375,12154.747051814906,415
-6706174.840098951,6611060.08699592,120.0,6389.06005859375,12154.747051814906,415
-6706182.340098951,6611060.08699592,127.50000000000001,6389.06005859375,12154.747051814906,415
-6706189.840098951,6611060.08699592,135.00000000000003,6389.06005859375,12154.747051814906,415
-6706197.340098951,6611060.08699592,142.50000000000003,6389.06005859375,12154.747051814906,415
-6706204.840098951,6611060.08699592,150.0,6389.06005859375,12154.747051814906,415
-6705617.455305431,6611257.255470733,-150.0,6390.48681640625,12661.194845640526,415
-6705622.7586062895,6611262.558771592,-142.5,6390.48681640625,12661.194845640526,415
-6705628.061907149,6611267.862072451,-135.0,6390.48681640625,12661.194845640526,415
-6705633.365208007,6611273.1653733095,-127.5,6390.48681640625,12661.194845640526,415
-6705638.668508867,6611278.468674169,-120.0,6390.48681640625,12661.194845640526,415
-6705643.971809725,6611283.771975027,-112.5,6390.48681640625,12661.194845640526,415
-6705649.275110585,6611289.075275887,-105.0,6390.48681640625,12661.194845640526,415
-6705654.578411443,6611294.378576745,-97.49999999999999,6390.48681640625,12661.194845640526,415
-6705659.881712303,6611299.681877605,-90.0,6390.48681640625,12661.194845640526,415
-6705665.185013161,6611304.985178463,-82.5,6383.99267578125,12661.194845640526,415
-6705670.4883140195,6611310.288479323,-75.0,6383.99267578125,12661.194845640526,415
-6705675.791614879,6611315.591780181,-67.5,6378.52587890625,12661.194845640526,415
-6705681.094915737,6611320.8950810395,-59.999999999999986,6378.52587890625,12661.194845640526,415
-6705686.398216597,6611326.198381899,-52.5,6378.52587890625,12661.194845640526,415
-6705691.701517455,6611331.501682757,-44.99999999999999,6378.52587890625,12661.194845640526,415
-6705697.004818315,6611336.804983617,-37.5,6378.52587890625,12661.194845640526,415
-6705702.308119173,6611342.108284475,-29.999999999999993,6378.52587890625,12661.194845640526,415
-6705707.611420033,6611347.411585335,-22.499999999999986,6378.52587890625,12661.194845640526,415
-6705712.914720891,6611352.714886193,-14.999999999999996,6378.52587890625,12661.194845640526,415
-6705718.21802175,6611358.018187053,-7.49999999999999,6378.52587890625,12661.194845640526,415
-6705723.521322609,6611363.321487911,0.0,6378.52587890625,12661.194845640526,415
-6705728.824623467,6611368.6247887695,7.500000000000007,6378.52587890625,12661.194845640526,415
-6705734.127924327,6611373.928089629,15.000000000000014,6378.52587890625,12661.194845640526,415
-6705739.431225185,6611379.231390487,22.50000000000002,6378.52587890625,12661.194845640526,415
-6705744.734526045,6611384.534691347,30.00000000000003,6378.52587890625,12661.194845640526,415
-6705750.037826903,6611389.837992205,37.5,6378.52587890625,12661.194845640526,415
-6705755.341127763,6611395.141293065,45.00000000000001,6378.52587890625,12661.194845640526,415
-6705760.644428621,6611400.444593923,52.500000000000014,6378.52587890625,12661.194845640526,415
-6705765.94772948,6611405.747894783,60.00000000000002,6378.52587890625,12661.194845640526,415
-6705771.251030339,6611411.051195641,67.50000000000003,6378.52587890625,12661.194845640526,415
-6705776.554331198,6611416.3544964995,75.0,6380.3359375,12661.194845640526,415
-6705781.857632057,6611421.657797359,82.5,6380.3359375,12661.194845640526,415
-6705787.160932915,6611426.961098217,90.00000000000001,6377.91455078125,12661.194845640526,415
-6705792.464233775,6611432.264399077,97.50000000000001,6377.91455078125,12661.194845640526,415
-6705797.767534633,6611437.567699935,105.00000000000003,6377.91455078125,12661.194845640526,415
-6705803.070835493,6611442.871000795,112.5,6377.91455078125,12661.194845640526,415
-6705808.374136351,6611448.174301653,120.0,6377.91455078125,12661.194845640526,415
-6705813.67743721,6611453.477602513,127.50000000000001,6377.91455078125,12661.194845640526,415
-6705818.980738069,6611458.780903371,135.00000000000003,6377.91455078125,12661.194845640526,415
-6705824.284038928,6611464.08420423,142.50000000000003,6377.91455078125,12661.194845640526,415
-6705829.587339787,6611469.387505089,150.0,6377.91455078125,12661.194845640526,415
-6705566.952942638,6611773.743607871,-150.0,6376.31005859375,13167.642639466147,415
-6705574.452942638,6611773.743607871,-142.5,6376.31005859375,13167.642639466147,415
-6705581.952942638,6611773.743607871,-135.0,6376.31005859375,13167.642639466147,415
-6705589.452942638,6611773.743607871,-127.5,6376.31005859375,13167.642639466147,415
-6705596.952942638,6611773.743607871,-120.0,6376.31005859375,13167.642639466147,415
-6705604.452942638,6611773.743607871,-112.5,6376.31005859375,13167.642639466147,415
-6705611.952942638,6611773.743607871,-105.0,6376.31005859375,13167.642639466147,415
-6705619.452942638,6611773.743607871,-97.49999999999999,6376.31005859375,13167.642639466147,415
-6705626.952942638,6611773.743607871,-90.0,6376.31005859375,13167.642639466147,415
-6705634.452942638,6611773.743607871,-82.5,6376.31005859375,13167.642639466147,415
-6705641.952942638,6611773.743607871,-75.0,6376.31005859375,13167.642639466147,415
-6705649.452942638,6611773.743607871,-67.5,6376.31005859375,13167.642639466147,415
-6705656.952942638,6611773.743607871,-59.999999999999986,6376.31005859375,13167.642639466147,415
-6705664.452942638,6611773.743607871,-52.5,6375.45361328125,13167.642639466147,415
-6705671.952942638,6611773.743607871,-44.99999999999999,6375.45361328125,13167.642639466147,415
-6705679.452942638,6611773.743607871,-37.5,6375.45361328125,13167.642639466147,415
-6705686.952942638,6611773.743607871,-29.999999999999993,6375.45361328125,13167.642639466147,415
-6705694.452942638,6611773.743607871,-22.499999999999986,6375.45361328125,13167.642639466147,415
-6705701.952942638,6611773.743607871,-14.999999999999996,6375.45361328125,13167.642639466147,415
-6705709.452942638,6611773.743607871,-7.49999999999999,6375.45361328125,13167.642639466147,415
-6705716.952942638,6611773.743607871,0.0,6375.45361328125,13167.642639466147,415
-6705724.452942638,6611773.743607871,7.500000000000007,6375.45361328125,13167.642639466147,415
-6705731.952942638,6611773.743607871,15.000000000000014,6375.45361328125,13167.642639466147,415
-6705739.452942638,6611773.743607871,22.50000000000002,6375.45361328125,13167.642639466147,415
-6705746.952942638,6611773.743607871,30.00000000000003,6375.45361328125,13167.642639466147,415
-6705754.452942638,6611773.743607871,37.5,6375.45361328125,13167.642639466147,415
-6705761.952942638,6611773.743607871,45.00000000000001,6375.45361328125,13167.642639466147,415
-6705769.452942638,6611773.743607871,52.500000000000014,6375.45361328125,13167.642639466147,415
-6705776.952942638,6611773.743607871,60.00000000000002,6376.443359375,13167.642639466147,415
-6705784.452942638,6611773.743607871,67.50000000000003,6376.443359375,13167.642639466147,415
-6705791.952942638,6611773.743607871,75.0,6376.443359375,13167.642639466147,415
-6705799.452942638,6611773.743607871,82.5,6376.443359375,13167.642639466147,415
-6705806.952942638,6611773.743607871,90.00000000000001,6376.443359375,13167.642639466147,415
-6705814.452942638,6611773.743607871,97.50000000000001,6376.443359375,13167.642639466147,415
-6705821.952942638,6611773.743607871,105.00000000000003,6376.443359375,13167.642639466147,415
-6705829.452942638,6611773.743607871,112.5,6376.443359375,13167.642639466147,415
-6705836.952942638,6611773.743607871,120.0,6376.443359375,13167.642639466147,415
-6705844.452942638,6611773.743607871,127.50000000000001,6376.443359375,13167.642639466147,415
-6705851.952942638,6611773.743607871,135.00000000000003,6376.443359375,13167.642639466147,415
-6705859.452942638,6611773.743607871,142.50000000000003,6376.443359375,13167.642639466147,415
-6705866.952942638,6611773.743607871,150.0,6376.443359375,13167.642639466147,415
-6705341.694838429,6612186.886439899,-150.0,6378.08935546875,13674.090433291767,415
-6705349.194838429,6612186.886439899,-142.5,6378.08935546875,13674.090433291767,415
-6705356.694838429,6612186.886439899,-135.0,6378.08935546875,13674.090433291767,415
-6705364.194838429,6612186.886439899,-127.5,6378.08935546875,13674.090433291767,415
-6705371.694838429,6612186.886439899,-120.0,6378.08935546875,13674.090433291767,415
-6705379.194838429,6612186.886439899,-112.5,6378.08935546875,13674.090433291767,415
-6705386.694838429,6612186.886439899,-105.0,6378.08935546875,13674.090433291767,415
-6705394.194838429,6612186.886439899,-97.49999999999999,6378.08935546875,13674.090433291767,415
-6705401.694838429,6612186.886439899,-90.0,6378.08935546875,13674.090433291767,415
-6705409.194838429,6612186.886439899,-82.5,6378.08935546875,13674.090433291767,415
-6705416.694838429,6612186.886439899,-75.0,6378.08935546875,13674.090433291767,415
-6705424.194838429,6612186.886439899,-67.5,6378.08935546875,13674.090433291767,415
-6705431.694838429,6612186.886439899,-59.999999999999986,6378.08935546875,13674.090433291767,415
-6705439.194838429,6612186.886439899,-52.5,6374.89501953125,13674.090433291767,415
-6705446.694838429,6612186.886439899,-44.99999999999999,6374.89501953125,13674.090433291767,415
-6705454.194838429,6612186.886439899,-37.5,6374.89501953125,13674.090433291767,415
-6705461.694838429,6612186.886439899,-29.999999999999993,6374.89501953125,13674.090433291767,415
-6705469.194838429,6612186.886439899,-22.499999999999986,6374.89501953125,13674.090433291767,415
-6705476.694838429,6612186.886439899,-14.999999999999996,6374.89501953125,13674.090433291767,415
-6705484.194838429,6612186.886439899,-7.49999999999999,6374.89501953125,13674.090433291767,415
-6705491.694838429,6612186.886439899,0.0,6374.89501953125,13674.090433291767,415
-6705499.194838429,6612186.886439899,7.500000000000007,6374.89501953125,13674.090433291767,415
-6705506.694838429,6612186.886439899,15.000000000000014,6374.89501953125,13674.090433291767,415
-6705514.194838429,6612186.886439899,22.50000000000002,6374.89501953125,13674.090433291767,415
-6705521.694838429,6612186.886439899,30.00000000000003,6374.89501953125,13674.090433291767,415
-6705529.194838429,6612186.886439899,37.5,6374.89501953125,13674.090433291767,415
-6705536.694838429,6612186.886439899,45.00000000000001,6374.89501953125,13674.090433291767,415
-6705544.194838429,6612186.886439899,52.500000000000014,6374.89501953125,13674.090433291767,415
-6705551.694838429,6612186.886439899,60.00000000000002,6375.51025390625,13674.090433291767,415
-6705559.194838429,6612186.886439899,67.50000000000003,6375.51025390625,13674.090433291767,415
-6705566.694838429,6612186.886439899,75.0,6375.51025390625,13674.090433291767,415
-6705574.194838429,6612186.886439899,82.5,6375.51025390625,13674.090433291767,415
-6705581.694838429,6612186.886439899,90.00000000000001,6375.51025390625,13674.090433291767,415
-6705589.194838429,6612186.886439899,97.50000000000001,6375.51025390625,13674.090433291767,415
-6705596.694838429,6612186.886439899,105.00000000000003,6375.51025390625,13674.090433291767,415
-6705604.194838429,6612186.886439899,112.5,6375.51025390625,13674.090433291767,415
-6705611.694838429,6612186.886439899,120.0,6375.51025390625,13674.090433291767,415
-6705619.194838429,6612186.886439899,127.50000000000001,6375.51025390625,13674.090433291767,415
-6705626.694838429,6612186.886439899,135.00000000000003,6375.51025390625,13674.090433291767,415
-6705634.194838429,6612186.886439899,142.50000000000003,6375.51025390625,13674.090433291767,415
-6705641.694838429,6612186.886439899,150.0,6375.51025390625,13674.090433291767,415
-6705525.037641846,6612741.655226699,-150.0,6372.7421875,14180.53822711739,415
-6705530.340942704,6612736.351925841,-142.5,6372.7421875,14180.53822711739,415
-6705535.6442435635,6612731.048624981,-135.0,6372.7421875,14180.53822711739,415
-6705540.947544422,6612725.745324122,-127.5,6372.7421875,14180.53822711739,415
-6705546.250845281,6612720.442023263,-120.0,6372.7421875,14180.53822711739,415
-6705551.55414614,6612715.138722405,-112.5,6372.65478515625,14180.53822711739,415
-6705556.857446999,6612709.835421545,-105.0,6372.65478515625,14180.53822711739,415
-6705562.160747858,6612704.532120686,-97.49999999999999,6372.65478515625,14180.53822711739,415
-6705567.464048717,6612699.228819828,-90.0,6372.65478515625,14180.53822711739,415
-6705572.767349576,6612693.925518969,-82.5,6372.65478515625,14180.53822711739,415
-6705578.070650434,6612688.62221811,-75.0,6372.65478515625,14180.53822711739,415
-6705583.3739512935,6612683.31891725,-67.5,6372.65478515625,14180.53822711739,415
-6705588.677252152,6612678.015616392,-59.999999999999986,6372.65478515625,14180.53822711739,415
-6705593.980553011,6612672.712315533,-52.5,6372.65478515625,14180.53822711739,415
-6705599.28385387,6612667.409014674,-44.99999999999999,6372.65478515625,14180.53822711739,415
-6705604.587154729,6612662.1057138145,-37.5,6372.26171875,14180.53822711739,415
-6705609.890455588,6612656.802412956,-29.999999999999993,6372.26171875,14180.53822711739,415
-6705615.193756447,6612651.499112098,-22.499999999999986,6372.26171875,14180.53822711739,415
-6705620.497057306,6612646.195811238,-14.999999999999996,6372.26171875,14180.53822711739,415
-6705625.800358165,6612640.892510379,-7.49999999999999,6372.26171875,14180.53822711739,415
-6705631.1036590235,6612635.58920952,0.0,6372.26171875,14180.53822711739,415
-6705636.406959882,6612630.285908662,7.500000000000007,6372.26171875,14180.53822711739,415
-6705641.710260741,6612624.982607802,15.000000000000014,6372.26171875,14180.53822711739,415
-6705647.0135616,6612619.679306943,22.50000000000002,6372.26171875,14180.53822711739,415
-6705652.316862459,6612614.3760060845,30.00000000000003,6372.26171875,14180.53822711739,415
-6705657.620163318,6612609.072705226,37.5,6372.26171875,14180.53822711739,415
-6705662.923464177,6612603.769404367,45.00000000000001,6373.36181640625,14180.53822711739,415
-6705668.226765036,6612598.466103507,52.500000000000014,6373.36181640625,14180.53822711739,415
-6705673.530065895,6612593.162802649,60.00000000000002,6373.36181640625,14180.53822711739,415
-6705678.8333667535,6612587.85950179,67.50000000000003,6373.36181640625,14180.53822711739,415
-6705684.136667613,6612582.556200931,75.0,6373.36181640625,14180.53822711739,415
-6705689.439968471,6612577.252900071,82.5,6373.36181640625,14180.53822711739,415
-6705694.74326933,6612571.949599213,90.00000000000001,6373.36181640625,14180.53822711739,415
-6705700.046570189,6612566.6462983545,97.50000000000001,6373.36181640625,14180.53822711739,415
-6705705.349871048,6612561.342997495,105.00000000000003,6373.36181640625,14180.53822711739,415
-6705710.653171907,6612556.039696636,112.5,6373.36181640625,14180.53822711739,415
-6705715.956472766,6612550.736395777,120.0,6374.44970703125,14180.53822711739,415
-6705721.259773625,6612545.433094919,127.50000000000001,6374.44970703125,14180.53822711739,415
-6705726.563074484,6612540.129794059,135.00000000000003,6374.44970703125,14180.53822711739,415
-6705731.866375343,6612534.8264932,142.50000000000003,6374.44970703125,14180.53822711739,415
-6705737.169676201,6612529.523192341,150.0,6374.44970703125,14180.53822711739,415
-6705341.694838429,6613013.1721039545,-150.0,6370.06640625,14686.98602094301,415
-6705349.194838429,6613013.1721039545,-142.5,6370.06640625,14686.98602094301,415
-6705356.694838429,6613013.1721039545,-135.0,6370.06640625,14686.98602094301,415
-6705364.194838429,6613013.1721039545,-127.5,6370.06640625,14686.98602094301,415
-6705371.694838429,6613013.1721039545,-120.0,6370.06640625,14686.98602094301,415
-6705379.194838429,6613013.1721039545,-112.5,6370.06640625,14686.98602094301,415
-6705386.694838429,6613013.1721039545,-105.0,6370.06640625,14686.98602094301,415
-6705394.194838429,6613013.1721039545,-97.49999999999999,6370.06640625,14686.98602094301,415
-6705401.694838429,6613013.1721039545,-90.0,6370.06640625,14686.98602094301,415
-6705409.194838429,6613013.1721039545,-82.5,6370.06640625,14686.98602094301,415
-6705416.694838429,6613013.1721039545,-75.0,6370.06640625,14686.98602094301,415
-6705424.194838429,6613013.1721039545,-67.5,6370.06640625,14686.98602094301,415
-6705431.694838429,6613013.1721039545,-59.999999999999986,6370.06640625,14686.98602094301,415
-6705439.194838429,6613013.1721039545,-52.5,6367.10791015625,14686.98602094301,415
-6705446.694838429,6613013.1721039545,-44.99999999999999,6367.10791015625,14686.98602094301,415
-6705454.194838429,6613013.1721039545,-37.5,6367.10791015625,14686.98602094301,415
-6705461.694838429,6613013.1721039545,-29.999999999999993,6367.10791015625,14686.98602094301,415
-6705469.194838429,6613013.1721039545,-22.499999999999986,6367.10791015625,14686.98602094301,415
-6705476.694838429,6613013.1721039545,-14.999999999999996,6367.10791015625,14686.98602094301,415
-6705484.194838429,6613013.1721039545,-7.49999999999999,6367.10791015625,14686.98602094301,415
-6705491.694838429,6613013.1721039545,0.0,6367.10791015625,14686.98602094301,415
-6705499.194838429,6613013.1721039545,7.500000000000007,6367.10791015625,14686.98602094301,415
-6705506.694838429,6613013.1721039545,15.000000000000014,6367.10791015625,14686.98602094301,415
-6705514.194838429,6613013.1721039545,22.50000000000002,6367.10791015625,14686.98602094301,415
-6705521.694838429,6613013.1721039545,30.00000000000003,6367.10791015625,14686.98602094301,415
-6705529.194838429,6613013.1721039545,37.5,6367.10791015625,14686.98602094301,415
-6705536.694838429,6613013.1721039545,45.00000000000001,6367.10791015625,14686.98602094301,415
-6705544.194838429,6613013.1721039545,52.500000000000014,6367.10791015625,14686.98602094301,415
-6705551.694838429,6613013.1721039545,60.00000000000002,6370.3291015625,14686.98602094301,415
-6705559.194838429,6613013.1721039545,67.50000000000003,6370.3291015625,14686.98602094301,415
-6705566.694838429,6613013.1721039545,75.0,6370.3291015625,14686.98602094301,415
-6705574.194838429,6613013.1721039545,82.5,6370.3291015625,14686.98602094301,415
-6705581.694838429,6613013.1721039545,90.00000000000001,6370.3291015625,14686.98602094301,415
-6705589.194838429,6613013.1721039545,97.50000000000001,6370.3291015625,14686.98602094301,415
-6705596.694838429,6613013.1721039545,105.00000000000003,6370.3291015625,14686.98602094301,415
-6705604.194838429,6613013.1721039545,112.5,6370.3291015625,14686.98602094301,415
-6705611.694838429,6613013.1721039545,120.0,6370.3291015625,14686.98602094301,415
-6705619.194838429,6613013.1721039545,127.50000000000001,6370.3291015625,14686.98602094301,415
-6705626.694838429,6613013.1721039545,135.00000000000003,6370.3291015625,14686.98602094301,415
-6705634.194838429,6613013.1721039545,142.50000000000003,6370.3291015625,14686.98602094301,415
-6705641.694838429,6613013.1721039545,150.0,6370.3291015625,14686.98602094301,415
-6705272.283671269,6613078.298656348,-150.0,6368.833984375,15193.43381476863,415
-6705266.980370411,6613083.601957207,-142.5,6368.833984375,15193.43381476863,415
-6705261.677069551,6613088.905258066,-135.0,6368.833984375,15193.43381476863,415
-6705256.373768693,6613094.2085589245,-127.5,6368.833984375,15193.43381476863,415
-6705251.070467833,6613099.511859784,-120.0,6368.833984375,15193.43381476863,415
-6705245.767166975,6613104.815160642,-112.5,6368.833984375,15193.43381476863,415
-6705240.463866116,6613110.118461502,-105.0,6368.833984375,15193.43381476863,415
-6705235.160565257,6613115.42176236,-97.49999999999999,6368.833984375,15193.43381476863,415
-6705229.857264398,6613120.72506322,-90.0,6369.10888671875,15193.43381476863,415
-6705224.553963539,6613126.028364078,-82.5,6369.10888671875,15193.43381476863,415
-6705219.250662681,6613131.331664937,-75.0,6369.10888671875,15193.43381476863,415
-6705213.947361821,6613136.634965796,-67.5,6369.10888671875,15193.43381476863,415
-6705208.644060963,6613141.9382666545,-59.999999999999986,6366.66943359375,15193.43381476863,415
-6705203.340760103,6613147.241567514,-52.5,6366.66943359375,15193.43381476863,415
-6705198.037459245,6613152.544868372,-44.99999999999999,6366.66943359375,15193.43381476863,415
-6705192.734158386,6613157.848169232,-37.5,6366.66943359375,15193.43381476863,415
-6705187.430857527,6613163.15147009,-29.999999999999993,6366.66943359375,15193.43381476863,415
-6705182.127556668,6613168.45477095,-22.499999999999986,6366.66943359375,15193.43381476863,415
-6705176.824255809,6613173.758071808,-14.999999999999996,6366.66943359375,15193.43381476863,415
-6705171.52095495,6613179.061372668,-7.49999999999999,6366.66943359375,15193.43381476863,415
-6705166.217654091,6613184.364673526,0.0,6366.66943359375,15193.43381476863,415
-6705160.914353233,6613189.6679743845,7.500000000000007,6366.66943359375,15193.43381476863,415
-6705155.611052373,6613194.971275244,15.000000000000014,6366.66943359375,15193.43381476863,415
-6705150.307751515,6613200.274576102,22.50000000000002,6366.66943359375,15193.43381476863,415
-6705145.004450656,6613205.577876962,30.00000000000003,6366.66943359375,15193.43381476863,415
-6705139.701149797,6613210.88117782,37.5,6366.66943359375,15193.43381476863,415
-6705134.397848938,6613216.18447868,45.00000000000001,6366.66943359375,15193.43381476863,415
-6705129.094548079,6613221.487779538,52.500000000000014,6366.66943359375,15193.43381476863,415
-6705123.79124722,6613226.791080398,60.00000000000002,6366.66943359375,15193.43381476863,415
-6705118.487946361,6613232.094381256,67.50000000000003,6367.22802734375,15193.43381476863,415
-6705113.184645502,6613237.397682115,75.0,6367.22802734375,15193.43381476863,415
-6705107.881344643,6613242.700982974,82.5,6367.22802734375,15193.43381476863,415
-6705102.578043785,6613248.004283832,90.00000000000001,6367.22802734375,15193.43381476863,415
-6705097.274742926,6613253.307584692,97.50000000000001,6364.21435546875,15193.43381476863,415
-6705091.971442067,6613258.61088555,105.00000000000003,6364.21435546875,15193.43381476863,415
-6705086.668141208,6613263.91418641,112.5,6364.21435546875,15193.43381476863,415
-6705081.364840349,6613269.217487268,120.0,6364.21435546875,15193.43381476863,415
-6705076.06153949,6613274.520788128,127.50000000000001,6364.21435546875,15193.43381476863,415
-6705070.758238631,6613279.824088986,135.00000000000003,6364.21435546875,15193.43381476863,415
-6705065.454937772,6613285.127389845,142.50000000000003,6364.21435546875,15193.43381476863,415
-6705060.151636913,6613290.430690704,150.0,6364.21435546875,15193.43381476863,415
-6704891.178630012,6613614.199663802,-150.0,6360.978515625,15699.881608594253,415
-6704898.678630012,6613614.199663802,-142.5,6360.978515625,15699.881608594253,415
-6704906.178630012,6613614.199663802,-135.0,6360.978515625,15699.881608594253,415
-6704913.678630012,6613614.199663802,-127.5,6360.978515625,15699.881608594253,415
-6704921.178630012,6613614.199663802,-120.0,6360.978515625,15699.881608594253,415
-6704928.678630012,6613614.199663802,-112.5,6360.978515625,15699.881608594253,415
-6704936.178630012,6613614.199663802,-105.0,6360.978515625,15699.881608594253,415
-6704943.678630012,6613614.199663802,-97.49999999999999,6360.978515625,15699.881608594253,415
-6704951.178630012,6613614.199663802,-90.0,6360.978515625,15699.881608594253,415
-6704958.678630012,6613614.199663802,-82.5,6360.978515625,15699.881608594253,415
-6704966.178630012,6613614.199663802,-75.0,6360.978515625,15699.881608594253,415
-6704973.678630012,6613614.199663802,-67.5,6360.978515625,15699.881608594253,415
-6704981.178630012,6613614.199663802,-59.999999999999986,6360.978515625,15699.881608594253,415
-6704988.678630012,6613614.199663802,-52.5,6365.01708984375,15699.881608594253,415
-6704996.178630012,6613614.199663802,-44.99999999999999,6365.01708984375,15699.881608594253,415
-6705003.678630012,6613614.199663802,-37.5,6365.01708984375,15699.881608594253,415
-6705011.178630012,6613614.199663802,-29.999999999999993,6365.01708984375,15699.881608594253,415
-6705018.678630012,6613614.199663802,-22.499999999999986,6365.01708984375,15699.881608594253,415
-6705026.178630012,6613614.199663802,-14.999999999999996,6365.01708984375,15699.881608594253,415
-6705033.678630012,6613614.199663802,-7.49999999999999,6365.01708984375,15699.881608594253,415
-6705041.178630012,6613614.199663802,0.0,6365.01708984375,15699.881608594253,415
-6705048.678630012,6613614.199663802,7.500000000000007,6365.01708984375,15699.881608594253,415
-6705056.178630012,6613614.199663802,15.000000000000014,6365.01708984375,15699.881608594253,415
-6705063.678630012,6613614.199663802,22.50000000000002,6365.01708984375,15699.881608594253,415
-6705071.178630012,6613614.199663802,30.00000000000003,6365.01708984375,15699.881608594253,415
-6705078.678630012,6613614.199663802,37.5,6365.01708984375,15699.881608594253,415
-6705086.178630012,6613614.199663802,45.00000000000001,6365.01708984375,15699.881608594253,415
-6705093.678630012,6613614.199663802,52.500000000000014,6365.01708984375,15699.881608594253,415
-6705101.178630012,6613614.199663802,60.00000000000002,6366.2275390625,15699.881608594253,415
-6705108.678630012,6613614.199663802,67.50000000000003,6366.2275390625,15699.881608594253,415
-6705116.178630012,6613614.199663802,75.0,6366.2275390625,15699.881608594253,415
-6705123.678630012,6613614.199663802,82.5,6366.2275390625,15699.881608594253,415
-6705131.178630012,6613614.199663802,90.00000000000001,6366.2275390625,15699.881608594253,415
-6705138.678630012,6613614.199663802,97.50000000000001,6366.2275390625,15699.881608594253,415
-6705146.178630012,6613614.199663802,105.00000000000003,6366.2275390625,15699.881608594253,415
-6705153.678630012,6613614.199663802,112.5,6366.2275390625,15699.881608594253,415
-6705161.178630012,6613614.199663802,120.0,6366.2275390625,15699.881608594253,415
-6705168.678630012,6613614.199663802,127.50000000000001,6366.2275390625,15699.881608594253,415
-6705176.178630012,6613614.199663802,135.00000000000003,6366.2275390625,15699.881608594253,415
-6705183.678630012,6613614.199663802,142.50000000000003,6366.2275390625,15699.881608594253,415
-6705191.178630012,6613614.199663802,150.0,6366.2275390625,15699.881608594253,415
-6705116.436734221,6614027.34249583,-150.0,6364.11376953125,16206.329402419873,415
-6705123.936734221,6614027.34249583,-142.5,6364.11376953125,16206.329402419873,415
-6705131.436734221,6614027.34249583,-135.0,6364.11376953125,16206.329402419873,415
-6705138.936734221,6614027.34249583,-127.5,6364.11376953125,16206.329402419873,415
-6705146.436734221,6614027.34249583,-120.0,6364.11376953125,16206.329402419873,415
-6705153.936734221,6614027.34249583,-112.5,6364.11376953125,16206.329402419873,415
-6705161.436734221,6614027.34249583,-105.0,6364.11376953125,16206.329402419873,415
-6705168.936734221,6614027.34249583,-97.49999999999999,6364.11376953125,16206.329402419873,415
-6705176.436734221,6614027.34249583,-90.0,6364.11376953125,16206.329402419873,415
-6705183.936734221,6614027.34249583,-82.5,6364.11376953125,16206.329402419873,415
-6705191.436734221,6614027.34249583,-75.0,6364.11376953125,16206.329402419873,415
-6705198.936734221,6614027.34249583,-67.5,6364.11376953125,16206.329402419873,415
-6705206.436734221,6614027.34249583,-59.999999999999986,6364.11376953125,16206.329402419873,415
-6705213.936734221,6614027.34249583,-52.5,6361.728515625,16206.329402419873,415
-6705221.436734221,6614027.34249583,-44.99999999999999,6361.728515625,16206.329402419873,415
-6705228.936734221,6614027.34249583,-37.5,6361.728515625,16206.329402419873,415
-6705236.436734221,6614027.34249583,-29.999999999999993,6361.728515625,16206.329402419873,415
-6705243.936734221,6614027.34249583,-22.499999999999986,6361.728515625,16206.329402419873,415
-6705251.436734221,6614027.34249583,-14.999999999999996,6361.728515625,16206.329402419873,415
-6705258.936734221,6614027.34249583,-7.49999999999999,6361.728515625,16206.329402419873,415
-6705266.436734221,6614027.34249583,0.0,6361.728515625,16206.329402419873,415
-6705273.936734221,6614027.34249583,7.500000000000007,6361.728515625,16206.329402419873,415
-6705281.436734221,6614027.34249583,15.000000000000014,6361.728515625,16206.329402419873,415
-6705288.936734221,6614027.34249583,22.50000000000002,6361.728515625,16206.329402419873,415
-6705296.436734221,6614027.34249583,30.00000000000003,6361.728515625,16206.329402419873,415
-6705303.936734221,6614027.34249583,37.5,6361.728515625,16206.329402419873,415
-6705311.436734221,6614027.34249583,45.00000000000001,6361.728515625,16206.329402419873,415
-6705318.936734221,6614027.34249583,52.500000000000014,6361.728515625,16206.329402419873,415
-6705326.436734221,6614027.34249583,60.00000000000002,6363.0,16206.329402419873,415
-6705333.936734221,6614027.34249583,67.50000000000003,6363.0,16206.329402419873,415
-6705341.436734221,6614027.34249583,75.0,6363.0,16206.329402419873,415
-6705348.936734221,6614027.34249583,82.5,6363.0,16206.329402419873,415
-6705356.436734221,6614027.34249583,90.00000000000001,6363.0,16206.329402419873,415
-6705363.936734221,6614027.34249583,97.50000000000001,6363.0,16206.329402419873,415
-6705371.436734221,6614027.34249583,105.00000000000003,6363.0,16206.329402419873,415
-6705378.936734221,6614027.34249583,112.5,6363.0,16206.329402419873,415
-6705386.436734221,6614027.34249583,120.0,6363.0,16206.329402419873,415
-6705393.936734221,6614027.34249583,127.50000000000001,6363.0,16206.329402419873,415
-6705401.436734221,6614027.34249583,135.00000000000003,6363.0,16206.329402419873,415
-6705408.936734221,6614027.34249583,142.50000000000003,6363.0,16206.329402419873,415
-6705416.436734221,6614027.34249583,150.0,6363.0,16206.329402419873,415
-6705073.45596935,6614391.723005213,-150.0,6370.86083984375,16712.777196245494,415
-6705078.759270209,6614397.026306071,-142.5,6370.86083984375,16712.777196245494,415
-6705084.062571068,6614402.329606931,-135.0,6370.86083984375,16712.777196245494,415
-6705089.365871927,6614407.632907789,-127.5,6370.86083984375,16712.777196245494,415
-6705094.669172786,6614412.936208649,-120.0,6370.86083984375,16712.777196245494,415
-6705099.972473645,6614418.239509507,-112.5,6364.1787109375,16712.777196245494,415
-6705105.275774504,6614423.5428103665,-105.0,6364.1787109375,16712.777196245494,415
-6705110.5790753625,6614428.846111225,-97.49999999999999,6364.1787109375,16712.777196245494,415
-6705115.882376222,6614434.149412084,-90.0,6364.1787109375,16712.777196245494,415
-6705121.18567708,6614439.452712943,-82.5,6364.1787109375,16712.777196245494,415
-6705126.488977939,6614444.756013801,-75.0,6364.1787109375,16712.777196245494,415
-6705131.792278798,6614450.059314661,-67.5,6364.1787109375,16712.777196245494,415
-6705137.095579657,6614455.362615519,-59.999999999999986,6364.1787109375,16712.777196245494,415
-6705142.398880516,6614460.665916379,-52.5,6364.1787109375,16712.777196245494,415
-6705147.702181375,6614465.969217237,-44.99999999999999,6364.1787109375,16712.777196245494,415
-6705153.005482234,6614471.2725180965,-37.5,6362.7578125,16712.777196245494,415
-6705158.308783093,6614476.575818955,-29.999999999999993,6362.7578125,16712.777196245494,415
-6705163.612083952,6614481.879119814,-22.499999999999986,6362.7578125,16712.777196245494,415
-6705168.91538481,6614487.182420673,-14.999999999999996,6362.7578125,16712.777196245494,415
-6705174.21868567,6614492.485721532,-7.49999999999999,6362.7578125,16712.777196245494,415
-6705179.521986528,6614497.789022391,0.0,6362.7578125,16712.777196245494,415
-6705184.825287387,6614503.092323249,7.500000000000007,6362.7578125,16712.777196245494,415
-6705190.128588246,6614508.395624109,15.000000000000014,6362.7578125,16712.777196245494,415
-6705195.431889105,6614513.698924967,22.50000000000002,6362.7578125,16712.777196245494,415
-6705200.735189964,6614519.0022258265,30.00000000000003,6362.7578125,16712.777196245494,415
-6705206.038490823,6614524.305526685,37.5,6362.7578125,16712.777196245494,415
-6705211.341791682,6614529.608827544,45.00000000000001,6363.13671875,16712.777196245494,415
-6705216.64509254,6614534.912128403,52.500000000000014,6363.13671875,16712.777196245494,415
-6705221.9483934,6614540.215429262,60.00000000000002,6363.13671875,16712.777196245494,415
-6705227.251694258,6614545.518730121,67.50000000000003,6363.13671875,16712.777196245494,415
-6705232.554995118,6614550.82203098,75.0,6363.13671875,16712.777196245494,415
-6705237.858295976,6614556.125331839,82.5,6363.13671875,16712.777196245494,415
-6705243.161596835,6614561.428632697,90.00000000000001,6363.13671875,16712.777196245494,415
-6705248.464897694,6614566.7319335565,97.50000000000001,6363.13671875,16712.777196245494,415
-6705253.768198553,6614572.035234415,105.00000000000003,6363.13671875,16712.777196245494,415
-6705259.071499412,6614577.338535274,112.5,6363.13671875,16712.777196245494,415
-6705264.37480027,6614582.641836133,120.0,6366.1015625,16712.777196245494,415
-6705269.67810113,6614587.945136992,127.50000000000001,6366.1015625,16712.777196245494,415
-6705274.981401988,6614593.248437851,135.00000000000003,6366.1015625,16712.777196245494,415
-6705280.284702848,6614598.55173871,142.50000000000003,6366.1015625,16712.777196245494,415
-6705285.588003706,6614603.855039569,150.0,6366.1015625,16712.777196245494,415
-6704874.624833022,6614815.812245749,-150.0,6358.4755859375,17219.224990071114,415
-6704879.928133881,6614821.115546608,-142.5,6358.4755859375,17219.224990071114,415
-6704885.23143474,6614826.418847467,-135.0,6358.4755859375,17219.224990071114,415
-6704890.534735599,6614831.722148325,-127.5,6358.4755859375,17219.224990071114,415
-6704895.838036458,6614837.025449185,-120.0,6358.4755859375,17219.224990071114,415
-6704901.1413373165,6614842.328750044,-112.5,6358.4755859375,17219.224990071114,415
-6704906.444638176,6614847.632050903,-105.0,6358.4755859375,17219.224990071114,415
-6704911.747939034,6614852.935351761,-97.49999999999999,6358.4755859375,17219.224990071114,415
-6704917.051239894,6614858.23865262,-90.0,6358.4755859375,17219.224990071114,415
-6704922.354540752,6614863.54195348,-82.5,6358.4755859375,17219.224990071114,415
-6704927.657841612,6614868.845254338,-75.0,6358.4755859375,17219.224990071114,415
-6704932.96114247,6614874.148555197,-67.5,6358.4755859375,17219.224990071114,415
-6704938.264443329,6614879.451856056,-59.999999999999986,6358.4755859375,17219.224990071114,415
-6704943.567744188,6614884.755156916,-52.5,6358.4755859375,17219.224990071114,415
-6704948.8710450465,6614890.058457774,-44.99999999999999,6358.4755859375,17219.224990071114,415
-6704954.174345906,6614895.361758633,-37.5,6358.4755859375,17219.224990071114,415
-6704959.477646764,6614900.665059492,-29.999999999999993,6358.4755859375,17219.224990071114,415
-6704964.780947624,6614905.968360351,-22.499999999999986,6358.4755859375,17219.224990071114,415
-6704970.084248482,6614911.27166121,-14.999999999999996,6358.4755859375,17219.224990071114,415
-6704975.387549342,6614916.574962068,-7.49999999999999,6358.4755859375,17219.224990071114,415
-6704980.6908502,6614921.878262928,0.0,6362.888671875,17219.224990071114,415
-6704985.994151059,6614927.181563787,7.500000000000007,6365.84912109375,17219.224990071114,415
-6704991.297451918,6614932.484864646,15.000000000000014,6365.84912109375,17219.224990071114,415
-6704996.6007527765,6614937.788165504,22.50000000000002,6365.84912109375,17219.224990071114,415
-6705001.904053636,6614943.0914663635,30.00000000000003,6365.84912109375,17219.224990071114,415
-6705007.207354494,6614948.394767223,37.5,6365.84912109375,17219.224990071114,415
-6705012.510655354,6614953.698068081,45.00000000000001,6365.84912109375,17219.224990071114,415
-6705017.813956212,6614959.00136894,52.500000000000014,6365.84912109375,17219.224990071114,415
-6705023.117257072,6614964.304669799,60.00000000000002,6365.84912109375,17219.224990071114,415
-6705028.42055793,6614969.607970659,67.50000000000003,6365.84912109375,17219.224990071114,415
-6705033.723858789,6614974.911271517,75.0,6365.84912109375,17219.224990071114,415
-6705039.027159648,6614980.214572376,82.5,6365.84912109375,17219.224990071114,415
-6705044.3304605065,6614985.517873235,90.00000000000001,6365.84912109375,17219.224990071114,415
-6705049.633761366,6614990.821174094,97.50000000000001,6365.84912109375,17219.224990071114,415
-6705054.937062224,6614996.124474953,105.00000000000003,6365.84912109375,17219.224990071114,415
-6705060.240363084,6615001.427775811,112.5,6365.84912109375,17219.224990071114,415
-6705065.543663942,6615006.731076671,120.0,6365.84912109375,17219.224990071114,415
-6705070.846964802,6615012.03437753,127.50000000000001,6365.84912109375,17219.224990071114,415
-6705076.15026566,6615017.337678389,135.00000000000003,6365.84912109375,17219.224990071114,415
-6705081.45356652,6615022.640979247,142.50000000000003,6365.84912109375,17219.224990071114,415
-6705086.756867378,6615027.944280107,150.0,6365.84912109375,17219.224990071114,415
-6704891.178630012,6615360.075953711,-150.0,6365.212890625,17725.672783896734,415
-6704898.678630012,6615360.075953711,-142.5,6365.212890625,17725.672783896734,415
-6704906.178630012,6615360.075953711,-135.0,6365.212890625,17725.672783896734,415
-6704913.678630012,6615360.075953711,-127.5,6365.212890625,17725.672783896734,415
-6704921.178630012,6615360.075953711,-120.0,6365.212890625,17725.672783896734,415
-6704928.678630012,6615360.075953711,-112.5,6365.212890625,17725.672783896734,415
-6704936.178630012,6615360.075953711,-105.0,6365.212890625,17725.672783896734,415
-6704943.678630012,6615360.075953711,-97.49999999999999,6365.212890625,17725.672783896734,415
-6704951.178630012,6615360.075953711,-90.0,6365.212890625,17725.672783896734,415
-6704958.678630012,6615360.075953711,-82.5,6365.212890625,17725.672783896734,415
-6704966.178630012,6615360.075953711,-75.0,6365.212890625,17725.672783896734,415
-6704973.678630012,6615360.075953711,-67.5,6365.212890625,17725.672783896734,415
-6704981.178630012,6615360.075953711,-59.999999999999986,6365.212890625,17725.672783896734,415
-6704988.678630012,6615360.075953711,-52.5,6350.501953125,17725.672783896734,415
-6704996.178630012,6615360.075953711,-44.99999999999999,6350.501953125,17725.672783896734,415
-6705003.678630012,6615360.075953711,-37.5,6350.501953125,17725.672783896734,415
-6705011.178630012,6615360.075953711,-29.999999999999993,6350.501953125,17725.672783896734,415
-6705018.678630012,6615360.075953711,-22.499999999999986,6350.501953125,17725.672783896734,415
-6705026.178630012,6615360.075953711,-14.999999999999996,6350.501953125,17725.672783896734,415
-6705033.678630012,6615360.075953711,-7.49999999999999,6350.501953125,17725.672783896734,415
-6705041.178630012,6615360.075953711,0.0,6350.501953125,17725.672783896734,415
-6705048.678630012,6615360.075953711,7.500000000000007,6350.501953125,17725.672783896734,415
-6705056.178630012,6615360.075953711,15.000000000000014,6350.501953125,17725.672783896734,415
-6705063.678630012,6615360.075953711,22.50000000000002,6350.501953125,17725.672783896734,415
-6705071.178630012,6615360.075953711,30.00000000000003,6350.501953125,17725.672783896734,415
-6705078.678630012,6615360.075953711,37.5,6350.501953125,17725.672783896734,415
-6705086.178630012,6615360.075953711,45.00000000000001,6350.501953125,17725.672783896734,415
-6705093.678630012,6615360.075953711,52.500000000000014,6350.501953125,17725.672783896734,415
-6705101.178630012,6615360.075953711,60.00000000000002,6360.1240234375,17725.672783896734,415
-6705108.678630012,6615360.075953711,67.50000000000003,6360.1240234375,17725.672783896734,415
-6705116.178630012,6615360.075953711,75.0,6360.1240234375,17725.672783896734,415
-6705123.678630012,6615360.075953711,82.5,6360.1240234375,17725.672783896734,415
-6705131.178630012,6615360.075953711,90.00000000000001,6360.1240234375,17725.672783896734,415
-6705138.678630012,6615360.075953711,97.50000000000001,6360.1240234375,17725.672783896734,415
-6705146.178630012,6615360.075953711,105.00000000000003,6360.1240234375,17725.672783896734,415
-6705153.678630012,6615360.075953711,112.5,6360.1240234375,17725.672783896734,415
-6705161.178630012,6615360.075953711,120.0,6360.1240234375,17725.672783896734,415
-6705168.678630012,6615360.075953711,127.50000000000001,6360.1240234375,17725.672783896734,415
-6705176.178630012,6615360.075953711,135.00000000000003,6360.1240234375,17725.672783896734,415
-6705183.678630012,6615360.075953711,142.50000000000003,6360.1240234375,17725.672783896734,415
-6705191.178630012,6615360.075953711,150.0,6360.1240234375,17725.672783896734,415
-6705008.723028091,6615942.099332384,-150.0,6346.77685546875,18232.12057772236,415
-6705014.026328949,6615936.796031525,-142.5,6346.77685546875,18232.12057772236,415
-6705019.329629809,6615931.492730666,-135.0,6346.77685546875,18232.12057772236,415
-6705024.632930667,6615926.1894298075,-127.5,6351.2841796875,18232.12057772236,415
-6705029.936231527,6615920.886128948,-120.0,6351.2841796875,18232.12057772236,415
-6705035.239532385,6615915.58282809,-112.5,6351.2841796875,18232.12057772236,415
-6705040.542833244,6615910.27952723,-105.0,6351.2841796875,18232.12057772236,415
-6705045.846134103,6615904.976226372,-97.49999999999999,6351.2841796875,18232.12057772236,415
-6705051.149434962,6615899.672925512,-90.0,6351.2841796875,18232.12057772236,415
-6705056.452735821,6615894.369624654,-82.5,6351.2841796875,18232.12057772236,415
-6705061.75603668,6615889.066323794,-75.0,6351.2841796875,18232.12057772236,415
-6705067.059337539,6615883.763022936,-67.5,6351.2841796875,18232.12057772236,415
-6705072.362638397,6615878.4597220775,-59.999999999999986,6351.2841796875,18232.12057772236,415
-6705077.665939257,6615873.156421218,-52.5,6351.2841796875,18232.12057772236,415
-6705082.969240115,6615867.85312036,-44.99999999999999,6351.2841796875,18232.12057772236,415
-6705088.272540974,6615862.5498195,-37.5,6351.2841796875,18232.12057772236,415
-6705093.575841833,6615857.246518642,-29.999999999999993,6351.2841796875,18232.12057772236,415
-6705098.879142692,6615851.943217782,-22.499999999999986,6346.52978515625,18232.12057772236,415
-6705104.182443551,6615846.639916924,-14.999999999999996,6346.52978515625,18232.12057772236,415
-6705109.48574441,6615841.336616064,-7.49999999999999,6346.52978515625,18232.12057772236,415
-6705114.789045269,6615836.033315206,0.0,6346.52978515625,18232.12057772236,415
-6705120.092346127,6615830.7300143475,7.500000000000007,6346.52978515625,18232.12057772236,415
-6705125.395646987,6615825.426713488,15.000000000000014,6346.52978515625,18232.12057772236,415
-6705130.698947845,6615820.12341263,22.50000000000002,6346.52978515625,18232.12057772236,415
-6705136.002248704,6615814.82011177,30.00000000000003,6354.3046875,18232.12057772236,415
-6705141.305549563,6615809.516810912,37.5,6354.3046875,18232.12057772236,415
-6705146.608850422,6615804.213510052,45.00000000000001,6354.3046875,18232.12057772236,415
-6705151.912151281,6615798.910209194,52.500000000000014,6354.3046875,18232.12057772236,415
-6705157.21545214,6615793.606908334,60.00000000000002,6354.3046875,18232.12057772236,415
-6705162.518752999,6615788.303607476,67.50000000000003,6354.3046875,18232.12057772236,415
-6705167.822053857,6615783.0003066175,75.0,6354.3046875,18232.12057772236,415
-6705173.125354717,6615777.697005758,82.5,6354.3046875,18232.12057772236,415
-6705178.428655575,6615772.3937049,90.00000000000001,6354.3046875,18232.12057772236,415
-6705183.731956434,6615767.09040404,97.50000000000001,6354.3046875,18232.12057772236,415
-6705189.035257293,6615761.787103182,105.00000000000003,6354.3046875,18232.12057772236,415
-6705194.338558152,6615756.483802322,112.5,6354.3046875,18232.12057772236,415
-6705199.641859011,6615751.180501464,120.0,6354.3046875,18232.12057772236,415
-6705204.94515987,6615745.877200604,127.50000000000001,6354.3046875,18232.12057772236,415
-6705210.248460729,6615740.573899746,135.00000000000003,6364.88427734375,18232.12057772236,415
-6705215.551761588,6615735.270598887,142.50000000000003,6364.88427734375,18232.12057772236,415
-6705220.855062447,6615729.967298028,150.0,6364.88427734375,18232.12057772236,415
-6705173.882672415,6616362.939108367,-150.0,6354.564453125,18738.56837154798,415
-6705173.882672415,6616355.439108367,-142.5,6354.564453125,18738.56837154798,415
-6705173.882672415,6616347.939108367,-135.0,6354.564453125,18738.56837154798,415
-6705173.882672415,6616340.439108367,-127.5,6354.564453125,18738.56837154798,415
-6705173.882672415,6616332.939108367,-120.0,6354.564453125,18738.56837154798,415
-6705173.882672415,6616325.439108367,-112.5,6354.564453125,18738.56837154798,415
-6705173.882672415,6616317.939108367,-105.0,6354.564453125,18738.56837154798,415
-6705173.882672415,6616310.439108367,-97.49999999999999,6354.564453125,18738.56837154798,415
-6705173.882672415,6616302.939108367,-90.0,6354.564453125,18738.56837154798,415
-6705173.882672415,6616295.439108367,-82.5,6354.564453125,18738.56837154798,415
-6705173.882672415,6616287.939108367,-75.0,6354.564453125,18738.56837154798,415
-6705173.882672415,6616280.439108367,-67.5,6354.564453125,18738.56837154798,415
-6705173.882672415,6616272.939108367,-59.999999999999986,6354.564453125,18738.56837154798,415
-6705173.882672415,6616265.439108367,-52.5,6343.82275390625,18738.56837154798,415
-6705173.882672415,6616257.939108367,-44.99999999999999,6343.82275390625,18738.56837154798,415
-6705173.882672415,6616250.439108367,-37.5,6343.82275390625,18738.56837154798,415
-6705173.882672415,6616242.939108367,-29.999999999999993,6343.82275390625,18738.56837154798,415
-6705173.882672415,6616235.439108367,-22.499999999999986,6343.82275390625,18738.56837154798,415
-6705173.882672415,6616227.939108367,-14.999999999999996,6343.82275390625,18738.56837154798,415
-6705173.882672415,6616220.439108367,-7.49999999999999,6343.82275390625,18738.56837154798,415
-6705173.882672415,6616212.939108367,0.0,6343.82275390625,18738.56837154798,415
-6705173.882672415,6616205.439108367,7.500000000000007,6343.82275390625,18738.56837154798,415
-6705173.882672415,6616197.939108367,15.000000000000014,6343.82275390625,18738.56837154798,415
-6705173.882672415,6616190.439108367,22.50000000000002,6343.82275390625,18738.56837154798,415
-6705173.882672415,6616182.939108367,30.00000000000003,6343.82275390625,18738.56837154798,415
-6705173.882672415,6616175.439108367,37.5,6343.82275390625,18738.56837154798,415
-6705173.882672415,6616167.939108367,45.00000000000001,6343.82275390625,18738.56837154798,415
-6705173.882672415,6616160.439108367,52.500000000000014,6343.82275390625,18738.56837154798,415
-6705173.882672415,6616152.939108367,60.00000000000002,6354.447265625,18738.56837154798,415
-6705173.882672415,6616145.439108367,67.50000000000003,6354.447265625,18738.56837154798,415
-6705173.882672415,6616137.939108367,75.0,6354.447265625,18738.56837154798,415
-6705173.882672415,6616130.439108367,82.5,6354.447265625,18738.56837154798,415
-6705173.882672415,6616122.939108367,90.00000000000001,6354.447265625,18738.56837154798,415
-6705173.882672415,6616115.439108367,97.50000000000001,6354.447265625,18738.56837154798,415
-6705173.882672415,6616107.939108367,105.00000000000003,6354.447265625,18738.56837154798,415
-6705173.882672415,6616100.439108367,112.5,6354.447265625,18738.56837154798,415
-6705173.882672415,6616092.939108367,120.0,6354.447265625,18738.56837154798,415
-6705173.882672415,6616085.439108367,127.50000000000001,6354.447265625,18738.56837154798,415
-6705173.882672415,6616077.939108367,135.00000000000003,6354.447265625,18738.56837154798,415
-6705173.882672415,6616070.439108367,142.50000000000003,6354.447265625,18738.56837154798,415
-6705173.882672415,6616062.939108367,150.0,6354.447265625,18738.56837154798,415
-6705364.872341756,6616352.887674892,-150.0,6344.8427734375,19245.0161653736,415
-6705370.175642614,6616358.190975751,-142.5,6344.8427734375,19245.0161653736,415
-6705375.478943474,6616363.49427661,-135.0,6344.8427734375,19245.0161653736,415
-6705380.782244332,6616368.797577469,-127.5,6344.8427734375,19245.0161653736,415
-6705386.085545192,6616374.100878328,-120.0,6344.8427734375,19245.0161653736,415
-6705391.38884605,6616379.404179187,-112.5,6344.8427734375,19245.0161653736,415
-6705396.692146909,6616384.707480046,-105.0,6342.71826171875,19245.0161653736,415
-6705401.995447768,6616390.010780904,-97.49999999999999,6342.71826171875,19245.0161653736,415
-6705407.298748627,6616395.314081764,-90.0,6342.71826171875,19245.0161653736,415
-6705412.602049486,6616400.617382622,-82.5,6342.71826171875,19245.0161653736,415
-6705417.905350344,6616405.920683481,-75.0,6342.71826171875,19245.0161653736,415
-6705423.208651204,6616411.22398434,-67.5,6342.71826171875,19245.0161653736,415
-6705428.511952062,6616416.527285199,-59.999999999999986,6342.71826171875,19245.0161653736,415
-6705433.815252922,6616421.830586058,-52.5,6342.71826171875,19245.0161653736,415
-6705439.11855378,6616427.133886917,-44.99999999999999,6341.43017578125,19245.0161653736,415
-6705444.421854639,6616432.437187776,-37.5,6341.43017578125,19245.0161653736,415
-6705449.725155498,6616437.740488634,-29.999999999999993,6341.43017578125,19245.0161653736,415
-6705455.028456357,6616443.043789494,-22.499999999999986,6341.43017578125,19245.0161653736,415
-6705460.331757216,6616448.347090352,-14.999999999999996,6341.43017578125,19245.0161653736,415
-6705465.635058075,6616453.650391212,-7.49999999999999,6341.43017578125,19245.0161653736,415
-6705470.938358934,6616458.95369207,0.0,6341.43017578125,19245.0161653736,415
-6705476.241659792,6616464.256992929,7.500000000000007,6341.43017578125,19245.0161653736,415
-6705481.544960652,6616469.560293788,15.000000000000014,6341.43017578125,19245.0161653736,415
-6705486.84826151,6616474.863594647,22.50000000000002,6341.43017578125,19245.0161653736,415
-6705492.151562369,6616480.166895506,30.00000000000003,6341.43017578125,19245.0161653736,415
-6705497.454863228,6616485.470196364,37.5,6341.43017578125,19245.0161653736,415
-6705502.758164087,6616490.773497224,45.00000000000001,6341.43017578125,19245.0161653736,415
-6705508.061464946,6616496.076798082,52.500000000000014,6342.4794921875,19245.0161653736,415
-6705513.364765805,6616501.380098942,60.00000000000002,6342.4794921875,19245.0161653736,415
-6705518.668066664,6616506.6833998,67.50000000000003,6342.4794921875,19245.0161653736,415
-6705523.971367523,6616511.98670066,75.0,6342.4794921875,19245.0161653736,415
-6705529.274668382,6616517.290001518,82.5,6342.4794921875,19245.0161653736,415
-6705534.57796924,6616522.593302377,90.00000000000001,6342.4794921875,19245.0161653736,415
-6705539.881270099,6616527.896603236,97.50000000000001,6342.4794921875,19245.0161653736,415
-6705545.184570958,6616533.199904094,105.00000000000003,6342.4794921875,19245.0161653736,415
-6705550.487871817,6616538.503204954,112.5,6352.47119140625,19245.0161653736,415
-6705555.791172676,6616543.806505812,120.0,6352.47119140625,19245.0161653736,415
-6705561.094473535,6616549.109806672,127.50000000000001,6352.47119140625,19245.0161653736,415
-6705566.397774394,6616554.41310753,135.00000000000003,6352.47119140625,19245.0161653736,415
-6705571.701075253,6616559.71640839,142.50000000000003,6352.47119140625,19245.0161653736,415
-6705577.004376112,6616565.019709248,150.0,6352.47119140625,19245.0161653736,415
-6705539.239865868,6616923.132378579,-150.0,6354.5,19751.46395919922,415
-6705544.543166727,6616917.829077721,-142.5,6354.5,19751.46395919922,415
-6705549.846467586,6616912.525776861,-135.0,6345.3583984375,19751.46395919922,415
-6705555.149768445,6616907.222476003,-127.5,6345.3583984375,19751.46395919922,415
-6705560.453069304,6616901.919175143,-120.0,6345.3583984375,19751.46395919922,415
-6705565.756370163,6616896.615874285,-112.5,6345.3583984375,19751.46395919922,415
-6705571.059671022,6616891.3125734255,-105.0,6345.3583984375,19751.46395919922,415
-6705576.3629718805,6616886.009272567,-97.49999999999999,6345.3583984375,19751.46395919922,415
-6705581.66627274,6616880.705971708,-90.0,6345.3583984375,19751.46395919922,415
-6705586.969573598,6616875.402670849,-82.5,6345.3583984375,19751.46395919922,415
-6705592.272874458,6616870.09936999,-75.0,6345.3583984375,19751.46395919922,415
-6705597.576175316,6616864.796069131,-67.5,6345.3583984375,19751.46395919922,415
-6705602.879476175,6616859.492768273,-59.999999999999986,6345.3583984375,19751.46395919922,415
-6705608.182777034,6616854.189467413,-52.5,6345.3583984375,19751.46395919922,415
-6705613.486077893,6616848.886166555,-44.99999999999999,6345.3583984375,19751.46395919922,415
-6705618.789378752,6616843.5828656955,-37.5,6345.3583984375,19751.46395919922,415
-6705624.0926796105,6616838.279564837,-29.999999999999993,6345.3583984375,19751.46395919922,415
-6705629.39598047,6616832.976263978,-22.499999999999986,6345.3583984375,19751.46395919922,415
-6705634.699281328,6616827.672963119,-14.999999999999996,6340.4794921875,19751.46395919922,415
-6705640.002582188,6616822.36966226,-7.49999999999999,6340.4794921875,19751.46395919922,415
-6705645.305883046,6616817.066361401,0.0,6340.4794921875,19751.46395919922,415
-6705650.609183905,6616811.763060543,7.500000000000007,6340.4794921875,19751.46395919922,415
-6705655.912484764,6616806.459759683,15.000000000000014,6340.4794921875,19751.46395919922,415
-6705661.215785623,6616801.156458825,22.50000000000002,6340.3837890625,19751.46395919922,415
-6705666.519086482,6616795.8531579655,30.00000000000003,6340.3837890625,19751.46395919922,415
-6705671.8223873405,6616790.549857107,37.5,6340.3837890625,19751.46395919922,415
-6705677.1256882,6616785.246556248,45.00000000000001,6340.3837890625,19751.46395919922,415
-6705682.428989058,6616779.943255389,52.500000000000014,6340.3837890625,19751.46395919922,415
-6705687.732289918,6616774.63995453,60.00000000000002,6340.3837890625,19751.46395919922,415
-6705693.035590776,6616769.336653671,67.50000000000003,6340.3837890625,19751.46395919922,415
-6705698.338891635,6616764.033352813,75.0,6340.3837890625,19751.46395919922,415
-6705703.642192494,6616758.730051953,82.5,6340.3837890625,19751.46395919922,415
-6705708.945493353,6616753.426751095,90.00000000000001,6340.3837890625,19751.46395919922,415
-6705714.248794212,6616748.123450235,97.50000000000001,6340.3837890625,19751.46395919922,415
-6705719.5520950705,6616742.820149377,105.00000000000003,6340.3837890625,19751.46395919922,415
-6705724.85539593,6616737.516848518,112.5,6340.3837890625,19751.46395919922,415
-6705730.158696788,6616732.213547659,120.0,6340.3837890625,19751.46395919922,415
-6705735.461997648,6616726.9102468,127.50000000000001,6340.3837890625,19751.46395919922,415
-6705740.765298506,6616721.606945941,135.00000000000003,6340.3837890625,19751.46395919922,415
-6705746.068599366,6616716.303645082,142.50000000000003,6344.50830078125,19751.46395919922,415
-6705751.371900224,6616711.000344223,150.0,6344.50830078125,19751.46395919922,415
-6705454.323890533,6617247.184490541,-150.0,6342.5107421875,20257.91175302484,415
-6705461.823890533,6617247.184490541,-142.5,6342.5107421875,20257.91175302484,415
-6705469.323890533,6617247.184490541,-135.0,6342.5107421875,20257.91175302484,415
-6705476.823890533,6617247.184490541,-127.5,6342.5107421875,20257.91175302484,415
-6705484.323890533,6617247.184490541,-120.0,6342.5107421875,20257.91175302484,415
-6705491.823890533,6617247.184490541,-112.5,6342.5107421875,20257.91175302484,415
-6705499.323890533,6617247.184490541,-105.0,6342.5107421875,20257.91175302484,415
-6705506.823890533,6617247.184490541,-97.49999999999999,6342.5107421875,20257.91175302484,415
-6705514.323890533,6617247.184490541,-90.0,6342.5107421875,20257.91175302484,415
-6705521.823890533,6617247.184490541,-82.5,6342.5107421875,20257.91175302484,415
-6705529.323890533,6617247.184490541,-75.0,6342.5107421875,20257.91175302484,415
-6705536.823890533,6617247.184490541,-67.5,6342.5107421875,20257.91175302484,415
-6705544.323890533,6617247.184490541,-59.999999999999986,6342.5107421875,20257.91175302484,415
-6705551.823890533,6617247.184490541,-52.5,6332.84326171875,20257.91175302484,415
-6705559.323890533,6617247.184490541,-44.99999999999999,6332.84326171875,20257.91175302484,415
-6705566.823890533,6617247.184490541,-37.5,6332.84326171875,20257.91175302484,415
-6705574.323890533,6617247.184490541,-29.999999999999993,6332.84326171875,20257.91175302484,415
-6705581.823890533,6617247.184490541,-22.499999999999986,6332.84326171875,20257.91175302484,415
-6705589.323890533,6617247.184490541,-14.999999999999996,6332.84326171875,20257.91175302484,415
-6705596.823890533,6617247.184490541,-7.49999999999999,6332.84326171875,20257.91175302484,415
-6705604.323890533,6617247.184490541,0.0,6332.84326171875,20257.91175302484,415
-6705611.823890533,6617247.184490541,7.500000000000007,6332.84326171875,20257.91175302484,415
-6705619.323890533,6617247.184490541,15.000000000000014,6332.84326171875,20257.91175302484,415
-6705626.823890533,6617247.184490541,22.50000000000002,6332.84326171875,20257.91175302484,415
-6705634.323890533,6617247.184490541,30.00000000000003,6332.84326171875,20257.91175302484,415
-6705641.823890533,6617247.184490541,37.5,6332.84326171875,20257.91175302484,415
-6705649.323890533,6617247.184490541,45.00000000000001,6332.84326171875,20257.91175302484,415
-6705656.823890533,6617247.184490541,52.500000000000014,6332.84326171875,20257.91175302484,415
-6705664.323890533,6617247.184490541,60.00000000000002,6338.25537109375,20257.91175302484,415
-6705671.823890533,6617247.184490541,67.50000000000003,6338.25537109375,20257.91175302484,415
-6705679.323890533,6617247.184490541,75.0,6338.25537109375,20257.91175302484,415
-6705686.823890533,6617247.184490541,82.5,6338.25537109375,20257.91175302484,415
-6705694.323890533,6617247.184490541,90.00000000000001,6338.25537109375,20257.91175302484,415
-6705701.823890533,6617247.184490541,97.50000000000001,6338.25537109375,20257.91175302484,415
-6705709.323890533,6617247.184490541,105.00000000000003,6338.25537109375,20257.91175302484,415
-6705716.823890533,6617247.184490541,112.5,6338.25537109375,20257.91175302484,415
-6705724.323890533,6617247.184490541,120.0,6338.25537109375,20257.91175302484,415
-6705731.823890533,6617247.184490541,127.50000000000001,6338.25537109375,20257.91175302484,415
-6705739.323890533,6617247.184490541,135.00000000000003,6338.25537109375,20257.91175302484,415
-6705746.823890533,6617247.184490541,142.50000000000003,6338.25537109375,20257.91175302484,415
-6705754.323890533,6617247.184490541,150.0,6338.25537109375,20257.91175302484,415
-6705284.871712395,6617559.178825296,-150.0,6358.82275390625,20764.35954685046,415
-6705290.175013253,6617564.482126155,-142.5,6358.82275390625,20764.35954685046,415
-6705295.478314113,6617569.785427014,-135.0,6358.82275390625,20764.35954685046,415
-6705300.781614971,6617575.088727873,-127.5,6358.82275390625,20764.35954685046,415
-6705306.084915831,6617580.392028732,-120.0,6358.82275390625,20764.35954685046,415
-6705311.388216689,6617585.695329591,-112.5,6358.82275390625,20764.35954685046,415
-6705316.691517549,6617590.99863045,-105.0,6358.82275390625,20764.35954685046,415
-6705321.994818407,6617596.301931309,-97.49999999999999,6358.82275390625,20764.35954685046,415
-6705327.2981192665,6617601.605232168,-90.0,6344.36669921875,20764.35954685046,415
-6705332.601420125,6617606.908533026,-82.5,6344.36669921875,20764.35954685046,415
-6705337.904720984,6617612.211833885,-75.0,6344.36669921875,20764.35954685046,415
-6705343.208021843,6617617.515134744,-67.5,6344.36669921875,20764.35954685046,415
-6705348.511322701,6617622.818435603,-59.999999999999986,6337.66162109375,20764.35954685046,415
-6705353.814623561,6617628.121736462,-52.5,6337.66162109375,20764.35954685046,415
-6705359.117924419,6617633.425037321,-44.99999999999999,6337.66162109375,20764.35954685046,415
-6705364.421225279,6617638.72833818,-37.5,6337.66162109375,20764.35954685046,415
-6705369.724526137,6617644.031639039,-29.999999999999993,6337.66162109375,20764.35954685046,415
-6705375.0278269965,6617649.334939898,-22.499999999999986,6337.66162109375,20764.35954685046,415
-6705380.331127855,6617654.6382407565,-14.999999999999996,6337.66162109375,20764.35954685046,415
-6705385.634428714,6617659.941541616,-7.49999999999999,6337.66162109375,20764.35954685046,415
-6705390.937729573,6617665.244842474,0.0,6337.66162109375,20764.35954685046,415
-6705396.241030431,6617670.548143333,7.500000000000007,6337.66162109375,20764.35954685046,415
-6705401.544331291,6617675.851444192,15.000000000000014,6337.66162109375,20764.35954685046,415
-6705406.847632149,6617681.154745051,22.50000000000002,6337.66162109375,20764.35954685046,415
-6705412.150933009,6617686.45804591,30.00000000000003,6337.66162109375,20764.35954685046,415
-6705417.454233867,6617691.761346769,37.5,6337.66162109375,20764.35954685046,415
-6705422.7575347265,6617697.064647628,45.00000000000001,6337.66162109375,20764.35954685046,415
-6705428.060835585,6617702.3679484865,52.500000000000014,6337.66162109375,20764.35954685046,415
-6705433.364136444,6617707.671249346,60.00000000000002,6337.66162109375,20764.35954685046,415
-6705438.667437303,6617712.974550204,67.50000000000003,6340.26513671875,20764.35954685046,415
-6705443.970738161,6617718.277851064,75.0,6340.26513671875,20764.35954685046,415
-6705449.274039021,6617723.581151922,82.5,6340.26513671875,20764.35954685046,415
-6705454.577339879,6617728.884452781,90.00000000000001,6340.26513671875,20764.35954685046,415
-6705459.880640739,6617734.18775364,97.50000000000001,6339.79345703125,20764.35954685046,415
-6705465.183941597,6617739.491054499,105.00000000000003,6339.79345703125,20764.35954685046,415
-6705470.4872424565,6617744.794355358,112.5,6339.79345703125,20764.35954685046,415
-6705475.790543315,6617750.0976562165,120.0,6339.79345703125,20764.35954685046,415
-6705481.093844174,6617755.400957076,127.50000000000001,6339.79345703125,20764.35954685046,415
-6705486.397145033,6617760.704257934,135.00000000000003,6339.79345703125,20764.35954685046,415
-6705491.700445892,6617766.007558794,142.50000000000003,6339.79345703125,20764.35954685046,415
-6705497.003746751,6617771.310859652,150.0,6339.79345703125,20764.35954685046,415
-6705229.065786324,6618073.4701545965,-150.0,6342.74072265625,21270.807340676085,415
-6705236.565786324,6618073.4701545965,-142.5,6342.74072265625,21270.807340676085,415
-6705244.065786324,6618073.4701545965,-135.0,6342.74072265625,21270.807340676085,415
-6705251.565786324,6618073.4701545965,-127.5,6342.74072265625,21270.807340676085,415
-6705259.065786324,6618073.4701545965,-120.0,6342.74072265625,21270.807340676085,415
-6705266.565786324,6618073.4701545965,-112.5,6342.74072265625,21270.807340676085,415
-6705274.065786324,6618073.4701545965,-105.0,6342.74072265625,21270.807340676085,415
-6705281.565786324,6618073.4701545965,-97.49999999999999,6342.74072265625,21270.807340676085,415
-6705289.065786324,6618073.4701545965,-90.0,6342.74072265625,21270.807340676085,415
-6705296.565786324,6618073.4701545965,-82.5,6342.74072265625,21270.807340676085,415
-6705304.065786324,6618073.4701545965,-75.0,6342.74072265625,21270.807340676085,415
-6705311.565786324,6618073.4701545965,-67.5,6342.74072265625,21270.807340676085,415
-6705319.065786324,6618073.4701545965,-59.999999999999986,6342.74072265625,21270.807340676085,415
-6705326.565786324,6618073.4701545965,-52.5,6325.84326171875,21270.807340676085,415
-6705334.065786324,6618073.4701545965,-44.99999999999999,6325.84326171875,21270.807340676085,415
-6705341.565786324,6618073.4701545965,-37.5,6325.84326171875,21270.807340676085,415
-6705349.065786324,6618073.4701545965,-29.999999999999993,6325.84326171875,21270.807340676085,415
-6705356.565786324,6618073.4701545965,-22.499999999999986,6325.84326171875,21270.807340676085,415
-6705364.065786324,6618073.4701545965,-14.999999999999996,6325.84326171875,21270.807340676085,415
-6705371.565786324,6618073.4701545965,-7.49999999999999,6325.84326171875,21270.807340676085,415
-6705379.065786324,6618073.4701545965,0.0,6325.84326171875,21270.807340676085,415
-6705386.565786324,6618073.4701545965,7.500000000000007,6325.84326171875,21270.807340676085,415
-6705394.065786324,6618073.4701545965,15.000000000000014,6325.84326171875,21270.807340676085,415
-6705401.565786324,6618073.4701545965,22.50000000000002,6325.84326171875,21270.807340676085,415
-6705409.065786324,6618073.4701545965,30.00000000000003,6325.84326171875,21270.807340676085,415
-6705416.565786324,6618073.4701545965,37.5,6325.84326171875,21270.807340676085,415
-6705424.065786324,6618073.4701545965,45.00000000000001,6325.84326171875,21270.807340676085,415
-6705431.565786324,6618073.4701545965,52.500000000000014,6325.84326171875,21270.807340676085,415
-6705439.065786324,6618073.4701545965,60.00000000000002,6337.7177734375,21270.807340676085,415
-6705446.565786324,6618073.4701545965,67.50000000000003,6337.7177734375,21270.807340676085,415
-6705454.065786324,6618073.4701545965,75.0,6337.7177734375,21270.807340676085,415
-6705461.565786324,6618073.4701545965,82.5,6337.7177734375,21270.807340676085,415
-6705469.065786324,6618073.4701545965,90.00000000000001,6337.7177734375,21270.807340676085,415
-6705476.565786324,6618073.4701545965,97.50000000000001,6337.7177734375,21270.807340676085,415
-6705484.065786324,6618073.4701545965,105.00000000000003,6337.7177734375,21270.807340676085,415
-6705491.565786324,6618073.4701545965,112.5,6337.7177734375,21270.807340676085,415
-6705499.065786324,6618073.4701545965,120.0,6337.7177734375,21270.807340676085,415
-6705506.565786324,6618073.4701545965,127.50000000000001,6337.7177734375,21270.807340676085,415
-6705514.065786324,6618073.4701545965,135.00000000000003,6337.7177734375,21270.807340676085,415
-6705521.565786324,6618073.4701545965,142.50000000000003,6337.7177734375,21270.807340676085,415
-6705529.065786324,6618073.4701545965,150.0,6337.7177734375,21270.807340676085,415
-6705112.467543948,6618407.35730637,-150.0,6346.765625,21777.255134501705,415
-6705117.770844807,6618412.660607228,-142.5,6334.41650390625,21777.255134501705,415
-6705123.074145666,6618417.963908087,-135.0,6334.41650390625,21777.255134501705,415
-6705128.377446525,6618423.267208946,-127.5,6334.41650390625,21777.255134501705,415
-6705133.680747384,6618428.570509805,-120.0,6334.41650390625,21777.255134501705,415
-6705138.984048243,6618433.873810664,-112.5,6334.41650390625,21777.255134501705,415
-6705144.287349102,6618439.177111523,-105.0,6334.41650390625,21777.255134501705,415
-6705149.590649961,6618444.480412382,-97.49999999999999,6334.41650390625,21777.255134501705,415
-6705154.89395082,6618449.783713241,-90.0,6334.41650390625,21777.255134501705,415
-6705160.197251678,6618455.0870141,-82.5,6334.41650390625,21777.255134501705,415
-6705165.500552537,6618460.390314959,-75.0,6334.41650390625,21777.255134501705,415
-6705170.803853396,6618465.693615817,-67.5,6334.41650390625,21777.255134501705,415
-6705176.107154255,6618470.996916676,-59.999999999999986,6334.41650390625,21777.255134501705,415
-6705181.410455114,6618476.300217535,-52.5,6334.41650390625,21777.255134501705,415
-6705186.713755973,6618481.603518394,-44.99999999999999,6334.41650390625,21777.255134501705,415
-6705192.017056832,6618486.906819253,-37.5,6334.41650390625,21777.255134501705,415
-6705197.320357691,6618492.210120112,-29.999999999999993,6334.41650390625,21777.255134501705,415
-6705202.62365855,6618497.513420971,-22.499999999999986,6334.41650390625,21777.255134501705,415
-6705207.926959408,6618502.81672183,-14.999999999999996,6334.41650390625,21777.255134501705,415
-6705213.230260268,6618508.120022689,-7.49999999999999,6327.10205078125,21777.255134501705,415
-6705218.533561126,6618513.4233235475,0.0,6327.10205078125,21777.255134501705,415
-6705223.836861985,6618518.726624406,7.500000000000007,6327.10205078125,21777.255134501705,415
-6705229.140162844,6618524.029925265,15.000000000000014,6328.99169921875,21777.255134501705,415
-6705234.443463703,6618529.333226124,22.50000000000002,6328.99169921875,21777.255134501705,415
-6705239.746764562,6618534.636526983,30.00000000000003,6328.99169921875,21777.255134501705,415
-6705245.050065421,6618539.939827842,37.5,6328.99169921875,21777.255134501705,415
-6705250.35336628,6618545.243128701,45.00000000000001,6328.99169921875,21777.255134501705,415
-6705255.656667138,6618550.54642956,52.500000000000014,6328.99169921875,21777.255134501705,415
-6705260.959967998,6618555.849730419,60.00000000000002,6328.99169921875,21777.255134501705,415
-6705266.263268856,6618561.1530312775,67.50000000000003,6328.99169921875,21777.255134501705,415
-6705271.566569716,6618566.456332136,75.0,6328.99169921875,21777.255134501705,415
-6705276.869870574,6618571.759632995,82.5,6328.99169921875,21777.255134501705,415
-6705282.173171433,6618577.062933854,90.00000000000001,6328.99169921875,21777.255134501705,415
-6705287.476472292,6618582.366234713,97.50000000000001,6328.99169921875,21777.255134501705,415
-6705292.779773151,6618587.669535572,105.00000000000003,6328.99169921875,21777.255134501705,415
-6705298.08307401,6618592.972836431,112.5,6328.99169921875,21777.255134501705,415
-6705303.386374868,6618598.27613729,120.0,6328.99169921875,21777.255134501705,415
-6705308.689675728,6618603.579438149,127.50000000000001,6328.99169921875,21777.255134501705,415
-6705313.992976586,6618608.8827390075,135.00000000000003,6328.99169921875,21777.255134501705,415
-6705319.296277446,6618614.186039867,142.50000000000003,6328.99169921875,21777.255134501705,415
-6705324.599578304,6618619.489340725,150.0,6329.00830078125,21777.255134501705,415
-6705116.436734221,6618946.408299551,-150.0,6327.59375,22283.702928327326,415
-6705123.936734221,6618946.408299551,-142.5,6327.59375,22283.702928327326,415
-6705131.436734221,6618946.408299551,-135.0,6327.59375,22283.702928327326,415
-6705138.936734221,6618946.408299551,-127.5,6327.59375,22283.702928327326,415
-6705146.436734221,6618946.408299551,-120.0,6327.59375,22283.702928327326,415
-6705153.936734221,6618946.408299551,-112.5,6327.59375,22283.702928327326,415
-6705161.436734221,6618946.408299551,-105.0,6327.59375,22283.702928327326,415
-6705168.936734221,6618946.408299551,-97.49999999999999,6327.59375,22283.702928327326,415
-6705176.436734221,6618946.408299551,-90.0,6327.59375,22283.702928327326,415
-6705183.936734221,6618946.408299551,-82.5,6327.59375,22283.702928327326,415
-6705191.436734221,6618946.408299551,-75.0,6327.59375,22283.702928327326,415
-6705198.936734221,6618946.408299551,-67.5,6327.59375,22283.702928327326,415
-6705206.436734221,6618946.408299551,-59.999999999999986,6327.59375,22283.702928327326,415
-6705213.936734221,6618946.408299551,-52.5,6323.96923828125,22283.702928327326,415
-6705221.436734221,6618946.408299551,-44.99999999999999,6323.96923828125,22283.702928327326,415
-6705228.936734221,6618946.408299551,-37.5,6323.96923828125,22283.702928327326,415
-6705236.436734221,6618946.408299551,-29.999999999999993,6323.96923828125,22283.702928327326,415
-6705243.936734221,6618946.408299551,-22.499999999999986,6323.96923828125,22283.702928327326,415
-6705251.436734221,6618946.408299551,-14.999999999999996,6323.96923828125,22283.702928327326,415
-6705258.936734221,6618946.408299551,-7.49999999999999,6323.96923828125,22283.702928327326,415
-6705266.436734221,6618946.408299551,0.0,6323.96923828125,22283.702928327326,415
-6705273.936734221,6618946.408299551,7.500000000000007,6323.96923828125,22283.702928327326,415
-6705281.436734221,6618946.408299551,15.000000000000014,6323.96923828125,22283.702928327326,415
-6705288.936734221,6618946.408299551,22.50000000000002,6323.96923828125,22283.702928327326,415
-6705296.436734221,6618946.408299551,30.00000000000003,6323.96923828125,22283.702928327326,415
-6705303.936734221,6618946.408299551,37.5,6323.96923828125,22283.702928327326,415
-6705311.436734221,6618946.408299551,45.00000000000001,6323.96923828125,22283.702928327326,415
-6705318.936734221,6618946.408299551,52.500000000000014,6323.96923828125,22283.702928327326,415
-6705326.436734221,6618946.408299551,60.00000000000002,6325.02880859375,22283.702928327326,415
-6705333.936734221,6618946.408299551,67.50000000000003,6325.02880859375,22283.702928327326,415
-6705341.436734221,6618946.408299551,75.0,6325.02880859375,22283.702928327326,415
-6705348.936734221,6618946.408299551,82.5,6325.02880859375,22283.702928327326,415
-6705356.436734221,6618946.408299551,90.00000000000001,6325.02880859375,22283.702928327326,415
-6705363.936734221,6618946.408299551,97.50000000000001,6325.02880859375,22283.702928327326,415
-6705371.436734221,6618946.408299551,105.00000000000003,6325.02880859375,22283.702928327326,415
-6705378.936734221,6618946.408299551,112.5,6325.02880859375,22283.702928327326,415
-6705386.436734221,6618946.408299551,120.0,6325.02880859375,22283.702928327326,415
-6705393.936734221,6618946.408299551,127.50000000000001,6325.02880859375,22283.702928327326,415
-6705401.436734221,6618946.408299551,135.00000000000003,6325.02880859375,22283.702928327326,415
-6705408.936734221,6618946.408299551,142.50000000000003,6325.02880859375,22283.702928327326,415
-6705416.436734221,6618946.408299551,150.0,6325.02880859375,22283.702928327326,415
-6705155.419954376,6619467.6678217985,-150.0,6332.62841796875,22790.150722152946,415
-6705160.723255235,6619462.36452094,-142.5,6332.62841796875,22790.150722152946,415
-6705166.026556094,6619457.061220081,-135.0,6332.62841796875,22790.150722152946,415
-6705171.329856953,6619451.757919222,-127.5,6332.62841796875,22790.150722152946,415
-6705176.633157812,6619446.454618363,-120.0,6332.62841796875,22790.150722152946,415
-6705181.9364586705,6619441.151317504,-112.5,6332.62841796875,22790.150722152946,415
-6705187.23975953,6619435.848016645,-105.0,6332.62841796875,22790.150722152946,415
-6705192.543060388,6619430.544715786,-97.49999999999999,6332.62841796875,22790.150722152946,415
-6705197.846361248,6619425.241414927,-90.0,6332.62841796875,22790.150722152946,415
-6705203.149662106,6619419.9381140685,-82.5,6322.3115234375,22790.150722152946,415
-6705208.452962965,6619414.63481321,-75.0,6322.3115234375,22790.150722152946,415
-6705213.756263824,6619409.331512351,-67.5,6320.537109375,22790.150722152946,415
-6705219.059564683,6619404.028211492,-59.999999999999986,6320.537109375,22790.150722152946,415
-6705224.362865542,6619398.724910633,-52.5,6320.537109375,22790.150722152946,415
-6705229.666166401,6619393.421609774,-44.99999999999999,6320.537109375,22790.150722152946,415
-6705234.96946726,6619388.118308915,-37.5,6320.537109375,22790.150722152946,415
-6705240.272768118,6619382.815008056,-29.999999999999993,6320.537109375,22790.150722152946,415
-6705245.576068978,6619377.511707197,-22.499999999999986,6320.537109375,22790.150722152946,415
-6705250.879369836,6619372.2084063385,-14.999999999999996,6320.537109375,22790.150722152946,415
-6705256.182670696,6619366.905105479,-7.49999999999999,6320.537109375,22790.150722152946,415
-6705261.485971554,6619361.601804621,0.0,6320.537109375,22790.150722152946,415
-6705266.789272413,6619356.298503762,7.500000000000007,6320.537109375,22790.150722152946,415
-6705272.092573272,6619350.995202903,15.000000000000014,6320.537109375,22790.150722152946,415
-6705277.395874131,6619345.691902044,22.50000000000002,6320.537109375,22790.150722152946,415
-6705282.69917499,6619340.388601185,30.00000000000003,6320.537109375,22790.150722152946,415
-6705288.002475848,6619335.085300326,37.5,6320.537109375,22790.150722152946,415
-6705293.305776708,6619329.781999467,45.00000000000001,6320.537109375,22790.150722152946,415
-6705298.609077566,6619324.478698608,52.500000000000014,6320.537109375,22790.150722152946,415
-6705303.912378426,6619319.175397749,60.00000000000002,6320.537109375,22790.150722152946,415
-6705309.215679284,6619313.872096891,67.50000000000003,6320.537109375,22790.150722152946,415
-6705314.518980144,6619308.568796031,75.0,6322.3408203125,22790.150722152946,415
-6705319.822281002,6619303.265495173,82.5,6322.3408203125,22790.150722152946,415
-6705325.125581861,6619297.962194314,90.00000000000001,6323.81103515625,22790.150722152946,415
-6705330.42888272,6619292.658893455,97.50000000000001,6323.81103515625,22790.150722152946,415
-6705335.732183578,6619287.355592596,105.00000000000003,6323.81103515625,22790.150722152946,415
-6705341.035484438,6619282.052291737,112.5,6323.81103515625,22790.150722152946,415
-6705346.338785296,6619276.748990878,120.0,6323.81103515625,22790.150722152946,415
-6705351.642086156,6619271.445690019,127.50000000000001,6323.81103515625,22790.150722152946,415
-6705356.945387014,6619266.142389161,135.00000000000003,6323.81103515625,22790.150722152946,415
-6705362.248687874,6619260.839088301,142.50000000000003,6323.81103515625,22790.150722152946,415
-6705367.551988732,6619255.535787443,150.0,6323.81103515625,22790.150722152946,415
-6705454.323890533,6619594.088340298,-150.0,6320.1142578125,23296.598515978567,415
-6705461.823890533,6619594.088340298,-142.5,6320.1142578125,23296.598515978567,415
-6705469.323890533,6619594.088340298,-135.0,6320.1142578125,23296.598515978567,415
-6705476.823890533,6619594.088340298,-127.5,6320.1142578125,23296.598515978567,415
-6705484.323890533,6619594.088340298,-120.0,6320.1142578125,23296.598515978567,415
-6705491.823890533,6619594.088340298,-112.5,6320.1142578125,23296.598515978567,415
-6705499.323890533,6619594.088340298,-105.0,6320.1142578125,23296.598515978567,415
-6705506.823890533,6619594.088340298,-97.49999999999999,6320.1142578125,23296.598515978567,415
-6705514.323890533,6619594.088340298,-90.0,6320.1142578125,23296.598515978567,415
-6705521.823890533,6619594.088340298,-82.5,6320.1142578125,23296.598515978567,415
-6705529.323890533,6619594.088340298,-75.0,6320.1142578125,23296.598515978567,415
-6705536.823890533,6619594.088340298,-67.5,6320.1142578125,23296.598515978567,415
-6705544.323890533,6619594.088340298,-59.999999999999986,6320.1142578125,23296.598515978567,415
-6705551.823890533,6619594.088340298,-52.5,6316.6103515625,23296.598515978567,415
-6705559.323890533,6619594.088340298,-44.99999999999999,6316.6103515625,23296.598515978567,415
-6705566.823890533,6619594.088340298,-37.5,6316.6103515625,23296.598515978567,415
-6705574.323890533,6619594.088340298,-29.999999999999993,6316.6103515625,23296.598515978567,415
-6705581.823890533,6619594.088340298,-22.499999999999986,6316.6103515625,23296.598515978567,415
-6705589.323890533,6619594.088340298,-14.999999999999996,6316.6103515625,23296.598515978567,415
-6705596.823890533,6619594.088340298,-7.49999999999999,6316.6103515625,23296.598515978567,415
-6705604.323890533,6619594.088340298,0.0,6316.6103515625,23296.598515978567,415
-6705611.823890533,6619594.088340298,7.500000000000007,6316.6103515625,23296.598515978567,415
-6705619.323890533,6619594.088340298,15.000000000000014,6316.6103515625,23296.598515978567,415
-6705626.823890533,6619594.088340298,22.50000000000002,6316.6103515625,23296.598515978567,415
-6705634.323890533,6619594.088340298,30.00000000000003,6316.6103515625,23296.598515978567,415
-6705641.823890533,6619594.088340298,37.5,6316.6103515625,23296.598515978567,415
-6705649.323890533,6619594.088340298,45.00000000000001,6316.6103515625,23296.598515978567,415
-6705656.823890533,6619594.088340298,52.500000000000014,6316.6103515625,23296.598515978567,415
-6705664.323890533,6619594.088340298,60.00000000000002,6323.93994140625,23296.598515978567,415
-6705671.823890533,6619594.088340298,67.50000000000003,6323.93994140625,23296.598515978567,415
-6705679.323890533,6619594.088340298,75.0,6323.93994140625,23296.598515978567,415
-6705686.823890533,6619594.088340298,82.5,6323.93994140625,23296.598515978567,415
-6705694.323890533,6619594.088340298,90.00000000000001,6323.93994140625,23296.598515978567,415
-6705701.823890533,6619594.088340298,97.50000000000001,6323.93994140625,23296.598515978567,415
-6705709.323890533,6619594.088340298,105.00000000000003,6323.93994140625,23296.598515978567,415
-6705716.823890533,6619594.088340298,112.5,6323.93994140625,23296.598515978567,415
-6705724.323890533,6619594.088340298,120.0,6323.93994140625,23296.598515978567,415
-6705731.823890533,6619594.088340298,127.50000000000001,6323.93994140625,23296.598515978567,415
-6705739.323890533,6619594.088340298,135.00000000000003,6323.93994140625,23296.598515978567,415
-6705746.823890533,6619594.088340298,142.50000000000003,6323.93994140625,23296.598515978567,415
-6705754.323890533,6619594.088340298,150.0,6323.93994140625,23296.598515978567,415
-6705811.328616844,6620010.947432161,-150.0,6316.2666015625,23803.046309804187,415
-6705816.631917702,6620005.644131303,-142.5,6316.2666015625,23803.046309804187,415
-6705821.935218561,6620000.340830443,-135.0,6316.2666015625,23803.046309804187,415
-6705827.23851942,6619995.037529585,-127.5,6316.2666015625,23803.046309804187,415
-6705832.541820279,6619989.734228726,-120.0,6316.2666015625,23803.046309804187,415
-6705837.845121138,6619984.430927867,-112.5,6315.6513671875,23803.046309804187,415
-6705843.148421997,6619979.127627008,-105.0,6315.6513671875,23803.046309804187,415
-6705848.451722856,6619973.824326149,-97.49999999999999,6315.6513671875,23803.046309804187,415
-6705853.755023715,6619968.52102529,-90.0,6315.6513671875,23803.046309804187,415
-6705859.058324574,6619963.217724431,-82.5,6315.6513671875,23803.046309804187,415
-6705864.361625433,6619957.914423572,-75.0,6315.6513671875,23803.046309804187,415
-6705869.664926291,6619952.611122713,-67.5,6315.6513671875,23803.046309804187,415
-6705874.96822715,6619947.307821855,-59.999999999999986,6315.6513671875,23803.046309804187,415
-6705880.271528009,6619942.004520996,-52.5,6315.6513671875,23803.046309804187,415
-6705885.574828868,6619936.701220137,-44.99999999999999,6315.6513671875,23803.046309804187,415
-6705890.878129727,6619931.397919278,-37.5,6313.107421875,23803.046309804187,415
-6705896.181430586,6619926.094618419,-29.999999999999993,6313.107421875,23803.046309804187,415
-6705901.484731445,6619920.79131756,-22.499999999999986,6313.107421875,23803.046309804187,415
-6705906.788032304,6619915.488016701,-14.999999999999996,6313.107421875,23803.046309804187,415
-6705912.091333163,6619910.184715842,-7.49999999999999,6313.107421875,23803.046309804187,415
-6705917.394634021,6619904.881414983,0.0,6313.107421875,23803.046309804187,415
-6705922.69793488,6619899.578114125,7.500000000000007,6313.107421875,23803.046309804187,415
-6705928.001235739,6619894.274813266,15.000000000000014,6313.107421875,23803.046309804187,415
-6705933.304536598,6619888.971512407,22.50000000000002,6313.107421875,23803.046309804187,415
-6705938.607837457,6619883.668211548,30.00000000000003,6313.107421875,23803.046309804187,415
-6705943.911138316,6619878.364910689,37.5,6313.107421875,23803.046309804187,415
-6705949.214439175,6619873.06160983,45.00000000000001,6315.248046875,23803.046309804187,415
-6705954.517740034,6619867.758308971,52.500000000000014,6315.248046875,23803.046309804187,415
-6705959.821040893,6619862.455008112,60.00000000000002,6315.248046875,23803.046309804187,415
-6705965.124341751,6619857.151707253,67.50000000000003,6315.248046875,23803.046309804187,415
-6705970.42764261,6619851.848406395,75.0,6315.248046875,23803.046309804187,415
-6705975.730943469,6619846.545105536,82.5,6315.248046875,23803.046309804187,415
-6705981.034244328,6619841.241804677,90.00000000000001,6315.248046875,23803.046309804187,415
-6705986.337545187,6619835.938503818,97.50000000000001,6315.248046875,23803.046309804187,415
-6705991.640846046,6619830.635202959,105.00000000000003,6315.248046875,23803.046309804187,415
-6705996.944146905,6619825.3319021,112.5,6315.248046875,23803.046309804187,415
-6706002.247447764,6619820.028601241,120.0,6318.59130859375,23803.046309804187,415
-6706007.550748623,6619814.725300382,127.50000000000001,6318.59130859375,23803.046309804187,415
-6706012.854049481,6619809.421999523,135.00000000000003,6318.59130859375,23803.046309804187,415
-6706018.157350341,6619804.118698664,142.50000000000003,6318.59130859375,23803.046309804187,415
-6706023.460651199,6619798.8153978055,150.0,6318.59130859375,23803.046309804187,415
-6705821.4118391685,6620288.881209548,-150.0,6312.51025390625,24309.49410362981,415
-6705826.715140027,6620294.184510406,-142.5,6312.51025390625,24309.49410362981,415
-6705832.018440886,6620299.4878112655,-135.0,6312.51025390625,24309.49410362981,415
-6705837.321741745,6620304.791112124,-127.5,6312.51025390625,24309.49410362981,415
-6705842.625042604,6620310.094412983,-120.0,6312.51025390625,24309.49410362981,415
-6705847.928343463,6620315.397713842,-112.5,6312.51025390625,24309.49410362981,415
-6705853.231644322,6620320.701014701,-105.0,6312.51025390625,24309.49410362981,415
-6705858.534945181,6620326.00431556,-97.49999999999999,6310.72607421875,24309.49410362981,415
-6705863.83824604,6620331.307616419,-90.0,6310.72607421875,24309.49410362981,415
-6705869.1415468985,6620336.610917278,-82.5,6310.72607421875,24309.49410362981,415
-6705874.444847757,6620341.914218137,-75.0,6310.72607421875,24309.49410362981,415
-6705879.748148616,6620347.2175189955,-67.5,6310.72607421875,24309.49410362981,415
-6705885.051449475,6620352.520819854,-59.999999999999986,6310.72607421875,24309.49410362981,415
-6705890.354750334,6620357.824120713,-52.5,6309.2080078125,24309.49410362981,415
-6705895.658051193,6620363.127421572,-44.99999999999999,6309.2080078125,24309.49410362981,415
-6705900.961352052,6620368.430722431,-37.5,6309.2080078125,24309.49410362981,415
-6705906.264652911,6620373.73402329,-29.999999999999993,6309.2080078125,24309.49410362981,415
-6705911.56795377,6620379.037324149,-22.499999999999986,6309.2080078125,24309.49410362981,415
-6705916.8712546285,6620384.340625008,-14.999999999999996,6309.2080078125,24309.49410362981,415
-6705922.174555488,6620389.643925867,-7.49999999999999,6309.2080078125,24309.49410362981,415
-6705927.477856346,6620394.9472267255,0.0,6309.2080078125,24309.49410362981,415
-6705932.781157205,6620400.250527584,7.500000000000007,6309.2080078125,24309.49410362981,415
-6705938.084458064,6620405.553828443,15.000000000000014,6309.2080078125,24309.49410362981,415
-6705943.387758923,6620410.857129302,22.50000000000002,6309.2080078125,24309.49410362981,415
-6705948.691059782,6620416.160430161,30.00000000000003,6309.2080078125,24309.49410362981,415
-6705953.994360641,6620421.46373102,37.5,6309.2080078125,24309.49410362981,415
-6705959.2976615,6620426.767031879,45.00000000000001,6309.2080078125,24309.49410362981,415
-6705964.6009623585,6620432.070332738,52.500000000000014,6309.2080078125,24309.49410362981,415
-6705969.904263218,6620437.373633597,60.00000000000002,6312.0537109375,24309.49410362981,415
-6705975.207564076,6620442.6769344555,67.50000000000003,6312.0537109375,24309.49410362981,415
-6705980.510864936,6620447.980235314,75.0,6312.0537109375,24309.49410362981,415
-6705985.814165794,6620453.283536173,82.5,6312.0537109375,24309.49410362981,415
-6705991.117466653,6620458.586837032,90.00000000000001,6312.0537109375,24309.49410362981,415
-6705996.420767512,6620463.890137891,97.50000000000001,6312.0537109375,24309.49410362981,415
-6706001.724068371,6620469.19343875,105.00000000000003,6312.7041015625,24309.49410362981,415
-6706007.02736923,6620474.496739609,112.5,6312.7041015625,24309.49410362981,415
-6706012.3306700885,6620479.800040468,120.0,6312.7041015625,24309.49410362981,415
-6706017.633970948,6620485.103341327,127.50000000000001,6312.7041015625,24309.49410362981,415
-6706022.937271806,6620490.4066421855,135.00000000000003,6312.7041015625,24309.49410362981,415
-6706028.240572666,6620495.709943045,142.50000000000003,6312.7041015625,24309.49410362981,415
-6706033.543873524,6620501.013243903,150.0,6312.7041015625,24309.49410362981,415
-6705904.092018789,6620892.1141988365,-150.0,6308.775390625,24815.941897455432,415
-6705909.395319647,6620886.810897978,-142.5,6307.88232421875,24815.941897455432,415
-6705914.698620507,6620881.507597119,-135.0,6307.88232421875,24815.941897455432,415
-6705920.001921365,6620876.20429626,-127.5,6307.88232421875,24815.941897455432,415
-6705925.305222224,6620870.900995401,-120.0,6307.88232421875,24815.941897455432,415
-6705930.608523083,6620865.597694542,-112.5,6307.88232421875,24815.941897455432,415
-6705935.911823942,6620860.294393683,-105.0,6307.88232421875,24815.941897455432,415
-6705941.215124801,6620854.991092824,-97.49999999999999,6307.88232421875,24815.941897455432,415
-6705946.51842566,6620849.687791965,-90.0,6307.88232421875,24815.941897455432,415
-6705951.821726519,6620844.3844911065,-82.5,6307.88232421875,24815.941897455432,415
-6705957.125027377,6620839.081190247,-75.0,6307.88232421875,24815.941897455432,415
-6705962.428328237,6620833.777889389,-67.5,6307.88232421875,24815.941897455432,415
-6705967.731629095,6620828.47458853,-59.999999999999986,6307.88232421875,24815.941897455432,415
-6705973.034929954,6620823.171287671,-52.5,6307.88232421875,24815.941897455432,415
-6705978.338230813,6620817.867986812,-44.99999999999999,6307.88232421875,24815.941897455432,415
-6705983.641531672,6620812.564685953,-37.5,6307.88232421875,24815.941897455432,415
-6705988.944832531,6620807.261385094,-29.999999999999993,6307.88232421875,24815.941897455432,415
-6705994.24813339,6620801.958084235,-22.499999999999986,6307.88232421875,24815.941897455432,415
-6705999.551434249,6620796.6547833765,-14.999999999999996,6307.10888671875,24815.941897455432,415
-6706004.854735108,6620791.351482517,-7.49999999999999,6307.10888671875,24815.941897455432,415
-6706010.158035967,6620786.048181659,0.0,6307.10888671875,24815.941897455432,415
-6706015.461336825,6620780.7448808,7.500000000000007,6307.10888671875,24815.941897455432,415
-6706020.764637684,6620775.441579941,15.000000000000014,6307.10888671875,24815.941897455432,415
-6706026.067938543,6620770.138279082,22.50000000000002,6310.595703125,24815.941897455432,415
-6706031.371239402,6620764.834978223,30.00000000000003,6310.595703125,24815.941897455432,415
-6706036.674540261,6620759.531677364,37.5,6310.595703125,24815.941897455432,415
-6706041.97784112,6620754.228376505,45.00000000000001,6310.595703125,24815.941897455432,415
-6706047.281141979,6620748.9250756465,52.500000000000014,6310.595703125,24815.941897455432,415
-6706052.584442838,6620743.621774787,60.00000000000002,6310.595703125,24815.941897455432,415
-6706057.887743697,6620738.318473929,67.50000000000003,6310.595703125,24815.941897455432,415
-6706063.191044556,6620733.01517307,75.0,6310.595703125,24815.941897455432,415
-6706068.494345414,6620727.711872211,82.5,6310.595703125,24815.941897455432,415
-6706073.797646273,6620722.408571352,90.00000000000001,6310.595703125,24815.941897455432,415
-6706079.100947132,6620717.105270493,97.50000000000001,6310.595703125,24815.941897455432,415
-6706084.404247991,6620711.801969634,105.00000000000003,6310.595703125,24815.941897455432,415
-6706089.70754885,6620706.498668775,112.5,6310.595703125,24815.941897455432,415
-6706095.010849709,6620701.1953679165,120.0,6310.595703125,24815.941897455432,415
-6706100.314150568,6620695.892067057,127.50000000000001,6310.595703125,24815.941897455432,415
-6706105.617451427,6620690.588766199,135.00000000000003,6310.595703125,24815.941897455432,415
-6706110.920752286,6620685.285465339,142.50000000000003,6310.595703125,24815.941897455432,415
-6706116.224053144,6620679.982164481,150.0,6311.58154296875,24815.941897455432,415
-6705679.581994742,6621180.683097204,-150.0,6309.8330078125,25322.389691281052,415
-6705687.081994742,6621180.683097204,-142.5,6309.8330078125,25322.389691281052,415
-6705694.581994742,6621180.683097204,-135.0,6309.8330078125,25322.389691281052,415
-6705702.081994742,6621180.683097204,-127.5,6309.8330078125,25322.389691281052,415
-6705709.581994742,6621180.683097204,-120.0,6309.8330078125,25322.389691281052,415
-6705717.081994742,6621180.683097204,-112.5,6309.8330078125,25322.389691281052,415
-6705724.581994742,6621180.683097204,-105.0,6309.8330078125,25322.389691281052,415
-6705732.081994742,6621180.683097204,-97.49999999999999,6309.8330078125,25322.389691281052,415
-6705739.581994742,6621180.683097204,-90.0,6309.8330078125,25322.389691281052,415
-6705747.081994742,6621180.683097204,-82.5,6309.8330078125,25322.389691281052,415
-6705754.581994742,6621180.683097204,-75.0,6309.8330078125,25322.389691281052,415
-6705762.081994742,6621180.683097204,-67.5,6309.8330078125,25322.389691281052,415
-6705769.581994742,6621180.683097204,-59.999999999999986,6309.8330078125,25322.389691281052,415
-6705777.081994742,6621180.683097204,-52.5,6306.77197265625,25322.389691281052,415
-6705784.581994742,6621180.683097204,-44.99999999999999,6306.77197265625,25322.389691281052,415
-6705792.081994742,6621180.683097204,-37.5,6306.77197265625,25322.389691281052,415
-6705799.581994742,6621180.683097204,-29.999999999999993,6306.77197265625,25322.389691281052,415
-6705807.081994742,6621180.683097204,-22.499999999999986,6306.77197265625,25322.389691281052,415
-6705814.581994742,6621180.683097204,-14.999999999999996,6306.77197265625,25322.389691281052,415
-6705822.081994742,6621180.683097204,-7.49999999999999,6306.77197265625,25322.389691281052,415
-6705829.581994742,6621180.683097204,0.0,6306.77197265625,25322.389691281052,415
-6705837.081994742,6621180.683097204,7.500000000000007,6306.77197265625,25322.389691281052,415
-6705844.581994742,6621180.683097204,15.000000000000014,6306.77197265625,25322.389691281052,415
-6705852.081994742,6621180.683097204,22.50000000000002,6306.77197265625,25322.389691281052,415
-6705859.581994742,6621180.683097204,30.00000000000003,6306.77197265625,25322.389691281052,415
-6705867.081994742,6621180.683097204,37.5,6306.77197265625,25322.389691281052,415
-6705874.581994742,6621180.683097204,45.00000000000001,6306.77197265625,25322.389691281052,415
-6705882.081994742,6621180.683097204,52.500000000000014,6306.77197265625,25322.389691281052,415
-6705889.581994742,6621180.683097204,60.00000000000002,6307.3447265625,25322.389691281052,415
-6705897.081994742,6621180.683097204,67.50000000000003,6307.3447265625,25322.389691281052,415
-6705904.581994742,6621180.683097204,75.0,6307.3447265625,25322.389691281052,415
-6705912.081994742,6621180.683097204,82.5,6307.3447265625,25322.389691281052,415
-6705919.581994742,6621180.683097204,90.00000000000001,6307.3447265625,25322.389691281052,415
-6705927.081994742,6621180.683097204,97.50000000000001,6307.3447265625,25322.389691281052,415
-6705934.581994742,6621180.683097204,105.00000000000003,6307.3447265625,25322.389691281052,415
-6705942.081994742,6621180.683097204,112.5,6307.3447265625,25322.389691281052,415
-6705949.581994742,6621180.683097204,120.0,6307.3447265625,25322.389691281052,415
-6705957.081994742,6621180.683097204,127.50000000000001,6307.3447265625,25322.389691281052,415
-6705964.581994742,6621180.683097204,135.00000000000003,6307.3447265625,25322.389691281052,415
-6705972.081994742,6621180.683097204,142.50000000000003,6307.3447265625,25322.389691281052,415
-6705979.581994742,6621180.683097204,150.0,6307.3447265625,25322.389691281052,415
-6705792.211046847,6621640.47841013,-150.0,6307.748046875,25828.837485106673,415
-6705799.711046847,6621640.47841013,-142.5,6307.748046875,25828.837485106673,415
-6705807.211046847,6621640.47841013,-135.0,6307.748046875,25828.837485106673,415
-6705814.711046847,6621640.47841013,-127.5,6307.748046875,25828.837485106673,415
-6705822.211046847,6621640.47841013,-120.0,6307.748046875,25828.837485106673,415
-6705829.711046847,6621640.47841013,-112.5,6307.748046875,25828.837485106673,415
-6705837.211046847,6621640.47841013,-105.0,6307.748046875,25828.837485106673,415
-6705844.711046847,6621640.47841013,-97.49999999999999,6307.748046875,25828.837485106673,415
-6705852.211046847,6621640.47841013,-90.0,6307.748046875,25828.837485106673,415
-6705859.711046847,6621640.47841013,-82.5,6307.748046875,25828.837485106673,415
-6705867.211046847,6621640.47841013,-75.0,6307.748046875,25828.837485106673,415
-6705874.711046847,6621640.47841013,-67.5,6307.748046875,25828.837485106673,415
-6705882.211046847,6621640.47841013,-59.999999999999986,6307.748046875,25828.837485106673,415
-6705889.711046847,6621640.47841013,-52.5,6303.67236328125,25828.837485106673,415
-6705897.211046847,6621640.47841013,-44.99999999999999,6303.67236328125,25828.837485106673,415
-6705904.711046847,6621640.47841013,-37.5,6303.67236328125,25828.837485106673,415
-6705912.211046847,6621640.47841013,-29.999999999999993,6303.67236328125,25828.837485106673,415
-6705919.711046847,6621640.47841013,-22.499999999999986,6303.67236328125,25828.837485106673,415
-6705927.211046847,6621640.47841013,-14.999999999999996,6303.67236328125,25828.837485106673,415
-6705934.711046847,6621640.47841013,-7.49999999999999,6303.67236328125,25828.837485106673,415
-6705942.211046847,6621640.47841013,0.0,6303.67236328125,25828.837485106673,415
-6705949.711046847,6621640.47841013,7.500000000000007,6303.67236328125,25828.837485106673,415
-6705957.211046847,6621640.47841013,15.000000000000014,6303.67236328125,25828.837485106673,415
-6705964.711046847,6621640.47841013,22.50000000000002,6303.67236328125,25828.837485106673,415
-6705972.211046847,6621640.47841013,30.00000000000003,6303.67236328125,25828.837485106673,415
-6705979.711046847,6621640.47841013,37.5,6303.67236328125,25828.837485106673,415
-6705987.211046847,6621640.47841013,45.00000000000001,6303.67236328125,25828.837485106673,415
-6705994.711046847,6621640.47841013,52.500000000000014,6303.67236328125,25828.837485106673,415
-6706002.211046847,6621640.47841013,60.00000000000002,6305.9716796875,25828.837485106673,415
-6706009.711046847,6621640.47841013,67.50000000000003,6305.9716796875,25828.837485106673,415
-6706017.211046847,6621640.47841013,75.0,6305.9716796875,25828.837485106673,415
-6706024.711046847,6621640.47841013,82.5,6305.9716796875,25828.837485106673,415
-6706032.211046847,6621640.47841013,90.00000000000001,6305.9716796875,25828.837485106673,415
-6706039.711046847,6621640.47841013,97.50000000000001,6305.9716796875,25828.837485106673,415
-6706047.211046847,6621640.47841013,105.00000000000003,6305.9716796875,25828.837485106673,415
-6706054.711046847,6621640.47841013,112.5,6305.9716796875,25828.837485106673,415
-6706062.211046847,6621640.47841013,120.0,6305.9716796875,25828.837485106673,415
-6706069.711046847,6621640.47841013,127.50000000000001,6305.9716796875,25828.837485106673,415
-6706077.211046847,6621640.47841013,135.00000000000003,6305.9716796875,25828.837485106673,415
-6706084.711046847,6621640.47841013,142.50000000000003,6305.9716796875,25828.837485106673,415
-6706092.211046847,6621640.47841013,150.0,6305.9716796875,25828.837485106673,415
-6705798.958089475,6621919.64981779,-150.0,6303.83642578125,26335.285278932293,415
-6705798.958089475,6621927.14981779,-142.5,6303.83642578125,26335.285278932293,415
-6705798.958089475,6621934.64981779,-135.0,6303.83642578125,26335.285278932293,415
-6705798.958089475,6621942.14981779,-127.5,6303.83642578125,26335.285278932293,415
-6705798.958089475,6621949.64981779,-120.0,6303.83642578125,26335.285278932293,415
-6705798.958089475,6621957.14981779,-112.5,6303.83642578125,26335.285278932293,415
-6705798.958089475,6621964.64981779,-105.0,6303.83642578125,26335.285278932293,415
-6705798.958089475,6621972.14981779,-97.49999999999999,6303.83642578125,26335.285278932293,415
-6705798.958089475,6621979.64981779,-90.0,6303.83642578125,26335.285278932293,415
-6705798.958089475,6621987.14981779,-82.5,6303.83642578125,26335.285278932293,415
-6705798.958089475,6621994.64981779,-75.0,6303.83642578125,26335.285278932293,415
-6705798.958089475,6622002.14981779,-67.5,6303.83642578125,26335.285278932293,415
-6705798.958089475,6622009.64981779,-59.999999999999986,6303.83642578125,26335.285278932293,415
-6705798.958089475,6622017.14981779,-52.5,6302.1630859375,26335.285278932293,415
-6705798.958089475,6622024.64981779,-44.99999999999999,6302.1630859375,26335.285278932293,415
-6705798.958089475,6622032.14981779,-37.5,6302.1630859375,26335.285278932293,415
-6705798.958089475,6622039.64981779,-29.999999999999993,6302.1630859375,26335.285278932293,415
-6705798.958089475,6622047.14981779,-22.499999999999986,6302.1630859375,26335.285278932293,415
-6705798.958089475,6622054.64981779,-14.999999999999996,6302.1630859375,26335.285278932293,415
-6705798.958089475,6622062.14981779,-7.49999999999999,6302.1630859375,26335.285278932293,415
-6705798.958089475,6622069.64981779,0.0,6302.1630859375,26335.285278932293,415
-6705798.958089475,6622077.14981779,7.500000000000007,6302.1630859375,26335.285278932293,415
-6705798.958089475,6622084.64981779,15.000000000000014,6302.1630859375,26335.285278932293,415
-6705798.958089475,6622092.14981779,22.50000000000002,6302.1630859375,26335.285278932293,415
-6705798.958089475,6622099.64981779,30.00000000000003,6302.1630859375,26335.285278932293,415
-6705798.958089475,6622107.14981779,37.5,6302.1630859375,26335.285278932293,415
-6705798.958089475,6622114.64981779,45.00000000000001,6302.1630859375,26335.285278932293,415
-6705798.958089475,6622122.14981779,52.500000000000014,6302.1630859375,26335.285278932293,415
-6705798.958089475,6622129.64981779,60.00000000000002,6308.26318359375,26335.285278932293,415
-6705798.958089475,6622137.14981779,67.50000000000003,6308.26318359375,26335.285278932293,415
-6705798.958089475,6622144.64981779,75.0,6308.26318359375,26335.285278932293,415
-6705798.958089475,6622152.14981779,82.5,6308.26318359375,26335.285278932293,415
-6705798.958089475,6622159.64981779,90.00000000000001,6308.26318359375,26335.285278932293,415
-6705798.958089475,6622167.14981779,97.50000000000001,6308.26318359375,26335.285278932293,415
-6705798.958089475,6622174.64981779,105.00000000000003,6308.26318359375,26335.285278932293,415
-6705798.958089475,6622182.14981779,112.5,6308.26318359375,26335.285278932293,415
-6705798.958089475,6622189.64981779,120.0,6308.26318359375,26335.285278932293,415
-6705798.958089475,6622197.14981779,127.50000000000001,6308.26318359375,26335.285278932293,415
-6705798.958089475,6622204.64981779,135.00000000000003,6308.26318359375,26335.285278932293,415
-6705798.958089475,6622212.14981779,142.50000000000003,6308.26318359375,26335.285278932293,415
-6705798.958089475,6622219.64981779,150.0,6308.26318359375,26335.285278932293,415
-6705244.784080343,6622104.42854152,-150.0,6309.97216796875,26841.733072757914,415
-6705250.087381203,6622109.731842378,-142.5,6309.97216796875,26841.733072757914,415
-6705255.390682061,6622115.035143238,-135.0,6309.97216796875,26841.733072757914,415
-6705260.69398292,6622120.338444096,-127.5,6309.97216796875,26841.733072757914,415
-6705265.997283779,6622125.641744955,-120.0,6309.97216796875,26841.733072757914,415
-6705271.3005846385,6622130.945045814,-112.5,6306.15087890625,26841.733072757914,415
-6705276.603885497,6622136.248346673,-105.0,6306.15087890625,26841.733072757914,415
-6705281.907186355,6622141.551647532,-97.49999999999999,6306.15087890625,26841.733072757914,415
-6705287.210487215,6622146.854948391,-90.0,6306.15087890625,26841.733072757914,415
-6705292.513788074,6622152.15824925,-82.5,6306.15087890625,26841.733072757914,415
-6705297.817088933,6622157.461550109,-75.0,6306.15087890625,26841.733072757914,415
-6705303.120389791,6622162.764850968,-67.5,6306.15087890625,26841.733072757914,415
-6705308.423690651,6622168.068151826,-59.999999999999986,6306.15087890625,26841.733072757914,415
-6705313.72699151,6622173.371452685,-52.5,6306.15087890625,26841.733072757914,415
-6705319.0302923685,6622178.674753544,-44.99999999999999,6306.15087890625,26841.733072757914,415
-6705324.333593227,6622183.978054403,-37.5,6295.74072265625,26841.733072757914,415
-6705329.636894086,6622189.281355262,-29.999999999999993,6295.74072265625,26841.733072757914,415
-6705334.940194946,6622194.584656121,-22.499999999999986,6295.74072265625,26841.733072757914,415
-6705340.243495804,6622199.88795698,-14.999999999999996,6295.74072265625,26841.733072757914,415
-6705345.546796663,6622205.191257839,-7.49999999999999,6295.74072265625,26841.733072757914,415
-6705350.850097522,6622210.494558698,0.0,6295.74072265625,26841.733072757914,415
-6705356.153398382,6622215.797859556,7.500000000000007,6295.74072265625,26841.733072757914,415
-6705361.45669924,6622221.101160415,15.000000000000014,6295.74072265625,26841.733072757914,415
-6705366.7600000985,6622226.404461274,22.50000000000002,6295.74072265625,26841.733072757914,415
-6705372.063300958,6622231.707762133,30.00000000000003,6295.74072265625,26841.733072757914,415
-6705377.366601817,6622237.011062992,37.5,6295.74072265625,26841.733072757914,415
-6705382.669902676,6622242.314363851,45.00000000000001,6299.66015625,26841.733072757914,415
-6705387.973203534,6622247.61766471,52.500000000000014,6299.66015625,26841.733072757914,415
-6705393.276504394,6622252.920965569,60.00000000000002,6299.66015625,26841.733072757914,415
-6705398.579805253,6622258.224266428,67.50000000000003,6299.66015625,26841.733072757914,415
-6705403.883106112,6622263.527567286,75.0,6299.66015625,26841.733072757914,415
-6705409.18640697,6622268.830868145,82.5,6299.66015625,26841.733072757914,415
-6705414.489707829,6622274.134169004,90.00000000000001,6299.66015625,26841.733072757914,415
-6705419.793008689,6622279.437469863,97.50000000000001,6299.66015625,26841.733072757914,415
-6705425.096309547,6622284.740770722,105.00000000000003,6299.66015625,26841.733072757914,415
-6705430.399610406,6622290.044071581,112.5,6299.66015625,26841.733072757914,415
-6705435.702911265,6622295.34737244,120.0,6302.564453125,26841.733072757914,415
-6705441.006212125,6622300.650673299,127.50000000000001,6302.564453125,26841.733072757914,415
-6705446.309512983,6622305.953974158,135.00000000000003,6302.564453125,26841.733072757914,415
-6705451.612813842,6622311.257275017,142.50000000000003,6302.564453125,26841.733072757914,415
-6705456.916114701,6622316.560575875,150.0,6302.564453125,26841.733072757914,415
-6704886.671411012,6622462.541210851,-150.0,6306.83251953125,27348.180866583534,415
-6704891.974711871,6622467.844511709,-142.5,6299.8935546875,27348.180866583534,415
-6704897.27801273,6622473.147812569,-135.0,6299.8935546875,27348.180866583534,415
-6704902.581313589,6622478.451113427,-127.5,6299.8935546875,27348.180866583534,415
-6704907.884614448,6622483.754414286,-120.0,6299.8935546875,27348.180866583534,415
-6704913.187915307,6622489.057715145,-112.5,6299.8935546875,27348.180866583534,415
-6704918.491216166,6622494.361016004,-105.0,6299.8935546875,27348.180866583534,415
-6704923.794517024,6622499.664316863,-97.49999999999999,6299.8935546875,27348.180866583534,415
-6704929.097817884,6622504.967617722,-90.0,6299.8935546875,27348.180866583534,415
-6704934.401118742,6622510.270918581,-82.5,6299.8935546875,27348.180866583534,415
-6704939.704419602,6622515.574219439,-75.0,6299.8935546875,27348.180866583534,415
-6704945.00772046,6622520.877520299,-67.5,6299.8935546875,27348.180866583534,415
-6704950.311021319,6622526.180821157,-59.999999999999986,6299.8935546875,27348.180866583534,415
-6704955.614322178,6622531.4841220165,-52.5,6299.8935546875,27348.180866583534,415
-6704960.917623037,6622536.787422875,-44.99999999999999,6299.8935546875,27348.180866583534,415
-6704966.220923896,6622542.090723734,-37.5,6299.8935546875,27348.180866583534,415
-6704971.524224754,6622547.394024593,-29.999999999999993,6299.8935546875,27348.180866583534,415
-6704976.827525614,6622552.697325452,-22.499999999999986,6299.8935546875,27348.180866583534,415
-6704982.130826472,6622558.000626311,-14.999999999999996,6299.8935546875,27348.180866583534,415
-6704987.434127332,6622563.30392717,-7.49999999999999,6297.26513671875,27348.180866583534,415
-6704992.73742819,6622568.607228029,0.0,6297.26513671875,27348.180866583534,415
-6704998.040729049,6622573.910528887,7.500000000000007,6297.26513671875,27348.180866583534,415
-6705003.344029908,6622579.2138297465,15.000000000000014,6299.1318359375,27348.180866583534,415
-6705008.647330767,6622584.517130605,22.50000000000002,6299.1318359375,27348.180866583534,415
-6705013.950631626,6622589.820431464,30.00000000000003,6299.1318359375,27348.180866583534,415
-6705019.253932484,6622595.123732323,37.5,6299.1318359375,27348.180866583534,415
-6705024.557233344,6622600.427033182,45.00000000000001,6299.1318359375,27348.180866583534,415
-6705029.860534202,6622605.730334041,52.500000000000014,6299.1318359375,27348.180866583534,415
-6705035.163835062,6622611.0336349,60.00000000000002,6299.1318359375,27348.180866583534,415
-6705040.46713592,6622616.336935759,67.50000000000003,6299.1318359375,27348.180866583534,415
-6705045.770436779,6622621.640236618,75.0,6299.1318359375,27348.180866583534,415
-6705051.073737638,6622626.9435374765,82.5,6299.1318359375,27348.180866583534,415
-6705056.377038497,6622632.246838335,90.00000000000001,6299.1318359375,27348.180866583534,415
-6705061.680339356,6622637.550139194,97.50000000000001,6299.1318359375,27348.180866583534,415
-6705066.983640214,6622642.853440053,105.00000000000003,6299.1318359375,27348.180866583534,415
-6705072.286941074,6622648.156740912,112.5,6299.1318359375,27348.180866583534,415
-6705077.590241932,6622653.460041771,120.0,6299.1318359375,27348.180866583534,415
-6705082.893542792,6622658.76334263,127.50000000000001,6299.1318359375,27348.180866583534,415
-6705088.19684365,6622664.066643489,135.00000000000003,6299.1318359375,27348.180866583534,415
-6705093.50014451,6622669.369944348,142.50000000000003,6299.1318359375,27348.180866583534,415
-6705098.803445368,6622674.6732452065,150.0,6301.927734375,27348.180866583534,415
-6704891.178630012,6623001.815062828,-150.0,6298.41943359375,27854.62866040916,415
-6704898.678630012,6623001.815062828,-142.5,6298.41943359375,27854.62866040916,415
-6704906.178630012,6623001.815062828,-135.0,6298.41943359375,27854.62866040916,415
-6704913.678630012,6623001.815062828,-127.5,6298.41943359375,27854.62866040916,415
-6704921.178630012,6623001.815062828,-120.0,6298.41943359375,27854.62866040916,415
-6704928.678630012,6623001.815062828,-112.5,6298.41943359375,27854.62866040916,415
-6704936.178630012,6623001.815062828,-105.0,6298.41943359375,27854.62866040916,415
-6704943.678630012,6623001.815062828,-97.49999999999999,6298.41943359375,27854.62866040916,415
-6704951.178630012,6623001.815062828,-90.0,6298.41943359375,27854.62866040916,415
-6704958.678630012,6623001.815062828,-82.5,6298.41943359375,27854.62866040916,415
-6704966.178630012,6623001.815062828,-75.0,6298.41943359375,27854.62866040916,415
-6704973.678630012,6623001.815062828,-67.5,6298.41943359375,27854.62866040916,415
-6704981.178630012,6623001.815062828,-59.999999999999986,6298.41943359375,27854.62866040916,415
-6704988.678630012,6623001.815062828,-52.5,6296.09912109375,27854.62866040916,415
-6704996.178630012,6623001.815062828,-44.99999999999999,6296.09912109375,27854.62866040916,415
-6705003.678630012,6623001.815062828,-37.5,6296.09912109375,27854.62866040916,415
-6705011.178630012,6623001.815062828,-29.999999999999993,6296.09912109375,27854.62866040916,415
-6705018.678630012,6623001.815062828,-22.499999999999986,6296.09912109375,27854.62866040916,415
-6705026.178630012,6623001.815062828,-14.999999999999996,6296.09912109375,27854.62866040916,415
-6705033.678630012,6623001.815062828,-7.49999999999999,6296.09912109375,27854.62866040916,415
-6705041.178630012,6623001.815062828,0.0,6296.09912109375,27854.62866040916,415
-6705048.678630012,6623001.815062828,7.500000000000007,6296.09912109375,27854.62866040916,415
-6705056.178630012,6623001.815062828,15.000000000000014,6296.09912109375,27854.62866040916,415
-6705063.678630012,6623001.815062828,22.50000000000002,6296.09912109375,27854.62866040916,415
-6705071.178630012,6623001.815062828,30.00000000000003,6296.09912109375,27854.62866040916,415
-6705078.678630012,6623001.815062828,37.5,6296.09912109375,27854.62866040916,415
-6705086.178630012,6623001.815062828,45.00000000000001,6296.09912109375,27854.62866040916,415
-6705093.678630012,6623001.815062828,52.500000000000014,6296.09912109375,27854.62866040916,415
-6705101.178630012,6623001.815062828,60.00000000000002,6299.09619140625,27854.62866040916,415
-6705108.678630012,6623001.815062828,67.50000000000003,6299.09619140625,27854.62866040916,415
-6705116.178630012,6623001.815062828,75.0,6299.09619140625,27854.62866040916,415
-6705123.678630012,6623001.815062828,82.5,6299.09619140625,27854.62866040916,415
-6705131.178630012,6623001.815062828,90.00000000000001,6299.09619140625,27854.62866040916,415
-6705138.678630012,6623001.815062828,97.50000000000001,6299.09619140625,27854.62866040916,415
-6705146.178630012,6623001.815062828,105.00000000000003,6299.09619140625,27854.62866040916,415
-6705153.678630012,6623001.815062828,112.5,6299.09619140625,27854.62866040916,415
-6705161.178630012,6623001.815062828,120.0,6299.09619140625,27854.62866040916,415
-6705168.678630012,6623001.815062828,127.50000000000001,6299.09619140625,27854.62866040916,415
-6705176.178630012,6623001.815062828,135.00000000000003,6299.09619140625,27854.62866040916,415
-6705183.678630012,6623001.815062828,142.50000000000003,6299.09619140625,27854.62866040916,415
-6705191.178630012,6623001.815062828,150.0,6299.09619140625,27854.62866040916,415
-6704634.626476064,6623277.73140632,-150.0,6299.66845703125,28361.07645423478,415
-6704639.929776923,6623283.034707178,-142.5,6299.66845703125,28361.07645423478,415
-6704645.233077782,6623288.338008038,-135.0,6299.66845703125,28361.07645423478,415
-6704650.536378641,6623293.641308896,-127.5,6296.978515625,28361.07645423478,415
-6704655.8396795,6623298.944609756,-120.0,6296.978515625,28361.07645423478,415
-6704661.142980359,6623304.247910614,-112.5,6296.978515625,28361.07645423478,415
-6704666.446281218,6623309.5512114735,-105.0,6296.978515625,28361.07645423478,415
-6704671.749582076,6623314.854512332,-97.49999999999999,6296.978515625,28361.07645423478,415
-6704677.052882936,6623320.157813191,-90.0,6296.978515625,28361.07645423478,415
-6704682.356183794,6623325.46111405,-82.5,6296.978515625,28361.07645423478,415
-6704687.659484653,6623330.764414908,-75.0,6296.978515625,28361.07645423478,415
-6704692.962785512,6623336.067715768,-67.5,6296.978515625,28361.07645423478,415
-6704698.266086371,6623341.371016626,-59.999999999999986,6296.978515625,28361.07645423478,415
-6704703.56938723,6623346.674317486,-52.5,6296.978515625,28361.07645423478,415
-6704708.872688089,6623351.977618344,-44.99999999999999,6296.978515625,28361.07645423478,415
-6704714.175988948,6623357.280919204,-37.5,6296.978515625,28361.07645423478,415
-6704719.479289806,6623362.584220062,-29.999999999999993,6296.978515625,28361.07645423478,415
-6704724.782590666,6623367.887520921,-22.499999999999986,6293.859375,28361.07645423478,415
-6704730.085891524,6623373.19082178,-14.999999999999996,6293.859375,28361.07645423478,415
-6704735.389192384,6623378.494122639,-7.49999999999999,6293.859375,28361.07645423478,415
-6704740.692493242,6623383.797423498,0.0,6293.859375,28361.07645423478,415
-6704745.995794101,6623389.100724356,7.500000000000007,6293.859375,28361.07645423478,415
-6704751.29909496,6623394.404025216,15.000000000000014,6293.859375,28361.07645423478,415
-6704756.602395819,6623399.707326074,22.50000000000002,6293.859375,28361.07645423478,415
-6704761.905696678,6623405.010626934,30.00000000000003,6297.5302734375,28361.07645423478,415
-6704767.208997536,6623410.313927792,37.5,6297.5302734375,28361.07645423478,415
-6704772.512298396,6623415.617228651,45.00000000000001,6297.5302734375,28361.07645423478,415
-6704777.815599254,6623420.92052951,52.500000000000014,6297.5302734375,28361.07645423478,415
-6704783.118900114,6623426.223830369,60.00000000000002,6297.5302734375,28361.07645423478,415
-6704788.422200972,6623431.527131228,67.50000000000003,6297.5302734375,28361.07645423478,415
-6704793.725501832,6623436.830432087,75.0,6297.5302734375,28361.07645423478,415
-6704799.02880269,6623442.133732946,82.5,6297.5302734375,28361.07645423478,415
-6704804.332103549,6623447.437033804,90.00000000000001,6297.5302734375,28361.07645423478,415
-6704809.635404408,6623452.740334664,97.50000000000001,6297.5302734375,28361.07645423478,415
-6704814.938705266,6623458.043635522,105.00000000000003,6297.5302734375,28361.07645423478,415
-6704820.242006126,6623463.346936381,112.5,6297.5302734375,28361.07645423478,415
-6704825.545306984,6623468.65023724,120.0,6297.5302734375,28361.07645423478,415
-6704830.848607844,6623473.953538099,127.50000000000001,6297.5302734375,28361.07645423478,415
-6704836.151908702,6623479.256838958,135.00000000000003,6295.51806640625,28361.07645423478,415
-6704841.455209562,6623484.560139817,142.50000000000003,6295.51806640625,28361.07645423478,415
-6704846.75851042,6623489.863440676,150.0,6295.51806640625,28361.07645423478,415
-6704435.795339736,6623701.820646858,-150.0,6296.11767578125,28867.5242480604,415
-6704441.098640595,6623707.123947716,-142.5,6293.87109375,28867.5242480604,415
-6704446.401941454,6623712.427248576,-135.0,6293.87109375,28867.5242480604,415
-6704451.7052423125,6623717.730549434,-127.5,6293.87109375,28867.5242480604,415
-6704457.008543172,6623723.033850294,-120.0,6293.87109375,28867.5242480604,415
-6704462.31184403,6623728.337151152,-112.5,6293.87109375,28867.5242480604,415
-6704467.61514489,6623733.6404520115,-105.0,6293.87109375,28867.5242480604,415
-6704472.918445748,6623738.94375287,-97.49999999999999,6293.87109375,28867.5242480604,415
-6704478.221746608,6623744.247053729,-90.0,6293.87109375,28867.5242480604,415
-6704483.525047466,6623749.550354588,-82.5,6293.87109375,28867.5242480604,415
-6704488.828348326,6623754.853655446,-75.0,6293.87109375,28867.5242480604,415
-6704494.131649184,6623760.156956306,-67.5,6293.87109375,28867.5242480604,415
-6704499.4349500425,6623765.460257164,-59.999999999999986,6293.87109375,28867.5242480604,415
-6704504.738250902,6623770.763558024,-52.5,6293.87109375,28867.5242480604,415
-6704510.04155176,6623776.066858882,-44.99999999999999,6293.87109375,28867.5242480604,415
-6704515.34485262,6623781.3701597415,-37.5,6293.87109375,28867.5242480604,415
-6704520.648153478,6623786.6734606,-29.999999999999993,6293.87109375,28867.5242480604,415
-6704525.951454338,6623791.976761459,-22.499999999999986,6293.87109375,28867.5242480604,415
-6704531.254755196,6623797.280062318,-14.999999999999996,6293.87109375,28867.5242480604,415
-6704536.558056056,6623802.583363177,-7.49999999999999,6292.2626953125,28867.5242480604,415
-6704541.861356914,6623807.886664036,0.0,6292.2626953125,28867.5242480604,415
-6704547.1646577725,6623813.189964894,7.500000000000007,6292.2626953125,28867.5242480604,415
-6704552.467958632,6623818.493265754,15.000000000000014,6294.58837890625,28867.5242480604,415
-6704557.77125949,6623823.796566612,22.50000000000002,6294.58837890625,28867.5242480604,415
-6704563.07456035,6623829.0998674715,30.00000000000003,6294.58837890625,28867.5242480604,415
-6704568.377861208,6623834.40316833,37.5,6294.58837890625,28867.5242480604,415
-6704573.681162068,6623839.706469189,45.00000000000001,6294.58837890625,28867.5242480604,415
-6704578.984462926,6623845.009770048,52.500000000000014,6294.58837890625,28867.5242480604,415
-6704584.287763786,6623850.313070907,60.00000000000002,6294.58837890625,28867.5242480604,415
-6704589.591064644,6623855.616371766,67.50000000000003,6294.58837890625,28867.5242480604,415
-6704594.8943655025,6623860.919672625,75.0,6294.58837890625,28867.5242480604,415
-6704600.197666362,6623866.222973484,82.5,6294.58837890625,28867.5242480604,415
-6704605.50096722,6623871.526274342,90.00000000000001,6294.58837890625,28867.5242480604,415
-6704610.80426808,6623876.8295752015,97.50000000000001,6294.58837890625,28867.5242480604,415
-6704616.107568938,6623882.13287606,105.00000000000003,6294.58837890625,28867.5242480604,415
-6704621.410869798,6623887.436176919,112.5,6294.58837890625,28867.5242480604,415
-6704626.714170656,6623892.739477778,120.0,6294.58837890625,28867.5242480604,415
-6704632.017471516,6623898.042778637,127.50000000000001,6294.58837890625,28867.5242480604,415
-6704637.320772374,6623903.346079496,135.00000000000003,6294.58837890625,28867.5242480604,415
-6704642.624073233,6623908.649380355,142.50000000000003,6294.58837890625,28867.5242480604,415
-6704647.927374092,6623913.952681214,150.0,6294.93701171875,28867.5242480604,415
-6704124.335151304,6624013.2808352895,-150.0,6293.52783203125,29373.97204188602,415
-6704129.638452162,6624018.584136148,-142.5,6293.52783203125,29373.97204188602,415
-6704134.941753021,6624023.887437007,-135.0,6293.52783203125,29373.97204188602,415
-6704140.24505388,6624029.190737866,-127.5,6293.52783203125,29373.97204188602,415
-6704145.548354739,6624034.494038725,-120.0,6293.52783203125,29373.97204188602,415
-6704150.851655598,6624039.797339584,-112.5,6293.52783203125,29373.97204188602,415
-6704156.154956457,6624045.100640443,-105.0,6291.30859375,29373.97204188602,415
-6704161.458257316,6624050.403941302,-97.49999999999999,6291.30859375,29373.97204188602,415
-6704166.761558175,6624055.707242161,-90.0,6291.30859375,29373.97204188602,415
-6704172.064859034,6624061.0105430195,-82.5,6291.30859375,29373.97204188602,415
-6704177.368159892,6624066.313843878,-75.0,6291.30859375,29373.97204188602,415
-6704182.671460751,6624071.617144737,-67.5,6291.30859375,29373.97204188602,415
-6704187.97476161,6624076.920445596,-59.999999999999986,6291.30859375,29373.97204188602,415
-6704193.278062469,6624082.223746455,-52.5,6291.30859375,29373.97204188602,415
-6704198.581363328,6624087.527047314,-44.99999999999999,6290.15380859375,29373.97204188602,415
-6704203.884664187,6624092.830348173,-37.5,6290.15380859375,29373.97204188602,415
-6704209.187965046,6624098.133649032,-29.999999999999993,6290.15380859375,29373.97204188602,415
-6704214.491265905,6624103.436949891,-22.499999999999986,6290.15380859375,29373.97204188602,415
-6704219.794566764,6624108.7402507495,-14.999999999999996,6290.15380859375,29373.97204188602,415
-6704225.097867623,6624114.043551609,-7.49999999999999,6290.15380859375,29373.97204188602,415
-6704230.401168481,6624119.346852467,0.0,6290.15380859375,29373.97204188602,415
-6704235.70446934,6624124.650153326,7.500000000000007,6290.15380859375,29373.97204188602,415
-6704241.007770199,6624129.953454185,15.000000000000014,6290.15380859375,29373.97204188602,415
-6704246.311071058,6624135.256755044,22.50000000000002,6290.15380859375,29373.97204188602,415
-6704251.614371917,6624140.560055903,30.00000000000003,6290.15380859375,29373.97204188602,415
-6704256.917672776,6624145.863356762,37.5,6290.15380859375,29373.97204188602,415
-6704262.220973635,6624151.166657621,45.00000000000001,6290.15380859375,29373.97204188602,415
-6704267.524274494,6624156.4699584795,52.500000000000014,6290.28955078125,29373.97204188602,415
-6704272.827575353,6624161.773259339,60.00000000000002,6290.28955078125,29373.97204188602,415
-6704278.130876211,6624167.076560197,67.50000000000003,6290.28955078125,29373.97204188602,415
-6704283.434177071,6624172.379861057,75.0,6290.28955078125,29373.97204188602,415
-6704288.737477929,6624177.683161915,82.5,6290.28955078125,29373.97204188602,415
-6704294.040778788,6624182.986462774,90.00000000000001,6290.28955078125,29373.97204188602,415
-6704299.344079647,6624188.289763633,97.50000000000001,6290.28955078125,29373.97204188602,415
-6704304.647380506,6624193.593064492,105.00000000000003,6290.28955078125,29373.97204188602,415
-6704309.950681365,6624198.896365351,112.5,6292.71142578125,29373.97204188602,415
-6704315.253982224,6624204.1996662095,120.0,6292.71142578125,29373.97204188602,415
-6704320.557283083,6624209.502967069,127.50000000000001,6292.71142578125,29373.97204188602,415
-6704325.860583941,6624214.806267927,135.00000000000003,6292.71142578125,29373.97204188602,415
-6704331.163884801,6624220.109568787,142.50000000000003,6292.71142578125,29373.97204188602,415
-6704336.467185659,6624225.412869645,150.0,6292.71142578125,29373.97204188602,415
-6703733.23419637,6624291.752738119,-150.0,6292.259765625,29880.41983571164,415
-6703738.537497228,6624297.056038978,-142.5,6292.259765625,29880.41983571164,415
-6703743.840798087,6624302.359339837,-135.0,6292.259765625,29880.41983571164,415
-6703749.144098947,6624307.662640695,-127.5,6289.919921875,29880.41983571164,415
-6703754.447399805,6624312.965941555,-120.0,6289.919921875,29880.41983571164,415
-6703759.750700664,6624318.269242413,-112.5,6289.919921875,29880.41983571164,415
-6703765.054001523,6624323.572543273,-105.0,6289.919921875,29880.41983571164,415
-6703770.357302383,6624328.875844131,-97.49999999999999,6289.919921875,29880.41983571164,415
-6703775.660603241,6624334.179144991,-90.0,6289.919921875,29880.41983571164,415
-6703780.9639041,6624339.482445849,-82.5,6289.919921875,29880.41983571164,415
-6703786.267204959,6624344.7857467085,-75.0,6289.919921875,29880.41983571164,415
-6703791.570505818,6624350.089047567,-67.5,6289.919921875,29880.41983571164,415
-6703796.873806677,6624355.392348425,-59.999999999999986,6289.919921875,29880.41983571164,415
-6703802.177107535,6624360.695649285,-52.5,6289.919921875,29880.41983571164,415
-6703807.480408395,6624365.998950143,-44.99999999999999,6289.919921875,29880.41983571164,415
-6703812.783709254,6624371.302251003,-37.5,6289.919921875,29880.41983571164,415
-6703818.087010113,6624376.605551861,-29.999999999999993,6289.919921875,29880.41983571164,415
-6703823.390310971,6624381.908852721,-22.499999999999986,6289.07763671875,29880.41983571164,415
-6703828.6936118305,6624387.212153579,-14.999999999999996,6289.07763671875,29880.41983571164,415
-6703833.99691269,6624392.5154544385,-7.49999999999999,6289.07763671875,29880.41983571164,415
-6703839.300213548,6624397.818755297,0.0,6289.07763671875,29880.41983571164,415
-6703844.603514407,6624403.122056155,7.500000000000007,6289.07763671875,29880.41983571164,415
-6703849.906815266,6624408.425357015,15.000000000000014,6289.07763671875,29880.41983571164,415
-6703855.210116126,6624413.728657873,22.50000000000002,6289.07763671875,29880.41983571164,415
-6703860.513416984,6624419.031958733,30.00000000000003,6291.744140625,29880.41983571164,415
-6703865.816717843,6624424.335259591,37.5,6291.744140625,29880.41983571164,415
-6703871.120018702,6624429.638560451,45.00000000000001,6291.744140625,29880.41983571164,415
-6703876.423319561,6624434.941861309,52.500000000000014,6291.744140625,29880.41983571164,415
-6703881.72662042,6624440.2451621685,60.00000000000002,6291.744140625,29880.41983571164,415
-6703887.029921278,6624445.548463027,67.50000000000003,6291.744140625,29880.41983571164,415
-6703892.333222138,6624450.8517638855,75.0,6291.744140625,29880.41983571164,415
-6703897.636522997,6624456.155064745,82.5,6291.744140625,29880.41983571164,415
-6703902.939823856,6624461.458365603,90.00000000000001,6291.744140625,29880.41983571164,415
-6703908.243124714,6624466.761666463,97.50000000000001,6291.744140625,29880.41983571164,415
-6703913.5464255735,6624472.064967321,105.00000000000003,6291.744140625,29880.41983571164,415
-6703918.849726433,6624477.368268181,112.5,6291.744140625,29880.41983571164,415
-6703924.153027291,6624482.671569039,120.0,6291.744140625,29880.41983571164,415
-6703929.45632815,6624487.9748698985,127.50000000000001,6291.744140625,29880.41983571164,415
-6703934.759629009,6624493.278170757,135.00000000000003,6291.30029296875,29880.41983571164,415
-6703940.062929869,6624498.581471616,142.50000000000003,6291.30029296875,29880.41983571164,415
-6703945.366230727,6624503.884772475,150.0,6291.30029296875,29880.41983571164,415
-6703276.156670231,6624410.943107945,-150.0,6299.3662109375,30386.86762953726,415
-6703281.45997109,6624416.246408803,-142.5,6299.3662109375,30386.86762953726,415
-6703286.763271949,6624421.549709663,-135.0,6299.3662109375,30386.86762953726,415
-6703292.066572808,6624426.853010521,-127.5,6299.3662109375,30386.86762953726,415
-6703297.369873667,6624432.156311381,-120.0,6290.3955078125,30386.86762953726,415
-6703302.673174526,6624437.459612239,-112.5,6290.3955078125,30386.86762953726,415
-6703307.976475385,6624442.762913099,-105.0,6290.3955078125,30386.86762953726,415
-6703313.2797762435,6624448.066213957,-97.49999999999999,6290.3955078125,30386.86762953726,415
-6703318.583077103,6624453.369514816,-90.0,6290.3955078125,30386.86762953726,415
-6703323.886377961,6624458.672815675,-82.5,6290.3955078125,30386.86762953726,415
-6703329.18967882,6624463.976116534,-75.0,6290.3955078125,30386.86762953726,415
-6703334.492979679,6624469.279417393,-67.5,6290.3955078125,30386.86762953726,415
-6703339.796280538,6624474.582718251,-59.999999999999986,6290.3955078125,30386.86762953726,415
-6703345.099581397,6624479.886019111,-52.5,6290.3955078125,30386.86762953726,415
-6703350.402882256,6624485.189319969,-44.99999999999999,6290.3955078125,30386.86762953726,415
-6703355.706183115,6624490.492620829,-37.5,6290.3955078125,30386.86762953726,415
-6703361.0094839735,6624495.795921687,-29.999999999999993,6286.81396484375,30386.86762953726,415
-6703366.312784833,6624501.099222546,-22.499999999999986,6286.81396484375,30386.86762953726,415
-6703371.616085691,6624506.402523405,-14.999999999999996,6286.81396484375,30386.86762953726,415
-6703376.919386551,6624511.705824264,-7.49999999999999,6286.81396484375,30386.86762953726,415
-6703382.222687409,6624517.009125123,0.0,6286.81396484375,30386.86762953726,415
-6703387.525988268,6624522.312425981,7.500000000000007,6286.81396484375,30386.86762953726,415
-6703392.829289127,6624527.615726841,15.000000000000014,6286.81396484375,30386.86762953726,415
-6703398.132589986,6624532.919027699,22.50000000000002,6286.81396484375,30386.86762953726,415
-6703403.435890845,6624538.222328559,30.00000000000003,6286.81396484375,30386.86762953726,415
-6703408.7391917035,6624543.525629417,37.5,6289.314453125,30386.86762953726,415
-6703414.042492563,6624548.828930276,45.00000000000001,6289.314453125,30386.86762953726,415
-6703419.345793421,6624554.132231135,52.500000000000014,6289.314453125,30386.86762953726,415
-6703424.649094281,6624559.435531994,60.00000000000002,6289.314453125,30386.86762953726,415
-6703429.952395139,6624564.738832853,67.50000000000003,6289.314453125,30386.86762953726,415
-6703435.255695999,6624570.042133711,75.0,6289.314453125,30386.86762953726,415
-6703440.558996857,6624575.345434571,82.5,6289.314453125,30386.86762953726,415
-6703445.862297716,6624580.648735429,90.00000000000001,6289.314453125,30386.86762953726,415
-6703451.165598575,6624585.952036289,97.50000000000001,6289.314453125,30386.86762953726,415
-6703456.4688994335,6624591.255337147,105.00000000000003,6289.314453125,30386.86762953726,415
-6703461.772200293,6624596.558638006,112.5,6289.314453125,30386.86762953726,415
-6703467.075501151,6624601.861938865,120.0,6289.314453125,30386.86762953726,415
-6703472.378802011,6624607.165239724,127.50000000000001,6290.3232421875,30386.86762953726,415
-6703477.682102869,6624612.468540583,135.00000000000003,6290.3232421875,30386.86762953726,415
-6703482.985403729,6624617.771841442,142.50000000000003,6290.3232421875,30386.86762953726,415
-6703488.288704587,6624623.075142301,150.0,6290.3232421875,30386.86762953726,415
-6702997.684767402,6624802.044062879,-150.0,6289.1953125,30893.315423362885,415
-6703002.98806826,6624807.347363737,-142.5,6289.1953125,30893.315423362885,415
-6703008.29136912,6624812.650664597,-135.0,6289.1953125,30893.315423362885,415
-6703013.594669978,6624817.953965455,-127.5,6289.1953125,30893.315423362885,415
-6703018.897970838,6624823.257266315,-120.0,6289.1953125,30893.315423362885,415
-6703024.201271696,6624828.560567173,-112.5,6289.1953125,30893.315423362885,415
-6703029.504572555,6624833.863868033,-105.0,6288.68603515625,30893.315423362885,415
-6703034.807873414,6624839.167168891,-97.49999999999999,6288.68603515625,30893.315423362885,415
-6703040.111174273,6624844.47046975,-90.0,6288.68603515625,30893.315423362885,415
-6703045.414475132,6624849.773770609,-82.5,6288.68603515625,30893.315423362885,415
-6703050.717775991,6624855.077071467,-75.0,6288.68603515625,30893.315423362885,415
-6703056.02107685,6624860.380372327,-67.5,6288.68603515625,30893.315423362885,415
-6703061.324377708,6624865.683673185,-59.999999999999986,6288.68603515625,30893.315423362885,415
-6703066.627678568,6624870.986974045,-52.5,6288.68603515625,30893.315423362885,415
-6703071.930979426,6624876.290274903,-44.99999999999999,6284.93115234375,30893.315423362885,415
-6703077.234280285,6624881.593575763,-37.5,6284.93115234375,30893.315423362885,415
-6703082.537581144,6624886.896876621,-29.999999999999993,6284.93115234375,30893.315423362885,415
-6703087.840882003,6624892.2001774805,-22.499999999999986,6284.93115234375,30893.315423362885,415
-6703093.144182862,6624897.503478339,-14.999999999999996,6284.93115234375,30893.315423362885,415
-6703098.447483721,6624902.806779198,-7.49999999999999,6284.93115234375,30893.315423362885,415
-6703103.75078458,6624908.110080057,0.0,6284.93115234375,30893.315423362885,415
-6703109.054085438,6624913.413380915,7.500000000000007,6284.93115234375,30893.315423362885,415
-6703114.357386298,6624918.716681775,15.000000000000014,6284.93115234375,30893.315423362885,415
-6703119.660687156,6624924.019982633,22.50000000000002,6284.93115234375,30893.315423362885,415
-6703124.963988015,6624929.323283493,30.00000000000003,6284.93115234375,30893.315423362885,415
-6703130.267288874,6624934.626584351,37.5,6284.93115234375,30893.315423362885,415
-6703135.570589733,6624939.9298852105,45.00000000000001,6284.93115234375,30893.315423362885,415
-6703140.873890592,6624945.233186069,52.500000000000014,6286.8564453125,30893.315423362885,415
-6703146.177191451,6624950.536486928,60.00000000000002,6286.8564453125,30893.315423362885,415
-6703151.48049231,6624955.839787787,67.50000000000003,6286.8564453125,30893.315423362885,415
-6703156.783793168,6624961.143088646,75.0,6286.8564453125,30893.315423362885,415
-6703162.087094028,6624966.446389505,82.5,6286.8564453125,30893.315423362885,415
-6703167.390394886,6624971.749690363,90.00000000000001,6286.8564453125,30893.315423362885,415
-6703172.693695745,6624977.052991223,97.50000000000001,6286.8564453125,30893.315423362885,415
-6703177.996996604,6624982.356292081,105.00000000000003,6286.8564453125,30893.315423362885,415
-6703183.300297463,6624987.6595929405,112.5,6289.18115234375,30893.315423362885,415
-6703188.603598322,6624992.962893799,120.0,6289.18115234375,30893.315423362885,415
-6703193.906899181,6624998.266194658,127.50000000000001,6289.18115234375,30893.315423362885,415
-6703199.21020004,6625003.569495517,135.00000000000003,6289.18115234375,30893.315423362885,415
-6703204.513500899,6625008.872796376,142.50000000000003,6289.18115234375,30893.315423362885,415
-6703209.816801758,6625014.176097235,150.0,6289.18115234375,30893.315423362885,415
-6702727.8437190335,6625073.26327671,-150.0,6287.7685546875,31399.763217188505,415
-6702727.8437190335,6625080.76327671,-142.5,6287.7685546875,31399.763217188505,415
-6702727.8437190335,6625088.26327671,-135.0,6287.7685546875,31399.763217188505,415
-6702727.8437190335,6625095.76327671,-127.5,6287.7685546875,31399.763217188505,415
-6702727.8437190335,6625103.26327671,-120.0,6287.7685546875,31399.763217188505,415
-6702727.8437190335,6625110.76327671,-112.5,6287.7685546875,31399.763217188505,415
-6702727.8437190335,6625118.26327671,-105.0,6287.7685546875,31399.763217188505,415
-6702727.8437190335,6625125.76327671,-97.49999999999999,6287.7685546875,31399.763217188505,415
-6702727.8437190335,6625133.26327671,-90.0,6287.7685546875,31399.763217188505,415
-6702727.8437190335,6625140.76327671,-82.5,6287.7685546875,31399.763217188505,415
-6702727.8437190335,6625148.26327671,-75.0,6287.7685546875,31399.763217188505,415
-6702727.8437190335,6625155.76327671,-67.5,6287.7685546875,31399.763217188505,415
-6702727.8437190335,6625163.26327671,-59.999999999999986,6287.7685546875,31399.763217188505,415
-6702727.8437190335,6625170.76327671,-52.5,6283.994140625,31399.763217188505,415
-6702727.8437190335,6625178.26327671,-44.99999999999999,6283.994140625,31399.763217188505,415
-6702727.8437190335,6625185.76327671,-37.5,6283.994140625,31399.763217188505,415
-6702727.8437190335,6625193.26327671,-29.999999999999993,6283.994140625,31399.763217188505,415
-6702727.8437190335,6625200.76327671,-22.499999999999986,6283.994140625,31399.763217188505,415
-6702727.8437190335,6625208.26327671,-14.999999999999996,6283.994140625,31399.763217188505,415
-6702727.8437190335,6625215.76327671,-7.49999999999999,6283.994140625,31399.763217188505,415
-6702727.8437190335,6625223.26327671,0.0,6283.994140625,31399.763217188505,415
-6702727.8437190335,6625230.76327671,7.500000000000007,6283.994140625,31399.763217188505,415
-6702727.8437190335,6625238.26327671,15.000000000000014,6283.994140625,31399.763217188505,415
-6702727.8437190335,6625245.76327671,22.50000000000002,6283.994140625,31399.763217188505,415
-6702727.8437190335,6625253.26327671,30.00000000000003,6283.994140625,31399.763217188505,415
-6702727.8437190335,6625260.76327671,37.5,6283.994140625,31399.763217188505,415
-6702727.8437190335,6625268.26327671,45.00000000000001,6283.994140625,31399.763217188505,415
-6702727.8437190335,6625275.76327671,52.500000000000014,6283.994140625,31399.763217188505,415
-6702727.8437190335,6625283.26327671,60.00000000000002,6287.408203125,31399.763217188505,415
-6702727.8437190335,6625290.76327671,67.50000000000003,6287.408203125,31399.763217188505,415
-6702727.8437190335,6625298.26327671,75.0,6287.408203125,31399.763217188505,415
-6702727.8437190335,6625305.76327671,82.5,6287.408203125,31399.763217188505,415
-6702727.8437190335,6625313.26327671,90.00000000000001,6287.408203125,31399.763217188505,415
-6702727.8437190335,6625320.76327671,97.50000000000001,6287.408203125,31399.763217188505,415
-6702727.8437190335,6625328.26327671,105.00000000000003,6287.408203125,31399.763217188505,415
-6702727.8437190335,6625335.76327671,112.5,6287.408203125,31399.763217188505,415
-6702727.8437190335,6625343.26327671,120.0,6287.408203125,31399.763217188505,415
-6702727.8437190335,6625350.76327671,127.50000000000001,6287.408203125,31399.763217188505,415
-6702727.8437190335,6625358.26327671,135.00000000000003,6287.408203125,31399.763217188505,415
-6702727.8437190335,6625365.76327671,142.50000000000003,6287.408203125,31399.763217188505,415
-6702727.8437190335,6625373.26327671,150.0,6287.408203125,31399.763217188505,415
-6702248.471143136,6625438.62863504,-150.0,6285.908203125,31906.211011014126,415
-6702253.774443995,6625443.931935898,-142.5,6285.908203125,31906.211011014126,415
-6702259.077744854,6625449.235236757,-135.0,6285.908203125,31906.211011014126,415
-6702264.381045712,6625454.538537616,-127.5,6285.908203125,31906.211011014126,415
-6702269.684346572,6625459.841838475,-120.0,6285.908203125,31906.211011014126,415
-6702274.987647431,6625465.145139334,-112.5,6285.908203125,31906.211011014126,415
-6702280.290948289,6625470.448440193,-105.0,6285.908203125,31906.211011014126,415
-6702285.594249148,6625475.751741052,-97.49999999999999,6286.72900390625,31906.211011014126,415
-6702290.897550007,6625481.055041911,-90.0,6286.72900390625,31906.211011014126,415
-6702296.200850867,6625486.35834277,-82.5,6286.72900390625,31906.211011014126,415
-6702301.504151725,6625491.661643628,-75.0,6286.72900390625,31906.211011014126,415
-6702306.807452584,6625496.964944487,-67.5,6286.72900390625,31906.211011014126,415
-6702312.110753443,6625502.268245346,-59.999999999999986,6286.72900390625,31906.211011014126,415
-6702317.4140543025,6625507.571546205,-52.5,6282.3115234375,31906.211011014126,415
-6702322.717355161,6625512.874847064,-44.99999999999999,6282.3115234375,31906.211011014126,415
-6702328.020656019,6625518.178147923,-37.5,6282.3115234375,31906.211011014126,415
-6702333.323956879,6625523.481448782,-29.999999999999993,6282.3115234375,31906.211011014126,415
-6702338.627257738,6625528.784749641,-22.499999999999986,6282.3115234375,31906.211011014126,415
-6702343.930558597,6625534.0880505,-14.999999999999996,6282.3115234375,31906.211011014126,415
-6702349.233859455,6625539.391351359,-7.49999999999999,6282.3115234375,31906.211011014126,415
-6702354.537160315,6625544.694652217,0.0,6282.3115234375,31906.211011014126,415
-6702359.840461174,6625549.997953076,7.500000000000007,6282.3115234375,31906.211011014126,415
-6702365.1437620325,6625555.301253935,15.000000000000014,6282.3115234375,31906.211011014126,415
-6702370.447062891,6625560.604554794,22.50000000000002,6282.3115234375,31906.211011014126,415
-6702375.75036375,6625565.907855653,30.00000000000003,6282.3115234375,31906.211011014126,415
-6702381.05366461,6625571.211156512,37.5,6282.3115234375,31906.211011014126,415
-6702386.356965468,6625576.514457371,45.00000000000001,6282.3115234375,31906.211011014126,415
-6702391.660266327,6625581.81775823,52.500000000000014,6282.3115234375,31906.211011014126,415
-6702396.963567186,6625587.121059089,60.00000000000002,6286.58642578125,31906.211011014126,415
-6702402.266868046,6625592.424359947,67.50000000000003,6286.58642578125,31906.211011014126,415
-6702407.570168904,6625597.727660807,75.0,6286.58642578125,31906.211011014126,415
-6702412.8734697625,6625603.030961665,82.5,6286.58642578125,31906.211011014126,415
-6702418.176770622,6625608.334262524,90.00000000000001,6286.58642578125,31906.211011014126,415
-6702423.480071481,6625613.637563383,97.50000000000001,6286.58642578125,31906.211011014126,415
-6702428.78337234,6625618.940864242,105.00000000000003,6286.55517578125,31906.211011014126,415
-6702434.086673198,6625624.244165101,112.5,6286.55517578125,31906.211011014126,415
-6702439.389974058,6625629.54746596,120.0,6286.55517578125,31906.211011014126,415
-6702444.693274917,6625634.850766819,127.50000000000001,6286.55517578125,31906.211011014126,415
-6702449.996575776,6625640.154067677,135.00000000000003,6286.55517578125,31906.211011014126,415
-6702455.299876634,6625645.457368537,142.50000000000003,6286.55517578125,31906.211011014126,415
-6702460.603177493,6625650.760669395,150.0,6286.55517578125,31906.211011014126,415
-6701850.194223196,6625772.415653346,-150.0,6285.1083984375,32412.658804839746,415
-6701857.694223196,6625772.415653346,-142.5,6285.1083984375,32412.658804839746,415
-6701865.194223196,6625772.415653346,-135.0,6285.1083984375,32412.658804839746,415
-6701872.694223196,6625772.415653346,-127.5,6285.1083984375,32412.658804839746,415
-6701880.194223196,6625772.415653346,-120.0,6285.1083984375,32412.658804839746,415
-6701887.694223196,6625772.415653346,-112.5,6285.1083984375,32412.658804839746,415
-6701895.194223196,6625772.415653346,-105.0,6285.1083984375,32412.658804839746,415
-6701902.694223196,6625772.415653346,-97.49999999999999,6285.1083984375,32412.658804839746,415
-6701910.194223196,6625772.415653346,-90.0,6285.1083984375,32412.658804839746,415
-6701917.694223196,6625772.415653346,-82.5,6285.1083984375,32412.658804839746,415
-6701925.194223196,6625772.415653346,-75.0,6285.1083984375,32412.658804839746,415
-6701932.694223196,6625772.415653346,-67.5,6285.1083984375,32412.658804839746,415
-6701940.194223196,6625772.415653346,-59.999999999999986,6285.1083984375,32412.658804839746,415
-6701947.694223196,6625772.415653346,-52.5,6283.69580078125,32412.658804839746,415
-6701955.194223196,6625772.415653346,-44.99999999999999,6283.69580078125,32412.658804839746,415
-6701962.694223196,6625772.415653346,-37.5,6283.69580078125,32412.658804839746,415
-6701970.194223196,6625772.415653346,-29.999999999999993,6283.69580078125,32412.658804839746,415
-6701977.694223196,6625772.415653346,-22.499999999999986,6283.69580078125,32412.658804839746,415
-6701985.194223196,6625772.415653346,-14.999999999999996,6283.69580078125,32412.658804839746,415
-6701992.694223196,6625772.415653346,-7.49999999999999,6283.69580078125,32412.658804839746,415
-6702000.194223196,6625772.415653346,0.0,6283.69580078125,32412.658804839746,415
-6702007.694223196,6625772.415653346,7.500000000000007,6283.69580078125,32412.658804839746,415
-6702015.194223196,6625772.415653346,15.000000000000014,6283.69580078125,32412.658804839746,415
-6702022.694223196,6625772.415653346,22.50000000000002,6283.69580078125,32412.658804839746,415
-6702030.194223196,6625772.415653346,30.00000000000003,6283.69580078125,32412.658804839746,415
-6702037.694223196,6625772.415653346,37.5,6283.69580078125,32412.658804839746,415
-6702045.194223196,6625772.415653346,45.00000000000001,6283.69580078125,32412.658804839746,415
-6702052.694223196,6625772.415653346,52.500000000000014,6283.69580078125,32412.658804839746,415
-6702060.194223196,6625772.415653346,60.00000000000002,6285.1640625,32412.658804839746,415
-6702067.694223196,6625772.415653346,67.50000000000003,6285.1640625,32412.658804839746,415
-6702075.194223196,6625772.415653346,75.0,6285.1640625,32412.658804839746,415
-6702082.694223196,6625772.415653346,82.5,6285.1640625,32412.658804839746,415
-6702090.194223196,6625772.415653346,90.00000000000001,6285.1640625,32412.658804839746,415
-6702097.694223196,6625772.415653346,97.50000000000001,6285.1640625,32412.658804839746,415
-6702105.194223196,6625772.415653346,105.00000000000003,6285.1640625,32412.658804839746,415
-6702112.694223196,6625772.415653346,112.5,6285.1640625,32412.658804839746,415
-6702120.194223196,6625772.415653346,120.0,6285.1640625,32412.658804839746,415
-6702127.694223196,6625772.415653346,127.50000000000001,6285.1640625,32412.658804839746,415
-6702135.194223196,6625772.415653346,135.00000000000003,6285.1640625,32412.658804839746,415
-6702142.694223196,6625772.415653346,142.50000000000003,6285.1640625,32412.658804839746,415
-6702150.194223196,6625772.415653346,150.0,6285.1640625,32412.658804839746,415
-6701705.191532774,6626094.537297506,-150.0,6283.89501953125,32919.10659866537,415
-6701710.494833632,6626099.840598364,-142.5,6283.89501953125,32919.10659866537,415
-6701715.798134492,6626105.143899224,-135.0,6283.89501953125,32919.10659866537,415
-6701721.10143535,6626110.447200082,-127.5,6280.38330078125,32919.10659866537,415
-6701726.40473621,6626115.750500942,-120.0,6280.38330078125,32919.10659866537,415
-6701731.708037068,6626121.0538018,-112.5,6280.38330078125,32919.10659866537,415
-6701737.011337928,6626126.3571026595,-105.0,6280.38330078125,32919.10659866537,415
-6701742.314638786,6626131.660403518,-97.49999999999999,6280.38330078125,32919.10659866537,415
-6701747.617939645,6626136.963704377,-90.0,6280.38330078125,32919.10659866537,415
-6701752.921240504,6626142.267005236,-82.5,6280.38330078125,32919.10659866537,415
-6701758.224541362,6626147.570306094,-75.0,6280.38330078125,32919.10659866537,415
-6701763.527842222,6626152.873606954,-67.5,6280.38330078125,32919.10659866537,415
-6701768.83114308,6626158.176907812,-59.999999999999986,6280.38330078125,32919.10659866537,415
-6701774.13444394,6626163.480208672,-52.5,6280.38330078125,32919.10659866537,415
-6701779.437744798,6626168.78350953,-44.99999999999999,6280.38330078125,32919.10659866537,415
-6701784.741045658,6626174.0868103895,-37.5,6280.38330078125,32919.10659866537,415
-6701790.044346516,6626179.390111248,-29.999999999999993,6280.38330078125,32919.10659866537,415
-6701795.347647375,6626184.693412107,-22.499999999999986,6278.04248046875,32919.10659866537,415
-6701800.650948234,6626189.996712966,-14.999999999999996,6278.04248046875,32919.10659866537,415
-6701805.954249093,6626195.300013825,-7.49999999999999,6278.04248046875,32919.10659866537,415
-6701811.257549952,6626200.603314684,0.0,6278.04248046875,32919.10659866537,415
-6701816.56085081,6626205.906615542,7.500000000000007,6278.04248046875,32919.10659866537,415
-6701821.86415167,6626211.209916402,15.000000000000014,6278.04248046875,32919.10659866537,415
-6701827.167452528,6626216.51321726,22.50000000000002,6278.04248046875,32919.10659866537,415
-6701832.470753388,6626221.81651812,30.00000000000003,6281.5322265625,32919.10659866537,415
-6701837.774054246,6626227.119818978,37.5,6281.5322265625,32919.10659866537,415
-6701843.077355105,6626232.423119837,45.00000000000001,6281.5322265625,32919.10659866537,415
-6701848.380655964,6626237.726420696,52.500000000000014,6281.5322265625,32919.10659866537,415
-6701853.683956823,6626243.029721555,60.00000000000002,6281.5322265625,32919.10659866537,415
-6701858.987257682,6626248.333022414,67.50000000000003,6281.5322265625,32919.10659866537,415
-6701864.290558541,6626253.636323273,75.0,6281.5322265625,32919.10659866537,415
-6701869.5938594,6626258.939624132,82.5,6281.5322265625,32919.10659866537,415
-6701874.897160258,6626264.24292499,90.00000000000001,6281.5322265625,32919.10659866537,415
-6701880.200461118,6626269.54622585,97.50000000000001,6281.5322265625,32919.10659866537,415
-6701885.503761976,6626274.849526708,105.00000000000003,6281.5322265625,32919.10659866537,415
-6701890.807062835,6626280.152827567,112.5,6281.5322265625,32919.10659866537,415
-6701896.110363694,6626285.456128426,120.0,6281.5322265625,32919.10659866537,415
-6701901.413664553,6626290.759429285,127.50000000000001,6281.5322265625,32919.10659866537,415
-6701906.716965412,6626296.062730144,135.00000000000003,6282.6103515625,32919.10659866537,415
-6701912.020266271,6626301.366031003,142.50000000000003,6282.6103515625,32919.10659866537,415
-6701917.32356713,6626306.669331862,150.0,6282.6103515625,32919.10659866537,415
-6701624.936118987,6626692.006279199,-150.0,6281.18017578125,33425.55439249099,415
-6701632.436118987,6626692.006279199,-142.5,6281.18017578125,33425.55439249099,415
-6701639.936118987,6626692.006279199,-135.0,6281.18017578125,33425.55439249099,415
-6701647.436118987,6626692.006279199,-127.5,6281.18017578125,33425.55439249099,415
-6701654.936118987,6626692.006279199,-120.0,6281.18017578125,33425.55439249099,415
-6701662.436118987,6626692.006279199,-112.5,6281.18017578125,33425.55439249099,415
-6701669.936118987,6626692.006279199,-105.0,6281.18017578125,33425.55439249099,415
-6701677.436118987,6626692.006279199,-97.49999999999999,6281.18017578125,33425.55439249099,415
-6701684.936118987,6626692.006279199,-90.0,6281.18017578125,33425.55439249099,415
-6701692.436118987,6626692.006279199,-82.5,6281.18017578125,33425.55439249099,415
-6701699.936118987,6626692.006279199,-75.0,6281.18017578125,33425.55439249099,415
-6701707.436118987,6626692.006279199,-67.5,6281.18017578125,33425.55439249099,415
-6701714.936118987,6626692.006279199,-59.999999999999986,6281.18017578125,33425.55439249099,415
-6701722.436118987,6626692.006279199,-52.5,6277.50244140625,33425.55439249099,415
-6701729.936118987,6626692.006279199,-44.99999999999999,6277.50244140625,33425.55439249099,415
-6701737.436118987,6626692.006279199,-37.5,6277.50244140625,33425.55439249099,415
-6701744.936118987,6626692.006279199,-29.999999999999993,6277.50244140625,33425.55439249099,415
-6701752.436118987,6626692.006279199,-22.499999999999986,6277.50244140625,33425.55439249099,415
-6701759.936118987,6626692.006279199,-14.999999999999996,6277.50244140625,33425.55439249099,415
-6701767.436118987,6626692.006279199,-7.49999999999999,6277.50244140625,33425.55439249099,415
-6701774.936118987,6626692.006279199,0.0,6277.50244140625,33425.55439249099,415
-6701782.436118987,6626692.006279199,7.500000000000007,6277.50244140625,33425.55439249099,415
-6701789.936118987,6626692.006279199,15.000000000000014,6277.50244140625,33425.55439249099,415
-6701797.436118987,6626692.006279199,22.50000000000002,6277.50244140625,33425.55439249099,415
-6701804.936118987,6626692.006279199,30.00000000000003,6277.50244140625,33425.55439249099,415
-6701812.436118987,6626692.006279199,37.5,6277.50244140625,33425.55439249099,415
-6701819.936118987,6626692.006279199,45.00000000000001,6277.50244140625,33425.55439249099,415
-6701827.436118987,6626692.006279199,52.500000000000014,6277.50244140625,33425.55439249099,415
-6701834.936118987,6626692.006279199,60.00000000000002,6282.5263671875,33425.55439249099,415
-6701842.436118987,6626692.006279199,67.50000000000003,6282.5263671875,33425.55439249099,415
-6701849.936118987,6626692.006279199,75.0,6282.5263671875,33425.55439249099,415
-6701857.436118987,6626692.006279199,82.5,6282.5263671875,33425.55439249099,415
-6701864.936118987,6626692.006279199,90.00000000000001,6282.5263671875,33425.55439249099,415
-6701872.436118987,6626692.006279199,97.50000000000001,6282.5263671875,33425.55439249099,415
-6701879.936118987,6626692.006279199,105.00000000000003,6282.5263671875,33425.55439249099,415
-6701887.436118987,6626692.006279199,112.5,6282.5263671875,33425.55439249099,415
-6701894.936118987,6626692.006279199,120.0,6282.5263671875,33425.55439249099,415
-6701902.436118987,6626692.006279199,127.50000000000001,6282.5263671875,33425.55439249099,415
-6701909.936118987,6626692.006279199,135.00000000000003,6282.5263671875,33425.55439249099,415
-6701917.436118987,6626692.006279199,142.50000000000003,6282.5263671875,33425.55439249099,415
-6701924.936118987,6626692.006279199,150.0,6282.5263671875,33425.55439249099,415
-6701321.193455414,6626816.422531179,-150.0,6280.30908203125,33932.00218631661,415
-6701326.496756272,6626821.725832038,-142.5,6280.30908203125,33932.00218631661,415
-6701331.800057132,6626827.029132897,-135.0,6280.30908203125,33932.00218631661,415
-6701337.10335799,6626832.3324337555,-127.5,6280.30908203125,33932.00218631661,415
-6701342.40665885,6626837.635734615,-120.0,6280.30908203125,33932.00218631661,415
-6701347.709959708,6626842.939035473,-112.5,6280.30908203125,33932.00218631661,415
-6701353.013260568,6626848.242336333,-105.0,6280.30908203125,33932.00218631661,415
-6701358.316561426,6626853.545637191,-97.49999999999999,6280.30908203125,33932.00218631661,415
-6701363.619862285,6626858.848938051,-90.0,6277.85595703125,33932.00218631661,415
-6701368.923163144,6626864.152238909,-82.5,6277.85595703125,33932.00218631661,415
-6701374.226464003,6626869.455539769,-75.0,6277.85595703125,33932.00218631661,415
-6701379.529764862,6626874.758840627,-67.5,6277.85595703125,33932.00218631661,415
-6701384.83306572,6626880.0621414855,-59.999999999999986,6277.89501953125,33932.00218631661,415
-6701390.13636658,6626885.365442345,-52.5,6277.89501953125,33932.00218631661,415
-6701395.439667438,6626890.668743203,-44.99999999999999,6277.89501953125,33932.00218631661,415
-6701400.742968298,6626895.972044063,-37.5,6277.89501953125,33932.00218631661,415
-6701406.046269156,6626901.275344921,-29.999999999999993,6277.89501953125,33932.00218631661,415
-6701411.349570015,6626906.578645781,-22.499999999999986,6277.89501953125,33932.00218631661,415
-6701416.652870874,6626911.881946639,-14.999999999999996,6277.89501953125,33932.00218631661,415
-6701421.956171733,6626917.185247499,-7.49999999999999,6277.89501953125,33932.00218631661,415
-6701427.259472592,6626922.488548357,0.0,6277.89501953125,33932.00218631661,415
-6701432.56277345,6626927.7918492155,7.500000000000007,6277.89501953125,33932.00218631661,415
-6701437.86607431,6626933.095150075,15.000000000000014,6277.89501953125,33932.00218631661,415
-6701443.169375168,6626938.398450933,22.50000000000002,6277.89501953125,33932.00218631661,415
-6701448.472676028,6626943.701751793,30.00000000000003,6277.89501953125,33932.00218631661,415
-6701453.775976886,6626949.005052651,37.5,6277.89501953125,33932.00218631661,415
-6701459.079277745,6626954.308353511,45.00000000000001,6277.89501953125,33932.00218631661,415
-6701464.382578604,6626959.611654369,52.500000000000014,6277.89501953125,33932.00218631661,415
-6701469.685879463,6626964.914955229,60.00000000000002,6277.89501953125,33932.00218631661,415
-6701474.989180322,6626970.218256087,67.50000000000003,6281.2109375,33932.00218631661,415
-6701480.29248118,6626975.5215569455,75.0,6281.2109375,33932.00218631661,415
-6701485.59578204,6626980.824857805,82.5,6281.2109375,33932.00218631661,415
-6701490.899082898,6626986.128158663,90.00000000000001,6281.2109375,33932.00218631661,415
-6701496.202383758,6626991.431459523,97.50000000000001,6283.1142578125,33932.00218631661,415
-6701501.505684616,6626996.734760381,105.00000000000003,6283.1142578125,33932.00218631661,415
-6701506.808985475,6627002.038061241,112.5,6283.1142578125,33932.00218631661,415
-6701512.112286334,6627007.341362099,120.0,6283.1142578125,33932.00218631661,415
-6701517.415587193,6627012.644662959,127.50000000000001,6283.1142578125,33932.00218631661,415
-6701522.718888052,6627017.947963817,135.00000000000003,6283.1142578125,33932.00218631661,415
-6701528.022188911,6627023.251264676,142.50000000000003,6283.1142578125,33932.00218631661,415
-6701533.32548977,6627028.554565535,150.0,6283.1142578125,33932.00218631661,415
-6701010.061701003,6626762.699058274,-150.0,6277.80517578125,34438.44998014223,415
-6701010.061701003,6626770.199058274,-142.5,6277.80517578125,34438.44998014223,415
-6701010.061701003,6626777.699058274,-135.0,6277.80517578125,34438.44998014223,415
-6701010.061701003,6626785.199058274,-127.5,6277.80517578125,34438.44998014223,415
-6701010.061701003,6626792.699058274,-120.0,6277.80517578125,34438.44998014223,415
-6701010.061701003,6626800.199058274,-112.5,6277.80517578125,34438.44998014223,415
-6701010.061701003,6626807.699058274,-105.0,6277.80517578125,34438.44998014223,415
-6701010.061701003,6626815.199058274,-97.49999999999999,6277.80517578125,34438.44998014223,415
-6701010.061701003,6626822.699058274,-90.0,6277.80517578125,34438.44998014223,415
-6701010.061701003,6626830.199058274,-82.5,6277.80517578125,34438.44998014223,415
-6701010.061701003,6626837.699058274,-75.0,6277.80517578125,34438.44998014223,415
-6701010.061701003,6626845.199058274,-67.5,6277.80517578125,34438.44998014223,415
-6701010.061701003,6626852.699058274,-59.999999999999986,6277.80517578125,34438.44998014223,415
-6701010.061701003,6626860.199058274,-52.5,6274.73779296875,34438.44998014223,415
-6701010.061701003,6626867.699058274,-44.99999999999999,6274.73779296875,34438.44998014223,415
-6701010.061701003,6626875.199058274,-37.5,6274.73779296875,34438.44998014223,415
-6701010.061701003,6626882.699058274,-29.999999999999993,6274.73779296875,34438.44998014223,415
-6701010.061701003,6626890.199058274,-22.499999999999986,6274.73779296875,34438.44998014223,415
-6701010.061701003,6626897.699058274,-14.999999999999996,6274.73779296875,34438.44998014223,415
-6701010.061701003,6626905.199058274,-7.49999999999999,6274.73779296875,34438.44998014223,415
-6701010.061701003,6626912.699058274,0.0,6274.73779296875,34438.44998014223,415
-6701010.061701003,6626920.199058274,7.500000000000007,6274.73779296875,34438.44998014223,415
-6701010.061701003,6626927.699058274,15.000000000000014,6274.73779296875,34438.44998014223,415
-6701010.061701003,6626935.199058274,22.50000000000002,6274.73779296875,34438.44998014223,415
-6701010.061701003,6626942.699058274,30.00000000000003,6274.73779296875,34438.44998014223,415
-6701010.061701003,6626950.199058274,37.5,6274.73779296875,34438.44998014223,415
-6701010.061701003,6626957.699058274,45.00000000000001,6274.73779296875,34438.44998014223,415
-6701010.061701003,6626965.199058274,52.500000000000014,6274.73779296875,34438.44998014223,415
-6701010.061701003,6626972.699058274,60.00000000000002,6278.0654296875,34438.44998014223,415
-6701010.061701003,6626980.199058274,67.50000000000003,6278.0654296875,34438.44998014223,415
-6701010.061701003,6626987.699058274,75.0,6278.0654296875,34438.44998014223,415
-6701010.061701003,6626995.199058274,82.5,6278.0654296875,34438.44998014223,415
-6701010.061701003,6627002.699058274,90.00000000000001,6278.0654296875,34438.44998014223,415
-6701010.061701003,6627010.199058274,97.50000000000001,6278.0654296875,34438.44998014223,415
-6701010.061701003,6627017.699058274,105.00000000000003,6278.0654296875,34438.44998014223,415
-6701010.061701003,6627025.199058274,112.5,6278.0654296875,34438.44998014223,415
-6701010.061701003,6627032.699058274,120.0,6278.0654296875,34438.44998014223,415
-6701010.061701003,6627040.199058274,127.50000000000001,6278.0654296875,34438.44998014223,415
-6701010.061701003,6627047.699058274,135.00000000000003,6278.0654296875,34438.44998014223,415
-6701010.061701003,6627055.199058274,142.50000000000003,6278.0654296875,34438.44998014223,415
-6701010.061701003,6627062.699058274,150.0,6278.0654296875,34438.44998014223,415
-6700506.003259944,6626617.951257711,-150.0,6278.14208984375,34944.89777396785,415
-6700511.306560802,6626623.25455857,-142.5,6278.14208984375,34944.89777396785,415
-6700516.609861662,6626628.557859429,-135.0,6278.14208984375,34944.89777396785,415
-6700521.91316252,6626633.861160288,-127.5,6275.5595703125,34944.89777396785,415
-6700527.21646338,6626639.164461147,-120.0,6275.5595703125,34944.89777396785,415
-6700532.519764238,6626644.4677620055,-112.5,6275.5595703125,34944.89777396785,415
-6700537.823065097,6626649.771062865,-105.0,6275.5595703125,34944.89777396785,415
-6700543.126365956,6626655.074363723,-97.49999999999999,6275.5595703125,34944.89777396785,415
-6700548.429666815,6626660.377664583,-90.0,6275.5595703125,34944.89777396785,415
-6700553.732967674,6626665.680965441,-82.5,6275.5595703125,34944.89777396785,415
-6700559.036268532,6626670.9842663,-75.0,6275.5595703125,34944.89777396785,415
-6700564.339569392,6626676.287567159,-67.5,6275.5595703125,34944.89777396785,415
-6700569.64287025,6626681.590868018,-59.999999999999986,6275.5595703125,34944.89777396785,415
-6700574.94617111,6626686.894168877,-52.5,6275.5595703125,34944.89777396785,415
-6700580.249471968,6626692.1974697355,-44.99999999999999,6275.5595703125,34944.89777396785,415
-6700585.552772827,6626697.500770595,-37.5,6275.5595703125,34944.89777396785,415
-6700590.856073686,6626702.804071453,-29.999999999999993,6275.5595703125,34944.89777396785,415
-6700596.159374545,6626708.107372313,-22.499999999999986,6274.98046875,34944.89777396785,415
-6700601.462675404,6626713.410673171,-14.999999999999996,6274.98046875,34944.89777396785,415
-6700606.765976263,6626718.713974031,-7.49999999999999,6274.98046875,34944.89777396785,415
-6700612.069277122,6626724.017274889,0.0,6274.98046875,34944.89777396785,415
-6700617.37257798,6626729.320575748,7.500000000000007,6274.98046875,34944.89777396785,415
-6700622.67587884,6626734.623876607,15.000000000000014,6274.98046875,34944.89777396785,415
-6700627.979179698,6626739.9271774655,22.50000000000002,6274.98046875,34944.89777396785,415
-6700633.282480557,6626745.230478325,30.00000000000003,6277.98876953125,34944.89777396785,415
-6700638.585781416,6626750.533779183,37.5,6277.98876953125,34944.89777396785,415
-6700643.889082275,6626755.837080043,45.00000000000001,6277.98876953125,34944.89777396785,415
-6700649.192383134,6626761.140380901,52.500000000000014,6277.98876953125,34944.89777396785,415
-6700654.495683993,6626766.443681761,60.00000000000002,6277.98876953125,34944.89777396785,415
-6700659.798984852,6626771.746982619,67.50000000000003,6277.98876953125,34944.89777396785,415
-6700665.102285711,6626777.050283479,75.0,6277.98876953125,34944.89777396785,415
-6700670.40558657,6626782.353584337,82.5,6277.98876953125,34944.89777396785,415
-6700675.708887428,6626787.6568851955,90.00000000000001,6277.98876953125,34944.89777396785,415
-6700681.012188287,6626792.960186055,97.50000000000001,6277.98876953125,34944.89777396785,415
-6700686.315489146,6626798.263486913,105.00000000000003,6277.98876953125,34944.89777396785,415
-6700691.618790005,6626803.566787773,112.5,6277.98876953125,34944.89777396785,415
-6700696.922090864,6626808.870088631,120.0,6277.98876953125,34944.89777396785,415
-6700702.225391723,6626814.173389491,127.50000000000001,6277.98876953125,34944.89777396785,415
-6700707.528692582,6626819.476690349,135.00000000000003,6278.1640625,34944.89777396785,415
-6700712.831993441,6626824.779991209,142.50000000000003,6278.1640625,34944.89777396785,415
-6700718.1352943,6626830.083292067,150.0,6278.1640625,34944.89777396785,415
-6700296.4050890505,6626875.328110378,-150.0,6274.7236328125,35451.34556779347,415
-6700296.4050890505,6626882.828110378,-142.5,6274.7236328125,35451.34556779347,415
-6700296.4050890505,6626890.328110378,-135.0,6274.7236328125,35451.34556779347,415
-6700296.4050890505,6626897.828110378,-127.5,6274.7236328125,35451.34556779347,415
-6700296.4050890505,6626905.328110378,-120.0,6274.7236328125,35451.34556779347,415
-6700296.4050890505,6626912.828110378,-112.5,6274.7236328125,35451.34556779347,415
-6700296.4050890505,6626920.328110378,-105.0,6274.7236328125,35451.34556779347,415
-6700296.4050890505,6626927.828110378,-97.49999999999999,6274.7236328125,35451.34556779347,415
-6700296.4050890505,6626935.328110378,-90.0,6274.7236328125,35451.34556779347,415
-6700296.4050890505,6626942.828110378,-82.5,6274.7236328125,35451.34556779347,415
-6700296.4050890505,6626950.328110378,-75.0,6274.7236328125,35451.34556779347,415
-6700296.4050890505,6626957.828110378,-67.5,6274.7236328125,35451.34556779347,415
-6700296.4050890505,6626965.328110378,-59.999999999999986,6274.7236328125,35451.34556779347,415
-6700296.4050890505,6626972.828110378,-52.5,6274.60693359375,35451.34556779347,415
-6700296.4050890505,6626980.328110378,-44.99999999999999,6274.60693359375,35451.34556779347,415
-6700296.4050890505,6626987.828110378,-37.5,6274.60693359375,35451.34556779347,415
-6700296.4050890505,6626995.328110378,-29.999999999999993,6274.60693359375,35451.34556779347,415
-6700296.4050890505,6627002.828110378,-22.499999999999986,6274.60693359375,35451.34556779347,415
-6700296.4050890505,6627010.328110378,-14.999999999999996,6274.60693359375,35451.34556779347,415
-6700296.4050890505,6627017.828110378,-7.49999999999999,6274.60693359375,35451.34556779347,415
-6700296.4050890505,6627025.328110378,0.0,6274.60693359375,35451.34556779347,415
-6700296.4050890505,6627032.828110378,7.500000000000007,6274.60693359375,35451.34556779347,415
-6700296.4050890505,6627040.328110378,15.000000000000014,6274.60693359375,35451.34556779347,415
-6700296.4050890505,6627047.828110378,22.50000000000002,6274.60693359375,35451.34556779347,415
-6700296.4050890505,6627055.328110378,30.00000000000003,6274.60693359375,35451.34556779347,415
-6700296.4050890505,6627062.828110378,37.5,6274.60693359375,35451.34556779347,415
-6700296.4050890505,6627070.328110378,45.00000000000001,6274.60693359375,35451.34556779347,415
-6700296.4050890505,6627077.828110378,52.500000000000014,6274.60693359375,35451.34556779347,415
-6700296.4050890505,6627085.328110378,60.00000000000002,6277.13037109375,35451.34556779347,415
-6700296.4050890505,6627092.828110378,67.50000000000003,6277.13037109375,35451.34556779347,415
-6700296.4050890505,6627100.328110378,75.0,6277.13037109375,35451.34556779347,415
-6700296.4050890505,6627107.828110378,82.5,6277.13037109375,35451.34556779347,415
-6700296.4050890505,6627115.328110378,90.00000000000001,6277.13037109375,35451.34556779347,415
-6700296.4050890505,6627122.828110378,97.50000000000001,6277.13037109375,35451.34556779347,415
-6700296.4050890505,6627130.328110378,105.00000000000003,6277.13037109375,35451.34556779347,415
-6700296.4050890505,6627137.828110378,112.5,6277.13037109375,35451.34556779347,415
-6700296.4050890505,6627145.328110378,120.0,6277.13037109375,35451.34556779347,415
-6700296.4050890505,6627152.828110378,127.50000000000001,6277.13037109375,35451.34556779347,415
-6700296.4050890505,6627160.328110378,135.00000000000003,6277.13037109375,35451.34556779347,415
-6700296.4050890505,6627167.828110378,142.50000000000003,6277.13037109375,35451.34556779347,415
-6700296.4050890505,6627175.328110378,150.0,6277.13037109375,35451.34556779347,415
-6699982.58586533,6626710.281603929,-150.0,6277.1806640625,35957.79336161909,415
-6699977.2825644715,6626715.584904788,-142.5,6277.1806640625,35957.79336161909,415
-6699971.979263612,6626720.888205647,-135.0,6277.1806640625,35957.79336161909,415
-6699966.675962754,6626726.191506505,-127.5,6277.1806640625,35957.79336161909,415
-6699961.372661894,6626731.494807364,-120.0,6277.1806640625,35957.79336161909,415
-6699956.069361036,6626736.798108224,-112.5,6277.1806640625,35957.79336161909,415
-6699950.766060176,6626742.101409082,-105.0,6277.1806640625,35957.79336161909,415
-6699945.462759318,6626747.404709941,-97.49999999999999,6273.8935546875,35957.79336161909,415
-6699940.159458458,6626752.7080108,-90.0,6273.8935546875,35957.79336161909,415
-6699934.8561576,6626758.01131166,-82.5,6273.8935546875,35957.79336161909,415
-6699929.5528567415,6626763.314612518,-75.0,6273.8935546875,35957.79336161909,415
-6699924.249555882,6626768.617913377,-67.5,6273.8935546875,35957.79336161909,415
-6699918.946255024,6626773.921214236,-59.999999999999986,6273.8935546875,35957.79336161909,415
-6699913.642954164,6626779.224515095,-52.5,6272.68017578125,35957.79336161909,415
-6699908.339653306,6626784.527815954,-44.99999999999999,6272.68017578125,35957.79336161909,415
-6699903.036352446,6626789.831116812,-37.5,6272.68017578125,35957.79336161909,415
-6699897.733051588,6626795.134417672,-29.999999999999993,6272.68017578125,35957.79336161909,415
-6699892.429750728,6626800.437718531,-22.499999999999986,6272.68017578125,35957.79336161909,415
-6699887.12644987,6626805.74101939,-14.999999999999996,6272.68017578125,35957.79336161909,415
-6699881.823149011,6626811.044320248,-7.49999999999999,6272.68017578125,35957.79336161909,415
-6699876.519848152,6626816.3476211075,0.0,6272.68017578125,35957.79336161909,415
-6699871.216547294,6626821.650921967,7.500000000000007,6272.68017578125,35957.79336161909,415
-6699865.913246434,6626826.954222825,15.000000000000014,6272.68017578125,35957.79336161909,415
-6699860.609945576,6626832.257523684,22.50000000000002,6272.68017578125,35957.79336161909,415
-6699855.306644716,6626837.560824543,30.00000000000003,6272.68017578125,35957.79336161909,415
-6699850.003343858,6626842.864125403,37.5,6272.68017578125,35957.79336161909,415
-6699844.700042998,6626848.167426261,45.00000000000001,6272.68017578125,35957.79336161909,415
-6699839.39674214,6626853.47072712,52.500000000000014,6272.68017578125,35957.79336161909,415
-6699834.093441281,6626858.774027979,60.00000000000002,6274.0068359375,35957.79336161909,415
-6699828.790140422,6626864.077328838,67.50000000000003,6274.0068359375,35957.79336161909,415
-6699823.486839563,6626869.380629697,75.0,6274.0068359375,35957.79336161909,415
-6699818.183538704,6626874.683930555,82.5,6274.0068359375,35957.79336161909,415
-6699812.880237846,6626879.987231415,90.00000000000001,6274.0068359375,35957.79336161909,415
-6699807.576936986,6626885.290532274,97.50000000000001,6274.0068359375,35957.79336161909,415
-6699802.273636128,6626890.593833133,105.00000000000003,6270.6904296875,35957.79336161909,415
-6699796.970335268,6626895.897133991,112.5,6270.6904296875,35957.79336161909,415
-6699791.66703441,6626901.2004348505,120.0,6270.6904296875,35957.79336161909,415
-6699786.3637335505,6626906.50373571,127.50000000000001,6270.6904296875,35957.79336161909,415
-6699781.060432692,6626911.807036568,135.00000000000003,6270.6904296875,35957.79336161909,415
-6699775.757131833,6626917.110337427,142.50000000000003,6270.6904296875,35957.79336161909,415
-6699770.453830974,6626922.413638286,150.0,6270.6904296875,35957.79336161909,415
-6699346.364590437,6626876.5575103825,-150.0,6273.93603515625,36464.24115544472,415
-6699351.667891296,6626881.860811241,-142.5,6273.93603515625,36464.24115544472,415
-6699356.971192155,6626887.1641121,-135.0,6274.05615234375,36464.24115544472,415
-6699362.2744930135,6626892.467412959,-127.5,6274.05615234375,36464.24115544472,415
-6699367.577793873,6626897.770713818,-120.0,6274.05615234375,36464.24115544472,415
-6699372.881094731,6626903.074014677,-112.5,6274.05615234375,36464.24115544472,415
-6699378.184395591,6626908.377315536,-105.0,6274.05615234375,36464.24115544472,415
-6699383.487696449,6626913.680616395,-97.49999999999999,6274.05615234375,36464.24115544472,415
-6699388.790997309,6626918.983917254,-90.0,6274.05615234375,36464.24115544472,415
-6699394.094298167,6626924.2872181125,-82.5,6274.05615234375,36464.24115544472,415
-6699399.397599027,6626929.590518972,-75.0,6274.05615234375,36464.24115544472,415
-6699404.700899885,6626934.89381983,-67.5,6274.05615234375,36464.24115544472,415
-6699410.0042007435,6626940.197120689,-59.999999999999986,6274.05615234375,36464.24115544472,415
-6699415.307501603,6626945.500421548,-52.5,6274.05615234375,36464.24115544472,415
-6699420.610802461,6626950.803722407,-44.99999999999999,6274.05615234375,36464.24115544472,415
-6699425.914103321,6626956.107023266,-37.5,6274.05615234375,36464.24115544472,415
-6699431.217404179,6626961.410324125,-29.999999999999993,6274.05615234375,36464.24115544472,415
-6699436.520705039,6626966.713624984,-22.499999999999986,6274.05615234375,36464.24115544472,415
-6699441.824005897,6626972.0169258425,-14.999999999999996,6271.125,36464.24115544472,415
-6699447.127306757,6626977.320226702,-7.49999999999999,6271.125,36464.24115544472,415
-6699452.430607615,6626982.62352756,0.0,6271.125,36464.24115544472,415
-6699457.7339084735,6626987.926828419,7.500000000000007,6271.125,36464.24115544472,415
-6699463.037209333,6626993.230129278,15.000000000000014,6271.125,36464.24115544472,415
-6699468.340510191,6626998.533430137,22.50000000000002,6271.42333984375,36464.24115544472,415
-6699473.643811051,6627003.836730996,30.00000000000003,6271.42333984375,36464.24115544472,415
-6699478.947111909,6627009.140031855,37.5,6271.42333984375,36464.24115544472,415
-6699484.250412769,6627014.443332714,45.00000000000001,6271.42333984375,36464.24115544472,415
-6699489.553713627,6627019.7466335725,52.500000000000014,6271.42333984375,36464.24115544472,415
-6699494.857014487,6627025.049934432,60.00000000000002,6271.42333984375,36464.24115544472,415
-6699500.160315345,6627030.35323529,67.50000000000003,6271.42333984375,36464.24115544472,415
-6699505.4636162035,6627035.656536149,75.0,6271.42333984375,36464.24115544472,415
-6699510.766917063,6627040.959837008,82.5,6271.42333984375,36464.24115544472,415
-6699516.070217921,6627046.263137867,90.00000000000001,6271.42333984375,36464.24115544472,415
-6699521.373518781,6627051.566438726,97.50000000000001,6271.42333984375,36464.24115544472,415
-6699526.676819639,6627056.869739585,105.00000000000003,6271.42333984375,36464.24115544472,415
-6699531.980120499,6627062.173040444,112.5,6271.42333984375,36464.24115544472,415
-6699537.283421357,6627067.4763413025,120.0,6271.42333984375,36464.24115544472,415
-6699542.586722217,6627072.779642162,127.50000000000001,6271.42333984375,36464.24115544472,415
-6699547.890023075,6627078.08294302,135.00000000000003,6271.42333984375,36464.24115544472,415
-6699553.193323934,6627083.38624388,142.50000000000003,6273.6142578125,36464.24115544472,415
-6699558.496624793,6627088.689544738,150.0,6273.6142578125,36464.24115544472,415
-6699134.407384256,6626763.135539689,-150.0,6272.72998046875,36970.688949270334,415
-6699129.104083397,6626768.438840548,-142.5,6272.72998046875,36970.688949270334,415
-6699123.800782538,6626773.742141407,-135.0,6272.3955078125,36970.688949270334,415
-6699118.49748168,6626779.045442266,-127.5,6272.3955078125,36970.688949270334,415
-6699113.19418082,6626784.348743125,-120.0,6272.3955078125,36970.688949270334,415
-6699107.890879962,6626789.652043983,-112.5,6272.3955078125,36970.688949270334,415
-6699102.587579102,6626794.955344843,-105.0,6272.3955078125,36970.688949270334,415
-6699097.284278244,6626800.258645702,-97.49999999999999,6272.3955078125,36970.688949270334,415
-6699091.980977384,6626805.561946561,-90.0,6272.3955078125,36970.688949270334,415
-6699086.677676526,6626810.865247419,-82.5,6272.3955078125,36970.688949270334,415
-6699081.374375667,6626816.1685482785,-75.0,6272.3955078125,36970.688949270334,415
-6699076.071074808,6626821.471849138,-67.5,6272.3955078125,36970.688949270334,415
-6699070.76777395,6626826.775149996,-59.999999999999986,6272.3955078125,36970.688949270334,415
-6699065.46447309,6626832.078450855,-52.5,6272.3955078125,36970.688949270334,415
-6699060.161172232,6626837.381751714,-44.99999999999999,6272.3955078125,36970.688949270334,415
-6699054.857871372,6626842.685052574,-37.5,6272.3955078125,36970.688949270334,415
-6699049.554570514,6626847.988353432,-29.999999999999993,6272.3955078125,36970.688949270334,415
-6699044.251269654,6626853.291654291,-22.499999999999986,6272.3955078125,36970.688949270334,415
-6699038.947968796,6626858.59495515,-14.999999999999996,6272.0224609375,36970.688949270334,415
-6699033.6446679365,6626863.898256009,-7.49999999999999,6272.0224609375,36970.688949270334,415
-6699028.341367078,6626869.201556868,0.0,6272.0224609375,36970.688949270334,415
-6699023.03806622,6626874.504857726,7.500000000000007,6272.0224609375,36970.688949270334,415
-6699017.73476536,6626879.808158586,15.000000000000014,6272.0224609375,36970.688949270334,415
-6699012.431464502,6626885.111459445,22.50000000000002,6272.55322265625,36970.688949270334,415
-6699007.128163642,6626890.414760304,30.00000000000003,6272.55322265625,36970.688949270334,415
-6699001.824862784,6626895.718061162,37.5,6272.55322265625,36970.688949270334,415
-6698996.521561924,6626901.021362022,45.00000000000001,6272.55322265625,36970.688949270334,415
-6698991.218261066,6626906.324662881,52.500000000000014,6272.55322265625,36970.688949270334,415
-6698985.9149602065,6626911.627963739,60.00000000000002,6272.55322265625,36970.688949270334,415
-6698980.611659348,6626916.931264598,67.50000000000003,6272.55322265625,36970.688949270334,415
-6698975.308358489,6626922.234565457,75.0,6272.55322265625,36970.688949270334,415
-6698970.00505763,6626927.537866317,82.5,6272.55322265625,36970.688949270334,415
-6698964.701756772,6626932.841167175,90.00000000000001,6272.55322265625,36970.688949270334,415
-6698959.398455912,6626938.144468034,97.50000000000001,6272.55322265625,36970.688949270334,415
-6698954.095155054,6626943.447768893,105.00000000000003,6272.55322265625,36970.688949270334,415
-6698948.791854194,6626948.7510697525,112.5,6272.55322265625,36970.688949270334,415
-6698943.488553336,6626954.054370611,120.0,6272.55322265625,36970.688949270334,415
-6698938.1852524765,6626959.357671469,127.50000000000001,6272.55322265625,36970.688949270334,415
-6698932.881951618,6626964.660972329,135.00000000000003,6272.55322265625,36970.688949270334,415
-6698927.578650759,6626969.964273188,142.50000000000003,6273.2421875,36970.688949270334,415
-6698922.2753499,6626975.267574047,150.0,6273.2421875,36970.688949270334,415
-6698498.186109364,6626598.445470414,-150.0,6275.45458984375,37477.13674309596,415
-6698503.4894102225,6626603.748771273,-142.5,6275.45458984375,37477.13674309596,415
-6698508.792711082,6626609.052072132,-135.0,6275.45458984375,37477.13674309596,415
-6698514.09601194,6626614.3553729905,-127.5,6275.45458984375,37477.13674309596,415
-6698519.3993128,6626619.65867385,-120.0,6275.45458984375,37477.13674309596,415
-6698524.702613658,6626624.961974708,-112.5,6275.45458984375,37477.13674309596,415
-6698530.005914518,6626630.265275568,-105.0,6275.45458984375,37477.13674309596,415
-6698535.309215376,6626635.568576426,-97.49999999999999,6273.3232421875,37477.13674309596,415
-6698540.612516236,6626640.871877286,-90.0,6273.3232421875,37477.13674309596,415
-6698545.915817094,6626646.175178144,-82.5,6273.3232421875,37477.13674309596,415
-6698551.2191179525,6626651.4784790035,-75.0,6273.3232421875,37477.13674309596,415
-6698556.522418812,6626656.781779862,-67.5,6273.3232421875,37477.13674309596,415
-6698561.82571967,6626662.0850807205,-59.999999999999986,6273.3232421875,37477.13674309596,415
-6698567.12902053,6626667.38838158,-52.5,6270.26318359375,37477.13674309596,415
-6698572.432321388,6626672.691682438,-44.99999999999999,6270.26318359375,37477.13674309596,415
-6698577.735622248,6626677.994983298,-37.5,6270.26318359375,37477.13674309596,415
-6698583.038923106,6626683.298284156,-29.999999999999993,6270.26318359375,37477.13674309596,415
-6698588.342223966,6626688.601585016,-22.499999999999986,6270.26318359375,37477.13674309596,415
-6698593.645524824,6626693.904885874,-14.999999999999996,6270.26318359375,37477.13674309596,415
-6698598.948825683,6626699.208186734,-7.49999999999999,6270.26318359375,37477.13674309596,415
-6698604.252126542,6626704.511487592,0.0,6270.26318359375,37477.13674309596,415
-6698609.5554274,6626709.8147884505,7.500000000000007,6270.26318359375,37477.13674309596,415
-6698614.85872826,6626715.11808931,15.000000000000014,6270.26318359375,37477.13674309596,415
-6698620.162029118,6626720.421390168,22.50000000000002,6270.26318359375,37477.13674309596,415
-6698625.465329978,6626725.724691028,30.00000000000003,6270.26318359375,37477.13674309596,415
-6698630.768630836,6626731.027991886,37.5,6270.26318359375,37477.13674309596,415
-6698636.071931696,6626736.331292746,45.00000000000001,6270.26318359375,37477.13674309596,415
-6698641.375232554,6626741.634593604,52.500000000000014,6270.26318359375,37477.13674309596,415
-6698646.678533413,6626746.937894464,60.00000000000002,6271.302734375,37477.13674309596,415
-6698651.981834272,6626752.241195322,67.50000000000003,6271.302734375,37477.13674309596,415
-6698657.285135131,6626757.5444961805,75.0,6271.302734375,37477.13674309596,415
-6698662.58843599,6626762.84779704,82.5,6271.302734375,37477.13674309596,415
-6698667.891736848,6626768.151097898,90.00000000000001,6271.302734375,37477.13674309596,415
-6698673.195037708,6626773.454398758,97.50000000000001,6271.302734375,37477.13674309596,415
-6698678.498338566,6626778.757699616,105.00000000000003,6272.78662109375,37477.13674309596,415
-6698683.801639426,6626784.061000476,112.5,6272.78662109375,37477.13674309596,415
-6698689.104940284,6626789.364301334,120.0,6272.78662109375,37477.13674309596,415
-6698694.408241143,6626794.667602194,127.50000000000001,6272.78662109375,37477.13674309596,415
-6698699.711542002,6626799.970903052,135.00000000000003,6272.78662109375,37477.13674309596,415
-6698705.014842861,6626805.274203911,142.50000000000003,6272.78662109375,37477.13674309596,415
-6698710.31814372,6626810.57750477,150.0,6272.78662109375,37477.13674309596,415
-6698133.435503755,6627012.096114019,-150.0,6270.60546875,37983.584536921575,415
-6698140.935503755,6627012.096114019,-142.5,6270.60546875,37983.584536921575,415
-6698148.435503755,6627012.096114019,-135.0,6270.60546875,37983.584536921575,415
-6698155.935503755,6627012.096114019,-127.5,6270.60546875,37983.584536921575,415
-6698163.435503755,6627012.096114019,-120.0,6270.60546875,37983.584536921575,415
-6698170.935503755,6627012.096114019,-112.5,6270.60546875,37983.584536921575,415
-6698178.435503755,6627012.096114019,-105.0,6270.60546875,37983.584536921575,415
-6698185.935503755,6627012.096114019,-97.49999999999999,6270.60546875,37983.584536921575,415
-6698193.435503755,6627012.096114019,-90.0,6270.60546875,37983.584536921575,415
-6698200.935503755,6627012.096114019,-82.5,6270.60546875,37983.584536921575,415
-6698208.435503755,6627012.096114019,-75.0,6270.60546875,37983.584536921575,415
-6698215.935503755,6627012.096114019,-67.5,6270.60546875,37983.584536921575,415
-6698223.435503755,6627012.096114019,-59.999999999999986,6270.60546875,37983.584536921575,415
-6698230.935503755,6627012.096114019,-52.5,6268.802734375,37983.584536921575,415
-6698238.435503755,6627012.096114019,-44.99999999999999,6268.802734375,37983.584536921575,415
-6698245.935503755,6627012.096114019,-37.5,6268.802734375,37983.584536921575,415
-6698253.435503755,6627012.096114019,-29.999999999999993,6268.802734375,37983.584536921575,415
-6698260.935503755,6627012.096114019,-22.499999999999986,6268.802734375,37983.584536921575,415
-6698268.435503755,6627012.096114019,-14.999999999999996,6268.802734375,37983.584536921575,415
-6698275.935503755,6627012.096114019,-7.49999999999999,6268.802734375,37983.584536921575,415
-6698283.435503755,6627012.096114019,0.0,6268.802734375,37983.584536921575,415
-6698290.935503755,6627012.096114019,7.500000000000007,6268.802734375,37983.584536921575,415
-6698298.435503755,6627012.096114019,15.000000000000014,6268.802734375,37983.584536921575,415
-6698305.935503755,6627012.096114019,22.50000000000002,6268.802734375,37983.584536921575,415
-6698313.435503755,6627012.096114019,30.00000000000003,6268.802734375,37983.584536921575,415
-6698320.935503755,6627012.096114019,37.5,6268.802734375,37983.584536921575,415
-6698328.435503755,6627012.096114019,45.00000000000001,6268.802734375,37983.584536921575,415
-6698335.935503755,6627012.096114019,52.500000000000014,6268.802734375,37983.584536921575,415
-6698343.435503755,6627012.096114019,60.00000000000002,6270.5693359375,37983.584536921575,415
-6698350.935503755,6627012.096114019,67.50000000000003,6270.5693359375,37983.584536921575,415
-6698358.435503755,6627012.096114019,75.0,6270.5693359375,37983.584536921575,415
-6698365.935503755,6627012.096114019,82.5,6270.5693359375,37983.584536921575,415
-6698373.435503755,6627012.096114019,90.00000000000001,6270.5693359375,37983.584536921575,415
-6698380.935503755,6627012.096114019,97.50000000000001,6270.5693359375,37983.584536921575,415
-6698388.435503755,6627012.096114019,105.00000000000003,6270.5693359375,37983.584536921575,415
-6698395.935503755,6627012.096114019,112.5,6270.5693359375,37983.584536921575,415
-6698403.435503755,6627012.096114019,120.0,6270.5693359375,37983.584536921575,415
-6698410.935503755,6627012.096114019,127.50000000000001,6270.5693359375,37983.584536921575,415
-6698418.435503755,6627012.096114019,135.00000000000003,6270.5693359375,37983.584536921575,415
-6698425.935503755,6627012.096114019,142.50000000000003,6270.5693359375,37983.584536921575,415
-6698433.435503755,6627012.096114019,150.0,6270.5693359375,37983.584536921575,415
-6698133.512122311,6627301.00661378,-150.0,6266.08447265625,38490.0323307472,415
-6698138.815423169,6627306.309914638,-142.5,6266.08447265625,38490.0323307472,415
-6698144.118724029,6627311.613215498,-135.0,6270.048828125,38490.0323307472,415
-6698149.422024887,6627316.916516356,-127.5,6270.048828125,38490.0323307472,415
-6698154.725325746,6627322.219817216,-120.0,6270.048828125,38490.0323307472,415
-6698160.028626605,6627327.523118074,-112.5,6270.048828125,38490.0323307472,415
-6698165.331927464,6627332.826418933,-105.0,6270.048828125,38490.0323307472,415
-6698170.635228323,6627338.129719792,-97.49999999999999,6270.048828125,38490.0323307472,415
-6698175.938529182,6627343.433020651,-90.0,6270.048828125,38490.0323307472,415
-6698181.241830041,6627348.73632151,-82.5,6270.048828125,38490.0323307472,415
-6698186.545130899,6627354.039622368,-75.0,6270.048828125,38490.0323307472,415
-6698191.848431759,6627359.342923228,-67.5,6270.048828125,38490.0323307472,415
-6698197.151732617,6627364.646224086,-59.999999999999986,6270.048828125,38490.0323307472,415
-6698202.455033476,6627369.949524946,-52.5,6270.048828125,38490.0323307472,415
-6698207.758334335,6627375.252825804,-44.99999999999999,6270.048828125,38490.0323307472,415
-6698213.061635194,6627380.556126663,-37.5,6270.048828125,38490.0323307472,415
-6698218.364936053,6627385.859427522,-29.999999999999993,6270.048828125,38490.0323307472,415
-6698223.668236912,6627391.162728381,-22.499999999999986,6270.048828125,38490.0323307472,415
-6698228.971537771,6627396.46602924,-14.999999999999996,6265.9404296875,38490.0323307472,415
-6698234.27483863,6627401.769330099,-7.49999999999999,6265.9404296875,38490.0323307472,415
-6698239.578139489,6627407.072630958,0.0,6265.9404296875,38490.0323307472,415
-6698244.881440347,6627412.375931816,7.500000000000007,6265.9404296875,38490.0323307472,415
-6698250.1847412065,6627417.679232676,15.000000000000014,6265.9404296875,38490.0323307472,415
-6698255.488042065,6627422.982533534,22.50000000000002,6268.212890625,38490.0323307472,415
-6698260.791342924,6627428.285834393,30.00000000000003,6268.212890625,38490.0323307472,415
-6698266.094643783,6627433.589135252,37.5,6268.212890625,38490.0323307472,415
-6698271.397944642,6627438.892436111,45.00000000000001,6268.212890625,38490.0323307472,415
-6698276.701245501,6627444.19573697,52.500000000000014,6268.212890625,38490.0323307472,415
-6698282.00454636,6627449.499037829,60.00000000000002,6268.212890625,38490.0323307472,415
-6698287.307847219,6627454.802338688,67.50000000000003,6268.212890625,38490.0323307472,415
-6698292.611148078,6627460.105639547,75.0,6268.212890625,38490.0323307472,415
-6698297.9144489365,6627465.408940406,82.5,6268.212890625,38490.0323307472,415
-6698303.217749795,6627470.712241264,90.00000000000001,6268.212890625,38490.0323307472,415
-6698308.521050654,6627476.0155421235,97.50000000000001,6268.212890625,38490.0323307472,415
-6698313.824351513,6627481.318842982,105.00000000000003,6268.212890625,38490.0323307472,415
-6698319.127652372,6627486.622143841,112.5,6268.212890625,38490.0323307472,415
-6698324.430953231,6627491.9254447,120.0,6268.212890625,38490.0323307472,415
-6698329.73425409,6627497.228745559,127.50000000000001,6268.212890625,38490.0323307472,415
-6698335.037554949,6627502.532046418,135.00000000000003,6268.212890625,38490.0323307472,415
-6698340.340855808,6627507.835347277,142.50000000000003,6268.65966796875,38490.0323307472,415
-6698345.6441566665,6627513.138648136,150.0,6268.65966796875,38490.0323307472,415
-6697920.898044475,6627551.102423004,-150.0,6269.1025390625,38996.48012457282,415
-6697920.898044475,6627558.602423004,-142.5,6269.1025390625,38996.48012457282,415
-6697920.898044475,6627566.102423004,-135.0,6269.1025390625,38996.48012457282,415
-6697920.898044475,6627573.602423004,-127.5,6269.1025390625,38996.48012457282,415
-6697920.898044475,6627581.102423004,-120.0,6269.1025390625,38996.48012457282,415
-6697920.898044475,6627588.602423004,-112.5,6269.1025390625,38996.48012457282,415
-6697920.898044475,6627596.102423004,-105.0,6269.1025390625,38996.48012457282,415
-6697920.898044475,6627603.602423004,-97.49999999999999,6269.1025390625,38996.48012457282,415
-6697920.898044475,6627611.102423004,-90.0,6269.1025390625,38996.48012457282,415
-6697920.898044475,6627618.602423004,-82.5,6269.1025390625,38996.48012457282,415
-6697920.898044475,6627626.102423004,-75.0,6269.1025390625,38996.48012457282,415
-6697920.898044475,6627633.602423004,-67.5,6269.1025390625,38996.48012457282,415
-6697920.898044475,6627641.102423004,-59.999999999999986,6269.1025390625,38996.48012457282,415
-6697920.898044475,6627648.602423004,-52.5,6267.44677734375,38996.48012457282,415
-6697920.898044475,6627656.102423004,-44.99999999999999,6267.44677734375,38996.48012457282,415
-6697920.898044475,6627663.602423004,-37.5,6267.44677734375,38996.48012457282,415
-6697920.898044475,6627671.102423004,-29.999999999999993,6267.44677734375,38996.48012457282,415
-6697920.898044475,6627678.602423004,-22.499999999999986,6267.44677734375,38996.48012457282,415
-6697920.898044475,6627686.102423004,-14.999999999999996,6267.44677734375,38996.48012457282,415
-6697920.898044475,6627693.602423004,-7.49999999999999,6267.44677734375,38996.48012457282,415
-6697920.898044475,6627701.102423004,0.0,6267.44677734375,38996.48012457282,415
-6697920.898044475,6627708.602423004,7.500000000000007,6267.44677734375,38996.48012457282,415
-6697920.898044475,6627716.102423004,15.000000000000014,6267.44677734375,38996.48012457282,415
-6697920.898044475,6627723.602423004,22.50000000000002,6267.44677734375,38996.48012457282,415
-6697920.898044475,6627731.102423004,30.00000000000003,6267.44677734375,38996.48012457282,415
-6697920.898044475,6627738.602423004,37.5,6267.44677734375,38996.48012457282,415
-6697920.898044475,6627746.102423004,45.00000000000001,6267.44677734375,38996.48012457282,415
-6697920.898044475,6627753.602423004,52.500000000000014,6267.44677734375,38996.48012457282,415
-6697920.898044475,6627761.102423004,60.00000000000002,6274.23046875,38996.48012457282,415
-6697920.898044475,6627768.602423004,67.50000000000003,6274.23046875,38996.48012457282,415
-6697920.898044475,6627776.102423004,75.0,6274.23046875,38996.48012457282,415
-6697920.898044475,6627783.602423004,82.5,6274.23046875,38996.48012457282,415
-6697920.898044475,6627791.102423004,90.00000000000001,6274.23046875,38996.48012457282,415
-6697920.898044475,6627798.602423004,97.50000000000001,6274.23046875,38996.48012457282,415
-6697920.898044475,6627806.102423004,105.00000000000003,6274.23046875,38996.48012457282,415
-6697920.898044475,6627813.602423004,112.5,6274.23046875,38996.48012457282,415
-6697920.898044475,6627821.102423004,120.0,6274.23046875,38996.48012457282,415
-6697920.898044475,6627828.602423004,127.50000000000001,6274.23046875,38996.48012457282,415
-6697920.898044475,6627836.102423004,135.00000000000003,6274.23046875,38996.48012457282,415
-6697920.898044475,6627843.602423004,142.50000000000003,6274.23046875,38996.48012457282,415
-6697920.898044475,6627851.102423004,150.0,6274.23046875,38996.48012457282,415
-6697364.974407738,6627506.39906783,-150.0,6270.91943359375,39502.92791839844,415
-6697370.277708597,6627511.70236869,-142.5,6270.91943359375,39502.92791839844,415
-6697375.581009456,6627517.005669548,-135.0,6270.91943359375,39502.92791839844,415
-6697380.884310314,6627522.308970407,-127.5,6270.91943359375,39502.92791839844,415
-6697386.187611174,6627527.612271266,-120.0,6270.91943359375,39502.92791839844,415
-6697391.490912032,6627532.915572125,-112.5,6270.3857421875,39502.92791839844,415
-6697396.794212892,6627538.218872984,-105.0,6270.3857421875,39502.92791839844,415
-6697402.09751375,6627543.522173842,-97.49999999999999,6270.3857421875,39502.92791839844,415
-6697407.40081461,6627548.825474702,-90.0,6270.3857421875,39502.92791839844,415
-6697412.704115468,6627554.128775561,-82.5,6270.3857421875,39502.92791839844,415
-6697418.007416327,6627559.43207642,-75.0,6270.3857421875,39502.92791839844,415
-6697423.310717186,6627564.735377278,-67.5,6270.3857421875,39502.92791839844,415
-6697428.614018044,6627570.038678138,-59.999999999999986,6270.3857421875,39502.92791839844,415
-6697433.917318904,6627575.341978997,-52.5,6270.3857421875,39502.92791839844,415
-6697439.220619762,6627580.6452798555,-44.99999999999999,6266.2177734375,39502.92791839844,415
-6697444.523920622,6627585.948580714,-37.5,6266.2177734375,39502.92791839844,415
-6697449.82722148,6627591.251881573,-29.999999999999993,6266.2177734375,39502.92791839844,415
-6697455.13052234,6627596.555182433,-22.499999999999986,6266.2177734375,39502.92791839844,415
-6697460.433823198,6627601.858483291,-14.999999999999996,6266.2177734375,39502.92791839844,415
-6697465.7371240575,6627607.16178415,-7.49999999999999,6266.2177734375,39502.92791839844,415
-6697471.040424916,6627612.465085009,0.0,6266.2177734375,39502.92791839844,415
-6697476.343725774,6627617.7683858685,7.500000000000007,6266.2177734375,39502.92791839844,415
-6697481.647026634,6627623.071686727,15.000000000000014,6266.2177734375,39502.92791839844,415
-6697486.950327492,6627628.3749875855,22.50000000000002,6266.2177734375,39502.92791839844,415
-6697492.253628352,6627633.678288445,30.00000000000003,6266.2177734375,39502.92791839844,415
-6697497.55692921,6627638.981589304,37.5,6266.2177734375,39502.92791839844,415
-6697502.86023007,6627644.284890163,45.00000000000001,6266.2177734375,39502.92791839844,415
-6697508.163530928,6627649.588191021,52.500000000000014,6263.85595703125,39502.92791839844,415
-6697513.4668317875,6627654.891491881,60.00000000000002,6263.85595703125,39502.92791839844,415
-6697518.770132646,6627660.19479274,67.50000000000003,6263.85595703125,39502.92791839844,415
-6697524.073433505,6627665.4980935985,75.0,6263.85595703125,39502.92791839844,415
-6697529.376734364,6627670.801394457,82.5,6263.85595703125,39502.92791839844,415
-6697534.680035222,6627676.104695316,90.00000000000001,6263.85595703125,39502.92791839844,415
-6697539.983336082,6627681.407996176,97.50000000000001,6263.85595703125,39502.92791839844,415
-6697545.28663694,6627686.711297034,105.00000000000003,6263.85595703125,39502.92791839844,415
-6697550.5899378,6627692.014597893,112.5,6263.85595703125,39502.92791839844,415
-6697555.893238658,6627697.317898752,120.0,6268.203125,39502.92791839844,415
-6697561.1965395175,6627702.621199612,127.50000000000001,6268.203125,39502.92791839844,415
-6697566.499840376,6627707.92450047,135.00000000000003,6268.203125,39502.92791839844,415
-6697571.803141235,6627713.2278013285,142.50000000000003,6268.203125,39502.92791839844,415
-6697577.106442094,6627718.531102188,150.0,6268.203125,39502.92791839844,415
-6696973.873452804,6627559.612866452,-150.0,6270.8955078125,40009.375712224064,415
-6696979.1767536625,6627564.91616731,-142.5,6270.8955078125,40009.375712224064,415
-6696984.480054522,6627570.21946817,-135.0,6270.8955078125,40009.375712224064,415
-6696989.78335538,6627575.522769028,-127.5,6269.31201171875,40009.375712224064,415
-6696995.08665624,6627580.826069888,-120.0,6269.31201171875,40009.375712224064,415
-6697000.389957098,6627586.129370746,-112.5,6269.31201171875,40009.375712224064,415
-6697005.693257958,6627591.432671606,-105.0,6269.31201171875,40009.375712224064,415
-6697010.996558816,6627596.735972464,-97.49999999999999,6269.31201171875,40009.375712224064,415
-6697016.299859676,6627602.0392733235,-90.0,6269.31201171875,40009.375712224064,415
-6697021.603160534,6627607.342574182,-82.5,6269.31201171875,40009.375712224064,415
-6697026.906461393,6627612.64587504,-75.0,6269.31201171875,40009.375712224064,415
-6697032.209762252,6627617.9491759,-67.5,6269.31201171875,40009.375712224064,415
-6697037.51306311,6627623.252476758,-59.999999999999986,6269.31201171875,40009.375712224064,415
-6697042.81636397,6627628.555777618,-52.5,6269.31201171875,40009.375712224064,415
-6697048.119664828,6627633.859078476,-44.99999999999999,6269.31201171875,40009.375712224064,415
-6697053.422965688,6627639.162379336,-37.5,6269.31201171875,40009.375712224064,415
-6697058.726266546,6627644.465680194,-29.999999999999993,6269.31201171875,40009.375712224064,415
-6697064.029567406,6627649.7689810535,-22.499999999999986,6266.38525390625,40009.375712224064,415
-6697069.332868264,6627655.072281912,-14.999999999999996,6266.38525390625,40009.375712224064,415
-6697074.636169123,6627660.375582771,-7.49999999999999,6266.38525390625,40009.375712224064,415
-6697079.939469982,6627665.67888363,0.0,6266.38525390625,40009.375712224064,415
-6697085.24277084,6627670.982184488,7.500000000000007,6266.38525390625,40009.375712224064,415
-6697090.5460717,6627676.285485348,15.000000000000014,6266.38525390625,40009.375712224064,415
-6697095.849372558,6627681.588786206,22.50000000000002,6266.38525390625,40009.375712224064,415
-6697101.152673418,6627686.892087066,30.00000000000003,6267.36572265625,40009.375712224064,415
-6697106.455974276,6627692.195387924,37.5,6267.36572265625,40009.375712224064,415
-6697111.759275136,6627697.4986887835,45.00000000000001,6267.36572265625,40009.375712224064,415
-6697117.062575994,6627702.801989642,52.500000000000014,6267.36572265625,40009.375712224064,415
-6697122.3658768535,6627708.105290501,60.00000000000002,6267.36572265625,40009.375712224064,415
-6697127.669177712,6627713.40859136,67.50000000000003,6267.36572265625,40009.375712224064,415
-6697132.97247857,6627718.711892219,75.0,6267.36572265625,40009.375712224064,415
-6697138.27577943,6627724.015193078,82.5,6267.36572265625,40009.375712224064,415
-6697143.579080288,6627729.318493936,90.00000000000001,6267.36572265625,40009.375712224064,415
-6697148.882381148,6627734.621794796,97.50000000000001,6267.36572265625,40009.375712224064,415
-6697154.185682006,6627739.925095654,105.00000000000003,6267.36572265625,40009.375712224064,415
-6697159.488982866,6627745.2283965135,112.5,6267.36572265625,40009.375712224064,415
-6697164.792283724,6627750.531697372,120.0,6267.36572265625,40009.375712224064,415
-6697170.0955845835,6627755.834998231,127.50000000000001,6267.36572265625,40009.375712224064,415
-6697175.398885442,6627761.13829909,135.00000000000003,6270.49169921875,40009.375712224064,415
-6697180.702186301,6627766.441599949,142.50000000000003,6270.49169921875,40009.375712224064,415
-6697186.00548716,6627771.744900808,150.0,6270.49169921875,40009.375712224064,415
-6696730.982068468,6628162.845855742,-150.0,6268.26953125,40515.82350604968,415
-6696736.285369326,6628157.542554883,-142.5,6268.26953125,40515.82350604968,415
-6696741.588670186,6628152.239254024,-135.0,6268.26953125,40515.82350604968,415
-6696746.891971044,6628146.935953165,-127.5,6268.26953125,40515.82350604968,415
-6696752.195271904,6628141.632652306,-120.0,6268.26953125,40515.82350604968,415
-6696757.498572762,6628136.3293514475,-112.5,6268.26953125,40515.82350604968,415
-6696762.8018736215,6628131.026050588,-105.0,6268.26953125,40515.82350604968,415
-6696768.10517448,6628125.72274973,-97.49999999999999,6265.5576171875,40515.82350604968,415
-6696773.408475339,6628120.41944887,-90.0,6265.5576171875,40515.82350604968,415
-6696778.711776198,6628115.116148012,-82.5,6265.5576171875,40515.82350604968,415
-6696784.015077056,6628109.812847152,-75.0,6265.5576171875,40515.82350604968,415
-6696789.318377916,6628104.509546294,-67.5,6265.5576171875,40515.82350604968,415
-6696794.621678774,6628099.206245435,-59.999999999999986,6265.5576171875,40515.82350604968,415
-6696799.924979634,6628093.902944576,-52.5,6263.63818359375,40515.82350604968,415
-6696805.228280492,6628088.5996437175,-44.99999999999999,6263.63818359375,40515.82350604968,415
-6696810.5315813515,6628083.296342858,-37.5,6263.63818359375,40515.82350604968,415
-6696815.83488221,6628077.993042,-29.999999999999993,6263.63818359375,40515.82350604968,415
-6696821.138183069,6628072.68974114,-22.499999999999986,6263.63818359375,40515.82350604968,415
-6696826.441483928,6628067.386440282,-14.999999999999996,6263.63818359375,40515.82350604968,415
-6696831.744784787,6628062.083139422,-7.49999999999999,6263.63818359375,40515.82350604968,415
-6696837.048085646,6628056.779838564,0.0,6263.63818359375,40515.82350604968,415
-6696842.351386504,6628051.476537705,7.500000000000007,6263.63818359375,40515.82350604968,415
-6696847.654687364,6628046.173236846,15.000000000000014,6263.63818359375,40515.82350604968,415
-6696852.957988222,6628040.8699359875,22.50000000000002,6263.63818359375,40515.82350604968,415
-6696858.261289082,6628035.566635128,30.00000000000003,6263.63818359375,40515.82350604968,415
-6696863.56458994,6628030.26333427,37.5,6263.63818359375,40515.82350604968,415
-6696868.867890799,6628024.96003341,45.00000000000001,6263.63818359375,40515.82350604968,415
-6696874.171191658,6628019.656732552,52.500000000000014,6263.63818359375,40515.82350604968,415
-6696879.474492517,6628014.353431692,60.00000000000002,6264.0625,40515.82350604968,415
-6696884.777793376,6628009.050130834,67.50000000000003,6264.0625,40515.82350604968,415
-6696890.081094235,6628003.746829975,75.0,6264.0625,40515.82350604968,415
-6696895.384395094,6627998.443529116,82.5,6264.0625,40515.82350604968,415
-6696900.687695952,6627993.1402282575,90.00000000000001,6264.0625,40515.82350604968,415
-6696905.990996812,6627987.836927398,97.50000000000001,6264.0625,40515.82350604968,415
-6696911.29429767,6627982.53362654,105.00000000000003,6266.23779296875,40515.82350604968,415
-6696916.597598529,6627977.23032568,112.5,6266.23779296875,40515.82350604968,415
-6696921.900899388,6627971.927024822,120.0,6266.23779296875,40515.82350604968,415
-6696927.204200247,6627966.623723962,127.50000000000001,6266.23779296875,40515.82350604968,415
-6696932.507501106,6627961.320423104,135.00000000000003,6266.23779296875,40515.82350604968,415
-6696937.810801965,6627956.017122244,142.50000000000003,6266.23779296875,40515.82350604968,415
-6696943.114102824,6627950.713821386,150.0,6266.23779296875,40515.82350604968,415
-6696562.546984851,6628308.826490717,-150.0,6268.29345703125,41022.271299875305,415
-6696567.85028571,6628314.1297915755,-142.5,6268.29345703125,41022.271299875305,415
-6696573.153586569,6628319.433092435,-135.0,6268.29345703125,41022.271299875305,415
-6696578.456887428,6628324.736393293,-127.5,6267.79052734375,41022.271299875305,415
-6696583.760188287,6628330.039694153,-120.0,6267.79052734375,41022.271299875305,415
-6696589.063489146,6628335.342995011,-112.5,6267.79052734375,41022.271299875305,415
-6696594.366790005,6628340.646295871,-105.0,6267.79052734375,41022.271299875305,415
-6696599.6700908635,6628345.949596729,-97.49999999999999,6267.79052734375,41022.271299875305,415
-6696604.973391723,6628351.252897589,-90.0,6267.79052734375,41022.271299875305,415
-6696610.276692581,6628356.556198447,-82.5,6267.79052734375,41022.271299875305,415
-6696615.57999344,6628361.8594993055,-75.0,6267.79052734375,41022.271299875305,415
-6696620.883294299,6628367.162800165,-67.5,6267.79052734375,41022.271299875305,415
-6696626.186595158,6628372.466101023,-59.999999999999986,6267.79052734375,41022.271299875305,415
-6696631.489896017,6628377.769401883,-52.5,6267.79052734375,41022.271299875305,415
-6696636.793196876,6628383.072702741,-44.99999999999999,6267.79052734375,41022.271299875305,415
-6696642.096497735,6628388.376003601,-37.5,6267.79052734375,41022.271299875305,415
-6696647.3997985935,6628393.679304459,-29.999999999999993,6267.79052734375,41022.271299875305,415
-6696652.703099453,6628398.982605319,-22.499999999999986,6263.990234375,41022.271299875305,415
-6696658.006400311,6628404.285906177,-14.999999999999996,6263.990234375,41022.271299875305,415
-6696663.309701171,6628409.589207036,-7.49999999999999,6263.990234375,41022.271299875305,415
-6696668.613002029,6628414.892507895,0.0,6263.990234375,41022.271299875305,415
-6696673.916302888,6628420.195808753,7.500000000000007,6263.990234375,41022.271299875305,415
-6696679.219603747,6628425.499109613,15.000000000000014,6263.990234375,41022.271299875305,415
-6696684.522904606,6628430.802410471,22.50000000000002,6263.990234375,41022.271299875305,415
-6696689.826205465,6628436.105711331,30.00000000000003,6262.09814453125,41022.271299875305,415
-6696695.1295063235,6628441.409012189,37.5,6262.09814453125,41022.271299875305,415
-6696700.432807183,6628446.712313049,45.00000000000001,6262.09814453125,41022.271299875305,415
-6696705.736108041,6628452.015613907,52.500000000000014,6262.09814453125,41022.271299875305,415
-6696711.039408901,6628457.318914766,60.00000000000002,6262.09814453125,41022.271299875305,415
-6696716.342709759,6628462.622215625,67.50000000000003,6262.09814453125,41022.271299875305,415
-6696721.646010619,6628467.925516484,75.0,6262.09814453125,41022.271299875305,415
-6696726.949311477,6628473.228817343,82.5,6262.09814453125,41022.271299875305,415
-6696732.252612336,6628478.532118201,90.00000000000001,6262.09814453125,41022.271299875305,415
-6696737.555913195,6628483.835419061,97.50000000000001,6262.09814453125,41022.271299875305,415
-6696742.8592140535,6628489.138719919,105.00000000000003,6262.09814453125,41022.271299875305,415
-6696748.162514913,6628494.442020779,112.5,6262.09814453125,41022.271299875305,415
-6696753.465815771,6628499.745321637,120.0,6262.09814453125,41022.271299875305,415
-6696758.769116631,6628505.048622496,127.50000000000001,6262.09814453125,41022.271299875305,415
-6696764.072417489,6628510.351923355,135.00000000000003,6266.6884765625,41022.271299875305,415
-6696769.375718349,6628515.655224214,142.50000000000003,6266.6884765625,41022.271299875305,415
-6696774.679019207,6628520.958525073,150.0,6266.6884765625,41022.271299875305,415
-6696171.446029918,6628587.298393547,-150.0,6266.5244140625,41528.71909370092,415
-6696176.749330777,6628592.601694405,-142.5,6266.5244140625,41528.71909370092,415
-6696182.052631636,6628597.9049952645,-135.0,6266.5244140625,41528.71909370092,415
-6696187.355932495,6628603.208296123,-127.5,6266.5244140625,41528.71909370092,415
-6696192.659233354,6628608.511596982,-120.0,6266.5244140625,41528.71909370092,415
-6696197.9625342125,6628613.814897841,-112.5,6266.5244140625,41528.71909370092,415
-6696203.265835072,6628619.1181987,-105.0,6266.2900390625,41528.71909370092,415
-6696208.56913593,6628624.421499559,-97.49999999999999,6266.2900390625,41528.71909370092,415
-6696213.87243679,6628629.724800418,-90.0,6266.2900390625,41528.71909370092,415
-6696219.175737648,6628635.028101277,-82.5,6266.2900390625,41528.71909370092,415
-6696224.479038507,6628640.331402136,-75.0,6266.2900390625,41528.71909370092,415
-6696229.782339366,6628645.6347029945,-67.5,6266.2900390625,41528.71909370092,415
-6696235.085640225,6628650.938003853,-59.999999999999986,6266.2900390625,41528.71909370092,415
-6696240.388941084,6628656.241304712,-52.5,6266.2900390625,41528.71909370092,415
-6696245.6922419425,6628661.544605571,-44.99999999999999,6262.41796875,41528.71909370092,415
-6696250.995542802,6628666.84790643,-37.5,6262.41796875,41528.71909370092,415
-6696256.29884366,6628672.151207289,-29.999999999999993,6262.41796875,41528.71909370092,415
-6696261.60214452,6628677.454508148,-22.499999999999986,6262.41796875,41528.71909370092,415
-6696266.905445378,6628682.757809007,-14.999999999999996,6262.41796875,41528.71909370092,415
-6696272.208746238,6628688.061109866,-7.49999999999999,6262.41796875,41528.71909370092,415
-6696277.512047096,6628693.3644107245,0.0,6262.41796875,41528.71909370092,415
-6696282.815347955,6628698.667711583,7.500000000000007,6262.41796875,41528.71909370092,415
-6696288.118648814,6628703.971012442,15.000000000000014,6262.41796875,41528.71909370092,415
-6696293.4219496725,6628709.274313301,22.50000000000002,6262.41796875,41528.71909370092,415
-6696298.725250532,6628714.57761416,30.00000000000003,6262.41796875,41528.71909370092,415
-6696304.02855139,6628719.880915019,37.5,6262.41796875,41528.71909370092,415
-6696309.33185225,6628725.184215878,45.00000000000001,6262.41796875,41528.71909370092,415
-6696314.635153108,6628730.487516737,52.500000000000014,6265.5244140625,41528.71909370092,415
-6696319.938453968,6628735.790817596,60.00000000000002,6265.5244140625,41528.71909370092,415
-6696325.241754826,6628741.0941184545,67.50000000000003,6265.5244140625,41528.71909370092,415
-6696330.545055686,6628746.397419313,75.0,6265.5244140625,41528.71909370092,415
-6696335.848356544,6628751.700720172,82.5,6265.5244140625,41528.71909370092,415
-6696341.1516574025,6628757.004021031,90.00000000000001,6265.5244140625,41528.71909370092,415
-6696346.454958262,6628762.30732189,97.50000000000001,6265.5244140625,41528.71909370092,415
-6696351.75825912,6628767.610622749,105.00000000000003,6265.5244140625,41528.71909370092,415
-6696357.06155998,6628772.913923608,112.5,6265.39453125,41528.71909370092,415
-6696362.364860838,6628778.217224467,120.0,6265.39453125,41528.71909370092,415
-6696367.668161698,6628783.520525326,127.50000000000001,6265.39453125,41528.71909370092,415
-6696372.971462556,6628788.8238261845,135.00000000000003,6265.39453125,41528.71909370092,415
-6696378.274763416,6628794.127127044,142.50000000000003,6265.39453125,41528.71909370092,415
-6696383.578064274,6628799.430427902,150.0,6265.39453125,41528.71909370092,415
-6695826.580689518,6628677.392944047,-150.0,6264.85546875,42035.166887526546,415
-6695826.580689518,6628684.892944047,-142.5,6264.85546875,42035.166887526546,415
-6695826.580689518,6628692.392944047,-135.0,6264.85546875,42035.166887526546,415
-6695826.580689518,6628699.892944047,-127.5,6264.85546875,42035.166887526546,415
-6695826.580689518,6628707.392944047,-120.0,6264.85546875,42035.166887526546,415
-6695826.580689518,6628714.892944047,-112.5,6264.85546875,42035.166887526546,415
-6695826.580689518,6628722.392944047,-105.0,6264.85546875,42035.166887526546,415
-6695826.580689518,6628729.892944047,-97.49999999999999,6264.85546875,42035.166887526546,415
-6695826.580689518,6628737.392944047,-90.0,6264.85546875,42035.166887526546,415
-6695826.580689518,6628744.892944047,-82.5,6264.85546875,42035.166887526546,415
-6695826.580689518,6628752.392944047,-75.0,6264.85546875,42035.166887526546,415
-6695826.580689518,6628759.892944047,-67.5,6264.85546875,42035.166887526546,415
-6695826.580689518,6628767.392944047,-59.999999999999986,6264.85546875,42035.166887526546,415
-6695826.580689518,6628774.892944047,-52.5,6263.31591796875,42035.166887526546,415
-6695826.580689518,6628782.392944047,-44.99999999999999,6263.31591796875,42035.166887526546,415
-6695826.580689518,6628789.892944047,-37.5,6263.31591796875,42035.166887526546,415
-6695826.580689518,6628797.392944047,-29.999999999999993,6263.31591796875,42035.166887526546,415
-6695826.580689518,6628804.892944047,-22.499999999999986,6263.31591796875,42035.166887526546,415
-6695826.580689518,6628812.392944047,-14.999999999999996,6263.31591796875,42035.166887526546,415
-6695826.580689518,6628819.892944047,-7.49999999999999,6263.31591796875,42035.166887526546,415
-6695826.580689518,6628827.392944047,0.0,6263.31591796875,42035.166887526546,415
-6695826.580689518,6628834.892944047,7.500000000000007,6263.31591796875,42035.166887526546,415
-6695826.580689518,6628842.392944047,15.000000000000014,6263.31591796875,42035.166887526546,415
-6695826.580689518,6628849.892944047,22.50000000000002,6263.31591796875,42035.166887526546,415
-6695826.580689518,6628857.392944047,30.00000000000003,6263.31591796875,42035.166887526546,415
-6695826.580689518,6628864.892944047,37.5,6263.31591796875,42035.166887526546,415
-6695826.580689518,6628872.392944047,45.00000000000001,6263.31591796875,42035.166887526546,415
-6695826.580689518,6628879.892944047,52.500000000000014,6263.31591796875,42035.166887526546,415
-6695826.580689518,6628887.392944047,60.00000000000002,6265.14306640625,42035.166887526546,415
-6695826.580689518,6628894.892944047,67.50000000000003,6265.14306640625,42035.166887526546,415
-6695826.580689518,6628902.392944047,75.0,6265.14306640625,42035.166887526546,415
-6695826.580689518,6628909.892944047,82.5,6265.14306640625,42035.166887526546,415
-6695826.580689518,6628917.392944047,90.00000000000001,6265.14306640625,42035.166887526546,415
-6695826.580689518,6628924.892944047,97.50000000000001,6265.14306640625,42035.166887526546,415
-6695826.580689518,6628932.392944047,105.00000000000003,6265.14306640625,42035.166887526546,415
-6695826.580689518,6628939.892944047,112.5,6265.14306640625,42035.166887526546,415
-6695826.580689518,6628947.392944047,120.0,6265.14306640625,42035.166887526546,415
-6695826.580689518,6628954.892944047,127.50000000000001,6265.14306640625,42035.166887526546,415
-6695826.580689518,6628962.392944047,135.00000000000003,6265.14306640625,42035.166887526546,415
-6695826.580689518,6628969.892944047,142.50000000000003,6265.14306640625,42035.166887526546,415
-6695826.580689518,6628977.392944047,150.0,6265.14306640625,42035.166887526546,415
-6695430.338253252,6628928.316768604,-150.0,6264.10107421875,42541.61468135217,415
-6695437.838253252,6628928.316768604,-142.5,6264.10107421875,42541.61468135217,415
-6695445.338253252,6628928.316768604,-135.0,6264.10107421875,42541.61468135217,415
-6695452.838253252,6628928.316768604,-127.5,6264.10107421875,42541.61468135217,415
-6695460.338253252,6628928.316768604,-120.0,6264.10107421875,42541.61468135217,415
-6695467.838253252,6628928.316768604,-112.5,6264.10107421875,42541.61468135217,415
-6695475.338253252,6628928.316768604,-105.0,6264.10107421875,42541.61468135217,415
-6695482.838253252,6628928.316768604,-97.49999999999999,6264.10107421875,42541.61468135217,415
-6695490.338253252,6628928.316768604,-90.0,6264.10107421875,42541.61468135217,415
-6695497.838253252,6628928.316768604,-82.5,6264.10107421875,42541.61468135217,415
-6695505.338253252,6628928.316768604,-75.0,6264.10107421875,42541.61468135217,415
-6695512.838253252,6628928.316768604,-67.5,6264.10107421875,42541.61468135217,415
-6695520.338253252,6628928.316768604,-59.999999999999986,6264.10107421875,42541.61468135217,415
-6695527.838253252,6628928.316768604,-52.5,6263.2568359375,42541.61468135217,415
-6695535.338253252,6628928.316768604,-44.99999999999999,6263.2568359375,42541.61468135217,415
-6695542.838253252,6628928.316768604,-37.5,6263.2568359375,42541.61468135217,415
-6695550.338253252,6628928.316768604,-29.999999999999993,6263.2568359375,42541.61468135217,415
-6695557.838253252,6628928.316768604,-22.499999999999986,6263.2568359375,42541.61468135217,415
-6695565.338253252,6628928.316768604,-14.999999999999996,6263.2568359375,42541.61468135217,415
-6695572.838253252,6628928.316768604,-7.49999999999999,6263.2568359375,42541.61468135217,415
-6695580.338253252,6628928.316768604,0.0,6263.2568359375,42541.61468135217,415
-6695587.838253252,6628928.316768604,7.500000000000007,6263.2568359375,42541.61468135217,415
-6695595.338253252,6628928.316768604,15.000000000000014,6263.2568359375,42541.61468135217,415
-6695602.838253252,6628928.316768604,22.50000000000002,6263.2568359375,42541.61468135217,415
-6695610.338253252,6628928.316768604,30.00000000000003,6263.2568359375,42541.61468135217,415
-6695617.838253252,6628928.316768604,37.5,6263.2568359375,42541.61468135217,415
-6695625.338253252,6628928.316768604,45.00000000000001,6263.2568359375,42541.61468135217,415
-6695632.838253252,6628928.316768604,52.500000000000014,6263.2568359375,42541.61468135217,415
-6695640.338253252,6628928.316768604,60.00000000000002,6265.853515625,42541.61468135217,415
-6695647.838253252,6628928.316768604,67.50000000000003,6265.853515625,42541.61468135217,415
-6695655.338253252,6628928.316768604,75.0,6265.853515625,42541.61468135217,415
-6695662.838253252,6628928.316768604,82.5,6265.853515625,42541.61468135217,415
-6695670.338253252,6628928.316768604,90.00000000000001,6265.853515625,42541.61468135217,415
-6695677.838253252,6628928.316768604,97.50000000000001,6265.853515625,42541.61468135217,415
-6695685.338253252,6628928.316768604,105.00000000000003,6265.853515625,42541.61468135217,415
-6695692.838253252,6628928.316768604,112.5,6265.853515625,42541.61468135217,415
-6695700.338253252,6628928.316768604,120.0,6265.853515625,42541.61468135217,415
-6695707.838253252,6628928.316768604,127.50000000000001,6265.853515625,42541.61468135217,415
-6695715.338253252,6628928.316768604,135.00000000000003,6265.853515625,42541.61468135217,415
-6695722.838253252,6628928.316768604,142.50000000000003,6265.853515625,42541.61468135217,415
-6695730.338253252,6628928.316768604,150.0,6265.853515625,42541.61468135217,415
-6695091.448126914,6629104.151036029,-150.0,6264.70849609375,43048.06247517779,415
-6695096.751427772,6629109.454336887,-142.5,6263.92529296875,43048.06247517779,415
-6695102.054728632,6629114.757637747,-135.0,6263.92529296875,43048.06247517779,415
-6695107.35802949,6629120.060938605,-127.5,6263.92529296875,43048.06247517779,415
-6695112.66133035,6629125.3642394645,-120.0,6263.92529296875,43048.06247517779,415
-6695117.964631208,6629130.667540323,-112.5,6263.92529296875,43048.06247517779,415
-6695123.267932068,6629135.970841182,-105.0,6263.92529296875,43048.06247517779,415
-6695128.571232926,6629141.274142041,-97.49999999999999,6263.92529296875,43048.06247517779,415
-6695133.8745337855,6629146.5774429,-90.0,6263.92529296875,43048.06247517779,415
-6695139.177834644,6629151.880743759,-82.5,6263.92529296875,43048.06247517779,415
-6695144.481135502,6629157.184044618,-75.0,6263.92529296875,43048.06247517779,415
-6695149.784436362,6629162.487345477,-67.5,6263.92529296875,43048.06247517779,415
-6695155.08773722,6629167.790646335,-59.999999999999986,6263.92529296875,43048.06247517779,415
-6695160.39103808,6629173.0939471945,-52.5,6263.92529296875,43048.06247517779,415
-6695165.694338938,6629178.397248053,-44.99999999999999,6263.92529296875,43048.06247517779,415
-6695170.997639798,6629183.700548912,-37.5,6263.92529296875,43048.06247517779,415
-6695176.300940656,6629189.003849771,-29.999999999999993,6263.92529296875,43048.06247517779,415
-6695181.6042415155,6629194.30715063,-22.499999999999986,6263.92529296875,43048.06247517779,415
-6695186.907542374,6629199.610451489,-14.999999999999996,6263.43505859375,43048.06247517779,415
-6695192.210843233,6629204.913752348,-7.49999999999999,6263.43505859375,43048.06247517779,415
-6695197.514144092,6629210.217053207,0.0,6263.43505859375,43048.06247517779,415
-6695202.81744495,6629215.520354065,7.500000000000007,6263.43505859375,43048.06247517779,415
-6695208.12074581,6629220.8236549245,15.000000000000014,6263.43505859375,43048.06247517779,415
-6695213.424046668,6629226.126955783,22.50000000000002,6263.44189453125,43048.06247517779,415
-6695218.727347528,6629231.430256642,30.00000000000003,6263.44189453125,43048.06247517779,415
-6695224.030648386,6629236.733557501,37.5,6263.44189453125,43048.06247517779,415
-6695229.3339492455,6629242.03685836,45.00000000000001,6263.44189453125,43048.06247517779,415
-6695234.637250104,6629247.340159219,52.500000000000014,6263.44189453125,43048.06247517779,415
-6695239.940550963,6629252.643460078,60.00000000000002,6263.44189453125,43048.06247517779,415
-6695245.243851822,6629257.946760937,67.50000000000003,6263.44189453125,43048.06247517779,415
-6695250.547152681,6629263.250061795,75.0,6263.44189453125,43048.06247517779,415
-6695255.85045354,6629268.5533626545,82.5,6263.44189453125,43048.06247517779,415
-6695261.153754398,6629273.856663513,90.00000000000001,6263.44189453125,43048.06247517779,415
-6695266.457055258,6629279.159964372,97.50000000000001,6263.44189453125,43048.06247517779,415
-6695271.760356116,6629284.463265231,105.00000000000003,6263.44189453125,43048.06247517779,415
-6695277.0636569755,6629289.76656609,112.5,6263.44189453125,43048.06247517779,415
-6695282.366957834,6629295.069866949,120.0,6263.44189453125,43048.06247517779,415
-6695287.670258693,6629300.373167808,127.50000000000001,6263.44189453125,43048.06247517779,415
-6695292.973559552,6629305.676468667,135.00000000000003,6263.44189453125,43048.06247517779,415
-6695298.276860411,6629310.979769526,142.50000000000003,6263.44189453125,43048.06247517779,415
-6695303.58016127,6629316.2830703845,150.0,6263.89697265625,43048.06247517779,415
-6694765.757816743,6629240.538204568,-150.0,6263.26025390625,43554.51026900341,415
-6694765.757816743,6629248.038204568,-142.5,6263.26025390625,43554.51026900341,415
-6694765.757816743,6629255.538204568,-135.0,6263.26025390625,43554.51026900341,415
-6694765.757816743,6629263.038204568,-127.5,6263.26025390625,43554.51026900341,415
-6694765.757816743,6629270.538204568,-120.0,6263.26025390625,43554.51026900341,415
-6694765.757816743,6629278.038204568,-112.5,6263.26025390625,43554.51026900341,415
-6694765.757816743,6629285.538204568,-105.0,6263.26025390625,43554.51026900341,415
-6694765.757816743,6629293.038204568,-97.49999999999999,6263.26025390625,43554.51026900341,415
-6694765.757816743,6629300.538204568,-90.0,6263.26025390625,43554.51026900341,415
-6694765.757816743,6629308.038204568,-82.5,6263.26025390625,43554.51026900341,415
-6694765.757816743,6629315.538204568,-75.0,6263.26025390625,43554.51026900341,415
-6694765.757816743,6629323.038204568,-67.5,6263.26025390625,43554.51026900341,415
-6694765.757816743,6629330.538204568,-59.999999999999986,6263.26025390625,43554.51026900341,415
-6694765.757816743,6629338.038204568,-52.5,6262.45068359375,43554.51026900341,415
-6694765.757816743,6629345.538204568,-44.99999999999999,6262.45068359375,43554.51026900341,415
-6694765.757816743,6629353.038204568,-37.5,6262.45068359375,43554.51026900341,415
-6694765.757816743,6629360.538204568,-29.999999999999993,6262.45068359375,43554.51026900341,415
-6694765.757816743,6629368.038204568,-22.499999999999986,6262.45068359375,43554.51026900341,415
-6694765.757816743,6629375.538204568,-14.999999999999996,6262.45068359375,43554.51026900341,415
-6694765.757816743,6629383.038204568,-7.49999999999999,6262.45068359375,43554.51026900341,415
-6694765.757816743,6629390.538204568,0.0,6262.45068359375,43554.51026900341,415
-6694765.757816743,6629398.038204568,7.500000000000007,6262.45068359375,43554.51026900341,415
-6694765.757816743,6629405.538204568,15.000000000000014,6262.45068359375,43554.51026900341,415
-6694765.757816743,6629413.038204568,22.50000000000002,6262.45068359375,43554.51026900341,415
-6694765.757816743,6629420.538204568,30.00000000000003,6262.45068359375,43554.51026900341,415
-6694765.757816743,6629428.038204568,37.5,6262.45068359375,43554.51026900341,415
-6694765.757816743,6629435.538204568,45.00000000000001,6262.45068359375,43554.51026900341,415
-6694765.757816743,6629443.038204568,52.500000000000014,6262.45068359375,43554.51026900341,415
-6694765.757816743,6629450.538204568,60.00000000000002,6263.69970703125,43554.51026900341,415
-6694765.757816743,6629458.038204568,67.50000000000003,6263.69970703125,43554.51026900341,415
-6694765.757816743,6629465.538204568,75.0,6263.69970703125,43554.51026900341,415
-6694765.757816743,6629473.038204568,82.5,6263.69970703125,43554.51026900341,415
-6694765.757816743,6629480.538204568,90.00000000000001,6263.69970703125,43554.51026900341,415
-6694765.757816743,6629488.038204568,97.50000000000001,6263.69970703125,43554.51026900341,415
-6694765.757816743,6629495.538204568,105.00000000000003,6263.69970703125,43554.51026900341,415
-6694765.757816743,6629503.038204568,112.5,6263.69970703125,43554.51026900341,415
-6694765.757816743,6629510.538204568,120.0,6263.69970703125,43554.51026900341,415
-6694765.757816743,6629518.038204568,127.50000000000001,6263.69970703125,43554.51026900341,415
-6694765.757816743,6629525.538204568,135.00000000000003,6263.69970703125,43554.51026900341,415
-6694765.757816743,6629533.038204568,142.50000000000003,6263.69970703125,43554.51026900341,415
-6694765.757816743,6629540.538204568,150.0,6263.69970703125,43554.51026900341,415
-6694210.281360239,6629422.172542183,-150.0,6264.21533203125,44060.95806282903,415
-6694215.584661097,6629427.475843041,-142.5,6264.21533203125,44060.95806282903,415
-6694220.887961957,6629432.779143901,-135.0,6264.21533203125,44060.95806282903,415
-6694226.191262815,6629438.082444759,-127.5,6264.21533203125,44060.95806282903,415
-6694231.494563675,6629443.3857456185,-120.0,6264.21533203125,44060.95806282903,415
-6694236.797864533,6629448.689046477,-112.5,6262.59130859375,44060.95806282903,415
-6694242.101165392,6629453.992347336,-105.0,6262.59130859375,44060.95806282903,415
-6694247.404466251,6629459.295648195,-97.49999999999999,6262.59130859375,44060.95806282903,415
-6694252.70776711,6629464.598949054,-90.0,6262.59130859375,44060.95806282903,415
-6694258.011067969,6629469.902249913,-82.5,6262.59130859375,44060.95806282903,415
-6694263.314368827,6629475.205550771,-75.0,6262.59130859375,44060.95806282903,415
-6694268.617669687,6629480.508851631,-67.5,6262.59130859375,44060.95806282903,415
-6694273.920970545,6629485.812152489,-59.999999999999986,6262.59130859375,44060.95806282903,415
-6694279.224271405,6629491.1154533485,-52.5,6262.59130859375,44060.95806282903,415
-6694284.527572263,6629496.418754207,-44.99999999999999,6262.59130859375,44060.95806282903,415
-6694289.830873122,6629501.722055066,-37.5,6259.43310546875,44060.95806282903,415
-6694295.134173981,6629507.025355925,-29.999999999999993,6259.43310546875,44060.95806282903,415
-6694300.43747484,6629512.328656784,-22.499999999999986,6259.43310546875,44060.95806282903,415
-6694305.740775699,6629517.631957643,-14.999999999999996,6259.43310546875,44060.95806282903,415
-6694311.044076558,6629522.935258502,-7.49999999999999,6259.43310546875,44060.95806282903,415
-6694316.347377417,6629528.238559361,0.0,6259.43310546875,44060.95806282903,415
-6694321.650678275,6629533.541860219,7.500000000000007,6259.43310546875,44060.95806282903,415
-6694326.953979135,6629538.8451610785,15.000000000000014,6259.43310546875,44060.95806282903,415
-6694332.257279993,6629544.148461937,22.50000000000002,6259.43310546875,44060.95806282903,415
-6694337.560580852,6629549.451762796,30.00000000000003,6259.43310546875,44060.95806282903,415
-6694342.863881711,6629554.755063655,37.5,6259.43310546875,44060.95806282903,415
-6694348.16718257,6629560.058364514,45.00000000000001,6262.05224609375,44060.95806282903,415
-6694353.470483429,6629565.361665373,52.500000000000014,6262.05224609375,44060.95806282903,415
-6694358.773784288,6629570.664966232,60.00000000000002,6262.05224609375,44060.95806282903,415
-6694364.077085147,6629575.968267091,67.50000000000003,6262.05224609375,44060.95806282903,415
-6694369.380386006,6629581.27156795,75.0,6262.05224609375,44060.95806282903,415
-6694374.683686865,6629586.5748688085,82.5,6262.05224609375,44060.95806282903,415
-6694379.986987723,6629591.878169667,90.00000000000001,6262.05224609375,44060.95806282903,415
-6694385.290288582,6629597.181470526,97.50000000000001,6262.05224609375,44060.95806282903,415
-6694390.593589441,6629602.484771385,105.00000000000003,6262.05224609375,44060.95806282903,415
-6694395.8968903,6629607.788072244,112.5,6262.05224609375,44060.95806282903,415
-6694401.200191159,6629613.091373103,120.0,6262.84716796875,44060.95806282903,415
-6694406.503492018,6629618.394673962,127.50000000000001,6262.84716796875,44060.95806282903,415
-6694411.806792877,6629623.697974821,135.00000000000003,6262.84716796875,44060.95806282903,415
-6694417.110093736,6629629.00127568,142.50000000000003,6262.84716796875,44060.95806282903,415
-6694422.413394595,6629634.3045765385,150.0,6262.84716796875,44060.95806282903,415
-6694077.426795115,6629780.285211516,-150.0,6260.283203125,44567.40585665465,415
-6694082.730095973,6629785.588512374,-142.5,6262.18603515625,44567.40585665465,415
-6694088.033396833,6629790.8918132335,-135.0,6262.18603515625,44567.40585665465,415
-6694093.336697691,6629796.195114092,-127.5,6262.18603515625,44567.40585665465,415
-6694098.6399985505,6629801.498414951,-120.0,6262.18603515625,44567.40585665465,415
-6694103.943299409,6629806.80171581,-112.5,6262.18603515625,44567.40585665465,415
-6694109.246600268,6629812.105016669,-105.0,6262.18603515625,44567.40585665465,415
-6694114.549901127,6629817.408317528,-97.49999999999999,6262.18603515625,44567.40585665465,415
-6694119.853201986,6629822.711618387,-90.0,6262.18603515625,44567.40585665465,415
-6694125.156502845,6629828.014919246,-82.5,6262.18603515625,44567.40585665465,415
-6694130.459803704,6629833.318220105,-75.0,6262.18603515625,44567.40585665465,415
-6694135.763104563,6629838.6215209635,-67.5,6262.18603515625,44567.40585665465,415
-6694141.066405421,6629843.924821822,-59.999999999999986,6262.18603515625,44567.40585665465,415
-6694146.3697062805,6629849.228122681,-52.5,6262.18603515625,44567.40585665465,415
-6694151.673007139,6629854.53142354,-44.99999999999999,6262.18603515625,44567.40585665465,415
-6694156.976307998,6629859.834724399,-37.5,6262.18603515625,44567.40585665465,415
-6694162.279608857,6629865.138025258,-29.999999999999993,6262.18603515625,44567.40585665465,415
-6694167.582909716,6629870.441326117,-22.499999999999986,6262.18603515625,44567.40585665465,415
-6694172.886210575,6629875.744626976,-14.999999999999996,6261.4580078125,44567.40585665465,415
-6694178.189511434,6629881.047927835,-7.49999999999999,6261.4580078125,44567.40585665465,415
-6694183.492812293,6629886.3512286935,0.0,6261.4580078125,44567.40585665465,415
-6694188.796113151,6629891.654529552,7.500000000000007,6261.4580078125,44567.40585665465,415
-6694194.0994140105,6629896.957830411,15.000000000000014,6261.4580078125,44567.40585665465,415
-6694199.402714869,6629902.26113127,22.50000000000002,6262.65087890625,44567.40585665465,415
-6694204.706015728,6629907.564432129,30.00000000000003,6262.65087890625,44567.40585665465,415
-6694210.009316587,6629912.867732988,37.5,6262.65087890625,44567.40585665465,415
-6694215.312617446,6629918.171033847,45.00000000000001,6262.65087890625,44567.40585665465,415
-6694220.615918305,6629923.474334706,52.500000000000014,6262.65087890625,44567.40585665465,415
-6694225.919219164,6629928.777635565,60.00000000000002,6262.65087890625,44567.40585665465,415
-6694231.222520023,6629934.0809364235,67.50000000000003,6262.65087890625,44567.40585665465,415
-6694236.525820881,6629939.384237282,75.0,6262.65087890625,44567.40585665465,415
-6694241.829121741,6629944.687538141,82.5,6262.65087890625,44567.40585665465,415
-6694247.132422599,6629949.990839,90.00000000000001,6262.65087890625,44567.40585665465,415
-6694252.435723458,6629955.294139859,97.50000000000001,6262.65087890625,44567.40585665465,415
-6694257.739024317,6629960.597440718,105.00000000000003,6262.65087890625,44567.40585665465,415
-6694263.042325176,6629965.900741577,112.5,6262.65087890625,44567.40585665465,415
-6694268.345626035,6629971.204042436,120.0,6262.65087890625,44567.40585665465,415
-6694273.648926894,6629976.507343295,127.50000000000001,6262.65087890625,44567.40585665465,415
-6694278.952227753,6629981.8106441535,135.00000000000003,6262.65087890625,44567.40585665465,415
-6694284.255528612,6629987.113945013,142.50000000000003,6262.65087890625,44567.40585665465,415
-6694289.558829471,6629992.417245871,150.0,6262.65966796875,44567.40585665465,415
-6694103.853762994,6630204.374452053,-150.0,6261.86083984375,45073.85365048027,415
-6694109.157063853,6630209.677752911,-142.5,6261.86083984375,45073.85365048027,415
-6694114.4603647115,6630214.9810537705,-135.0,6261.86083984375,45073.85365048027,415
-6694119.76366557,6630220.284354629,-127.5,6261.86083984375,45073.85365048027,415
-6694125.066966429,6630225.587655488,-120.0,6261.86083984375,45073.85365048027,415
-6694130.370267289,6630230.890956347,-112.5,6261.86083984375,45073.85365048027,415
-6694135.673568147,6630236.194257206,-105.0,6261.1640625,45073.85365048027,415
-6694140.976869006,6630241.497558065,-97.49999999999999,6261.1640625,45073.85365048027,415
-6694146.280169865,6630246.800858924,-90.0,6261.1640625,45073.85365048027,415
-6694151.5834707245,6630252.104159783,-82.5,6261.1640625,45073.85365048027,415
-6694156.886771583,6630257.407460641,-75.0,6261.1640625,45073.85365048027,415
-6694162.1900724415,6630262.7107615005,-67.5,6261.1640625,45073.85365048027,415
-6694167.493373301,6630268.014062359,-59.999999999999986,6261.1640625,45073.85365048027,415
-6694172.79667416,6630273.317363218,-52.5,6258.25927734375,45073.85365048027,415
-6694178.099975019,6630278.620664077,-44.99999999999999,6258.25927734375,45073.85365048027,415
-6694183.403275877,6630283.923964936,-37.5,6258.25927734375,45073.85365048027,415
-6694188.706576737,6630289.227265795,-29.999999999999993,6258.25927734375,45073.85365048027,415
-6694194.009877596,6630294.530566654,-22.499999999999986,6258.25927734375,45073.85365048027,415
-6694199.3131784545,6630299.833867513,-14.999999999999996,6258.25927734375,45073.85365048027,415
-6694204.616479313,6630305.137168372,-7.49999999999999,6258.25927734375,45073.85365048027,415
-6694209.919780172,6630310.4404692305,0.0,6258.25927734375,45073.85365048027,415
-6694215.223081032,6630315.743770089,7.500000000000007,6258.25927734375,45073.85365048027,415
-6694220.52638189,6630321.047070948,15.000000000000014,6258.25927734375,45073.85365048027,415
-6694225.829682749,6630326.350371807,22.50000000000002,6258.25927734375,45073.85365048027,415
-6694231.132983608,6630331.653672666,30.00000000000003,6258.25927734375,45073.85365048027,415
-6694236.436284468,6630336.956973525,37.5,6258.25927734375,45073.85365048027,415
-6694241.739585326,6630342.260274384,45.00000000000001,6258.25927734375,45073.85365048027,415
-6694247.0428861845,6630347.563575243,52.500000000000014,6258.25927734375,45073.85365048027,415
-6694252.346187044,6630352.866876102,60.00000000000002,6262.005859375,45073.85365048027,415
-6694257.649487903,6630358.1701769605,67.50000000000003,6262.005859375,45073.85365048027,415
-6694262.952788762,6630363.47347782,75.0,6262.005859375,45073.85365048027,415
-6694268.25608962,6630368.776778678,82.5,6262.005859375,45073.85365048027,415
-6694273.55939048,6630374.080079537,90.00000000000001,6262.005859375,45073.85365048027,415
-6694278.862691339,6630379.383380396,97.50000000000001,6262.005859375,45073.85365048027,415
-6694284.165992198,6630384.686681255,105.00000000000003,6262.005859375,45073.85365048027,415
-6694289.469293056,6630389.989982114,112.5,6263.533203125,45073.85365048027,415
-6694294.772593915,6630395.293282973,120.0,6263.533203125,45073.85365048027,415
-6694300.075894775,6630400.596583832,127.50000000000001,6263.533203125,45073.85365048027,415
-6694305.379195633,6630405.8998846905,135.00000000000003,6263.533203125,45073.85365048027,415
-6694310.682496492,6630411.20318555,142.50000000000003,6263.533203125,45073.85365048027,415
-6694315.985797351,6630416.506486408,150.0,6263.533203125,45073.85365048027,415
-6693853.531523792,6630731.399448149,-150.0,6261.27978515625,45580.30144430589,415
-6693861.031523792,6630731.399448149,-142.5,6261.27978515625,45580.30144430589,415
-6693868.531523792,6630731.399448149,-135.0,6261.27978515625,45580.30144430589,415
-6693876.031523792,6630731.399448149,-127.5,6261.27978515625,45580.30144430589,415
-6693883.531523792,6630731.399448149,-120.0,6261.27978515625,45580.30144430589,415
-6693891.031523792,6630731.399448149,-112.5,6261.27978515625,45580.30144430589,415
-6693898.531523792,6630731.399448149,-105.0,6261.27978515625,45580.30144430589,415
-6693906.031523792,6630731.399448149,-97.49999999999999,6261.27978515625,45580.30144430589,415
-6693913.531523792,6630731.399448149,-90.0,6261.27978515625,45580.30144430589,415
-6693921.031523792,6630731.399448149,-82.5,6261.27978515625,45580.30144430589,415
-6693928.531523792,6630731.399448149,-75.0,6261.27978515625,45580.30144430589,415
-6693936.031523792,6630731.399448149,-67.5,6261.27978515625,45580.30144430589,415
-6693943.531523792,6630731.399448149,-59.999999999999986,6261.27978515625,45580.30144430589,415
-6693951.031523792,6630731.399448149,-52.5,6260.12451171875,45580.30144430589,415
-6693958.531523792,6630731.399448149,-44.99999999999999,6260.12451171875,45580.30144430589,415
-6693966.031523792,6630731.399448149,-37.5,6260.12451171875,45580.30144430589,415
-6693973.531523792,6630731.399448149,-29.999999999999993,6260.12451171875,45580.30144430589,415
-6693981.031523792,6630731.399448149,-22.499999999999986,6260.12451171875,45580.30144430589,415
-6693988.531523792,6630731.399448149,-14.999999999999996,6260.12451171875,45580.30144430589,415
-6693996.031523792,6630731.399448149,-7.49999999999999,6260.12451171875,45580.30144430589,415
-6694003.531523792,6630731.399448149,0.0,6260.12451171875,45580.30144430589,415
-6694011.031523792,6630731.399448149,7.500000000000007,6260.12451171875,45580.30144430589,415
-6694018.531523792,6630731.399448149,15.000000000000014,6260.12451171875,45580.30144430589,415
-6694026.031523792,6630731.399448149,22.50000000000002,6260.12451171875,45580.30144430589,415
-6694033.531523792,6630731.399448149,30.00000000000003,6260.12451171875,45580.30144430589,415
-6694041.031523792,6630731.399448149,37.5,6260.12451171875,45580.30144430589,415
-6694048.531523792,6630731.399448149,45.00000000000001,6260.12451171875,45580.30144430589,415
-6694056.031523792,6630731.399448149,52.500000000000014,6260.12451171875,45580.30144430589,415
-6694063.531523792,6630731.399448149,60.00000000000002,6260.18505859375,45580.30144430589,415
-6694071.031523792,6630731.399448149,67.50000000000003,6260.18505859375,45580.30144430589,415
-6694078.531523792,6630731.399448149,75.0,6260.18505859375,45580.30144430589,415
-6694086.031523792,6630731.399448149,82.5,6260.18505859375,45580.30144430589,415
-6694093.531523792,6630731.399448149,90.00000000000001,6260.18505859375,45580.30144430589,415
-6694101.031523792,6630731.399448149,97.50000000000001,6260.18505859375,45580.30144430589,415
-6694108.531523792,6630731.399448149,105.00000000000003,6260.18505859375,45580.30144430589,415
-6694116.031523792,6630731.399448149,112.5,6260.18505859375,45580.30144430589,415
-6694123.531523792,6630731.399448149,120.0,6260.18505859375,45580.30144430589,415
-6694131.031523792,6630731.399448149,127.50000000000001,6260.18505859375,45580.30144430589,415
-6694138.531523792,6630731.399448149,135.00000000000003,6260.18505859375,45580.30144430589,415
-6694146.031523792,6630731.399448149,142.50000000000003,6260.18505859375,45580.30144430589,415
-6694153.531523792,6630731.399448149,150.0,6260.18505859375,45580.30144430589,415
-6693667.052644641,6630817.344934029,-150.0,6257.896484375,46086.74923813152,415
-6693667.052644641,6630824.844934029,-142.5,6257.896484375,46086.74923813152,415
-6693667.052644641,6630832.344934029,-135.0,6257.896484375,46086.74923813152,415
-6693667.052644641,6630839.844934029,-127.5,6257.896484375,46086.74923813152,415
-6693667.052644641,6630847.344934029,-120.0,6257.896484375,46086.74923813152,415
-6693667.052644641,6630854.844934029,-112.5,6257.896484375,46086.74923813152,415
-6693667.052644641,6630862.344934029,-105.0,6257.896484375,46086.74923813152,415
-6693667.052644641,6630869.844934029,-97.49999999999999,6257.896484375,46086.74923813152,415
-6693667.052644641,6630877.344934029,-90.0,6257.896484375,46086.74923813152,415
-6693667.052644641,6630884.844934029,-82.5,6257.896484375,46086.74923813152,415
-6693667.052644641,6630892.344934029,-75.0,6257.896484375,46086.74923813152,415
-6693667.052644641,6630899.844934029,-67.5,6257.896484375,46086.74923813152,415
-6693667.052644641,6630907.344934029,-59.999999999999986,6257.896484375,46086.74923813152,415
-6693667.052644641,6630914.844934029,-52.5,6256.98388671875,46086.74923813152,415
-6693667.052644641,6630922.344934029,-44.99999999999999,6256.98388671875,46086.74923813152,415
-6693667.052644641,6630929.844934029,-37.5,6256.98388671875,46086.74923813152,415
-6693667.052644641,6630937.344934029,-29.999999999999993,6256.98388671875,46086.74923813152,415
-6693667.052644641,6630944.844934029,-22.499999999999986,6256.98388671875,46086.74923813152,415
-6693667.052644641,6630952.344934029,-14.999999999999996,6256.98388671875,46086.74923813152,415
-6693667.052644641,6630959.844934029,-7.49999999999999,6256.98388671875,46086.74923813152,415
-6693667.052644641,6630967.344934029,0.0,6256.98388671875,46086.74923813152,415
-6693667.052644641,6630974.844934029,7.500000000000007,6256.98388671875,46086.74923813152,415
-6693667.052644641,6630982.344934029,15.000000000000014,6256.98388671875,46086.74923813152,415
-6693667.052644641,6630989.844934029,22.50000000000002,6256.98388671875,46086.74923813152,415
-6693667.052644641,6630997.344934029,30.00000000000003,6256.98388671875,46086.74923813152,415
-6693667.052644641,6631004.844934029,37.5,6256.98388671875,46086.74923813152,415
-6693667.052644641,6631012.344934029,45.00000000000001,6256.98388671875,46086.74923813152,415
-6693667.052644641,6631019.844934029,52.500000000000014,6256.98388671875,46086.74923813152,415
-6693667.052644641,6631027.344934029,60.00000000000002,6259.5712890625,46086.74923813152,415
-6693667.052644641,6631034.844934029,67.50000000000003,6259.5712890625,46086.74923813152,415
-6693667.052644641,6631042.344934029,75.0,6259.5712890625,46086.74923813152,415
-6693667.052644641,6631049.844934029,82.5,6259.5712890625,46086.74923813152,415
-6693667.052644641,6631057.344934029,90.00000000000001,6259.5712890625,46086.74923813152,415
-6693667.052644641,6631064.844934029,97.50000000000001,6259.5712890625,46086.74923813152,415
-6693667.052644641,6631072.344934029,105.00000000000003,6259.5712890625,46086.74923813152,415
-6693667.052644641,6631079.844934029,112.5,6259.5712890625,46086.74923813152,415
-6693667.052644641,6631087.344934029,120.0,6259.5712890625,46086.74923813152,415
-6693667.052644641,6631094.844934029,127.50000000000001,6259.5712890625,46086.74923813152,415
-6693667.052644641,6631102.344934029,135.00000000000003,6259.5712890625,46086.74923813152,415
-6693667.052644641,6631109.844934029,142.50000000000003,6259.5712890625,46086.74923813152,415
-6693667.052644641,6631117.344934029,150.0,6259.5712890625,46086.74923813152,415
-6693361.7430163035,6631284.372355055,-150.0,6258.32861328125,46593.197031957134,415
-6693367.046317162,6631289.6756559145,-142.5,6258.32861328125,46593.197031957134,415
-6693372.349618021,6631294.978956773,-135.0,6258.32861328125,46593.197031957134,415
-6693377.65291888,6631300.282257631,-127.5,6258.32861328125,46593.197031957134,415
-6693382.956219739,6631305.585558491,-120.0,6258.32861328125,46593.197031957134,415
-6693388.259520598,6631310.88885935,-112.5,6258.34130859375,46593.197031957134,415
-6693393.562821457,6631316.192160209,-105.0,6258.34130859375,46593.197031957134,415
-6693398.866122316,6631321.495461067,-97.49999999999999,6258.34130859375,46593.197031957134,415
-6693404.169423175,6631326.798761927,-90.0,6258.34130859375,46593.197031957134,415
-6693409.4727240335,6631332.102062786,-82.5,6258.34130859375,46593.197031957134,415
-6693414.776024893,6631337.4053636445,-75.0,6258.34130859375,46593.197031957134,415
-6693420.079325751,6631342.708664503,-67.5,6258.34130859375,46593.197031957134,415
-6693425.38262661,6631348.011965362,-59.999999999999986,6258.34130859375,46593.197031957134,415
-6693430.685927469,6631353.315266222,-52.5,6258.34130859375,46593.197031957134,415
-6693435.989228328,6631358.61856708,-44.99999999999999,6258.34130859375,46593.197031957134,415
-6693441.292529187,6631363.921867939,-37.5,6255.5,46593.197031957134,415
-6693446.595830046,6631369.225168798,-29.999999999999993,6255.5,46593.197031957134,415
-6693451.899130905,6631374.5284696575,-22.499999999999986,6255.5,46593.197031957134,415
-6693457.2024317635,6631379.831770516,-14.999999999999996,6255.5,46593.197031957134,415
-6693462.505732623,6631385.1350713745,-7.49999999999999,6255.5,46593.197031957134,415
-6693467.809033481,6631390.438372234,0.0,6255.5,46593.197031957134,415
-6693473.11233434,6631395.741673093,7.500000000000007,6255.5,46593.197031957134,415
-6693478.415635199,6631401.044973952,15.000000000000014,6255.5,46593.197031957134,415
-6693483.718936058,6631406.34827481,22.50000000000002,6255.5,46593.197031957134,415
-6693489.022236917,6631411.65157567,30.00000000000003,6255.5,46593.197031957134,415
-6693494.325537776,6631416.954876529,37.5,6255.5,46593.197031957134,415
-6693499.628838635,6631422.2581773875,45.00000000000001,6258.95068359375,46593.197031957134,415
-6693504.9321394935,6631427.561478246,52.500000000000014,6258.95068359375,46593.197031957134,415
-6693510.235440353,6631432.864779105,60.00000000000002,6258.95068359375,46593.197031957134,415
-6693515.538741211,6631438.168079965,67.50000000000003,6258.95068359375,46593.197031957134,415
-6693520.84204207,6631443.471380823,75.0,6258.95068359375,46593.197031957134,415
-6693526.145342929,6631448.774681682,82.5,6258.95068359375,46593.197031957134,415
-6693531.448643788,6631454.077982541,90.00000000000001,6258.95068359375,46593.197031957134,415
-6693536.751944647,6631459.381283401,97.50000000000001,6258.95068359375,46593.197031957134,415
-6693542.055245506,6631464.684584259,105.00000000000003,6258.95068359375,46593.197031957134,415
-6693547.358546365,6631469.9878851175,112.5,6258.95068359375,46593.197031957134,415
-6693552.6618472235,6631475.291185977,120.0,6259.900390625,46593.197031957134,415
-6693557.965148083,6631480.594486836,127.50000000000001,6259.900390625,46593.197031957134,415
-6693563.268448941,6631485.897787695,135.00000000000003,6259.900390625,46593.197031957134,415
-6693568.571749801,6631491.201088553,142.50000000000003,6259.900390625,46593.197031957134,415
-6693573.875050659,6631496.504389413,150.0,6259.900390625,46593.197031957134,415
-6692970.64206137,6631562.844257886,-150.0,6258.5458984375,47099.64482578276,415
-6692975.945362229,6631568.147558744,-142.5,6258.5458984375,47099.64482578276,415
-6692981.248663088,6631573.4508596035,-135.0,6258.5458984375,47099.64482578276,415
-6692986.551963947,6631578.754160462,-127.5,6258.5458984375,47099.64482578276,415
-6692991.855264806,6631584.057461321,-120.0,6258.5458984375,47099.64482578276,415
-6692997.158565665,6631589.36076218,-112.5,6258.3408203125,47099.64482578276,415
-6693002.461866524,6631594.664063039,-105.0,6258.3408203125,47099.64482578276,415
-6693007.765167383,6631599.967363898,-97.49999999999999,6258.3408203125,47099.64482578276,415
-6693013.068468242,6631605.270664757,-90.0,6258.3408203125,47099.64482578276,415
-6693018.3717691,6631610.573965616,-82.5,6258.3408203125,47099.64482578276,415
-6693023.67506996,6631615.877266474,-75.0,6258.3408203125,47099.64482578276,415
-6693028.978370818,6631621.1805673335,-67.5,6258.3408203125,47099.64482578276,415
-6693034.281671677,6631626.483868192,-59.999999999999986,6258.3408203125,47099.64482578276,415
-6693039.584972536,6631631.787169051,-52.5,6258.3408203125,47099.64482578276,415
-6693044.888273395,6631637.09046991,-44.99999999999999,6258.3408203125,47099.64482578276,415
-6693050.191574254,6631642.393770769,-37.5,6254.1826171875,47099.64482578276,415
-6693055.494875113,6631647.697071628,-29.999999999999993,6254.1826171875,47099.64482578276,415
-6693060.798175972,6631653.000372487,-22.499999999999986,6254.1826171875,47099.64482578276,415
-6693066.10147683,6631658.303673346,-14.999999999999996,6254.1826171875,47099.64482578276,415
-6693071.40477769,6631663.606974205,-7.49999999999999,6254.1826171875,47099.64482578276,415
-6693076.708078548,6631668.9102750635,0.0,6254.1826171875,47099.64482578276,415
-6693082.011379407,6631674.213575922,7.500000000000007,6254.1826171875,47099.64482578276,415
-6693087.314680266,6631679.516876781,15.000000000000014,6254.1826171875,47099.64482578276,415
-6693092.617981125,6631684.82017764,22.50000000000002,6254.1826171875,47099.64482578276,415
-6693097.921281984,6631690.123478499,30.00000000000003,6254.1826171875,47099.64482578276,415
-6693103.224582843,6631695.426779358,37.5,6254.1826171875,47099.64482578276,415
-6693108.527883702,6631700.730080217,45.00000000000001,6256.9326171875,47099.64482578276,415
-6693113.83118456,6631706.033381076,52.500000000000014,6256.9326171875,47099.64482578276,415
-6693119.13448542,6631711.336681935,60.00000000000002,6256.9326171875,47099.64482578276,415
-6693124.437786278,6631716.6399827935,67.50000000000003,6256.9326171875,47099.64482578276,415
-6693129.741087137,6631721.943283653,75.0,6256.9326171875,47099.64482578276,415
-6693135.044387996,6631727.246584511,82.5,6256.9326171875,47099.64482578276,415
-6693140.347688855,6631732.54988537,90.00000000000001,6256.9326171875,47099.64482578276,415
-6693145.650989714,6631737.853186229,97.50000000000001,6256.9326171875,47099.64482578276,415
-6693150.954290573,6631743.156487088,105.00000000000003,6256.9326171875,47099.64482578276,415
-6693156.257591432,6631748.459787947,112.5,6256.9326171875,47099.64482578276,415
-6693161.56089229,6631753.763088806,120.0,6258.42919921875,47099.64482578276,415
-6693166.86419315,6631759.066389665,127.50000000000001,6258.42919921875,47099.64482578276,415
-6693172.167494008,6631764.3696905235,135.00000000000003,6258.42919921875,47099.64482578276,415
-6693177.470794868,6631769.672991383,142.50000000000003,6258.42919921875,47099.64482578276,415
-6693182.774095726,6631774.976292241,150.0,6258.42919921875,47099.64482578276,415
-6692699.534733664,6631831.0064029675,-150.0,6256.96337890625,47606.092619608375,415
-6692699.534733664,6631838.5064029675,-142.5,6256.96337890625,47606.092619608375,415
-6692699.534733664,6631846.0064029675,-135.0,6256.96337890625,47606.092619608375,415
-6692699.534733664,6631853.5064029675,-127.5,6256.96337890625,47606.092619608375,415
-6692699.534733664,6631861.0064029675,-120.0,6256.96337890625,47606.092619608375,415
-6692699.534733664,6631868.5064029675,-112.5,6256.96337890625,47606.092619608375,415
-6692699.534733664,6631876.0064029675,-105.0,6256.96337890625,47606.092619608375,415
-6692699.534733664,6631883.5064029675,-97.49999999999999,6256.96337890625,47606.092619608375,415
-6692699.534733664,6631891.0064029675,-90.0,6256.96337890625,47606.092619608375,415
-6692699.534733664,6631898.5064029675,-82.5,6256.96337890625,47606.092619608375,415
-6692699.534733664,6631906.0064029675,-75.0,6256.96337890625,47606.092619608375,415
-6692699.534733664,6631913.5064029675,-67.5,6256.96337890625,47606.092619608375,415
-6692699.534733664,6631921.0064029675,-59.999999999999986,6256.96337890625,47606.092619608375,415
-6692699.534733664,6631928.5064029675,-52.5,6255.62939453125,47606.092619608375,415
-6692699.534733664,6631936.0064029675,-44.99999999999999,6255.62939453125,47606.092619608375,415
-6692699.534733664,6631943.5064029675,-37.5,6255.62939453125,47606.092619608375,415
-6692699.534733664,6631951.0064029675,-29.999999999999993,6255.62939453125,47606.092619608375,415
-6692699.534733664,6631958.5064029675,-22.499999999999986,6255.62939453125,47606.092619608375,415
-6692699.534733664,6631966.0064029675,-14.999999999999996,6255.62939453125,47606.092619608375,415
-6692699.534733664,6631973.5064029675,-7.49999999999999,6255.62939453125,47606.092619608375,415
-6692699.534733664,6631981.0064029675,0.0,6255.62939453125,47606.092619608375,415
-6692699.534733664,6631988.5064029675,7.500000000000007,6255.62939453125,47606.092619608375,415
-6692699.534733664,6631996.0064029675,15.000000000000014,6255.62939453125,47606.092619608375,415
-6692699.534733664,6632003.5064029675,22.50000000000002,6255.62939453125,47606.092619608375,415
-6692699.534733664,6632011.0064029675,30.00000000000003,6255.62939453125,47606.092619608375,415
-6692699.534733664,6632018.5064029675,37.5,6255.62939453125,47606.092619608375,415
-6692699.534733664,6632026.0064029675,45.00000000000001,6255.62939453125,47606.092619608375,415
-6692699.534733664,6632033.5064029675,52.500000000000014,6255.62939453125,47606.092619608375,415
-6692699.534733664,6632041.0064029675,60.00000000000002,6254.90966796875,47606.092619608375,415
-6692699.534733664,6632048.5064029675,67.50000000000003,6254.90966796875,47606.092619608375,415
-6692699.534733664,6632056.0064029675,75.0,6254.90966796875,47606.092619608375,415
-6692699.534733664,6632063.5064029675,82.5,6254.90966796875,47606.092619608375,415
-6692699.534733664,6632071.0064029675,90.00000000000001,6254.90966796875,47606.092619608375,415
-6692699.534733664,6632078.5064029675,97.50000000000001,6254.90966796875,47606.092619608375,415
-6692699.534733664,6632086.0064029675,105.00000000000003,6254.90966796875,47606.092619608375,415
-6692699.534733664,6632093.5064029675,112.5,6254.90966796875,47606.092619608375,415
-6692699.534733664,6632101.0064029675,120.0,6254.90966796875,47606.092619608375,415
-6692699.534733664,6632108.5064029675,127.50000000000001,6254.90966796875,47606.092619608375,415
-6692699.534733664,6632116.0064029675,135.00000000000003,6254.90966796875,47606.092619608375,415
-6692699.534733664,6632123.5064029675,142.50000000000003,6254.90966796875,47606.092619608375,415
-6692699.534733664,6632131.0064029675,150.0,6254.90966796875,47606.092619608375,415
-6692526.327307815,6632232.41711565,-150.0,6257.67578125,48112.540413434,415
-6692531.630608673,6632237.720416509,-142.5,6257.67578125,48112.540413434,415
-6692536.933909533,6632243.023717368,-135.0,6257.67578125,48112.540413434,415
-6692542.237210391,6632248.3270182265,-127.5,6257.67578125,48112.540413434,415
-6692547.5405112505,6632253.630319086,-120.0,6257.67578125,48112.540413434,415
-6692552.843812109,6632258.933619944,-112.5,6257.67578125,48112.540413434,415
-6692558.147112968,6632264.236920804,-105.0,6257.20458984375,48112.540413434,415
-6692563.450413827,6632269.540221662,-97.49999999999999,6257.20458984375,48112.540413434,415
-6692568.753714686,6632274.843522522,-90.0,6257.20458984375,48112.540413434,415
-6692574.057015545,6632280.14682338,-82.5,6257.20458984375,48112.540413434,415
-6692579.360316403,6632285.45012424,-75.0,6257.20458984375,48112.540413434,415
-6692584.663617263,6632290.753425098,-67.5,6257.20458984375,48112.540413434,415
-6692589.966918121,6632296.0567259565,-59.999999999999986,6257.20458984375,48112.540413434,415
-6692595.2702189805,6632301.360026816,-52.5,6257.20458984375,48112.540413434,415
-6692600.573519839,6632306.663327674,-44.99999999999999,6256.23193359375,48112.540413434,415
-6692605.876820698,6632311.966628534,-37.5,6256.23193359375,48112.540413434,415
-6692611.180121557,6632317.269929392,-29.999999999999993,6256.23193359375,48112.540413434,415
-6692616.483422416,6632322.573230252,-22.499999999999986,6256.23193359375,48112.540413434,415
-6692621.786723275,6632327.87653111,-14.999999999999996,6256.23193359375,48112.540413434,415
-6692627.090024134,6632333.17983197,-7.49999999999999,6256.23193359375,48112.540413434,415
-6692632.393324993,6632338.483132828,0.0,6256.23193359375,48112.540413434,415
-6692637.696625851,6632343.7864336865,7.500000000000007,6256.23193359375,48112.540413434,415
-6692642.9999267105,6632349.089734546,15.000000000000014,6256.23193359375,48112.540413434,415
-6692648.303227569,6632354.393035404,22.50000000000002,6256.23193359375,48112.540413434,415
-6692653.606528428,6632359.696336264,30.00000000000003,6256.23193359375,48112.540413434,415
-6692658.909829287,6632364.999637122,37.5,6256.23193359375,48112.540413434,415
-6692664.213130146,6632370.302937982,45.00000000000001,6256.23193359375,48112.540413434,415
-6692669.516431005,6632375.60623884,52.500000000000014,6256.55224609375,48112.540413434,415
-6692674.819731864,6632380.9095397,60.00000000000002,6256.55224609375,48112.540413434,415
-6692680.123032723,6632386.212840558,67.50000000000003,6256.55224609375,48112.540413434,415
-6692685.426333582,6632391.5161414165,75.0,6256.55224609375,48112.540413434,415
-6692690.7296344405,6632396.819442276,82.5,6256.55224609375,48112.540413434,415
-6692696.032935299,6632402.122743134,90.00000000000001,6256.55224609375,48112.540413434,415
-6692701.336236158,6632407.426043994,97.50000000000001,6256.55224609375,48112.540413434,415
-6692706.639537017,6632412.729344852,105.00000000000003,6256.55224609375,48112.540413434,415
-6692711.942837876,6632418.032645712,112.5,6256.93994140625,48112.540413434,415
-6692717.246138735,6632423.33594657,120.0,6256.93994140625,48112.540413434,415
-6692722.549439594,6632428.63924743,127.50000000000001,6256.93994140625,48112.540413434,415
-6692727.852740453,6632433.942548288,135.00000000000003,6256.93994140625,48112.540413434,415
-6692733.156041312,6632439.245849147,142.50000000000003,6256.93994140625,48112.540413434,415
-6692738.4593421705,6632444.549150006,150.0,6256.93994140625,48112.540413434,415
-6692276.724794332,6632759.7402319005,-150.0,6254.02001953125,48618.98820725962,415
-6692284.224794332,6632759.7402319005,-142.5,6254.02001953125,48618.98820725962,415
-6692291.724794332,6632759.7402319005,-135.0,6254.02001953125,48618.98820725962,415
-6692299.224794332,6632759.7402319005,-127.5,6254.02001953125,48618.98820725962,415
-6692306.724794332,6632759.7402319005,-120.0,6254.02001953125,48618.98820725962,415
-6692314.224794332,6632759.7402319005,-112.5,6254.02001953125,48618.98820725962,415
-6692321.724794332,6632759.7402319005,-105.0,6254.02001953125,48618.98820725962,415
-6692329.224794332,6632759.7402319005,-97.49999999999999,6254.02001953125,48618.98820725962,415
-6692336.724794332,6632759.7402319005,-90.0,6254.02001953125,48618.98820725962,415
-6692344.224794332,6632759.7402319005,-82.5,6254.02001953125,48618.98820725962,415
-6692351.724794332,6632759.7402319005,-75.0,6254.02001953125,48618.98820725962,415
-6692359.224794332,6632759.7402319005,-67.5,6254.02001953125,48618.98820725962,415
-6692366.724794332,6632759.7402319005,-59.999999999999986,6254.02001953125,48618.98820725962,415
-6692374.224794332,6632759.7402319005,-52.5,6254.62890625,48618.98820725962,415
-6692381.724794332,6632759.7402319005,-44.99999999999999,6254.62890625,48618.98820725962,415
-6692389.224794332,6632759.7402319005,-37.5,6254.62890625,48618.98820725962,415
-6692396.724794332,6632759.7402319005,-29.999999999999993,6254.62890625,48618.98820725962,415
-6692404.224794332,6632759.7402319005,-22.499999999999986,6254.62890625,48618.98820725962,415
-6692411.724794332,6632759.7402319005,-14.999999999999996,6254.62890625,48618.98820725962,415
-6692419.224794332,6632759.7402319005,-7.49999999999999,6254.62890625,48618.98820725962,415
-6692426.724794332,6632759.7402319005,0.0,6254.62890625,48618.98820725962,415
-6692434.224794332,6632759.7402319005,7.500000000000007,6254.62890625,48618.98820725962,415
-6692441.724794332,6632759.7402319005,15.000000000000014,6254.62890625,48618.98820725962,415
-6692449.224794332,6632759.7402319005,22.50000000000002,6254.62890625,48618.98820725962,415
-6692456.724794332,6632759.7402319005,30.00000000000003,6254.62890625,48618.98820725962,415
-6692464.224794332,6632759.7402319005,37.5,6254.62890625,48618.98820725962,415
-6692471.724794332,6632759.7402319005,45.00000000000001,6254.62890625,48618.98820725962,415
-6692479.224794332,6632759.7402319005,52.500000000000014,6254.62890625,48618.98820725962,415
-6692486.724794332,6632759.7402319005,60.00000000000002,6256.45263671875,48618.98820725962,415
-6692494.224794332,6632759.7402319005,67.50000000000003,6256.45263671875,48618.98820725962,415
-6692501.724794332,6632759.7402319005,75.0,6256.45263671875,48618.98820725962,415
-6692509.224794332,6632759.7402319005,82.5,6256.45263671875,48618.98820725962,415
-6692516.724794332,6632759.7402319005,90.00000000000001,6256.45263671875,48618.98820725962,415
-6692524.224794332,6632759.7402319005,97.50000000000001,6256.45263671875,48618.98820725962,415
-6692531.724794332,6632759.7402319005,105.00000000000003,6256.45263671875,48618.98820725962,415
-6692539.224794332,6632759.7402319005,112.5,6256.45263671875,48618.98820725962,415
-6692546.724794332,6632759.7402319005,120.0,6256.45263671875,48618.98820725962,415
-6692554.224794332,6632759.7402319005,127.50000000000001,6256.45263671875,48618.98820725962,415
-6692561.724794332,6632759.7402319005,135.00000000000003,6256.45263671875,48618.98820725962,415
-6692569.224794332,6632759.7402319005,142.50000000000003,6256.45263671875,48618.98820725962,415
-6692576.724794332,6632759.7402319005,150.0,6256.45263671875,48618.98820725962,415
-6692141.777077233,6633259.739345476,-150.0,6252.80224609375,49125.43600108524,415
-6692147.080378092,6633254.436044618,-142.5,6253.81884765625,49125.43600108524,415
-6692152.383678951,6633249.132743758,-135.0,6253.81884765625,49125.43600108524,415
-6692157.68697981,6633243.8294429,-127.5,6253.81884765625,49125.43600108524,415
-6692162.990280669,6633238.52614204,-120.0,6253.81884765625,49125.43600108524,415
-6692168.293581528,6633233.222841182,-112.5,6253.81884765625,49125.43600108524,415
-6692173.596882387,6633227.919540322,-105.0,6253.81884765625,49125.43600108524,415
-6692178.900183246,6633222.616239464,-97.49999999999999,6253.81884765625,49125.43600108524,415
-6692184.203484105,6633217.3129386045,-90.0,6253.81884765625,49125.43600108524,415
-6692189.506784963,6633212.009637746,-82.5,6253.81884765625,49125.43600108524,415
-6692194.810085822,6633206.706336888,-75.0,6253.81884765625,49125.43600108524,415
-6692200.113386681,6633201.403036028,-67.5,6253.81884765625,49125.43600108524,415
-6692205.41668754,6633196.09973517,-59.999999999999986,6253.81884765625,49125.43600108524,415
-6692210.719988399,6633190.79643431,-52.5,6253.81884765625,49125.43600108524,415
-6692216.023289258,6633185.493133452,-44.99999999999999,6253.81884765625,49125.43600108524,415
-6692221.326590117,6633180.189832592,-37.5,6253.81884765625,49125.43600108524,415
-6692226.629890976,6633174.886531734,-29.999999999999993,6253.81884765625,49125.43600108524,415
-6692231.933191835,6633169.5832308745,-22.499999999999986,6253.81884765625,49125.43600108524,415
-6692237.236492693,6633164.279930016,-14.999999999999996,6253.81884765625,49125.43600108524,415
-6692242.539793553,6633158.976629157,-7.49999999999999,6253.685546875,49125.43600108524,415
-6692247.843094411,6633153.673328298,0.0,6253.685546875,49125.43600108524,415
-6692253.14639527,6633148.37002744,7.500000000000007,6253.685546875,49125.43600108524,415
-6692258.449696129,6633143.06672658,15.000000000000014,6251.263671875,49125.43600108524,415
-6692263.752996988,6633137.763425722,22.50000000000002,6251.263671875,49125.43600108524,415
-6692269.056297847,6633132.460124862,30.00000000000003,6251.263671875,49125.43600108524,415
-6692274.359598706,6633127.156824004,37.5,6251.263671875,49125.43600108524,415
-6692279.662899565,6633121.8535231445,45.00000000000001,6251.263671875,49125.43600108524,415
-6692284.966200423,6633116.550222286,52.500000000000014,6251.263671875,49125.43600108524,415
-6692290.269501283,6633111.246921427,60.00000000000002,6251.263671875,49125.43600108524,415
-6692295.572802141,6633105.943620568,67.50000000000003,6251.263671875,49125.43600108524,415
-6692300.876103001,6633100.640319709,75.0,6251.263671875,49125.43600108524,415
-6692306.179403859,6633095.33701885,82.5,6251.263671875,49125.43600108524,415
-6692311.482704718,6633090.033717992,90.00000000000001,6251.263671875,49125.43600108524,415
-6692316.786005577,6633084.730417132,97.50000000000001,6251.263671875,49125.43600108524,415
-6692322.089306436,6633079.427116274,105.00000000000003,6251.263671875,49125.43600108524,415
-6692327.392607295,6633074.1238154145,112.5,6251.263671875,49125.43600108524,415
-6692332.695908153,6633068.820514556,120.0,6251.263671875,49125.43600108524,415
-6692337.999209013,6633063.517213697,127.50000000000001,6251.263671875,49125.43600108524,415
-6692343.302509871,6633058.213912838,135.00000000000003,6251.263671875,49125.43600108524,415
-6692348.605810731,6633052.910611979,142.50000000000003,6251.263671875,49125.43600108524,415
-6692353.909111589,6633047.60731112,150.0,6255.80322265625,49125.43600108524,415
-6692221.068574246,6633438.708266053,-150.0,6255.12060546875,49631.883794910864,415
-6692226.3718751045,6633444.011566912,-142.5,6255.12060546875,49631.883794910864,415
-6692231.675175964,6633449.314867771,-135.0,6255.12060546875,49631.883794910864,415
-6692236.978476822,6633454.61816863,-127.5,6255.12060546875,49631.883794910864,415
-6692242.281777682,6633459.921469489,-120.0,6255.12060546875,49631.883794910864,415
-6692247.58507854,6633465.224770348,-112.5,6255.12060546875,49631.883794910864,415
-6692252.8883794,6633470.528071207,-105.0,6255.12060546875,49631.883794910864,415
-6692258.191680258,6633475.8313720655,-97.49999999999999,6252.369140625,49631.883794910864,415
-6692263.494981118,6633481.134672925,-90.0,6252.369140625,49631.883794910864,415
-6692268.798281976,6633486.437973783,-82.5,6252.369140625,49631.883794910864,415
-6692274.1015828345,6633491.741274642,-75.0,6252.369140625,49631.883794910864,415
-6692279.404883694,6633497.044575501,-67.5,6252.369140625,49631.883794910864,415
-6692284.708184552,6633502.34787636,-59.999999999999986,6252.2060546875,49631.883794910864,415
-6692290.011485412,6633507.651177219,-52.5,6252.2060546875,49631.883794910864,415
-6692295.31478627,6633512.954478078,-44.99999999999999,6252.2060546875,49631.883794910864,415
-6692300.61808713,6633518.257778937,-37.5,6252.2060546875,49631.883794910864,415
-6692305.921387988,6633523.5610797955,-29.999999999999993,6252.2060546875,49631.883794910864,415
-6692311.224688848,6633528.864380655,-22.499999999999986,6252.2060546875,49631.883794910864,415
-6692316.527989706,6633534.167681513,-14.999999999999996,6252.2060546875,49631.883794910864,415
-6692321.831290565,6633539.470982373,-7.49999999999999,6252.2060546875,49631.883794910864,415
-6692327.134591424,6633544.774283231,0.0,6252.2060546875,49631.883794910864,415
-6692332.437892282,6633550.07758409,7.500000000000007,6252.2060546875,49631.883794910864,415
-6692337.741193142,6633555.380884949,15.000000000000014,6252.2060546875,49631.883794910864,415
-6692343.044494,6633560.684185808,22.50000000000002,6252.2060546875,49631.883794910864,415
-6692348.34779486,6633565.987486667,30.00000000000003,6252.2060546875,49631.883794910864,415
-6692353.651095718,6633571.2907875255,37.5,6252.2060546875,49631.883794910864,415
-6692358.954396578,6633576.594088385,45.00000000000001,6252.2060546875,49631.883794910864,415
-6692364.257697436,6633581.897389243,52.500000000000014,6252.2060546875,49631.883794910864,415
-6692369.560998295,6633587.200690103,60.00000000000002,6252.2060546875,49631.883794910864,415
-6692374.864299154,6633592.503990961,67.50000000000003,6252.533203125,49631.883794910864,415
-6692380.167600013,6633597.807291821,75.0,6252.533203125,49631.883794910864,415
-6692385.470900872,6633603.110592679,82.5,6252.533203125,49631.883794910864,415
-6692390.77420173,6633608.413893538,90.00000000000001,6252.533203125,49631.883794910864,415
-6692396.07750259,6633613.717194397,97.50000000000001,6252.533203125,49631.883794910864,415
-6692401.380803448,6633619.0204952555,105.00000000000003,6254.84375,49631.883794910864,415
-6692406.684104308,6633624.323796115,112.5,6254.84375,49631.883794910864,415
-6692411.987405166,6633629.627096973,120.0,6254.84375,49631.883794910864,415
-6692417.290706025,6633634.930397833,127.50000000000001,6254.84375,49631.883794910864,415
-6692422.594006884,6633640.233698691,135.00000000000003,6254.84375,49631.883794910864,415
-6692427.897307743,6633645.536999551,142.50000000000003,6254.84375,49631.883794910864,415
-6692433.200608602,6633650.840300409,150.0,6254.84375,49631.883794910864,415
-6692164.0957422275,6633952.516247084,-150.0,6256.75732421875,50138.33158873648,415
-6692171.5957422275,6633952.516247084,-142.5,6256.75732421875,50138.33158873648,415
-6692179.0957422275,6633952.516247084,-135.0,6256.75732421875,50138.33158873648,415
-6692186.5957422275,6633952.516247084,-127.5,6256.75732421875,50138.33158873648,415
-6692194.0957422275,6633952.516247084,-120.0,6256.75732421875,50138.33158873648,415
-6692201.5957422275,6633952.516247084,-112.5,6256.75732421875,50138.33158873648,415
-6692209.0957422275,6633952.516247084,-105.0,6256.75732421875,50138.33158873648,415
-6692216.5957422275,6633952.516247084,-97.49999999999999,6256.75732421875,50138.33158873648,415
-6692224.0957422275,6633952.516247084,-90.0,6256.75732421875,50138.33158873648,415
-6692231.5957422275,6633952.516247084,-82.5,6256.75732421875,50138.33158873648,415
-6692239.0957422275,6633952.516247084,-75.0,6256.75732421875,50138.33158873648,415
-6692246.5957422275,6633952.516247084,-67.5,6256.75732421875,50138.33158873648,415
-6692254.0957422275,6633952.516247084,-59.999999999999986,6256.75732421875,50138.33158873648,415
-6692261.5957422275,6633952.516247084,-52.5,6250.78125,50138.33158873648,415
-6692269.0957422275,6633952.516247084,-44.99999999999999,6250.78125,50138.33158873648,415
-6692276.5957422275,6633952.516247084,-37.5,6250.78125,50138.33158873648,415
-6692284.0957422275,6633952.516247084,-29.999999999999993,6250.78125,50138.33158873648,415
-6692291.5957422275,6633952.516247084,-22.499999999999986,6250.78125,50138.33158873648,415
-6692299.0957422275,6633952.516247084,-14.999999999999996,6250.78125,50138.33158873648,415
-6692306.5957422275,6633952.516247084,-7.49999999999999,6250.78125,50138.33158873648,415
-6692314.0957422275,6633952.516247084,0.0,6250.78125,50138.33158873648,415
-6692321.5957422275,6633952.516247084,7.500000000000007,6250.78125,50138.33158873648,415
-6692329.0957422275,6633952.516247084,15.000000000000014,6250.78125,50138.33158873648,415
-6692336.5957422275,6633952.516247084,22.50000000000002,6250.78125,50138.33158873648,415
-6692344.0957422275,6633952.516247084,30.00000000000003,6250.78125,50138.33158873648,415
-6692351.5957422275,6633952.516247084,37.5,6250.78125,50138.33158873648,415
-6692359.0957422275,6633952.516247084,45.00000000000001,6250.78125,50138.33158873648,415
-6692366.5957422275,6633952.516247084,52.500000000000014,6250.78125,50138.33158873648,415
-6692374.0957422275,6633952.516247084,60.00000000000002,6254.46533203125,50138.33158873648,415
-6692381.5957422275,6633952.516247084,67.50000000000003,6254.46533203125,50138.33158873648,415
-6692389.0957422275,6633952.516247084,75.0,6254.46533203125,50138.33158873648,415
-6692396.5957422275,6633952.516247084,82.5,6254.46533203125,50138.33158873648,415
-6692404.0957422275,6633952.516247084,90.00000000000001,6254.46533203125,50138.33158873648,415
-6692411.5957422275,6633952.516247084,97.50000000000001,6254.46533203125,50138.33158873648,415
-6692419.0957422275,6633952.516247084,105.00000000000003,6254.46533203125,50138.33158873648,415
-6692426.5957422275,6633952.516247084,112.5,6254.46533203125,50138.33158873648,415
-6692434.0957422275,6633952.516247084,120.0,6254.46533203125,50138.33158873648,415
-6692441.5957422275,6633952.516247084,127.50000000000001,6254.46533203125,50138.33158873648,415
-6692449.0957422275,6633952.516247084,135.00000000000003,6254.46533203125,50138.33158873648,415
-6692456.5957422275,6633952.516247084,142.50000000000003,6254.46533203125,50138.33158873648,415
-6692464.0957422275,6633952.516247084,150.0,6254.46533203125,50138.33158873648,415
-6691938.837638019,6634365.659079112,-150.0,6265.06689453125,50644.779382562105,415
-6691946.337638019,6634365.659079112,-142.5,6265.06689453125,50644.779382562105,415
-6691953.837638019,6634365.659079112,-135.0,6265.06689453125,50644.779382562105,415
-6691961.337638019,6634365.659079112,-127.5,6265.06689453125,50644.779382562105,415
-6691968.837638019,6634365.659079112,-120.0,6265.06689453125,50644.779382562105,415
-6691976.337638019,6634365.659079112,-112.5,6265.06689453125,50644.779382562105,415
-6691983.837638019,6634365.659079112,-105.0,6265.06689453125,50644.779382562105,415
-6691991.337638019,6634365.659079112,-97.49999999999999,6265.06689453125,50644.779382562105,415
-6691998.837638019,6634365.659079112,-90.0,6265.06689453125,50644.779382562105,415
-6692006.337638019,6634365.659079112,-82.5,6265.06689453125,50644.779382562105,415
-6692013.837638019,6634365.659079112,-75.0,6265.06689453125,50644.779382562105,415
-6692021.337638019,6634365.659079112,-67.5,6265.06689453125,50644.779382562105,415
-6692028.837638019,6634365.659079112,-59.999999999999986,6265.06689453125,50644.779382562105,415
-6692036.337638019,6634365.659079112,-52.5,6249.41015625,50644.779382562105,415
-6692043.837638019,6634365.659079112,-44.99999999999999,6249.41015625,50644.779382562105,415
-6692051.337638019,6634365.659079112,-37.5,6249.41015625,50644.779382562105,415
-6692058.837638019,6634365.659079112,-29.999999999999993,6249.41015625,50644.779382562105,415
-6692066.337638019,6634365.659079112,-22.499999999999986,6249.41015625,50644.779382562105,415
-6692073.837638019,6634365.659079112,-14.999999999999996,6249.41015625,50644.779382562105,415
-6692081.337638019,6634365.659079112,-7.49999999999999,6249.41015625,50644.779382562105,415
-6692088.837638019,6634365.659079112,0.0,6249.41015625,50644.779382562105,415
-6692096.337638019,6634365.659079112,7.500000000000007,6249.41015625,50644.779382562105,415
-6692103.837638019,6634365.659079112,15.000000000000014,6249.41015625,50644.779382562105,415
-6692111.337638019,6634365.659079112,22.50000000000002,6249.41015625,50644.779382562105,415
-6692118.837638019,6634365.659079112,30.00000000000003,6249.41015625,50644.779382562105,415
-6692126.337638019,6634365.659079112,37.5,6249.41015625,50644.779382562105,415
-6692133.837638019,6634365.659079112,45.00000000000001,6249.41015625,50644.779382562105,415
-6692141.337638019,6634365.659079112,52.500000000000014,6249.41015625,50644.779382562105,415
-6692148.837638019,6634365.659079112,60.00000000000002,6253.171875,50644.779382562105,415
-6692156.337638019,6634365.659079112,67.50000000000003,6253.171875,50644.779382562105,415
-6692163.837638019,6634365.659079112,75.0,6253.171875,50644.779382562105,415
-6692171.337638019,6634365.659079112,82.5,6253.171875,50644.779382562105,415
-6692178.837638019,6634365.659079112,90.00000000000001,6253.171875,50644.779382562105,415
-6692186.337638019,6634365.659079112,97.50000000000001,6253.171875,50644.779382562105,415
-6692193.837638019,6634365.659079112,105.00000000000003,6253.171875,50644.779382562105,415
-6692201.337638019,6634365.659079112,112.5,6253.171875,50644.779382562105,415
-6692208.837638019,6634365.659079112,120.0,6253.171875,50644.779382562105,415
-6692216.337638019,6634365.659079112,127.50000000000001,6253.171875,50644.779382562105,415
-6692223.837638019,6634365.659079112,135.00000000000003,6253.171875,50644.779382562105,415
-6692231.337638019,6634365.659079112,142.50000000000003,6253.171875,50644.779382562105,415
-6692238.837638019,6634365.659079112,150.0,6253.171875,50644.779382562105,415
-6691947.4868994495,6634646.7327055745,-150.0,6252.39599609375,51151.22717638772,415
-6691947.4868994495,6634654.2327055745,-142.5,6252.39599609375,51151.22717638772,415
-6691947.4868994495,6634661.7327055745,-135.0,6252.39599609375,51151.22717638772,415
-6691947.4868994495,6634669.2327055745,-127.5,6252.39599609375,51151.22717638772,415
-6691947.4868994495,6634676.7327055745,-120.0,6252.39599609375,51151.22717638772,415
-6691947.4868994495,6634684.2327055745,-112.5,6252.39599609375,51151.22717638772,415
-6691947.4868994495,6634691.7327055745,-105.0,6252.39599609375,51151.22717638772,415
-6691947.4868994495,6634699.2327055745,-97.49999999999999,6252.39599609375,51151.22717638772,415
-6691947.4868994495,6634706.7327055745,-90.0,6252.39599609375,51151.22717638772,415
-6691947.4868994495,6634714.2327055745,-82.5,6252.39599609375,51151.22717638772,415
-6691947.4868994495,6634721.7327055745,-75.0,6252.39599609375,51151.22717638772,415
-6691947.4868994495,6634729.2327055745,-67.5,6252.39599609375,51151.22717638772,415
-6691947.4868994495,6634736.7327055745,-59.999999999999986,6252.39599609375,51151.22717638772,415
-6691947.4868994495,6634744.2327055745,-52.5,6250.93896484375,51151.22717638772,415
-6691947.4868994495,6634751.7327055745,-44.99999999999999,6250.93896484375,51151.22717638772,415
-6691947.4868994495,6634759.2327055745,-37.5,6250.93896484375,51151.22717638772,415
-6691947.4868994495,6634766.7327055745,-29.999999999999993,6250.93896484375,51151.22717638772,415
-6691947.4868994495,6634774.2327055745,-22.499999999999986,6250.93896484375,51151.22717638772,415
-6691947.4868994495,6634781.7327055745,-14.999999999999996,6250.93896484375,51151.22717638772,415
-6691947.4868994495,6634789.2327055745,-7.49999999999999,6250.93896484375,51151.22717638772,415
-6691947.4868994495,6634796.7327055745,0.0,6250.93896484375,51151.22717638772,415
-6691947.4868994495,6634804.2327055745,7.500000000000007,6250.93896484375,51151.22717638772,415
-6691947.4868994495,6634811.7327055745,15.000000000000014,6250.93896484375,51151.22717638772,415
-6691947.4868994495,6634819.2327055745,22.50000000000002,6250.93896484375,51151.22717638772,415
-6691947.4868994495,6634826.7327055745,30.00000000000003,6250.93896484375,51151.22717638772,415
-6691947.4868994495,6634834.2327055745,37.5,6250.93896484375,51151.22717638772,415
-6691947.4868994495,6634841.7327055745,45.00000000000001,6250.93896484375,51151.22717638772,415
-6691947.4868994495,6634849.2327055745,52.500000000000014,6250.93896484375,51151.22717638772,415
-6691947.4868994495,6634856.7327055745,60.00000000000002,6252.78662109375,51151.22717638772,415
-6691947.4868994495,6634864.2327055745,67.50000000000003,6252.78662109375,51151.22717638772,415
-6691947.4868994495,6634871.7327055745,75.0,6252.78662109375,51151.22717638772,415
-6691947.4868994495,6634879.2327055745,82.5,6252.78662109375,51151.22717638772,415
-6691947.4868994495,6634886.7327055745,90.00000000000001,6252.78662109375,51151.22717638772,415
-6691947.4868994495,6634894.2327055745,97.50000000000001,6252.78662109375,51151.22717638772,415
-6691947.4868994495,6634901.7327055745,105.00000000000003,6252.78662109375,51151.22717638772,415
-6691947.4868994495,6634909.2327055745,112.5,6252.78662109375,51151.22717638772,415
-6691947.4868994495,6634916.7327055745,120.0,6252.78662109375,51151.22717638772,415
-6691947.4868994495,6634924.2327055745,127.50000000000001,6252.78662109375,51151.22717638772,415
-6691947.4868994495,6634931.7327055745,135.00000000000003,6252.78662109375,51151.22717638772,415
-6691947.4868994495,6634939.2327055745,142.50000000000003,6252.78662109375,51151.22717638772,415
-6691947.4868994495,6634946.7327055745,150.0,6252.78662109375,51151.22717638772,415
-6691458.732314536,6634989.447890492,-150.0,6256.79052734375,51657.674970213346,415
-6691464.035615395,6634994.751191352,-142.5,6256.79052734375,51657.674970213346,415
-6691469.338916254,6635000.05449221,-135.0,6256.79052734375,51657.674970213346,415
-6691474.642217113,6635005.3577930685,-127.5,6252.4619140625,51657.674970213346,415
-6691479.945517972,6635010.661093928,-120.0,6252.4619140625,51657.674970213346,415
-6691485.248818831,6635015.964394787,-112.5,6252.4619140625,51657.674970213346,415
-6691490.55211969,6635021.267695646,-105.0,6252.4619140625,51657.674970213346,415
-6691495.8554205485,6635026.570996504,-97.49999999999999,6252.4619140625,51657.674970213346,415
-6691501.158721408,6635031.874297364,-90.0,6252.4619140625,51657.674970213346,415
-6691506.462022266,6635037.177598223,-82.5,6252.4619140625,51657.674970213346,415
-6691511.765323125,6635042.480899082,-75.0,6252.4619140625,51657.674970213346,415
-6691517.068623984,6635047.78419994,-67.5,6252.4619140625,51657.674970213346,415
-6691522.371924843,6635053.087500799,-59.999999999999986,6252.4619140625,51657.674970213346,415
-6691527.675225702,6635058.390801659,-52.5,6252.4619140625,51657.674970213346,415
-6691532.978526561,6635063.694102517,-44.99999999999999,6252.4619140625,51657.674970213346,415
-6691538.28182742,6635068.997403376,-37.5,6252.4619140625,51657.674970213346,415
-6691543.5851282785,6635074.300704235,-29.999999999999993,6252.4619140625,51657.674970213346,415
-6691548.888429138,6635079.604005095,-22.499999999999986,6247.4326171875,51657.674970213346,415
-6691554.191729996,6635084.907305953,-14.999999999999996,6247.4326171875,51657.674970213346,415
-6691559.495030856,6635090.210606812,-7.49999999999999,6247.4326171875,51657.674970213346,415
-6691564.798331714,6635095.513907671,0.0,6247.4326171875,51657.674970213346,415
-6691570.101632573,6635100.81720853,7.500000000000007,6247.4326171875,51657.674970213346,415
-6691575.404933432,6635106.120509389,15.000000000000014,6247.4326171875,51657.674970213346,415
-6691580.708234291,6635111.423810247,22.50000000000002,6247.4326171875,51657.674970213346,415
-6691586.01153515,6635116.727111107,30.00000000000003,6252.3544921875,51657.674970213346,415
-6691591.3148360085,6635122.030411966,37.5,6252.3544921875,51657.674970213346,415
-6691596.618136868,6635127.333712825,45.00000000000001,6252.3544921875,51657.674970213346,415
-6691601.921437726,6635132.637013683,52.500000000000014,6252.3544921875,51657.674970213346,415
-6691607.224738586,6635137.9403145425,60.00000000000002,6252.3544921875,51657.674970213346,415
-6691612.528039444,6635143.243615402,67.50000000000003,6252.3544921875,51657.674970213346,415
-6691617.831340304,6635148.54691626,75.0,6252.3544921875,51657.674970213346,415
-6691623.134641162,6635153.850217119,82.5,6252.3544921875,51657.674970213346,415
-6691628.437942021,6635159.153517978,90.00000000000001,6252.3544921875,51657.674970213346,415
-6691633.74124288,6635164.456818838,97.50000000000001,6252.3544921875,51657.674970213346,415
-6691639.0445437385,6635169.760119696,105.00000000000003,6252.3544921875,51657.674970213346,415
-6691644.347844598,6635175.063420555,112.5,6252.3544921875,51657.674970213346,415
-6691649.651145456,6635180.366721414,120.0,6252.3544921875,51657.674970213346,415
-6691654.954446316,6635185.670022273,127.50000000000001,6252.3544921875,51657.674970213346,415
-6691660.257747174,6635190.973323132,135.00000000000003,6252.458984375,51657.674970213346,415
-6691665.561048034,6635196.27662399,142.50000000000003,6252.458984375,51657.674970213346,415
-6691670.864348892,6635201.57992485,150.0,6252.458984375,51657.674970213346,415
-6691259.901178208,6635413.537131029,-150.0,6251.9365234375,52164.12276403897,415
-6691265.204479067,6635418.840431888,-142.5,6251.21240234375,52164.12276403897,415
-6691270.507779926,6635424.143732747,-135.0,6251.21240234375,52164.12276403897,415
-6691275.811080785,6635429.447033606,-127.5,6251.21240234375,52164.12276403897,415
-6691281.114381644,6635434.750334465,-120.0,6251.21240234375,52164.12276403897,415
-6691286.417682502,6635440.053635323,-112.5,6251.21240234375,52164.12276403897,415
-6691291.720983362,6635445.356936183,-105.0,6251.21240234375,52164.12276403897,415
-6691297.02428422,6635450.660237041,-97.49999999999999,6251.21240234375,52164.12276403897,415
-6691302.32758508,6635455.963537901,-90.0,6251.21240234375,52164.12276403897,415
-6691307.630885938,6635461.266838759,-82.5,6251.21240234375,52164.12276403897,415
-6691312.934186798,6635466.570139619,-75.0,6251.21240234375,52164.12276403897,415
-6691318.237487656,6635471.873440477,-67.5,6251.21240234375,52164.12276403897,415
-6691323.540788515,6635477.176741336,-59.999999999999986,6251.21240234375,52164.12276403897,415
-6691328.844089374,6635482.480042195,-52.5,6251.21240234375,52164.12276403897,415
-6691334.147390232,6635487.783343053,-44.99999999999999,6251.21240234375,52164.12276403897,415
-6691339.450691092,6635493.086643913,-37.5,6251.21240234375,52164.12276403897,415
-6691344.75399195,6635498.389944771,-29.999999999999993,6251.21240234375,52164.12276403897,415
-6691350.05729281,6635503.693245631,-22.499999999999986,6251.21240234375,52164.12276403897,415
-6691355.360593668,6635508.996546489,-14.999999999999996,6251.21240234375,52164.12276403897,415
-6691360.663894528,6635514.299847349,-7.49999999999999,6249.849609375,52164.12276403897,415
-6691365.967195386,6635519.603148207,0.0,6249.849609375,52164.12276403897,415
-6691371.270496245,6635524.906449066,7.500000000000007,6249.849609375,52164.12276403897,415
-6691376.573797104,6635530.209749925,15.000000000000014,6250.6650390625,52164.12276403897,415
-6691381.877097962,6635535.513050783,22.50000000000002,6250.6650390625,52164.12276403897,415
-6691387.180398822,6635540.816351643,30.00000000000003,6250.6650390625,52164.12276403897,415
-6691392.48369968,6635546.119652501,37.5,6250.6650390625,52164.12276403897,415
-6691397.78700054,6635551.422953361,45.00000000000001,6250.6650390625,52164.12276403897,415
-6691403.090301398,6635556.726254219,52.500000000000014,6250.6650390625,52164.12276403897,415
-6691408.393602258,6635562.029555079,60.00000000000002,6250.6650390625,52164.12276403897,415
-6691413.696903116,6635567.332855937,67.50000000000003,6250.6650390625,52164.12276403897,415
-6691419.000203975,6635572.636156796,75.0,6250.6650390625,52164.12276403897,415
-6691424.303504834,6635577.939457655,82.5,6250.6650390625,52164.12276403897,415
-6691429.606805692,6635583.242758513,90.00000000000001,6250.6650390625,52164.12276403897,415
-6691434.910106552,6635588.546059373,97.50000000000001,6250.6650390625,52164.12276403897,415
-6691440.21340741,6635593.849360231,105.00000000000003,6250.6650390625,52164.12276403897,415
-6691445.51670827,6635599.152661091,112.5,6250.6650390625,52164.12276403897,415
-6691450.820009128,6635604.455961949,120.0,6250.6650390625,52164.12276403897,415
-6691456.123309988,6635609.759262809,127.50000000000001,6250.6650390625,52164.12276403897,415
-6691461.426610846,6635615.062563667,135.00000000000003,6250.6650390625,52164.12276403897,415
-6691466.7299117055,6635620.3658645265,142.50000000000003,6250.6650390625,52164.12276403897,415
-6691472.033212564,6635625.669165385,150.0,6252.0927734375,52164.12276403897,415
-6691150.434273289,6635998.906316917,-150.0,6250.9404296875,52670.57055786459,415
-6691157.934273289,6635998.906316917,-142.5,6250.9404296875,52670.57055786459,415
-6691165.434273289,6635998.906316917,-135.0,6250.9404296875,52670.57055786459,415
-6691172.934273289,6635998.906316917,-127.5,6250.9404296875,52670.57055786459,415
-6691180.434273289,6635998.906316917,-120.0,6250.9404296875,52670.57055786459,415
-6691187.934273289,6635998.906316917,-112.5,6250.9404296875,52670.57055786459,415
-6691195.434273289,6635998.906316917,-105.0,6250.9404296875,52670.57055786459,415
-6691202.934273289,6635998.906316917,-97.49999999999999,6250.9404296875,52670.57055786459,415
-6691210.434273289,6635998.906316917,-90.0,6250.9404296875,52670.57055786459,415
-6691217.934273289,6635998.906316917,-82.5,6250.9404296875,52670.57055786459,415
-6691225.434273289,6635998.906316917,-75.0,6250.9404296875,52670.57055786459,415
-6691232.934273289,6635998.906316917,-67.5,6250.9404296875,52670.57055786459,415
-6691240.434273289,6635998.906316917,-59.999999999999986,6250.9404296875,52670.57055786459,415
-6691247.934273289,6635998.906316917,-52.5,6250.60205078125,52670.57055786459,415
-6691255.434273289,6635998.906316917,-44.99999999999999,6250.60205078125,52670.57055786459,415
-6691262.934273289,6635998.906316917,-37.5,6250.60205078125,52670.57055786459,415
-6691270.434273289,6635998.906316917,-29.999999999999993,6250.60205078125,52670.57055786459,415
-6691277.934273289,6635998.906316917,-22.499999999999986,6250.60205078125,52670.57055786459,415
-6691285.434273289,6635998.906316917,-14.999999999999996,6250.60205078125,52670.57055786459,415
-6691292.934273289,6635998.906316917,-7.49999999999999,6250.60205078125,52670.57055786459,415
-6691300.434273289,6635998.906316917,0.0,6250.60205078125,52670.57055786459,415
-6691307.934273289,6635998.906316917,7.500000000000007,6250.60205078125,52670.57055786459,415
-6691315.434273289,6635998.906316917,15.000000000000014,6250.60205078125,52670.57055786459,415
-6691322.934273289,6635998.906316917,22.50000000000002,6250.60205078125,52670.57055786459,415
-6691330.434273289,6635998.906316917,30.00000000000003,6250.60205078125,52670.57055786459,415
-6691337.934273289,6635998.906316917,37.5,6250.60205078125,52670.57055786459,415
-6691345.434273289,6635998.906316917,45.00000000000001,6250.60205078125,52670.57055786459,415
-6691352.934273289,6635998.906316917,52.500000000000014,6250.60205078125,52670.57055786459,415
-6691360.434273289,6635998.906316917,60.00000000000002,6252.07666015625,52670.57055786459,415
-6691367.934273289,6635998.906316917,67.50000000000003,6252.07666015625,52670.57055786459,415
-6691375.434273289,6635998.906316917,75.0,6252.07666015625,52670.57055786459,415
-6691382.934273289,6635998.906316917,82.5,6252.07666015625,52670.57055786459,415
-6691390.434273289,6635998.906316917,90.00000000000001,6252.07666015625,52670.57055786459,415
-6691397.934273289,6635998.906316917,97.50000000000001,6252.07666015625,52670.57055786459,415
-6691405.434273289,6635998.906316917,105.00000000000003,6252.07666015625,52670.57055786459,415
-6691412.934273289,6635998.906316917,112.5,6252.07666015625,52670.57055786459,415
-6691420.434273289,6635998.906316917,120.0,6252.07666015625,52670.57055786459,415
-6691427.934273289,6635998.906316917,127.50000000000001,6252.07666015625,52670.57055786459,415
-6691435.434273289,6635998.906316917,135.00000000000003,6252.07666015625,52670.57055786459,415
-6691442.934273289,6635998.906316917,142.50000000000003,6252.07666015625,52670.57055786459,415
-6691450.434273289,6635998.906316917,150.0,6252.07666015625,52670.57055786459,415
-6690925.176169081,6636346.072577741,-150.0,6248.423828125,53177.01835169021,415
-6690932.676169081,6636346.072577741,-142.5,6248.423828125,53177.01835169021,415
-6690940.176169081,6636346.072577741,-135.0,6248.423828125,53177.01835169021,415
-6690947.676169081,6636346.072577741,-127.5,6248.423828125,53177.01835169021,415
-6690955.176169081,6636346.072577741,-120.0,6248.423828125,53177.01835169021,415
-6690962.676169081,6636346.072577741,-112.5,6248.423828125,53177.01835169021,415
-6690970.176169081,6636346.072577741,-105.0,6248.423828125,53177.01835169021,415
-6690977.676169081,6636346.072577741,-97.49999999999999,6248.423828125,53177.01835169021,415
-6690985.176169081,6636346.072577741,-90.0,6248.423828125,53177.01835169021,415
-6690992.676169081,6636346.072577741,-82.5,6248.423828125,53177.01835169021,415
-6691000.176169081,6636346.072577741,-75.0,6248.423828125,53177.01835169021,415
-6691007.676169081,6636346.072577741,-67.5,6248.423828125,53177.01835169021,415
-6691015.176169081,6636346.072577741,-59.999999999999986,6248.423828125,53177.01835169021,415
-6691022.676169081,6636346.072577741,-52.5,6248.35595703125,53177.01835169021,415
-6691030.176169081,6636346.072577741,-44.99999999999999,6248.35595703125,53177.01835169021,415
-6691037.676169081,6636346.072577741,-37.5,6248.35595703125,53177.01835169021,415
-6691045.176169081,6636346.072577741,-29.999999999999993,6248.35595703125,53177.01835169021,415
-6691052.676169081,6636346.072577741,-22.499999999999986,6248.35595703125,53177.01835169021,415
-6691060.176169081,6636346.072577741,-14.999999999999996,6248.35595703125,53177.01835169021,415
-6691067.676169081,6636346.072577741,-7.49999999999999,6248.35595703125,53177.01835169021,415
-6691075.176169081,6636346.072577741,0.0,6248.35595703125,53177.01835169021,415
-6691082.676169081,6636346.072577741,7.500000000000007,6248.35595703125,53177.01835169021,415
-6691090.176169081,6636346.072577741,15.000000000000014,6248.35595703125,53177.01835169021,415
-6691097.676169081,6636346.072577741,22.50000000000002,6248.35595703125,53177.01835169021,415
-6691105.176169081,6636346.072577741,30.00000000000003,6248.35595703125,53177.01835169021,415
-6691112.676169081,6636346.072577741,37.5,6248.35595703125,53177.01835169021,415
-6691120.176169081,6636346.072577741,45.00000000000001,6248.35595703125,53177.01835169021,415
-6691127.676169081,6636346.072577741,52.500000000000014,6248.35595703125,53177.01835169021,415
-6691135.176169081,6636346.072577741,60.00000000000002,6250.470703125,53177.01835169021,415
-6691142.676169081,6636346.072577741,67.50000000000003,6250.470703125,53177.01835169021,415
-6691150.176169081,6636346.072577741,75.0,6250.470703125,53177.01835169021,415
-6691157.676169081,6636346.072577741,82.5,6250.470703125,53177.01835169021,415
-6691165.176169081,6636346.072577741,90.00000000000001,6250.470703125,53177.01835169021,415
-6691172.676169081,6636346.072577741,97.50000000000001,6250.470703125,53177.01835169021,415
-6691180.176169081,6636346.072577741,105.00000000000003,6250.470703125,53177.01835169021,415
-6691187.676169081,6636346.072577741,112.5,6250.470703125,53177.01835169021,415
-6691195.176169081,6636346.072577741,120.0,6250.470703125,53177.01835169021,415
-6691202.676169081,6636346.072577741,127.50000000000001,6250.470703125,53177.01835169021,415
-6691210.176169081,6636346.072577741,135.00000000000003,6250.470703125,53177.01835169021,415
-6691217.676169081,6636346.072577741,142.50000000000003,6250.470703125,53177.01835169021,415
-6691225.176169081,6636346.072577741,150.0,6250.470703125,53177.01835169021,415
-6690812.547116976,6636805.867890667,-150.0,6250.2841796875,53683.46614551583,415
-6690820.047116976,6636805.867890667,-142.5,6250.2841796875,53683.46614551583,415
-6690827.547116976,6636805.867890667,-135.0,6250.2841796875,53683.46614551583,415
-6690835.047116976,6636805.867890667,-127.5,6250.2841796875,53683.46614551583,415
-6690842.547116976,6636805.867890667,-120.0,6250.2841796875,53683.46614551583,415
-6690850.047116976,6636805.867890667,-112.5,6250.2841796875,53683.46614551583,415
-6690857.547116976,6636805.867890667,-105.0,6250.2841796875,53683.46614551583,415
-6690865.047116976,6636805.867890667,-97.49999999999999,6250.2841796875,53683.46614551583,415
-6690872.547116976,6636805.867890667,-90.0,6250.2841796875,53683.46614551583,415
-6690880.047116976,6636805.867890667,-82.5,6250.2841796875,53683.46614551583,415
-6690887.547116976,6636805.867890667,-75.0,6250.2841796875,53683.46614551583,415
-6690895.047116976,6636805.867890667,-67.5,6250.2841796875,53683.46614551583,415
-6690902.547116976,6636805.867890667,-59.999999999999986,6250.2841796875,53683.46614551583,415
-6690910.047116976,6636805.867890667,-52.5,6250.23779296875,53683.46614551583,415
-6690917.547116976,6636805.867890667,-44.99999999999999,6250.23779296875,53683.46614551583,415
-6690925.047116976,6636805.867890667,-37.5,6250.23779296875,53683.46614551583,415
-6690932.547116976,6636805.867890667,-29.999999999999993,6250.23779296875,53683.46614551583,415
-6690940.047116976,6636805.867890667,-22.499999999999986,6250.23779296875,53683.46614551583,415
-6690947.547116976,6636805.867890667,-14.999999999999996,6250.23779296875,53683.46614551583,415
-6690955.047116976,6636805.867890667,-7.49999999999999,6250.23779296875,53683.46614551583,415
-6690962.547116976,6636805.867890667,0.0,6250.23779296875,53683.46614551583,415
-6690970.047116976,6636805.867890667,7.500000000000007,6250.23779296875,53683.46614551583,415
-6690977.547116976,6636805.867890667,15.000000000000014,6250.23779296875,53683.46614551583,415
-6690985.047116976,6636805.867890667,22.50000000000002,6250.23779296875,53683.46614551583,415
-6690992.547116976,6636805.867890667,30.00000000000003,6250.23779296875,53683.46614551583,415
-6691000.047116976,6636805.867890667,37.5,6250.23779296875,53683.46614551583,415
-6691007.547116976,6636805.867890667,45.00000000000001,6250.23779296875,53683.46614551583,415
-6691015.047116976,6636805.867890667,52.500000000000014,6250.23779296875,53683.46614551583,415
-6691022.547116976,6636805.867890667,60.00000000000002,6251.43310546875,53683.46614551583,415
-6691030.047116976,6636805.867890667,67.50000000000003,6251.43310546875,53683.46614551583,415
-6691037.547116976,6636805.867890667,75.0,6251.43310546875,53683.46614551583,415
-6691045.047116976,6636805.867890667,82.5,6251.43310546875,53683.46614551583,415
-6691052.547116976,6636805.867890667,90.00000000000001,6251.43310546875,53683.46614551583,415
-6691060.047116976,6636805.867890667,97.50000000000001,6251.43310546875,53683.46614551583,415
-6691067.547116976,6636805.867890667,105.00000000000003,6251.43310546875,53683.46614551583,415
-6691075.047116976,6636805.867890667,112.5,6251.43310546875,53683.46614551583,415
-6691082.547116976,6636805.867890667,120.0,6251.43310546875,53683.46614551583,415
-6691090.047116976,6636805.867890667,127.50000000000001,6251.43310546875,53683.46614551583,415
-6691097.547116976,6636805.867890667,135.00000000000003,6251.43310546875,53683.46614551583,415
-6691105.047116976,6636805.867890667,142.50000000000003,6251.43310546875,53683.46614551583,415
-6691112.547116976,6636805.867890667,150.0,6251.43310546875,53683.46614551583,415
-6690557.881594694,6637016.589131378,-150.0,6262.45703125,54189.91393934145,415
-6690563.184895553,6637021.892432236,-142.5,6262.45703125,54189.91393934145,415
-6690568.488196412,6637027.1957330955,-135.0,6250.46630859375,54189.91393934145,415
-6690573.791497271,6637032.499033954,-127.5,6250.46630859375,54189.91393934145,415
-6690579.09479813,6637037.802334813,-120.0,6250.46630859375,54189.91393934145,415
-6690584.398098988,6637043.105635672,-112.5,6250.46630859375,54189.91393934145,415
-6690589.701399848,6637048.408936531,-105.0,6250.46630859375,54189.91393934145,415
-6690595.004700706,6637053.71223739,-97.49999999999999,6250.46630859375,54189.91393934145,415
-6690600.308001566,6637059.015538249,-90.0,6250.46630859375,54189.91393934145,415
-6690605.611302424,6637064.318839108,-82.5,6250.46630859375,54189.91393934145,415
-6690610.914603284,6637069.622139966,-75.0,6250.46630859375,54189.91393934145,415
-6690616.217904142,6637074.9254408255,-67.5,6250.46630859375,54189.91393934145,415
-6690621.521205001,6637080.228741684,-59.999999999999986,6250.46630859375,54189.91393934145,415
-6690626.82450586,6637085.532042543,-52.5,6250.46630859375,54189.91393934145,415
-6690632.127806718,6637090.835343402,-44.99999999999999,6250.46630859375,54189.91393934145,415
-6690637.431107578,6637096.138644261,-37.5,6250.46630859375,54189.91393934145,415
-6690642.734408436,6637101.44194512,-29.999999999999993,6250.46630859375,54189.91393934145,415
-6690648.037709296,6637106.745245979,-22.499999999999986,6249.14892578125,54189.91393934145,415
-6690653.341010154,6637112.048546838,-14.999999999999996,6249.14892578125,54189.91393934145,415
-6690658.644311014,6637117.351847697,-7.49999999999999,6249.14892578125,54189.91393934145,415
-6690663.947611872,6637122.6551485555,0.0,6249.14892578125,54189.91393934145,415
-6690669.250912731,6637127.958449414,7.500000000000007,6249.14892578125,54189.91393934145,415
-6690674.55421359,6637133.261750273,15.000000000000014,6249.14892578125,54189.91393934145,415
-6690679.857514448,6637138.565051132,22.50000000000002,6249.14892578125,54189.91393934145,415
-6690685.160815308,6637143.868351991,30.00000000000003,6249.2900390625,54189.91393934145,415
-6690690.464116166,6637149.17165285,37.5,6249.2900390625,54189.91393934145,415
-6690695.767417026,6637154.474953709,45.00000000000001,6249.2900390625,54189.91393934145,415
-6690701.070717884,6637159.778254568,52.500000000000014,6249.2900390625,54189.91393934145,415
-6690706.374018744,6637165.081555427,60.00000000000002,6249.2900390625,54189.91393934145,415
-6690711.677319602,6637170.3848562855,67.50000000000003,6249.2900390625,54189.91393934145,415
-6690716.980620461,6637175.688157145,75.0,6249.2900390625,54189.91393934145,415
-6690722.28392132,6637180.991458003,82.5,6249.2900390625,54189.91393934145,415
-6690727.5872221785,6637186.294758862,90.00000000000001,6249.2900390625,54189.91393934145,415
-6690732.890523038,6637191.598059721,97.50000000000001,6249.2900390625,54189.91393934145,415
-6690738.193823896,6637196.90136058,105.00000000000003,6249.2900390625,54189.91393934145,415
-6690743.497124756,6637202.204661439,112.5,6249.2900390625,54189.91393934145,415
-6690748.800425614,6637207.507962298,120.0,6249.2900390625,54189.91393934145,415
-6690754.103726474,6637212.811263157,127.50000000000001,6249.2900390625,54189.91393934145,415
-6690759.407027332,6637218.1145640155,135.00000000000003,6249.2900390625,54189.91393934145,415
-6690764.7103281915,6637223.417864875,142.50000000000003,6249.59326171875,54189.91393934145,415
-6690770.01362905,6637228.721165733,150.0,6249.59326171875,54189.91393934145,415
-6690518.855895601,6637718.7869774755,-150.0,6262.00390625,54696.36173316707,415
-6690524.15919646,6637713.483676617,-142.5,6262.00390625,54696.36173316707,415
-6690529.462497319,6637708.180375758,-135.0,6262.00390625,54696.36173316707,415
-6690534.765798178,6637702.877074899,-127.5,6262.00390625,54696.36173316707,415
-6690540.069099037,6637697.57377404,-120.0,6262.00390625,54696.36173316707,415
-6690545.372399895,6637692.270473181,-112.5,6262.00390625,54696.36173316707,415
-6690550.675700755,6637686.967172322,-105.0,6262.00390625,54696.36173316707,415
-6690555.979001613,6637681.663871463,-97.49999999999999,6262.00390625,54696.36173316707,415
-6690561.282302473,6637676.360570604,-90.0,6262.00390625,54696.36173316707,415
-6690566.585603331,6637671.0572697455,-82.5,6262.00390625,54696.36173316707,415
-6690571.88890419,6637665.753968887,-75.0,6249.11767578125,54696.36173316707,415
-6690577.192205049,6637660.450668028,-67.5,6249.11767578125,54696.36173316707,415
-6690582.495505908,6637655.147367169,-59.999999999999986,6249.11767578125,54696.36173316707,415
-6690587.798806767,6637649.84406631,-52.5,6249.11767578125,54696.36173316707,415
-6690593.102107625,6637644.540765451,-44.99999999999999,6249.11767578125,54696.36173316707,415
-6690598.405408485,6637639.237464592,-37.5,6249.11767578125,54696.36173316707,415
-6690603.708709343,6637633.934163733,-29.999999999999993,6249.11767578125,54696.36173316707,415
-6690609.012010203,6637628.630862874,-22.499999999999986,6249.11767578125,54696.36173316707,415
-6690614.315311061,6637623.3275620155,-14.999999999999996,6249.11767578125,54696.36173316707,415
-6690619.618611921,6637618.024261156,-7.49999999999999,6249.11767578125,54696.36173316707,415
-6690624.921912779,6637612.720960298,0.0,6249.11767578125,54696.36173316707,415
-6690630.225213638,6637607.417659439,7.500000000000007,6249.11767578125,54696.36173316707,415
-6690635.528514497,6637602.11435858,15.000000000000014,6249.11767578125,54696.36173316707,415
-6690640.831815355,6637596.811057721,22.50000000000002,6249.11767578125,54696.36173316707,415
-6690646.135116215,6637591.507756862,30.00000000000003,6249.11767578125,54696.36173316707,415
-6690651.438417073,6637586.204456003,37.5,6249.11767578125,54696.36173316707,415
-6690656.741717933,6637580.901155144,45.00000000000001,6249.11767578125,54696.36173316707,415
-6690662.045018791,6637575.5978542855,52.500000000000014,6249.11767578125,54696.36173316707,415
-6690667.348319651,6637570.294553426,60.00000000000002,6249.11767578125,54696.36173316707,415
-6690672.651620509,6637564.991252568,67.50000000000003,6249.11767578125,54696.36173316707,415
-6690677.9549213685,6637559.687951708,75.0,6249.11767578125,54696.36173316707,415
-6690683.258222227,6637554.38465085,82.5,6249.8818359375,54696.36173316707,415
-6690688.561523085,6637549.081349991,90.00000000000001,6249.8818359375,54696.36173316707,415
-6690693.864823945,6637543.778049132,97.50000000000001,6249.8818359375,54696.36173316707,415
-6690699.168124803,6637538.474748273,105.00000000000003,6249.8818359375,54696.36173316707,415
-6690704.471425663,6637533.171447414,112.5,6249.8818359375,54696.36173316707,415
-6690709.774726521,6637527.8681465555,120.0,6249.8818359375,54696.36173316707,415
-6690715.078027381,6637522.564845696,127.50000000000001,6249.8818359375,54696.36173316707,415
-6690720.381328239,6637517.261544838,135.00000000000003,6249.8818359375,54696.36173316707,415
-6690725.6846290985,6637511.958243978,142.50000000000003,6249.8818359375,54696.36173316707,415
-6690730.987929957,6637506.65494312,150.0,6249.8818359375,54696.36173316707,415
-6690587.289012767,6638072.624777343,-150.0,6248.728515625,55202.80952699269,415
-6690594.789012767,6638072.624777343,-142.5,6248.728515625,55202.80952699269,415
-6690602.289012767,6638072.624777343,-135.0,6248.728515625,55202.80952699269,415
-6690609.789012767,6638072.624777343,-127.5,6248.728515625,55202.80952699269,415
-6690617.289012767,6638072.624777343,-120.0,6248.728515625,55202.80952699269,415
-6690624.789012767,6638072.624777343,-112.5,6248.728515625,55202.80952699269,415
-6690632.289012767,6638072.624777343,-105.0,6248.728515625,55202.80952699269,415
-6690639.789012767,6638072.624777343,-97.49999999999999,6248.728515625,55202.80952699269,415
-6690647.289012767,6638072.624777343,-90.0,6248.728515625,55202.80952699269,415
-6690654.789012767,6638072.624777343,-82.5,6248.728515625,55202.80952699269,415
-6690662.289012767,6638072.624777343,-75.0,6248.728515625,55202.80952699269,415
-6690669.789012767,6638072.624777343,-67.5,6248.728515625,55202.80952699269,415
-6690677.289012767,6638072.624777343,-59.999999999999986,6248.728515625,55202.80952699269,415
-6690684.789012767,6638072.624777343,-52.5,6248.03173828125,55202.80952699269,415
-6690692.289012767,6638072.624777343,-44.99999999999999,6248.03173828125,55202.80952699269,415
-6690699.789012767,6638072.624777343,-37.5,6248.03173828125,55202.80952699269,415
-6690707.289012767,6638072.624777343,-29.999999999999993,6248.03173828125,55202.80952699269,415
-6690714.789012767,6638072.624777343,-22.499999999999986,6248.03173828125,55202.80952699269,415
-6690722.289012767,6638072.624777343,-14.999999999999996,6248.03173828125,55202.80952699269,415
-6690729.789012767,6638072.624777343,-7.49999999999999,6248.03173828125,55202.80952699269,415
-6690737.289012767,6638072.624777343,0.0,6248.03173828125,55202.80952699269,415
-6690744.789012767,6638072.624777343,7.500000000000007,6248.03173828125,55202.80952699269,415
-6690752.289012767,6638072.624777343,15.000000000000014,6248.03173828125,55202.80952699269,415
-6690759.789012767,6638072.624777343,22.50000000000002,6248.03173828125,55202.80952699269,415
-6690767.289012767,6638072.624777343,30.00000000000003,6248.03173828125,55202.80952699269,415
-6690774.789012767,6638072.624777343,37.5,6248.03173828125,55202.80952699269,415
-6690782.289012767,6638072.624777343,45.00000000000001,6248.03173828125,55202.80952699269,415
-6690789.789012767,6638072.624777343,52.500000000000014,6248.03173828125,55202.80952699269,415
-6690797.289012767,6638072.624777343,60.00000000000002,6248.4423828125,55202.80952699269,415
-6690804.789012767,6638072.624777343,67.50000000000003,6248.4423828125,55202.80952699269,415
-6690812.289012767,6638072.624777343,75.0,6248.4423828125,55202.80952699269,415
-6690819.789012767,6638072.624777343,82.5,6248.4423828125,55202.80952699269,415
-6690827.289012767,6638072.624777343,90.00000000000001,6248.4423828125,55202.80952699269,415
-6690834.789012767,6638072.624777343,97.50000000000001,6248.4423828125,55202.80952699269,415
-6690842.289012767,6638072.624777343,105.00000000000003,6248.4423828125,55202.80952699269,415
-6690849.789012767,6638072.624777343,112.5,6248.4423828125,55202.80952699269,415
-6690857.289012767,6638072.624777343,120.0,6248.4423828125,55202.80952699269,415
-6690864.789012767,6638072.624777343,127.50000000000001,6248.4423828125,55202.80952699269,415
-6690872.289012767,6638072.624777343,135.00000000000003,6248.4423828125,55202.80952699269,415
-6690879.789012767,6638072.624777343,142.50000000000003,6248.4423828125,55202.80952699269,415
-6690887.289012767,6638072.624777343,150.0,6248.4423828125,55202.80952699269,415
-6690279.951251716,6638195.55189119,-150.0,6264.4970703125,55709.25732081832,415
-6690285.254552575,6638200.8551920485,-142.5,6264.4970703125,55709.25732081832,415
-6690290.557853434,6638206.158492908,-135.0,6264.4970703125,55709.25732081832,415
-6690295.861154293,6638211.461793766,-127.5,6264.4970703125,55709.25732081832,415
-6690301.164455152,6638216.765094626,-120.0,6264.4970703125,55709.25732081832,415
-6690306.467756011,6638222.068395484,-112.5,6264.4970703125,55709.25732081832,415
-6690311.77105687,6638227.371696344,-105.0,6264.4970703125,55709.25732081832,415
-6690317.0743577285,6638232.674997202,-97.49999999999999,6255.41357421875,55709.25732081832,415
-6690322.377658588,6638237.9782980615,-90.0,6255.41357421875,55709.25732081832,415
-6690327.680959446,6638243.28159892,-82.5,6255.41357421875,55709.25732081832,415
-6690332.984260306,6638248.584899779,-75.0,6255.41357421875,55709.25732081832,415
-6690338.287561164,6638253.888200638,-67.5,6255.41357421875,55709.25732081832,415
-6690343.590862023,6638259.191501496,-59.999999999999986,6246.380859375,55709.25732081832,415
-6690348.894162882,6638264.494802356,-52.5,6246.380859375,55709.25732081832,415
-6690354.197463741,6638269.798103214,-44.99999999999999,6246.380859375,55709.25732081832,415
-6690359.5007646,6638275.101404074,-37.5,6246.380859375,55709.25732081832,415
-6690364.8040654585,6638280.404704932,-29.999999999999993,6246.380859375,55709.25732081832,415
-6690370.107366318,6638285.7080057915,-22.499999999999986,6246.380859375,55709.25732081832,415
-6690375.410667176,6638291.01130665,-14.999999999999996,6246.380859375,55709.25732081832,415
-6690380.713968036,6638296.314607509,-7.49999999999999,6246.380859375,55709.25732081832,415
-6690386.017268894,6638301.617908368,0.0,6246.380859375,55709.25732081832,415
-6690391.320569753,6638306.921209226,7.500000000000007,6246.380859375,55709.25732081832,415
-6690396.623870612,6638312.224510086,15.000000000000014,6246.380859375,55709.25732081832,415
-6690401.927171471,6638317.527810944,22.50000000000002,6246.380859375,55709.25732081832,415
-6690407.23047233,6638322.831111804,30.00000000000003,6246.380859375,55709.25732081832,415
-6690412.5337731885,6638328.134412662,37.5,6246.380859375,55709.25732081832,415
-6690417.837074048,6638333.4377135215,45.00000000000001,6246.380859375,55709.25732081832,415
-6690423.140374906,6638338.74101438,52.500000000000014,6246.380859375,55709.25732081832,415
-6690428.443675766,6638344.044315239,60.00000000000002,6246.380859375,55709.25732081832,415
-6690433.746976624,6638349.347616098,67.50000000000003,6247.26513671875,55709.25732081832,415
-6690439.050277483,6638354.650916956,75.0,6247.26513671875,55709.25732081832,415
-6690444.353578342,6638359.954217816,82.5,6247.26513671875,55709.25732081832,415
-6690449.656879201,6638365.257518674,90.00000000000001,6247.26513671875,55709.25732081832,415
-6690454.96018006,6638370.560819534,97.50000000000001,6247.26513671875,55709.25732081832,415
-6690460.2634809185,6638375.864120392,105.00000000000003,6248.45556640625,55709.25732081832,415
-6690465.566781778,6638381.167421252,112.5,6248.45556640625,55709.25732081832,415
-6690470.870082636,6638386.47072211,120.0,6248.45556640625,55709.25732081832,415
-6690476.173383496,6638391.774022969,127.50000000000001,6248.45556640625,55709.25732081832,415
-6690481.476684354,6638397.077323828,135.00000000000003,6248.45556640625,55709.25732081832,415
-6690486.779985214,6638402.380624687,142.50000000000003,6248.45556640625,55709.25732081832,415
-6690492.083286072,6638407.683925546,150.0,6248.45556640625,55709.25732081832,415
-6690280.293458956,6638831.773166082,-150.0,6254.58837890625,56215.70511464393,415
-6690285.596759815,6638826.469865223,-142.5,6254.58837890625,56215.70511464393,415
-6690290.900060674,6638821.166564364,-135.0,6254.58837890625,56215.70511464393,415
-6690296.203361533,6638815.8632635055,-127.5,6254.58837890625,56215.70511464393,415
-6690301.506662392,6638810.559962646,-120.0,6254.58837890625,56215.70511464393,415
-6690306.8099632505,6638805.256661788,-112.5,6254.58837890625,56215.70511464393,415
-6690312.11326411,6638799.953360928,-105.0,6254.58837890625,56215.70511464393,415
-6690317.416564968,6638794.65006007,-97.49999999999999,6250.01318359375,56215.70511464393,415
-6690322.719865828,6638789.34675921,-90.0,6250.01318359375,56215.70511464393,415
-6690328.023166686,6638784.043458352,-82.5,6250.01318359375,56215.70511464393,415
-6690333.326467546,6638778.740157492,-75.0,6250.01318359375,56215.70511464393,415
-6690338.629768404,6638773.436856634,-67.5,6250.01318359375,56215.70511464393,415
-6690343.933069263,6638768.1335557755,-59.999999999999986,6245.73486328125,56215.70511464393,415
-6690349.236370122,6638762.830254916,-52.5,6245.73486328125,56215.70511464393,415
-6690354.539670981,6638757.526954058,-44.99999999999999,6245.73486328125,56215.70511464393,415
-6690359.84297184,6638752.223653198,-37.5,6245.73486328125,56215.70511464393,415
-6690365.146272698,6638746.92035234,-29.999999999999993,6245.73486328125,56215.70511464393,415
-6690370.449573558,6638741.61705148,-22.499999999999986,6245.73486328125,56215.70511464393,415
-6690375.752874416,6638736.313750622,-14.999999999999996,6245.73486328125,56215.70511464393,415
-6690381.056175276,6638731.010449762,-7.49999999999999,6245.73486328125,56215.70511464393,415
-6690386.359476134,6638725.707148904,0.0,6245.73486328125,56215.70511464393,415
-6690391.662776993,6638720.4038480455,7.500000000000007,6245.73486328125,56215.70511464393,415
-6690396.966077852,6638715.100547186,15.000000000000014,6245.73486328125,56215.70511464393,415
-6690402.269378711,6638709.797246328,22.50000000000002,6245.73486328125,56215.70511464393,415
-6690407.57267957,6638704.493945468,30.00000000000003,6245.73486328125,56215.70511464393,415
-6690412.875980428,6638699.19064461,37.5,6245.73486328125,56215.70511464393,415
-6690418.179281288,6638693.88734375,45.00000000000001,6245.73486328125,56215.70511464393,415
-6690423.482582146,6638688.584042892,52.500000000000014,6245.73486328125,56215.70511464393,415
-6690428.785883006,6638683.280742032,60.00000000000002,6245.73486328125,56215.70511464393,415
-6690434.089183864,6638677.977441174,67.50000000000003,6247.43017578125,56215.70511464393,415
-6690439.392484723,6638672.6741403155,75.0,6247.43017578125,56215.70511464393,415
-6690444.695785582,6638667.370839456,82.5,6247.43017578125,56215.70511464393,415
-6690449.999086441,6638662.067538598,90.00000000000001,6247.43017578125,56215.70511464393,415
-6690455.3023873,6638656.764237738,97.50000000000001,6247.43017578125,56215.70511464393,415
-6690460.605688158,6638651.46093688,105.00000000000003,6247.7294921875,56215.70511464393,415
-6690465.908989018,6638646.15763602,112.5,6247.7294921875,56215.70511464393,415
-6690471.212289876,6638640.854335162,120.0,6247.7294921875,56215.70511464393,415
-6690476.515590736,6638635.551034302,127.50000000000001,6247.7294921875,56215.70511464393,415
-6690481.818891594,6638630.247733444,135.00000000000003,6247.7294921875,56215.70511464393,415
-6690487.122192454,6638624.944432585,142.50000000000003,6247.7294921875,56215.70511464393,415
-6690492.425493312,6638619.641131726,150.0,6247.7294921875,56215.70511464393,415
-6690624.039862892,6638977.753801057,-150.0,6246.47021484375,56722.15290846956,415
-6690629.34316375,6638983.057101916,-142.5,6246.47021484375,56722.15290846956,415
-6690634.64646461,6638988.360402775,-135.0,6246.47021484375,56722.15290846956,415
-6690639.949765468,6638993.6637036335,-127.5,6246.47021484375,56722.15290846956,415
-6690645.253066327,6638998.967004493,-120.0,6246.47021484375,56722.15290846956,415
-6690650.556367186,6639004.270305351,-112.5,6246.47021484375,56722.15290846956,415
-6690655.859668045,6639009.573606211,-105.0,6246.47021484375,56722.15290846956,415
-6690661.162968904,6639014.876907069,-97.49999999999999,6246.47021484375,56722.15290846956,415
-6690666.466269763,6639020.180207929,-90.0,6246.47021484375,56722.15290846956,415
-6690671.769570622,6639025.483508787,-82.5,6246.48974609375,56722.15290846956,415
-6690677.07287148,6639030.786809646,-75.0,6246.48974609375,56722.15290846956,415
-6690682.37617234,6639036.090110505,-67.5,6246.44580078125,56722.15290846956,415
-6690687.679473198,6639041.3934113635,-59.999999999999986,6246.44580078125,56722.15290846956,415
-6690692.982774057,6639046.696712223,-52.5,6246.44580078125,56722.15290846956,415
-6690698.286074916,6639052.000013081,-44.99999999999999,6246.44580078125,56722.15290846956,415
-6690703.589375775,6639057.303313941,-37.5,6246.44580078125,56722.15290846956,415
-6690708.892676634,6639062.606614799,-29.999999999999993,6246.44580078125,56722.15290846956,415
-6690714.195977493,6639067.909915659,-22.499999999999986,6246.44580078125,56722.15290846956,415
-6690719.499278352,6639073.213216517,-14.999999999999996,6246.44580078125,56722.15290846956,415
-6690724.802579211,6639078.5165173765,-7.49999999999999,6246.44580078125,56722.15290846956,415
-6690730.10588007,6639083.819818235,0.0,6246.44580078125,56722.15290846956,415
-6690735.409180928,6639089.1231190935,7.500000000000007,6246.44580078125,56722.15290846956,415
-6690740.712481787,6639094.426419953,15.000000000000014,6246.44580078125,56722.15290846956,415
-6690746.015782646,6639099.729720811,22.50000000000002,6246.44580078125,56722.15290846956,415
-6690751.319083505,6639105.033021671,30.00000000000003,6246.44580078125,56722.15290846956,415
-6690756.622384364,6639110.336322529,37.5,6246.44580078125,56722.15290846956,415
-6690761.925685223,6639115.639623389,45.00000000000001,6246.44580078125,56722.15290846956,415
-6690767.228986082,6639120.942924247,52.500000000000014,6246.44580078125,56722.15290846956,415
-6690772.532286941,6639126.2462251065,60.00000000000002,6246.44580078125,56722.15290846956,415
-6690777.8355878,6639131.549525965,67.50000000000003,6246.44580078125,56722.15290846956,415
-6690783.138888659,6639136.852826824,75.0,6246.5908203125,56722.15290846956,415
-6690788.442189517,6639142.156127683,82.5,6246.5908203125,56722.15290846956,415
-6690793.745490376,6639147.459428541,90.00000000000001,6247.154296875,56722.15290846956,415
-6690799.048791235,6639152.762729401,97.50000000000001,6247.154296875,56722.15290846956,415
-6690804.352092094,6639158.066030259,105.00000000000003,6247.154296875,56722.15290846956,415
-6690809.655392953,6639163.369331119,112.5,6247.154296875,56722.15290846956,415
-6690814.958693812,6639168.672631977,120.0,6247.154296875,56722.15290846956,415
-6690820.261994671,6639173.9759328365,127.50000000000001,6247.154296875,56722.15290846956,415
-6690825.56529553,6639179.279233695,135.00000000000003,6247.154296875,56722.15290846956,415
-6690830.868596389,6639184.582534554,142.50000000000003,6247.154296875,56722.15290846956,415
-6690836.171897247,6639189.885835413,150.0,6247.154296875,56722.15290846956,415
-6690445.070942313,6639135.431841249,-150.0,6246.75244140625,57228.600702295174,415
-6690439.767641455,6639140.735142107,-142.5,6246.75244140625,57228.600702295174,415
-6690434.4643405955,6639146.0384429665,-135.0,6246.75244140625,57228.600702295174,415
-6690429.161039737,6639151.341743825,-127.5,6246.75244140625,57228.600702295174,415
-6690423.857738878,6639156.645044684,-120.0,6246.75244140625,57228.600702295174,415
-6690418.554438019,6639161.948345543,-112.5,6246.75244140625,57228.600702295174,415
-6690413.25113716,6639167.251646402,-105.0,6246.75244140625,57228.600702295174,415
-6690407.947836301,6639172.554947261,-97.49999999999999,6246.75244140625,57228.600702295174,415
-6690402.644535442,6639177.85824812,-90.0,6246.75244140625,57228.600702295174,415
-6690397.341234583,6639183.161548979,-82.5,6246.75244140625,57228.600702295174,415
-6690392.037933724,6639188.464849837,-75.0,6246.75244140625,57228.600702295174,415
-6690386.7346328655,6639193.7681506965,-67.5,6246.75244140625,57228.600702295174,415
-6690381.431332007,6639199.071451555,-59.999999999999986,6246.75244140625,57228.600702295174,415
-6690376.128031148,6639204.374752414,-52.5,6246.75244140625,57228.600702295174,415
-6690370.824730289,6639209.678053273,-44.99999999999999,6246.75244140625,57228.600702295174,415
-6690365.52142943,6639214.981354132,-37.5,6246.75244140625,57228.600702295174,415
-6690360.218128571,6639220.284654991,-29.999999999999993,6246.75244140625,57228.600702295174,415
-6690354.914827712,6639225.58795585,-22.499999999999986,6246.75244140625,57228.600702295174,415
-6690349.611526853,6639230.891256709,-14.999999999999996,6246.75244140625,57228.600702295174,415
-6690344.308225994,6639236.194557568,-7.49999999999999,6246.75244140625,57228.600702295174,415
-6690339.0049251355,6639241.4978584265,0.0,6245.109375,57228.600702295174,415
-6690333.701624277,6639246.801159285,7.500000000000007,6246.5859375,57228.600702295174,415
-6690328.398323418,6639252.104460144,15.000000000000014,6246.5859375,57228.600702295174,415
-6690323.095022559,6639257.407761003,22.50000000000002,6246.5859375,57228.600702295174,415
-6690317.7917217,6639262.711061862,30.00000000000003,6246.5859375,57228.600702295174,415
-6690312.488420841,6639268.014362721,37.5,6246.5859375,57228.600702295174,415
-6690307.185119982,6639273.31766358,45.00000000000001,6246.5859375,57228.600702295174,415
-6690301.881819123,6639278.620964439,52.500000000000014,6246.5859375,57228.600702295174,415
-6690296.578518264,6639283.924265298,60.00000000000002,6246.5859375,57228.600702295174,415
-6690291.2752174055,6639289.227566157,67.50000000000003,6246.5859375,57228.600702295174,415
-6690285.971916547,6639294.530867016,75.0,6246.5859375,57228.600702295174,415
-6690280.668615688,6639299.834167874,82.5,6246.5859375,57228.600702295174,415
-6690275.365314829,6639305.137468733,90.00000000000001,6246.5859375,57228.600702295174,415
-6690270.06201397,6639310.440769592,97.50000000000001,6246.5859375,57228.600702295174,415
-6690264.758713111,6639315.744070451,105.00000000000003,6246.5859375,57228.600702295174,415
-6690259.455412252,6639321.04737131,112.5,6246.5859375,57228.600702295174,415
-6690254.152111393,6639326.350672169,120.0,6246.5859375,57228.600702295174,415
-6690248.848810534,6639331.653973028,127.50000000000001,6246.5859375,57228.600702295174,415
-6690243.5455096755,6639336.957273887,135.00000000000003,6246.5859375,57228.600702295174,415
-6690238.242208816,6639342.260574746,142.50000000000003,6246.5859375,57228.600702295174,415
-6690232.938907958,6639347.563875604,150.0,6246.5859375,57228.600702295174,415
-6689954.467005128,6639422.068554612,-150.0,6258.81298828125,57735.0484961208,415
-6689959.7703059865,6639427.371855471,-142.5,6258.81298828125,57735.0484961208,415
-6689965.073606846,6639432.67515633,-135.0,6258.81298828125,57735.0484961208,415
-6689970.376907704,6639437.978457188,-127.5,6258.81298828125,57735.0484961208,415
-6689975.680208564,6639443.281758048,-120.0,6258.81298828125,57735.0484961208,415
-6689980.983509422,6639448.585058907,-112.5,6258.81298828125,57735.0484961208,415
-6689986.286810282,6639453.8883597655,-105.0,6258.81298828125,57735.0484961208,415
-6689991.59011114,6639459.191660624,-97.49999999999999,6258.81298828125,57735.0484961208,415
-6689996.893412,6639464.494961483,-90.0,6258.81298828125,57735.0484961208,415
-6690002.196712858,6639469.798262343,-82.5,6258.81298828125,57735.0484961208,415
-6690007.5000137165,6639475.101563201,-75.0,6243.05078125,57735.0484961208,415
-6690012.803314576,6639480.40486406,-67.5,6243.05078125,57735.0484961208,415
-6690018.106615434,6639485.708164919,-59.999999999999986,6243.05078125,57735.0484961208,415
-6690023.409916294,6639491.011465779,-52.5,6243.05078125,57735.0484961208,415
-6690028.713217152,6639496.314766637,-44.99999999999999,6243.05078125,57735.0484961208,415
-6690034.016518012,6639501.6180674955,-37.5,6243.05078125,57735.0484961208,415
-6690039.31981887,6639506.921368355,-29.999999999999993,6243.05078125,57735.0484961208,415
-6690044.62311973,6639512.224669214,-22.499999999999986,6243.05078125,57735.0484961208,415
-6690049.926420588,6639517.527970073,-14.999999999999996,6243.05078125,57735.0484961208,415
-6690055.229721447,6639522.831270931,-7.49999999999999,6243.05078125,57735.0484961208,415
-6690060.533022306,6639528.134571791,0.0,6243.05078125,57735.0484961208,415
-6690065.836323164,6639533.43787265,7.500000000000007,6243.05078125,57735.0484961208,415
-6690071.139624024,6639538.741173509,15.000000000000014,6243.05078125,57735.0484961208,415
-6690076.442924882,6639544.044474367,22.50000000000002,6243.05078125,57735.0484961208,415
-6690081.746225742,6639549.347775226,30.00000000000003,6243.05078125,57735.0484961208,415
-6690087.0495266,6639554.651076086,37.5,6243.05078125,57735.0484961208,415
-6690092.35282746,6639559.954376944,45.00000000000001,6243.05078125,57735.0484961208,415
-6690097.656128318,6639565.257677803,52.500000000000014,6243.05078125,57735.0484961208,415
-6690102.959429177,6639570.560978662,60.00000000000002,6243.05078125,57735.0484961208,415
-6690108.262730036,6639575.864279522,67.50000000000003,6243.05078125,57735.0484961208,415
-6690113.566030895,6639581.16758038,75.0,6243.05078125,57735.0484961208,415
-6690118.869331754,6639586.470881239,82.5,6245.72802734375,57735.0484961208,415
-6690124.172632612,6639591.774182098,90.00000000000001,6245.72802734375,57735.0484961208,415
-6690129.475933472,6639597.077482957,97.50000000000001,6245.72802734375,57735.0484961208,415
-6690134.77923433,6639602.380783816,105.00000000000003,6245.72802734375,57735.0484961208,415
-6690140.08253519,6639607.684084674,112.5,6245.72802734375,57735.0484961208,415
-6690145.385836048,6639612.987385534,120.0,6245.72802734375,57735.0484961208,415
-6690150.689136907,6639618.290686393,127.50000000000001,6245.72802734375,57735.0484961208,415
-6690155.992437766,6639623.593987252,135.00000000000003,6245.72802734375,57735.0484961208,415
-6690161.295738625,6639628.89728811,142.50000000000003,6245.72802734375,57735.0484961208,415
-6690166.599039484,6639634.2005889695,150.0,6245.72802734375,57735.0484961208,415
-6689901.253206507,6639813.169509546,-150.0,6246.1396484375,58241.496289946415,415
-6689906.556507366,6639818.472810404,-142.5,6246.1396484375,58241.496289946415,415
-6689911.859808225,6639823.776111264,-135.0,6246.1396484375,58241.496289946415,415
-6689917.163109084,6639829.079412122,-127.5,6246.1396484375,58241.496289946415,415
-6689922.466409943,6639834.382712982,-120.0,6246.1396484375,58241.496289946415,415
-6689927.769710802,6639839.68601384,-112.5,6246.1396484375,58241.496289946415,415
-6689933.073011661,6639844.9893147,-105.0,6246.1396484375,58241.496289946415,415
-6689938.376312519,6639850.292615558,-97.49999999999999,6246.1396484375,58241.496289946415,415
-6689943.679613379,6639855.595916417,-90.0,6246.1396484375,58241.496289946415,415
-6689948.982914237,6639860.899217276,-82.5,6246.1396484375,58241.496289946415,415
-6689954.286215097,6639866.202518135,-75.0,6246.1396484375,58241.496289946415,415
-6689959.589515955,6639871.505818994,-67.5,6246.1396484375,58241.496289946415,415
-6689964.892816814,6639876.809119852,-59.999999999999986,6246.1396484375,58241.496289946415,415
-6689970.196117673,6639882.112420712,-52.5,6246.1396484375,58241.496289946415,415
-6689975.499418532,6639887.41572157,-44.99999999999999,6246.1396484375,58241.496289946415,415
-6689980.802719391,6639892.71902243,-37.5,6246.1396484375,58241.496289946415,415
-6689986.106020249,6639898.022323288,-29.999999999999993,6246.1396484375,58241.496289946415,415
-6689991.409321109,6639903.325624147,-22.499999999999986,6246.1396484375,58241.496289946415,415
-6689996.712621967,6639908.628925006,-14.999999999999996,6246.1396484375,58241.496289946415,415
-6690002.015922827,6639913.932225865,-7.49999999999999,6246.1396484375,58241.496289946415,415
-6690007.319223685,6639919.235526724,0.0,6245.58544921875,58241.496289946415,415
-6690012.622524544,6639924.538827582,7.500000000000007,6245.91650390625,58241.496289946415,415
-6690017.925825403,6639929.842128442,15.000000000000014,6245.91650390625,58241.496289946415,415
-6690023.229126262,6639935.1454293,22.50000000000002,6245.91650390625,58241.496289946415,415
-6690028.532427121,6639940.44873016,30.00000000000003,6245.91650390625,58241.496289946415,415
-6690033.835727979,6639945.752031018,37.5,6245.91650390625,58241.496289946415,415
-6690039.139028839,6639951.055331877,45.00000000000001,6245.91650390625,58241.496289946415,415
-6690044.442329697,6639956.358632736,52.500000000000014,6245.91650390625,58241.496289946415,415
-6690049.745630557,6639961.661933595,60.00000000000002,6245.91650390625,58241.496289946415,415
-6690055.048931415,6639966.965234454,67.50000000000003,6245.91650390625,58241.496289946415,415
-6690060.352232274,6639972.268535312,75.0,6245.91650390625,58241.496289946415,415
-6690065.655533133,6639977.571836172,82.5,6245.91650390625,58241.496289946415,415
-6690070.958833992,6639982.87513703,90.00000000000001,6245.91650390625,58241.496289946415,415
-6690076.262134851,6639988.17843789,97.50000000000001,6245.91650390625,58241.496289946415,415
-6690081.565435709,6639993.481738748,105.00000000000003,6245.91650390625,58241.496289946415,415
-6690086.868736569,6639998.785039607,112.5,6245.91650390625,58241.496289946415,415
-6690092.172037427,6640004.088340466,120.0,6245.91650390625,58241.496289946415,415
-6690097.475338287,6640009.391641325,127.50000000000001,6245.91650390625,58241.496289946415,415
-6690102.778639145,6640014.694942184,135.00000000000003,6245.91650390625,58241.496289946415,415
-6690108.081940005,6640019.998243043,142.50000000000003,6245.91650390625,58241.496289946415,415
-6690113.385240863,6640025.301543902,150.0,6245.91650390625,58241.496289946415,415
-6690024.143752246,6640242.197808014,-150.0,6244.74560546875,58747.94408377204,415
-6690031.643752246,6640242.197808014,-142.5,6244.74560546875,58747.94408377204,415
-6690039.143752246,6640242.197808014,-135.0,6244.74560546875,58747.94408377204,415
-6690046.643752246,6640242.197808014,-127.5,6244.74560546875,58747.94408377204,415
-6690054.143752246,6640242.197808014,-120.0,6244.74560546875,58747.94408377204,415
-6690061.643752246,6640242.197808014,-112.5,6244.74560546875,58747.94408377204,415
-6690069.143752246,6640242.197808014,-105.0,6244.74560546875,58747.94408377204,415
-6690076.643752246,6640242.197808014,-97.49999999999999,6244.74560546875,58747.94408377204,415
-6690084.143752246,6640242.197808014,-90.0,6244.74560546875,58747.94408377204,415
-6690091.643752246,6640242.197808014,-82.5,6244.74560546875,58747.94408377204,415
-6690099.143752246,6640242.197808014,-75.0,6244.74560546875,58747.94408377204,415
-6690106.643752246,6640242.197808014,-67.5,6244.74560546875,58747.94408377204,415
-6690114.143752246,6640242.197808014,-59.999999999999986,6244.74560546875,58747.94408377204,415
-6690121.643752246,6640242.197808014,-52.5,6244.12890625,58747.94408377204,415
-6690129.143752246,6640242.197808014,-44.99999999999999,6244.12890625,58747.94408377204,415
-6690136.643752246,6640242.197808014,-37.5,6244.12890625,58747.94408377204,415
-6690144.143752246,6640242.197808014,-29.999999999999993,6244.12890625,58747.94408377204,415
-6690151.643752246,6640242.197808014,-22.499999999999986,6244.12890625,58747.94408377204,415
-6690159.143752246,6640242.197808014,-14.999999999999996,6244.12890625,58747.94408377204,415
-6690166.643752246,6640242.197808014,-7.49999999999999,6244.12890625,58747.94408377204,415
-6690174.143752246,6640242.197808014,0.0,6244.12890625,58747.94408377204,415
-6690181.643752246,6640242.197808014,7.500000000000007,6244.12890625,58747.94408377204,415
-6690189.143752246,6640242.197808014,15.000000000000014,6244.12890625,58747.94408377204,415
-6690196.643752246,6640242.197808014,22.50000000000002,6244.12890625,58747.94408377204,415
-6690204.143752246,6640242.197808014,30.00000000000003,6244.12890625,58747.94408377204,415
-6690211.643752246,6640242.197808014,37.5,6244.12890625,58747.94408377204,415
-6690219.143752246,6640242.197808014,45.00000000000001,6244.12890625,58747.94408377204,415
-6690226.643752246,6640242.197808014,52.500000000000014,6244.12890625,58747.94408377204,415
-6690234.143752246,6640242.197808014,60.00000000000002,6243.5380859375,58747.94408377204,415
-6690241.643752246,6640242.197808014,67.50000000000003,6243.5380859375,58747.94408377204,415
-6690249.143752246,6640242.197808014,75.0,6243.5380859375,58747.94408377204,415
-6690256.643752246,6640242.197808014,82.5,6243.5380859375,58747.94408377204,415
-6690264.143752246,6640242.197808014,90.00000000000001,6243.5380859375,58747.94408377204,415
-6690271.643752246,6640242.197808014,97.50000000000001,6243.5380859375,58747.94408377204,415
-6690279.143752246,6640242.197808014,105.00000000000003,6243.5380859375,58747.94408377204,415
-6690286.643752246,6640242.197808014,112.5,6243.5380859375,58747.94408377204,415
-6690294.143752246,6640242.197808014,120.0,6243.5380859375,58747.94408377204,415
-6690301.643752246,6640242.197808014,127.50000000000001,6243.5380859375,58747.94408377204,415
-6690309.143752246,6640242.197808014,135.00000000000003,6243.5380859375,58747.94408377204,415
-6690316.643752246,6640242.197808014,142.50000000000003,6243.5380859375,58747.94408377204,415
-6690324.143752246,6640242.197808014,150.0,6243.5380859375,58747.94408377204,415
-6690149.060042265,6640727.862687267,-150.0,6242.86572265625,59254.39187759766,415
-6690154.363343123,6640722.559386409,-142.5,6242.86572265625,59254.39187759766,415
-6690159.666643983,6640717.2560855495,-135.0,6242.86572265625,59254.39187759766,415
-6690164.969944841,6640711.952784691,-127.5,6242.86572265625,59254.39187759766,415
-6690170.273245701,6640706.649483832,-120.0,6243.63818359375,59254.39187759766,415
-6690175.576546559,6640701.346182973,-112.5,6243.63818359375,59254.39187759766,415
-6690180.8798474185,6640696.042882114,-105.0,6243.63818359375,59254.39187759766,415
-6690186.183148277,6640690.739581255,-97.49999999999999,6243.63818359375,59254.39187759766,415
-6690191.486449136,6640685.436280396,-90.0,6243.63818359375,59254.39187759766,415
-6690196.789749995,6640680.132979537,-82.5,6243.63818359375,59254.39187759766,415
-6690202.093050854,6640674.829678679,-75.0,6243.63818359375,59254.39187759766,415
-6690207.396351713,6640669.5263778195,-67.5,6243.63818359375,59254.39187759766,415
-6690212.699652571,6640664.223076961,-59.999999999999986,6243.63818359375,59254.39187759766,415
-6690218.002953431,6640658.919776102,-52.5,6243.63818359375,59254.39187759766,415
-6690223.306254289,6640653.616475243,-44.99999999999999,6243.63818359375,59254.39187759766,415
-6690228.6095551485,6640648.313174384,-37.5,6243.63818359375,59254.39187759766,415
-6690233.912856007,6640643.009873525,-29.999999999999993,6242.76416015625,59254.39187759766,415
-6690239.216156866,6640637.706572666,-22.499999999999986,6242.76416015625,59254.39187759766,415
-6690244.519457725,6640632.403271807,-14.999999999999996,6242.76416015625,59254.39187759766,415
-6690249.822758584,6640627.099970948,-7.49999999999999,6242.76416015625,59254.39187759766,415
-6690255.126059443,6640621.7966700895,0.0,6242.76416015625,59254.39187759766,415
-6690260.429360301,6640616.493369231,7.500000000000007,6242.76416015625,59254.39187759766,415
-6690265.732661161,6640611.190068372,15.000000000000014,6242.76416015625,59254.39187759766,415
-6690271.035962019,6640605.886767513,22.50000000000002,6242.76416015625,59254.39187759766,415
-6690276.3392628785,6640600.583466654,30.00000000000003,6242.76416015625,59254.39187759766,415
-6690281.642563737,6640595.280165795,37.5,6243.28466796875,59254.39187759766,415
-6690286.945864596,6640589.976864936,45.00000000000001,6243.28466796875,59254.39187759766,415
-6690292.249165455,6640584.673564077,52.500000000000014,6243.28466796875,59254.39187759766,415
-6690297.552466314,6640579.370263218,60.00000000000002,6243.28466796875,59254.39187759766,415
-6690302.855767173,6640574.0669623595,67.50000000000003,6243.28466796875,59254.39187759766,415
-6690308.159068031,6640568.7636615,75.0,6243.28466796875,59254.39187759766,415
-6690313.462368891,6640563.460360642,82.5,6243.28466796875,59254.39187759766,415
-6690318.765669749,6640558.157059783,90.00000000000001,6243.28466796875,59254.39187759766,415
-6690324.0689706085,6640552.853758924,97.50000000000001,6243.28466796875,59254.39187759766,415
-6690329.372271467,6640547.550458065,105.00000000000003,6243.28466796875,59254.39187759766,415
-6690334.675572326,6640542.247157206,112.5,6243.28466796875,59254.39187759766,415
-6690339.978873185,6640536.943856347,120.0,6243.28466796875,59254.39187759766,415
-6690345.282174044,6640531.640555488,127.50000000000001,6244.35595703125,59254.39187759766,415
-6690350.585474903,6640526.3372546295,135.00000000000003,6244.35595703125,59254.39187759766,415
-6690355.888775762,6640521.03395377,142.50000000000003,6244.35595703125,59254.39187759766,415
-6690361.192076621,6640515.730652912,150.0,6244.35595703125,59254.39187759766,415
-6690136.772804351,6641021.830991171,-150.0,6242.9072265625,59760.83967142328,415
-6690144.272804351,6641021.830991171,-142.5,6242.9072265625,59760.83967142328,415
-6690151.772804351,6641021.830991171,-135.0,6242.9072265625,59760.83967142328,415
-6690159.272804351,6641021.830991171,-127.5,6242.9072265625,59760.83967142328,415
-6690166.772804351,6641021.830991171,-120.0,6242.9072265625,59760.83967142328,415
-6690174.272804351,6641021.830991171,-112.5,6242.9072265625,59760.83967142328,415
-6690181.772804351,6641021.830991171,-105.0,6242.9072265625,59760.83967142328,415
-6690189.272804351,6641021.830991171,-97.49999999999999,6242.9072265625,59760.83967142328,415
-6690196.772804351,6641021.830991171,-90.0,6242.9072265625,59760.83967142328,415
-6690204.272804351,6641021.830991171,-82.5,6242.9072265625,59760.83967142328,415
-6690211.772804351,6641021.830991171,-75.0,6242.9072265625,59760.83967142328,415
-6690219.272804351,6641021.830991171,-67.5,6242.9072265625,59760.83967142328,415
-6690226.772804351,6641021.830991171,-59.999999999999986,6242.9072265625,59760.83967142328,415
-6690234.272804351,6641021.830991171,-52.5,6242.2197265625,59760.83967142328,415
-6690241.772804351,6641021.830991171,-44.99999999999999,6242.2197265625,59760.83967142328,415
-6690249.272804351,6641021.830991171,-37.5,6242.2197265625,59760.83967142328,415
-6690256.772804351,6641021.830991171,-29.999999999999993,6242.2197265625,59760.83967142328,415
-6690264.272804351,6641021.830991171,-22.499999999999986,6242.2197265625,59760.83967142328,415
-6690271.772804351,6641021.830991171,-14.999999999999996,6242.2197265625,59760.83967142328,415
-6690279.272804351,6641021.830991171,-7.49999999999999,6242.2197265625,59760.83967142328,415
-6690286.772804351,6641021.830991171,0.0,6242.2197265625,59760.83967142328,415
-6690294.272804351,6641021.830991171,7.500000000000007,6242.2197265625,59760.83967142328,415
-6690301.772804351,6641021.830991171,15.000000000000014,6242.2197265625,59760.83967142328,415
-6690309.272804351,6641021.830991171,22.50000000000002,6242.2197265625,59760.83967142328,415
-6690316.772804351,6641021.830991171,30.00000000000003,6242.2197265625,59760.83967142328,415
-6690324.272804351,6641021.830991171,37.5,6242.2197265625,59760.83967142328,415
-6690331.772804351,6641021.830991171,45.00000000000001,6242.2197265625,59760.83967142328,415
-6690339.272804351,6641021.830991171,52.500000000000014,6242.2197265625,59760.83967142328,415
-6690346.772804351,6641021.830991171,60.00000000000002,6243.185546875,59760.83967142328,415
-6690354.272804351,6641021.830991171,67.50000000000003,6243.185546875,59760.83967142328,415
-6690361.772804351,6641021.830991171,75.0,6243.185546875,59760.83967142328,415
-6690369.272804351,6641021.830991171,82.5,6243.185546875,59760.83967142328,415
-6690376.772804351,6641021.830991171,90.00000000000001,6243.185546875,59760.83967142328,415
-6690384.272804351,6641021.830991171,97.50000000000001,6243.185546875,59760.83967142328,415
-6690391.772804351,6641021.830991171,105.00000000000003,6243.185546875,59760.83967142328,415
-6690399.272804351,6641021.830991171,112.5,6243.185546875,59760.83967142328,415
-6690406.772804351,6641021.830991171,120.0,6243.185546875,59760.83967142328,415
-6690414.272804351,6641021.830991171,127.50000000000001,6243.185546875,59760.83967142328,415
-6690421.772804351,6641021.830991171,135.00000000000003,6243.185546875,59760.83967142328,415
-6690429.272804351,6641021.830991171,142.50000000000003,6243.185546875,59760.83967142328,415
-6690436.772804351,6641021.830991171,150.0,6243.185546875,59760.83967142328,415
-6690039.949363634,6641363.909133984,-150.0,6242.68115234375,60267.287465248904,415
-6690045.252664492,6641369.212434842,-142.5,6242.68115234375,60267.287465248904,415
-6690050.555965352,6641374.515735702,-135.0,6242.68115234375,60267.287465248904,415
-6690055.85926621,6641379.81903656,-127.5,6242.68115234375,60267.287465248904,415
-6690061.16256707,6641385.12233742,-120.0,6242.68115234375,60267.287465248904,415
-6690066.465867928,6641390.425638278,-112.5,6242.60498046875,60267.287465248904,415
-6690071.769168788,6641395.728939137,-105.0,6242.60498046875,60267.287465248904,415
-6690077.072469646,6641401.032239996,-97.49999999999999,6242.60498046875,60267.287465248904,415
-6690082.3757705055,6641406.335540855,-90.0,6242.60498046875,60267.287465248904,415
-6690087.679071364,6641411.638841714,-82.5,6242.60498046875,60267.287465248904,415
-6690092.9823722225,6641416.942142572,-75.0,6242.60498046875,60267.287465248904,415
-6690098.285673082,6641422.245443432,-67.5,6242.60498046875,60267.287465248904,415
-6690103.58897394,6641427.54874429,-59.999999999999986,6242.60498046875,60267.287465248904,415
-6690108.8922748,6641432.85204515,-52.5,6242.60498046875,60267.287465248904,415
-6690114.195575658,6641438.155346008,-44.99999999999999,6242.60498046875,60267.287465248904,415
-6690119.498876518,6641443.458646867,-37.5,6241.958984375,60267.287465248904,415
-6690124.802177376,6641448.761947726,-29.999999999999993,6241.958984375,60267.287465248904,415
-6690130.1054782355,6641454.065248585,-22.499999999999986,6241.958984375,60267.287465248904,415
-6690135.408779094,6641459.368549444,-14.999999999999996,6241.958984375,60267.287465248904,415
-6690140.712079953,6641464.671850303,-7.49999999999999,6241.958984375,60267.287465248904,415
-6690146.015380812,6641469.975151162,0.0,6241.958984375,60267.287465248904,415
-6690151.31868167,6641475.27845202,7.500000000000007,6241.958984375,60267.287465248904,415
-6690156.62198253,6641480.58175288,15.000000000000014,6241.958984375,60267.287465248904,415
-6690161.925283388,6641485.885053738,22.50000000000002,6241.958984375,60267.287465248904,415
-6690167.228584248,6641491.188354597,30.00000000000003,6241.958984375,60267.287465248904,415
-6690172.531885106,6641496.491655456,37.5,6241.958984375,60267.287465248904,415
-6690177.8351859655,6641501.794956315,45.00000000000001,6242.6083984375,60267.287465248904,415
-6690183.138486824,6641507.098257174,52.500000000000014,6242.6083984375,60267.287465248904,415
-6690188.441787683,6641512.401558033,60.00000000000002,6242.6083984375,60267.287465248904,415
-6690193.745088542,6641517.704858892,67.50000000000003,6242.6083984375,60267.287465248904,415
-6690199.048389401,6641523.008159751,75.0,6242.6083984375,60267.287465248904,415
-6690204.35169026,6641528.31146061,82.5,6242.6083984375,60267.287465248904,415
-6690209.654991118,6641533.614761468,90.00000000000001,6242.6083984375,60267.287465248904,415
-6690214.958291978,6641538.918062327,97.50000000000001,6242.6083984375,60267.287465248904,415
-6690220.261592836,6641544.221363186,105.00000000000003,6242.6083984375,60267.287465248904,415
-6690225.5648936955,6641549.524664045,112.5,6242.6083984375,60267.287465248904,415
-6690230.868194554,6641554.827964904,120.0,6242.111328125,60267.287465248904,415
-6690236.171495413,6641560.131265763,127.50000000000001,6242.111328125,60267.287465248904,415
-6690241.474796272,6641565.434566622,135.00000000000003,6242.111328125,60267.287465248904,415
-6690246.778097131,6641570.737867481,142.50000000000003,6242.111328125,60267.287465248904,415
-6690252.08139799,6641576.04116834,150.0,6242.111328125,60267.287465248904,415
-6689761.477460803,6641755.010088917,-150.0,6242.193359375,60773.73525907452,415
-6689766.780761662,6641760.313389776,-142.5,6242.193359375,60773.73525907452,415
-6689772.084062521,6641765.616690635,-135.0,6242.193359375,60773.73525907452,415
-6689777.38736338,6641770.919991493,-127.5,6242.193359375,60773.73525907452,415
-6689782.690664239,6641776.223292353,-120.0,6241.662109375,60773.73525907452,415
-6689787.993965098,6641781.526593212,-112.5,6241.662109375,60773.73525907452,415
-6689793.297265957,6641786.8298940705,-105.0,6241.662109375,60773.73525907452,415
-6689798.600566816,6641792.133194929,-97.49999999999999,6241.662109375,60773.73525907452,415
-6689803.903867675,6641797.436495788,-90.0,6241.662109375,60773.73525907452,415
-6689809.2071685335,6641802.739796648,-82.5,6241.662109375,60773.73525907452,415
-6689814.510469392,6641808.043097506,-75.0,6241.662109375,60773.73525907452,415
-6689819.813770251,6641813.346398365,-67.5,6241.662109375,60773.73525907452,415
-6689825.11707111,6641818.649699224,-59.999999999999986,6241.662109375,60773.73525907452,415
-6689830.420371969,6641823.953000084,-52.5,6241.662109375,60773.73525907452,415
-6689835.723672828,6641829.256300942,-44.99999999999999,6241.662109375,60773.73525907452,415
-6689841.026973687,6641834.5596018005,-37.5,6241.662109375,60773.73525907452,415
-6689846.330274546,6641839.86290266,-29.999999999999993,6241.4130859375,60773.73525907452,415
-6689851.633575405,6641845.166203519,-22.499999999999986,6241.4130859375,60773.73525907452,415
-6689856.9368762635,6641850.469504378,-14.999999999999996,6241.4130859375,60773.73525907452,415
-6689862.240177123,6641855.772805236,-7.49999999999999,6241.4130859375,60773.73525907452,415
-6689867.543477981,6641861.076106096,0.0,6241.4130859375,60773.73525907452,415
-6689872.84677884,6641866.379406955,7.500000000000007,6241.4130859375,60773.73525907452,415
-6689878.150079699,6641871.682707814,15.000000000000014,6241.4130859375,60773.73525907452,415
-6689883.453380558,6641876.986008672,22.50000000000002,6241.4130859375,60773.73525907452,415
-6689888.756681417,6641882.289309531,30.00000000000003,6241.4130859375,60773.73525907452,415
-6689894.059982276,6641887.592610391,37.5,6241.48828125,60773.73525907452,415
-6689899.363283135,6641892.895911249,45.00000000000001,6241.48828125,60773.73525907452,415
-6689904.6665839935,6641898.199212108,52.500000000000014,6241.48828125,60773.73525907452,415
-6689909.969884853,6641903.502512967,60.00000000000002,6241.48828125,60773.73525907452,415
-6689915.273185711,6641908.805813827,67.50000000000003,6241.48828125,60773.73525907452,415
-6689920.576486571,6641914.109114685,75.0,6241.48828125,60773.73525907452,415
-6689925.879787429,6641919.412415544,82.5,6241.48828125,60773.73525907452,415
-6689931.183088288,6641924.715716403,90.00000000000001,6241.48828125,60773.73525907452,415
-6689936.486389147,6641930.019017262,97.50000000000001,6241.48828125,60773.73525907452,415
-6689941.789690006,6641935.322318121,105.00000000000003,6241.48828125,60773.73525907452,415
-6689947.092990865,6641940.625618979,112.5,6241.48828125,60773.73525907452,415
-6689952.3962917235,6641945.928919839,120.0,6241.48828125,60773.73525907452,415
-6689957.699592583,6641951.232220698,127.50000000000001,6240.951171875,60773.73525907452,415
-6689963.002893441,6641956.535521557,135.00000000000003,6240.951171875,60773.73525907452,415
-6689968.306194301,6641961.838822415,142.50000000000003,6240.951171875,60773.73525907452,415
-6689973.609495159,6641967.1421232745,150.0,6240.951171875,60773.73525907452,415
-6689708.263662183,6642146.111043852,-150.0,6241.21728515625,61280.183052900145,415
-6689713.566963041,6642151.41434471,-142.5,6241.21728515625,61280.183052900145,415
-6689718.870263901,6642156.71764557,-135.0,6241.21728515625,61280.183052900145,415
-6689724.173564759,6642162.020946428,-127.5,6241.21728515625,61280.183052900145,415
-6689729.4768656185,6642167.324247288,-120.0,6241.21728515625,61280.183052900145,415
-6689734.780166477,6642172.627548146,-112.5,6241.21728515625,61280.183052900145,415
-6689740.083467336,6642177.9308490055,-105.0,6241.302734375,61280.183052900145,415
-6689745.386768195,6642183.234149864,-97.49999999999999,6241.302734375,61280.183052900145,415
-6689750.690069054,6642188.537450723,-90.0,6241.302734375,61280.183052900145,415
-6689755.993369913,6642193.840751582,-82.5,6241.302734375,61280.183052900145,415
-6689761.296670772,6642199.14405244,-75.0,6241.302734375,61280.183052900145,415
-6689766.599971631,6642204.4473533,-67.5,6241.302734375,61280.183052900145,415
-6689771.903272489,6642209.750654158,-59.999999999999986,6241.302734375,61280.183052900145,415
-6689777.2065733485,6642215.053955018,-52.5,6241.302734375,61280.183052900145,415
-6689782.509874207,6642220.357255876,-44.99999999999999,6240.91650390625,61280.183052900145,415
-6689787.813175066,6642225.6605567355,-37.5,6240.91650390625,61280.183052900145,415
-6689793.116475925,6642230.963857594,-29.999999999999993,6240.91650390625,61280.183052900145,415
-6689798.419776784,6642236.267158453,-22.499999999999986,6240.91650390625,61280.183052900145,415
-6689803.723077643,6642241.570459312,-14.999999999999996,6240.91650390625,61280.183052900145,415
-6689809.026378502,6642246.873760171,-7.49999999999999,6240.91650390625,61280.183052900145,415
-6689814.329679361,6642252.17706103,0.0,6240.91650390625,61280.183052900145,415
-6689819.632980219,6642257.480361888,7.500000000000007,6240.91650390625,61280.183052900145,415
-6689824.9362810785,6642262.783662748,15.000000000000014,6240.91650390625,61280.183052900145,415
-6689830.239581937,6642268.086963606,22.50000000000002,6240.91650390625,61280.183052900145,415
-6689835.542882796,6642273.3902644655,30.00000000000003,6240.91650390625,61280.183052900145,415
-6689840.846183655,6642278.693565324,37.5,6240.91650390625,61280.183052900145,415
-6689846.149484514,6642283.996866183,45.00000000000001,6240.91650390625,61280.183052900145,415
-6689851.452785373,6642289.300167042,52.500000000000014,6240.9501953125,61280.183052900145,415
-6689856.756086232,6642294.603467901,60.00000000000002,6240.9501953125,61280.183052900145,415
-6689862.059387091,6642299.90676876,67.50000000000003,6240.9501953125,61280.183052900145,415
-6689867.362687949,6642305.210069619,75.0,6240.9501953125,61280.183052900145,415
-6689872.6659888085,6642310.513370478,82.5,6240.9501953125,61280.183052900145,415
-6689877.969289667,6642315.816671336,90.00000000000001,6240.9501953125,61280.183052900145,415
-6689883.272590526,6642321.1199721955,97.50000000000001,6240.9501953125,61280.183052900145,415
-6689888.575891385,6642326.423273054,105.00000000000003,6240.9501953125,61280.183052900145,415
-6689893.879192244,6642331.726573913,112.5,6242.736328125,61280.183052900145,415
-6689899.182493103,6642337.029874772,120.0,6242.736328125,61280.183052900145,415
-6689904.485793962,6642342.333175631,127.50000000000001,6242.736328125,61280.183052900145,415
-6689909.789094821,6642347.63647649,135.00000000000003,6242.736328125,61280.183052900145,415
-6689915.09239568,6642352.939777349,142.50000000000003,6242.736328125,61280.183052900145,415
-6689920.3956965385,6642358.243078208,150.0,6242.736328125,61280.183052900145,415
-6689589.073292356,6642603.188569991,-150.0,6240.84912109375,61786.63084672577,415
-6689594.376593215,6642608.491870849,-142.5,6240.84912109375,61786.63084672577,415
-6689599.679894074,6642613.795171709,-135.0,6240.84912109375,61786.63084672577,415
-6689604.983194932,6642619.098472567,-127.5,6240.84912109375,61786.63084672577,415
-6689610.286495792,6642624.401773427,-120.0,6240.84912109375,61786.63084672577,415
-6689615.589796651,6642629.705074285,-112.5,6240.78955078125,61786.63084672577,415
-6689620.89309751,6642635.008375145,-105.0,6240.78955078125,61786.63084672577,415
-6689626.196398368,6642640.311676003,-97.49999999999999,6240.78955078125,61786.63084672577,415
-6689631.4996992275,6642645.614976862,-90.0,6240.78955078125,61786.63084672577,415
-6689636.803000087,6642650.918277721,-82.5,6240.78955078125,61786.63084672577,415
-6689642.106300945,6642656.221578579,-75.0,6240.78955078125,61786.63084672577,415
-6689647.409601804,6642661.524879439,-67.5,6240.78955078125,61786.63084672577,415
-6689652.712902663,6642666.828180297,-59.999999999999986,6240.78955078125,61786.63084672577,415
-6689658.016203523,6642672.131481157,-52.5,6240.78955078125,61786.63084672577,415
-6689663.319504381,6642677.434782015,-44.99999999999999,6240.78955078125,61786.63084672577,415
-6689668.62280524,6642682.738082875,-37.5,6239.8876953125,61786.63084672577,415
-6689673.926106099,6642688.041383733,-29.999999999999993,6239.8876953125,61786.63084672577,415
-6689679.229406958,6642693.344684592,-22.499999999999986,6239.8876953125,61786.63084672577,415
-6689684.532707817,6642698.647985451,-14.999999999999996,6239.8876953125,61786.63084672577,415
-6689689.836008675,6642703.95128631,-7.49999999999999,6239.8876953125,61786.63084672577,415
-6689695.139309535,6642709.254587169,0.0,6239.8876953125,61786.63084672577,415
-6689700.442610394,6642714.557888027,7.500000000000007,6239.8876953125,61786.63084672577,415
-6689705.745911253,6642719.861188887,15.000000000000014,6239.8876953125,61786.63084672577,415
-6689711.049212111,6642725.164489745,22.50000000000002,6239.8876953125,61786.63084672577,415
-6689716.352512971,6642730.467790605,30.00000000000003,6239.8876953125,61786.63084672577,415
-6689721.65581383,6642735.771091463,37.5,6239.8876953125,61786.63084672577,415
-6689726.959114688,6642741.074392322,45.00000000000001,6240.70654296875,61786.63084672577,415
-6689732.262415547,6642746.377693181,52.500000000000014,6240.70654296875,61786.63084672577,415
-6689737.565716406,6642751.68099404,60.00000000000002,6240.70654296875,61786.63084672577,415
-6689742.869017266,6642756.984294899,67.50000000000003,6240.70654296875,61786.63084672577,415
-6689748.172318124,6642762.287595758,75.0,6240.70654296875,61786.63084672577,415
-6689753.475618983,6642767.590896617,82.5,6240.70654296875,61786.63084672577,415
-6689758.778919842,6642772.894197475,90.00000000000001,6240.70654296875,61786.63084672577,415
-6689764.0822207015,6642778.197498335,97.50000000000001,6240.70654296875,61786.63084672577,415
-6689769.38552156,6642783.500799193,105.00000000000003,6240.70654296875,61786.63084672577,415
-6689774.688822418,6642788.804100052,112.5,6240.70654296875,61786.63084672577,415
-6689779.992123278,6642794.107400911,120.0,6243.7255859375,61786.63084672577,415
-6689785.295424137,6642799.41070177,127.50000000000001,6243.7255859375,61786.63084672577,415
-6689790.598724996,6642804.714002629,135.00000000000003,6243.7255859375,61786.63084672577,415
-6689795.902025854,6642810.017303488,142.50000000000003,6243.7255859375,61786.63084672577,415
-6689801.205326714,6642815.320604347,150.0,6243.7255859375,61786.63084672577,415
-6689235.740387516,6642862.287047102,-150.0,6239.12353515625,62293.078640551386,415
-6689243.240387516,6642862.287047102,-142.5,6239.12353515625,62293.078640551386,415
-6689250.740387516,6642862.287047102,-135.0,6239.12353515625,62293.078640551386,415
-6689258.240387516,6642862.287047102,-127.5,6239.12353515625,62293.078640551386,415
-6689265.740387516,6642862.287047102,-120.0,6239.12353515625,62293.078640551386,415
-6689273.240387516,6642862.287047102,-112.5,6239.12353515625,62293.078640551386,415
-6689280.740387516,6642862.287047102,-105.0,6239.12353515625,62293.078640551386,415
-6689288.240387516,6642862.287047102,-97.49999999999999,6239.12353515625,62293.078640551386,415
-6689295.740387516,6642862.287047102,-90.0,6239.12353515625,62293.078640551386,415
-6689303.240387516,6642862.287047102,-82.5,6239.12353515625,62293.078640551386,415
-6689310.740387516,6642862.287047102,-75.0,6239.12353515625,62293.078640551386,415
-6689318.240387516,6642862.287047102,-67.5,6239.12353515625,62293.078640551386,415
-6689325.740387516,6642862.287047102,-59.999999999999986,6239.12353515625,62293.078640551386,415
-6689333.240387516,6642862.287047102,-52.5,6239.2548828125,62293.078640551386,415
-6689340.740387516,6642862.287047102,-44.99999999999999,6239.2548828125,62293.078640551386,415
-6689348.240387516,6642862.287047102,-37.5,6239.2548828125,62293.078640551386,415
-6689355.740387516,6642862.287047102,-29.999999999999993,6239.2548828125,62293.078640551386,415
-6689363.240387516,6642862.287047102,-22.499999999999986,6239.2548828125,62293.078640551386,415
-6689370.740387516,6642862.287047102,-14.999999999999996,6239.2548828125,62293.078640551386,415
-6689378.240387516,6642862.287047102,-7.49999999999999,6239.2548828125,62293.078640551386,415
-6689385.740387516,6642862.287047102,0.0,6239.2548828125,62293.078640551386,415
-6689393.240387516,6642862.287047102,7.500000000000007,6239.2548828125,62293.078640551386,415
-6689400.740387516,6642862.287047102,15.000000000000014,6239.2548828125,62293.078640551386,415
-6689408.240387516,6642862.287047102,22.50000000000002,6239.2548828125,62293.078640551386,415
-6689415.740387516,6642862.287047102,30.00000000000003,6239.2548828125,62293.078640551386,415
-6689423.240387516,6642862.287047102,37.5,6239.2548828125,62293.078640551386,415
-6689430.740387516,6642862.287047102,45.00000000000001,6239.2548828125,62293.078640551386,415
-6689438.240387516,6642862.287047102,52.500000000000014,6239.2548828125,62293.078640551386,415
-6689445.740387516,6642862.287047102,60.00000000000002,6243.42919921875,62293.078640551386,415
-6689453.240387516,6642862.287047102,67.50000000000003,6243.42919921875,62293.078640551386,415
-6689460.740387516,6642862.287047102,75.0,6243.42919921875,62293.078640551386,415
-6689468.240387516,6642862.287047102,82.5,6243.42919921875,62293.078640551386,415
-6689475.740387516,6642862.287047102,90.00000000000001,6243.42919921875,62293.078640551386,415
-6689483.240387516,6642862.287047102,97.50000000000001,6243.42919921875,62293.078640551386,415
-6689490.740387516,6642862.287047102,105.00000000000003,6243.42919921875,62293.078640551386,415
-6689498.240387516,6642862.287047102,112.5,6243.42919921875,62293.078640551386,415
-6689505.740387516,6642862.287047102,120.0,6243.42919921875,62293.078640551386,415
-6689513.240387516,6642862.287047102,127.50000000000001,6243.42919921875,62293.078640551386,415
-6689520.740387516,6642862.287047102,135.00000000000003,6243.42919921875,62293.078640551386,415
-6689528.240387516,6642862.287047102,142.50000000000003,6243.42919921875,62293.078640551386,415
-6689535.740387516,6642862.287047102,150.0,6243.42919921875,62293.078640551386,415
-6689128.964017574,6643093.911613396,-150.0,6239.798828125,62799.52643437701,415
-6689128.964017574,6643101.411613396,-142.5,6239.798828125,62799.52643437701,415
-6689128.964017574,6643108.911613396,-135.0,6239.798828125,62799.52643437701,415
-6689128.964017574,6643116.411613396,-127.5,6239.798828125,62799.52643437701,415
-6689128.964017574,6643123.911613396,-120.0,6239.798828125,62799.52643437701,415
-6689128.964017574,6643131.411613396,-112.5,6239.798828125,62799.52643437701,415
-6689128.964017574,6643138.911613396,-105.0,6239.798828125,62799.52643437701,415
-6689128.964017574,6643146.411613396,-97.49999999999999,6239.798828125,62799.52643437701,415
-6689128.964017574,6643153.911613396,-90.0,6239.798828125,62799.52643437701,415
-6689128.964017574,6643161.411613396,-82.5,6239.798828125,62799.52643437701,415
-6689128.964017574,6643168.911613396,-75.0,6239.798828125,62799.52643437701,415
-6689128.964017574,6643176.411613396,-67.5,6239.798828125,62799.52643437701,415
-6689128.964017574,6643183.911613396,-59.999999999999986,6239.798828125,62799.52643437701,415
-6689128.964017574,6643191.411613396,-52.5,6239.65625,62799.52643437701,415
-6689128.964017574,6643198.911613396,-44.99999999999999,6239.65625,62799.52643437701,415
-6689128.964017574,6643206.411613396,-37.5,6239.65625,62799.52643437701,415
-6689128.964017574,6643213.911613396,-29.999999999999993,6239.65625,62799.52643437701,415
-6689128.964017574,6643221.411613396,-22.499999999999986,6239.65625,62799.52643437701,415
-6689128.964017574,6643228.911613396,-14.999999999999996,6239.65625,62799.52643437701,415
-6689128.964017574,6643236.411613396,-7.49999999999999,6239.65625,62799.52643437701,415
-6689128.964017574,6643243.911613396,0.0,6239.65625,62799.52643437701,415
-6689128.964017574,6643251.411613396,7.500000000000007,6239.65625,62799.52643437701,415
-6689128.964017574,6643258.911613396,15.000000000000014,6239.65625,62799.52643437701,415
-6689128.964017574,6643266.411613396,22.50000000000002,6239.65625,62799.52643437701,415
-6689128.964017574,6643273.911613396,30.00000000000003,6239.65625,62799.52643437701,415
-6689128.964017574,6643281.411613396,37.5,6239.65625,62799.52643437701,415
-6689128.964017574,6643288.911613396,45.00000000000001,6239.65625,62799.52643437701,415
-6689128.964017574,6643296.411613396,52.500000000000014,6239.65625,62799.52643437701,415
-6689128.964017574,6643303.911613396,60.00000000000002,6245.87255859375,62799.52643437701,415
-6689128.964017574,6643311.411613396,67.50000000000003,6245.87255859375,62799.52643437701,415
-6689128.964017574,6643318.911613396,75.0,6245.87255859375,62799.52643437701,415
-6689128.964017574,6643326.411613396,82.5,6245.87255859375,62799.52643437701,415
-6689128.964017574,6643333.911613396,90.00000000000001,6245.87255859375,62799.52643437701,415
-6689128.964017574,6643341.411613396,97.50000000000001,6245.87255859375,62799.52643437701,415
-6689128.964017574,6643348.911613396,105.00000000000003,6245.87255859375,62799.52643437701,415
-6689128.964017574,6643356.411613396,112.5,6245.87255859375,62799.52643437701,415
-6689128.964017574,6643363.911613396,120.0,6245.87255859375,62799.52643437701,415
-6689128.964017574,6643371.411613396,127.50000000000001,6245.87255859375,62799.52643437701,415
-6689128.964017574,6643378.911613396,135.00000000000003,6245.87255859375,62799.52643437701,415
-6689128.964017574,6643386.411613396,142.50000000000003,6245.87255859375,62799.52643437701,415
-6689128.964017574,6643393.911613396,150.0,6245.87255859375,62799.52643437701,415
-6689083.264363283,6643716.712884041,-150.0,6253.736328125,63305.97422820263,415
-6689088.567664142,6643711.409583182,-142.5,6253.736328125,63305.97422820263,415
-6689093.870965001,6643706.106282323,-135.0,6253.736328125,63305.97422820263,415
-6689099.17426586,6643700.802981464,-127.5,6253.736328125,63305.97422820263,415
-6689104.477566719,6643695.499680605,-120.0,6248.60498046875,63305.97422820263,415
-6689109.7808675775,6643690.196379746,-112.5,6248.60498046875,63305.97422820263,415
-6689115.084168437,6643684.893078887,-105.0,6248.60498046875,63305.97422820263,415
-6689120.387469295,6643679.589778028,-97.49999999999999,6248.60498046875,63305.97422820263,415
-6689125.690770155,6643674.286477169,-90.0,6248.60498046875,63305.97422820263,415
-6689130.994071013,6643668.983176311,-82.5,6248.60498046875,63305.97422820263,415
-6689136.297371872,6643663.679875452,-75.0,6248.60498046875,63305.97422820263,415
-6689141.600672731,6643658.376574593,-67.5,6248.60498046875,63305.97422820263,415
-6689146.90397359,6643653.073273734,-59.999999999999986,6248.60498046875,63305.97422820263,415
-6689152.207274449,6643647.769972875,-52.5,6248.60498046875,63305.97422820263,415
-6689157.5105753075,6643642.466672016,-44.99999999999999,6248.60498046875,63305.97422820263,415
-6689162.813876167,6643637.163371157,-37.5,6235.77783203125,63305.97422820263,415
-6689168.117177025,6643631.860070298,-29.999999999999993,6235.77783203125,63305.97422820263,415
-6689173.420477885,6643626.556769439,-22.499999999999986,6235.77783203125,63305.97422820263,415
-6689178.723778743,6643621.253468581,-14.999999999999996,6235.77783203125,63305.97422820263,415
-6689184.027079603,6643615.950167721,-7.49999999999999,6235.77783203125,63305.97422820263,415
-6689189.330380461,6643610.646866863,0.0,6235.77783203125,63305.97422820263,415
-6689194.63368132,6643605.343566004,7.500000000000007,6235.77783203125,63305.97422820263,415
-6689199.936982179,6643600.040265145,15.000000000000014,6235.77783203125,63305.97422820263,415
-6689205.240283038,6643594.736964286,22.50000000000002,6235.77783203125,63305.97422820263,415
-6689210.543583897,6643589.433663427,30.00000000000003,6235.77783203125,63305.97422820263,415
-6689215.846884755,6643584.130362568,37.5,6235.77783203125,63305.97422820263,415
-6689221.150185615,6643578.827061709,45.00000000000001,6236.599609375,63305.97422820263,415
-6689226.453486473,6643573.523760851,52.500000000000014,6236.599609375,63305.97422820263,415
-6689231.756787333,6643568.220459991,60.00000000000002,6236.599609375,63305.97422820263,415
-6689237.060088191,6643562.917159133,67.50000000000003,6236.599609375,63305.97422820263,415
-6689242.363389051,6643557.613858273,75.0,6236.599609375,63305.97422820263,415
-6689247.666689909,6643552.310557415,82.5,6236.599609375,63305.97422820263,415
-6689252.969990768,6643547.007256556,90.00000000000001,6236.599609375,63305.97422820263,415
-6689258.273291627,6643541.703955697,97.50000000000001,6236.599609375,63305.97422820263,415
-6689263.576592485,6643536.400654838,105.00000000000003,6236.599609375,63305.97422820263,415
-6689268.879893345,6643531.097353979,112.5,6236.599609375,63305.97422820263,415
-6689274.183194203,6643525.794053121,120.0,6236.599609375,63305.97422820263,415
-6689279.486495063,6643520.490752261,127.50000000000001,6241.68994140625,63305.97422820263,415
-6689284.789795921,6643515.187451403,135.00000000000003,6241.68994140625,63305.97422820263,415
-6689290.093096781,6643509.884150543,142.50000000000003,6241.68994140625,63305.97422820263,415
-6689295.396397639,6643504.580849685,150.0,6241.68994140625,63305.97422820263,415
-6689282.0954996105,6644140.802124578,-150.0,6254.58447265625,63812.42202202825,415
-6689287.398800469,6644135.498823719,-142.5,6254.58447265625,63812.42202202825,415
-6689292.702101328,6644130.19552286,-135.0,6254.58447265625,63812.42202202825,415
-6689298.005402187,6644124.892222,-127.5,6254.58447265625,63812.42202202825,415
-6689303.308703046,6644119.588921142,-120.0,6254.58447265625,63812.42202202825,415
-6689308.612003905,6644114.285620283,-112.5,6254.58447265625,63812.42202202825,415
-6689313.915304764,6644108.982319424,-105.0,6254.58447265625,63812.42202202825,415
-6689319.218605623,6644103.6790185645,-97.49999999999999,6254.58447265625,63812.42202202825,415
-6689324.521906482,6644098.375717706,-90.0,6254.58447265625,63812.42202202825,415
-6689329.8252073405,6644093.072416848,-82.5,6240.748046875,63812.42202202825,415
-6689335.128508199,6644087.769115988,-75.0,6234.16259765625,63812.42202202825,415
-6689340.431809058,6644082.465815129,-67.5,6234.16259765625,63812.42202202825,415
-6689345.735109917,6644077.16251427,-59.999999999999986,6234.16259765625,63812.42202202825,415
-6689351.038410776,6644071.859213412,-52.5,6234.16259765625,63812.42202202825,415
-6689356.341711635,6644066.555912552,-44.99999999999999,6234.16259765625,63812.42202202825,415
-6689361.645012494,6644061.252611693,-37.5,6234.16259765625,63812.42202202825,415
-6689366.948313353,6644055.9493108345,-29.999999999999993,6234.16259765625,63812.42202202825,415
-6689372.251614212,6644050.646009976,-22.499999999999986,6234.16259765625,63812.42202202825,415
-6689377.5549150705,6644045.342709117,-14.999999999999996,6234.16259765625,63812.42202202825,415
-6689382.85821593,6644040.039408257,-7.49999999999999,6234.16259765625,63812.42202202825,415
-6689388.161516788,6644034.736107399,0.0,6234.16259765625,63812.42202202825,415
-6689393.464817647,6644029.43280654,7.500000000000007,6234.16259765625,63812.42202202825,415
-6689398.768118506,6644024.129505681,15.000000000000014,6234.16259765625,63812.42202202825,415
-6689404.071419365,6644018.8262048215,22.50000000000002,6234.16259765625,63812.42202202825,415
-6689409.374720224,6644013.522903963,30.00000000000003,6234.16259765625,63812.42202202825,415
-6689414.678021083,6644008.2196031045,37.5,6234.16259765625,63812.42202202825,415
-6689419.981321942,6644002.916302245,45.00000000000001,6234.16259765625,63812.42202202825,415
-6689425.284622801,6643997.613001386,52.500000000000014,6234.16259765625,63812.42202202825,415
-6689430.58792366,6643992.309700527,60.00000000000002,6234.16259765625,63812.42202202825,415
-6689435.891224518,6643987.006399669,67.50000000000003,6234.16259765625,63812.42202202825,415
-6689441.194525378,6643981.703098809,75.0,6234.16259765625,63812.42202202825,415
-6689446.497826236,6643976.39979795,82.5,6239.7421875,63812.42202202825,415
-6689451.801127095,6643971.096497091,90.00000000000001,6239.32275390625,63812.42202202825,415
-6689457.104427954,6643965.793196233,97.50000000000001,6239.32275390625,63812.42202202825,415
-6689462.407728813,6643960.489895374,105.00000000000003,6239.32275390625,63812.42202202825,415
-6689467.711029672,6643955.186594514,112.5,6239.32275390625,63812.42202202825,415
-6689473.014330531,6643949.883293656,120.0,6239.32275390625,63812.42202202825,415
-6689478.31763139,6643944.579992797,127.50000000000001,6239.32275390625,63812.42202202825,415
-6689483.620932248,6643939.276691938,135.00000000000003,6239.32275390625,63812.42202202825,415
-6689488.924233108,6643933.973391078,142.50000000000003,6239.32275390625,63812.42202202825,415
-6689494.227533966,6643928.67009022,150.0,6239.32275390625,63812.42202202825,415
-6689560.567402439,6644531.903079511,-150.0,6235.2900390625,64318.86981585387,415
-6689565.870703299,6644526.599778652,-142.5,6235.2900390625,64318.86981585387,415
-6689571.174004157,6644521.296477793,-135.0,6235.2900390625,64318.86981585387,415
-6689576.477305016,6644515.993176934,-127.5,6235.2900390625,64318.86981585387,415
-6689581.780605875,6644510.689876075,-120.0,6235.2900390625,64318.86981585387,415
-6689587.083906734,6644505.386575216,-112.5,6235.2900390625,64318.86981585387,415
-6689592.387207593,6644500.083274357,-105.0,6235.2900390625,64318.86981585387,415
-6689597.690508451,6644494.779973499,-97.49999999999999,6235.2900390625,64318.86981585387,415
-6689602.993809311,6644489.476672639,-90.0,6235.2900390625,64318.86981585387,415
-6689608.29711017,6644484.173371781,-82.5,6235.2900390625,64318.86981585387,415
-6689613.600411029,6644478.870070921,-75.0,6235.2900390625,64318.86981585387,415
-6689618.903711887,6644473.566770063,-67.5,6235.2900390625,64318.86981585387,415
-6689624.2070127465,6644468.263469204,-59.999999999999986,6235.2900390625,64318.86981585387,415
-6689629.510313606,6644462.960168345,-52.5,6235.2900390625,64318.86981585387,415
-6689634.813614464,6644457.656867486,-44.99999999999999,6235.2900390625,64318.86981585387,415
-6689640.116915323,6644452.353566627,-37.5,6235.2900390625,64318.86981585387,415
-6689645.420216182,6644447.050265769,-29.999999999999993,6235.2900390625,64318.86981585387,415
-6689650.723517042,6644441.746964909,-22.499999999999986,6235.2900390625,64318.86981585387,415
-6689656.0268179,6644436.443664051,-14.999999999999996,6235.2900390625,64318.86981585387,415
-6689661.330118759,6644431.140363191,-7.49999999999999,6235.2900390625,64318.86981585387,415
-6689666.633419618,6644425.837062333,0.0,6235.64404296875,64318.86981585387,415
-6689671.936720477,6644420.533761474,7.500000000000007,6239.85302734375,64318.86981585387,415
-6689677.240021336,6644415.230460615,15.000000000000014,6239.85302734375,64318.86981585387,415
-6689682.543322194,6644409.927159756,22.50000000000002,6239.85302734375,64318.86981585387,415
-6689687.846623054,6644404.623858897,30.00000000000003,6239.85302734375,64318.86981585387,415
-6689693.149923913,6644399.320558039,37.5,6239.85302734375,64318.86981585387,415
-6689698.453224772,6644394.017257179,45.00000000000001,6239.85302734375,64318.86981585387,415
-6689703.75652563,6644388.713956321,52.500000000000014,6239.85302734375,64318.86981585387,415
-6689709.05982649,6644383.410655461,60.00000000000002,6239.85302734375,64318.86981585387,415
-6689714.363127349,6644378.107354603,67.50000000000003,6239.85302734375,64318.86981585387,415
-6689719.666428207,6644372.804053744,75.0,6239.85302734375,64318.86981585387,415
-6689724.969729066,6644367.500752885,82.5,6239.85302734375,64318.86981585387,415
-6689730.273029925,6644362.197452026,90.00000000000001,6239.85302734375,64318.86981585387,415
-6689735.576330785,6644356.894151167,97.50000000000001,6239.85302734375,64318.86981585387,415
-6689740.879631643,6644351.590850309,105.00000000000003,6239.85302734375,64318.86981585387,415
-6689746.182932502,6644346.287549449,112.5,6239.85302734375,64318.86981585387,415
-6689751.486233361,6644340.984248591,120.0,6239.85302734375,64318.86981585387,415
-6689756.7895342205,6644335.680947731,127.50000000000001,6239.85302734375,64318.86981585387,415
-6689762.092835079,6644330.377646873,135.00000000000003,6239.85302734375,64318.86981585387,415
-6689767.396135937,6644325.074346013,142.50000000000003,6239.85302734375,64318.86981585387,415
-6689772.699436797,6644319.771045155,150.0,6239.85302734375,64318.86981585387,415
-6689798.885648037,6644749.395583931,-150.0,6238.23046875,64825.31760967949,415
-6689806.385648037,6644749.395583931,-142.5,6238.23046875,64825.31760967949,415
-6689813.885648037,6644749.395583931,-135.0,6238.23046875,64825.31760967949,415
-6689821.385648037,6644749.395583931,-127.5,6238.23046875,64825.31760967949,415
-6689828.885648037,6644749.395583931,-120.0,6238.23046875,64825.31760967949,415
-6689836.385648037,6644749.395583931,-112.5,6238.23046875,64825.31760967949,415
-6689843.885648037,6644749.395583931,-105.0,6238.23046875,64825.31760967949,415
-6689851.385648037,6644749.395583931,-97.49999999999999,6238.23046875,64825.31760967949,415
-6689858.885648037,6644749.395583931,-90.0,6238.23046875,64825.31760967949,415
-6689866.385648037,6644749.395583931,-82.5,6238.23046875,64825.31760967949,415
-6689873.885648037,6644749.395583931,-75.0,6238.23046875,64825.31760967949,415
-6689881.385648037,6644749.395583931,-67.5,6238.23046875,64825.31760967949,415
-6689888.885648037,6644749.395583931,-59.999999999999986,6238.23046875,64825.31760967949,415
-6689896.385648037,6644749.395583931,-52.5,6234.08740234375,64825.31760967949,415
-6689903.885648037,6644749.395583931,-44.99999999999999,6234.08740234375,64825.31760967949,415
-6689911.385648037,6644749.395583931,-37.5,6234.08740234375,64825.31760967949,415
-6689918.885648037,6644749.395583931,-29.999999999999993,6234.08740234375,64825.31760967949,415
-6689926.385648037,6644749.395583931,-22.499999999999986,6234.08740234375,64825.31760967949,415
-6689933.885648037,6644749.395583931,-14.999999999999996,6234.08740234375,64825.31760967949,415
-6689941.385648037,6644749.395583931,-7.49999999999999,6234.08740234375,64825.31760967949,415
-6689948.885648037,6644749.395583931,0.0,6234.08740234375,64825.31760967949,415
-6689956.385648037,6644749.395583931,7.500000000000007,6234.08740234375,64825.31760967949,415
-6689963.885648037,6644749.395583931,15.000000000000014,6234.08740234375,64825.31760967949,415
-6689971.385648037,6644749.395583931,22.50000000000002,6234.08740234375,64825.31760967949,415
-6689978.885648037,6644749.395583931,30.00000000000003,6234.08740234375,64825.31760967949,415
-6689986.385648037,6644749.395583931,37.5,6234.08740234375,64825.31760967949,415
-6689993.885648037,6644749.395583931,45.00000000000001,6234.08740234375,64825.31760967949,415
-6690001.385648037,6644749.395583931,52.500000000000014,6234.08740234375,64825.31760967949,415
-6690008.885648037,6644749.395583931,60.00000000000002,6235.34619140625,64825.31760967949,415
-6690016.385648037,6644749.395583931,67.50000000000003,6235.34619140625,64825.31760967949,415
-6690023.885648037,6644749.395583931,75.0,6235.34619140625,64825.31760967949,415
-6690031.385648037,6644749.395583931,82.5,6235.34619140625,64825.31760967949,415
-6690038.885648037,6644749.395583931,90.00000000000001,6235.34619140625,64825.31760967949,415
-6690046.385648037,6644749.395583931,97.50000000000001,6235.34619140625,64825.31760967949,415
-6690053.885648037,6644749.395583931,105.00000000000003,6235.34619140625,64825.31760967949,415
-6690061.385648037,6644749.395583931,112.5,6235.34619140625,64825.31760967949,415
-6690068.885648037,6644749.395583931,120.0,6235.34619140625,64825.31760967949,415
-6690076.385648037,6644749.395583931,127.50000000000001,6235.34619140625,64825.31760967949,415
-6690083.885648037,6644749.395583931,135.00000000000003,6235.34619140625,64825.31760967949,415
-6690091.385648037,6644749.395583931,142.50000000000003,6235.34619140625,64825.31760967949,415
-6690098.885648037,6644749.395583931,150.0,6235.34619140625,64825.31760967949,415
-6689840.038638727,6645055.320474124,-150.0,6236.904296875,65331.76540350512,415
-6689845.341939585,6645060.623774982,-142.5,6236.904296875,65331.76540350512,415
-6689850.645240445,6645065.927075841,-135.0,6236.904296875,65331.76540350512,415
-6689855.948541303,6645071.2303767,-127.5,6236.904296875,65331.76540350512,415
-6689861.251842163,6645076.533677559,-120.0,6236.904296875,65331.76540350512,415
-6689866.555143021,6645081.836978418,-112.5,6236.904296875,65331.76540350512,415
-6689871.85844388,6645087.140279277,-105.0,6236.904296875,65331.76540350512,415
-6689877.161744739,6645092.443580136,-97.49999999999999,6236.904296875,65331.76540350512,415
-6689882.465045598,6645097.746880995,-90.0,6236.904296875,65331.76540350512,415
-6689887.768346457,6645103.050181854,-82.5,6235.0673828125,65331.76540350512,415
-6689893.071647316,6645108.353482712,-75.0,6233.2060546875,65331.76540350512,415
-6689898.374948175,6645113.6567835715,-67.5,6233.2060546875,65331.76540350512,415
-6689903.678249033,6645118.96008443,-59.999999999999986,6233.2060546875,65331.76540350512,415
-6689908.981549893,6645124.263385289,-52.5,6233.2060546875,65331.76540350512,415
-6689914.284850751,6645129.566686148,-44.99999999999999,6233.2060546875,65331.76540350512,415
-6689919.58815161,6645134.869987007,-37.5,6233.2060546875,65331.76540350512,415
-6689924.891452469,6645140.173287866,-29.999999999999993,6233.2060546875,65331.76540350512,415
-6689930.194753328,6645145.476588725,-22.499999999999986,6233.2060546875,65331.76540350512,415
-6689935.498054187,6645150.779889584,-14.999999999999996,6233.2060546875,65331.76540350512,415
-6689940.801355046,6645156.083190443,-7.49999999999999,6233.2060546875,65331.76540350512,415
-6689946.104655905,6645161.3864913015,0.0,6233.2060546875,65331.76540350512,415
-6689951.407956763,6645166.68979216,7.500000000000007,6233.2060546875,65331.76540350512,415
-6689956.711257623,6645171.993093019,15.000000000000014,6233.2060546875,65331.76540350512,415
-6689962.014558481,6645177.296393878,22.50000000000002,6233.2060546875,65331.76540350512,415
-6689967.31785934,6645182.599694737,30.00000000000003,6233.2060546875,65331.76540350512,415
-6689972.621160199,6645187.902995596,37.5,6233.2060546875,65331.76540350512,415
-6689977.924461058,6645193.206296455,45.00000000000001,6233.2060546875,65331.76540350512,415
-6689983.227761917,6645198.509597314,52.500000000000014,6233.2060546875,65331.76540350512,415
-6689988.531062776,6645203.812898173,60.00000000000002,6233.2060546875,65331.76540350512,415
-6689993.834363635,6645209.1161990315,67.50000000000003,6233.2060546875,65331.76540350512,415
-6689999.137664493,6645214.419499891,75.0,6233.2060546875,65331.76540350512,415
-6690004.440965353,6645219.722800749,82.5,6235.56787109375,65331.76540350512,415
-6690009.744266211,6645225.026101608,90.00000000000001,6236.51171875,65331.76540350512,415
-6690015.04756707,6645230.329402467,97.50000000000001,6236.51171875,65331.76540350512,415
-6690020.350867929,6645235.632703326,105.00000000000003,6236.51171875,65331.76540350512,415
-6690025.654168788,6645240.936004185,112.5,6236.51171875,65331.76540350512,415
-6690030.957469647,6645246.239305044,120.0,6236.51171875,65331.76540350512,415
-6690036.260770506,6645251.542605903,127.50000000000001,6236.51171875,65331.76540350512,415
-6690041.564071365,6645256.8459067615,135.00000000000003,6236.51171875,65331.76540350512,415
-6690046.867372224,6645262.149207621,142.50000000000003,6236.51171875,65331.76540350512,415
-6690052.170673083,6645267.452508479,150.0,6236.51171875,65331.76540350512,415
-6689573.627543828,6645575.681247987,-150.0,6235.94140625,65838.21319733074,415
-6689581.127543828,6645575.681247987,-142.5,6235.94140625,65838.21319733074,415
-6689588.627543828,6645575.681247987,-135.0,6235.94140625,65838.21319733074,415
-6689596.127543828,6645575.681247987,-127.5,6235.94140625,65838.21319733074,415
-6689603.627543828,6645575.681247987,-120.0,6235.94140625,65838.21319733074,415
-6689611.127543828,6645575.681247987,-112.5,6235.94140625,65838.21319733074,415
-6689618.627543828,6645575.681247987,-105.0,6235.94140625,65838.21319733074,415
-6689626.127543828,6645575.681247987,-97.49999999999999,6235.94140625,65838.21319733074,415
-6689633.627543828,6645575.681247987,-90.0,6235.94140625,65838.21319733074,415
-6689641.127543828,6645575.681247987,-82.5,6235.94140625,65838.21319733074,415
-6689648.627543828,6645575.681247987,-75.0,6235.94140625,65838.21319733074,415
-6689656.127543828,6645575.681247987,-67.5,6235.94140625,65838.21319733074,415
-6689663.627543828,6645575.681247987,-59.999999999999986,6235.94140625,65838.21319733074,415
-6689671.127543828,6645575.681247987,-52.5,6231.1455078125,65838.21319733074,415
-6689678.627543828,6645575.681247987,-44.99999999999999,6231.1455078125,65838.21319733074,415
-6689686.127543828,6645575.681247987,-37.5,6231.1455078125,65838.21319733074,415
-6689693.627543828,6645575.681247987,-29.999999999999993,6231.1455078125,65838.21319733074,415
-6689701.127543828,6645575.681247987,-22.499999999999986,6231.1455078125,65838.21319733074,415
-6689708.627543828,6645575.681247987,-14.999999999999996,6231.1455078125,65838.21319733074,415
-6689716.127543828,6645575.681247987,-7.49999999999999,6231.1455078125,65838.21319733074,415
-6689723.627543828,6645575.681247987,0.0,6231.1455078125,65838.21319733074,415
-6689731.127543828,6645575.681247987,7.500000000000007,6231.1455078125,65838.21319733074,415
-6689738.627543828,6645575.681247987,15.000000000000014,6231.1455078125,65838.21319733074,415
-6689746.127543828,6645575.681247987,22.50000000000002,6231.1455078125,65838.21319733074,415
-6689753.627543828,6645575.681247987,30.00000000000003,6231.1455078125,65838.21319733074,415
-6689761.127543828,6645575.681247987,37.5,6231.1455078125,65838.21319733074,415
-6689768.627543828,6645575.681247987,45.00000000000001,6231.1455078125,65838.21319733074,415
-6689776.127543828,6645575.681247987,52.500000000000014,6231.1455078125,65838.21319733074,415
-6689783.627543828,6645575.681247987,60.00000000000002,6236.05517578125,65838.21319733074,415
-6689791.127543828,6645575.681247987,67.50000000000003,6236.05517578125,65838.21319733074,415
-6689798.627543828,6645575.681247987,75.0,6236.05517578125,65838.21319733074,415
-6689806.127543828,6645575.681247987,82.5,6236.05517578125,65838.21319733074,415
-6689813.627543828,6645575.681247987,90.00000000000001,6236.05517578125,65838.21319733074,415
-6689821.127543828,6645575.681247987,97.50000000000001,6236.05517578125,65838.21319733074,415
-6689828.627543828,6645575.681247987,105.00000000000003,6236.05517578125,65838.21319733074,415
-6689836.127543828,6645575.681247987,112.5,6236.05517578125,65838.21319733074,415
-6689843.627543828,6645575.681247987,120.0,6236.05517578125,65838.21319733074,415
-6689851.127543828,6645575.681247987,127.50000000000001,6236.05517578125,65838.21319733074,415
-6689858.627543828,6645575.681247987,135.00000000000003,6236.05517578125,65838.21319733074,415
-6689866.127543828,6645575.681247987,142.50000000000003,6236.05517578125,65838.21319733074,415
-6689873.627543828,6645575.681247987,150.0,6236.05517578125,65838.21319733074,415
-6689859.26138388,6646023.507058203,-150.0,6235.66650390625,66344.66099115636,415
-6689853.958083021,6646018.203757345,-142.5,6235.66650390625,66344.66099115636,415
-6689848.654782162,6646012.900456485,-135.0,6235.66650390625,66344.66099115636,415
-6689843.351481304,6646007.597155627,-127.5,6235.66650390625,66344.66099115636,415
-6689838.048180444,6646002.293854767,-120.0,6234.46875,66344.66099115636,415
-6689832.744879586,6645996.990553909,-112.5,6234.46875,66344.66099115636,415
-6689827.441578726,6645991.68725305,-105.0,6234.46875,66344.66099115636,415
-6689822.138277868,6645986.383952191,-97.49999999999999,6234.46875,66344.66099115636,415
-6689816.834977008,6645981.080651332,-90.0,6234.46875,66344.66099115636,415
-6689811.53167615,6645975.777350473,-82.5,6234.46875,66344.66099115636,415
-6689806.228375291,6645970.474049615,-75.0,6234.46875,66344.66099115636,415
-6689800.925074432,6645965.170748755,-67.5,6234.46875,66344.66099115636,415
-6689795.621773574,6645959.867447897,-59.999999999999986,6234.46875,66344.66099115636,415
-6689790.318472714,6645954.564147037,-52.5,6234.46875,66344.66099115636,415
-6689785.015171856,6645949.260846179,-44.99999999999999,6234.46875,66344.66099115636,415
-6689779.711870996,6645943.95754532,-37.5,6234.076171875,66344.66099115636,415
-6689774.408570138,6645938.654244461,-29.999999999999993,6234.076171875,66344.66099115636,415
-6689769.105269278,6645933.350943602,-22.499999999999986,6234.076171875,66344.66099115636,415
-6689763.80196842,6645928.047642743,-14.999999999999996,6234.076171875,66344.66099115636,415
-6689758.4986675605,6645922.744341884,-7.49999999999999,6234.076171875,66344.66099115636,415
-6689753.195366702,6645917.441041025,0.0,6234.076171875,66344.66099115636,415
-6689747.892065844,6645912.137740167,7.500000000000007,6234.076171875,66344.66099115636,415
-6689742.588764984,6645906.834439307,15.000000000000014,6234.076171875,66344.66099115636,415
-6689737.285464126,6645901.531138449,22.50000000000002,6234.076171875,66344.66099115636,415
-6689731.982163266,6645896.22783759,30.00000000000003,6234.076171875,66344.66099115636,415
-6689726.678862408,6645890.924536731,37.5,6234.076171875,66344.66099115636,415
-6689721.375561548,6645885.621235872,45.00000000000001,6235.17578125,66344.66099115636,415
-6689716.07226069,6645880.317935013,52.500000000000014,6235.17578125,66344.66099115636,415
-6689710.7689598305,6645875.014634154,60.00000000000002,6235.17578125,66344.66099115636,415
-6689705.465658972,6645869.711333295,67.50000000000003,6235.17578125,66344.66099115636,415
-6689700.162358113,6645864.408032436,75.0,6235.17578125,66344.66099115636,415
-6689694.859057254,6645859.104731577,82.5,6235.17578125,66344.66099115636,415
-6689689.555756396,6645853.801430719,90.00000000000001,6235.17578125,66344.66099115636,415
-6689684.252455536,6645848.49812986,97.50000000000001,6235.17578125,66344.66099115636,415
-6689678.949154678,6645843.194829001,105.00000000000003,6235.17578125,66344.66099115636,415
-6689673.645853818,6645837.891528142,112.5,6235.17578125,66344.66099115636,415
-6689668.34255296,6645832.588227283,120.0,6235.17578125,66344.66099115636,415
-6689663.0392521005,6645827.284926424,127.50000000000001,6235.86279296875,66344.66099115636,415
-6689657.735951242,6645821.981625565,135.00000000000003,6235.86279296875,66344.66099115636,415
-6689652.432650383,6645816.678324706,142.50000000000003,6235.86279296875,66344.66099115636,415
-6689647.129349524,6645811.375023847,150.0,6235.86279296875,66344.66099115636,415
-6690131.933111075,6645984.3798117945,-150.0,6236.0107421875,66851.10878498197,415
-6690131.933111075,6645976.8798117945,-142.5,6236.0107421875,66851.10878498197,415
-6690131.933111075,6645969.3798117945,-135.0,6236.0107421875,66851.10878498197,415
-6690131.933111075,6645961.8798117945,-127.5,6236.0107421875,66851.10878498197,415
-6690131.933111075,6645954.3798117945,-120.0,6236.0107421875,66851.10878498197,415
-6690131.933111075,6645946.8798117945,-112.5,6236.0107421875,66851.10878498197,415
-6690131.933111075,6645939.3798117945,-105.0,6236.0107421875,66851.10878498197,415
-6690131.933111075,6645931.8798117945,-97.49999999999999,6236.0107421875,66851.10878498197,415
-6690131.933111075,6645924.3798117945,-90.0,6236.0107421875,66851.10878498197,415
-6690131.933111075,6645916.8798117945,-82.5,6236.0107421875,66851.10878498197,415
-6690131.933111075,6645909.3798117945,-75.0,6236.0107421875,66851.10878498197,415
-6690131.933111075,6645901.8798117945,-67.5,6236.0107421875,66851.10878498197,415
-6690131.933111075,6645894.3798117945,-59.999999999999986,6236.0107421875,66851.10878498197,415
-6690131.933111075,6645886.8798117945,-52.5,6232.57470703125,66851.10878498197,415
-6690131.933111075,6645879.3798117945,-44.99999999999999,6232.57470703125,66851.10878498197,415
-6690131.933111075,6645871.8798117945,-37.5,6232.57470703125,66851.10878498197,415
-6690131.933111075,6645864.3798117945,-29.999999999999993,6232.57470703125,66851.10878498197,415
-6690131.933111075,6645856.8798117945,-22.499999999999986,6232.57470703125,66851.10878498197,415
-6690131.933111075,6645849.3798117945,-14.999999999999996,6232.57470703125,66851.10878498197,415
-6690131.933111075,6645841.8798117945,-7.49999999999999,6232.57470703125,66851.10878498197,415
-6690131.933111075,6645834.3798117945,0.0,6232.57470703125,66851.10878498197,415
-6690131.933111075,6645826.8798117945,7.500000000000007,6232.57470703125,66851.10878498197,415
-6690131.933111075,6645819.3798117945,15.000000000000014,6232.57470703125,66851.10878498197,415
-6690131.933111075,6645811.8798117945,22.50000000000002,6232.57470703125,66851.10878498197,415
-6690131.933111075,6645804.3798117945,30.00000000000003,6232.57470703125,66851.10878498197,415
-6690131.933111075,6645796.8798117945,37.5,6232.57470703125,66851.10878498197,415
-6690131.933111075,6645789.3798117945,45.00000000000001,6232.57470703125,66851.10878498197,415
-6690131.933111075,6645781.8798117945,52.500000000000014,6232.57470703125,66851.10878498197,415
-6690131.933111075,6645774.3798117945,60.00000000000002,6234.84130859375,66851.10878498197,415
-6690131.933111075,6645766.8798117945,67.50000000000003,6234.84130859375,66851.10878498197,415
-6690131.933111075,6645759.3798117945,75.0,6234.84130859375,66851.10878498197,415
-6690131.933111075,6645751.8798117945,82.5,6234.84130859375,66851.10878498197,415
-6690131.933111075,6645744.3798117945,90.00000000000001,6234.84130859375,66851.10878498197,415
-6690131.933111075,6645736.8798117945,97.50000000000001,6234.84130859375,66851.10878498197,415
-6690131.933111075,6645729.3798117945,105.00000000000003,6234.84130859375,66851.10878498197,415
-6690131.933111075,6645721.8798117945,112.5,6234.84130859375,66851.10878498197,415
-6690131.933111075,6645714.3798117945,120.0,6234.84130859375,66851.10878498197,415
-6690131.933111075,6645706.8798117945,127.50000000000001,6234.84130859375,66851.10878498197,415
-6690131.933111075,6645699.3798117945,135.00000000000003,6234.84130859375,66851.10878498197,415
-6690131.933111075,6645691.8798117945,142.50000000000003,6234.84130859375,66851.10878498197,415
-6690131.933111075,6645684.3798117945,150.0,6234.84130859375,66851.10878498197,415
-6690349.690492889,6646222.058586795,-150.0,6234.8466796875,67357.55657880759,415
-6690354.993793748,6646216.755285936,-142.5,6234.8466796875,67357.55657880759,415
-6690360.297094607,6646211.451985077,-135.0,6234.8466796875,67357.55657880759,415
-6690365.600395465,6646206.1486842185,-127.5,6234.8466796875,67357.55657880759,415
-6690370.903696325,6646200.845383359,-120.0,6234.8466796875,67357.55657880759,415
-6690376.206997184,6646195.542082501,-112.5,6234.8466796875,67357.55657880759,415
-6690381.510298043,6646190.238781641,-105.0,6234.8466796875,67357.55657880759,415
-6690386.813598901,6646184.935480783,-97.49999999999999,6234.8466796875,67357.55657880759,415
-6690392.11689976,6646179.632179923,-90.0,6234.8466796875,67357.55657880759,415
-6690397.42020062,6646174.328879065,-82.5,6234.8466796875,67357.55657880759,415
-6690402.723501478,6646169.025578206,-75.0,6234.8466796875,67357.55657880759,415
-6690408.026802337,6646163.722277347,-67.5,6234.8466796875,67357.55657880759,415
-6690413.330103196,6646158.4189764885,-59.999999999999986,6234.8466796875,67357.55657880759,415
-6690418.633404056,6646153.115675629,-52.5,6234.8466796875,67357.55657880759,415
-6690423.936704914,6646147.812374771,-44.99999999999999,6234.8466796875,67357.55657880759,415
-6690429.240005773,6646142.509073911,-37.5,6234.8466796875,67357.55657880759,415
-6690434.543306632,6646137.205773053,-29.999999999999993,6234.8466796875,67357.55657880759,415
-6690439.846607491,6646131.902472193,-22.499999999999986,6234.8466796875,67357.55657880759,415
-6690445.14990835,6646126.599171335,-14.999999999999996,6234.8466796875,67357.55657880759,415
-6690450.453209208,6646121.2958704755,-7.49999999999999,6234.8466796875,67357.55657880759,415
-6690455.756510068,6646115.992569617,0.0,6232.5986328125,67357.55657880759,415
-6690461.059810927,6646110.6892687585,7.500000000000007,6234.24609375,67357.55657880759,415
-6690466.363111786,6646105.385967899,15.000000000000014,6234.24609375,67357.55657880759,415
-6690471.666412644,6646100.082667041,22.50000000000002,6234.24609375,67357.55657880759,415
-6690476.9697135035,6646094.779366181,30.00000000000003,6234.24609375,67357.55657880759,415
-6690482.273014363,6646089.476065323,37.5,6234.24609375,67357.55657880759,415
-6690487.576315221,6646084.172764463,45.00000000000001,6234.24609375,67357.55657880759,415
-6690492.87961608,6646078.869463605,52.500000000000014,6234.24609375,67357.55657880759,415
-6690498.182916939,6646073.5661627455,60.00000000000002,6234.24609375,67357.55657880759,415
-6690503.486217799,6646068.262861887,67.50000000000003,6234.24609375,67357.55657880759,415
-6690508.789518657,6646062.959561028,75.0,6234.24609375,67357.55657880759,415
-6690514.092819516,6646057.656260169,82.5,6234.24609375,67357.55657880759,415
-6690519.396120375,6646052.352959311,90.00000000000001,6234.24609375,67357.55657880759,415
-6690524.699421234,6646047.049658451,97.50000000000001,6234.24609375,67357.55657880759,415
-6690530.002722093,6646041.746357593,105.00000000000003,6234.24609375,67357.55657880759,415
-6690535.306022951,6646036.443056733,112.5,6234.24609375,67357.55657880759,415
-6690540.609323811,6646031.139755875,120.0,6234.24609375,67357.55657880759,415
-6690545.91262467,6646025.836455015,127.50000000000001,6234.24609375,67357.55657880759,415
-6690551.215925529,6646020.533154157,135.00000000000003,6234.24609375,67357.55657880759,415
-6690556.519226387,6646015.229853298,142.50000000000003,6234.24609375,67357.55657880759,415
-6690561.822527247,6646009.926552439,150.0,6234.24609375,67357.55657880759,415
-6690707.803162221,6646580.171256125,-150.0,6233.138671875,67864.00437263322,415
-6690713.106463079,6646574.8679552665,-142.5,6233.138671875,67864.00437263322,415
-6690718.409763939,6646569.564654407,-135.0,6233.138671875,67864.00437263322,415
-6690723.713064797,6646564.261353549,-127.5,6232.76806640625,67864.00437263322,415
-6690729.016365657,6646558.958052689,-120.0,6232.76806640625,67864.00437263322,415
-6690734.319666515,6646553.654751831,-112.5,6232.76806640625,67864.00437263322,415
-6690739.6229673745,6646548.351450971,-105.0,6232.76806640625,67864.00437263322,415
-6690744.926268233,6646543.048150113,-97.49999999999999,6232.76806640625,67864.00437263322,415
-6690750.229569092,6646537.744849253,-90.0,6232.76806640625,67864.00437263322,415
-6690755.532869951,6646532.441548395,-82.5,6232.76806640625,67864.00437263322,415
-6690760.836170809,6646527.1382475365,-75.0,6232.76806640625,67864.00437263322,415
-6690766.139471669,6646521.834946677,-67.5,6232.76806640625,67864.00437263322,415
-6690771.442772527,6646516.531645819,-59.999999999999986,6232.76806640625,67864.00437263322,415
-6690776.746073387,6646511.228344959,-52.5,6232.76806640625,67864.00437263322,415
-6690782.049374245,6646505.925044101,-44.99999999999999,6232.76806640625,67864.00437263322,415
-6690787.3526751045,6646500.621743241,-37.5,6232.76806640625,67864.00437263322,415
-6690792.655975963,6646495.318442383,-29.999999999999993,6232.76806640625,67864.00437263322,415
-6690797.959276822,6646490.015141523,-22.499999999999986,6230.48046875,67864.00437263322,415
-6690803.262577681,6646484.711840665,-14.999999999999996,6230.48046875,67864.00437263322,415
-6690808.56587854,6646479.408539806,-7.49999999999999,6230.48046875,67864.00437263322,415
-6690813.869179399,6646474.105238947,0.0,6230.48046875,67864.00437263322,415
-6690819.172480257,6646468.801938089,7.500000000000007,6230.48046875,67864.00437263322,415
-6690824.475781117,6646463.498637229,15.000000000000014,6230.48046875,67864.00437263322,415
-6690829.779081975,6646458.195336371,22.50000000000002,6230.48046875,67864.00437263322,415
-6690835.0823828345,6646452.892035511,30.00000000000003,6232.884765625,67864.00437263322,415
-6690840.385683693,6646447.588734653,37.5,6232.884765625,67864.00437263322,415
-6690845.688984552,6646442.285433793,45.00000000000001,6232.884765625,67864.00437263322,415
-6690850.992285411,6646436.982132935,52.500000000000014,6232.884765625,67864.00437263322,415
-6690856.29558627,6646431.678832076,60.00000000000002,6232.884765625,67864.00437263322,415
-6690861.598887129,6646426.375531217,67.50000000000003,6232.884765625,67864.00437263322,415
-6690866.902187988,6646421.072230358,75.0,6232.884765625,67864.00437263322,415
-6690872.205488847,6646415.768929499,82.5,6232.884765625,67864.00437263322,415
-6690877.508789705,6646410.465628641,90.00000000000001,6232.884765625,67864.00437263322,415
-6690882.8120905645,6646405.162327781,97.50000000000001,6232.884765625,67864.00437263322,415
-6690888.115391423,6646399.859026923,105.00000000000003,6232.884765625,67864.00437263322,415
-6690893.418692282,6646394.555726063,112.5,6232.884765625,67864.00437263322,415
-6690898.721993141,6646389.252425205,120.0,6232.884765625,67864.00437263322,415
-6690904.025294,6646383.949124346,127.50000000000001,6232.884765625,67864.00437263322,415
-6690909.328594859,6646378.645823487,135.00000000000003,6233.4384765625,67864.00437263322,415
-6690914.631895718,6646373.342522628,142.50000000000003,6233.4384765625,67864.00437263322,415
-6690919.935196577,6646368.039221769,150.0,6233.4384765625,67864.00437263322,415
-6690812.547116976,6646918.968614602,-150.0,6233.05322265625,68370.45216645884,415
-6690820.047116976,6646918.968614602,-142.5,6233.05322265625,68370.45216645884,415
-6690827.547116976,6646918.968614602,-135.0,6233.05322265625,68370.45216645884,415
-6690835.047116976,6646918.968614602,-127.5,6233.05322265625,68370.45216645884,415
-6690842.547116976,6646918.968614602,-120.0,6233.05322265625,68370.45216645884,415
-6690850.047116976,6646918.968614602,-112.5,6233.05322265625,68370.45216645884,415
-6690857.547116976,6646918.968614602,-105.0,6233.05322265625,68370.45216645884,415
-6690865.047116976,6646918.968614602,-97.49999999999999,6233.05322265625,68370.45216645884,415
-6690872.547116976,6646918.968614602,-90.0,6233.05322265625,68370.45216645884,415
-6690880.047116976,6646918.968614602,-82.5,6233.05322265625,68370.45216645884,415
-6690887.547116976,6646918.968614602,-75.0,6233.05322265625,68370.45216645884,415
-6690895.047116976,6646918.968614602,-67.5,6233.05322265625,68370.45216645884,415
-6690902.547116976,6646918.968614602,-59.999999999999986,6233.05322265625,68370.45216645884,415
-6690910.047116976,6646918.968614602,-52.5,6230.70556640625,68370.45216645884,415
-6690917.547116976,6646918.968614602,-44.99999999999999,6230.70556640625,68370.45216645884,415
-6690925.047116976,6646918.968614602,-37.5,6230.70556640625,68370.45216645884,415
-6690932.547116976,6646918.968614602,-29.999999999999993,6230.70556640625,68370.45216645884,415
-6690940.047116976,6646918.968614602,-22.499999999999986,6230.70556640625,68370.45216645884,415
-6690947.547116976,6646918.968614602,-14.999999999999996,6230.70556640625,68370.45216645884,415
-6690955.047116976,6646918.968614602,-7.49999999999999,6230.70556640625,68370.45216645884,415
-6690962.547116976,6646918.968614602,0.0,6230.70556640625,68370.45216645884,415
-6690970.047116976,6646918.968614602,7.500000000000007,6230.70556640625,68370.45216645884,415
-6690977.547116976,6646918.968614602,15.000000000000014,6230.70556640625,68370.45216645884,415
-6690985.047116976,6646918.968614602,22.50000000000002,6230.70556640625,68370.45216645884,415
-6690992.547116976,6646918.968614602,30.00000000000003,6230.70556640625,68370.45216645884,415
-6691000.047116976,6646918.968614602,37.5,6230.70556640625,68370.45216645884,415
-6691007.547116976,6646918.968614602,45.00000000000001,6230.70556640625,68370.45216645884,415
-6691015.047116976,6646918.968614602,52.500000000000014,6230.70556640625,68370.45216645884,415
-6691022.547116976,6646918.968614602,60.00000000000002,6233.0146484375,68370.45216645884,415
-6691030.047116976,6646918.968614602,67.50000000000003,6233.0146484375,68370.45216645884,415
-6691037.547116976,6646918.968614602,75.0,6233.0146484375,68370.45216645884,415
-6691045.047116976,6646918.968614602,82.5,6233.0146484375,68370.45216645884,415
-6691052.547116976,6646918.968614602,90.00000000000001,6233.0146484375,68370.45216645884,415
-6691060.047116976,6646918.968614602,97.50000000000001,6233.0146484375,68370.45216645884,415
-6691067.547116976,6646918.968614602,105.00000000000003,6233.0146484375,68370.45216645884,415
-6691075.047116976,6646918.968614602,112.5,6233.0146484375,68370.45216645884,415
-6691082.547116976,6646918.968614602,120.0,6233.0146484375,68370.45216645884,415
-6691090.047116976,6646918.968614602,127.50000000000001,6233.0146484375,68370.45216645884,415
-6691097.547116976,6646918.968614602,135.00000000000003,6233.0146484375,68370.45216645884,415
-6691105.047116976,6646918.968614602,142.50000000000003,6233.0146484375,68370.45216645884,415
-6691112.547116976,6646918.968614602,150.0,6233.0146484375,68370.45216645884,415
-6690687.137531221,6647249.205988445,-150.0,6232.5390625,68876.89996028446,415
-6690692.440832079,6647254.509289304,-142.5,6232.5390625,68876.89996028446,415
-6690697.744132939,6647259.812590163,-135.0,6232.5390625,68876.89996028446,415
-6690703.047433797,6647265.115891022,-127.5,6232.5390625,68876.89996028446,415
-6690708.350734657,6647270.419191881,-120.0,6232.5390625,68876.89996028446,415
-6690713.654035515,6647275.72249274,-112.5,6232.5390625,68876.89996028446,415
-6690718.957336375,6647281.025793599,-105.0,6232.5390625,68876.89996028446,415
-6690724.260637233,6647286.329094457,-97.49999999999999,6232.5390625,68876.89996028446,415
-6690729.563938092,6647291.632395317,-90.0,6232.5390625,68876.89996028446,415
-6690734.867238951,6647296.935696175,-82.5,6232.5390625,68876.89996028446,415
-6690740.170539809,6647302.238997035,-75.0,6232.5390625,68876.89996028446,415
-6690745.473840669,6647307.542297893,-67.5,6232.5390625,68876.89996028446,415
-6690750.777141527,6647312.845598752,-59.999999999999986,6232.5390625,68876.89996028446,415
-6690756.080442387,6647318.148899611,-52.5,6232.5390625,68876.89996028446,415
-6690761.383743245,6647323.45220047,-44.99999999999999,6232.5390625,68876.89996028446,415
-6690766.687044105,6647328.755501329,-37.5,6232.5390625,68876.89996028446,415
-6690771.990344963,6647334.058802187,-29.999999999999993,6232.5390625,68876.89996028446,415
-6690777.293645822,6647339.362103047,-22.499999999999986,6232.5390625,68876.89996028446,415
-6690782.596946681,6647344.665403905,-14.999999999999996,6232.5390625,68876.89996028446,415
-6690787.90024754,6647349.968704765,-7.49999999999999,6232.5390625,68876.89996028446,415
-6690793.203548399,6647355.272005623,0.0,6231.013671875,68876.89996028446,415
-6690798.506849257,6647360.575306482,7.500000000000007,6234.03564453125,68876.89996028446,415
-6690803.810150117,6647365.878607341,15.000000000000014,6234.03564453125,68876.89996028446,415
-6690809.113450975,6647371.1819082,22.50000000000002,6234.03564453125,68876.89996028446,415
-6690814.416751835,6647376.485209059,30.00000000000003,6234.03564453125,68876.89996028446,415
-6690819.720052693,6647381.788509917,37.5,6234.03564453125,68876.89996028446,415
-6690825.023353552,6647387.091810777,45.00000000000001,6234.03564453125,68876.89996028446,415
-6690830.326654411,6647392.395111635,52.500000000000014,6234.03564453125,68876.89996028446,415
-6690835.62995527,6647397.698412495,60.00000000000002,6234.03564453125,68876.89996028446,415
-6690840.933256129,6647403.001713353,67.50000000000003,6234.03564453125,68876.89996028446,415
-6690846.236556988,6647408.305014212,75.0,6234.03564453125,68876.89996028446,415
-6690851.539857847,6647413.608315071,82.5,6234.03564453125,68876.89996028446,415
-6690856.843158705,6647418.91161593,90.00000000000001,6234.03564453125,68876.89996028446,415
-6690862.146459565,6647424.214916789,97.50000000000001,6234.03564453125,68876.89996028446,415
-6690867.449760423,6647429.518217647,105.00000000000003,6234.03564453125,68876.89996028446,415
-6690872.753061282,6647434.821518507,112.5,6234.03564453125,68876.89996028446,415
-6690878.056362141,6647440.124819365,120.0,6234.03564453125,68876.89996028446,415
-6690883.359663,6647445.428120225,127.50000000000001,6234.03564453125,68876.89996028446,415
-6690888.662963859,6647450.731421083,135.00000000000003,6234.03564453125,68876.89996028446,415
-6690893.966264718,6647456.034721943,142.50000000000003,6234.03564453125,68876.89996028446,415
-6690899.269565577,6647461.338022801,150.0,6234.03564453125,68876.89996028446,415
-6690329.024861889,6647607.318657776,-150.0,6231.978515625,69383.34775411009,415
-6690334.328162748,6647612.621958635,-142.5,6231.978515625,69383.34775411009,415
-6690339.631463607,6647617.925259494,-135.0,6231.978515625,69383.34775411009,415
-6690344.934764465,6647623.228560353,-127.5,6231.875,69383.34775411009,415
-6690350.238065325,6647628.531861212,-120.0,6231.875,69383.34775411009,415
-6690355.541366184,6647633.835162071,-112.5,6231.875,69383.34775411009,415
-6690360.844667043,6647639.13846293,-105.0,6231.875,69383.34775411009,415
-6690366.147967901,6647644.441763788,-97.49999999999999,6231.875,69383.34775411009,415
-6690371.4512687605,6647649.745064648,-90.0,6231.875,69383.34775411009,415
-6690376.75456962,6647655.048365506,-82.5,6231.875,69383.34775411009,415
-6690382.057870478,6647660.351666365,-75.0,6231.875,69383.34775411009,415
-6690387.361171337,6647665.654967224,-67.5,6231.875,69383.34775411009,415
-6690392.664472196,6647670.958268083,-59.999999999999986,6231.875,69383.34775411009,415
-6690397.967773056,6647676.261568942,-52.5,6231.875,69383.34775411009,415
-6690403.271073914,6647681.564869801,-44.99999999999999,6231.875,69383.34775411009,415
-6690408.574374773,6647686.86817066,-37.5,6231.875,69383.34775411009,415
-6690413.877675632,6647692.171471518,-29.999999999999993,6231.875,69383.34775411009,415
-6690419.180976491,6647697.474772378,-22.499999999999986,6231.880859375,69383.34775411009,415
-6690424.48427735,6647702.778073236,-14.999999999999996,6231.880859375,69383.34775411009,415
-6690429.787578208,6647708.081374096,-7.49999999999999,6231.880859375,69383.34775411009,415
-6690435.090879068,6647713.384674954,0.0,6231.880859375,69383.34775411009,415
-6690440.394179927,6647718.687975813,7.500000000000007,6231.880859375,69383.34775411009,415
-6690445.697480786,6647723.991276672,15.000000000000014,6231.880859375,69383.34775411009,415
-6690451.000781644,6647729.294577531,22.50000000000002,6231.880859375,69383.34775411009,415
-6690456.304082504,6647734.59787839,30.00000000000003,6232.224609375,69383.34775411009,415
-6690461.607383363,6647739.9011792485,37.5,6232.224609375,69383.34775411009,415
-6690466.910684221,6647745.204480108,45.00000000000001,6232.224609375,69383.34775411009,415
-6690472.21398508,6647750.507780966,52.500000000000014,6232.224609375,69383.34775411009,415
-6690477.517285939,6647755.811081826,60.00000000000002,6232.224609375,69383.34775411009,415
-6690482.820586799,6647761.114382684,67.50000000000003,6232.224609375,69383.34775411009,415
-6690488.123887657,6647766.417683544,75.0,6232.224609375,69383.34775411009,415
-6690493.427188516,6647771.720984402,82.5,6232.224609375,69383.34775411009,415
-6690498.730489375,6647777.024285261,90.00000000000001,6232.224609375,69383.34775411009,415
-6690504.0337902345,6647782.32758612,97.50000000000001,6232.224609375,69383.34775411009,415
-6690509.337091093,6647787.6308869785,105.00000000000003,6232.224609375,69383.34775411009,415
-6690514.640391951,6647792.934187838,112.5,6232.224609375,69383.34775411009,415
-6690519.943692811,6647798.237488696,120.0,6232.224609375,69383.34775411009,415
-6690525.24699367,6647803.540789556,127.50000000000001,6232.224609375,69383.34775411009,415
-6690530.550294529,6647808.844090414,135.00000000000003,6232.77197265625,69383.34775411009,415
-6690535.853595387,6647814.147391274,142.50000000000003,6232.77197265625,69383.34775411009,415
-6690541.156896247,6647819.450692132,150.0,6232.77197265625,69383.34775411009,415
-6690024.143752246,6648111.744629788,-150.0,6232.56884765625,69889.7955479357,415
-6690031.643752246,6648111.744629788,-142.5,6232.56884765625,69889.7955479357,415
-6690039.143752246,6648111.744629788,-135.0,6232.56884765625,69889.7955479357,415
-6690046.643752246,6648111.744629788,-127.5,6232.56884765625,69889.7955479357,415
-6690054.143752246,6648111.744629788,-120.0,6232.56884765625,69889.7955479357,415
-6690061.643752246,6648111.744629788,-112.5,6232.56884765625,69889.7955479357,415
-6690069.143752246,6648111.744629788,-105.0,6232.56884765625,69889.7955479357,415
-6690076.643752246,6648111.744629788,-97.49999999999999,6232.56884765625,69889.7955479357,415
-6690084.143752246,6648111.744629788,-90.0,6232.56884765625,69889.7955479357,415
-6690091.643752246,6648111.744629788,-82.5,6232.56884765625,69889.7955479357,415
-6690099.143752246,6648111.744629788,-75.0,6232.56884765625,69889.7955479357,415
-6690106.643752246,6648111.744629788,-67.5,6232.56884765625,69889.7955479357,415
-6690114.143752246,6648111.744629788,-59.999999999999986,6232.56884765625,69889.7955479357,415
-6690121.643752246,6648111.744629788,-52.5,6232.021484375,69889.7955479357,415
-6690129.143752246,6648111.744629788,-44.99999999999999,6232.021484375,69889.7955479357,415
-6690136.643752246,6648111.744629788,-37.5,6232.021484375,69889.7955479357,415
-6690144.143752246,6648111.744629788,-29.999999999999993,6232.021484375,69889.7955479357,415
-6690151.643752246,6648111.744629788,-22.499999999999986,6232.021484375,69889.7955479357,415
-6690159.143752246,6648111.744629788,-14.999999999999996,6232.021484375,69889.7955479357,415
-6690166.643752246,6648111.744629788,-7.49999999999999,6232.021484375,69889.7955479357,415
-6690174.143752246,6648111.744629788,0.0,6232.021484375,69889.7955479357,415
-6690181.643752246,6648111.744629788,7.500000000000007,6232.021484375,69889.7955479357,415
-6690189.143752246,6648111.744629788,15.000000000000014,6232.021484375,69889.7955479357,415
-6690196.643752246,6648111.744629788,22.50000000000002,6232.021484375,69889.7955479357,415
-6690204.143752246,6648111.744629788,30.00000000000003,6232.021484375,69889.7955479357,415
-6690211.643752246,6648111.744629788,37.5,6232.021484375,69889.7955479357,415
-6690219.143752246,6648111.744629788,45.00000000000001,6232.021484375,69889.7955479357,415
-6690226.643752246,6648111.744629788,52.500000000000014,6232.021484375,69889.7955479357,415
-6690234.143752246,6648111.744629788,60.00000000000002,6232.12890625,69889.7955479357,415
-6690241.643752246,6648111.744629788,67.50000000000003,6232.12890625,69889.7955479357,415
-6690249.143752246,6648111.744629788,75.0,6232.12890625,69889.7955479357,415
-6690256.643752246,6648111.744629788,82.5,6232.12890625,69889.7955479357,415
-6690264.143752246,6648111.744629788,90.00000000000001,6232.12890625,69889.7955479357,415
-6690271.643752246,6648111.744629788,97.50000000000001,6232.12890625,69889.7955479357,415
-6690279.143752246,6648111.744629788,105.00000000000003,6232.12890625,69889.7955479357,415
-6690286.643752246,6648111.744629788,112.5,6232.12890625,69889.7955479357,415
-6690294.143752246,6648111.744629788,120.0,6232.12890625,69889.7955479357,415
-6690301.643752246,6648111.744629788,127.50000000000001,6232.12890625,69889.7955479357,415
-6690309.143752246,6648111.744629788,135.00000000000003,6232.12890625,69889.7955479357,415
-6690316.643752246,6648111.744629788,142.50000000000003,6232.12890625,69889.7955479357,415
-6690324.143752246,6648111.744629788,150.0,6232.12890625,69889.7955479357,415
-6690125.152114401,6648700.617458809,-150.0,6230.794921875,70396.24334176132,415
-6690130.455415259,6648695.31415795,-142.5,6230.794921875,70396.24334176132,415
-6690135.7587161185,6648690.010857091,-135.0,6230.794921875,70396.24334176132,415
-6690141.062016977,6648684.707556233,-127.5,6230.794921875,70396.24334176132,415
-6690146.365317836,6648679.404255373,-120.0,6230.794921875,70396.24334176132,415
-6690151.668618695,6648674.100954514,-112.5,6230.794921875,70396.24334176132,415
-6690156.971919554,6648668.7976536555,-105.0,6230.794921875,70396.24334176132,415
-6690162.275220413,6648663.494352797,-97.49999999999999,6230.794921875,70396.24334176132,415
-6690167.578521272,6648658.191051938,-90.0,6230.794921875,70396.24334176132,415
-6690172.881822131,6648652.887751078,-82.5,6230.794921875,70396.24334176132,415
-6690178.185122989,6648647.58445022,-75.0,6230.794921875,70396.24334176132,415
-6690183.4884238485,6648642.281149361,-67.5,6230.794921875,70396.24334176132,415
-6690188.791724707,6648636.977848502,-59.999999999999986,6230.794921875,70396.24334176132,415
-6690194.095025566,6648631.6745476425,-52.5,6230.794921875,70396.24334176132,415
-6690199.398326425,6648626.371246784,-44.99999999999999,6230.794921875,70396.24334176132,415
-6690204.701627284,6648621.0679459255,-37.5,6230.794921875,70396.24334176132,415
-6690210.004928143,6648615.764645066,-29.999999999999993,6230.794921875,70396.24334176132,415
-6690215.308229002,6648610.461344207,-22.499999999999986,6230.794921875,70396.24334176132,415
-6690220.611529861,6648605.158043348,-14.999999999999996,6230.794921875,70396.24334176132,415
-6690225.91483072,6648599.85474249,-7.49999999999999,6230.794921875,70396.24334176132,415
-6690231.2181315785,6648594.55144163,0.0,6230.697265625,70396.24334176132,415
-6690236.521432437,6648589.248140771,7.500000000000007,6230.96728515625,70396.24334176132,415
-6690241.824733296,6648583.9448399125,15.000000000000014,6230.96728515625,70396.24334176132,415
-6690247.128034155,6648578.641539054,22.50000000000002,6230.96728515625,70396.24334176132,415
-6690252.431335014,6648573.338238195,30.00000000000003,6230.96728515625,70396.24334176132,415
-6690257.734635873,6648568.034937335,37.5,6230.96728515625,70396.24334176132,415
-6690263.037936732,6648562.731636477,45.00000000000001,6230.96728515625,70396.24334176132,415
-6690268.341237591,6648557.428335618,52.500000000000014,6230.96728515625,70396.24334176132,415
-6690273.64453845,6648552.125034759,60.00000000000002,6230.96728515625,70396.24334176132,415
-6690278.9478393085,6648546.821733899,67.50000000000003,6230.96728515625,70396.24334176132,415
-6690284.251140168,6648541.518433041,75.0,6230.96728515625,70396.24334176132,415
-6690289.554441026,6648536.215132182,82.5,6230.96728515625,70396.24334176132,415
-6690294.857741885,6648530.911831323,90.00000000000001,6230.96728515625,70396.24334176132,415
-6690300.161042744,6648525.608530464,97.50000000000001,6230.96728515625,70396.24334176132,415
-6690305.464343603,6648520.305229605,105.00000000000003,6230.96728515625,70396.24334176132,415
-6690310.767644462,6648515.001928747,112.5,6230.96728515625,70396.24334176132,415
-6690316.070945321,6648509.698627887,120.0,6230.96728515625,70396.24334176132,415
-6690321.37424618,6648504.395327028,127.50000000000001,6230.96728515625,70396.24334176132,415
-6690326.6775470385,6648499.092026169,135.00000000000003,6230.96728515625,70396.24334176132,415
-6690331.980847898,6648493.788725311,142.50000000000003,6230.96728515625,70396.24334176132,415
-6690337.284148756,6648488.4854244515,150.0,6230.96728515625,70396.24334176132,415
-6690436.612302833,6649012.077647241,-150.0,6231.15283203125,70902.69113558694,415
-6690441.915603692,6649006.774346382,-142.5,6231.15283203125,70902.69113558694,415
-6690447.218904551,6649001.471045523,-135.0,6231.15283203125,70902.69113558694,415
-6690452.52220541,6648996.1677446645,-127.5,6231.15283203125,70902.69113558694,415
-6690457.825506269,6648990.864443805,-120.0,6232.05126953125,70902.69113558694,415
-6690463.1288071275,6648985.561142947,-112.5,6232.05126953125,70902.69113558694,415
-6690468.432107987,6648980.257842087,-105.0,6232.05126953125,70902.69113558694,415
-6690473.735408845,6648974.954541229,-97.49999999999999,6232.05126953125,70902.69113558694,415
-6690479.038709705,6648969.651240369,-90.0,6232.05126953125,70902.69113558694,415
-6690484.342010563,6648964.347939511,-82.5,6232.05126953125,70902.69113558694,415
-6690489.645311423,6648959.044638652,-75.0,6232.05126953125,70902.69113558694,415
-6690494.948612281,6648953.741337793,-67.5,6232.05126953125,70902.69113558694,415
-6690500.25191314,6648948.4380369345,-59.999999999999986,6232.05126953125,70902.69113558694,415
-6690505.555213999,6648943.134736075,-52.5,6232.05126953125,70902.69113558694,415
-6690510.8585148575,6648937.831435217,-44.99999999999999,6232.05126953125,70902.69113558694,415
-6690516.161815717,6648932.528134357,-37.5,6232.05126953125,70902.69113558694,415
-6690521.465116575,6648927.224833499,-29.999999999999993,6230.2841796875,70902.69113558694,415
-6690526.768417435,6648921.921532639,-22.499999999999986,6230.2841796875,70902.69113558694,415
-6690532.071718293,6648916.618231781,-14.999999999999996,6230.2841796875,70902.69113558694,415
-6690537.375019153,6648911.314930921,-7.49999999999999,6230.2841796875,70902.69113558694,415
-6690542.678320011,6648906.011630063,0.0,6230.2841796875,70902.69113558694,415
-6690547.98162087,6648900.7083292045,7.500000000000007,6230.2841796875,70902.69113558694,415
-6690553.284921729,6648895.405028345,15.000000000000014,6230.2841796875,70902.69113558694,415
-6690558.5882225875,6648890.101727487,22.50000000000002,6230.2841796875,70902.69113558694,415
-6690563.891523447,6648884.798426627,30.00000000000003,6230.2841796875,70902.69113558694,415
-6690569.194824305,6648879.495125769,37.5,6230.34912109375,70902.69113558694,415
-6690574.498125165,6648874.191824909,45.00000000000001,6230.34912109375,70902.69113558694,415
-6690579.801426023,6648868.888524051,52.500000000000014,6230.34912109375,70902.69113558694,415
-6690585.104726883,6648863.585223191,60.00000000000002,6230.34912109375,70902.69113558694,415
-6690590.408027741,6648858.281922333,67.50000000000003,6230.34912109375,70902.69113558694,415
-6690595.7113286,6648852.978621474,75.0,6230.34912109375,70902.69113558694,415
-6690601.014629459,6648847.675320615,82.5,6230.34912109375,70902.69113558694,415
-6690606.3179303175,6648842.372019757,90.00000000000001,6230.34912109375,70902.69113558694,415
-6690611.621231177,6648837.068718897,97.50000000000001,6230.34912109375,70902.69113558694,415
-6690616.924532035,6648831.765418039,105.00000000000003,6230.34912109375,70902.69113558694,415
-6690622.227832895,6648826.462117179,112.5,6230.34912109375,70902.69113558694,415
-6690627.531133753,6648821.158816321,120.0,6230.34912109375,70902.69113558694,415
-6690632.834434613,6648815.855515461,127.50000000000001,6230.47998046875,70902.69113558694,415
-6690638.137735471,6648810.552214603,135.00000000000003,6230.47998046875,70902.69113558694,415
-6690643.441036331,6648805.2489137435,142.50000000000003,6230.47998046875,70902.69113558694,415
-6690648.744337189,6648799.945612885,150.0,6230.47998046875,70902.69113558694,415
-6690587.289012767,6649331.849035566,-150.0,6230.416015625,71409.13892941257,415
-6690594.789012767,6649331.849035566,-142.5,6230.416015625,71409.13892941257,415
-6690602.289012767,6649331.849035566,-135.0,6230.416015625,71409.13892941257,415
-6690609.789012767,6649331.849035566,-127.5,6230.416015625,71409.13892941257,415
-6690617.289012767,6649331.849035566,-120.0,6230.416015625,71409.13892941257,415
-6690624.789012767,6649331.849035566,-112.5,6230.416015625,71409.13892941257,415
-6690632.289012767,6649331.849035566,-105.0,6230.416015625,71409.13892941257,415
-6690639.789012767,6649331.849035566,-97.49999999999999,6230.416015625,71409.13892941257,415
-6690647.289012767,6649331.849035566,-90.0,6230.416015625,71409.13892941257,415
-6690654.789012767,6649331.849035566,-82.5,6230.416015625,71409.13892941257,415
-6690662.289012767,6649331.849035566,-75.0,6230.416015625,71409.13892941257,415
-6690669.789012767,6649331.849035566,-67.5,6230.416015625,71409.13892941257,415
-6690677.289012767,6649331.849035566,-59.999999999999986,6230.416015625,71409.13892941257,415
-6690684.789012767,6649331.849035566,-52.5,6230.54833984375,71409.13892941257,415
-6690692.289012767,6649331.849035566,-44.99999999999999,6230.54833984375,71409.13892941257,415
-6690699.789012767,6649331.849035566,-37.5,6230.54833984375,71409.13892941257,415
-6690707.289012767,6649331.849035566,-29.999999999999993,6230.54833984375,71409.13892941257,415
-6690714.789012767,6649331.849035566,-22.499999999999986,6230.54833984375,71409.13892941257,415
-6690722.289012767,6649331.849035566,-14.999999999999996,6230.54833984375,71409.13892941257,415
-6690729.789012767,6649331.849035566,-7.49999999999999,6230.54833984375,71409.13892941257,415
-6690737.289012767,6649331.849035566,0.0,6230.54833984375,71409.13892941257,415
-6690744.789012767,6649331.849035566,7.500000000000007,6230.54833984375,71409.13892941257,415
-6690752.289012767,6649331.849035566,15.000000000000014,6230.54833984375,71409.13892941257,415
-6690759.789012767,6649331.849035566,22.50000000000002,6230.54833984375,71409.13892941257,415
-6690767.289012767,6649331.849035566,30.00000000000003,6230.54833984375,71409.13892941257,415
-6690774.789012767,6649331.849035566,37.5,6230.54833984375,71409.13892941257,415
-6690782.289012767,6649331.849035566,45.00000000000001,6230.54833984375,71409.13892941257,415
-6690789.789012767,6649331.849035566,52.500000000000014,6230.54833984375,71409.13892941257,415
-6690797.289012767,6649331.849035566,60.00000000000002,6235.6416015625,71409.13892941257,415
-6690804.789012767,6649331.849035566,67.50000000000003,6235.6416015625,71409.13892941257,415
-6690812.289012767,6649331.849035566,75.0,6235.6416015625,71409.13892941257,415
-6690819.789012767,6649331.849035566,82.5,6235.6416015625,71409.13892941257,415
-6690827.289012767,6649331.849035566,90.00000000000001,6235.6416015625,71409.13892941257,415
-6690834.789012767,6649331.849035566,97.50000000000001,6235.6416015625,71409.13892941257,415
-6690842.289012767,6649331.849035566,105.00000000000003,6235.6416015625,71409.13892941257,415
-6690849.789012767,6649331.849035566,112.5,6235.6416015625,71409.13892941257,415
-6690857.289012767,6649331.849035566,120.0,6235.6416015625,71409.13892941257,415
-6690864.789012767,6649331.849035566,127.50000000000001,6235.6416015625,71409.13892941257,415
-6690872.289012767,6649331.849035566,135.00000000000003,6235.6416015625,71409.13892941257,415
-6690879.789012767,6649331.849035566,142.50000000000003,6235.6416015625,71409.13892941257,415
-6690887.289012767,6649331.849035566,150.0,6235.6416015625,71409.13892941257,415
-6690587.289012767,6649744.9918675935,-150.0,6231.130859375,71915.58672323819,415
-6690594.789012767,6649744.9918675935,-142.5,6231.130859375,71915.58672323819,415
-6690602.289012767,6649744.9918675935,-135.0,6231.130859375,71915.58672323819,415
-6690609.789012767,6649744.9918675935,-127.5,6231.130859375,71915.58672323819,415
-6690617.289012767,6649744.9918675935,-120.0,6231.130859375,71915.58672323819,415
-6690624.789012767,6649744.9918675935,-112.5,6231.130859375,71915.58672323819,415
-6690632.289012767,6649744.9918675935,-105.0,6231.130859375,71915.58672323819,415
-6690639.789012767,6649744.9918675935,-97.49999999999999,6231.130859375,71915.58672323819,415
-6690647.289012767,6649744.9918675935,-90.0,6231.130859375,71915.58672323819,415
-6690654.789012767,6649744.9918675935,-82.5,6231.130859375,71915.58672323819,415
-6690662.289012767,6649744.9918675935,-75.0,6231.130859375,71915.58672323819,415
-6690669.789012767,6649744.9918675935,-67.5,6231.130859375,71915.58672323819,415
-6690677.289012767,6649744.9918675935,-59.999999999999986,6231.130859375,71915.58672323819,415
-6690684.789012767,6649744.9918675935,-52.5,6230.2734375,71915.58672323819,415
-6690692.289012767,6649744.9918675935,-44.99999999999999,6230.2734375,71915.58672323819,415
-6690699.789012767,6649744.9918675935,-37.5,6230.2734375,71915.58672323819,415
-6690707.289012767,6649744.9918675935,-29.999999999999993,6230.2734375,71915.58672323819,415
-6690714.789012767,6649744.9918675935,-22.499999999999986,6230.2734375,71915.58672323819,415
-6690722.289012767,6649744.9918675935,-14.999999999999996,6230.2734375,71915.58672323819,415
-6690729.789012767,6649744.9918675935,-7.49999999999999,6230.2734375,71915.58672323819,415
-6690737.289012767,6649744.9918675935,0.0,6230.2734375,71915.58672323819,415
-6690744.789012767,6649744.9918675935,7.500000000000007,6230.2734375,71915.58672323819,415
-6690752.289012767,6649744.9918675935,15.000000000000014,6230.2734375,71915.58672323819,415
-6690759.789012767,6649744.9918675935,22.50000000000002,6230.2734375,71915.58672323819,415
-6690767.289012767,6649744.9918675935,30.00000000000003,6230.2734375,71915.58672323819,415
-6690774.789012767,6649744.9918675935,37.5,6230.2734375,71915.58672323819,415
-6690782.289012767,6649744.9918675935,45.00000000000001,6230.2734375,71915.58672323819,415
-6690789.789012767,6649744.9918675935,52.500000000000014,6230.2734375,71915.58672323819,415
-6690797.289012767,6649744.9918675935,60.00000000000002,6233.06201171875,71915.58672323819,415
-6690804.789012767,6649744.9918675935,67.50000000000003,6233.06201171875,71915.58672323819,415
-6690812.289012767,6649744.9918675935,75.0,6233.06201171875,71915.58672323819,415
-6690819.789012767,6649744.9918675935,82.5,6233.06201171875,71915.58672323819,415
-6690827.289012767,6649744.9918675935,90.00000000000001,6233.06201171875,71915.58672323819,415
-6690834.789012767,6649744.9918675935,97.50000000000001,6233.06201171875,71915.58672323819,415
-6690842.289012767,6649744.9918675935,105.00000000000003,6233.06201171875,71915.58672323819,415
-6690849.789012767,6649744.9918675935,112.5,6233.06201171875,71915.58672323819,415
-6690857.289012767,6649744.9918675935,120.0,6233.06201171875,71915.58672323819,415
-6690864.789012767,6649744.9918675935,127.50000000000001,6233.06201171875,71915.58672323819,415
-6690872.289012767,6649744.9918675935,135.00000000000003,6233.06201171875,71915.58672323819,415
-6690879.789012767,6649744.9918675935,142.50000000000003,6233.06201171875,71915.58672323819,415
-6690887.289012767,6649744.9918675935,150.0,6233.06201171875,71915.58672323819,415
-6690295.316850568,6650006.236763288,-150.0,6226.25732421875,72422.0345170638,415
-6690300.620151427,6650011.540064147,-142.5,6226.25732421875,72422.0345170638,415
-6690305.923452286,6650016.843365006,-135.0,6226.25732421875,72422.0345170638,415
-6690311.2267531445,6650022.146665865,-127.5,6226.25732421875,72422.0345170638,415
-6690316.530054004,6650027.449966724,-120.0,6226.25732421875,72422.0345170638,415
-6690321.833354862,6650032.7532675825,-112.5,6226.25732421875,72422.0345170638,415
-6690327.136655722,6650038.056568442,-105.0,6226.25732421875,72422.0345170638,415
-6690332.43995658,6650043.3598693,-97.49999999999999,6226.25732421875,72422.0345170638,415
-6690337.74325744,6650048.66317016,-90.0,6226.25732421875,72422.0345170638,415
-6690343.046558298,6650053.966471018,-82.5,6226.25732421875,72422.0345170638,415
-6690348.349859158,6650059.269771878,-75.0,6226.51171875,72422.0345170638,415
-6690353.653160016,6650064.573072736,-67.5,6226.51171875,72422.0345170638,415
-6690358.9564608745,6650069.876373595,-59.999999999999986,6226.51171875,72422.0345170638,415
-6690364.259761734,6650075.179674454,-52.5,6226.51171875,72422.0345170638,415
-6690369.563062592,6650080.4829753125,-44.99999999999999,6226.51171875,72422.0345170638,415
-6690374.866363452,6650085.786276172,-37.5,6226.51171875,72422.0345170638,415
-6690380.16966431,6650091.08957703,-29.999999999999993,6226.51171875,72422.0345170638,415
-6690385.47296517,6650096.39287789,-22.499999999999986,6226.51171875,72422.0345170638,415
-6690390.776266028,6650101.696178748,-14.999999999999996,6226.51171875,72422.0345170638,415
-6690396.079566888,6650106.999479608,-7.49999999999999,6226.51171875,72422.0345170638,415
-6690401.382867746,6650112.302780466,0.0,6226.51171875,72422.0345170638,415
-6690406.6861686045,6650117.606081325,7.500000000000007,6226.51171875,72422.0345170638,415
-6690411.989469464,6650122.909382184,15.000000000000014,6226.51171875,72422.0345170638,415
-6690417.292770322,6650128.2126830425,22.50000000000002,6226.51171875,72422.0345170638,415
-6690422.596071182,6650133.515983902,30.00000000000003,6226.51171875,72422.0345170638,415
-6690427.89937204,6650138.81928476,37.5,6226.51171875,72422.0345170638,415
-6690433.2026729,6650144.12258562,45.00000000000001,6226.51171875,72422.0345170638,415
-6690438.505973758,6650149.425886478,52.500000000000014,6226.51171875,72422.0345170638,415
-6690443.809274618,6650154.729187338,60.00000000000002,6226.51171875,72422.0345170638,415
-6690449.112575476,6650160.032488196,67.50000000000003,6226.51171875,72422.0345170638,415
-6690454.4158763345,6650165.335789055,75.0,6226.51171875,72422.0345170638,415
-6690459.719177194,6650170.639089914,82.5,6232.921875,72422.0345170638,415
-6690465.022478052,6650175.9423907725,90.00000000000001,6232.921875,72422.0345170638,415
-6690470.325778912,6650181.245691632,97.50000000000001,6232.921875,72422.0345170638,415
-6690475.62907977,6650186.54899249,105.00000000000003,6232.921875,72422.0345170638,415
-6690480.93238063,6650191.85229335,112.5,6232.921875,72422.0345170638,415
-6690486.235681488,6650197.155594208,120.0,6232.921875,72422.0345170638,415
-6690491.538982348,6650202.458895068,127.50000000000001,6232.921875,72422.0345170638,415
-6690496.842283206,6650207.762195926,135.00000000000003,6232.921875,72422.0345170638,415
-6690502.1455840655,6650213.065496786,142.50000000000003,6232.921875,72422.0345170638,415
-6690507.448884924,6650218.368797644,150.0,6232.921875,72422.0345170638,415
-6690242.1030519465,6650397.337718223,-150.0,6225.5400390625,72928.48231088943,415
-6690247.406352805,6650402.641019082,-142.5,6225.5400390625,72928.48231088943,415
-6690252.709653664,6650407.944319941,-135.0,6225.5400390625,72928.48231088943,415
-6690258.012954523,6650413.2476208,-127.5,6225.5400390625,72928.48231088943,415
-6690263.316255382,6650418.550921659,-120.0,6225.5400390625,72928.48231088943,415
-6690268.619556241,6650423.854222517,-112.5,6225.5400390625,72928.48231088943,415
-6690273.9228571,6650429.157523377,-105.0,6225.5400390625,72928.48231088943,415
-6690279.226157959,6650434.460824235,-97.49999999999999,6225.5400390625,72928.48231088943,415
-6690284.529458818,6650439.764125095,-90.0,6225.5400390625,72928.48231088943,415
-6690289.8327596765,6650445.067425953,-82.5,6225.5400390625,72928.48231088943,415
-6690295.136060536,6650450.370726813,-75.0,6225.5400390625,72928.48231088943,415
-6690300.439361394,6650455.674027671,-67.5,6225.5400390625,72928.48231088943,415
-6690305.742662253,6650460.97732853,-59.999999999999986,6225.5400390625,72928.48231088943,415
-6690311.045963112,6650466.280629389,-52.5,6225.5400390625,72928.48231088943,415
-6690316.349263971,6650471.583930247,-44.99999999999999,6225.5400390625,72928.48231088943,415
-6690321.65256483,6650476.887231107,-37.5,6225.5400390625,72928.48231088943,415
-6690326.955865689,6650482.190531965,-29.999999999999993,6225.5400390625,72928.48231088943,415
-6690332.259166548,6650487.493832825,-22.499999999999986,6225.5400390625,72928.48231088943,415
-6690337.5624674065,6650492.797133683,-14.999999999999996,6225.5400390625,72928.48231088943,415
-6690342.865768266,6650498.100434543,-7.49999999999999,6225.5400390625,72928.48231088943,415
-6690348.169069124,6650503.403735401,0.0,6225.8525390625,72928.48231088943,415
-6690353.472369983,6650508.70703626,7.500000000000007,6231.31103515625,72928.48231088943,415
-6690358.775670842,6650514.010337119,15.000000000000014,6231.31103515625,72928.48231088943,415
-6690364.078971701,6650519.3136379775,22.50000000000002,6231.31103515625,72928.48231088943,415
-6690369.38227256,6650524.616938837,30.00000000000003,6231.31103515625,72928.48231088943,415
-6690374.685573419,6650529.920239695,37.5,6231.31103515625,72928.48231088943,415
-6690379.988874278,6650535.223540555,45.00000000000001,6231.31103515625,72928.48231088943,415
-6690385.2921751365,6650540.526841413,52.500000000000014,6231.31103515625,72928.48231088943,415
-6690390.595475996,6650545.830142273,60.00000000000002,6231.31103515625,72928.48231088943,415
-6690395.898776854,6650551.133443131,67.50000000000003,6231.31103515625,72928.48231088943,415
-6690401.202077713,6650556.43674399,75.0,6231.31103515625,72928.48231088943,415
-6690406.505378572,6650561.740044849,82.5,6231.31103515625,72928.48231088943,415
-6690411.808679431,6650567.0433457075,90.00000000000001,6231.31103515625,72928.48231088943,415
-6690417.11198029,6650572.346646567,97.50000000000001,6231.31103515625,72928.48231088943,415
-6690422.415281149,6650577.649947425,105.00000000000003,6231.31103515625,72928.48231088943,415
-6690427.718582008,6650582.953248285,112.5,6231.31103515625,72928.48231088943,415
-6690433.0218828665,6650588.256549143,120.0,6231.31103515625,72928.48231088943,415
-6690438.325183726,6650593.559850003,127.50000000000001,6231.31103515625,72928.48231088943,415
-6690443.628484584,6650598.863150861,135.00000000000003,6231.31103515625,72928.48231088943,415
-6690448.931785444,6650604.1664517205,142.50000000000003,6231.31103515625,72928.48231088943,415
-6690454.235086302,6650609.469752579,150.0,6231.31103515625,72928.48231088943,415
-6689963.631149116,6650788.438673156,-150.0,6231.61669921875,73434.93010471505,415
-6689968.934449974,6650793.741974015,-142.5,6231.61669921875,73434.93010471505,415
-6689974.237750834,6650799.045274874,-135.0,6231.61669921875,73434.93010471505,415
-6689979.541051692,6650804.348575734,-127.5,6231.61669921875,73434.93010471505,415
-6689984.844352552,6650809.651876592,-120.0,6231.61669921875,73434.93010471505,415
-6689990.14765341,6650814.955177451,-112.5,6231.61669921875,73434.93010471505,415
-6689995.45095427,6650820.25847831,-105.0,6231.61669921875,73434.93010471505,415
-6690000.754255128,6650825.561779169,-97.49999999999999,6231.61669921875,73434.93010471505,415
-6690006.0575559875,6650830.865080028,-90.0,6232.3056640625,73434.93010471505,415
-6690011.360856846,6650836.168380886,-82.5,6232.3056640625,73434.93010471505,415
-6690016.664157705,6650841.471681746,-75.0,6232.3056640625,73434.93010471505,415
-6690021.967458564,6650846.774982605,-67.5,6227.7119140625,73434.93010471505,415
-6690027.270759422,6650852.078283464,-59.999999999999986,6227.7119140625,73434.93010471505,415
-6690032.574060282,6650857.381584322,-52.5,6227.7119140625,73434.93010471505,415
-6690037.87736114,6650862.6848851815,-44.99999999999999,6227.7119140625,73434.93010471505,415
-6690043.180662,6650867.988186041,-37.5,6227.7119140625,73434.93010471505,415
-6690048.483962858,6650873.291486899,-29.999999999999993,6227.7119140625,73434.93010471505,415
-6690053.7872637175,6650878.594787758,-22.499999999999986,6227.7119140625,73434.93010471505,415
-6690059.090564576,6650883.898088617,-14.999999999999996,6227.7119140625,73434.93010471505,415
-6690064.393865435,6650889.201389477,-7.49999999999999,6227.7119140625,73434.93010471505,415
-6690069.697166294,6650894.504690335,0.0,6227.7119140625,73434.93010471505,415
-6690075.000467152,6650899.807991194,7.500000000000007,6227.7119140625,73434.93010471505,415
-6690080.303768012,6650905.111292053,15.000000000000014,6227.7119140625,73434.93010471505,415
-6690085.60706887,6650910.414592912,22.50000000000002,6227.7119140625,73434.93010471505,415
-6690090.91036973,6650915.717893771,30.00000000000003,6227.7119140625,73434.93010471505,415
-6690096.213670588,6650921.021194629,37.5,6227.7119140625,73434.93010471505,415
-6690101.5169714475,6650926.324495489,45.00000000000001,6227.7119140625,73434.93010471505,415
-6690106.820272306,6650931.627796348,52.500000000000014,6227.7119140625,73434.93010471505,415
-6690112.123573165,6650936.931097207,60.00000000000002,6227.7119140625,73434.93010471505,415
-6690117.426874024,6650942.234398065,67.50000000000003,6227.7119140625,73434.93010471505,415
-6690122.730174882,6650947.537698925,75.0,6229.39794921875,73434.93010471505,415
-6690128.033475742,6650952.840999784,82.5,6229.39794921875,73434.93010471505,415
-6690133.3367766,6650958.144300642,90.00000000000001,6229.39794921875,73434.93010471505,415
-6690138.64007746,6650963.447601501,97.50000000000001,6227.20849609375,73434.93010471505,415
-6690143.943378318,6650968.75090236,105.00000000000003,6227.20849609375,73434.93010471505,415
-6690149.2466791775,6650974.05420322,112.5,6227.20849609375,73434.93010471505,415
-6690154.549980036,6650979.357504078,120.0,6227.20849609375,73434.93010471505,415
-6690159.853280895,6650984.660804937,127.50000000000001,6227.20849609375,73434.93010471505,415
-6690165.156581754,6650989.964105796,135.00000000000003,6227.20849609375,73434.93010471505,415
-6690170.459882613,6650995.2674066555,142.50000000000003,6227.20849609375,73434.93010471505,415
-6690175.763183472,6651000.570707514,150.0,6227.20849609375,73434.93010471505,415
-6690024.143752246,6651350.910714808,-150.0,6228.16015625,73941.37789854067,415
-6690031.643752246,6651350.910714808,-142.5,6228.16015625,73941.37789854067,415
-6690039.143752246,6651350.910714808,-135.0,6228.16015625,73941.37789854067,415
-6690046.643752246,6651350.910714808,-127.5,6228.16015625,73941.37789854067,415
-6690054.143752246,6651350.910714808,-120.0,6228.16015625,73941.37789854067,415
-6690061.643752246,6651350.910714808,-112.5,6228.16015625,73941.37789854067,415
-6690069.143752246,6651350.910714808,-105.0,6228.16015625,73941.37789854067,415
-6690076.643752246,6651350.910714808,-97.49999999999999,6228.16015625,73941.37789854067,415
-6690084.143752246,6651350.910714808,-90.0,6228.16015625,73941.37789854067,415
-6690091.643752246,6651350.910714808,-82.5,6228.16015625,73941.37789854067,415
-6690099.143752246,6651350.910714808,-75.0,6228.16015625,73941.37789854067,415
-6690106.643752246,6651350.910714808,-67.5,6228.16015625,73941.37789854067,415
-6690114.143752246,6651350.910714808,-59.999999999999986,6228.16015625,73941.37789854067,415
-6690121.643752246,6651350.910714808,-52.5,6225.89404296875,73941.37789854067,415
-6690129.143752246,6651350.910714808,-44.99999999999999,6225.89404296875,73941.37789854067,415
-6690136.643752246,6651350.910714808,-37.5,6225.89404296875,73941.37789854067,415
-6690144.143752246,6651350.910714808,-29.999999999999993,6225.89404296875,73941.37789854067,415
-6690151.643752246,6651350.910714808,-22.499999999999986,6225.89404296875,73941.37789854067,415
-6690159.143752246,6651350.910714808,-14.999999999999996,6225.89404296875,73941.37789854067,415
-6690166.643752246,6651350.910714808,-7.49999999999999,6225.89404296875,73941.37789854067,415
-6690174.143752246,6651350.910714808,0.0,6225.89404296875,73941.37789854067,415
-6690181.643752246,6651350.910714808,7.500000000000007,6225.89404296875,73941.37789854067,415
-6690189.143752246,6651350.910714808,15.000000000000014,6225.89404296875,73941.37789854067,415
-6690196.643752246,6651350.910714808,22.50000000000002,6225.89404296875,73941.37789854067,415
-6690204.143752246,6651350.910714808,30.00000000000003,6225.89404296875,73941.37789854067,415
-6690211.643752246,6651350.910714808,37.5,6225.89404296875,73941.37789854067,415
-6690219.143752246,6651350.910714808,45.00000000000001,6225.89404296875,73941.37789854067,415
-6690226.643752246,6651350.910714808,52.500000000000014,6225.89404296875,73941.37789854067,415
-6690234.143752246,6651350.910714808,60.00000000000002,6227.76904296875,73941.37789854067,415
-6690241.643752246,6651350.910714808,67.50000000000003,6227.76904296875,73941.37789854067,415
-6690249.143752246,6651350.910714808,75.0,6227.76904296875,73941.37789854067,415
-6690256.643752246,6651350.910714808,82.5,6227.76904296875,73941.37789854067,415
-6690264.143752246,6651350.910714808,90.00000000000001,6227.76904296875,73941.37789854067,415
-6690271.643752246,6651350.910714808,97.50000000000001,6227.76904296875,73941.37789854067,415
-6690279.143752246,6651350.910714808,105.00000000000003,6227.76904296875,73941.37789854067,415
-6690286.643752246,6651350.910714808,112.5,6227.76904296875,73941.37789854067,415
-6690294.143752246,6651350.910714808,120.0,6227.76904296875,73941.37789854067,415
-6690301.643752246,6651350.910714808,127.50000000000001,6227.76904296875,73941.37789854067,415
-6690309.143752246,6651350.910714808,135.00000000000003,6227.76904296875,73941.37789854067,415
-6690316.643752246,6651350.910714808,142.50000000000003,6227.76904296875,73941.37789854067,415
-6690324.143752246,6651350.910714808,150.0,6227.76904296875,73941.37789854067,415
-6690519.017362972,6651728.461469113,-150.0,6225.6396484375,74447.82569236628,415
-6690519.017362972,6651720.961469113,-142.5,6225.6396484375,74447.82569236628,415
-6690519.017362972,6651713.461469113,-135.0,6225.6396484375,74447.82569236628,415
-6690519.017362972,6651705.961469113,-127.5,6225.6396484375,74447.82569236628,415
-6690519.017362972,6651698.461469113,-120.0,6225.6396484375,74447.82569236628,415
-6690519.017362972,6651690.961469113,-112.5,6225.6396484375,74447.82569236628,415
-6690519.017362972,6651683.461469113,-105.0,6225.6396484375,74447.82569236628,415
-6690519.017362972,6651675.961469113,-97.49999999999999,6225.6396484375,74447.82569236628,415
-6690519.017362972,6651668.461469113,-90.0,6225.6396484375,74447.82569236628,415
-6690519.017362972,6651660.961469113,-82.5,6225.6396484375,74447.82569236628,415
-6690519.017362972,6651653.461469113,-75.0,6225.6396484375,74447.82569236628,415
-6690519.017362972,6651645.961469113,-67.5,6225.6396484375,74447.82569236628,415
-6690519.017362972,6651638.461469113,-59.999999999999986,6225.6396484375,74447.82569236628,415
-6690519.017362972,6651630.961469113,-52.5,6225.583984375,74447.82569236628,415
-6690519.017362972,6651623.461469113,-44.99999999999999,6225.583984375,74447.82569236628,415
-6690519.017362972,6651615.961469113,-37.5,6225.583984375,74447.82569236628,415
-6690519.017362972,6651608.461469113,-29.999999999999993,6225.583984375,74447.82569236628,415
-6690519.017362972,6651600.961469113,-22.499999999999986,6225.583984375,74447.82569236628,415
-6690519.017362972,6651593.461469113,-14.999999999999996,6225.583984375,74447.82569236628,415
-6690519.017362972,6651585.961469113,-7.49999999999999,6225.583984375,74447.82569236628,415
-6690519.017362972,6651578.461469113,0.0,6225.583984375,74447.82569236628,415
-6690519.017362972,6651570.961469113,7.500000000000007,6225.583984375,74447.82569236628,415
-6690519.017362972,6651563.461469113,15.000000000000014,6225.583984375,74447.82569236628,415
-6690519.017362972,6651555.961469113,22.50000000000002,6225.583984375,74447.82569236628,415
-6690519.017362972,6651548.461469113,30.00000000000003,6225.583984375,74447.82569236628,415
-6690519.017362972,6651540.961469113,37.5,6225.583984375,74447.82569236628,415
-6690519.017362972,6651533.461469113,45.00000000000001,6225.583984375,74447.82569236628,415
-6690519.017362972,6651525.961469113,52.500000000000014,6225.583984375,74447.82569236628,415
-6690519.017362972,6651518.461469113,60.00000000000002,6227.02001953125,74447.82569236628,415
-6690519.017362972,6651510.961469113,67.50000000000003,6227.02001953125,74447.82569236628,415
-6690519.017362972,6651503.461469113,75.0,6227.02001953125,74447.82569236628,415
-6690519.017362972,6651495.961469113,82.5,6227.02001953125,74447.82569236628,415
-6690519.017362972,6651488.461469113,90.00000000000001,6227.02001953125,74447.82569236628,415
-6690519.017362972,6651480.961469113,97.50000000000001,6227.02001953125,74447.82569236628,415
-6690519.017362972,6651473.461469113,105.00000000000003,6227.02001953125,74447.82569236628,415
-6690519.017362972,6651465.961469113,112.5,6227.02001953125,74447.82569236628,415
-6690519.017362972,6651458.461469113,120.0,6227.02001953125,74447.82569236628,415
-6690519.017362972,6651450.961469113,127.50000000000001,6227.02001953125,74447.82569236628,415
-6690519.017362972,6651443.461469113,135.00000000000003,6227.02001953125,74447.82569236628,415
-6690519.017362972,6651435.961469113,142.50000000000003,6227.02001953125,74447.82569236628,415
-6690519.017362972,6651428.461469113,150.0,6227.02001953125,74447.82569236628,415
-6690642.724482603,6652033.916129618,-150.0,6225.5576171875,74954.27348619192,415
-6690648.027783462,6652028.6128287595,-142.5,6225.5576171875,74954.27348619192,415
-6690653.331084321,6652023.3095279,-135.0,6225.5576171875,74954.27348619192,415
-6690658.63438518,6652018.006227042,-127.5,6225.5576171875,74954.27348619192,415
-6690663.937686039,6652012.702926182,-120.0,6225.5576171875,74954.27348619192,415
-6690669.240986898,6652007.399625324,-112.5,6225.5576171875,74954.27348619192,415
-6690674.544287757,6652002.096324464,-105.0,6225.5576171875,74954.27348619192,415
-6690679.8475886155,6651996.793023606,-97.49999999999999,6225.5576171875,74954.27348619192,415
-6690685.150889475,6651991.489722746,-90.0,6225.5576171875,74954.27348619192,415
-6690690.454190333,6651986.186421888,-82.5,6225.5576171875,74954.27348619192,415
-6690695.757491192,6651980.883121029,-75.0,6225.5576171875,74954.27348619192,415
-6690701.060792051,6651975.57982017,-67.5,6225.5576171875,74954.27348619192,415
-6690706.36409291,6651970.276519312,-59.999999999999986,6225.5576171875,74954.27348619192,415
-6690711.667393769,6651964.973218452,-52.5,6225.5576171875,74954.27348619192,415
-6690716.970694628,6651959.669917594,-44.99999999999999,6225.5576171875,74954.27348619192,415
-6690722.273995487,6651954.366616734,-37.5,6225.5576171875,74954.27348619192,415
-6690727.5772963455,6651949.063315876,-29.999999999999993,6225.5576171875,74954.27348619192,415
-6690732.880597205,6651943.760015016,-22.499999999999986,6225.5576171875,74954.27348619192,415
-6690738.183898063,6651938.456714158,-14.999999999999996,6225.5576171875,74954.27348619192,415
-6690743.487198923,6651933.153413299,-7.49999999999999,6225.5576171875,74954.27348619192,415
-6690748.790499781,6651927.85011244,0.0,6225.5576171875,74954.27348619192,415
-6690754.09380064,6651922.546811582,7.500000000000007,6225.5576171875,74954.27348619192,415
-6690759.397101499,6651917.243510722,15.000000000000014,6225.5576171875,74954.27348619192,415
-6690764.700402358,6651911.940209864,22.50000000000002,6225.5576171875,74954.27348619192,415
-6690770.003703217,6651906.636909004,30.00000000000003,6225.5576171875,74954.27348619192,415
-6690775.3070040755,6651901.333608146,37.5,6225.5576171875,74954.27348619192,415
-6690780.610304935,6651896.030307286,45.00000000000001,6225.5576171875,74954.27348619192,415
-6690785.913605793,6651890.727006428,52.500000000000014,6225.5576171875,74954.27348619192,415
-6690791.216906653,6651885.423705569,60.00000000000002,6225.5576171875,74954.27348619192,415
-6690796.520207511,6651880.12040471,67.50000000000003,6225.5576171875,74954.27348619192,415
-6690801.823508371,6651874.817103852,75.0,6225.5576171875,74954.27348619192,415
-6690807.126809229,6651869.513802992,82.5,6225.5576171875,74954.27348619192,415
-6690812.430110088,6651864.210502134,90.00000000000001,6225.5576171875,74954.27348619192,415
-6690817.733410947,6651858.907201274,97.50000000000001,6225.64501953125,74954.27348619192,415
-6690823.0367118055,6651853.603900416,105.00000000000003,6225.64501953125,74954.27348619192,415
-6690828.340012665,6651848.300599556,112.5,6225.64501953125,74954.27348619192,415
-6690833.643313523,6651842.997298698,120.0,6225.64501953125,74954.27348619192,415
-6690838.946614383,6651837.693997839,127.50000000000001,6225.64501953125,74954.27348619192,415
-6690844.249915241,6651832.39069698,135.00000000000003,6225.64501953125,74954.27348619192,415
-6690849.553216101,6651827.087396121,142.50000000000003,6225.64501953125,74954.27348619192,415
-6690854.856516959,6651821.784095262,150.0,6225.64501953125,74954.27348619192,415
-6691000.837151934,6652392.028798949,-150.0,6225.5576171875,75460.72128001753,415
-6691006.140452793,6652386.7254980905,-142.5,6225.5576171875,75460.72128001753,415
-6691011.443753652,6652381.422197231,-135.0,6225.5576171875,75460.72128001753,415
-6691016.747054511,6652376.118896373,-127.5,6225.5576171875,75460.72128001753,415
-6691022.05035537,6652370.815595513,-120.0,6225.5576171875,75460.72128001753,415
-6691027.353656229,6652365.512294655,-112.5,6225.5576171875,75460.72128001753,415
-6691032.656957088,6652360.208993795,-105.0,6225.5576171875,75460.72128001753,415
-6691037.9602579465,6652354.905692937,-97.49999999999999,6225.5576171875,75460.72128001753,415
-6691043.263558806,6652349.602392077,-90.0,6225.5576171875,75460.72128001753,415
-6691048.566859664,6652344.299091219,-82.5,6225.5576171875,75460.72128001753,415
-6691053.870160524,6652338.9957903605,-75.0,6225.5576171875,75460.72128001753,415
-6691059.173461382,6652333.692489501,-67.5,6225.5576171875,75460.72128001753,415
-6691064.476762241,6652328.389188643,-59.999999999999986,6225.5576171875,75460.72128001753,415
-6691069.7800631,6652323.085887783,-52.5,6225.5576171875,75460.72128001753,415
-6691075.083363959,6652317.782586925,-44.99999999999999,6225.5576171875,75460.72128001753,415
-6691080.386664818,6652312.479286065,-37.5,6225.5576171875,75460.72128001753,415
-6691085.6899656765,6652307.175985207,-29.999999999999993,6225.5576171875,75460.72128001753,415
-6691090.993266536,6652301.872684347,-22.499999999999986,6225.5576171875,75460.72128001753,415
-6691096.296567394,6652296.569383489,-14.999999999999996,6225.5576171875,75460.72128001753,415
-6691101.599868254,6652291.26608263,-7.49999999999999,6225.5576171875,75460.72128001753,415
-6691106.903169112,6652285.962781771,0.0,6225.5576171875,75460.72128001753,415
-6691112.206469971,6652280.659480913,7.500000000000007,6225.5576171875,75460.72128001753,415
-6691117.50977083,6652275.356180053,15.000000000000014,6225.5576171875,75460.72128001753,415
-6691122.813071689,6652270.052879195,22.50000000000002,6225.5576171875,75460.72128001753,415
-6691128.116372548,6652264.749578335,30.00000000000003,6225.5576171875,75460.72128001753,415
-6691133.4196734065,6652259.446277477,37.5,6225.5576171875,75460.72128001753,415
-6691138.722974266,6652254.142976617,45.00000000000001,6225.5576171875,75460.72128001753,415
-6691144.026275124,6652248.839675759,52.500000000000014,6225.5576171875,75460.72128001753,415
-6691149.329575984,6652243.5363749,60.00000000000002,6225.5576171875,75460.72128001753,415
-6691154.632876842,6652238.233074041,67.50000000000003,6225.5576171875,75460.72128001753,415
-6691159.936177701,6652232.929773182,75.0,6225.5576171875,75460.72128001753,415
-6691165.23947856,6652227.626472323,82.5,6225.5576171875,75460.72128001753,415
-6691170.542779419,6652222.323171465,90.00000000000001,6225.5576171875,75460.72128001753,415
-6691175.846080278,6652217.019870605,97.50000000000001,6225.5576171875,75460.72128001753,415
-6691181.1493811365,6652211.716569747,105.00000000000003,6225.5576171875,75460.72128001753,415
-6691186.452681996,6652206.413268887,112.5,6225.5576171875,75460.72128001753,415
-6691191.755982854,6652201.109968029,120.0,6225.5576171875,75460.72128001753,415
-6691197.059283714,6652195.80666717,127.50000000000001,6225.5576171875,75460.72128001753,415
-6691202.362584572,6652190.503366311,135.00000000000003,6225.5576171875,75460.72128001753,415
-6691207.665885432,6652185.200065452,142.50000000000003,6225.5576171875,75460.72128001753,415
-6691212.96918629,6652179.896764593,150.0,6225.5576171875,75460.72128001753,415
-6691358.949821265,6652750.14146828,-150.0,6225.5576171875,75967.16907384315,415
-6691364.253122124,6652744.8381674215,-142.5,6225.5576171875,75967.16907384315,415
-6691369.556422983,6652739.534866562,-135.0,6225.5576171875,75967.16907384315,415
-6691374.859723842,6652734.231565704,-127.5,6225.5576171875,75967.16907384315,415
-6691380.163024701,6652728.928264844,-120.0,6225.5576171875,75967.16907384315,415
-6691385.46632556,6652723.624963986,-112.5,6225.5576171875,75967.16907384315,415
-6691390.769626419,6652718.321663126,-105.0,6225.5576171875,75967.16907384315,415
-6691396.072927278,6652713.018362268,-97.49999999999999,6225.5576171875,75967.16907384315,415
-6691401.376228137,6652707.7150614085,-90.0,6225.5576171875,75967.16907384315,415
-6691406.679528995,6652702.41176055,-82.5,6225.5576171875,75967.16907384315,415
-6691411.982829854,6652697.108459691,-75.0,6225.5576171875,75967.16907384315,415
-6691417.286130713,6652691.805158832,-67.5,6225.5576171875,75967.16907384315,415
-6691422.589431572,6652686.501857974,-59.999999999999986,6225.5576171875,75967.16907384315,415
-6691427.892732431,6652681.198557114,-52.5,6225.5576171875,75967.16907384315,415
-6691433.19603329,6652675.895256256,-44.99999999999999,6225.5576171875,75967.16907384315,415
-6691438.499334149,6652670.591955396,-37.5,6225.5576171875,75967.16907384315,415
-6691443.802635008,6652665.288654538,-29.999999999999993,6225.5576171875,75967.16907384315,415
-6691449.105935867,6652659.985353678,-22.499999999999986,6225.5576171875,75967.16907384315,415
-6691454.409236725,6652654.68205282,-14.999999999999996,6225.5576171875,75967.16907384315,415
-6691459.712537585,6652649.378751961,-7.49999999999999,6225.5576171875,75967.16907384315,415
-6691465.015838443,6652644.075451102,0.0,6225.5576171875,75967.16907384315,415
-6691470.319139302,6652638.772150244,7.500000000000007,6225.5576171875,75967.16907384315,415
-6691475.622440161,6652633.468849384,15.000000000000014,6225.5576171875,75967.16907384315,415
-6691480.92574102,6652628.165548526,22.50000000000002,6225.5576171875,75967.16907384315,415
-6691486.229041879,6652622.862247666,30.00000000000003,6225.5576171875,75967.16907384315,415
-6691491.532342738,6652617.558946808,37.5,6225.5576171875,75967.16907384315,415
-6691496.835643597,6652612.255645948,45.00000000000001,6225.5576171875,75967.16907384315,415
-6691502.138944455,6652606.95234509,52.500000000000014,6225.5576171875,75967.16907384315,415
-6691507.442245315,6652601.649044231,60.00000000000002,6225.5576171875,75967.16907384315,415
-6691512.745546173,6652596.345743372,67.50000000000003,6225.5576171875,75967.16907384315,415
-6691518.048847033,6652591.042442514,75.0,6225.5576171875,75967.16907384315,415
-6691523.352147891,6652585.739141654,82.5,6225.5576171875,75967.16907384315,415
-6691528.65544875,6652580.435840796,90.00000000000001,6225.5576171875,75967.16907384315,415
-6691533.958749609,6652575.132539936,97.50000000000001,6225.5576171875,75967.16907384315,415
-6691539.262050468,6652569.829239078,105.00000000000003,6225.5576171875,75967.16907384315,415
-6691544.565351327,6652564.525938218,112.5,6225.5576171875,75967.16907384315,415
-6691549.868652185,6652559.22263736,120.0,6225.5576171875,75967.16907384315,415
-6691555.171953045,6652553.919336501,127.50000000000001,6225.5576171875,75967.16907384315,415
-6691560.475253903,6652548.616035642,135.00000000000003,6225.5576171875,75967.16907384315,415
-6691565.778554763,6652543.312734783,142.50000000000003,6225.5576171875,75967.16907384315,415
-6691571.081855621,6652538.009433924,150.0,6225.5576171875,75967.16907384315,415
-6691717.062490596,6653108.254137611,-150.0,6225.5576171875,76473.61686766878,415
-6691722.365791455,6653102.950836753,-142.5,6225.5576171875,76473.61686766878,415
-6691727.669092314,6653097.647535893,-135.0,6225.5576171875,76473.61686766878,415
-6691732.972393173,6653092.344235035,-127.5,6225.5576171875,76473.61686766878,415
-6691738.275694032,6653087.040934175,-120.0,6225.5576171875,76473.61686766878,415
-6691743.578994891,6653081.737633317,-112.5,6225.5576171875,76473.61686766878,415
-6691748.88229575,6653076.434332457,-105.0,6225.5576171875,76473.61686766878,415
-6691754.185596609,6653071.131031599,-97.49999999999999,6225.5576171875,76473.61686766878,415
-6691759.488897468,6653065.8277307395,-90.0,6225.5576171875,76473.61686766878,415
-6691764.792198326,6653060.524429881,-82.5,6225.5576171875,76473.61686766878,415
-6691770.095499186,6653055.221129023,-75.0,6225.5576171875,76473.61686766878,415
-6691775.398800044,6653049.917828163,-67.5,6225.5576171875,76473.61686766878,415
-6691780.702100903,6653044.614527305,-59.999999999999986,6225.5576171875,76473.61686766878,415
-6691786.005401762,6653039.311226445,-52.5,6225.5576171875,76473.61686766878,415
-6691791.308702621,6653034.007925587,-44.99999999999999,6225.5576171875,76473.61686766878,415
-6691796.61200348,6653028.704624727,-37.5,6225.5576171875,76473.61686766878,415
-6691801.915304339,6653023.401323869,-29.999999999999993,6225.5576171875,76473.61686766878,415
-6691807.218605198,6653018.0980230095,-22.499999999999986,6225.5576171875,76473.61686766878,415
-6691812.521906056,6653012.794722151,-14.999999999999996,6225.5576171875,76473.61686766878,415
-6691817.825206916,6653007.491421292,-7.49999999999999,6225.5576171875,76473.61686766878,415
-6691823.128507774,6653002.188120433,0.0,6225.5576171875,76473.61686766878,415
-6691828.431808633,6652996.884819575,7.500000000000007,6225.5576171875,76473.61686766878,415
-6691833.735109492,6652991.581518715,15.000000000000014,6225.5576171875,76473.61686766878,415
-6691839.038410351,6652986.278217857,22.50000000000002,6225.5576171875,76473.61686766878,415
-6691844.34171121,6652980.974916997,30.00000000000003,6225.5576171875,76473.61686766878,415
-6691849.645012069,6652975.671616139,37.5,6225.5576171875,76473.61686766878,415
-6691854.948312928,6652970.3683152795,45.00000000000001,6225.5576171875,76473.61686766878,415
-6691860.251613786,6652965.065014421,52.500000000000014,6225.5576171875,76473.61686766878,415
-6691865.554914646,6652959.761713562,60.00000000000002,6225.5576171875,76473.61686766878,415
-6691870.858215504,6652954.458412703,67.50000000000003,6225.5576171875,76473.61686766878,415
-6691876.161516363,6652949.155111844,75.0,6225.5576171875,76473.61686766878,415
-6691881.464817222,6652943.851810985,82.5,6225.5576171875,76473.61686766878,415
-6691886.768118081,6652938.548510127,90.00000000000001,6225.5576171875,76473.61686766878,415
-6691892.07141894,6652933.245209267,97.50000000000001,6225.5576171875,76473.61686766878,415
-6691897.374719799,6652927.941908409,105.00000000000003,6225.5576171875,76473.61686766878,415
-6691902.678020658,6652922.6386075495,112.5,6225.5576171875,76473.61686766878,415
-6691907.981321516,6652917.335306691,120.0,6225.5576171875,76473.61686766878,415
-6691913.284622376,6652912.032005832,127.50000000000001,6225.5576171875,76473.61686766878,415
-6691918.587923234,6652906.728704973,135.00000000000003,6225.5576171875,76473.61686766878,415
-6691923.891224094,6652901.425404114,142.50000000000003,6225.5576171875,76473.61686766878,415
-6691929.194524952,6652896.122103255,150.0,6225.5576171875,76473.61686766878,415
-6692075.175159927,6653466.366806942,-150.0,6225.5576171875,76980.0646614944,415
-6692080.478460786,6653461.063506084,-142.5,6225.5576171875,76980.0646614944,415
-6692085.781761645,6653455.760205224,-135.0,6225.5576171875,76980.0646614944,415
-6692091.085062504,6653450.456904366,-127.5,6225.5576171875,76980.0646614944,415
-6692096.388363363,6653445.153603506,-120.0,6225.5576171875,76980.0646614944,415
-6692101.691664222,6653439.850302648,-112.5,6225.5576171875,76980.0646614944,415
-6692106.994965081,6653434.547001788,-105.0,6225.5576171875,76980.0646614944,415
-6692112.29826594,6653429.24370093,-97.49999999999999,6225.5576171875,76980.0646614944,415
-6692117.601566799,6653423.9404000705,-90.0,6225.5576171875,76980.0646614944,415
-6692122.904867657,6653418.637099212,-82.5,6225.5576171875,76980.0646614944,415
-6692128.208168516,6653413.333798353,-75.0,6225.5576171875,76980.0646614944,415
-6692133.511469375,6653408.030497494,-67.5,6225.5576171875,76980.0646614944,415
-6692138.814770234,6653402.727196636,-59.999999999999986,6225.5576171875,76980.0646614944,415
-6692144.118071093,6653397.423895776,-52.5,6225.5576171875,76980.0646614944,415
-6692149.421371952,6653392.120594918,-44.99999999999999,6225.5576171875,76980.0646614944,415
-6692154.724672811,6653386.817294058,-37.5,6225.5576171875,76980.0646614944,415
-6692160.02797367,6653381.5139932,-29.999999999999993,6225.5576171875,76980.0646614944,415
-6692165.331274529,6653376.2106923405,-22.499999999999986,6225.5576171875,76980.0646614944,415
-6692170.634575387,6653370.907391482,-14.999999999999996,6225.5576171875,76980.0646614944,415
-6692175.937876247,6653365.604090623,-7.49999999999999,6225.5576171875,76980.0646614944,415
-6692181.241177105,6653360.300789764,0.0,6225.5576171875,76980.0646614944,415
-6692186.544477964,6653354.997488906,7.500000000000007,6225.5576171875,76980.0646614944,415
-6692191.847778823,6653349.694188046,15.000000000000014,6225.5576171875,76980.0646614944,415
-6692197.151079682,6653344.390887188,22.50000000000002,6225.5576171875,76980.0646614944,415
-6692202.454380541,6653339.087586328,30.00000000000003,6225.5576171875,76980.0646614944,415
-6692207.7576814,6653333.78428547,37.5,6225.5576171875,76980.0646614944,415
-6692213.060982259,6653328.4809846105,45.00000000000001,6225.5576171875,76980.0646614944,415
-6692218.3642831175,6653323.177683752,52.500000000000014,6225.5576171875,76980.0646614944,415
-6692223.667583977,6653317.874382893,60.00000000000002,6225.5576171875,76980.0646614944,415
-6692228.970884835,6653312.571082034,67.50000000000003,6225.5576171875,76980.0646614944,415
-6692234.274185695,6653307.267781176,75.0,6225.5576171875,76980.0646614944,415
-6692239.577486553,6653301.964480316,82.5,6225.5576171875,76980.0646614944,415
-6692244.880787412,6653296.661179458,90.00000000000001,6225.5576171875,76980.0646614944,415
-6692250.184088271,6653291.357878598,97.50000000000001,6225.5576171875,76980.0646614944,415
-6692255.48738913,6653286.05457774,105.00000000000003,6225.5576171875,76980.0646614944,415
-6692260.790689989,6653280.7512768805,112.5,6225.5576171875,76980.0646614944,415
-6692266.0939908475,6653275.447976022,120.0,6225.5576171875,76980.0646614944,415
-6692271.397291707,6653270.144675163,127.50000000000001,6225.5576171875,76980.0646614944,415
-6692276.700592565,6653264.841374304,135.00000000000003,6225.5576171875,76980.0646614944,415
-6692282.003893425,6653259.538073445,142.50000000000003,6225.5576171875,76980.0646614944,415
-6692287.307194283,6653254.234772586,150.0,6225.5576171875,76980.0646614944,415
-6692433.2878292585,6653824.479476273,-150.0,6225.5576171875,77486.51245532001,415
-6692438.591130117,6653819.176175415,-142.5,6225.5576171875,77486.51245532001,415
-6692443.894430976,6653813.872874555,-135.0,6225.5576171875,77486.51245532001,415
-6692449.197731835,6653808.569573697,-127.5,6225.5576171875,77486.51245532001,415
-6692454.501032694,6653803.266272837,-120.0,6225.5576171875,77486.51245532001,415
-6692459.804333553,6653797.962971979,-112.5,6225.5576171875,77486.51245532001,415
-6692465.107634412,6653792.659671119,-105.0,6225.5576171875,77486.51245532001,415
-6692470.410935271,6653787.356370261,-97.49999999999999,6225.5576171875,77486.51245532001,415
-6692475.71423613,6653782.0530694015,-90.0,6225.5576171875,77486.51245532001,415
-6692481.0175369885,6653776.749768543,-82.5,6225.5576171875,77486.51245532001,415
-6692486.320837848,6653771.446467685,-75.0,6225.5576171875,77486.51245532001,415
-6692491.624138706,6653766.143166825,-67.5,6225.5576171875,77486.51245532001,415
-6692496.927439565,6653760.839865967,-59.999999999999986,6225.5576171875,77486.51245532001,415
-6692502.230740424,6653755.536565107,-52.5,6225.5576171875,77486.51245532001,415
-6692507.534041283,6653750.233264249,-44.99999999999999,6225.5576171875,77486.51245532001,415
-6692512.837342142,6653744.929963389,-37.5,6225.5576171875,77486.51245532001,415
-6692518.140643001,6653739.626662531,-29.999999999999993,6225.5576171875,77486.51245532001,415
-6692523.44394386,6653734.3233616715,-22.499999999999986,6225.5576171875,77486.51245532001,415
-6692528.7472447185,6653729.020060813,-14.999999999999996,6225.5576171875,77486.51245532001,415
-6692534.050545578,6653723.716759954,-7.49999999999999,6225.5576171875,77486.51245532001,415
-6692539.353846436,6653718.413459095,0.0,6225.5576171875,77486.51245532001,415
-6692544.657147295,6653713.110158237,7.500000000000007,6225.5576171875,77486.51245532001,415
-6692549.960448154,6653707.806857377,15.000000000000014,6225.5576171875,77486.51245532001,415
-6692555.263749013,6653702.503556519,22.50000000000002,6225.5576171875,77486.51245532001,415
-6692560.567049872,6653697.200255659,30.00000000000003,6225.5576171875,77486.51245532001,415
-6692565.870350731,6653691.896954801,37.5,6225.5576171875,77486.51245532001,415
-6692571.17365159,6653686.5936539415,45.00000000000001,6225.5576171875,77486.51245532001,415
-6692576.4769524485,6653681.290353083,52.500000000000014,6225.5576171875,77486.51245532001,415
-6692581.780253308,6653675.987052224,60.00000000000002,6225.5576171875,77486.51245532001,415
-6692587.083554166,6653670.683751365,67.50000000000003,6225.5576171875,77486.51245532001,415
-6692592.386855025,6653665.380450506,75.0,6225.5576171875,77486.51245532001,415
-6692597.690155884,6653660.077149647,82.5,6225.5576171875,77486.51245532001,415
-6692602.993456743,6653654.773848789,90.00000000000001,6225.5576171875,77486.51245532001,415
-6692608.296757602,6653649.470547929,97.50000000000001,6225.5576171875,77486.51245532001,415
-6692613.600058461,6653644.167247071,105.00000000000003,6225.5576171875,77486.51245532001,415
-6692618.90335932,6653638.8639462115,112.5,6225.5576171875,77486.51245532001,415
-6692624.2066601785,6653633.560645353,120.0,6225.5576171875,77486.51245532001,415
-6692629.509961038,6653628.257344494,127.50000000000001,6225.5576171875,77486.51245532001,415
-6692634.813261896,6653622.954043635,135.00000000000003,6225.5576171875,77486.51245532001,415
-6692640.116562756,6653617.650742776,142.50000000000003,6225.5576171875,77486.51245532001,415
-6692645.419863614,6653612.347441917,150.0,6225.5576171875,77486.51245532001,415
