x,y,distance_from_center_m,elevation_m,station_m,segment_id
-6709652.4067313615,6602929.273994987,-150.0,7278.33349609375,0.0,307
-6709647.103430503,6602934.577295845,-142.5,7278.33349609375,0.0,307
-6709641.800129644,6602939.880596705,-135.0,7278.33349609375,0.0,307
-6709636.496828785,6602945.183897563,-127.5,7278.33349609375,0.0,307
-6709631.193527926,6602950.487198423,-120.0,7278.33349609375,0.0,307
-6709625.890227067,6602955.790499281,-112.5,7278.33349609375,0.0,307
-6709620.586926208,6602961.093800141,-105.0,7278.33349609375,0.0,307
-6709615.283625349,6602966.397100999,-97.49999999999999,7278.33349609375,0.0,307
-6709609.98032449,6602971.700401858,-90.0,7278.33349609375,0.0,307
-6709604.6770236315,6602977.003702717,-82.5,7278.33349609375,0.0,307
-6709599.373722773,6602982.307003576,-75.0,7220.52783203125,0.0,307
-6709594.070421914,6602987.610304435,-67.5,7220.52783203125,0.0,307
-6709588.767121055,6602992.913605293,-59.999999999999986,7220.52783203125,0.0,307
-6709583.463820196,6602998.216906153,-52.5,7220.52783203125,0.0,307
-6709578.160519337,6603003.520207011,-44.99999999999999,7220.52783203125,0.0,307
-6709572.857218478,6603008.823507871,-37.5,7220.52783203125,0.0,307
-6709567.553917619,6603014.126808729,-29.999999999999993,7220.52783203125,0.0,307
-6709562.25061676,6603019.430109588,-22.499999999999986,7220.52783203125,0.0,307
-6709556.9473159015,6603024.733410447,-14.999999999999996,7220.52783203125,0.0,307
-6709551.644015042,6603030.036711306,-7.49999999999999,7220.52783203125,0.0,307
-6709546.340714184,6603035.340012165,0.0,7220.52783203125,0.0,307
-6709541.037413325,6603040.643313023,7.500000000000007,7220.52783203125,0.0,307
-6709535.734112466,6603045.946613883,15.000000000000014,7220.52783203125,0.0,307
-6709530.430811607,6603051.249914741,22.50000000000002,7220.52783203125,0.0,307
-6709525.127510748,6603056.553215601,30.00000000000003,7220.52783203125,0.0,307
-6709519.824209889,6603061.856516459,37.5,7220.52783203125,0.0,307
-6709514.52090903,6603067.159817318,45.00000000000001,7220.52783203125,0.0,307
-6709509.2176081715,6603072.463118177,52.500000000000014,7220.52783203125,0.0,307
-6709503.914307312,6603077.766419036,60.00000000000002,7220.52783203125,0.0,307
-6709498.611006454,6603083.069719895,67.50000000000003,7220.52783203125,0.0,307
-6709493.307705594,6603088.373020753,75.0,7220.52783203125,0.0,307
-6709488.004404736,6603093.676321613,82.5,7230.8134765625,0.0,307
-6709482.701103877,6603098.979622471,90.00000000000001,7230.8134765625,0.0,307
-6709477.397803018,6603104.282923331,97.50000000000001,7230.8134765625,0.0,307
-6709472.094502159,6603109.586224189,105.00000000000003,7230.8134765625,0.0,307
-6709466.7912013,6603114.889525048,112.5,7230.8134765625,0.0,307
-6709461.4879004415,6603120.192825907,120.0,7230.8134765625,0.0,307
-6709456.184599582,6603125.496126766,127.50000000000001,7230.8134765625,0.0,307
-6709450.881298724,6603130.799427625,135.00000000000003,7230.8134765625,0.0,307
-6709445.577997864,6603136.102728484,142.50000000000003,7230.8134765625,0.0,307
-6709440.274697006,6603141.406029343,150.0,7230.8134765625,0.0,307
-6709261.651320575,6602651.147636305,-150.0,7075.77490234375,505.9591206066908,307
-6709256.348019715,6602656.450937163,-142.5,7075.77490234375,505.9591206066908,307
-6709251.044718857,6602661.7542380225,-135.0,7075.77490234375,505.9591206066908,307
-6709245.741417998,6602667.057538881,-127.5,7075.77490234375,505.9591206066908,307
-6709240.438117139,6602672.36083974,-120.0,7075.77490234375,505.9591206066908,307
-6709235.13481628,6602677.664140599,-112.5,7075.77490234375,505.9591206066908,307
-6709229.831515421,6602682.967441458,-105.0,7075.77490234375,505.9591206066908,307
-6709224.528214563,6602688.270742317,-97.49999999999999,7075.77490234375,505.9591206066908,307
-6709219.224913703,6602693.574043176,-90.0,7075.77490234375,505.9591206066908,307
-6709213.921612844,6602698.877344035,-82.5,7075.77490234375,505.9591206066908,307
-6709208.618311985,6602704.180644894,-75.0,7075.77490234375,505.9591206066908,307
-6709203.315011127,6602709.4839457525,-67.5,7075.77490234375,505.9591206066908,307
-6709198.0117102675,6602714.787246611,-59.999999999999986,7075.77490234375,505.9591206066908,307
-6709192.708409408,6602720.09054747,-52.5,7075.77490234375,505.9591206066908,307
-6709187.40510855,6602725.393848329,-44.99999999999999,7075.77490234375,505.9591206066908,307
-6709182.101807691,6602730.697149188,-37.5,7075.77490234375,505.9591206066908,307
-6709176.798506832,6602736.000450047,-29.999999999999993,7075.77490234375,505.9591206066908,307
-6709171.495205972,6602741.303750906,-22.499999999999986,7075.77490234375,505.9591206066908,307
-6709166.191905114,6602746.607051765,-14.999999999999996,7075.77490234375,505.9591206066908,307
-6709160.888604255,6602751.910352624,-7.49999999999999,7075.77490234375,505.9591206066908,307
-6709155.585303396,6602757.2136534825,0.0,7086.14013671875,505.9591206066908,307
-6709150.282002537,6602762.516954341,7.500000000000007,7013.47900390625,505.9591206066908,307
-6709144.978701678,6602767.8202552,15.000000000000014,7013.47900390625,505.9591206066908,307
-6709139.67540082,6602773.123556059,22.50000000000002,7013.47900390625,505.9591206066908,307
-6709134.37209996,6602778.426856918,30.00000000000003,7013.47900390625,505.9591206066908,307
-6709129.068799101,6602783.730157777,37.5,7013.47900390625,505.9591206066908,307
-6709123.765498242,6602789.033458636,45.00000000000001,7013.47900390625,505.9591206066908,307
-6709118.462197384,6602794.336759495,52.500000000000014,7013.47900390625,505.9591206066908,307
-6709113.158896524,6602799.640060354,60.00000000000002,7013.47900390625,505.9591206066908,307
-6709107.855595665,6602804.9433612125,67.50000000000003,7013.47900390625,505.9591206066908,307
-6709102.552294807,6602810.246662071,75.0,7013.47900390625,505.9591206066908,307
-6709097.248993948,6602815.54996293,82.5,7013.47900390625,505.9591206066908,307
-6709091.945693089,6602820.853263789,90.00000000000001,7013.47900390625,505.9591206066908,307
-6709086.642392229,6602826.156564648,97.50000000000001,7013.47900390625,505.9591206066908,307
-6709081.339091371,6602831.459865507,105.00000000000003,7013.47900390625,505.9591206066908,307
-6709076.035790512,6602836.763166366,112.5,7013.47900390625,505.9591206066908,307
-6709070.732489653,6602842.066467225,120.0,7013.47900390625,505.9591206066908,307
-6709065.4291887935,6602847.369768084,127.50000000000001,7013.47900390625,505.9591206066908,307
-6709060.125887935,6602852.6730689425,135.00000000000003,7013.47900390625,505.9591206066908,307
-6709054.822587077,6602857.976369802,142.50000000000003,7013.47900390625,505.9591206066908,307
-6709049.519286217,6602863.27967066,150.0,7013.47900390625,505.9591206066908,307
-6708674.379915667,6602547.452855852,-150.0,6705.66455078125,1011.9182412133816,307
-6708674.379915667,6602554.952855852,-142.5,6705.66455078125,1011.9182412133816,307
-6708674.379915667,6602562.452855852,-135.0,6705.66455078125,1011.9182412133816,307
-6708674.379915667,6602569.952855852,-127.5,6705.66455078125,1011.9182412133816,307
-6708674.379915667,6602577.452855852,-120.0,6705.66455078125,1011.9182412133816,307
-6708674.379915667,6602584.952855852,-112.5,6705.66455078125,1011.9182412133816,307
-6708674.379915667,6602592.452855852,-105.0,6705.66455078125,1011.9182412133816,307
-6708674.379915667,6602599.952855852,-97.49999999999999,6705.66455078125,1011.9182412133816,307
-6708674.379915667,6602607.452855852,-90.0,6705.66455078125,1011.9182412133816,307
-6708674.379915667,6602614.952855852,-82.5,6705.66455078125,1011.9182412133816,307
-6708674.379915667,6602622.452855852,-75.0,6705.66455078125,1011.9182412133816,307
-6708674.379915667,6602629.952855852,-67.5,6705.66455078125,1011.9182412133816,307
-6708674.379915667,6602637.452855852,-59.999999999999986,6705.66455078125,1011.9182412133816,307
-6708674.379915667,6602644.952855852,-52.5,6716.17431640625,1011.9182412133816,307
-6708674.379915667,6602652.452855852,-44.99999999999999,6716.17431640625,1011.9182412133816,307
-6708674.379915667,6602659.952855852,-37.5,6716.17431640625,1011.9182412133816,307
-6708674.379915667,6602667.452855852,-29.999999999999993,6716.17431640625,1011.9182412133816,307
-6708674.379915667,6602674.952855852,-22.499999999999986,6716.17431640625,1011.9182412133816,307
-6708674.379915667,6602682.452855852,-14.999999999999996,6716.17431640625,1011.9182412133816,307
-6708674.379915667,6602689.952855852,-7.49999999999999,6716.17431640625,1011.9182412133816,307
-6708674.379915667,6602697.452855852,0.0,6716.17431640625,1011.9182412133816,307
-6708674.379915667,6602704.952855852,7.500000000000007,6716.17431640625,1011.9182412133816,307
-6708674.379915667,6602712.452855852,15.000000000000014,6716.17431640625,1011.9182412133816,307
-6708674.379915667,6602719.952855852,22.50000000000002,6716.17431640625,1011.9182412133816,307
-6708674.379915667,6602727.452855852,30.00000000000003,6716.17431640625,1011.9182412133816,307
-6708674.379915667,6602734.952855852,37.5,6716.17431640625,1011.9182412133816,307
-6708674.379915667,6602742.452855852,45.00000000000001,6716.17431640625,1011.9182412133816,307
-6708674.379915667,6602749.952855852,52.500000000000014,6716.17431640625,1011.9182412133816,307
-6708674.379915667,6602757.452855852,60.00000000000002,6755.30615234375,1011.9182412133816,307
-6708674.379915667,6602764.952855852,67.50000000000003,6755.30615234375,1011.9182412133816,307
-6708674.379915667,6602772.452855852,75.0,6755.30615234375,1011.9182412133816,307
-6708674.379915667,6602779.952855852,82.5,6755.30615234375,1011.9182412133816,307
-6708674.379915667,6602787.452855852,90.00000000000001,6755.30615234375,1011.9182412133816,307
-6708674.379915667,6602794.952855852,97.50000000000001,6755.30615234375,1011.9182412133816,307
-6708674.379915667,6602802.452855852,105.00000000000003,6755.30615234375,1011.9182412133816,307
-6708674.379915667,6602809.952855852,112.5,6755.30615234375,1011.9182412133816,307
-6708674.379915667,6602817.452855852,120.0,6755.30615234375,1011.9182412133816,307
-6708674.379915667,6602824.952855852,127.50000000000001,6755.30615234375,1011.9182412133816,307
-6708674.379915667,6602832.452855852,135.00000000000003,6755.30615234375,1011.9182412133816,307
-6708674.379915667,6602839.952855852,142.50000000000003,6755.30615234375,1011.9182412133816,307
-6708674.379915667,6602847.452855852,150.0,6755.30615234375,1011.9182412133816,307
-6708103.0670366315,6602689.674925902,-150.0,6509.330078125,1517.8773618200726,307
-6708108.37033749,6602694.97822676,-142.5,6509.330078125,1517.8773618200726,307
-6708113.673638349,6602700.28152762,-135.0,6509.330078125,1517.8773618200726,307
-6708118.976939208,6602705.584828478,-127.5,6509.330078125,1517.8773618200726,307
-6708124.280240067,6602710.888129338,-120.0,6509.330078125,1517.8773618200726,307
-6708129.583540926,6602716.191430196,-112.5,6509.330078125,1517.8773618200726,307
-6708134.886841785,6602721.494731056,-105.0,6509.330078125,1517.8773618200726,307
-6708140.190142644,6602726.798031914,-97.49999999999999,6536.908203125,1517.8773618200726,307
-6708145.493443503,6602732.101332773,-90.0,6536.908203125,1517.8773618200726,307
-6708150.7967443615,6602737.404633632,-82.5,6536.908203125,1517.8773618200726,307
-6708156.100045221,6602742.707934491,-75.0,6536.908203125,1517.8773618200726,307
-6708161.403346079,6602748.01123535,-67.5,6536.908203125,1517.8773618200726,307
-6708166.706646938,6602753.314536208,-59.999999999999986,6536.908203125,1517.8773618200726,307
-6708172.009947797,6602758.617837068,-52.5,6522.38916015625,1517.8773618200726,307
-6708177.313248656,6602763.921137926,-44.99999999999999,6522.38916015625,1517.8773618200726,307
-6708182.616549515,6602769.224438786,-37.5,6522.38916015625,1517.8773618200726,307
-6708187.919850374,6602774.527739644,-29.999999999999993,6522.38916015625,1517.8773618200726,307
-6708193.223151233,6602779.831040503,-22.499999999999986,6522.38916015625,1517.8773618200726,307
-6708198.5264520915,6602785.134341362,-14.999999999999996,6522.38916015625,1517.8773618200726,307
-6708203.829752951,6602790.437642221,-7.49999999999999,6522.38916015625,1517.8773618200726,307
-6708209.133053809,6602795.74094308,0.0,6522.38916015625,1517.8773618200726,307
-6708214.436354668,6602801.044243938,7.500000000000007,6522.38916015625,1517.8773618200726,307
-6708219.739655527,6602806.347544798,15.000000000000014,6522.38916015625,1517.8773618200726,307
-6708225.042956386,6602811.650845656,22.50000000000002,6522.38916015625,1517.8773618200726,307
-6708230.346257245,6602816.954146516,30.00000000000003,6522.38916015625,1517.8773618200726,307
-6708235.649558104,6602822.257447374,37.5,6522.38916015625,1517.8773618200726,307
-6708240.952858963,6602827.560748233,45.00000000000001,6522.38916015625,1517.8773618200726,307
-6708246.2561598215,6602832.864049092,52.500000000000014,6522.38916015625,1517.8773618200726,307
-6708251.559460681,6602838.167349951,60.00000000000002,6568.13671875,1517.8773618200726,307
-6708256.862761539,6602843.47065081,67.50000000000003,6568.13671875,1517.8773618200726,307
-6708262.166062398,6602848.773951668,75.0,6568.13671875,1517.8773618200726,307
-6708267.469363257,6602854.077252528,82.5,6568.13671875,1517.8773618200726,307
-6708272.772664116,6602859.380553386,90.00000000000001,6568.13671875,1517.8773618200726,307
-6708278.075964975,6602864.683854246,97.50000000000001,6568.13671875,1517.8773618200726,307
-6708283.379265834,6602869.987155104,105.00000000000003,6581.69580078125,1517.8773618200726,307
-6708288.682566693,6602875.290455963,112.5,6581.69580078125,1517.8773618200726,307
-6708293.9858675515,6602880.593756822,120.0,6581.69580078125,1517.8773618200726,307
-6708299.289168411,6602885.897057681,127.50000000000001,6581.69580078125,1517.8773618200726,307
-6708304.592469269,6602891.20035854,135.00000000000003,6581.69580078125,1517.8773618200726,307
-6708309.895770129,6602896.503659399,142.50000000000003,6581.69580078125,1517.8773618200726,307
-6708315.199070987,6602901.806960258,150.0,6581.69580078125,1517.8773618200726,307
-6707709.114155352,6602660.081907957,-150.0,6470.57080078125,2023.8364824267633,307
-6707709.114155352,6602667.581907957,-142.5,6470.57080078125,2023.8364824267633,307
-6707709.114155352,6602675.081907957,-135.0,6470.57080078125,2023.8364824267633,307
-6707709.114155352,6602682.581907957,-127.5,6470.57080078125,2023.8364824267633,307
-6707709.114155352,6602690.081907957,-120.0,6470.57080078125,2023.8364824267633,307
-6707709.114155352,6602697.581907957,-112.5,6470.57080078125,2023.8364824267633,307
-6707709.114155352,6602705.081907957,-105.0,6470.57080078125,2023.8364824267633,307
-6707709.114155352,6602712.581907957,-97.49999999999999,6470.57080078125,2023.8364824267633,307
-6707709.114155352,6602720.081907957,-90.0,6470.57080078125,2023.8364824267633,307
-6707709.114155352,6602727.581907957,-82.5,6470.57080078125,2023.8364824267633,307
-6707709.114155352,6602735.081907957,-75.0,6470.57080078125,2023.8364824267633,307
-6707709.114155352,6602742.581907957,-67.5,6470.57080078125,2023.8364824267633,307
-6707709.114155352,6602750.081907957,-59.999999999999986,6470.57080078125,2023.8364824267633,307
-6707709.114155352,6602757.581907957,-52.5,6471.2822265625,2023.8364824267633,307
-6707709.114155352,6602765.081907957,-44.99999999999999,6471.2822265625,2023.8364824267633,307
-6707709.114155352,6602772.581907957,-37.5,6471.2822265625,2023.8364824267633,307
-6707709.114155352,6602780.081907957,-29.999999999999993,6471.2822265625,2023.8364824267633,307
-6707709.114155352,6602787.581907957,-22.499999999999986,6471.2822265625,2023.8364824267633,307
-6707709.114155352,6602795.081907957,-14.999999999999996,6471.2822265625,2023.8364824267633,307
-6707709.114155352,6602802.581907957,-7.49999999999999,6471.2822265625,2023.8364824267633,307
-6707709.114155352,6602810.081907957,0.0,6471.2822265625,2023.8364824267633,307
-6707709.114155352,6602817.581907957,7.500000000000007,6471.2822265625,2023.8364824267633,307
-6707709.114155352,6602825.081907957,15.000000000000014,6471.2822265625,2023.8364824267633,307
-6707709.114155352,6602832.581907957,22.50000000000002,6471.2822265625,2023.8364824267633,307
-6707709.114155352,6602840.081907957,30.00000000000003,6471.2822265625,2023.8364824267633,307
-6707709.114155352,6602847.581907957,37.5,6471.2822265625,2023.8364824267633,307
-6707709.114155352,6602855.081907957,45.00000000000001,6471.2822265625,2023.8364824267633,307
-6707709.114155352,6602862.581907957,52.500000000000014,6471.2822265625,2023.8364824267633,307
-6707709.114155352,6602870.081907957,60.00000000000002,6471.99951171875,2023.8364824267633,307
-6707709.114155352,6602877.581907957,67.50000000000003,6471.99951171875,2023.8364824267633,307
-6707709.114155352,6602885.081907957,75.0,6471.99951171875,2023.8364824267633,307
-6707709.114155352,6602892.581907957,82.5,6471.99951171875,2023.8364824267633,307
-6707709.114155352,6602900.081907957,90.00000000000001,6471.99951171875,2023.8364824267633,307
-6707709.114155352,6602907.581907957,97.50000000000001,6471.99951171875,2023.8364824267633,307
-6707709.114155352,6602915.081907957,105.00000000000003,6471.99951171875,2023.8364824267633,307
-6707709.114155352,6602922.581907957,112.5,6471.99951171875,2023.8364824267633,307
-6707709.114155352,6602930.081907957,120.0,6471.99951171875,2023.8364824267633,307
-6707709.114155352,6602937.581907957,127.50000000000001,6471.99951171875,2023.8364824267633,307
-6707709.114155352,6602945.081907957,135.00000000000003,6471.99951171875,2023.8364824267633,307
-6707709.114155352,6602952.581907957,142.50000000000003,6471.99951171875,2023.8364824267633,307
-6707709.114155352,6602960.081907957,150.0,6471.99951171875,2023.8364824267633,307
-6707362.436567749,6602434.823803748,-150.0,6456.0390625,2529.795603033454,307
-6707362.436567749,6602442.323803748,-142.5,6456.0390625,2529.795603033454,307
-6707362.436567749,6602449.823803748,-135.0,6456.0390625,2529.795603033454,307
-6707362.436567749,6602457.323803748,-127.5,6456.0390625,2529.795603033454,307
-6707362.436567749,6602464.823803748,-120.0,6456.0390625,2529.795603033454,307
-6707362.436567749,6602472.323803748,-112.5,6456.0390625,2529.795603033454,307
-6707362.436567749,6602479.823803748,-105.0,6456.0390625,2529.795603033454,307
-6707362.436567749,6602487.323803748,-97.49999999999999,6456.0390625,2529.795603033454,307
-6707362.436567749,6602494.823803748,-90.0,6456.0390625,2529.795603033454,307
-6707362.436567749,6602502.323803748,-82.5,6456.0390625,2529.795603033454,307
-6707362.436567749,6602509.823803748,-75.0,6456.0390625,2529.795603033454,307
-6707362.436567749,6602517.323803748,-67.5,6456.0390625,2529.795603033454,307
-6707362.436567749,6602524.823803748,-59.999999999999986,6456.0390625,2529.795603033454,307
-6707362.436567749,6602532.323803748,-52.5,6455.25830078125,2529.795603033454,307
-6707362.436567749,6602539.823803748,-44.99999999999999,6455.25830078125,2529.795603033454,307
-6707362.436567749,6602547.323803748,-37.5,6455.25830078125,2529.795603033454,307
-6707362.436567749,6602554.823803748,-29.999999999999993,6455.25830078125,2529.795603033454,307
-6707362.436567749,6602562.323803748,-22.499999999999986,6455.25830078125,2529.795603033454,307
-6707362.436567749,6602569.823803748,-14.999999999999996,6455.25830078125,2529.795603033454,307
-6707362.436567749,6602577.323803748,-7.49999999999999,6455.25830078125,2529.795603033454,307
-6707362.436567749,6602584.823803748,0.0,6455.25830078125,2529.795603033454,307
-6707362.436567749,6602592.323803748,7.500000000000007,6455.25830078125,2529.795603033454,307
-6707362.436567749,6602599.823803748,15.000000000000014,6455.25830078125,2529.795603033454,307
-6707362.436567749,6602607.323803748,22.50000000000002,6455.25830078125,2529.795603033454,307
-6707362.436567749,6602614.823803748,30.00000000000003,6455.25830078125,2529.795603033454,307
-6707362.436567749,6602622.323803748,37.5,6455.25830078125,2529.795603033454,307
-6707362.436567749,6602629.823803748,45.00000000000001,6455.25830078125,2529.795603033454,307
-6707362.436567749,6602637.323803748,52.500000000000014,6455.25830078125,2529.795603033454,307
-6707362.436567749,6602644.823803748,60.00000000000002,6461.33154296875,2529.795603033454,307
-6707362.436567749,6602652.323803748,67.50000000000003,6461.33154296875,2529.795603033454,307
-6707362.436567749,6602659.823803748,75.0,6461.33154296875,2529.795603033454,307
-6707362.436567749,6602667.323803748,82.5,6461.33154296875,2529.795603033454,307
-6707362.436567749,6602674.823803748,90.00000000000001,6461.33154296875,2529.795603033454,307
-6707362.436567749,6602682.323803748,97.50000000000001,6461.33154296875,2529.795603033454,307
-6707362.436567749,6602689.823803748,105.00000000000003,6461.33154296875,2529.795603033454,307
-6707362.436567749,6602697.323803748,112.5,6461.33154296875,2529.795603033454,307
-6707362.436567749,6602704.823803748,120.0,6461.33154296875,2529.795603033454,307
-6707362.436567749,6602712.323803748,127.50000000000001,6461.33154296875,2529.795603033454,307
-6707362.436567749,6602719.823803748,135.00000000000003,6461.33154296875,2529.795603033454,307
-6707362.436567749,6602727.323803748,142.50000000000003,6461.33154296875,2529.795603033454,307
-6707362.436567749,6602734.823803748,150.0,6461.33154296875,2529.795603033454,307
-6706958.129194862,6602820.951298731,-150.0,6458.48095703125,3035.754723640145,307
-6706963.432495721,6602826.25459959,-142.5,6458.48095703125,3035.754723640145,307
-6706968.73579658,6602831.557900449,-135.0,6458.48095703125,3035.754723640145,307
-6706974.039097439,6602836.861201308,-127.5,6458.48095703125,3035.754723640145,307
-6706979.342398298,6602842.164502167,-120.0,6458.48095703125,3035.754723640145,307
-6706984.645699156,6602847.467803026,-112.5,6458.48095703125,3035.754723640145,307
-6706989.949000016,6602852.771103885,-105.0,6458.48095703125,3035.754723640145,307
-6706995.252300874,6602858.0744047435,-97.49999999999999,6458.48095703125,3035.754723640145,307
-6707000.555601734,6602863.377705603,-90.0,6458.48095703125,3035.754723640145,307
-6707005.858902592,6602868.681006461,-82.5,6451.95654296875,3035.754723640145,307
-6707011.162203452,6602873.984307321,-75.0,6451.95654296875,3035.754723640145,307
-6707016.46550431,6602879.287608179,-67.5,6450.4384765625,3035.754723640145,307
-6707021.768805169,6602884.590909038,-59.999999999999986,6450.4384765625,3035.754723640145,307
-6707027.072106028,6602889.894209897,-52.5,6450.4384765625,3035.754723640145,307
-6707032.375406886,6602895.197510756,-44.99999999999999,6450.4384765625,3035.754723640145,307
-6707037.678707746,6602900.500811615,-37.5,6450.4384765625,3035.754723640145,307
-6707042.982008604,6602905.8041124735,-29.999999999999993,6450.4384765625,3035.754723640145,307
-6707048.285309464,6602911.107413333,-22.499999999999986,6450.4384765625,3035.754723640145,307
-6707053.588610322,6602916.410714191,-14.999999999999996,6450.4384765625,3035.754723640145,307
-6707058.891911182,6602921.714015051,-7.49999999999999,6450.4384765625,3035.754723640145,307
-6707064.19521204,6602927.017315909,0.0,6450.4384765625,3035.754723640145,307
-6707069.498512899,6602932.320616768,7.500000000000007,6450.4384765625,3035.754723640145,307
-6707074.801813758,6602937.623917627,15.000000000000014,6450.4384765625,3035.754723640145,307
-6707080.105114616,6602942.927218486,22.50000000000002,6450.4384765625,3035.754723640145,307
-6707085.408415476,6602948.230519345,30.00000000000003,6450.4384765625,3035.754723640145,307
-6707090.711716334,6602953.5338202035,37.5,6450.4384765625,3035.754723640145,307
-6707096.015017194,6602958.837121063,45.00000000000001,6450.4384765625,3035.754723640145,307
-6707101.318318052,6602964.140421921,52.500000000000014,6450.4384765625,3035.754723640145,307
-6707106.621618912,6602969.443722781,60.00000000000002,6450.4384765625,3035.754723640145,307
-6707111.92491977,6602974.747023639,67.50000000000003,6450.4384765625,3035.754723640145,307
-6707117.228220629,6602980.050324498,75.0,6451.17333984375,3035.754723640145,307
-6707122.531521488,6602985.353625357,82.5,6451.17333984375,3035.754723640145,307
-6707127.834822346,6602990.656926216,90.00000000000001,6456.59033203125,3035.754723640145,307
-6707133.138123206,6602995.960227075,97.50000000000001,6456.59033203125,3035.754723640145,307
-6707138.441424064,6603001.2635279335,105.00000000000003,6456.59033203125,3035.754723640145,307
-6707143.744724924,6603006.566828793,112.5,6456.59033203125,3035.754723640145,307
-6707149.048025782,6603011.870129651,120.0,6456.59033203125,3035.754723640145,307
-6707154.351326642,6603017.173430511,127.50000000000001,6456.59033203125,3035.754723640145,307
-6707159.6546275,6603022.476731369,135.00000000000003,6456.59033203125,3035.754723640145,307
-6707164.9579283595,6603027.780032229,142.50000000000003,6456.59033203125,3035.754723640145,307
-6707170.261229218,6603033.083333087,150.0,6456.59033203125,3035.754723640145,307
-6706693.243463681,6603341.455225715,-150.0,6447.36376953125,3541.713844246836,307
-6706700.743463681,6603341.455225715,-142.5,6447.36376953125,3541.713844246836,307
-6706708.243463681,6603341.455225715,-135.0,6447.36376953125,3541.713844246836,307
-6706715.743463681,6603341.455225715,-127.5,6447.36376953125,3541.713844246836,307
-6706723.243463681,6603341.455225715,-120.0,6447.36376953125,3541.713844246836,307
-6706730.743463681,6603341.455225715,-112.5,6447.36376953125,3541.713844246836,307
-6706738.243463681,6603341.455225715,-105.0,6447.36376953125,3541.713844246836,307
-6706745.743463681,6603341.455225715,-97.49999999999999,6447.36376953125,3541.713844246836,307
-6706753.243463681,6603341.455225715,-90.0,6447.36376953125,3541.713844246836,307
-6706760.743463681,6603341.455225715,-82.5,6447.36376953125,3541.713844246836,307
-6706768.243463681,6603341.455225715,-75.0,6447.36376953125,3541.713844246836,307
-6706775.743463681,6603341.455225715,-67.5,6447.36376953125,3541.713844246836,307
-6706783.243463681,6603341.455225715,-59.999999999999986,6447.36376953125,3541.713844246836,307
-6706790.743463681,6603341.455225715,-52.5,6445.287109375,3541.713844246836,307
-6706798.243463681,6603341.455225715,-44.99999999999999,6445.287109375,3541.713844246836,307
-6706805.743463681,6603341.455225715,-37.5,6445.287109375,3541.713844246836,307
-6706813.243463681,6603341.455225715,-29.999999999999993,6445.287109375,3541.713844246836,307
-6706820.743463681,6603341.455225715,-22.499999999999986,6445.287109375,3541.713844246836,307
-6706828.243463681,6603341.455225715,-14.999999999999996,6445.287109375,3541.713844246836,307
-6706835.743463681,6603341.455225715,-7.49999999999999,6445.287109375,3541.713844246836,307
-6706843.243463681,6603341.455225715,0.0,6445.287109375,3541.713844246836,307
-6706850.743463681,6603341.455225715,7.500000000000007,6445.287109375,3541.713844246836,307
-6706858.243463681,6603341.455225715,15.000000000000014,6445.287109375,3541.713844246836,307
-6706865.743463681,6603341.455225715,22.50000000000002,6445.287109375,3541.713844246836,307
-6706873.243463681,6603341.455225715,30.00000000000003,6445.287109375,3541.713844246836,307
-6706880.743463681,6603341.455225715,37.5,6445.287109375,3541.713844246836,307
-6706888.243463681,6603341.455225715,45.00000000000001,6445.287109375,3541.713844246836,307
-6706895.743463681,6603341.455225715,52.500000000000014,6445.287109375,3541.713844246836,307
-6706903.243463681,6603341.455225715,60.00000000000002,6446.515625,3541.713844246836,307
-6706910.743463681,6603341.455225715,67.50000000000003,6446.515625,3541.713844246836,307
-6706918.243463681,6603341.455225715,75.0,6446.515625,3541.713844246836,307
-6706925.743463681,6603341.455225715,82.5,6446.515625,3541.713844246836,307
-6706933.243463681,6603341.455225715,90.00000000000001,6446.515625,3541.713844246836,307
-6706940.743463681,6603341.455225715,97.50000000000001,6446.515625,3541.713844246836,307
-6706948.243463681,6603341.455225715,105.00000000000003,6446.515625,3541.713844246836,307
-6706955.743463681,6603341.455225715,112.5,6446.515625,3541.713844246836,307
-6706963.243463681,6603341.455225715,120.0,6446.515625,3541.713844246836,307
-6706970.743463681,6603341.455225715,127.50000000000001,6446.515625,3541.713844246836,307
-6706978.243463681,6603341.455225715,135.00000000000003,6446.515625,3541.713844246836,307
-6706985.743463681,6603341.455225715,142.50000000000003,6446.515625,3541.713844246836,307
-6706993.243463681,6603341.455225715,150.0,6446.515625,3541.713844246836,307
-6706786.4161147075,6603668.438691511,-150.0,6444.73583984375,4047.6729648535265,307
-6706791.719415566,6603673.741992369,-142.5,6444.0390625,4047.6729648535265,307
-6706797.022716425,6603679.045293229,-135.0,6444.0390625,4047.6729648535265,307
-6706802.326017285,6603684.348594087,-127.5,6444.0390625,4047.6729648535265,307
-6706807.629318143,6603689.651894947,-120.0,6444.0390625,4047.6729648535265,307
-6706812.932619002,6603694.955195805,-112.5,6444.0390625,4047.6729648535265,307
-6706818.235919861,6603700.258496664,-105.0,6444.0390625,4047.6729648535265,307
-6706823.5392207205,6603705.561797523,-97.49999999999999,6444.0390625,4047.6729648535265,307
-6706828.842521579,6603710.865098382,-90.0,6444.0390625,4047.6729648535265,307
-6706834.1458224375,6603716.168399241,-82.5,6444.0390625,4047.6729648535265,307
-6706839.449123297,6603721.4717001,-75.0,6444.0390625,4047.6729648535265,307
-6706844.752424156,6603726.775000959,-67.5,6444.0390625,4047.6729648535265,307
-6706850.055725015,6603732.078301817,-59.999999999999986,6444.0390625,4047.6729648535265,307
-6706855.359025873,6603737.381602677,-52.5,6444.0390625,4047.6729648535265,307
-6706860.662326733,6603742.684903535,-44.99999999999999,6444.0390625,4047.6729648535265,307
-6706865.965627592,6603747.9882043945,-37.5,6444.0390625,4047.6729648535265,307
-6706871.2689284505,6603753.291505253,-29.999999999999993,6444.0390625,4047.6729648535265,307
-6706876.572229309,6603758.594806112,-22.499999999999986,6444.0390625,4047.6729648535265,307
-6706881.875530168,6603763.898106971,-14.999999999999996,6444.0390625,4047.6729648535265,307
-6706887.178831028,6603769.20140783,-7.49999999999999,6440.40625,4047.6729648535265,307
-6706892.482131886,6603774.504708689,0.0,6440.40625,4047.6729648535265,307
-6706897.785432745,6603779.808009547,7.500000000000007,6440.40625,4047.6729648535265,307
-6706903.088733604,6603785.111310407,15.000000000000014,6442.66357421875,4047.6729648535265,307
-6706908.392034464,6603790.414611265,22.50000000000002,6442.66357421875,4047.6729648535265,307
-6706913.695335322,6603795.7179121245,30.00000000000003,6442.66357421875,4047.6729648535265,307
-6706918.998636181,6603801.021212983,37.5,6442.66357421875,4047.6729648535265,307
-6706924.30193704,6603806.324513842,45.00000000000001,6442.66357421875,4047.6729648535265,307
-6706929.605237899,6603811.627814701,52.500000000000014,6442.66357421875,4047.6729648535265,307
-6706934.908538758,6603816.93111556,60.00000000000002,6442.66357421875,4047.6729648535265,307
-6706940.211839616,6603822.234416419,67.50000000000003,6442.66357421875,4047.6729648535265,307
-6706945.515140476,6603827.537717277,75.0,6442.66357421875,4047.6729648535265,307
-6706950.818441335,6603832.841018137,82.5,6442.66357421875,4047.6729648535265,307
-6706956.121742194,6603838.144318995,90.00000000000001,6442.66357421875,4047.6729648535265,307
-6706961.425043052,6603843.4476198545,97.50000000000001,6442.66357421875,4047.6729648535265,307
-6706966.7283439115,6603848.750920713,105.00000000000003,6442.66357421875,4047.6729648535265,307
-6706972.031644771,6603854.054221572,112.5,6442.66357421875,4047.6729648535265,307
-6706977.334945629,6603859.357522431,120.0,6442.66357421875,4047.6729648535265,307
-6706982.638246488,6603864.66082329,127.50000000000001,6442.66357421875,4047.6729648535265,307
-6706987.941547347,6603869.964124149,135.00000000000003,6442.66357421875,4047.6729648535265,307
-6706993.244848207,6603875.267425008,142.50000000000003,6442.66357421875,4047.6729648535265,307
-6706998.548149065,6603880.570725867,150.0,6443.34033203125,4047.6729648535265,307
-6706661.16626627,6604304.314422257,-150.0,6441.228515625,4553.632085460217,307
-6706666.469567128,6604299.011121399,-142.5,6441.228515625,4553.632085460217,307
-6706671.772867988,6604293.707820539,-135.0,6441.228515625,4553.632085460217,307
-6706677.076168846,6604288.404519681,-127.5,6439.93017578125,4553.632085460217,307
-6706682.379469706,6604283.1012188215,-120.0,6439.93017578125,4553.632085460217,307
-6706687.682770564,6604277.797917963,-112.5,6439.93017578125,4553.632085460217,307
-6706692.986071424,6604272.494617104,-105.0,6439.93017578125,4553.632085460217,307
-6706698.289372282,6604267.191316245,-97.49999999999999,6439.93017578125,4553.632085460217,307
-6706703.5926731415,6604261.888015386,-90.0,6439.93017578125,4553.632085460217,307
-6706708.895974,6604256.584714527,-82.5,6439.93017578125,4553.632085460217,307
-6706714.199274858,6604251.281413669,-75.0,6439.93017578125,4553.632085460217,307
-6706719.502575718,6604245.978112809,-67.5,6439.93017578125,4553.632085460217,307
-6706724.805876576,6604240.674811951,-59.999999999999986,6439.93017578125,4553.632085460217,307
-6706730.109177436,6604235.3715110915,-52.5,6439.93017578125,4553.632085460217,307
-6706735.412478294,6604230.068210233,-44.99999999999999,6439.93017578125,4553.632085460217,307
-6706740.715779154,6604224.764909374,-37.5,6439.93017578125,4553.632085460217,307
-6706746.019080012,6604219.461608515,-29.999999999999993,6439.93017578125,4553.632085460217,307
-6706751.3223808715,6604214.158307656,-22.499999999999986,6439.2626953125,4553.632085460217,307
-6706756.62568173,6604208.855006797,-14.999999999999996,6439.2626953125,4553.632085460217,307
-6706761.928982589,6604203.551705938,-7.49999999999999,6439.2626953125,4553.632085460217,307
-6706767.232283448,6604198.248405079,0.0,6439.2626953125,4553.632085460217,307
-6706772.535584306,6604192.945104221,7.500000000000007,6439.2626953125,4553.632085460217,307
-6706777.838885166,6604187.6418033615,15.000000000000014,6439.2626953125,4553.632085460217,307
-6706783.142186024,6604182.338502503,22.50000000000002,6439.2626953125,4553.632085460217,307
-6706788.445486884,6604177.035201644,30.00000000000003,6438.8330078125,4553.632085460217,307
-6706793.748787742,6604171.731900785,37.5,6438.8330078125,4553.632085460217,307
-6706799.0520886015,6604166.428599926,45.00000000000001,6438.8330078125,4553.632085460217,307
-6706804.35538946,6604161.125299067,52.500000000000014,6438.8330078125,4553.632085460217,307
-6706809.658690319,6604155.821998208,60.00000000000002,6438.8330078125,4553.632085460217,307
-6706814.961991178,6604150.518697349,67.50000000000003,6438.8330078125,4553.632085460217,307
-6706820.265292037,6604145.21539649,75.0,6438.8330078125,4553.632085460217,307
-6706825.568592896,6604139.9120956315,82.5,6438.8330078125,4553.632085460217,307
-6706830.871893754,6604134.608794773,90.00000000000001,6438.8330078125,4553.632085460217,307
-6706836.175194614,6604129.305493914,97.50000000000001,6438.8330078125,4553.632085460217,307
-6706841.478495472,6604124.002193055,105.00000000000003,6438.8330078125,4553.632085460217,307
-6706846.7817963315,6604118.698892196,112.5,6438.8330078125,4553.632085460217,307
-6706852.08509719,6604113.395591337,120.0,6438.8330078125,4553.632085460217,307
-6706857.388398049,6604108.092290478,127.50000000000001,6438.8330078125,4553.632085460217,307
-6706862.691698908,6604102.788989619,135.00000000000003,6443.1142578125,4553.632085460217,307
-6706867.994999767,6604097.48568876,142.50000000000003,6443.1142578125,4553.632085460217,307
-6706873.298300626,6604092.1823879015,150.0,6443.1142578125,4553.632085460217,307
-6706580.614411577,6604626.0701830415,-150.0,6444.01171875,5059.591206066908,307
-6706588.114411577,6604626.0701830415,-142.5,6444.01171875,5059.591206066908,307
-6706595.614411577,6604626.0701830415,-135.0,6444.01171875,5059.591206066908,307
-6706603.114411577,6604626.0701830415,-127.5,6444.01171875,5059.591206066908,307
-6706610.614411577,6604626.0701830415,-120.0,6444.01171875,5059.591206066908,307
-6706618.114411577,6604626.0701830415,-112.5,6444.01171875,5059.591206066908,307
-6706625.614411577,6604626.0701830415,-105.0,6444.01171875,5059.591206066908,307
-6706633.114411577,6604626.0701830415,-97.49999999999999,6444.01171875,5059.591206066908,307
-6706640.614411577,6604626.0701830415,-90.0,6444.01171875,5059.591206066908,307
-6706648.114411577,6604626.0701830415,-82.5,6444.01171875,5059.591206066908,307
-6706655.614411577,6604626.0701830415,-75.0,6444.01171875,5059.591206066908,307
-6706663.114411577,6604626.0701830415,-67.5,6444.01171875,5059.591206066908,307
-6706670.614411577,6604626.0701830415,-59.999999999999986,6444.01171875,5059.591206066908,307
-6706678.114411577,6604626.0701830415,-52.5,6434.49951171875,5059.591206066908,307
-6706685.614411577,6604626.0701830415,-44.99999999999999,6434.49951171875,5059.591206066908,307
-6706693.114411577,6604626.0701830415,-37.5,6434.49951171875,5059.591206066908,307
-6706700.614411577,6604626.0701830415,-29.999999999999993,6434.49951171875,5059.591206066908,307
-6706708.114411577,6604626.0701830415,-22.499999999999986,6434.49951171875,5059.591206066908,307
-6706715.614411577,6604626.0701830415,-14.999999999999996,6434.49951171875,5059.591206066908,307
-6706723.114411577,6604626.0701830415,-7.49999999999999,6434.49951171875,5059.591206066908,307
-6706730.614411577,6604626.0701830415,0.0,6434.49951171875,5059.591206066908,307
-6706738.114411577,6604626.0701830415,7.500000000000007,6434.49951171875,5059.591206066908,307
-6706745.614411577,6604626.0701830415,15.000000000000014,6434.49951171875,5059.591206066908,307
-6706753.114411577,6604626.0701830415,22.50000000000002,6434.49951171875,5059.591206066908,307
-6706760.614411577,6604626.0701830415,30.00000000000003,6434.49951171875,5059.591206066908,307
-6706768.114411577,6604626.0701830415,37.5,6434.49951171875,5059.591206066908,307
-6706775.614411577,6604626.0701830415,45.00000000000001,6434.49951171875,5059.591206066908,307
-6706783.114411577,6604626.0701830415,52.500000000000014,6434.49951171875,5059.591206066908,307
-6706790.614411577,6604626.0701830415,60.00000000000002,6438.87744140625,5059.591206066908,307
-6706798.114411577,6604626.0701830415,67.50000000000003,6438.87744140625,5059.591206066908,307
-6706805.614411577,6604626.0701830415,75.0,6438.87744140625,5059.591206066908,307
-6706813.114411577,6604626.0701830415,82.5,6438.87744140625,5059.591206066908,307
-6706820.614411577,6604626.0701830415,90.00000000000001,6438.87744140625,5059.591206066908,307
-6706828.114411577,6604626.0701830415,97.50000000000001,6438.87744140625,5059.591206066908,307
-6706835.614411577,6604626.0701830415,105.00000000000003,6438.87744140625,5059.591206066908,307
-6706843.114411577,6604626.0701830415,112.5,6438.87744140625,5059.591206066908,307
-6706850.614411577,6604626.0701830415,120.0,6438.87744140625,5059.591206066908,307
-6706858.114411577,6604626.0701830415,127.50000000000001,6438.87744140625,5059.591206066908,307
-6706865.614411577,6604626.0701830415,135.00000000000003,6438.87744140625,5059.591206066908,307
-6706873.114411577,6604626.0701830415,142.50000000000003,6438.87744140625,5059.591206066908,307
-6706880.614411577,6604626.0701830415,150.0,6438.87744140625,5059.591206066908,307
-6706693.243463681,6605085.37682275,-150.0,6442.431640625,5565.550326673599,307
-6706700.743463681,6605085.37682275,-142.5,6442.431640625,5565.550326673599,307
-6706708.243463681,6605085.37682275,-135.0,6442.431640625,5565.550326673599,307
-6706715.743463681,6605085.37682275,-127.5,6442.431640625,5565.550326673599,307
-6706723.243463681,6605085.37682275,-120.0,6442.431640625,5565.550326673599,307
-6706730.743463681,6605085.37682275,-112.5,6442.431640625,5565.550326673599,307
-6706738.243463681,6605085.37682275,-105.0,6442.431640625,5565.550326673599,307
-6706745.743463681,6605085.37682275,-97.49999999999999,6442.431640625,5565.550326673599,307
-6706753.243463681,6605085.37682275,-90.0,6442.431640625,5565.550326673599,307
-6706760.743463681,6605085.37682275,-82.5,6442.431640625,5565.550326673599,307
-6706768.243463681,6605085.37682275,-75.0,6442.431640625,5565.550326673599,307
-6706775.743463681,6605085.37682275,-67.5,6442.431640625,5565.550326673599,307
-6706783.243463681,6605085.37682275,-59.999999999999986,6442.431640625,5565.550326673599,307
-6706790.743463681,6605085.37682275,-52.5,6433.2158203125,5565.550326673599,307
-6706798.243463681,6605085.37682275,-44.99999999999999,6433.2158203125,5565.550326673599,307
-6706805.743463681,6605085.37682275,-37.5,6433.2158203125,5565.550326673599,307
-6706813.243463681,6605085.37682275,-29.999999999999993,6433.2158203125,5565.550326673599,307
-6706820.743463681,6605085.37682275,-22.499999999999986,6433.2158203125,5565.550326673599,307
-6706828.243463681,6605085.37682275,-14.999999999999996,6433.2158203125,5565.550326673599,307
-6706835.743463681,6605085.37682275,-7.49999999999999,6433.2158203125,5565.550326673599,307
-6706843.243463681,6605085.37682275,0.0,6433.2158203125,5565.550326673599,307
-6706850.743463681,6605085.37682275,7.500000000000007,6433.2158203125,5565.550326673599,307
-6706858.243463681,6605085.37682275,15.000000000000014,6433.2158203125,5565.550326673599,307
-6706865.743463681,6605085.37682275,22.50000000000002,6433.2158203125,5565.550326673599,307
-6706873.243463681,6605085.37682275,30.00000000000003,6433.2158203125,5565.550326673599,307
-6706880.743463681,6605085.37682275,37.5,6433.2158203125,5565.550326673599,307
-6706888.243463681,6605085.37682275,45.00000000000001,6433.2158203125,5565.550326673599,307
-6706895.743463681,6605085.37682275,52.500000000000014,6433.2158203125,5565.550326673599,307
-6706903.243463681,6605085.37682275,60.00000000000002,6435.4814453125,5565.550326673599,307
-6706910.743463681,6605085.37682275,67.50000000000003,6435.4814453125,5565.550326673599,307
-6706918.243463681,6605085.37682275,75.0,6435.4814453125,5565.550326673599,307
-6706925.743463681,6605085.37682275,82.5,6435.4814453125,5565.550326673599,307
-6706933.243463681,6605085.37682275,90.00000000000001,6435.4814453125,5565.550326673599,307
-6706940.743463681,6605085.37682275,97.50000000000001,6435.4814453125,5565.550326673599,307
-6706948.243463681,6605085.37682275,105.00000000000003,6435.4814453125,5565.550326673599,307
-6706955.743463681,6605085.37682275,112.5,6435.4814453125,5565.550326673599,307
-6706963.243463681,6605085.37682275,120.0,6435.4814453125,5565.550326673599,307
-6706970.743463681,6605085.37682275,127.50000000000001,6435.4814453125,5565.550326673599,307
-6706978.243463681,6605085.37682275,135.00000000000003,6435.4814453125,5565.550326673599,307
-6706985.743463681,6605085.37682275,142.50000000000003,6435.4814453125,5565.550326673599,307
-6706993.243463681,6605085.37682275,150.0,6435.4814453125,5565.550326673599,307
-6706522.630720903,6605396.401762673,-150.0,6438.8564453125,6071.50944728029,307
-6706527.934021762,6605401.705063531,-142.5,6438.8564453125,6071.50944728029,307
-6706533.237322621,6605407.008364391,-135.0,6438.8564453125,6071.50944728029,307
-6706538.5406234795,6605412.311665249,-127.5,6438.8564453125,6071.50944728029,307
-6706543.843924339,6605417.614966108,-120.0,6438.8564453125,6071.50944728029,307
-6706549.147225197,6605422.918266967,-112.5,6438.8564453125,6071.50944728029,307
-6706554.450526057,6605428.221567826,-105.0,6438.8564453125,6071.50944728029,307
-6706559.753826915,6605433.524868685,-97.49999999999999,6438.8564453125,6071.50944728029,307
-6706565.057127775,6605438.828169544,-90.0,6432.89453125,6071.50944728029,307
-6706570.360428633,6605444.131470403,-82.5,6432.89453125,6071.50944728029,307
-6706575.663729493,6605449.434771262,-75.0,6432.89453125,6071.50944728029,307
-6706580.967030351,6605454.738072121,-67.5,6432.89453125,6071.50944728029,307
-6706586.2703312095,6605460.041372979,-59.999999999999986,6431.01318359375,6071.50944728029,307
-6706591.573632069,6605465.3446738385,-52.5,6431.01318359375,6071.50944728029,307
-6706596.876932927,6605470.647974697,-44.99999999999999,6431.01318359375,6071.50944728029,307
-6706602.180233787,6605475.951275556,-37.5,6431.01318359375,6071.50944728029,307
-6706607.483534645,6605481.254576415,-29.999999999999993,6431.01318359375,6071.50944728029,307
-6706612.786835505,6605486.557877274,-22.499999999999986,6431.01318359375,6071.50944728029,307
-6706618.090136363,6605491.861178133,-14.999999999999996,6431.01318359375,6071.50944728029,307
-6706623.393437223,6605497.164478992,-7.49999999999999,6431.01318359375,6071.50944728029,307
-6706628.696738081,6605502.467779851,0.0,6431.01318359375,6071.50944728029,307
-6706634.0000389395,6605507.771080709,7.500000000000007,6431.01318359375,6071.50944728029,307
-6706639.303339799,6605513.0743815685,15.000000000000014,6431.01318359375,6071.50944728029,307
-6706644.606640657,6605518.377682427,22.50000000000002,6431.01318359375,6071.50944728029,307
-6706649.909941517,6605523.680983286,30.00000000000003,6431.01318359375,6071.50944728029,307
-6706655.213242375,6605528.984284145,37.5,6431.01318359375,6071.50944728029,307
-6706660.516543235,6605534.287585004,45.00000000000001,6431.01318359375,6071.50944728029,307
-6706665.819844093,6605539.590885863,52.500000000000014,6431.01318359375,6071.50944728029,307
-6706671.123144953,6605544.894186722,60.00000000000002,6431.01318359375,6071.50944728029,307
-6706676.426445811,6605550.197487581,67.50000000000003,6432.2451171875,6071.50944728029,307
-6706681.7297466695,6605555.500788439,75.0,6432.2451171875,6071.50944728029,307
-6706687.033047529,6605560.8040892985,82.5,6432.2451171875,6071.50944728029,307
-6706692.336348387,6605566.107390157,90.00000000000001,6432.2451171875,6071.50944728029,307
-6706697.639649247,6605571.410691016,97.50000000000001,6428.01953125,6071.50944728029,307
-6706702.942950105,6605576.713991875,105.00000000000003,6428.01953125,6071.50944728029,307
-6706708.246250965,6605582.017292734,112.5,6428.01953125,6071.50944728029,307
-6706713.549551823,6605587.320593593,120.0,6428.01953125,6071.50944728029,307
-6706718.852852683,6605592.623894452,127.50000000000001,6428.01953125,6071.50944728029,307
-6706724.156153541,6605597.927195311,135.00000000000003,6428.01953125,6071.50944728029,307
-6706729.4594544,6605603.23049617,142.50000000000003,6428.01953125,6071.50944728029,307
-6706734.762755259,6605608.5337970285,150.0,6428.01953125,6071.50944728029,307
-6706549.403232931,6605820.145459061,-150.0,6429.75146484375,6577.468567886981,307
-6706554.70653379,6605825.448759919,-142.5,6429.75146484375,6577.468567886981,307
-6706560.009834649,6605830.752060778,-135.0,6429.75146484375,6577.468567886981,307
-6706565.3131355075,6605836.055361638,-127.5,6430.8271484375,6577.468567886981,307
-6706570.616436367,6605841.358662496,-120.0,6430.8271484375,6577.468567886981,307
-6706575.919737225,6605846.661963355,-112.5,6430.8271484375,6577.468567886981,307
-6706581.223038085,6605851.965264214,-105.0,6430.8271484375,6577.468567886981,307
-6706586.526338943,6605857.268565074,-97.49999999999999,6430.8271484375,6577.468567886981,307
-6706591.829639803,6605862.571865932,-90.0,6430.8271484375,6577.468567886981,307
-6706597.132940661,6605867.875166791,-82.5,6430.8271484375,6577.468567886981,307
-6706602.436241521,6605873.17846765,-75.0,6430.8271484375,6577.468567886981,307
-6706607.739542379,6605878.481768509,-67.5,6430.8271484375,6577.468567886981,307
-6706613.0428432375,6605883.785069368,-59.999999999999986,6430.8271484375,6577.468567886981,307
-6706618.346144097,6605889.088370226,-52.5,6430.8271484375,6577.468567886981,307
-6706623.649444955,6605894.391671086,-44.99999999999999,6430.8271484375,6577.468567886981,307
-6706628.952745815,6605899.694971945,-37.5,6430.8271484375,6577.468567886981,307
-6706634.256046673,6605904.998272804,-29.999999999999993,6430.8271484375,6577.468567886981,307
-6706639.559347533,6605910.301573662,-22.499999999999986,6429.6455078125,6577.468567886981,307
-6706644.862648391,6605915.6048745215,-14.999999999999996,6429.6455078125,6577.468567886981,307
-6706650.165949251,6605920.908175381,-7.49999999999999,6429.6455078125,6577.468567886981,307
-6706655.469250109,6605926.211476239,0.0,6429.6455078125,6577.468567886981,307
-6706660.7725509675,6605931.514777098,7.500000000000007,6429.6455078125,6577.468567886981,307
-6706666.075851827,6605936.818077957,15.000000000000014,6429.6455078125,6577.468567886981,307
-6706671.379152685,6605942.121378817,22.50000000000002,6429.6455078125,6577.468567886981,307
-6706676.682453545,6605947.424679675,30.00000000000003,6435.32275390625,6577.468567886981,307
-6706681.985754403,6605952.727980534,37.5,6435.32275390625,6577.468567886981,307
-6706687.289055263,6605958.031281393,45.00000000000001,6435.32275390625,6577.468567886981,307
-6706692.592356121,6605963.334582252,52.500000000000014,6435.32275390625,6577.468567886981,307
-6706697.895656981,6605968.637883111,60.00000000000002,6435.32275390625,6577.468567886981,307
-6706703.198957839,6605973.941183969,67.50000000000003,6435.32275390625,6577.468567886981,307
-6706708.5022586975,6605979.244484829,75.0,6435.32275390625,6577.468567886981,307
-6706713.805559557,6605984.547785688,82.5,6435.32275390625,6577.468567886981,307
-6706719.108860415,6605989.851086547,90.00000000000001,6435.32275390625,6577.468567886981,307
-6706724.412161275,6605995.154387405,97.50000000000001,6435.32275390625,6577.468567886981,307
-6706729.715462133,6606000.457688265,105.00000000000003,6435.32275390625,6577.468567886981,307
-6706735.018762993,6606005.760989124,112.5,6435.32275390625,6577.468567886981,307
-6706740.322063851,6606011.064289982,120.0,6435.32275390625,6577.468567886981,307
-6706745.625364711,6606016.367590841,127.50000000000001,6435.32275390625,6577.468567886981,307
-6706750.928665569,6606021.6708917,135.00000000000003,6444.93310546875,6577.468567886981,307
-6706756.231966428,6606026.97419256,142.50000000000003,6444.93310546875,6577.468567886981,307
-6706761.535267287,6606032.277493418,150.0,6444.93310546875,6577.468567886981,307
-6706397.570121649,6606197.236674553,-150.0,6434.0458984375,7083.427688493672,307
-6706402.873422507,6606202.539975411,-142.5,6434.0458984375,7083.427688493672,307
-6706408.176723367,6606207.843276271,-135.0,6434.0458984375,7083.427688493672,307
-6706413.480024225,6606213.146577129,-127.5,6434.0458984375,7083.427688493672,307
-6706418.7833250845,6606218.449877989,-120.0,6434.0458984375,7083.427688493672,307
-6706424.086625943,6606223.753178847,-112.5,6434.0458984375,7083.427688493672,307
-6706429.389926802,6606229.056479706,-105.0,6434.0458984375,7083.427688493672,307
-6706434.693227661,6606234.359780565,-97.49999999999999,6434.0458984375,7083.427688493672,307
-6706439.99652852,6606239.663081424,-90.0,6434.0458984375,7083.427688493672,307
-6706445.299829379,6606244.966382283,-82.5,6434.0458984375,7083.427688493672,307
-6706450.603130238,6606250.269683141,-75.0,6424.2919921875,7083.427688493672,307
-6706455.906431097,6606255.572984001,-67.5,6424.2919921875,7083.427688493672,307
-6706461.209731955,6606260.876284859,-59.999999999999986,6424.2919921875,7083.427688493672,307
-6706466.5130328145,6606266.179585719,-52.5,6424.2919921875,7083.427688493672,307
-6706471.816333673,6606271.482886577,-44.99999999999999,6424.2919921875,7083.427688493672,307
-6706477.119634532,6606276.786187436,-37.5,6424.2919921875,7083.427688493672,307
-6706482.422935391,6606282.089488295,-29.999999999999993,6424.2919921875,7083.427688493672,307
-6706487.72623625,6606287.392789154,-22.499999999999986,6424.2919921875,7083.427688493672,307
-6706493.029537109,6606292.696090013,-14.999999999999996,6424.2919921875,7083.427688493672,307
-6706498.332837968,6606297.999390872,-7.49999999999999,6424.2919921875,7083.427688493672,307
-6706503.636138827,6606303.302691731,0.0,6424.2919921875,7083.427688493672,307
-6706508.939439685,6606308.605992589,7.500000000000007,6424.2919921875,7083.427688493672,307
-6706514.2427405445,6606313.909293449,15.000000000000014,6424.2919921875,7083.427688493672,307
-6706519.546041403,6606319.212594307,22.50000000000002,6424.2919921875,7083.427688493672,307
-6706524.849342262,6606324.515895166,30.00000000000003,6424.2919921875,7083.427688493672,307
-6706530.152643121,6606329.819196025,37.5,6424.2919921875,7083.427688493672,307
-6706535.45594398,6606335.122496884,45.00000000000001,6424.2919921875,7083.427688493672,307
-6706540.759244839,6606340.425797743,52.500000000000014,6424.2919921875,7083.427688493672,307
-6706546.062545698,6606345.729098602,60.00000000000002,6424.2919921875,7083.427688493672,307
-6706551.365846557,6606351.032399461,67.50000000000003,6424.2919921875,7083.427688493672,307
-6706556.669147415,6606356.33570032,75.0,6424.2919921875,7083.427688493672,307
-6706561.9724482745,6606361.639001179,82.5,6434.92724609375,7083.427688493672,307
-6706567.275749133,6606366.942302037,90.00000000000001,6434.92724609375,7083.427688493672,307
-6706572.579049992,6606372.245602896,97.50000000000001,6434.92724609375,7083.427688493672,307
-6706577.882350851,6606377.548903755,105.00000000000003,6434.92724609375,7083.427688493672,307
-6706583.18565171,6606382.852204614,112.5,6434.92724609375,7083.427688493672,307
-6706588.488952569,6606388.155505473,120.0,6434.92724609375,7083.427688493672,307
-6706593.792253428,6606393.458806332,127.50000000000001,6434.92724609375,7083.427688493672,307
-6706599.095554287,6606398.762107191,135.00000000000003,6434.92724609375,7083.427688493672,307
-6706604.398855146,6606404.06540805,142.50000000000003,6434.92724609375,7083.427688493672,307
-6706609.7021560045,6606409.368708909,150.0,6434.92724609375,7083.427688493672,307
-6706130.098203159,6606716.669367678,-150.0,6430.12255859375,7589.386809100362,307
-6706137.598203159,6606716.669367678,-142.5,6430.12255859375,7589.386809100362,307
-6706145.098203159,6606716.669367678,-135.0,6430.12255859375,7589.386809100362,307
-6706152.598203159,6606716.669367678,-127.5,6430.12255859375,7589.386809100362,307
-6706160.098203159,6606716.669367678,-120.0,6430.12255859375,7589.386809100362,307
-6706167.598203159,6606716.669367678,-112.5,6430.12255859375,7589.386809100362,307
-6706175.098203159,6606716.669367678,-105.0,6430.12255859375,7589.386809100362,307
-6706182.598203159,6606716.669367678,-97.49999999999999,6430.12255859375,7589.386809100362,307
-6706190.098203159,6606716.669367678,-90.0,6430.12255859375,7589.386809100362,307
-6706197.598203159,6606716.669367678,-82.5,6430.12255859375,7589.386809100362,307
-6706205.098203159,6606716.669367678,-75.0,6430.12255859375,7589.386809100362,307
-6706212.598203159,6606716.669367678,-67.5,6430.12255859375,7589.386809100362,307
-6706220.098203159,6606716.669367678,-59.999999999999986,6430.12255859375,7589.386809100362,307
-6706227.598203159,6606716.669367678,-52.5,6416.85546875,7589.386809100362,307
-6706235.098203159,6606716.669367678,-44.99999999999999,6416.85546875,7589.386809100362,307
-6706242.598203159,6606716.669367678,-37.5,6416.85546875,7589.386809100362,307
-6706250.098203159,6606716.669367678,-29.999999999999993,6416.85546875,7589.386809100362,307
-6706257.598203159,6606716.669367678,-22.499999999999986,6416.85546875,7589.386809100362,307
-6706265.098203159,6606716.669367678,-14.999999999999996,6416.85546875,7589.386809100362,307
-6706272.598203159,6606716.669367678,-7.49999999999999,6416.85546875,7589.386809100362,307
-6706280.098203159,6606716.669367678,0.0,6416.85546875,7589.386809100362,307
-6706287.598203159,6606716.669367678,7.500000000000007,6416.85546875,7589.386809100362,307
-6706295.098203159,6606716.669367678,15.000000000000014,6416.85546875,7589.386809100362,307
-6706302.598203159,6606716.669367678,22.50000000000002,6416.85546875,7589.386809100362,307
-6706310.098203159,6606716.669367678,30.00000000000003,6416.85546875,7589.386809100362,307
-6706317.598203159,6606716.669367678,37.5,6416.85546875,7589.386809100362,307
-6706325.098203159,6606716.669367678,45.00000000000001,6416.85546875,7589.386809100362,307
-6706332.598203159,6606716.669367678,52.500000000000014,6416.85546875,7589.386809100362,307
-6706340.098203159,6606716.669367678,60.00000000000002,6430.32373046875,7589.386809100362,307
-6706347.598203159,6606716.669367678,67.50000000000003,6430.32373046875,7589.386809100362,307
-6706355.098203159,6606716.669367678,75.0,6430.32373046875,7589.386809100362,307
-6706362.598203159,6606716.669367678,82.5,6430.32373046875,7589.386809100362,307
-6706370.098203159,6606716.669367678,90.00000000000001,6430.32373046875,7589.386809100362,307
-6706377.598203159,6606716.669367678,97.50000000000001,6430.32373046875,7589.386809100362,307
-6706385.098203159,6606716.669367678,105.00000000000003,6430.32373046875,7589.386809100362,307
-6706392.598203159,6606716.669367678,112.5,6430.32373046875,7589.386809100362,307
-6706400.098203159,6606716.669367678,120.0,6430.32373046875,7589.386809100362,307
-6706407.598203159,6606716.669367678,127.50000000000001,6430.32373046875,7589.386809100362,307
-6706415.098203159,6606716.669367678,135.00000000000003,6430.32373046875,7589.386809100362,307
-6706422.598203159,6606716.669367678,142.50000000000003,6430.32373046875,7589.386809100362,307
-6706430.098203159,6606716.669367678,150.0,6430.32373046875,7589.386809100362,307
-6706130.098203159,6607129.323526488,-150.0,6429.03466796875,8095.345929707053,307
-6706137.598203159,6607129.323526488,-142.5,6429.03466796875,8095.345929707053,307
-6706145.098203159,6607129.323526488,-135.0,6429.03466796875,8095.345929707053,307
-6706152.598203159,6607129.323526488,-127.5,6429.03466796875,8095.345929707053,307
-6706160.098203159,6607129.323526488,-120.0,6429.03466796875,8095.345929707053,307
-6706167.598203159,6607129.323526488,-112.5,6429.03466796875,8095.345929707053,307
-6706175.098203159,6607129.323526488,-105.0,6429.03466796875,8095.345929707053,307
-6706182.598203159,6607129.323526488,-97.49999999999999,6429.03466796875,8095.345929707053,307
-6706190.098203159,6607129.323526488,-90.0,6429.03466796875,8095.345929707053,307
-6706197.598203159,6607129.323526488,-82.5,6429.03466796875,8095.345929707053,307
-6706205.098203159,6607129.323526488,-75.0,6429.03466796875,8095.345929707053,307
-6706212.598203159,6607129.323526488,-67.5,6429.03466796875,8095.345929707053,307
-6706220.098203159,6607129.323526488,-59.999999999999986,6429.03466796875,8095.345929707053,307
-6706227.598203159,6607129.323526488,-52.5,6421.064453125,8095.345929707053,307
-6706235.098203159,6607129.323526488,-44.99999999999999,6421.064453125,8095.345929707053,307
-6706242.598203159,6607129.323526488,-37.5,6421.064453125,8095.345929707053,307
-6706250.098203159,6607129.323526488,-29.999999999999993,6421.064453125,8095.345929707053,307
-6706257.598203159,6607129.323526488,-22.499999999999986,6421.064453125,8095.345929707053,307
-6706265.098203159,6607129.323526488,-14.999999999999996,6421.064453125,8095.345929707053,307
-6706272.598203159,6607129.323526488,-7.49999999999999,6421.064453125,8095.345929707053,307
-6706280.098203159,6607129.323526488,0.0,6421.064453125,8095.345929707053,307
-6706287.598203159,6607129.323526488,7.500000000000007,6421.064453125,8095.345929707053,307
-6706295.098203159,6607129.323526488,15.000000000000014,6421.064453125,8095.345929707053,307
-6706302.598203159,6607129.323526488,22.50000000000002,6421.064453125,8095.345929707053,307
-6706310.098203159,6607129.323526488,30.00000000000003,6421.064453125,8095.345929707053,307
-6706317.598203159,6607129.323526488,37.5,6421.064453125,8095.345929707053,307
-6706325.098203159,6607129.323526488,45.00000000000001,6421.064453125,8095.345929707053,307
-6706332.598203159,6607129.323526488,52.500000000000014,6421.064453125,8095.345929707053,307
-6706340.098203159,6607129.323526488,60.00000000000002,6423.58544921875,8095.345929707053,307
-6706347.598203159,6607129.323526488,67.50000000000003,6423.58544921875,8095.345929707053,307
-6706355.098203159,6607129.323526488,75.0,6423.58544921875,8095.345929707053,307
-6706362.598203159,6607129.323526488,82.5,6423.58544921875,8095.345929707053,307
-6706370.098203159,6607129.323526488,90.00000000000001,6423.58544921875,8095.345929707053,307
-6706377.598203159,6607129.323526488,97.50000000000001,6423.58544921875,8095.345929707053,307
-6706385.098203159,6607129.323526488,105.00000000000003,6423.58544921875,8095.345929707053,307
-6706392.598203159,6607129.323526488,112.5,6423.58544921875,8095.345929707053,307
-6706400.098203159,6607129.323526488,120.0,6423.58544921875,8095.345929707053,307
-6706407.598203159,6607129.323526488,127.50000000000001,6423.58544921875,8095.345929707053,307
-6706415.098203159,6607129.323526488,135.00000000000003,6423.58544921875,8095.345929707053,307
-6706422.598203159,6607129.323526488,142.50000000000003,6423.58544921875,8095.345929707053,307
-6706430.098203159,6607129.323526488,150.0,6423.58544921875,8095.345929707053,307
-6706017.4691510545,6607588.630166195,-150.0,6423.35302734375,8601.305050313744,307
-6706024.9691510545,6607588.630166195,-142.5,6423.35302734375,8601.305050313744,307
-6706032.4691510545,6607588.630166195,-135.0,6423.35302734375,8601.305050313744,307
-6706039.9691510545,6607588.630166195,-127.5,6423.35302734375,8601.305050313744,307
-6706047.4691510545,6607588.630166195,-120.0,6423.35302734375,8601.305050313744,307
-6706054.9691510545,6607588.630166195,-112.5,6423.35302734375,8601.305050313744,307
-6706062.4691510545,6607588.630166195,-105.0,6423.35302734375,8601.305050313744,307
-6706069.9691510545,6607588.630166195,-97.49999999999999,6423.35302734375,8601.305050313744,307
-6706077.4691510545,6607588.630166195,-90.0,6423.35302734375,8601.305050313744,307
-6706084.9691510545,6607588.630166195,-82.5,6423.35302734375,8601.305050313744,307
-6706092.4691510545,6607588.630166195,-75.0,6423.35302734375,8601.305050313744,307
-6706099.9691510545,6607588.630166195,-67.5,6423.35302734375,8601.305050313744,307
-6706107.4691510545,6607588.630166195,-59.999999999999986,6423.35302734375,8601.305050313744,307
-6706114.9691510545,6607588.630166195,-52.5,6411.53369140625,8601.305050313744,307
-6706122.4691510545,6607588.630166195,-44.99999999999999,6411.53369140625,8601.305050313744,307
-6706129.9691510545,6607588.630166195,-37.5,6411.53369140625,8601.305050313744,307
-6706137.4691510545,6607588.630166195,-29.999999999999993,6411.53369140625,8601.305050313744,307
-6706144.9691510545,6607588.630166195,-22.499999999999986,6411.53369140625,8601.305050313744,307
-6706152.4691510545,6607588.630166195,-14.999999999999996,6411.53369140625,8601.305050313744,307
-6706159.9691510545,6607588.630166195,-7.49999999999999,6411.53369140625,8601.305050313744,307
-6706167.4691510545,6607588.630166195,0.0,6411.53369140625,8601.305050313744,307
-6706174.9691510545,6607588.630166195,7.500000000000007,6411.53369140625,8601.305050313744,307
-6706182.4691510545,6607588.630166195,15.000000000000014,6411.53369140625,8601.305050313744,307
-6706189.9691510545,6607588.630166195,22.50000000000002,6411.53369140625,8601.305050313744,307
-6706197.4691510545,6607588.630166195,30.00000000000003,6411.53369140625,8601.305050313744,307
-6706204.9691510545,6607588.630166195,37.5,6411.53369140625,8601.305050313744,307
-6706212.4691510545,6607588.630166195,45.00000000000001,6411.53369140625,8601.305050313744,307
-6706219.9691510545,6607588.630166195,52.500000000000014,6411.53369140625,8601.305050313744,307
-6706227.4691510545,6607588.630166195,60.00000000000002,6422.8701171875,8601.305050313744,307
-6706234.9691510545,6607588.630166195,67.50000000000003,6422.8701171875,8601.305050313744,307
-6706242.4691510545,6607588.630166195,75.0,6422.8701171875,8601.305050313744,307
-6706249.9691510545,6607588.630166195,82.5,6422.8701171875,8601.305050313744,307
-6706257.4691510545,6607588.630166195,90.00000000000001,6422.8701171875,8601.305050313744,307
-6706264.9691510545,6607588.630166195,97.50000000000001,6422.8701171875,8601.305050313744,307
-6706272.4691510545,6607588.630166195,105.00000000000003,6422.8701171875,8601.305050313744,307
-6706279.9691510545,6607588.630166195,112.5,6422.8701171875,8601.305050313744,307
-6706287.4691510545,6607588.630166195,120.0,6422.8701171875,8601.305050313744,307
-6706294.9691510545,6607588.630166195,127.50000000000001,6422.8701171875,8601.305050313744,307
-6706302.4691510545,6607588.630166195,135.00000000000003,6422.8701171875,8601.305050313744,307
-6706309.9691510545,6607588.630166195,142.50000000000003,6422.8701171875,8601.305050313744,307
-6706317.4691510545,6607588.630166195,150.0,6422.8701171875,8601.305050313744,307
-6706130.098203159,6608047.936805903,-150.0,6419.0234375,9107.264170920434,307
-6706137.598203159,6608047.936805903,-142.5,6419.0234375,9107.264170920434,307
-6706145.098203159,6608047.936805903,-135.0,6419.0234375,9107.264170920434,307
-6706152.598203159,6608047.936805903,-127.5,6419.0234375,9107.264170920434,307
-6706160.098203159,6608047.936805903,-120.0,6419.0234375,9107.264170920434,307
-6706167.598203159,6608047.936805903,-112.5,6419.0234375,9107.264170920434,307
-6706175.098203159,6608047.936805903,-105.0,6419.0234375,9107.264170920434,307
-6706182.598203159,6608047.936805903,-97.49999999999999,6419.0234375,9107.264170920434,307
-6706190.098203159,6608047.936805903,-90.0,6419.0234375,9107.264170920434,307
-6706197.598203159,6608047.936805903,-82.5,6419.0234375,9107.264170920434,307
-6706205.098203159,6608047.936805903,-75.0,6419.0234375,9107.264170920434,307
-6706212.598203159,6608047.936805903,-67.5,6419.0234375,9107.264170920434,307
-6706220.098203159,6608047.936805903,-59.999999999999986,6419.0234375,9107.264170920434,307
-6706227.598203159,6608047.936805903,-52.5,6407.3447265625,9107.264170920434,307
-6706235.098203159,6608047.936805903,-44.99999999999999,6407.3447265625,9107.264170920434,307
-6706242.598203159,6608047.936805903,-37.5,6407.3447265625,9107.264170920434,307
-6706250.098203159,6608047.936805903,-29.999999999999993,6407.3447265625,9107.264170920434,307
-6706257.598203159,6608047.936805903,-22.499999999999986,6407.3447265625,9107.264170920434,307
-6706265.098203159,6608047.936805903,-14.999999999999996,6407.3447265625,9107.264170920434,307
-6706272.598203159,6608047.936805903,-7.49999999999999,6407.3447265625,9107.264170920434,307
-6706280.098203159,6608047.936805903,0.0,6407.3447265625,9107.264170920434,307
-6706287.598203159,6608047.936805903,7.500000000000007,6407.3447265625,9107.264170920434,307
-6706295.098203159,6608047.936805903,15.000000000000014,6407.3447265625,9107.264170920434,307
-6706302.598203159,6608047.936805903,22.50000000000002,6407.3447265625,9107.264170920434,307
-6706310.098203159,6608047.936805903,30.00000000000003,6407.3447265625,9107.264170920434,307
-6706317.598203159,6608047.936805903,37.5,6407.3447265625,9107.264170920434,307
-6706325.098203159,6608047.936805903,45.00000000000001,6407.3447265625,9107.264170920434,307
-6706332.598203159,6608047.936805903,52.500000000000014,6407.3447265625,9107.264170920434,307
-6706340.098203159,6608047.936805903,60.00000000000002,6411.505859375,9107.264170920434,307
-6706347.598203159,6608047.936805903,67.50000000000003,6411.505859375,9107.264170920434,307
-6706355.098203159,6608047.936805903,75.0,6411.505859375,9107.264170920434,307
-6706362.598203159,6608047.936805903,82.5,6411.505859375,9107.264170920434,307
-6706370.098203159,6608047.936805903,90.00000000000001,6411.505859375,9107.264170920434,307
-6706377.598203159,6608047.936805903,97.50000000000001,6411.505859375,9107.264170920434,307
-6706385.098203159,6608047.936805903,105.00000000000003,6411.505859375,9107.264170920434,307
-6706392.598203159,6608047.936805903,112.5,6411.505859375,9107.264170920434,307
-6706400.098203159,6608047.936805903,120.0,6411.505859375,9107.264170920434,307
-6706407.598203159,6608047.936805903,127.50000000000001,6411.505859375,9107.264170920434,307
-6706415.098203159,6608047.936805903,135.00000000000003,6411.505859375,9107.264170920434,307
-6706422.598203159,6608047.936805903,142.50000000000003,6411.505859375,9107.264170920434,307
-6706430.098203159,6608047.936805903,150.0,6411.505859375,9107.264170920434,307
-6706240.198006373,6608381.9317277055,-150.0,6411.60888671875,9613.223291527125,307
-6706245.501307231,6608387.235028564,-142.5,6413.6357421875,9613.223291527125,307
-6706250.804608091,6608392.538329423,-135.0,6413.6357421875,9613.223291527125,307
-6706256.107908949,6608397.841630282,-127.5,6413.6357421875,9613.223291527125,307
-6706261.411209809,6608403.144931141,-120.0,6413.6357421875,9613.223291527125,307
-6706266.714510667,6608408.448232,-112.5,6413.6357421875,9613.223291527125,307
-6706272.017811527,6608413.751532859,-105.0,6413.6357421875,9613.223291527125,307
-6706277.321112385,6608419.054833718,-97.49999999999999,6413.6357421875,9613.223291527125,307
-6706282.624413244,6608424.358134577,-90.0,6413.6357421875,9613.223291527125,307
-6706287.927714103,6608429.6614354355,-82.5,6413.6357421875,9613.223291527125,307
-6706293.231014961,6608434.964736294,-75.0,6413.6357421875,9613.223291527125,307
-6706298.534315821,6608440.268037153,-67.5,6413.6357421875,9613.223291527125,307
-6706303.837616679,6608445.571338012,-59.999999999999986,6413.6357421875,9613.223291527125,307
-6706309.140917539,6608450.874638871,-52.5,6413.6357421875,9613.223291527125,307
-6706314.444218397,6608456.17793973,-44.99999999999999,6413.6357421875,9613.223291527125,307
-6706319.747519257,6608461.481240589,-37.5,6413.6357421875,9613.223291527125,307
-6706325.050820115,6608466.784541448,-29.999999999999993,6413.6357421875,9613.223291527125,307
-6706330.354120974,6608472.087842307,-22.499999999999986,6413.6357421875,9613.223291527125,307
-6706335.657421833,6608477.3911431655,-14.999999999999996,6413.6357421875,9613.223291527125,307
-6706340.960722692,6608482.694444025,-7.49999999999999,6407.3759765625,9613.223291527125,307
-6706346.264023551,6608487.997744883,0.0,6407.3759765625,9613.223291527125,307
-6706351.567324409,6608493.301045742,7.500000000000007,6407.3759765625,9613.223291527125,307
-6706356.870625269,6608498.604346601,15.000000000000014,6413.24755859375,9613.223291527125,307
-6706362.173926127,6608503.90764746,22.50000000000002,6413.24755859375,9613.223291527125,307
-6706367.477226987,6608509.210948319,30.00000000000003,6413.24755859375,9613.223291527125,307
-6706372.780527845,6608514.514249178,37.5,6413.24755859375,9613.223291527125,307
-6706378.083828704,6608519.817550037,45.00000000000001,6413.24755859375,9613.223291527125,307
-6706383.387129563,6608525.1208508955,52.500000000000014,6413.24755859375,9613.223291527125,307
-6706388.690430422,6608530.424151755,60.00000000000002,6413.24755859375,9613.223291527125,307
-6706393.993731281,6608535.727452613,67.50000000000003,6413.24755859375,9613.223291527125,307
-6706399.29703214,6608541.030753473,75.0,6413.24755859375,9613.223291527125,307
-6706404.600332999,6608546.334054331,82.5,6413.24755859375,9613.223291527125,307
-6706409.903633857,6608551.63735519,90.00000000000001,6413.24755859375,9613.223291527125,307
-6706415.206934717,6608556.940656049,97.50000000000001,6413.24755859375,9613.223291527125,307
-6706420.510235575,6608562.243956908,105.00000000000003,6413.24755859375,9613.223291527125,307
-6706425.813536434,6608567.547257767,112.5,6413.24755859375,9613.223291527125,307
-6706431.116837293,6608572.8505586255,120.0,6413.24755859375,9613.223291527125,307
-6706436.420138152,6608578.153859485,127.50000000000001,6413.24755859375,9613.223291527125,307
-6706441.723439011,6608583.457160343,135.00000000000003,6413.24755859375,9613.223291527125,307
-6706447.02673987,6608588.760461203,142.50000000000003,6413.24755859375,9613.223291527125,307
-6706452.330040729,6608594.063762061,150.0,6416.94970703125,9613.223291527125,307
-6706121.353180693,6608838.663709697,-150.0,6401.10595703125,10119.182412133816,307
-6706126.656481552,6608843.967010556,-142.5,6401.10595703125,10119.182412133816,307
-6706131.959782411,6608849.270311415,-135.0,6401.10595703125,10119.182412133816,307
-6706137.26308327,6608854.573612275,-127.5,6401.10595703125,10119.182412133816,307
-6706142.566384129,6608859.876913133,-120.0,6401.10595703125,10119.182412133816,307
-6706147.869684988,6608865.180213992,-112.5,6401.10595703125,10119.182412133816,307
-6706153.172985847,6608870.483514851,-105.0,6401.10595703125,10119.182412133816,307
-6706158.476286706,6608875.78681571,-97.49999999999999,6401.10595703125,10119.182412133816,307
-6706163.779587565,6608881.090116569,-90.0,6401.10595703125,10119.182412133816,307
-6706169.082888423,6608886.393417427,-82.5,6401.10595703125,10119.182412133816,307
-6706174.386189282,6608891.696718287,-75.0,6401.10595703125,10119.182412133816,307
-6706179.689490141,6608897.000019146,-67.5,6401.10595703125,10119.182412133816,307
-6706184.992791,6608902.303320005,-59.999999999999986,6401.10595703125,10119.182412133816,307
-6706190.296091859,6608907.606620863,-52.5,6401.10595703125,10119.182412133816,307
-6706195.599392718,6608912.9099217225,-44.99999999999999,6401.10595703125,10119.182412133816,307
-6706200.902693577,6608918.213222582,-37.5,6401.10595703125,10119.182412133816,307
-6706206.205994436,6608923.51652344,-29.999999999999993,6401.10595703125,10119.182412133816,307
-6706211.509295295,6608928.819824299,-22.499999999999986,6401.10595703125,10119.182412133816,307
-6706216.8125961535,6608934.123125158,-14.999999999999996,6401.10595703125,10119.182412133816,307
-6706222.115897013,6608939.426426018,-7.49999999999999,6401.10595703125,10119.182412133816,307
-6706227.419197871,6608944.729726876,0.0,6392.75390625,10119.182412133816,307
-6706232.72249873,6608950.033027735,7.500000000000007,6397.22705078125,10119.182412133816,307
-6706238.025799589,6608955.336328594,15.000000000000014,6397.22705078125,10119.182412133816,307
-6706243.329100448,6608960.639629453,22.50000000000002,6397.22705078125,10119.182412133816,307
-6706248.632401307,6608965.942930312,30.00000000000003,6397.22705078125,10119.182412133816,307
-6706253.935702166,6608971.24623117,37.5,6397.22705078125,10119.182412133816,307
-6706259.239003025,6608976.54953203,45.00000000000001,6397.22705078125,10119.182412133816,307
-6706264.5423038835,6608981.852832889,52.500000000000014,6397.22705078125,10119.182412133816,307
-6706269.845604743,6608987.156133748,60.00000000000002,6397.22705078125,10119.182412133816,307
-6706275.148905601,6608992.459434606,67.50000000000003,6397.22705078125,10119.182412133816,307
-6706280.452206461,6608997.762735466,75.0,6397.22705078125,10119.182412133816,307
-6706285.755507319,6609003.066036325,82.5,6397.22705078125,10119.182412133816,307
-6706291.058808178,6609008.369337183,90.00000000000001,6397.22705078125,10119.182412133816,307
-6706296.362109037,6609013.672638042,97.50000000000001,6397.22705078125,10119.182412133816,307
-6706301.665409896,6609018.975938901,105.00000000000003,6397.22705078125,10119.182412133816,307
-6706306.968710755,6609024.279239761,112.5,6397.22705078125,10119.182412133816,307
-6706312.2720116135,6609029.582540619,120.0,6397.22705078125,10119.182412133816,307
-6706317.575312473,6609034.885841478,127.50000000000001,6397.22705078125,10119.182412133816,307
-6706322.878613331,6609040.189142337,135.00000000000003,6397.22705078125,10119.182412133816,307
-6706328.181914191,6609045.4924431965,142.50000000000003,6397.22705078125,10119.182412133816,307
-6706333.485215049,6609050.795744055,150.0,6397.22705078125,10119.182412133816,307
-6706002.508355013,6609295.395691691,-150.0,6392.01416015625,10625.141532740507,307
-6706007.811655872,6609300.698992549,-142.5,6392.01416015625,10625.141532740507,307
-6706013.114956731,6609306.002293409,-135.0,6392.01416015625,10625.141532740507,307
-6706018.41825759,6609311.305594267,-127.5,6392.01416015625,10625.141532740507,307
-6706023.721558449,6609316.608895127,-120.0,6392.01416015625,10625.141532740507,307
-6706029.024859307,6609321.912195985,-112.5,6392.01416015625,10625.141532740507,307
-6706034.328160167,6609327.215496845,-105.0,6392.01416015625,10625.141532740507,307
-6706039.631461026,6609332.518797703,-97.49999999999999,6392.01416015625,10625.141532740507,307
-6706044.934761885,6609337.8220985625,-90.0,6392.01416015625,10625.141532740507,307
-6706050.238062743,6609343.125399421,-82.5,6392.01416015625,10625.141532740507,307
-6706055.5413636025,6609348.428700279,-75.0,6392.01416015625,10625.141532740507,307
-6706060.844664462,6609353.732001139,-67.5,6392.01416015625,10625.141532740507,307
-6706066.14796532,6609359.035301997,-59.999999999999986,6392.01416015625,10625.141532740507,307
-6706071.451266179,6609364.338602857,-52.5,6392.01416015625,10625.141532740507,307
-6706076.754567038,6609369.641903715,-44.99999999999999,6392.01416015625,10625.141532740507,307
-6706082.057867898,6609374.945204575,-37.5,6392.01416015625,10625.141532740507,307
-6706087.361168756,6609380.248505433,-29.999999999999993,6392.01416015625,10625.141532740507,307
-6706092.664469615,6609385.5518062925,-22.499999999999986,6392.01416015625,10625.141532740507,307
-6706097.967770474,6609390.855107151,-14.999999999999996,6392.01416015625,10625.141532740507,307
-6706103.271071333,6609396.15840801,-7.49999999999999,6392.01416015625,10625.141532740507,307
-6706108.574372192,6609401.461708869,0.0,6388.47119140625,10625.141532740507,307
-6706113.87767305,6609406.765009727,7.500000000000007,6395.216796875,10625.141532740507,307
-6706119.18097391,6609412.068310587,15.000000000000014,6395.216796875,10625.141532740507,307
-6706124.484274769,6609417.371611445,22.50000000000002,6395.216796875,10625.141532740507,307
-6706129.787575628,6609422.674912305,30.00000000000003,6395.216796875,10625.141532740507,307
-6706135.090876486,6609427.978213163,37.5,6395.216796875,10625.141532740507,307
-6706140.394177346,6609433.2815140225,45.00000000000001,6395.216796875,10625.141532740507,307
-6706145.697478205,6609438.584814881,52.500000000000014,6395.216796875,10625.141532740507,307
-6706151.000779063,6609443.88811574,60.00000000000002,6395.216796875,10625.141532740507,307
-6706156.304079922,6609449.191416599,67.50000000000003,6395.216796875,10625.141532740507,307
-6706161.607380781,6609454.494717458,75.0,6395.216796875,10625.141532740507,307
-6706166.910681641,6609459.798018317,82.5,6395.216796875,10625.141532740507,307
-6706172.213982499,6609465.101319175,90.00000000000001,6395.216796875,10625.141532740507,307
-6706177.517283358,6609470.404620035,97.50000000000001,6395.216796875,10625.141532740507,307
-6706182.820584217,6609475.707920893,105.00000000000003,6395.216796875,10625.141532740507,307
-6706188.1238850765,6609481.0112217525,112.5,6395.216796875,10625.141532740507,307
-6706193.427185935,6609486.314522611,120.0,6395.216796875,10625.141532740507,307
-6706198.730486793,6609491.61782347,127.50000000000001,6395.216796875,10625.141532740507,307
-6706204.033787653,6609496.921124329,135.00000000000003,6395.216796875,10625.141532740507,307
-6706209.337088512,6609502.224425188,142.50000000000003,6395.216796875,10625.141532740507,307
-6706214.640389371,6609507.527726047,150.0,6395.216796875,10625.141532740507,307
-6706093.525400713,6609931.271422436,-150.0,6396.763671875,11131.100653347197,307
-6706098.828701572,6609925.968121578,-142.5,6396.763671875,11131.100653347197,307
-6706104.132002431,6609920.664820719,-135.0,6396.763671875,11131.100653347197,307
-6706109.435303289,6609915.36151986,-127.5,6396.763671875,11131.100653347197,307
-6706114.738604149,6609910.058219001,-120.0,6389.51416015625,11131.100653347197,307
-6706120.041905007,6609904.754918142,-112.5,6389.51416015625,11131.100653347197,307
-6706125.345205867,6609899.451617283,-105.0,6389.51416015625,11131.100653347197,307
-6706130.648506725,6609894.148316424,-97.49999999999999,6389.51416015625,11131.100653347197,307
-6706135.951807585,6609888.845015565,-90.0,6389.51416015625,11131.100653347197,307
-6706141.255108443,6609883.541714706,-82.5,6389.51416015625,11131.100653347197,307
-6706146.558409302,6609878.238413848,-75.0,6389.51416015625,11131.100653347197,307
-6706151.861710161,6609872.935112989,-67.5,6389.51416015625,11131.100653347197,307
-6706157.165011019,6609867.63181213,-59.999999999999986,6389.51416015625,11131.100653347197,307
-6706162.468311879,6609862.328511271,-52.5,6389.51416015625,11131.100653347197,307
-6706167.771612737,6609857.025210412,-44.99999999999999,6389.51416015625,11131.100653347197,307
-6706173.074913597,6609851.721909553,-37.5,6389.51416015625,11131.100653347197,307
-6706178.378214455,6609846.418608694,-29.999999999999993,6384.47802734375,11131.100653347197,307
-6706183.681515315,6609841.115307835,-22.499999999999986,6384.47802734375,11131.100653347197,307
-6706188.984816173,6609835.812006976,-14.999999999999996,6384.47802734375,11131.100653347197,307
-6706194.2881170325,6609830.508706117,-7.49999999999999,6384.47802734375,11131.100653347197,307
-6706199.591417891,6609825.205405259,0.0,6384.47802734375,11131.100653347197,307
-6706204.894718749,6609819.9021044,7.500000000000007,6384.47802734375,11131.100653347197,307
-6706210.198019609,6609814.598803541,15.000000000000014,6384.47802734375,11131.100653347197,307
-6706215.501320467,6609809.295502682,22.50000000000002,6384.47802734375,11131.100653347197,307
-6706220.804621327,6609803.992201823,30.00000000000003,6384.47802734375,11131.100653347197,307
-6706226.107922185,6609798.688900964,37.5,6391.05322265625,11131.100653347197,307
-6706231.411223045,6609793.385600105,45.00000000000001,6391.05322265625,11131.100653347197,307
-6706236.714523903,6609788.082299246,52.500000000000014,6391.05322265625,11131.100653347197,307
-6706242.0178247625,6609782.778998387,60.00000000000002,6391.05322265625,11131.100653347197,307
-6706247.321125621,6609777.475697529,67.50000000000003,6391.05322265625,11131.100653347197,307
-6706252.62442648,6609772.172396669,75.0,6391.05322265625,11131.100653347197,307
-6706257.927727339,6609766.869095811,82.5,6391.05322265625,11131.100653347197,307
-6706263.231028197,6609761.565794952,90.00000000000001,6391.05322265625,11131.100653347197,307
-6706268.534329057,6609756.262494093,97.50000000000001,6391.05322265625,11131.100653347197,307
-6706273.837629915,6609750.959193234,105.00000000000003,6391.05322265625,11131.100653347197,307
-6706279.140930775,6609745.655892375,112.5,6391.05322265625,11131.100653347197,307
-6706284.444231633,6609740.352591516,120.0,6391.05322265625,11131.100653347197,307
-6706289.7475324925,6609735.049290657,127.50000000000001,6397.5830078125,11131.100653347197,307
-6706295.050833351,6609729.745989799,135.00000000000003,6397.5830078125,11131.100653347197,307
-6706300.35413421,6609724.442688939,142.50000000000003,6397.5830078125,11131.100653347197,307
-6706305.657435069,6609719.139388081,150.0,6397.5830078125,11131.100653347197,307
-6706146.3936551865,6610322.026833223,-150.0,6383.49609375,11637.059773953888,307
-6706151.696956045,6610316.723532365,-142.5,6383.49609375,11637.059773953888,307
-6706157.000256904,6610311.420231505,-135.0,6383.49609375,11637.059773953888,307
-6706162.303557763,6610306.116930647,-127.5,6383.49609375,11637.059773953888,307
-6706167.606858622,6610300.813629787,-120.0,6383.49609375,11637.059773953888,307
-6706172.910159481,6610295.510328929,-112.5,6388.04638671875,11637.059773953888,307
-6706178.21346034,6610290.2070280695,-105.0,6388.04638671875,11637.059773953888,307
-6706183.516761199,6610284.903727211,-97.49999999999999,6388.04638671875,11637.059773953888,307
-6706188.820062058,6610279.600426352,-90.0,6388.04638671875,11637.059773953888,307
-6706194.1233629165,6610274.297125493,-82.5,6388.04638671875,11637.059773953888,307
-6706199.426663775,6610268.993824635,-75.0,6388.04638671875,11637.059773953888,307
-6706204.729964634,6610263.690523775,-67.5,6388.04638671875,11637.059773953888,307
-6706210.033265493,6610258.387222917,-59.999999999999986,6388.04638671875,11637.059773953888,307
-6706215.336566352,6610253.083922057,-52.5,6388.04638671875,11637.059773953888,307
-6706220.639867211,6610247.780621199,-44.99999999999999,6388.04638671875,11637.059773953888,307
-6706225.94316807,6610242.4773203395,-37.5,6384.134765625,11637.059773953888,307
-6706231.246468929,6610237.174019481,-29.999999999999993,6384.134765625,11637.059773953888,307
-6706236.549769788,6610231.870718622,-22.499999999999986,6384.134765625,11637.059773953888,307
-6706241.8530706465,6610226.567417763,-14.999999999999996,6384.134765625,11637.059773953888,307
-6706247.156371506,6610221.264116904,-7.49999999999999,6384.134765625,11637.059773953888,307
-6706252.459672364,6610215.960816045,0.0,6384.134765625,11637.059773953888,307
-6706257.762973223,6610210.657515187,7.500000000000007,6384.134765625,11637.059773953888,307
-6706263.066274082,6610205.354214327,15.000000000000014,6384.134765625,11637.059773953888,307
-6706268.369574941,6610200.050913469,22.50000000000002,6384.134765625,11637.059773953888,307
-6706273.6728758,6610194.7476126095,30.00000000000003,6384.134765625,11637.059773953888,307
-6706278.976176659,6610189.444311751,37.5,6384.134765625,11637.059773953888,307
-6706284.279477518,6610184.141010892,45.00000000000001,6386.48828125,11637.059773953888,307
-6706289.5827783765,6610178.837710033,52.500000000000014,6386.48828125,11637.059773953888,307
-6706294.886079236,6610173.534409174,60.00000000000002,6386.48828125,11637.059773953888,307
-6706300.189380094,6610168.231108315,67.50000000000003,6386.48828125,11637.059773953888,307
-6706305.492680954,6610162.927807456,75.0,6386.48828125,11637.059773953888,307
-6706310.795981812,6610157.624506597,82.5,6386.48828125,11637.059773953888,307
-6706316.099282671,6610152.321205739,90.00000000000001,6386.48828125,11637.059773953888,307
-6706321.40258353,6610147.0179048795,97.50000000000001,6386.48828125,11637.059773953888,307
-6706326.705884389,6610141.714604021,105.00000000000003,6386.48828125,11637.059773953888,307
-6706332.009185248,6610136.411303162,112.5,6386.48828125,11637.059773953888,307
-6706337.3124861065,6610131.108002303,120.0,6387.6533203125,11637.059773953888,307
-6706342.615786966,6610125.804701444,127.50000000000001,6387.6533203125,11637.059773953888,307
-6706347.919087824,6610120.501400585,135.00000000000003,6387.6533203125,11637.059773953888,307
-6706353.222388684,6610115.198099726,142.50000000000003,6387.6533203125,11637.059773953888,307
-6706358.525689542,6610109.894798867,150.0,6387.6533203125,11637.059773953888,307
-6706017.4691510545,6610663.8192014545,-150.0,6393.15576171875,12143.01889456058,307
-6706024.9691510545,6610663.8192014545,-142.5,6393.15576171875,12143.01889456058,307
-6706032.4691510545,6610663.8192014545,-135.0,6393.15576171875,12143.01889456058,307
-6706039.9691510545,6610663.8192014545,-127.5,6393.15576171875,12143.01889456058,307
-6706047.4691510545,6610663.8192014545,-120.0,6393.15576171875,12143.01889456058,307
-6706054.9691510545,6610663.8192014545,-112.5,6393.15576171875,12143.01889456058,307
-6706062.4691510545,6610663.8192014545,-105.0,6393.15576171875,12143.01889456058,307
-6706069.9691510545,6610663.8192014545,-97.49999999999999,6393.15576171875,12143.01889456058,307
-6706077.4691510545,6610663.8192014545,-90.0,6393.15576171875,12143.01889456058,307
-6706084.9691510545,6610663.8192014545,-82.5,6393.15576171875,12143.01889456058,307
-6706092.4691510545,6610663.8192014545,-75.0,6393.15576171875,12143.01889456058,307
-6706099.9691510545,6610663.8192014545,-67.5,6393.15576171875,12143.01889456058,307
-6706107.4691510545,6610663.8192014545,-59.999999999999986,6393.15576171875,12143.01889456058,307
-6706114.9691510545,6610663.8192014545,-52.5,6383.787109375,12143.01889456058,307
-6706122.4691510545,6610663.8192014545,-44.99999999999999,6383.787109375,12143.01889456058,307
-6706129.9691510545,6610663.8192014545,-37.5,6383.787109375,12143.01889456058,307
-6706137.4691510545,6610663.8192014545,-29.999999999999993,6383.787109375,12143.01889456058,307
-6706144.9691510545,6610663.8192014545,-22.499999999999986,6383.787109375,12143.01889456058,307
-6706152.4691510545,6610663.8192014545,-14.999999999999996,6383.787109375,12143.01889456058,307
-6706159.9691510545,6610663.8192014545,-7.49999999999999,6383.787109375,12143.01889456058,307
-6706167.4691510545,6610663.8192014545,0.0,6383.787109375,12143.01889456058,307
-6706174.9691510545,6610663.8192014545,7.500000000000007,6383.787109375,12143.01889456058,307
-6706182.4691510545,6610663.8192014545,15.000000000000014,6383.787109375,12143.01889456058,307
-6706189.9691510545,6610663.8192014545,22.50000000000002,6383.787109375,12143.01889456058,307
-6706197.4691510545,6610663.8192014545,30.00000000000003,6383.787109375,12143.01889456058,307
-6706204.9691510545,6610663.8192014545,37.5,6383.787109375,12143.01889456058,307
-6706212.4691510545,6610663.8192014545,45.00000000000001,6383.787109375,12143.01889456058,307
-6706219.9691510545,6610663.8192014545,52.500000000000014,6383.787109375,12143.01889456058,307
-6706227.4691510545,6610663.8192014545,60.00000000000002,6386.81884765625,12143.01889456058,307
-6706234.9691510545,6610663.8192014545,67.50000000000003,6386.81884765625,12143.01889456058,307
-6706242.4691510545,6610663.8192014545,75.0,6386.81884765625,12143.01889456058,307
-6706249.9691510545,6610663.8192014545,82.5,6386.81884765625,12143.01889456058,307
-6706257.4691510545,6610663.8192014545,90.00000000000001,6386.81884765625,12143.01889456058,307
-6706264.9691510545,6610663.8192014545,97.50000000000001,6386.81884765625,12143.01889456058,307
-6706272.4691510545,6610663.8192014545,105.00000000000003,6386.81884765625,12143.01889456058,307
-6706279.9691510545,6610663.8192014545,112.5,6386.81884765625,12143.01889456058,307
-6706287.4691510545,6610663.8192014545,120.0,6386.81884765625,12143.01889456058,307
-6706294.9691510545,6610663.8192014545,127.50000000000001,6386.81884765625,12143.01889456058,307
-6706302.4691510545,6610663.8192014545,135.00000000000003,6386.81884765625,12143.01889456058,307
-6706309.9691510545,6610663.8192014545,142.50000000000003,6386.81884765625,12143.01889456058,307
-6706317.4691510545,6610663.8192014545,150.0,6386.81884765625,12143.01889456058,307
-6705904.840098951,6611123.125841162,-150.0,6382.6015625,12648.978015167271,307
-6705912.340098951,6611123.125841162,-142.5,6382.6015625,12648.978015167271,307
-6705919.840098951,6611123.125841162,-135.0,6382.6015625,12648.978015167271,307
-6705927.340098951,6611123.125841162,-127.5,6382.6015625,12648.978015167271,307
-6705934.840098951,6611123.125841162,-120.0,6382.6015625,12648.978015167271,307
-6705942.340098951,6611123.125841162,-112.5,6382.6015625,12648.978015167271,307
-6705949.840098951,6611123.125841162,-105.0,6382.6015625,12648.978015167271,307
-6705957.340098951,6611123.125841162,-97.49999999999999,6382.6015625,12648.978015167271,307
-6705964.840098951,6611123.125841162,-90.0,6382.6015625,12648.978015167271,307
-6705972.340098951,6611123.125841162,-82.5,6382.6015625,12648.978015167271,307
-6705979.840098951,6611123.125841162,-75.0,6382.6015625,12648.978015167271,307
-6705987.340098951,6611123.125841162,-67.5,6382.6015625,12648.978015167271,307
-6705994.840098951,6611123.125841162,-59.999999999999986,6382.6015625,12648.978015167271,307
-6706002.340098951,6611123.125841162,-52.5,6378.2451171875,12648.978015167271,307
-6706009.840098951,6611123.125841162,-44.99999999999999,6378.2451171875,12648.978015167271,307
-6706017.340098951,6611123.125841162,-37.5,6378.2451171875,12648.978015167271,307
-6706024.840098951,6611123.125841162,-29.999999999999993,6378.2451171875,12648.978015167271,307
-6706032.340098951,6611123.125841162,-22.499999999999986,6378.2451171875,12648.978015167271,307
-6706039.840098951,6611123.125841162,-14.999999999999996,6378.2451171875,12648.978015167271,307
-6706047.340098951,6611123.125841162,-7.49999999999999,6378.2451171875,12648.978015167271,307
-6706054.840098951,6611123.125841162,0.0,6378.2451171875,12648.978015167271,307
-6706062.340098951,6611123.125841162,7.500000000000007,6378.2451171875,12648.978015167271,307
-6706069.840098951,6611123.125841162,15.000000000000014,6378.2451171875,12648.978015167271,307
-6706077.340098951,6611123.125841162,22.50000000000002,6378.2451171875,12648.978015167271,307
-6706084.840098951,6611123.125841162,30.00000000000003,6378.2451171875,12648.978015167271,307
-6706092.340098951,6611123.125841162,37.5,6378.2451171875,12648.978015167271,307
-6706099.840098951,6611123.125841162,45.00000000000001,6378.2451171875,12648.978015167271,307
-6706107.340098951,6611123.125841162,52.500000000000014,6378.2451171875,12648.978015167271,307
-6706114.840098951,6611123.125841162,60.00000000000002,6385.37109375,12648.978015167271,307
-6706122.340098951,6611123.125841162,67.50000000000003,6385.37109375,12648.978015167271,307
-6706129.840098951,6611123.125841162,75.0,6385.37109375,12648.978015167271,307
-6706137.340098951,6611123.125841162,82.5,6385.37109375,12648.978015167271,307
-6706144.840098951,6611123.125841162,90.00000000000001,6385.37109375,12648.978015167271,307
-6706152.340098951,6611123.125841162,97.50000000000001,6385.37109375,12648.978015167271,307
-6706159.840098951,6611123.125841162,105.00000000000003,6385.37109375,12648.978015167271,307
-6706167.340098951,6611123.125841162,112.5,6385.37109375,12648.978015167271,307
-6706174.840098951,6611123.125841162,120.0,6385.37109375,12648.978015167271,307
-6706182.340098951,6611123.125841162,127.50000000000001,6385.37109375,12648.978015167271,307
-6706189.840098951,6611123.125841162,135.00000000000003,6385.37109375,12648.978015167271,307
-6706197.340098951,6611123.125841162,142.50000000000003,6385.37109375,12648.978015167271,307
-6706204.840098951,6611123.125841162,150.0,6385.37109375,12648.978015167271,307
-6705648.548196291,6611513.617155891,-150.0,6383.923828125,13154.937135773962,307
-6705653.851497149,6611508.313855032,-142.5,6383.923828125,13154.937135773962,307
-6705659.1547980085,6611503.010554173,-135.0,6383.923828125,13154.937135773962,307
-6705664.458098867,6611497.707253315,-127.5,6379.05322265625,13154.937135773962,307
-6705669.761399726,6611492.403952455,-120.0,6379.05322265625,13154.937135773962,307
-6705675.064700585,6611487.100651597,-112.5,6379.05322265625,13154.937135773962,307
-6705680.368001444,6611481.797350737,-105.0,6379.05322265625,13154.937135773962,307
-6705685.671302303,6611476.494049879,-97.49999999999999,6379.05322265625,13154.937135773962,307
-6705690.974603162,6611471.190749019,-90.0,6379.05322265625,13154.937135773962,307
-6705696.277904021,6611465.887448161,-82.5,6379.05322265625,13154.937135773962,307
-6705701.58120488,6611460.584147302,-75.0,6379.05322265625,13154.937135773962,307
-6705706.8845057385,6611455.280846443,-67.5,6379.05322265625,13154.937135773962,307
-6705712.187806597,6611449.977545585,-59.999999999999986,6379.05322265625,13154.937135773962,307
-6705717.491107456,6611444.674244725,-52.5,6379.05322265625,13154.937135773962,307
-6705722.794408315,6611439.370943867,-44.99999999999999,6379.05322265625,13154.937135773962,307
-6705728.097709174,6611434.067643007,-37.5,6379.05322265625,13154.937135773962,307
-6705733.401010033,6611428.764342149,-29.999999999999993,6379.05322265625,13154.937135773962,307
-6705738.704310892,6611423.461041289,-22.499999999999986,6378.52587890625,13154.937135773962,307
-6705744.007611751,6611418.157740431,-14.999999999999996,6378.52587890625,13154.937135773962,307
-6705749.31091261,6611412.8544395715,-7.49999999999999,6378.52587890625,13154.937135773962,307
-6705754.6142134685,6611407.551138713,0.0,6378.52587890625,13154.937135773962,307
-6705759.917514327,6611402.247837855,7.500000000000007,6378.52587890625,13154.937135773962,307
-6705765.220815186,6611396.944536995,15.000000000000014,6378.52587890625,13154.937135773962,307
-6705770.524116045,6611391.641236137,22.50000000000002,6378.52587890625,13154.937135773962,307
-6705775.827416904,6611386.337935277,30.00000000000003,6380.3359375,13154.937135773962,307
-6705781.130717763,6611381.034634419,37.5,6380.3359375,13154.937135773962,307
-6705786.434018622,6611375.731333559,45.00000000000001,6380.3359375,13154.937135773962,307
-6705791.737319481,6611370.428032701,52.500000000000014,6380.3359375,13154.937135773962,307
-6705797.04062034,6611365.1247318415,60.00000000000002,6380.3359375,13154.937135773962,307
-6705802.3439211985,6611359.821430983,67.50000000000003,6380.3359375,13154.937135773962,307
-6705807.647222057,6611354.518130124,75.0,6380.3359375,13154.937135773962,307
-6705812.950522916,6611349.214829265,82.5,6380.3359375,13154.937135773962,307
-6705818.253823775,6611343.911528407,90.00000000000001,6380.3359375,13154.937135773962,307
-6705823.557124634,6611338.608227547,97.50000000000001,6380.3359375,13154.937135773962,307
-6705828.860425493,6611333.304926689,105.00000000000003,6380.3359375,13154.937135773962,307
-6705834.163726352,6611328.001625829,112.5,6380.3359375,13154.937135773962,307
-6705839.467027211,6611322.698324971,120.0,6380.3359375,13154.937135773962,307
-6705844.77032807,6611317.3950241115,127.50000000000001,6380.3359375,13154.937135773962,307
-6705850.0736289285,6611312.091723253,135.00000000000003,6379.25,13154.937135773962,307
-6705855.376929788,6611306.788422394,142.50000000000003,6379.25,13154.937135773962,307
-6705860.680230646,6611301.485121535,150.0,6379.25,13154.937135773962,307
-6705599.998166657,6611725.228817924,-150.0,6376.03759765625,13660.896256380653,307
-6705605.3014675155,6611730.532118782,-142.5,6376.03759765625,13660.896256380653,307
-6705610.604768375,6611735.835419642,-135.0,6376.03759765625,13660.896256380653,307
-6705615.908069233,6611741.138720501,-127.5,6376.03759765625,13660.896256380653,307
-6705621.211370093,6611746.44202136,-120.0,6376.03759765625,13660.896256380653,307
-6705626.514670951,6611751.745322218,-112.5,6376.03759765625,13660.896256380653,307
-6705631.817971811,6611757.048623078,-105.0,6376.03759765625,13660.896256380653,307
-6705637.121272669,6611762.351923937,-97.49999999999999,6376.03759765625,13660.896256380653,307
-6705642.424573529,6611767.655224795,-90.0,6376.31005859375,13660.896256380653,307
-6705647.727874387,6611772.958525654,-82.5,6376.31005859375,13660.896256380653,307
-6705653.031175246,6611778.261826513,-75.0,6376.31005859375,13660.896256380653,307
-6705658.334476105,6611783.565127373,-67.5,6376.31005859375,13660.896256380653,307
-6705663.637776963,6611788.868428231,-59.999999999999986,6375.45361328125,13660.896256380653,307
-6705668.941077823,6611794.17172909,-52.5,6375.45361328125,13660.896256380653,307
-6705674.244378681,6611799.475029949,-44.99999999999999,6375.45361328125,13660.896256380653,307
-6705679.547679541,6611804.7783308085,-37.5,6375.45361328125,13660.896256380653,307
-6705684.850980399,6611810.081631667,-29.999999999999993,6375.45361328125,13660.896256380653,307
-6705690.154281259,6611815.384932525,-22.499999999999986,6375.45361328125,13660.896256380653,307
-6705695.457582117,6611820.688233385,-14.999999999999996,6375.45361328125,13660.896256380653,307
-6705700.760882976,6611825.991534244,-7.49999999999999,6375.45361328125,13660.896256380653,307
-6705706.064183835,6611831.294835103,0.0,6375.45361328125,13660.896256380653,307
-6705711.367484693,6611836.598135961,7.500000000000007,6375.45361328125,13660.896256380653,307
-6705716.670785553,6611841.901436821,15.000000000000014,6375.45361328125,13660.896256380653,307
-6705721.974086411,6611847.20473768,22.50000000000002,6375.45361328125,13660.896256380653,307
-6705727.277387271,6611852.5080385385,30.00000000000003,6375.45361328125,13660.896256380653,307
-6705732.580688129,6611857.811339397,37.5,6375.45361328125,13660.896256380653,307
-6705737.883988989,6611863.114640256,45.00000000000001,6375.45361328125,13660.896256380653,307
-6705743.187289847,6611868.417941116,52.500000000000014,6375.45361328125,13660.896256380653,307
-6705748.4905907065,6611873.721241974,60.00000000000002,6375.45361328125,13660.896256380653,307
-6705753.793891565,6611879.024542833,67.50000000000003,6376.04248046875,13660.896256380653,307
-6705759.097192423,6611884.327843692,75.0,6376.04248046875,13660.896256380653,307
-6705764.400493283,6611889.631144552,82.5,6376.04248046875,13660.896256380653,307
-6705769.703794141,6611894.93444541,90.00000000000001,6376.04248046875,13660.896256380653,307
-6705775.007095001,6611900.2377462685,97.50000000000001,6377.47900390625,13660.896256380653,307
-6705780.310395859,6611905.541047128,105.00000000000003,6377.47900390625,13660.896256380653,307
-6705785.613696719,6611910.844347987,112.5,6377.47900390625,13660.896256380653,307
-6705790.916997577,6611916.147648846,120.0,6377.47900390625,13660.896256380653,307
-6705796.2202984365,6611921.450949704,127.50000000000001,6377.47900390625,13660.896256380653,307
-6705801.523599295,6611926.754250564,135.00000000000003,6377.47900390625,13660.896256380653,307
-6705806.826900154,6611932.057551423,142.50000000000003,6377.47900390625,13660.896256380653,307
-6705812.130201013,6611937.360852282,150.0,6377.47900390625,13660.896256380653,307
-6705341.694838429,6612248.4592654845,-150.0,6376.884765625,14166.855376987343,307
-6705349.194838429,6612248.4592654845,-142.5,6376.884765625,14166.855376987343,307
-6705356.694838429,6612248.4592654845,-135.0,6376.884765625,14166.855376987343,307
-6705364.194838429,6612248.4592654845,-127.5,6376.884765625,14166.855376987343,307
-6705371.694838429,6612248.4592654845,-120.0,6376.884765625,14166.855376987343,307
-6705379.194838429,6612248.4592654845,-112.5,6376.884765625,14166.855376987343,307
-6705386.694838429,6612248.4592654845,-105.0,6376.884765625,14166.855376987343,307
-6705394.194838429,6612248.4592654845,-97.49999999999999,6376.884765625,14166.855376987343,307
-6705401.694838429,6612248.4592654845,-90.0,6376.884765625,14166.855376987343,307
-6705409.194838429,6612248.4592654845,-82.5,6376.884765625,14166.855376987343,307
-6705416.694838429,6612248.4592654845,-75.0,6376.884765625,14166.855376987343,307
-6705424.194838429,6612248.4592654845,-67.5,6376.884765625,14166.855376987343,307
-6705431.694838429,6612248.4592654845,-59.999999999999986,6376.884765625,14166.855376987343,307
-6705439.194838429,6612248.4592654845,-52.5,6374.7314453125,14166.855376987343,307
-6705446.694838429,6612248.4592654845,-44.99999999999999,6374.7314453125,14166.855376987343,307
-6705454.194838429,6612248.4592654845,-37.5,6374.7314453125,14166.855376987343,307
-6705461.694838429,6612248.4592654845,-29.999999999999993,6374.7314453125,14166.855376987343,307
-6705469.194838429,6612248.4592654845,-22.499999999999986,6374.7314453125,14166.855376987343,307
-6705476.694838429,6612248.4592654845,-14.999999999999996,6374.7314453125,14166.855376987343,307
-6705484.194838429,6612248.4592654845,-7.49999999999999,6374.7314453125,14166.855376987343,307
-6705491.694838429,6612248.4592654845,0.0,6374.7314453125,14166.855376987343,307
-6705499.194838429,6612248.4592654845,7.500000000000007,6374.7314453125,14166.855376987343,307
-6705506.694838429,6612248.4592654845,15.000000000000014,6374.7314453125,14166.855376987343,307
-6705514.194838429,6612248.4592654845,22.50000000000002,6374.7314453125,14166.855376987343,307
-6705521.694838429,6612248.4592654845,30.00000000000003,6374.7314453125,14166.855376987343,307
-6705529.194838429,6612248.4592654845,37.5,6374.7314453125,14166.855376987343,307
-6705536.694838429,6612248.4592654845,45.00000000000001,6374.7314453125,14166.855376987343,307
-6705544.194838429,6612248.4592654845,52.500000000000014,6374.7314453125,14166.855376987343,307
-6705551.694838429,6612248.4592654845,60.00000000000002,6375.6259765625,14166.855376987343,307
-6705559.194838429,6612248.4592654845,67.50000000000003,6375.6259765625,14166.855376987343,307
-6705566.694838429,6612248.4592654845,75.0,6375.6259765625,14166.855376987343,307
-6705574.194838429,6612248.4592654845,82.5,6375.6259765625,14166.855376987343,307
-6705581.694838429,6612248.4592654845,90.00000000000001,6375.6259765625,14166.855376987343,307
-6705589.194838429,6612248.4592654845,97.50000000000001,6375.6259765625,14166.855376987343,307
-6705596.694838429,6612248.4592654845,105.00000000000003,6375.6259765625,14166.855376987343,307
-6705604.194838429,6612248.4592654845,112.5,6375.6259765625,14166.855376987343,307
-6705611.694838429,6612248.4592654845,120.0,6375.6259765625,14166.855376987343,307
-6705619.194838429,6612248.4592654845,127.50000000000001,6375.6259765625,14166.855376987343,307
-6705626.694838429,6612248.4592654845,135.00000000000003,6375.6259765625,14166.855376987343,307
-6705634.194838429,6612248.4592654845,142.50000000000003,6375.6259765625,14166.855376987343,307
-6705641.694838429,6612248.4592654845,150.0,6375.6259765625,14166.855376987343,307
-6705568.230660207,6612784.84824506,-150.0,6370.39306640625,14672.814497594034,307
-6705573.533961065,6612779.544944201,-142.5,6370.39306640625,14672.814497594034,307
-6705578.8372619245,6612774.241643342,-135.0,6372.65478515625,14672.814497594034,307
-6705584.140562783,6612768.938342484,-127.5,6372.65478515625,14672.814497594034,307
-6705589.443863642,6612763.635041624,-120.0,6372.65478515625,14672.814497594034,307
-6705594.747164501,6612758.331740765,-112.5,6372.65478515625,14672.814497594034,307
-6705600.05046536,6612753.028439906,-105.0,6372.65478515625,14672.814497594034,307
-6705605.353766219,6612747.725139048,-97.49999999999999,6372.65478515625,14672.814497594034,307
-6705610.657067078,6612742.421838189,-90.0,6372.65478515625,14672.814497594034,307
-6705615.960367937,6612737.118537329,-82.5,6372.65478515625,14672.814497594034,307
-6705621.263668796,6612731.815236471,-75.0,6372.65478515625,14672.814497594034,307
-6705626.5669696545,6612726.511935612,-67.5,6372.65478515625,14672.814497594034,307
-6705631.870270513,6612721.208634753,-59.999999999999986,6372.65478515625,14672.814497594034,307
-6705637.173571372,6612715.905333893,-52.5,6372.65478515625,14672.814497594034,307
-6705642.476872231,6612710.602033035,-44.99999999999999,6372.65478515625,14672.814497594034,307
-6705647.78017309,6612705.298732176,-37.5,6372.65478515625,14672.814497594034,307
-6705653.083473949,6612699.995431317,-29.999999999999993,6372.65478515625,14672.814497594034,307
-6705658.386774808,6612694.692130458,-22.499999999999986,6372.65478515625,14672.814497594034,307
-6705663.690075667,6612689.388829599,-14.999999999999996,6371.4365234375,14672.814497594034,307
-6705668.993376526,6612684.085528741,-7.49999999999999,6371.4365234375,14672.814497594034,307
-6705674.2966773845,6612678.782227881,0.0,6371.4365234375,14672.814497594034,307
-6705679.599978243,6612673.478927022,7.500000000000007,6371.4365234375,14672.814497594034,307
-6705684.903279102,6612668.175626163,15.000000000000014,6371.4365234375,14672.814497594034,307
-6705690.206579961,6612662.872325305,22.50000000000002,6373.36181640625,14672.814497594034,307
-6705695.50988082,6612657.5690244455,30.00000000000003,6373.36181640625,14672.814497594034,307
-6705700.813181679,6612652.265723586,37.5,6373.36181640625,14672.814497594034,307
-6705706.116482538,6612646.962422728,45.00000000000001,6373.36181640625,14672.814497594034,307
-6705711.419783397,6612641.659121869,52.500000000000014,6373.36181640625,14672.814497594034,307
-6705716.723084256,6612636.35582101,60.00000000000002,6373.36181640625,14672.814497594034,307
-6705722.0263851145,6612631.05252015,67.50000000000003,6373.36181640625,14672.814497594034,307
-6705727.329685973,6612625.749219292,75.0,6373.36181640625,14672.814497594034,307
-6705732.632986832,6612620.445918433,82.5,6373.36181640625,14672.814497594034,307
-6705737.936287691,6612615.142617574,90.00000000000001,6373.36181640625,14672.814497594034,307
-6705743.23958855,6612609.839316715,97.50000000000001,6373.36181640625,14672.814497594034,307
-6705748.542889409,6612604.536015856,105.00000000000003,6373.36181640625,14672.814497594034,307
-6705753.846190268,6612599.232714998,112.5,6373.36181640625,14672.814497594034,307
-6705759.149491127,6612593.929414138,120.0,6373.36181640625,14672.814497594034,307
-6705764.452791986,6612588.626113279,127.50000000000001,6373.36181640625,14672.814497594034,307
-6705769.7560928445,6612583.32281242,135.00000000000003,6373.36181640625,14672.814497594034,307
-6705775.059393704,6612578.019511562,142.50000000000003,6373.50244140625,14672.814497594034,307
-6705780.362694562,6612572.716210702,150.0,6373.50244140625,14672.814497594034,307
-6705375.41683203,6612963.47162149,-150.0,6371.8427734375,15178.773618200725,307
-6705380.720132888,6612968.774922349,-142.5,6371.8427734375,15178.773618200725,307
-6705386.023433748,6612974.078223208,-135.0,6371.8427734375,15178.773618200725,307
-6705391.326734606,6612979.381524066,-127.5,6371.8427734375,15178.773618200725,307
-6705396.630035466,6612984.684824926,-120.0,6371.8427734375,15178.773618200725,307
-6705401.933336324,6612989.988125784,-112.5,6371.8427734375,15178.773618200725,307
-6705407.236637183,6612995.291426644,-105.0,6371.8427734375,15178.773618200725,307
-6705412.539938042,6613000.594727502,-97.49999999999999,6371.8427734375,15178.773618200725,307
-6705417.843238901,6613005.898028362,-90.0,6370.06640625,15178.773618200725,307
-6705423.14653976,6613011.20132922,-82.5,6370.06640625,15178.773618200725,307
-6705428.449840618,6613016.5046300795,-75.0,6370.06640625,15178.773618200725,307
-6705433.753141478,6613021.807930938,-67.5,6370.06640625,15178.773618200725,307
-6705439.056442336,6613027.111231796,-59.999999999999986,6367.10791015625,15178.773618200725,307
-6705444.359743196,6613032.414532656,-52.5,6367.10791015625,15178.773618200725,307
-6705449.663044054,6613037.717833514,-44.99999999999999,6367.10791015625,15178.773618200725,307
-6705454.9663449135,6613043.021134374,-37.5,6367.10791015625,15178.773618200725,307
-6705460.269645772,6613048.324435232,-29.999999999999993,6367.10791015625,15178.773618200725,307
-6705465.572946631,6613053.627736092,-22.499999999999986,6367.10791015625,15178.773618200725,307
-6705470.87624749,6613058.93103695,-14.999999999999996,6367.10791015625,15178.773618200725,307
-6705476.179548349,6613064.2343378095,-7.49999999999999,6367.10791015625,15178.773618200725,307
-6705481.482849208,6613069.537638668,0.0,6367.10791015625,15178.773618200725,307
-6705486.786150066,6613074.840939526,7.500000000000007,6367.10791015625,15178.773618200725,307
-6705492.089450926,6613080.144240386,15.000000000000014,6367.10791015625,15178.773618200725,307
-6705497.392751784,6613085.447541244,22.50000000000002,6367.10791015625,15178.773618200725,307
-6705502.6960526435,6613090.750842104,30.00000000000003,6367.10791015625,15178.773618200725,307
-6705507.999353502,6613096.054142962,37.5,6367.10791015625,15178.773618200725,307
-6705513.302654361,6613101.357443822,45.00000000000001,6367.10791015625,15178.773618200725,307
-6705518.60595522,6613106.66074468,52.500000000000014,6367.10791015625,15178.773618200725,307
-6705523.909256079,6613111.9640455395,60.00000000000002,6367.10791015625,15178.773618200725,307
-6705529.212556938,6613117.267346398,67.50000000000003,6369.63037109375,15178.773618200725,307
-6705534.515857797,6613122.570647256,75.0,6369.63037109375,15178.773618200725,307
-6705539.819158656,6613127.873948116,82.5,6369.63037109375,15178.773618200725,307
-6705545.122459514,6613133.177248974,90.00000000000001,6369.63037109375,15178.773618200725,307
-6705550.4257603735,6613138.480549834,97.50000000000001,6369.6796875,15178.773618200725,307
-6705555.729061232,6613143.783850692,105.00000000000003,6369.6796875,15178.773618200725,307
-6705561.032362091,6613149.087151552,112.5,6369.6796875,15178.773618200725,307
-6705566.33566295,6613154.39045241,120.0,6369.6796875,15178.773618200725,307
-6705571.638963809,6613159.6937532695,127.50000000000001,6369.6796875,15178.773618200725,307
-6705576.942264668,6613164.997054128,135.00000000000003,6369.6796875,15178.773618200725,307
-6705582.245565527,6613170.300354987,142.50000000000003,6369.6796875,15178.773618200725,307
-6705587.548866386,6613175.603655846,150.0,6369.6796875,15178.773618200725,307
-6705017.649706846,6613095.980642466,-150.0,6369.81982421875,15684.732738807415,307
-6705022.953007705,6613101.283943324,-142.5,6369.81982421875,15684.732738807415,307
-6705028.256308564,6613106.587244184,-135.0,6369.81982421875,15684.732738807415,307
-6705033.559609422,6613111.890545042,-127.5,6369.81982421875,15684.732738807415,307
-6705038.862910282,6613117.193845902,-120.0,6367.1728515625,15684.732738807415,307
-6705044.16621114,6613122.49714676,-112.5,6367.1728515625,15684.732738807415,307
-6705049.469512,6613127.8004476195,-105.0,6367.1728515625,15684.732738807415,307
-6705054.772812858,6613133.103748478,-97.49999999999999,6367.1728515625,15684.732738807415,307
-6705060.076113718,6613138.407049337,-90.0,6367.1728515625,15684.732738807415,307
-6705065.379414576,6613143.710350196,-82.5,6367.1728515625,15684.732738807415,307
-6705070.682715435,6613149.013651054,-75.0,6367.1728515625,15684.732738807415,307
-6705075.986016294,6613154.316951914,-67.5,6367.1728515625,15684.732738807415,307
-6705081.289317152,6613159.620252772,-59.999999999999986,6367.1728515625,15684.732738807415,307
-6705086.592618012,6613164.923553632,-52.5,6367.1728515625,15684.732738807415,307
-6705091.89591887,6613170.22685449,-44.99999999999999,6367.1728515625,15684.732738807415,307
-6705097.19921973,6613175.5301553495,-37.5,6367.1728515625,15684.732738807415,307
-6705102.502520588,6613180.833456208,-29.999999999999993,6366.66943359375,15684.732738807415,307
-6705107.805821448,6613186.136757067,-22.499999999999986,6366.66943359375,15684.732738807415,307
-6705113.109122306,6613191.440057926,-14.999999999999996,6366.66943359375,15684.732738807415,307
-6705118.4124231655,6613196.743358785,-7.49999999999999,6366.66943359375,15684.732738807415,307
-6705123.715724024,6613202.046659644,0.0,6366.66943359375,15684.732738807415,307
-6705129.019024882,6613207.349960502,7.500000000000007,6366.66943359375,15684.732738807415,307
-6705134.322325742,6613212.653261362,15.000000000000014,6366.66943359375,15684.732738807415,307
-6705139.6256266,6613217.95656222,22.50000000000002,6366.66943359375,15684.732738807415,307
-6705144.92892746,6613223.2598630795,30.00000000000003,6366.66943359375,15684.732738807415,307
-6705150.232228318,6613228.563163938,37.5,6367.22802734375,15684.732738807415,307
-6705155.535529178,6613233.866464797,45.00000000000001,6367.22802734375,15684.732738807415,307
-6705160.838830036,6613239.169765656,52.500000000000014,6367.22802734375,15684.732738807415,307
-6705166.1421308955,6613244.473066515,60.00000000000002,6367.22802734375,15684.732738807415,307
-6705171.445431754,6613249.776367374,67.50000000000003,6367.22802734375,15684.732738807415,307
-6705176.748732613,6613255.079668233,75.0,6367.22802734375,15684.732738807415,307
-6705182.052033472,6613260.382969092,82.5,6367.22802734375,15684.732738807415,307
-6705187.35533433,6613265.68626995,90.00000000000001,6367.22802734375,15684.732738807415,307
-6705192.65863519,6613270.9895708095,97.50000000000001,6367.22802734375,15684.732738807415,307
-6705197.961936048,6613276.292871668,105.00000000000003,6367.22802734375,15684.732738807415,307
-6705203.265236908,6613281.596172527,112.5,6367.22802734375,15684.732738807415,307
-6705208.568537766,6613286.899473386,120.0,6367.22802734375,15684.732738807415,307
-6705213.8718386255,6613292.202774245,127.50000000000001,6367.9111328125,15684.732738807415,307
-6705219.175139484,6613297.506075104,135.00000000000003,6367.9111328125,15684.732738807415,307
-6705224.478440343,6613302.809375963,142.50000000000003,6367.9111328125,15684.732738807415,307
-6705229.781741202,6613308.112676822,150.0,6367.9111328125,15684.732738807415,307
-6704971.420344502,6613764.844658813,-150.0,6362.3203125,16190.691859414106,307
-6704976.72364536,6613759.541357955,-142.5,6362.3203125,16190.691859414106,307
-6704982.02694622,6613754.238057096,-135.0,6362.3203125,16190.691859414106,307
-6704987.330247078,6613748.934756237,-127.5,6365.5302734375,16190.691859414106,307
-6704992.6335479375,6613743.631455378,-120.0,6365.5302734375,16190.691859414106,307
-6704997.936848796,6613738.328154519,-112.5,6365.5302734375,16190.691859414106,307
-6705003.240149655,6613733.02485366,-105.0,6365.5302734375,16190.691859414106,307
-6705008.543450514,6613727.721552801,-97.49999999999999,6365.5302734375,16190.691859414106,307
-6705013.846751373,6613722.418251942,-90.0,6365.5302734375,16190.691859414106,307
-6705019.150052232,6613717.114951083,-82.5,6365.5302734375,16190.691859414106,307
-6705024.45335309,6613711.811650224,-75.0,6365.5302734375,16190.691859414106,307
-6705029.75665395,6613706.508349366,-67.5,6365.5302734375,16190.691859414106,307
-6705035.059954808,6613701.205048507,-59.999999999999986,6365.5302734375,16190.691859414106,307
-6705040.3632556675,6613695.901747648,-52.5,6365.5302734375,16190.691859414106,307
-6705045.666556526,6613690.598446789,-44.99999999999999,6365.5302734375,16190.691859414106,307
-6705050.969857385,6613685.29514593,-37.5,6365.5302734375,16190.691859414106,307
-6705056.273158244,6613679.991845071,-29.999999999999993,6365.5302734375,16190.691859414106,307
-6705061.576459103,6613674.688544212,-22.499999999999986,6365.01708984375,16190.691859414106,307
-6705066.879759962,6613669.385243353,-14.999999999999996,6365.01708984375,16190.691859414106,307
-6705072.183060821,6613664.081942494,-7.49999999999999,6365.01708984375,16190.691859414106,307
-6705077.48636168,6613658.778641636,0.0,6365.01708984375,16190.691859414106,307
-6705082.789662538,6613653.475340777,7.500000000000007,6365.01708984375,16190.691859414106,307
-6705088.0929633975,6613648.172039918,15.000000000000014,6365.01708984375,16190.691859414106,307
-6705093.396264256,6613642.868739059,22.50000000000002,6365.01708984375,16190.691859414106,307
-6705098.699565115,6613637.5654382,30.00000000000003,6366.2275390625,16190.691859414106,307
-6705104.002865974,6613632.262137341,37.5,6366.2275390625,16190.691859414106,307
-6705109.306166833,6613626.958836482,45.00000000000001,6366.2275390625,16190.691859414106,307
-6705114.609467692,6613621.655535623,52.500000000000014,6366.2275390625,16190.691859414106,307
-6705119.912768551,6613616.352234764,60.00000000000002,6366.2275390625,16190.691859414106,307
-6705125.21606941,6613611.048933906,67.50000000000003,6366.2275390625,16190.691859414106,307
-6705130.519370269,6613605.745633047,75.0,6366.2275390625,16190.691859414106,307
-6705135.8226711275,6613600.442332188,82.5,6366.2275390625,16190.691859414106,307
-6705141.125971986,6613595.139031329,90.00000000000001,6366.2275390625,16190.691859414106,307
-6705146.429272845,6613589.83573047,97.50000000000001,6366.2275390625,16190.691859414106,307
-6705151.732573704,6613584.532429611,105.00000000000003,6366.2275390625,16190.691859414106,307
-6705157.035874563,6613579.229128752,112.5,6366.2275390625,16190.691859414106,307
-6705162.339175422,6613573.925827893,120.0,6366.2275390625,16190.691859414106,307
-6705167.642476281,6613568.622527034,127.50000000000001,6366.2275390625,16190.691859414106,307
-6705172.94577714,6613563.319226176,135.00000000000003,6366.796875,16190.691859414106,307
-6705178.249077999,6613558.015925316,142.50000000000003,6366.796875,16190.691859414106,307
-6705183.5523788575,6613552.712624458,150.0,6366.796875,16190.691859414106,307
-6705116.436734221,6614086.471955321,-150.0,6364.11376953125,16696.650980020797,307
-6705123.936734221,6614086.471955321,-142.5,6364.11376953125,16696.650980020797,307
-6705131.436734221,6614086.471955321,-135.0,6364.11376953125,16696.650980020797,307
-6705138.936734221,6614086.471955321,-127.5,6364.11376953125,16696.650980020797,307
-6705146.436734221,6614086.471955321,-120.0,6364.11376953125,16696.650980020797,307
-6705153.936734221,6614086.471955321,-112.5,6364.11376953125,16696.650980020797,307
-6705161.436734221,6614086.471955321,-105.0,6364.11376953125,16696.650980020797,307
-6705168.936734221,6614086.471955321,-97.49999999999999,6364.11376953125,16696.650980020797,307
-6705176.436734221,6614086.471955321,-90.0,6364.11376953125,16696.650980020797,307
-6705183.936734221,6614086.471955321,-82.5,6364.11376953125,16696.650980020797,307
-6705191.436734221,6614086.471955321,-75.0,6364.11376953125,16696.650980020797,307
-6705198.936734221,6614086.471955321,-67.5,6364.11376953125,16696.650980020797,307
-6705206.436734221,6614086.471955321,-59.999999999999986,6364.11376953125,16696.650980020797,307
-6705213.936734221,6614086.471955321,-52.5,6361.728515625,16696.650980020797,307
-6705221.436734221,6614086.471955321,-44.99999999999999,6361.728515625,16696.650980020797,307
-6705228.936734221,6614086.471955321,-37.5,6361.728515625,16696.650980020797,307
-6705236.436734221,6614086.471955321,-29.999999999999993,6361.728515625,16696.650980020797,307
-6705243.936734221,6614086.471955321,-22.499999999999986,6361.728515625,16696.650980020797,307
-6705251.436734221,6614086.471955321,-14.999999999999996,6361.728515625,16696.650980020797,307
-6705258.936734221,6614086.471955321,-7.49999999999999,6361.728515625,16696.650980020797,307
-6705266.436734221,6614086.471955321,0.0,6361.728515625,16696.650980020797,307
-6705273.936734221,6614086.471955321,7.500000000000007,6361.728515625,16696.650980020797,307
-6705281.436734221,6614086.471955321,15.000000000000014,6361.728515625,16696.650980020797,307
-6705288.936734221,6614086.471955321,22.50000000000002,6361.728515625,16696.650980020797,307
-6705296.436734221,6614086.471955321,30.00000000000003,6361.728515625,16696.650980020797,307
-6705303.936734221,6614086.471955321,37.5,6361.728515625,16696.650980020797,307
-6705311.436734221,6614086.471955321,45.00000000000001,6361.728515625,16696.650980020797,307
-6705318.936734221,6614086.471955321,52.500000000000014,6361.728515625,16696.650980020797,307
-6705326.436734221,6614086.471955321,60.00000000000002,6363.0,16696.650980020797,307
-6705333.936734221,6614086.471955321,67.50000000000003,6363.0,16696.650980020797,307
-6705341.436734221,6614086.471955321,75.0,6363.0,16696.650980020797,307
-6705348.936734221,6614086.471955321,82.5,6363.0,16696.650980020797,307
-6705356.436734221,6614086.471955321,90.00000000000001,6363.0,16696.650980020797,307
-6705363.936734221,6614086.471955321,97.50000000000001,6363.0,16696.650980020797,307
-6705371.436734221,6614086.471955321,105.00000000000003,6363.0,16696.650980020797,307
-6705378.936734221,6614086.471955321,112.5,6363.0,16696.650980020797,307
-6705386.436734221,6614086.471955321,120.0,6363.0,16696.650980020797,307
-6705393.936734221,6614086.471955321,127.50000000000001,6363.0,16696.650980020797,307
-6705401.436734221,6614086.471955321,135.00000000000003,6363.0,16696.650980020797,307
-6705408.936734221,6614086.471955321,142.50000000000003,6363.0,16696.650980020797,307
-6705416.436734221,6614086.471955321,150.0,6363.0,16696.650980020797,307
-6705003.8076821165,6614545.778595028,-150.0,6369.591796875,17202.610100627488,307
-6705011.3076821165,6614545.778595028,-142.5,6369.591796875,17202.610100627488,307
-6705018.8076821165,6614545.778595028,-135.0,6369.591796875,17202.610100627488,307
-6705026.3076821165,6614545.778595028,-127.5,6369.591796875,17202.610100627488,307
-6705033.8076821165,6614545.778595028,-120.0,6369.591796875,17202.610100627488,307
-6705041.3076821165,6614545.778595028,-112.5,6369.591796875,17202.610100627488,307
-6705048.8076821165,6614545.778595028,-105.0,6369.591796875,17202.610100627488,307
-6705056.3076821165,6614545.778595028,-97.49999999999999,6369.591796875,17202.610100627488,307
-6705063.8076821165,6614545.778595028,-90.0,6369.591796875,17202.610100627488,307
-6705071.3076821165,6614545.778595028,-82.5,6369.591796875,17202.610100627488,307
-6705078.8076821165,6614545.778595028,-75.0,6369.591796875,17202.610100627488,307
-6705086.3076821165,6614545.778595028,-67.5,6369.591796875,17202.610100627488,307
-6705093.8076821165,6614545.778595028,-59.999999999999986,6369.591796875,17202.610100627488,307
-6705101.3076821165,6614545.778595028,-52.5,6362.7578125,17202.610100627488,307
-6705108.8076821165,6614545.778595028,-44.99999999999999,6362.7578125,17202.610100627488,307
-6705116.3076821165,6614545.778595028,-37.5,6362.7578125,17202.610100627488,307
-6705123.8076821165,6614545.778595028,-29.999999999999993,6362.7578125,17202.610100627488,307
-6705131.3076821165,6614545.778595028,-22.499999999999986,6362.7578125,17202.610100627488,307
-6705138.8076821165,6614545.778595028,-14.999999999999996,6362.7578125,17202.610100627488,307
-6705146.3076821165,6614545.778595028,-7.49999999999999,6362.7578125,17202.610100627488,307
-6705153.8076821165,6614545.778595028,0.0,6362.7578125,17202.610100627488,307
-6705161.3076821165,6614545.778595028,7.500000000000007,6362.7578125,17202.610100627488,307
-6705168.8076821165,6614545.778595028,15.000000000000014,6362.7578125,17202.610100627488,307
-6705176.3076821165,6614545.778595028,22.50000000000002,6362.7578125,17202.610100627488,307
-6705183.8076821165,6614545.778595028,30.00000000000003,6362.7578125,17202.610100627488,307
-6705191.3076821165,6614545.778595028,37.5,6362.7578125,17202.610100627488,307
-6705198.8076821165,6614545.778595028,45.00000000000001,6362.7578125,17202.610100627488,307
-6705206.3076821165,6614545.778595028,52.500000000000014,6362.7578125,17202.610100627488,307
-6705213.8076821165,6614545.778595028,60.00000000000002,6363.13671875,17202.610100627488,307
-6705221.3076821165,6614545.778595028,67.50000000000003,6363.13671875,17202.610100627488,307
-6705228.8076821165,6614545.778595028,75.0,6363.13671875,17202.610100627488,307
-6705236.3076821165,6614545.778595028,82.5,6363.13671875,17202.610100627488,307
-6705243.8076821165,6614545.778595028,90.00000000000001,6363.13671875,17202.610100627488,307
-6705251.3076821165,6614545.778595028,97.50000000000001,6363.13671875,17202.610100627488,307
-6705258.8076821165,6614545.778595028,105.00000000000003,6363.13671875,17202.610100627488,307
-6705266.3076821165,6614545.778595028,112.5,6363.13671875,17202.610100627488,307
-6705273.8076821165,6614545.778595028,120.0,6363.13671875,17202.610100627488,307
-6705281.3076821165,6614545.778595028,127.50000000000001,6363.13671875,17202.610100627488,307
-6705288.8076821165,6614545.778595028,135.00000000000003,6363.13671875,17202.610100627488,307
-6705296.3076821165,6614545.778595028,142.50000000000003,6363.13671875,17202.610100627488,307
-6705303.8076821165,6614545.778595028,150.0,6363.13671875,17202.610100627488,307
-6704833.505079542,6614856.931999228,-150.0,6368.64599609375,17708.56922123418,307
-6704838.808380401,6614862.235300086,-142.5,6368.64599609375,17708.56922123418,307
-6704844.11168126,6614867.538600946,-135.0,6368.64599609375,17708.56922123418,307
-6704849.414982119,6614872.841901805,-127.5,6368.64599609375,17708.56922123418,307
-6704854.718282978,6614878.145202664,-120.0,6368.64599609375,17708.56922123418,307
-6704860.0215838365,6614883.448503522,-112.5,6368.64599609375,17708.56922123418,307
-6704865.324884696,6614888.751804382,-105.0,6368.64599609375,17708.56922123418,307
-6704870.628185554,6614894.055105241,-97.49999999999999,6368.64599609375,17708.56922123418,307
-6704875.931486414,6614899.3584060995,-90.0,6358.4755859375,17708.56922123418,307
-6704881.234787272,6614904.661706958,-82.5,6358.4755859375,17708.56922123418,307
-6704886.538088132,6614909.965007817,-75.0,6358.4755859375,17708.56922123418,307
-6704891.84138899,6614915.268308677,-67.5,6358.4755859375,17708.56922123418,307
-6704897.144689849,6614920.571609535,-59.999999999999986,6362.888671875,17708.56922123418,307
-6704902.447990708,6614925.874910394,-52.5,6362.888671875,17708.56922123418,307
-6704907.7512915665,6614931.178211253,-44.99999999999999,6362.888671875,17708.56922123418,307
-6704913.054592426,6614936.481512113,-37.5,6362.888671875,17708.56922123418,307
-6704918.357893284,6614941.784812971,-29.999999999999993,6362.888671875,17708.56922123418,307
-6704923.661194144,6614947.0881138295,-22.499999999999986,6362.888671875,17708.56922123418,307
-6704928.964495002,6614952.391414689,-14.999999999999996,6362.888671875,17708.56922123418,307
-6704934.267795862,6614957.694715548,-7.49999999999999,6362.888671875,17708.56922123418,307
-6704939.57109672,6614962.998016407,0.0,6362.888671875,17708.56922123418,307
-6704944.874397579,6614968.301317265,7.500000000000007,6362.888671875,17708.56922123418,307
-6704950.177698438,6614973.604618125,15.000000000000014,6362.888671875,17708.56922123418,307
-6704955.4809992965,6614978.907918984,22.50000000000002,6362.888671875,17708.56922123418,307
-6704960.784300156,6614984.211219843,30.00000000000003,6362.888671875,17708.56922123418,307
-6704966.087601014,6614989.514520701,37.5,6362.888671875,17708.56922123418,307
-6704971.390901874,6614994.81782156,45.00000000000001,6362.888671875,17708.56922123418,307
-6704976.694202732,6615000.12112242,52.500000000000014,6362.888671875,17708.56922123418,307
-6704981.997503592,6615005.424423278,60.00000000000002,6362.888671875,17708.56922123418,307
-6704987.30080445,6615010.727724137,67.50000000000003,6365.84912109375,17708.56922123418,307
-6704992.604105309,6615016.031024996,75.0,6365.84912109375,17708.56922123418,307
-6704997.907406168,6615021.334325856,82.5,6365.84912109375,17708.56922123418,307
-6705003.2107070265,6615026.637626714,90.00000000000001,6365.84912109375,17708.56922123418,307
-6705008.514007886,6615031.940927573,97.50000000000001,6366.58984375,17708.56922123418,307
-6705013.817308744,6615037.244228432,105.00000000000003,6366.58984375,17708.56922123418,307
-6705019.120609604,6615042.547529291,112.5,6366.58984375,17708.56922123418,307
-6705024.423910462,6615047.85083015,120.0,6366.58984375,17708.56922123418,307
-6705029.727211322,6615053.154131008,127.50000000000001,6366.58984375,17708.56922123418,307
-6705035.03051218,6615058.457431868,135.00000000000003,6366.58984375,17708.56922123418,307
-6705040.33381304,6615063.760732727,142.50000000000003,6366.58984375,17708.56922123418,307
-6705045.637113898,6615069.064033586,150.0,6366.58984375,17708.56922123418,307
-6704891.178630012,6615417.739393544,-150.0,6360.4541015625,18214.52834184087,307
-6704898.678630012,6615417.739393544,-142.5,6360.4541015625,18214.52834184087,307
-6704906.178630012,6615417.739393544,-135.0,6360.4541015625,18214.52834184087,307
-6704913.678630012,6615417.739393544,-127.5,6360.4541015625,18214.52834184087,307
-6704921.178630012,6615417.739393544,-120.0,6360.4541015625,18214.52834184087,307
-6704928.678630012,6615417.739393544,-112.5,6360.4541015625,18214.52834184087,307
-6704936.178630012,6615417.739393544,-105.0,6360.4541015625,18214.52834184087,307
-6704943.678630012,6615417.739393544,-97.49999999999999,6360.4541015625,18214.52834184087,307
-6704951.178630012,6615417.739393544,-90.0,6360.4541015625,18214.52834184087,307
-6704958.678630012,6615417.739393544,-82.5,6360.4541015625,18214.52834184087,307
-6704966.178630012,6615417.739393544,-75.0,6360.4541015625,18214.52834184087,307
-6704973.678630012,6615417.739393544,-67.5,6360.4541015625,18214.52834184087,307
-6704981.178630012,6615417.739393544,-59.999999999999986,6360.4541015625,18214.52834184087,307
-6704988.678630012,6615417.739393544,-52.5,6352.849609375,18214.52834184087,307
-6704996.178630012,6615417.739393544,-44.99999999999999,6352.849609375,18214.52834184087,307
-6705003.678630012,6615417.739393544,-37.5,6352.849609375,18214.52834184087,307
-6705011.178630012,6615417.739393544,-29.999999999999993,6352.849609375,18214.52834184087,307
-6705018.678630012,6615417.739393544,-22.499999999999986,6352.849609375,18214.52834184087,307
-6705026.178630012,6615417.739393544,-14.999999999999996,6352.849609375,18214.52834184087,307
-6705033.678630012,6615417.739393544,-7.49999999999999,6352.849609375,18214.52834184087,307
-6705041.178630012,6615417.739393544,0.0,6352.849609375,18214.52834184087,307
-6705048.678630012,6615417.739393544,7.500000000000007,6352.849609375,18214.52834184087,307
-6705056.178630012,6615417.739393544,15.000000000000014,6352.849609375,18214.52834184087,307
-6705063.678630012,6615417.739393544,22.50000000000002,6352.849609375,18214.52834184087,307
-6705071.178630012,6615417.739393544,30.00000000000003,6352.849609375,18214.52834184087,307
-6705078.678630012,6615417.739393544,37.5,6352.849609375,18214.52834184087,307
-6705086.178630012,6615417.739393544,45.00000000000001,6352.849609375,18214.52834184087,307
-6705093.678630012,6615417.739393544,52.500000000000014,6352.849609375,18214.52834184087,307
-6705101.178630012,6615417.739393544,60.00000000000002,6358.01806640625,18214.52834184087,307
-6705108.678630012,6615417.739393544,67.50000000000003,6358.01806640625,18214.52834184087,307
-6705116.178630012,6615417.739393544,75.0,6358.01806640625,18214.52834184087,307
-6705123.678630012,6615417.739393544,82.5,6358.01806640625,18214.52834184087,307
-6705131.178630012,6615417.739393544,90.00000000000001,6358.01806640625,18214.52834184087,307
-6705138.678630012,6615417.739393544,97.50000000000001,6358.01806640625,18214.52834184087,307
-6705146.178630012,6615417.739393544,105.00000000000003,6358.01806640625,18214.52834184087,307
-6705153.678630012,6615417.739393544,112.5,6358.01806640625,18214.52834184087,307
-6705161.178630012,6615417.739393544,120.0,6358.01806640625,18214.52834184087,307
-6705168.678630012,6615417.739393544,127.50000000000001,6358.01806640625,18214.52834184087,307
-6705176.178630012,6615417.739393544,135.00000000000003,6358.01806640625,18214.52834184087,307
-6705183.678630012,6615417.739393544,142.50000000000003,6358.01806640625,18214.52834184087,307
-6705191.178630012,6615417.739393544,150.0,6358.01806640625,18214.52834184087,307
-6705046.331636601,6615770.395963213,-150.0,6349.650390625,18720.48746244756,307
-6705051.63493746,6615775.699264072,-142.5,6349.650390625,18720.48746244756,307
-6705056.938238319,6615781.002564931,-135.0,6349.650390625,18720.48746244756,307
-6705062.2415391775,6615786.30586579,-127.5,6349.650390625,18720.48746244756,307
-6705067.544840037,6615791.609166649,-120.0,6349.650390625,18720.48746244756,307
-6705072.848140895,6615796.912467508,-112.5,6349.650390625,18720.48746244756,307
-6705078.151441755,6615802.215768367,-105.0,6349.650390625,18720.48746244756,307
-6705083.454742613,6615807.5190692255,-97.49999999999999,6349.650390625,18720.48746244756,307
-6705088.758043473,6615812.822370085,-90.0,6349.650390625,18720.48746244756,307
-6705094.061344331,6615818.125670943,-82.5,6349.650390625,18720.48746244756,307
-6705099.364645191,6615823.428971803,-75.0,6346.52978515625,18720.48746244756,307
-6705104.667946049,6615828.732272661,-67.5,6346.52978515625,18720.48746244756,307
-6705109.9712469075,6615834.03557352,-59.999999999999986,6346.52978515625,18720.48746244756,307
-6705115.274547767,6615839.338874379,-52.5,6346.52978515625,18720.48746244756,307
-6705120.577848625,6615844.642175238,-44.99999999999999,6346.52978515625,18720.48746244756,307
-6705125.881149485,6615849.945476097,-37.5,6346.52978515625,18720.48746244756,307
-6705131.184450343,6615855.2487769555,-29.999999999999993,6346.52978515625,18720.48746244756,307
-6705136.487751203,6615860.552077815,-22.499999999999986,6346.52978515625,18720.48746244756,307
-6705141.791052061,6615865.855378673,-14.999999999999996,6346.52978515625,18720.48746244756,307
-6705147.094352921,6615871.158679533,-7.49999999999999,6346.52978515625,18720.48746244756,307
-6705152.397653779,6615876.461980391,0.0,6346.52978515625,18720.48746244756,307
-6705157.7009546375,6615881.76528125,7.500000000000007,6346.52978515625,18720.48746244756,307
-6705163.004255497,6615887.068582109,15.000000000000014,6346.52978515625,18720.48746244756,307
-6705168.307556355,6615892.371882968,22.50000000000002,6346.52978515625,18720.48746244756,307
-6705173.610857215,6615897.675183827,30.00000000000003,6346.52978515625,18720.48746244756,307
-6705178.914158073,6615902.9784846855,37.5,6346.52978515625,18720.48746244756,307
-6705184.217458933,6615908.281785545,45.00000000000001,6346.52978515625,18720.48746244756,307
-6705189.520759791,6615913.585086403,52.500000000000014,6346.52978515625,18720.48746244756,307
-6705194.824060651,6615918.888387263,60.00000000000002,6346.52978515625,18720.48746244756,307
-6705200.127361509,6615924.191688121,67.50000000000003,6346.52978515625,18720.48746244756,307
-6705205.4306623675,6615929.49498898,75.0,6346.52978515625,18720.48746244756,307
-6705210.733963227,6615934.798289839,82.5,6364.771484375,18720.48746244756,307
-6705216.037264085,6615940.101590698,90.00000000000001,6364.771484375,18720.48746244756,307
-6705221.340564945,6615945.404891557,97.50000000000001,6364.771484375,18720.48746244756,307
-6705226.643865803,6615950.708192416,105.00000000000003,6364.771484375,18720.48746244756,307
-6705231.947166663,6615956.011493275,112.5,6364.771484375,18720.48746244756,307
-6705237.250467521,6615961.314794133,120.0,6364.771484375,18720.48746244756,307
-6705242.553768381,6615966.618094993,127.50000000000001,6364.771484375,18720.48746244756,307
-6705247.857069239,6615971.921395851,135.00000000000003,6364.771484375,18720.48746244756,307
-6705253.160370098,6615977.224696711,142.50000000000003,6364.771484375,18720.48746244756,307
-6705258.463670957,6615982.527997569,150.0,6364.771484375,18720.48746244756,307
-6705230.568765811,6616362.939108367,-150.0,6349.3876953125,19226.44658305425,307
-6705230.568765811,6616355.439108367,-142.5,6349.3876953125,19226.44658305425,307
-6705230.568765811,6616347.939108367,-135.0,6349.3876953125,19226.44658305425,307
-6705230.568765811,6616340.439108367,-127.5,6349.3876953125,19226.44658305425,307
-6705230.568765811,6616332.939108367,-120.0,6349.3876953125,19226.44658305425,307
-6705230.568765811,6616325.439108367,-112.5,6349.3876953125,19226.44658305425,307
-6705230.568765811,6616317.939108367,-105.0,6349.3876953125,19226.44658305425,307
-6705230.568765811,6616310.439108367,-97.49999999999999,6349.3876953125,19226.44658305425,307
-6705230.568765811,6616302.939108367,-90.0,6349.3876953125,19226.44658305425,307
-6705230.568765811,6616295.439108367,-82.5,6349.3876953125,19226.44658305425,307
-6705230.568765811,6616287.939108367,-75.0,6349.3876953125,19226.44658305425,307
-6705230.568765811,6616280.439108367,-67.5,6349.3876953125,19226.44658305425,307
-6705230.568765811,6616272.939108367,-59.999999999999986,6349.3876953125,19226.44658305425,307
-6705230.568765811,6616265.439108367,-52.5,6341.28564453125,19226.44658305425,307
-6705230.568765811,6616257.939108367,-44.99999999999999,6341.28564453125,19226.44658305425,307
-6705230.568765811,6616250.439108367,-37.5,6341.28564453125,19226.44658305425,307
-6705230.568765811,6616242.939108367,-29.999999999999993,6341.28564453125,19226.44658305425,307
-6705230.568765811,6616235.439108367,-22.499999999999986,6341.28564453125,19226.44658305425,307
-6705230.568765811,6616227.939108367,-14.999999999999996,6341.28564453125,19226.44658305425,307
-6705230.568765811,6616220.439108367,-7.49999999999999,6341.28564453125,19226.44658305425,307
-6705230.568765811,6616212.939108367,0.0,6341.28564453125,19226.44658305425,307
-6705230.568765811,6616205.439108367,7.500000000000007,6341.28564453125,19226.44658305425,307
-6705230.568765811,6616197.939108367,15.000000000000014,6341.28564453125,19226.44658305425,307
-6705230.568765811,6616190.439108367,22.50000000000002,6341.28564453125,19226.44658305425,307
-6705230.568765811,6616182.939108367,30.00000000000003,6341.28564453125,19226.44658305425,307
-6705230.568765811,6616175.439108367,37.5,6341.28564453125,19226.44658305425,307
-6705230.568765811,6616167.939108367,45.00000000000001,6341.28564453125,19226.44658305425,307
-6705230.568765811,6616160.439108367,52.500000000000014,6341.28564453125,19226.44658305425,307
-6705230.568765811,6616152.939108367,60.00000000000002,6365.18017578125,19226.44658305425,307
-6705230.568765811,6616145.439108367,67.50000000000003,6365.18017578125,19226.44658305425,307
-6705230.568765811,6616137.939108367,75.0,6365.18017578125,19226.44658305425,307
-6705230.568765811,6616130.439108367,82.5,6365.18017578125,19226.44658305425,307
-6705230.568765811,6616122.939108367,90.00000000000001,6365.18017578125,19226.44658305425,307
-6705230.568765811,6616115.439108367,97.50000000000001,6365.18017578125,19226.44658305425,307
-6705230.568765811,6616107.939108367,105.00000000000003,6365.18017578125,19226.44658305425,307
-6705230.568765811,6616100.439108367,112.5,6365.18017578125,19226.44658305425,307
-6705230.568765811,6616092.939108367,120.0,6365.18017578125,19226.44658305425,307
-6705230.568765811,6616085.439108367,127.50000000000001,6365.18017578125,19226.44658305425,307
-6705230.568765811,6616077.939108367,135.00000000000003,6365.18017578125,19226.44658305425,307
-6705230.568765811,6616070.439108367,142.50000000000003,6365.18017578125,19226.44658305425,307
-6705230.568765811,6616062.939108367,150.0,6365.18017578125,19226.44658305425,307
-6705325.134764863,6616392.625251785,-150.0,6342.71826171875,19732.40570366094,307
-6705330.438065722,6616397.928552643,-142.5,6342.71826171875,19732.40570366094,307
-6705335.741366581,6616403.231853503,-135.0,6342.71826171875,19732.40570366094,307
-6705341.04466744,6616408.535154361,-127.5,6342.71826171875,19732.40570366094,307
-6705346.347968299,6616413.838455221,-120.0,6342.71826171875,19732.40570366094,307
-6705351.651269157,6616419.141756079,-112.5,6342.71826171875,19732.40570366094,307
-6705356.954570017,6616424.445056939,-105.0,6342.71826171875,19732.40570366094,307
-6705362.257870875,6616429.748357797,-97.49999999999999,6342.71826171875,19732.40570366094,307
-6705367.561171735,6616435.051658656,-90.0,6342.71826171875,19732.40570366094,307
-6705372.864472593,6616440.354959515,-82.5,6342.71826171875,19732.40570366094,307
-6705378.167773452,6616445.658260373,-75.0,6342.71826171875,19732.40570366094,307
-6705383.471074311,6616450.961561233,-67.5,6342.71826171875,19732.40570366094,307
-6705388.77437517,6616456.264862091,-59.999999999999986,6342.71826171875,19732.40570366094,307
-6705394.077676029,6616461.568162951,-52.5,6342.71826171875,19732.40570366094,307
-6705399.380976887,6616466.871463809,-44.99999999999999,6342.71826171875,19732.40570366094,307
-6705404.684277747,6616472.174764669,-37.5,6342.71826171875,19732.40570366094,307
-6705409.987578605,6616477.478065527,-29.999999999999993,6342.71826171875,19732.40570366094,307
-6705415.290879465,6616482.781366386,-22.499999999999986,6342.71826171875,19732.40570366094,307
-6705420.594180323,6616488.084667245,-14.999999999999996,6342.71826171875,19732.40570366094,307
-6705425.897481183,6616493.387968104,-7.49999999999999,6342.71826171875,19732.40570366094,307
-6705431.200782041,6616498.691268963,0.0,6342.40625,19732.40570366094,307
-6705436.5040829,6616503.994569821,7.500000000000007,6342.4794921875,19732.40570366094,307
-6705441.807383759,6616509.297870681,15.000000000000014,6342.4794921875,19732.40570366094,307
-6705447.110684617,6616514.601171539,22.50000000000002,6342.4794921875,19732.40570366094,307
-6705452.413985477,6616519.904472399,30.00000000000003,6342.4794921875,19732.40570366094,307
-6705457.717286335,6616525.207773257,37.5,6342.4794921875,19732.40570366094,307
-6705463.020587195,6616530.511074116,45.00000000000001,6342.4794921875,19732.40570366094,307
-6705468.323888053,6616535.814374975,52.500000000000014,6342.4794921875,19732.40570366094,307
-6705473.627188913,6616541.117675834,60.00000000000002,6342.4794921875,19732.40570366094,307
-6705478.930489771,6616546.420976693,67.50000000000003,6342.4794921875,19732.40570366094,307
-6705484.2337906305,6616551.724277552,75.0,6342.4794921875,19732.40570366094,307
-6705489.537091489,6616557.027578411,82.5,6342.4794921875,19732.40570366094,307
-6705494.840392347,6616562.330879269,90.00000000000001,6342.4794921875,19732.40570366094,307
-6705500.143693207,6616567.634180129,97.50000000000001,6342.4794921875,19732.40570366094,307
-6705505.446994065,6616572.937480987,105.00000000000003,6342.4794921875,19732.40570366094,307
-6705510.750294925,6616578.240781846,112.5,6342.4794921875,19732.40570366094,307
-6705516.053595783,6616583.544082705,120.0,6342.4794921875,19732.40570366094,307
-6705521.356896643,6616588.847383564,127.50000000000001,6342.4794921875,19732.40570366094,307
-6705526.660197501,6616594.150684423,135.00000000000003,6342.4794921875,19732.40570366094,307
-6705531.9634983605,6616599.453985282,142.50000000000003,6342.4794921875,19732.40570366094,307
-6705537.266799219,6616604.757286141,150.0,6342.4794921875,19732.40570366094,307
-6705578.631898614,6616962.524411324,-150.0,6351.09130859375,20238.36482426763,307
-6705583.935199472,6616957.221110466,-142.5,6351.09130859375,20238.36482426763,307
-6705589.2385003315,6616951.9178096065,-135.0,6351.09130859375,20238.36482426763,307
-6705594.54180119,6616946.614508748,-127.5,6351.09130859375,20238.36482426763,307
-6705599.845102049,6616941.311207889,-120.0,6345.3583984375,20238.36482426763,307
-6705605.148402908,6616936.00790703,-112.5,6345.3583984375,20238.36482426763,307
-6705610.451703767,6616930.704606171,-105.0,6345.3583984375,20238.36482426763,307
-6705615.755004626,6616925.401305312,-97.49999999999999,6345.3583984375,20238.36482426763,307
-6705621.058305485,6616920.098004453,-90.0,6345.3583984375,20238.36482426763,307
-6705626.361606344,6616914.794703594,-82.5,6345.3583984375,20238.36482426763,307
-6705631.664907202,6616909.491402736,-75.0,6345.3583984375,20238.36482426763,307
-6705636.9682080615,6616904.1881018765,-67.5,6345.3583984375,20238.36482426763,307
-6705642.27150892,6616898.884801018,-59.999999999999986,6345.3583984375,20238.36482426763,307
-6705647.574809779,6616893.581500159,-52.5,6345.3583984375,20238.36482426763,307
-6705652.878110638,6616888.2781993,-44.99999999999999,6345.3583984375,20238.36482426763,307
-6705658.181411497,6616882.974898441,-37.5,6345.3583984375,20238.36482426763,307
-6705663.484712356,6616877.671597582,-29.999999999999993,6338.94140625,20238.36482426763,307
-6705668.788013215,6616872.368296723,-22.499999999999986,6338.94140625,20238.36482426763,307
-6705674.091314074,6616867.064995864,-14.999999999999996,6338.94140625,20238.36482426763,307
-6705679.394614933,6616861.761695005,-7.49999999999999,6338.94140625,20238.36482426763,307
-6705684.6979157915,6616856.4583941465,0.0,6338.94140625,20238.36482426763,307
-6705690.00121665,6616851.155093288,7.500000000000007,6338.94140625,20238.36482426763,307
-6705695.304517509,6616845.851792429,15.000000000000014,6338.94140625,20238.36482426763,307
-6705700.607818368,6616840.54849157,22.50000000000002,6338.94140625,20238.36482426763,307
-6705705.911119227,6616835.245190711,30.00000000000003,6338.94140625,20238.36482426763,307
-6705711.214420086,6616829.941889852,37.5,6340.3837890625,20238.36482426763,307
-6705716.517720945,6616824.638588993,45.00000000000001,6340.3837890625,20238.36482426763,307
-6705721.821021804,6616819.335288134,52.500000000000014,6340.3837890625,20238.36482426763,307
-6705727.124322663,6616814.031987275,60.00000000000002,6340.3837890625,20238.36482426763,307
-6705732.427623522,6616808.7286864165,67.50000000000003,6340.3837890625,20238.36482426763,307
-6705737.730924381,6616803.425385557,75.0,6340.3837890625,20238.36482426763,307
-6705743.034225239,6616798.122084699,82.5,6340.3837890625,20238.36482426763,307
-6705748.337526098,6616792.81878384,90.00000000000001,6340.3837890625,20238.36482426763,307
-6705753.640826957,6616787.515482981,97.50000000000001,6340.3837890625,20238.36482426763,307
-6705758.944127816,6616782.212182122,105.00000000000003,6340.3837890625,20238.36482426763,307
-6705764.247428675,6616776.908881263,112.5,6340.3837890625,20238.36482426763,307
-6705769.550729534,6616771.605580404,120.0,6340.3837890625,20238.36482426763,307
-6705774.854030393,6616766.302279545,127.50000000000001,6342.2841796875,20238.36482426763,307
-6705780.157331252,6616760.9989786865,135.00000000000003,6342.2841796875,20238.36482426763,307
-6705785.460632111,6616755.695677827,142.50000000000003,6342.2841796875,20238.36482426763,307
-6705790.763932969,6616750.392376969,150.0,6342.2841796875,20238.36482426763,307
-6705454.323890533,6617302.40456428,-150.0,6340.34619140625,20744.323944874322,307
-6705461.823890533,6617302.40456428,-142.5,6340.34619140625,20744.323944874322,307
-6705469.323890533,6617302.40456428,-135.0,6340.34619140625,20744.323944874322,307
-6705476.823890533,6617302.40456428,-127.5,6340.34619140625,20744.323944874322,307
-6705484.323890533,6617302.40456428,-120.0,6340.34619140625,20744.323944874322,307
-6705491.823890533,6617302.40456428,-112.5,6340.34619140625,20744.323944874322,307
-6705499.323890533,6617302.40456428,-105.0,6340.34619140625,20744.323944874322,307
-6705506.823890533,6617302.40456428,-97.49999999999999,6340.34619140625,20744.323944874322,307
-6705514.323890533,6617302.40456428,-90.0,6340.34619140625,20744.323944874322,307
-6705521.823890533,6617302.40456428,-82.5,6340.34619140625,20744.323944874322,307
-6705529.323890533,6617302.40456428,-75.0,6340.34619140625,20744.323944874322,307
-6705536.823890533,6617302.40456428,-67.5,6340.34619140625,20744.323944874322,307
-6705544.323890533,6617302.40456428,-59.999999999999986,6340.34619140625,20744.323944874322,307
-6705551.823890533,6617302.40456428,-52.5,6334.1123046875,20744.323944874322,307
-6705559.323890533,6617302.40456428,-44.99999999999999,6334.1123046875,20744.323944874322,307
-6705566.823890533,6617302.40456428,-37.5,6334.1123046875,20744.323944874322,307
-6705574.323890533,6617302.40456428,-29.999999999999993,6334.1123046875,20744.323944874322,307
-6705581.823890533,6617302.40456428,-22.499999999999986,6334.1123046875,20744.323944874322,307
-6705589.323890533,6617302.40456428,-14.999999999999996,6334.1123046875,20744.323944874322,307
-6705596.823890533,6617302.40456428,-7.49999999999999,6334.1123046875,20744.323944874322,307
-6705604.323890533,6617302.40456428,0.0,6334.1123046875,20744.323944874322,307
-6705611.823890533,6617302.40456428,7.500000000000007,6334.1123046875,20744.323944874322,307
-6705619.323890533,6617302.40456428,15.000000000000014,6334.1123046875,20744.323944874322,307
-6705626.823890533,6617302.40456428,22.50000000000002,6334.1123046875,20744.323944874322,307
-6705634.323890533,6617302.40456428,30.00000000000003,6334.1123046875,20744.323944874322,307
-6705641.823890533,6617302.40456428,37.5,6334.1123046875,20744.323944874322,307
-6705649.323890533,6617302.40456428,45.00000000000001,6334.1123046875,20744.323944874322,307
-6705656.823890533,6617302.40456428,52.500000000000014,6334.1123046875,20744.323944874322,307
-6705664.323890533,6617302.40456428,60.00000000000002,6338.677734375,20744.323944874322,307
-6705671.823890533,6617302.40456428,67.50000000000003,6338.677734375,20744.323944874322,307
-6705679.323890533,6617302.40456428,75.0,6338.677734375,20744.323944874322,307
-6705686.823890533,6617302.40456428,82.5,6338.677734375,20744.323944874322,307
-6705694.323890533,6617302.40456428,90.00000000000001,6338.677734375,20744.323944874322,307
-6705701.823890533,6617302.40456428,97.50000000000001,6338.677734375,20744.323944874322,307
-6705709.323890533,6617302.40456428,105.00000000000003,6338.677734375,20744.323944874322,307
-6705716.823890533,6617302.40456428,112.5,6338.677734375,20744.323944874322,307
-6705724.323890533,6617302.40456428,120.0,6338.677734375,20744.323944874322,307
-6705731.823890533,6617302.40456428,127.50000000000001,6338.677734375,20744.323944874322,307
-6705739.323890533,6617302.40456428,135.00000000000003,6338.677734375,20744.323944874322,307
-6705746.823890533,6617302.40456428,142.50000000000003,6338.677734375,20744.323944874322,307
-6705754.323890533,6617302.40456428,150.0,6338.677734375,20744.323944874322,307
-6705229.065786324,6617715.058723088,-150.0,6357.62353515625,21250.283065481013,307
-6705236.565786324,6617715.058723088,-142.5,6357.62353515625,21250.283065481013,307
-6705244.065786324,6617715.058723088,-135.0,6357.62353515625,21250.283065481013,307
-6705251.565786324,6617715.058723088,-127.5,6357.62353515625,21250.283065481013,307
-6705259.065786324,6617715.058723088,-120.0,6357.62353515625,21250.283065481013,307
-6705266.565786324,6617715.058723088,-112.5,6357.62353515625,21250.283065481013,307
-6705274.065786324,6617715.058723088,-105.0,6357.62353515625,21250.283065481013,307
-6705281.565786324,6617715.058723088,-97.49999999999999,6357.62353515625,21250.283065481013,307
-6705289.065786324,6617715.058723088,-90.0,6357.62353515625,21250.283065481013,307
-6705296.565786324,6617715.058723088,-82.5,6357.62353515625,21250.283065481013,307
-6705304.065786324,6617715.058723088,-75.0,6357.62353515625,21250.283065481013,307
-6705311.565786324,6617715.058723088,-67.5,6357.62353515625,21250.283065481013,307
-6705319.065786324,6617715.058723088,-59.999999999999986,6357.62353515625,21250.283065481013,307
-6705326.565786324,6617715.058723088,-52.5,6337.66162109375,21250.283065481013,307
-6705334.065786324,6617715.058723088,-44.99999999999999,6337.66162109375,21250.283065481013,307
-6705341.565786324,6617715.058723088,-37.5,6337.66162109375,21250.283065481013,307
-6705349.065786324,6617715.058723088,-29.999999999999993,6337.66162109375,21250.283065481013,307
-6705356.565786324,6617715.058723088,-22.499999999999986,6337.66162109375,21250.283065481013,307
-6705364.065786324,6617715.058723088,-14.999999999999996,6337.66162109375,21250.283065481013,307
-6705371.565786324,6617715.058723088,-7.49999999999999,6337.66162109375,21250.283065481013,307
-6705379.065786324,6617715.058723088,0.0,6337.66162109375,21250.283065481013,307
-6705386.565786324,6617715.058723088,7.500000000000007,6337.66162109375,21250.283065481013,307
-6705394.065786324,6617715.058723088,15.000000000000014,6337.66162109375,21250.283065481013,307
-6705401.565786324,6617715.058723088,22.50000000000002,6337.66162109375,21250.283065481013,307
-6705409.065786324,6617715.058723088,30.00000000000003,6337.66162109375,21250.283065481013,307
-6705416.565786324,6617715.058723088,37.5,6337.66162109375,21250.283065481013,307
-6705424.065786324,6617715.058723088,45.00000000000001,6337.66162109375,21250.283065481013,307
-6705431.565786324,6617715.058723088,52.500000000000014,6337.66162109375,21250.283065481013,307
-6705439.065786324,6617715.058723088,60.00000000000002,6340.26513671875,21250.283065481013,307
-6705446.565786324,6617715.058723088,67.50000000000003,6340.26513671875,21250.283065481013,307
-6705454.065786324,6617715.058723088,75.0,6340.26513671875,21250.283065481013,307
-6705461.565786324,6617715.058723088,82.5,6340.26513671875,21250.283065481013,307
-6705469.065786324,6617715.058723088,90.00000000000001,6340.26513671875,21250.283065481013,307
-6705476.565786324,6617715.058723088,97.50000000000001,6340.26513671875,21250.283065481013,307
-6705484.065786324,6617715.058723088,105.00000000000003,6340.26513671875,21250.283065481013,307
-6705491.565786324,6617715.058723088,112.5,6340.26513671875,21250.283065481013,307
-6705499.065786324,6617715.058723088,120.0,6340.26513671875,21250.283065481013,307
-6705506.565786324,6617715.058723088,127.50000000000001,6340.26513671875,21250.283065481013,307
-6705514.065786324,6617715.058723088,135.00000000000003,6340.26513671875,21250.283065481013,307
-6705521.565786324,6617715.058723088,142.50000000000003,6340.26513671875,21250.283065481013,307
-6705529.065786324,6617715.058723088,150.0,6340.26513671875,21250.283065481013,307
-6705229.065786324,6618127.712881898,-150.0,6342.74072265625,21756.242186087704,307
-6705236.565786324,6618127.712881898,-142.5,6342.74072265625,21756.242186087704,307
-6705244.065786324,6618127.712881898,-135.0,6342.74072265625,21756.242186087704,307
-6705251.565786324,6618127.712881898,-127.5,6342.74072265625,21756.242186087704,307
-6705259.065786324,6618127.712881898,-120.0,6342.74072265625,21756.242186087704,307
-6705266.565786324,6618127.712881898,-112.5,6342.74072265625,21756.242186087704,307
-6705274.065786324,6618127.712881898,-105.0,6342.74072265625,21756.242186087704,307
-6705281.565786324,6618127.712881898,-97.49999999999999,6342.74072265625,21756.242186087704,307
-6705289.065786324,6618127.712881898,-90.0,6342.74072265625,21756.242186087704,307
-6705296.565786324,6618127.712881898,-82.5,6342.74072265625,21756.242186087704,307
-6705304.065786324,6618127.712881898,-75.0,6342.74072265625,21756.242186087704,307
-6705311.565786324,6618127.712881898,-67.5,6342.74072265625,21756.242186087704,307
-6705319.065786324,6618127.712881898,-59.999999999999986,6342.74072265625,21756.242186087704,307
-6705326.565786324,6618127.712881898,-52.5,6325.84326171875,21756.242186087704,307
-6705334.065786324,6618127.712881898,-44.99999999999999,6325.84326171875,21756.242186087704,307
-6705341.565786324,6618127.712881898,-37.5,6325.84326171875,21756.242186087704,307
-6705349.065786324,6618127.712881898,-29.999999999999993,6325.84326171875,21756.242186087704,307
-6705356.565786324,6618127.712881898,-22.499999999999986,6325.84326171875,21756.242186087704,307
-6705364.065786324,6618127.712881898,-14.999999999999996,6325.84326171875,21756.242186087704,307
-6705371.565786324,6618127.712881898,-7.49999999999999,6325.84326171875,21756.242186087704,307
-6705379.065786324,6618127.712881898,0.0,6325.84326171875,21756.242186087704,307
-6705386.565786324,6618127.712881898,7.500000000000007,6325.84326171875,21756.242186087704,307
-6705394.065786324,6618127.712881898,15.000000000000014,6325.84326171875,21756.242186087704,307
-6705401.565786324,6618127.712881898,22.50000000000002,6325.84326171875,21756.242186087704,307
-6705409.065786324,6618127.712881898,30.00000000000003,6325.84326171875,21756.242186087704,307
-6705416.565786324,6618127.712881898,37.5,6325.84326171875,21756.242186087704,307
-6705424.065786324,6618127.712881898,45.00000000000001,6325.84326171875,21756.242186087704,307
-6705431.565786324,6618127.712881898,52.500000000000014,6325.84326171875,21756.242186087704,307
-6705439.065786324,6618127.712881898,60.00000000000002,6337.7177734375,21756.242186087704,307
-6705446.565786324,6618127.712881898,67.50000000000003,6337.7177734375,21756.242186087704,307
-6705454.065786324,6618127.712881898,75.0,6337.7177734375,21756.242186087704,307
-6705461.565786324,6618127.712881898,82.5,6337.7177734375,21756.242186087704,307
-6705469.065786324,6618127.712881898,90.00000000000001,6337.7177734375,21756.242186087704,307
-6705476.565786324,6618127.712881898,97.50000000000001,6337.7177734375,21756.242186087704,307
-6705484.065786324,6618127.712881898,105.00000000000003,6337.7177734375,21756.242186087704,307
-6705491.565786324,6618127.712881898,112.5,6337.7177734375,21756.242186087704,307
-6705499.065786324,6618127.712881898,120.0,6337.7177734375,21756.242186087704,307
-6705506.565786324,6618127.712881898,127.50000000000001,6337.7177734375,21756.242186087704,307
-6705514.065786324,6618127.712881898,135.00000000000003,6337.7177734375,21756.242186087704,307
-6705521.565786324,6618127.712881898,142.50000000000003,6337.7177734375,21756.242186087704,307
-6705529.065786324,6618127.712881898,150.0,6337.7177734375,21756.242186087704,307
-6705074.4576877905,6618445.3671625275,-150.0,6351.04345703125,22262.201306694395,307
-6705079.760988649,6618450.670463386,-142.5,6351.04345703125,22262.201306694395,307
-6705085.064289508,6618455.973764245,-135.0,6351.04345703125,22262.201306694395,307
-6705090.367590367,6618461.277065104,-127.5,6351.04345703125,22262.201306694395,307
-6705095.670891226,6618466.580365963,-120.0,6351.04345703125,22262.201306694395,307
-6705100.974192085,6618471.883666822,-112.5,6334.41650390625,22262.201306694395,307
-6705106.277492944,6618477.186967681,-105.0,6334.41650390625,22262.201306694395,307
-6705111.580793803,6618482.49026854,-97.49999999999999,6334.41650390625,22262.201306694395,307
-6705116.884094662,6618487.793569399,-90.0,6334.41650390625,22262.201306694395,307
-6705122.1873955205,6618493.0968702575,-82.5,6334.41650390625,22262.201306694395,307
-6705127.49069638,6618498.400171116,-75.0,6334.41650390625,22262.201306694395,307
-6705132.793997238,6618503.703471975,-67.5,6334.41650390625,22262.201306694395,307
-6705138.097298097,6618509.006772834,-59.999999999999986,6334.41650390625,22262.201306694395,307
-6705143.400598956,6618514.310073693,-52.5,6334.41650390625,22262.201306694395,307
-6705148.703899815,6618519.613374552,-44.99999999999999,6334.41650390625,22262.201306694395,307
-6705154.007200674,6618524.916675411,-37.5,6325.58837890625,22262.201306694395,307
-6705159.310501533,6618530.21997627,-29.999999999999993,6325.58837890625,22262.201306694395,307
-6705164.613802392,6618535.523277129,-22.499999999999986,6325.58837890625,22262.201306694395,307
-6705169.9171032505,6618540.8265779875,-14.999999999999996,6325.58837890625,22262.201306694395,307
-6705175.22040411,6618546.129878847,-7.49999999999999,6325.58837890625,22262.201306694395,307
-6705180.523704968,6618551.433179705,0.0,6325.58837890625,22262.201306694395,307
-6705185.827005827,6618556.736480564,7.500000000000007,6325.58837890625,22262.201306694395,307
-6705191.130306686,6618562.039781423,15.000000000000014,6325.58837890625,22262.201306694395,307
-6705196.433607545,6618567.343082282,22.50000000000002,6325.58837890625,22262.201306694395,307
-6705201.736908404,6618572.646383141,30.00000000000003,6325.58837890625,22262.201306694395,307
-6705207.040209263,6618577.949684,37.5,6325.58837890625,22262.201306694395,307
-6705212.343510122,6618583.252984859,45.00000000000001,6328.99169921875,22262.201306694395,307
-6705217.6468109805,6618588.5562857175,52.500000000000014,6328.99169921875,22262.201306694395,307
-6705222.95011184,6618593.859586577,60.00000000000002,6328.99169921875,22262.201306694395,307
-6705228.253412698,6618599.162887435,67.50000000000003,6328.99169921875,22262.201306694395,307
-6705233.556713557,6618604.466188295,75.0,6328.99169921875,22262.201306694395,307
-6705238.860014416,6618609.769489153,82.5,6328.99169921875,22262.201306694395,307
-6705244.163315275,6618615.072790012,90.00000000000001,6328.99169921875,22262.201306694395,307
-6705249.466616134,6618620.376090871,97.50000000000001,6328.99169921875,22262.201306694395,307
-6705254.769916993,6618625.67939173,105.00000000000003,6328.99169921875,22262.201306694395,307
-6705260.073217852,6618630.982692589,112.5,6328.99169921875,22262.201306694395,307
-6705265.3765187105,6618636.2859934475,120.0,6326.33935546875,22262.201306694395,307
-6705270.67981957,6618641.589294307,127.50000000000001,6326.33935546875,22262.201306694395,307
-6705275.983120428,6618646.892595165,135.00000000000003,6326.33935546875,22262.201306694395,307
-6705281.286421288,6618652.195896025,142.50000000000003,6326.33935546875,22262.201306694395,307
-6705286.589722146,6618657.499196883,150.0,6326.33935546875,22262.201306694395,307
-6705116.436734221,6618999.673680414,-150.0,6339.5068359375,22768.160427301085,307
-6705123.936734221,6618999.673680414,-142.5,6339.5068359375,22768.160427301085,307
-6705131.436734221,6618999.673680414,-135.0,6339.5068359375,22768.160427301085,307
-6705138.936734221,6618999.673680414,-127.5,6339.5068359375,22768.160427301085,307
-6705146.436734221,6618999.673680414,-120.0,6339.5068359375,22768.160427301085,307
-6705153.936734221,6618999.673680414,-112.5,6339.5068359375,22768.160427301085,307
-6705161.436734221,6618999.673680414,-105.0,6339.5068359375,22768.160427301085,307
-6705168.936734221,6618999.673680414,-97.49999999999999,6339.5068359375,22768.160427301085,307
-6705176.436734221,6618999.673680414,-90.0,6339.5068359375,22768.160427301085,307
-6705183.936734221,6618999.673680414,-82.5,6339.5068359375,22768.160427301085,307
-6705191.436734221,6618999.673680414,-75.0,6339.5068359375,22768.160427301085,307
-6705198.936734221,6618999.673680414,-67.5,6339.5068359375,22768.160427301085,307
-6705206.436734221,6618999.673680414,-59.999999999999986,6339.5068359375,22768.160427301085,307
-6705213.936734221,6618999.673680414,-52.5,6321.78076171875,22768.160427301085,307
-6705221.436734221,6618999.673680414,-44.99999999999999,6321.78076171875,22768.160427301085,307
-6705228.936734221,6618999.673680414,-37.5,6321.78076171875,22768.160427301085,307
-6705236.436734221,6618999.673680414,-29.999999999999993,6321.78076171875,22768.160427301085,307
-6705243.936734221,6618999.673680414,-22.499999999999986,6321.78076171875,22768.160427301085,307
-6705251.436734221,6618999.673680414,-14.999999999999996,6321.78076171875,22768.160427301085,307
-6705258.936734221,6618999.673680414,-7.49999999999999,6321.78076171875,22768.160427301085,307
-6705266.436734221,6618999.673680414,0.0,6321.78076171875,22768.160427301085,307
-6705273.936734221,6618999.673680414,7.500000000000007,6321.78076171875,22768.160427301085,307
-6705281.436734221,6618999.673680414,15.000000000000014,6321.78076171875,22768.160427301085,307
-6705288.936734221,6618999.673680414,22.50000000000002,6321.78076171875,22768.160427301085,307
-6705296.436734221,6618999.673680414,30.00000000000003,6321.78076171875,22768.160427301085,307
-6705303.936734221,6618999.673680414,37.5,6321.78076171875,22768.160427301085,307
-6705311.436734221,6618999.673680414,45.00000000000001,6321.78076171875,22768.160427301085,307
-6705318.936734221,6618999.673680414,52.500000000000014,6321.78076171875,22768.160427301085,307
-6705326.436734221,6618999.673680414,60.00000000000002,6325.3603515625,22768.160427301085,307
-6705333.936734221,6618999.673680414,67.50000000000003,6325.3603515625,22768.160427301085,307
-6705341.436734221,6618999.673680414,75.0,6325.3603515625,22768.160427301085,307
-6705348.936734221,6618999.673680414,82.5,6325.3603515625,22768.160427301085,307
-6705356.436734221,6618999.673680414,90.00000000000001,6325.3603515625,22768.160427301085,307
-6705363.936734221,6618999.673680414,97.50000000000001,6325.3603515625,22768.160427301085,307
-6705371.436734221,6618999.673680414,105.00000000000003,6325.3603515625,22768.160427301085,307
-6705378.936734221,6618999.673680414,112.5,6325.3603515625,22768.160427301085,307
-6705386.436734221,6618999.673680414,120.0,6325.3603515625,22768.160427301085,307
-6705393.936734221,6618999.673680414,127.50000000000001,6325.3603515625,22768.160427301085,307
-6705401.436734221,6618999.673680414,135.00000000000003,6325.3603515625,22768.160427301085,307
-6705408.936734221,6618999.673680414,142.50000000000003,6325.3603515625,22768.160427301085,307
-6705416.436734221,6618999.673680414,150.0,6325.3603515625,22768.160427301085,307
-6705312.212006157,6619516.552567287,-150.0,6322.228515625,23274.119547907776,307
-6705312.212006157,6619509.052567287,-142.5,6322.228515625,23274.119547907776,307
-6705312.212006157,6619501.552567287,-135.0,6322.228515625,23274.119547907776,307
-6705312.212006157,6619494.052567287,-127.5,6322.228515625,23274.119547907776,307
-6705312.212006157,6619486.552567287,-120.0,6322.228515625,23274.119547907776,307
-6705312.212006157,6619479.052567287,-112.5,6322.228515625,23274.119547907776,307
-6705312.212006157,6619471.552567287,-105.0,6322.228515625,23274.119547907776,307
-6705312.212006157,6619464.052567287,-97.49999999999999,6322.228515625,23274.119547907776,307
-6705312.212006157,6619456.552567287,-90.0,6322.228515625,23274.119547907776,307
-6705312.212006157,6619449.052567287,-82.5,6322.228515625,23274.119547907776,307
-6705312.212006157,6619441.552567287,-75.0,6322.228515625,23274.119547907776,307
-6705312.212006157,6619434.052567287,-67.5,6322.228515625,23274.119547907776,307
-6705312.212006157,6619426.552567287,-59.999999999999986,6322.228515625,23274.119547907776,307
-6705312.212006157,6619419.052567287,-52.5,6320.537109375,23274.119547907776,307
-6705312.212006157,6619411.552567287,-44.99999999999999,6320.537109375,23274.119547907776,307
-6705312.212006157,6619404.052567287,-37.5,6320.537109375,23274.119547907776,307
-6705312.212006157,6619396.552567287,-29.999999999999993,6320.537109375,23274.119547907776,307
-6705312.212006157,6619389.052567287,-22.499999999999986,6320.537109375,23274.119547907776,307
-6705312.212006157,6619381.552567287,-14.999999999999996,6320.537109375,23274.119547907776,307
-6705312.212006157,6619374.052567287,-7.49999999999999,6320.537109375,23274.119547907776,307
-6705312.212006157,6619366.552567287,0.0,6320.537109375,23274.119547907776,307
-6705312.212006157,6619359.052567287,7.500000000000007,6320.537109375,23274.119547907776,307
-6705312.212006157,6619351.552567287,15.000000000000014,6320.537109375,23274.119547907776,307
-6705312.212006157,6619344.052567287,22.50000000000002,6320.537109375,23274.119547907776,307
-6705312.212006157,6619336.552567287,30.00000000000003,6320.537109375,23274.119547907776,307
-6705312.212006157,6619329.052567287,37.5,6320.537109375,23274.119547907776,307
-6705312.212006157,6619321.552567287,45.00000000000001,6320.537109375,23274.119547907776,307
-6705312.212006157,6619314.052567287,52.500000000000014,6320.537109375,23274.119547907776,307
-6705312.212006157,6619306.552567287,60.00000000000002,6322.3408203125,23274.119547907776,307
-6705312.212006157,6619299.052567287,67.50000000000003,6322.3408203125,23274.119547907776,307
-6705312.212006157,6619291.552567287,75.0,6322.3408203125,23274.119547907776,307
-6705312.212006157,6619284.052567287,82.5,6322.3408203125,23274.119547907776,307
-6705312.212006157,6619276.552567287,90.00000000000001,6322.3408203125,23274.119547907776,307
-6705312.212006157,6619269.052567287,97.50000000000001,6322.3408203125,23274.119547907776,307
-6705312.212006157,6619261.552567287,105.00000000000003,6322.3408203125,23274.119547907776,307
-6705312.212006157,6619254.052567287,112.5,6322.3408203125,23274.119547907776,307
-6705312.212006157,6619246.552567287,120.0,6322.3408203125,23274.119547907776,307
-6705312.212006157,6619239.052567287,127.50000000000001,6322.3408203125,23274.119547907776,307
-6705312.212006157,6619231.552567287,135.00000000000003,6322.3408203125,23274.119547907776,307
-6705312.212006157,6619224.052567287,142.50000000000003,6322.3408203125,23274.119547907776,307
-6705312.212006157,6619216.552567287,150.0,6322.3408203125,23274.119547907776,307
-6705454.323890533,6619646.376374723,-150.0,6320.1142578125,23780.078668514467,307
-6705461.823890533,6619646.376374723,-142.5,6320.1142578125,23780.078668514467,307
-6705469.323890533,6619646.376374723,-135.0,6320.1142578125,23780.078668514467,307
-6705476.823890533,6619646.376374723,-127.5,6320.1142578125,23780.078668514467,307
-6705484.323890533,6619646.376374723,-120.0,6320.1142578125,23780.078668514467,307
-6705491.823890533,6619646.376374723,-112.5,6320.1142578125,23780.078668514467,307
-6705499.323890533,6619646.376374723,-105.0,6320.1142578125,23780.078668514467,307
-6705506.823890533,6619646.376374723,-97.49999999999999,6320.1142578125,23780.078668514467,307
-6705514.323890533,6619646.376374723,-90.0,6320.1142578125,23780.078668514467,307
-6705521.823890533,6619646.376374723,-82.5,6320.1142578125,23780.078668514467,307
-6705529.323890533,6619646.376374723,-75.0,6320.1142578125,23780.078668514467,307
-6705536.823890533,6619646.376374723,-67.5,6320.1142578125,23780.078668514467,307
-6705544.323890533,6619646.376374723,-59.999999999999986,6320.1142578125,23780.078668514467,307
-6705551.823890533,6619646.376374723,-52.5,6316.6103515625,23780.078668514467,307
-6705559.323890533,6619646.376374723,-44.99999999999999,6316.6103515625,23780.078668514467,307
-6705566.823890533,6619646.376374723,-37.5,6316.6103515625,23780.078668514467,307
-6705574.323890533,6619646.376374723,-29.999999999999993,6316.6103515625,23780.078668514467,307
-6705581.823890533,6619646.376374723,-22.499999999999986,6316.6103515625,23780.078668514467,307
-6705589.323890533,6619646.376374723,-14.999999999999996,6316.6103515625,23780.078668514467,307
-6705596.823890533,6619646.376374723,-7.49999999999999,6316.6103515625,23780.078668514467,307
-6705604.323890533,6619646.376374723,0.0,6316.6103515625,23780.078668514467,307
-6705611.823890533,6619646.376374723,7.500000000000007,6316.6103515625,23780.078668514467,307
-6705619.323890533,6619646.376374723,15.000000000000014,6316.6103515625,23780.078668514467,307
-6705626.823890533,6619646.376374723,22.50000000000002,6316.6103515625,23780.078668514467,307
-6705634.323890533,6619646.376374723,30.00000000000003,6316.6103515625,23780.078668514467,307
-6705641.823890533,6619646.376374723,37.5,6316.6103515625,23780.078668514467,307
-6705649.323890533,6619646.376374723,45.00000000000001,6316.6103515625,23780.078668514467,307
-6705656.823890533,6619646.376374723,52.500000000000014,6316.6103515625,23780.078668514467,307
-6705664.323890533,6619646.376374723,60.00000000000002,6323.93994140625,23780.078668514467,307
-6705671.823890533,6619646.376374723,67.50000000000003,6323.93994140625,23780.078668514467,307
-6705679.323890533,6619646.376374723,75.0,6323.93994140625,23780.078668514467,307
-6705686.823890533,6619646.376374723,82.5,6323.93994140625,23780.078668514467,307
-6705694.323890533,6619646.376374723,90.00000000000001,6323.93994140625,23780.078668514467,307
-6705701.823890533,6619646.376374723,97.50000000000001,6323.93994140625,23780.078668514467,307
-6705709.323890533,6619646.376374723,105.00000000000003,6323.93994140625,23780.078668514467,307
-6705716.823890533,6619646.376374723,112.5,6323.93994140625,23780.078668514467,307
-6705724.323890533,6619646.376374723,120.0,6323.93994140625,23780.078668514467,307
-6705731.823890533,6619646.376374723,127.50000000000001,6323.93994140625,23780.078668514467,307
-6705739.323890533,6619646.376374723,135.00000000000003,6323.93994140625,23780.078668514467,307
-6705746.823890533,6619646.376374723,142.50000000000003,6323.93994140625,23780.078668514467,307
-6705754.323890533,6619646.376374723,150.0,6323.93994140625,23780.078668514467,307
-6705792.211046847,6619946.401481428,-150.0,6315.6513671875,24286.03778912116,307
-6705799.711046847,6619946.401481428,-142.5,6315.6513671875,24286.03778912116,307
-6705807.211046847,6619946.401481428,-135.0,6315.6513671875,24286.03778912116,307
-6705814.711046847,6619946.401481428,-127.5,6315.6513671875,24286.03778912116,307
-6705822.211046847,6619946.401481428,-120.0,6315.6513671875,24286.03778912116,307
-6705829.711046847,6619946.401481428,-112.5,6315.6513671875,24286.03778912116,307
-6705837.211046847,6619946.401481428,-105.0,6315.6513671875,24286.03778912116,307
-6705844.711046847,6619946.401481428,-97.49999999999999,6315.6513671875,24286.03778912116,307
-6705852.211046847,6619946.401481428,-90.0,6315.6513671875,24286.03778912116,307
-6705859.711046847,6619946.401481428,-82.5,6315.6513671875,24286.03778912116,307
-6705867.211046847,6619946.401481428,-75.0,6315.6513671875,24286.03778912116,307
-6705874.711046847,6619946.401481428,-67.5,6315.6513671875,24286.03778912116,307
-6705882.211046847,6619946.401481428,-59.999999999999986,6315.6513671875,24286.03778912116,307
-6705889.711046847,6619946.401481428,-52.5,6313.107421875,24286.03778912116,307
-6705897.211046847,6619946.401481428,-44.99999999999999,6313.107421875,24286.03778912116,307
-6705904.711046847,6619946.401481428,-37.5,6313.107421875,24286.03778912116,307
-6705912.211046847,6619946.401481428,-29.999999999999993,6313.107421875,24286.03778912116,307
-6705919.711046847,6619946.401481428,-22.499999999999986,6313.107421875,24286.03778912116,307
-6705927.211046847,6619946.401481428,-14.999999999999996,6313.107421875,24286.03778912116,307
-6705934.711046847,6619946.401481428,-7.49999999999999,6313.107421875,24286.03778912116,307
-6705942.211046847,6619946.401481428,0.0,6313.107421875,24286.03778912116,307
-6705949.711046847,6619946.401481428,7.500000000000007,6313.107421875,24286.03778912116,307
-6705957.211046847,6619946.401481428,15.000000000000014,6313.107421875,24286.03778912116,307
-6705964.711046847,6619946.401481428,22.50000000000002,6313.107421875,24286.03778912116,307
-6705972.211046847,6619946.401481428,30.00000000000003,6313.107421875,24286.03778912116,307
-6705979.711046847,6619946.401481428,37.5,6313.107421875,24286.03778912116,307
-6705987.211046847,6619946.401481428,45.00000000000001,6313.107421875,24286.03778912116,307
-6705994.711046847,6619946.401481428,52.500000000000014,6313.107421875,24286.03778912116,307
-6706002.211046847,6619946.401481428,60.00000000000002,6314.0341796875,24286.03778912116,307
-6706009.711046847,6619946.401481428,67.50000000000003,6314.0341796875,24286.03778912116,307
-6706017.211046847,6619946.401481428,75.0,6314.0341796875,24286.03778912116,307
-6706024.711046847,6619946.401481428,82.5,6314.0341796875,24286.03778912116,307
-6706032.211046847,6619946.401481428,90.00000000000001,6314.0341796875,24286.03778912116,307
-6706039.711046847,6619946.401481428,97.50000000000001,6314.0341796875,24286.03778912116,307
-6706047.211046847,6619946.401481428,105.00000000000003,6314.0341796875,24286.03778912116,307
-6706054.711046847,6619946.401481428,112.5,6314.0341796875,24286.03778912116,307
-6706062.211046847,6619946.401481428,120.0,6314.0341796875,24286.03778912116,307
-6706069.711046847,6619946.401481428,127.50000000000001,6314.0341796875,24286.03778912116,307
-6706077.211046847,6619946.401481428,135.00000000000003,6314.0341796875,24286.03778912116,307
-6706084.711046847,6619946.401481428,142.50000000000003,6314.0341796875,24286.03778912116,307
-6706092.211046847,6619946.401481428,150.0,6314.0341796875,24286.03778912116,307
-6705785.129703745,6620325.163344971,-150.0,6310.72607421875,24791.99690972785,307
-6705790.433004604,6620330.466645829,-142.5,6310.72607421875,24791.99690972785,307
-6705795.736305463,6620335.769946689,-135.0,6310.72607421875,24791.99690972785,307
-6705801.039606322,6620341.073247547,-127.5,6310.72607421875,24791.99690972785,307
-6705806.342907181,6620346.376548407,-120.0,6310.72607421875,24791.99690972785,307
-6705811.6462080395,6620351.679849265,-112.5,6310.72607421875,24791.99690972785,307
-6705816.949508899,6620356.983150125,-105.0,6310.72607421875,24791.99690972785,307
-6705822.252809757,6620362.286450983,-97.49999999999999,6310.72607421875,24791.99690972785,307
-6705827.556110617,6620367.589751842,-90.0,6310.72607421875,24791.99690972785,307
-6705832.859411475,6620372.893052701,-82.5,6310.72607421875,24791.99690972785,307
-6705838.162712334,6620378.19635356,-75.0,6310.72607421875,24791.99690972785,307
-6705843.466013193,6620383.499654419,-67.5,6310.72607421875,24791.99690972785,307
-6705848.769314052,6620388.802955277,-59.999999999999986,6310.72607421875,24791.99690972785,307
-6705854.072614911,6620394.106256137,-52.5,6310.72607421875,24791.99690972785,307
-6705859.3759157695,6620399.409556995,-44.99999999999999,6310.72607421875,24791.99690972785,307
-6705864.679216629,6620404.712857855,-37.5,6310.72607421875,24791.99690972785,307
-6705869.982517487,6620410.016158713,-29.999999999999993,6310.72607421875,24791.99690972785,307
-6705875.285818347,6620415.319459572,-22.499999999999986,6310.72607421875,24791.99690972785,307
-6705880.589119205,6620420.622760431,-14.999999999999996,6310.72607421875,24791.99690972785,307
-6705885.892420065,6620425.92606129,-7.49999999999999,6310.72607421875,24791.99690972785,307
-6705891.195720923,6620431.229362149,0.0,6309.2080078125,24791.99690972785,307
-6705896.499021782,6620436.532663007,7.500000000000007,6312.0537109375,24791.99690972785,307
-6705901.802322641,6620441.835963867,15.000000000000014,6312.0537109375,24791.99690972785,307
-6705907.1056234995,6620447.139264725,22.50000000000002,6312.0537109375,24791.99690972785,307
-6705912.408924359,6620452.442565585,30.00000000000003,6312.0537109375,24791.99690972785,307
-6705917.712225217,6620457.745866443,37.5,6312.0537109375,24791.99690972785,307
-6705923.015526077,6620463.049167302,45.00000000000001,6312.0537109375,24791.99690972785,307
-6705928.318826935,6620468.352468161,52.500000000000014,6312.0537109375,24791.99690972785,307
-6705933.622127795,6620473.65576902,60.00000000000002,6312.0537109375,24791.99690972785,307
-6705938.925428653,6620478.959069879,67.50000000000003,6312.0537109375,24791.99690972785,307
-6705944.228729513,6620484.262370737,75.0,6312.0537109375,24791.99690972785,307
-6705949.532030371,6620489.565671597,82.5,6312.0537109375,24791.99690972785,307
-6705954.8353312295,6620494.868972455,90.00000000000001,6312.0537109375,24791.99690972785,307
-6705960.138632089,6620500.172273315,97.50000000000001,6312.0537109375,24791.99690972785,307
-6705965.441932947,6620505.475574173,105.00000000000003,6312.0537109375,24791.99690972785,307
-6705970.745233807,6620510.778875032,112.5,6312.0537109375,24791.99690972785,307
-6705976.048534665,6620516.082175891,120.0,6312.0537109375,24791.99690972785,307
-6705981.351835525,6620521.38547675,127.50000000000001,6312.0537109375,24791.99690972785,307
-6705986.655136383,6620526.688777609,135.00000000000003,6312.0537109375,24791.99690972785,307
-6705991.958437243,6620531.992078468,142.50000000000003,6312.0537109375,24791.99690972785,307
-6705997.261738101,6620537.295379327,150.0,6312.0537109375,24791.99690972785,307
-6705940.028610066,6620928.050790113,-150.0,6308.775390625,25297.956030334542,307
-6705945.331910924,6620922.747489255,-142.5,6308.775390625,25297.956030334542,307
-6705950.635211783,6620917.4441883955,-135.0,6308.775390625,25297.956030334542,307
-6705955.938512642,6620912.140887537,-127.5,6308.775390625,25297.956030334542,307
-6705961.241813501,6620906.837586678,-120.0,6308.775390625,25297.956030334542,307
-6705966.54511436,6620901.534285819,-112.5,6308.775390625,25297.956030334542,307
-6705971.848415219,6620896.23098496,-105.0,6308.775390625,25297.956030334542,307
-6705977.151716078,6620890.927684101,-97.49999999999999,6308.775390625,25297.956030334542,307
-6705982.455016937,6620885.624383242,-90.0,6307.88232421875,25297.956030334542,307
-6705987.758317796,6620880.321082383,-82.5,6307.88232421875,25297.956030334542,307
-6705993.061618654,6620875.017781524,-75.0,6307.88232421875,25297.956030334542,307
-6705998.364919513,6620869.7144806655,-67.5,6307.88232421875,25297.956030334542,307
-6706003.668220372,6620864.411179807,-59.999999999999986,6307.10888671875,25297.956030334542,307
-6706008.971521231,6620859.107878948,-52.5,6307.10888671875,25297.956030334542,307
-6706014.27482209,6620853.804578089,-44.99999999999999,6307.10888671875,25297.956030334542,307
-6706019.578122949,6620848.50127723,-37.5,6307.10888671875,25297.956030334542,307
-6706024.881423808,6620843.197976371,-29.999999999999993,6307.10888671875,25297.956030334542,307
-6706030.184724667,6620837.894675512,-22.499999999999986,6307.10888671875,25297.956030334542,307
-6706035.488025526,6620832.591374653,-14.999999999999996,6307.10888671875,25297.956030334542,307
-6706040.791326385,6620827.288073794,-7.49999999999999,6307.10888671875,25297.956030334542,307
-6706046.0946272435,6620821.9847729355,0.0,6307.10888671875,25297.956030334542,307
-6706051.397928102,6620816.681472077,7.500000000000007,6307.10888671875,25297.956030334542,307
-6706056.701228961,6620811.378171218,15.000000000000014,6307.10888671875,25297.956030334542,307
-6706062.00452982,6620806.074870359,22.50000000000002,6307.10888671875,25297.956030334542,307
-6706067.307830679,6620800.7715695,30.00000000000003,6307.10888671875,25297.956030334542,307
-6706072.611131538,6620795.468268641,37.5,6307.10888671875,25297.956030334542,307
-6706077.914432397,6620790.164967782,45.00000000000001,6307.10888671875,25297.956030334542,307
-6706083.217733256,6620784.861666923,52.500000000000014,6307.10888671875,25297.956030334542,307
-6706088.521034115,6620779.558366064,60.00000000000002,6307.10888671875,25297.956030334542,307
-6706093.8243349735,6620774.2550652055,67.50000000000003,6310.595703125,25297.956030334542,307
-6706099.127635833,6620768.951764347,75.0,6310.595703125,25297.956030334542,307
-6706104.430936691,6620763.648463488,82.5,6310.595703125,25297.956030334542,307
-6706109.73423755,6620758.345162629,90.00000000000001,6310.595703125,25297.956030334542,307
-6706115.037538409,6620753.04186177,97.50000000000001,6311.58154296875,25297.956030334542,307
-6706120.340839268,6620747.738560911,105.00000000000003,6311.58154296875,25297.956030334542,307
-6706125.644140127,6620742.435260052,112.5,6311.58154296875,25297.956030334542,307
-6706130.947440986,6620737.131959193,120.0,6311.58154296875,25297.956030334542,307
-6706136.250741845,6620731.828658334,127.50000000000001,6311.58154296875,25297.956030334542,307
-6706141.5540427035,6620726.5253574755,135.00000000000003,6311.58154296875,25297.956030334542,307
-6706146.857343563,6620721.222056616,142.50000000000003,6311.58154296875,25297.956030334542,307
-6706152.160644421,6620715.918755758,150.0,6311.58154296875,25297.956030334542,307
-6705679.581994742,6621231.016438754,-150.0,6308.84375,25803.915150941233,307
-6705687.081994742,6621231.016438754,-142.5,6308.84375,25803.915150941233,307
-6705694.581994742,6621231.016438754,-135.0,6308.84375,25803.915150941233,307
-6705702.081994742,6621231.016438754,-127.5,6308.84375,25803.915150941233,307
-6705709.581994742,6621231.016438754,-120.0,6308.84375,25803.915150941233,307
-6705717.081994742,6621231.016438754,-112.5,6308.84375,25803.915150941233,307
-6705724.581994742,6621231.016438754,-105.0,6308.84375,25803.915150941233,307
-6705732.081994742,6621231.016438754,-97.49999999999999,6308.84375,25803.915150941233,307
-6705739.581994742,6621231.016438754,-90.0,6308.84375,25803.915150941233,307
-6705747.081994742,6621231.016438754,-82.5,6308.84375,25803.915150941233,307
-6705754.581994742,6621231.016438754,-75.0,6308.84375,25803.915150941233,307
-6705762.081994742,6621231.016438754,-67.5,6308.84375,25803.915150941233,307
-6705769.581994742,6621231.016438754,-59.999999999999986,6308.84375,25803.915150941233,307
-6705777.081994742,6621231.016438754,-52.5,6304.8046875,25803.915150941233,307
-6705784.581994742,6621231.016438754,-44.99999999999999,6304.8046875,25803.915150941233,307
-6705792.081994742,6621231.016438754,-37.5,6304.8046875,25803.915150941233,307
-6705799.581994742,6621231.016438754,-29.999999999999993,6304.8046875,25803.915150941233,307
-6705807.081994742,6621231.016438754,-22.499999999999986,6304.8046875,25803.915150941233,307
-6705814.581994742,6621231.016438754,-14.999999999999996,6304.8046875,25803.915150941233,307
-6705822.081994742,6621231.016438754,-7.49999999999999,6304.8046875,25803.915150941233,307
-6705829.581994742,6621231.016438754,0.0,6304.8046875,25803.915150941233,307
-6705837.081994742,6621231.016438754,7.500000000000007,6304.8046875,25803.915150941233,307
-6705844.581994742,6621231.016438754,15.000000000000014,6304.8046875,25803.915150941233,307
-6705852.081994742,6621231.016438754,22.50000000000002,6304.8046875,25803.915150941233,307
-6705859.581994742,6621231.016438754,30.00000000000003,6304.8046875,25803.915150941233,307
-6705867.081994742,6621231.016438754,37.5,6304.8046875,25803.915150941233,307
-6705874.581994742,6621231.016438754,45.00000000000001,6304.8046875,25803.915150941233,307
-6705882.081994742,6621231.016438754,52.500000000000014,6304.8046875,25803.915150941233,307
-6705889.581994742,6621231.016438754,60.00000000000002,6307.67822265625,25803.915150941233,307
-6705897.081994742,6621231.016438754,67.50000000000003,6307.67822265625,25803.915150941233,307
-6705904.581994742,6621231.016438754,75.0,6307.67822265625,25803.915150941233,307
-6705912.081994742,6621231.016438754,82.5,6307.67822265625,25803.915150941233,307
-6705919.581994742,6621231.016438754,90.00000000000001,6307.67822265625,25803.915150941233,307
-6705927.081994742,6621231.016438754,97.50000000000001,6307.67822265625,25803.915150941233,307
-6705934.581994742,6621231.016438754,105.00000000000003,6307.67822265625,25803.915150941233,307
-6705942.081994742,6621231.016438754,112.5,6307.67822265625,25803.915150941233,307
-6705949.581994742,6621231.016438754,120.0,6307.67822265625,25803.915150941233,307
-6705957.081994742,6621231.016438754,127.50000000000001,6307.67822265625,25803.915150941233,307
-6705964.581994742,6621231.016438754,135.00000000000003,6307.67822265625,25803.915150941233,307
-6705972.081994742,6621231.016438754,142.50000000000003,6307.67822265625,25803.915150941233,307
-6705979.581994742,6621231.016438754,150.0,6307.67822265625,25803.915150941233,307
-6705792.211046847,6621690.323078462,-150.0,6306.3203125,26309.874271547924,307
-6705799.711046847,6621690.323078462,-142.5,6306.3203125,26309.874271547924,307
-6705807.211046847,6621690.323078462,-135.0,6306.3203125,26309.874271547924,307
-6705814.711046847,6621690.323078462,-127.5,6306.3203125,26309.874271547924,307
-6705822.211046847,6621690.323078462,-120.0,6306.3203125,26309.874271547924,307
-6705829.711046847,6621690.323078462,-112.5,6306.3203125,26309.874271547924,307
-6705837.211046847,6621690.323078462,-105.0,6306.3203125,26309.874271547924,307
-6705844.711046847,6621690.323078462,-97.49999999999999,6306.3203125,26309.874271547924,307
-6705852.211046847,6621690.323078462,-90.0,6306.3203125,26309.874271547924,307
-6705859.711046847,6621690.323078462,-82.5,6306.3203125,26309.874271547924,307
-6705867.211046847,6621690.323078462,-75.0,6306.3203125,26309.874271547924,307
-6705874.711046847,6621690.323078462,-67.5,6306.3203125,26309.874271547924,307
-6705882.211046847,6621690.323078462,-59.999999999999986,6306.3203125,26309.874271547924,307
-6705889.711046847,6621690.323078462,-52.5,6304.53857421875,26309.874271547924,307
-6705897.211046847,6621690.323078462,-44.99999999999999,6304.53857421875,26309.874271547924,307
-6705904.711046847,6621690.323078462,-37.5,6304.53857421875,26309.874271547924,307
-6705912.211046847,6621690.323078462,-29.999999999999993,6304.53857421875,26309.874271547924,307
-6705919.711046847,6621690.323078462,-22.499999999999986,6304.53857421875,26309.874271547924,307
-6705927.211046847,6621690.323078462,-14.999999999999996,6304.53857421875,26309.874271547924,307
-6705934.711046847,6621690.323078462,-7.49999999999999,6304.53857421875,26309.874271547924,307
-6705942.211046847,6621690.323078462,0.0,6304.53857421875,26309.874271547924,307
-6705949.711046847,6621690.323078462,7.500000000000007,6304.53857421875,26309.874271547924,307
-6705957.211046847,6621690.323078462,15.000000000000014,6304.53857421875,26309.874271547924,307
-6705964.711046847,6621690.323078462,22.50000000000002,6304.53857421875,26309.874271547924,307
-6705972.211046847,6621690.323078462,30.00000000000003,6304.53857421875,26309.874271547924,307
-6705979.711046847,6621690.323078462,37.5,6304.53857421875,26309.874271547924,307
-6705987.211046847,6621690.323078462,45.00000000000001,6304.53857421875,26309.874271547924,307
-6705994.711046847,6621690.323078462,52.500000000000014,6304.53857421875,26309.874271547924,307
-6706002.211046847,6621690.323078462,60.00000000000002,6303.02734375,26309.874271547924,307
-6706009.711046847,6621690.323078462,67.50000000000003,6303.02734375,26309.874271547924,307
-6706017.211046847,6621690.323078462,75.0,6303.02734375,26309.874271547924,307
-6706024.711046847,6621690.323078462,82.5,6303.02734375,26309.874271547924,307
-6706032.211046847,6621690.323078462,90.00000000000001,6303.02734375,26309.874271547924,307
-6706039.711046847,6621690.323078462,97.50000000000001,6303.02734375,26309.874271547924,307
-6706047.211046847,6621690.323078462,105.00000000000003,6303.02734375,26309.874271547924,307
-6706054.711046847,6621690.323078462,112.5,6303.02734375,26309.874271547924,307
-6706062.211046847,6621690.323078462,120.0,6303.02734375,26309.874271547924,307
-6706069.711046847,6621690.323078462,127.50000000000001,6303.02734375,26309.874271547924,307
-6706077.211046847,6621690.323078462,135.00000000000003,6303.02734375,26309.874271547924,307
-6706084.711046847,6621690.323078462,142.50000000000003,6303.02734375,26309.874271547924,307
-6706092.211046847,6621690.323078462,150.0,6303.02734375,26309.874271547924,307
-6705749.6020943625,6621919.64981779,-150.0,6305.48486328125,26815.833392154615,307
-6705749.6020943625,6621927.14981779,-142.5,6305.48486328125,26815.833392154615,307
-6705749.6020943625,6621934.64981779,-135.0,6305.48486328125,26815.833392154615,307
-6705749.6020943625,6621942.14981779,-127.5,6305.48486328125,26815.833392154615,307
-6705749.6020943625,6621949.64981779,-120.0,6305.48486328125,26815.833392154615,307
-6705749.6020943625,6621957.14981779,-112.5,6305.48486328125,26815.833392154615,307
-6705749.6020943625,6621964.64981779,-105.0,6305.48486328125,26815.833392154615,307
-6705749.6020943625,6621972.14981779,-97.49999999999999,6305.48486328125,26815.833392154615,307
-6705749.6020943625,6621979.64981779,-90.0,6305.48486328125,26815.833392154615,307
-6705749.6020943625,6621987.14981779,-82.5,6305.48486328125,26815.833392154615,307
-6705749.6020943625,6621994.64981779,-75.0,6305.48486328125,26815.833392154615,307
-6705749.6020943625,6622002.14981779,-67.5,6305.48486328125,26815.833392154615,307
-6705749.6020943625,6622009.64981779,-59.999999999999986,6305.48486328125,26815.833392154615,307
-6705749.6020943625,6622017.14981779,-52.5,6300.53857421875,26815.833392154615,307
-6705749.6020943625,6622024.64981779,-44.99999999999999,6300.53857421875,26815.833392154615,307
-6705749.6020943625,6622032.14981779,-37.5,6300.53857421875,26815.833392154615,307
-6705749.6020943625,6622039.64981779,-29.999999999999993,6300.53857421875,26815.833392154615,307
-6705749.6020943625,6622047.14981779,-22.499999999999986,6300.53857421875,26815.833392154615,307
-6705749.6020943625,6622054.64981779,-14.999999999999996,6300.53857421875,26815.833392154615,307
-6705749.6020943625,6622062.14981779,-7.49999999999999,6300.53857421875,26815.833392154615,307
-6705749.6020943625,6622069.64981779,0.0,6300.53857421875,26815.833392154615,307
-6705749.6020943625,6622077.14981779,7.500000000000007,6300.53857421875,26815.833392154615,307
-6705749.6020943625,6622084.64981779,15.000000000000014,6300.53857421875,26815.833392154615,307
-6705749.6020943625,6622092.14981779,22.50000000000002,6300.53857421875,26815.833392154615,307
-6705749.6020943625,6622099.64981779,30.00000000000003,6300.53857421875,26815.833392154615,307
-6705749.6020943625,6622107.14981779,37.5,6300.53857421875,26815.833392154615,307
-6705749.6020943625,6622114.64981779,45.00000000000001,6300.53857421875,26815.833392154615,307
-6705749.6020943625,6622122.14981779,52.500000000000014,6300.53857421875,26815.833392154615,307
-6705749.6020943625,6622129.64981779,60.00000000000002,6303.3720703125,26815.833392154615,307
-6705749.6020943625,6622137.14981779,67.50000000000003,6303.3720703125,26815.833392154615,307
-6705749.6020943625,6622144.64981779,75.0,6303.3720703125,26815.833392154615,307
-6705749.6020943625,6622152.14981779,82.5,6303.3720703125,26815.833392154615,307
-6705749.6020943625,6622159.64981779,90.00000000000001,6303.3720703125,26815.833392154615,307
-6705749.6020943625,6622167.14981779,97.50000000000001,6303.3720703125,26815.833392154615,307
-6705749.6020943625,6622174.64981779,105.00000000000003,6303.3720703125,26815.833392154615,307
-6705749.6020943625,6622182.14981779,112.5,6303.3720703125,26815.833392154615,307
-6705749.6020943625,6622189.64981779,120.0,6303.3720703125,26815.833392154615,307
-6705749.6020943625,6622197.14981779,127.50000000000001,6303.3720703125,26815.833392154615,307
-6705749.6020943625,6622204.64981779,135.00000000000003,6303.3720703125,26815.833392154615,307
-6705749.6020943625,6622212.14981779,142.50000000000003,6303.3720703125,26815.833392154615,307
-6705749.6020943625,6622219.64981779,150.0,6303.3720703125,26815.833392154615,307
-6705210.229665654,6622138.982956208,-150.0,6306.15087890625,27321.792512761305,307
-6705215.532966513,6622144.286257067,-142.5,6306.15087890625,27321.792512761305,307
-6705220.836267372,6622149.589557926,-135.0,6306.15087890625,27321.792512761305,307
-6705226.13956823,6622154.892858785,-127.5,6306.15087890625,27321.792512761305,307
-6705231.44286909,6622160.196159644,-120.0,6306.15087890625,27321.792512761305,307
-6705236.746169949,6622165.4994605025,-112.5,6306.15087890625,27321.792512761305,307
-6705242.049470807,6622170.802761362,-105.0,6306.15087890625,27321.792512761305,307
-6705247.352771666,6622176.10606222,-97.49999999999999,6306.15087890625,27321.792512761305,307
-6705252.656072525,6622181.40936308,-90.0,6306.15087890625,27321.792512761305,307
-6705257.959373385,6622186.712663938,-82.5,6306.15087890625,27321.792512761305,307
-6705263.262674243,6622192.015964797,-75.0,6306.15087890625,27321.792512761305,307
-6705268.565975102,6622197.319265656,-67.5,6306.15087890625,27321.792512761305,307
-6705273.869275961,6622202.622566515,-59.999999999999986,6306.15087890625,27321.792512761305,307
-6705279.1725768205,6622207.925867374,-52.5,6306.15087890625,27321.792512761305,307
-6705284.475877679,6622213.2291682325,-44.99999999999999,6306.15087890625,27321.792512761305,307
-6705289.779178537,6622218.532469092,-37.5,6306.15087890625,27321.792512761305,307
-6705295.082479397,6622223.83576995,-29.999999999999993,6306.15087890625,27321.792512761305,307
-6705300.385780256,6622229.13907081,-22.499999999999986,6306.15087890625,27321.792512761305,307
-6705305.689081115,6622234.442371668,-14.999999999999996,6306.15087890625,27321.792512761305,307
-6705310.992381973,6622239.745672528,-7.49999999999999,6299.9873046875,27321.792512761305,307
-6705316.295682833,6622245.048973386,0.0,6299.9873046875,27321.792512761305,307
-6705321.598983692,6622250.352274245,7.500000000000007,6299.9873046875,27321.792512761305,307
-6705326.9022845505,6622255.655575104,15.000000000000014,6299.66015625,27321.792512761305,307
-6705332.205585409,6622260.9588759625,22.50000000000002,6299.66015625,27321.792512761305,307
-6705337.508886268,6622266.262176822,30.00000000000003,6299.66015625,27321.792512761305,307
-6705342.812187128,6622271.56547768,37.5,6299.66015625,27321.792512761305,307
-6705348.115487986,6622276.86877854,45.00000000000001,6299.66015625,27321.792512761305,307
-6705353.418788845,6622282.172079398,52.500000000000014,6299.66015625,27321.792512761305,307
-6705358.722089704,6622287.475380258,60.00000000000002,6299.66015625,27321.792512761305,307
-6705364.0253905635,6622292.778681116,67.50000000000003,6299.66015625,27321.792512761305,307
-6705369.328691422,6622298.081981976,75.0,6299.66015625,27321.792512761305,307
-6705374.6319922805,6622303.385282834,82.5,6299.66015625,27321.792512761305,307
-6705379.93529314,6622308.688583693,90.00000000000001,6299.66015625,27321.792512761305,307
-6705385.238593999,6622313.991884552,97.50000000000001,6299.66015625,27321.792512761305,307
-6705390.541894858,6622319.29518541,105.00000000000003,6299.66015625,27321.792512761305,307
-6705395.845195716,6622324.59848627,112.5,6299.66015625,27321.792512761305,307
-6705401.148496576,6622329.901787128,120.0,6299.66015625,27321.792512761305,307
-6705406.451797435,6622335.205087988,127.50000000000001,6299.66015625,27321.792512761305,307
-6705411.755098294,6622340.508388846,135.00000000000003,6299.66015625,27321.792512761305,307
-6705417.058399152,6622345.811689706,142.50000000000003,6299.66015625,27321.792512761305,307
-6705422.361700011,6622351.114990564,150.0,6299.66015625,27321.792512761305,307
-6704852.462540471,6622496.750081392,-150.0,6312.04833984375,27827.751633367996,307
-6704857.7658413295,6622502.0533822505,-142.5,6312.04833984375,27827.751633367996,307
-6704863.069142189,6622507.35668311,-135.0,6312.04833984375,27827.751633367996,307
-6704868.372443047,6622512.659983968,-127.5,6312.04833984375,27827.751633367996,307
-6704873.675743907,6622517.963284828,-120.0,6299.8935546875,27827.751633367996,307
-6704878.979044765,6622523.266585686,-112.5,6299.8935546875,27827.751633367996,307
-6704884.282345625,6622528.569886546,-105.0,6299.8935546875,27827.751633367996,307
-6704889.585646483,6622533.873187404,-97.49999999999999,6299.8935546875,27827.751633367996,307
-6704894.8889473425,6622539.1764882635,-90.0,6299.8935546875,27827.751633367996,307
-6704900.192248201,6622544.479789122,-82.5,6299.8935546875,27827.751633367996,307
-6704905.49554906,6622549.7830899805,-75.0,6299.8935546875,27827.751633367996,307
-6704910.798849919,6622555.08639084,-67.5,6299.8935546875,27827.751633367996,307
-6704916.102150777,6622560.389691698,-59.999999999999986,6299.8935546875,27827.751633367996,307
-6704921.405451637,6622565.692992558,-52.5,6299.8935546875,27827.751633367996,307
-6704926.708752495,6622570.996293416,-44.99999999999999,6299.8935546875,27827.751633367996,307
-6704932.012053355,6622576.299594276,-37.5,6299.8935546875,27827.751633367996,307
-6704937.315354213,6622581.602895134,-29.999999999999993,6296.5341796875,27827.751633367996,307
-6704942.6186550725,6622586.906195994,-22.499999999999986,6296.5341796875,27827.751633367996,307
-6704947.921955931,6622592.209496852,-14.999999999999996,6296.5341796875,27827.751633367996,307
-6704953.22525679,6622597.512797711,-7.49999999999999,6296.5341796875,27827.751633367996,307
-6704958.528557649,6622602.81609857,0.0,6296.5341796875,27827.751633367996,307
-6704963.831858507,6622608.119399428,7.500000000000007,6296.5341796875,27827.751633367996,307
-6704969.135159367,6622613.422700288,15.000000000000014,6296.5341796875,27827.751633367996,307
-6704974.438460225,6622618.726001146,22.50000000000002,6296.5341796875,27827.751633367996,307
-6704979.741761085,6622624.029302006,30.00000000000003,6296.5341796875,27827.751633367996,307
-6704985.045061943,6622629.332602864,37.5,6299.1318359375,27827.751633367996,307
-6704990.3483628025,6622634.635903724,45.00000000000001,6299.1318359375,27827.751633367996,307
-6704995.651663661,6622639.939204582,52.500000000000014,6299.1318359375,27827.751633367996,307
-6705000.95496452,6622645.242505441,60.00000000000002,6299.1318359375,27827.751633367996,307
-6705006.258265379,6622650.5458063,67.50000000000003,6299.1318359375,27827.751633367996,307
-6705011.561566237,6622655.849107159,75.0,6299.1318359375,27827.751633367996,307
-6705016.864867097,6622661.152408018,82.5,6299.1318359375,27827.751633367996,307
-6705022.168167955,6622666.455708876,90.00000000000001,6299.1318359375,27827.751633367996,307
-6705027.471468815,6622671.759009736,97.50000000000001,6299.1318359375,27827.751633367996,307
-6705032.774769673,6622677.062310594,105.00000000000003,6299.1318359375,27827.751633367996,307
-6705038.0780705325,6622682.365611454,112.5,6299.1318359375,27827.751633367996,307
-6705043.381371391,6622687.668912312,120.0,6299.1318359375,27827.751633367996,307
-6705048.68467225,6622692.972213171,127.50000000000001,6300.216796875,27827.751633367996,307
-6705053.987973109,6622698.27551403,135.00000000000003,6300.216796875,27827.751633367996,307
-6705059.291273968,6622703.578814889,142.50000000000003,6300.216796875,27827.751633367996,307
-6705064.594574827,6622708.882115748,150.0,6300.216796875,27827.751633367996,307
-6704891.178630012,6623049.705038283,-150.0,6298.36083984375,28333.710753974687,307
-6704898.678630012,6623049.705038283,-142.5,6298.36083984375,28333.710753974687,307
-6704906.178630012,6623049.705038283,-135.0,6298.36083984375,28333.710753974687,307
-6704913.678630012,6623049.705038283,-127.5,6298.36083984375,28333.710753974687,307
-6704921.178630012,6623049.705038283,-120.0,6298.36083984375,28333.710753974687,307
-6704928.678630012,6623049.705038283,-112.5,6298.36083984375,28333.710753974687,307
-6704936.178630012,6623049.705038283,-105.0,6298.36083984375,28333.710753974687,307
-6704943.678630012,6623049.705038283,-97.49999999999999,6298.36083984375,28333.710753974687,307
-6704951.178630012,6623049.705038283,-90.0,6298.36083984375,28333.710753974687,307
-6704958.678630012,6623049.705038283,-82.5,6298.36083984375,28333.710753974687,307
-6704966.178630012,6623049.705038283,-75.0,6298.36083984375,28333.710753974687,307
-6704973.678630012,6623049.705038283,-67.5,6298.36083984375,28333.710753974687,307
-6704981.178630012,6623049.705038283,-59.999999999999986,6298.36083984375,28333.710753974687,307
-6704988.678630012,6623049.705038283,-52.5,6294.22314453125,28333.710753974687,307
-6704996.178630012,6623049.705038283,-44.99999999999999,6294.22314453125,28333.710753974687,307
-6705003.678630012,6623049.705038283,-37.5,6294.22314453125,28333.710753974687,307
-6705011.178630012,6623049.705038283,-29.999999999999993,6294.22314453125,28333.710753974687,307
-6705018.678630012,6623049.705038283,-22.499999999999986,6294.22314453125,28333.710753974687,307
-6705026.178630012,6623049.705038283,-14.999999999999996,6294.22314453125,28333.710753974687,307
-6705033.678630012,6623049.705038283,-7.49999999999999,6294.22314453125,28333.710753974687,307
-6705041.178630012,6623049.705038283,0.0,6294.22314453125,28333.710753974687,307
-6705048.678630012,6623049.705038283,7.500000000000007,6294.22314453125,28333.710753974687,307
-6705056.178630012,6623049.705038283,15.000000000000014,6294.22314453125,28333.710753974687,307
-6705063.678630012,6623049.705038283,22.50000000000002,6294.22314453125,28333.710753974687,307
-6705071.178630012,6623049.705038283,30.00000000000003,6294.22314453125,28333.710753974687,307
-6705078.678630012,6623049.705038283,37.5,6294.22314453125,28333.710753974687,307
-6705086.178630012,6623049.705038283,45.00000000000001,6294.22314453125,28333.710753974687,307
-6705093.678630012,6623049.705038283,52.500000000000014,6294.22314453125,28333.710753974687,307
-6705101.178630012,6623049.705038283,60.00000000000002,6299.5556640625,28333.710753974687,307
-6705108.678630012,6623049.705038283,67.50000000000003,6299.5556640625,28333.710753974687,307
-6705116.178630012,6623049.705038283,75.0,6299.5556640625,28333.710753974687,307
-6705123.678630012,6623049.705038283,82.5,6299.5556640625,28333.710753974687,307
-6705131.178630012,6623049.705038283,90.00000000000001,6299.5556640625,28333.710753974687,307
-6705138.678630012,6623049.705038283,97.50000000000001,6299.5556640625,28333.710753974687,307
-6705146.178630012,6623049.705038283,105.00000000000003,6299.5556640625,28333.710753974687,307
-6705153.678630012,6623049.705038283,112.5,6299.5556640625,28333.710753974687,307
-6705161.178630012,6623049.705038283,120.0,6299.5556640625,28333.710753974687,307
-6705168.678630012,6623049.705038283,127.50000000000001,6299.5556640625,28333.710753974687,307
-6705176.178630012,6623049.705038283,135.00000000000003,6299.5556640625,28333.710753974687,307
-6705183.678630012,6623049.705038283,142.50000000000003,6299.5556640625,28333.710753974687,307
-6705191.178630012,6623049.705038283,150.0,6299.5556640625,28333.710753974687,307
-6704601.108693816,6623311.249188568,-150.0,6299.66845703125,28839.669874581377,307
-6704606.411994674,6623316.552489427,-142.5,6299.66845703125,28839.669874581377,307
-6704611.715295534,6623321.855790286,-135.0,6299.66845703125,28839.669874581377,307
-6704617.018596392,6623327.159091145,-127.5,6299.66845703125,28839.669874581377,307
-6704622.3218972515,6623332.462392004,-120.0,6299.66845703125,28839.669874581377,307
-6704627.62519811,6623337.765692863,-112.5,6299.66845703125,28839.669874581377,307
-6704632.928498969,6623343.068993722,-105.0,6299.66845703125,28839.669874581377,307
-6704638.231799828,6623348.372294581,-97.49999999999999,6299.66845703125,28839.669874581377,307
-6704643.535100687,6623353.67559544,-90.0,6299.66845703125,28839.669874581377,307
-6704648.838401546,6623358.978896298,-82.5,6296.978515625,28839.669874581377,307
-6704654.141702404,6623364.282197157,-75.0,6296.978515625,28839.669874581377,307
-6704659.445003264,6623369.585498016,-67.5,6293.859375,28839.669874581377,307
-6704664.748304122,6623374.888798875,-59.999999999999986,6293.859375,28839.669874581377,307
-6704670.0516049815,6623380.192099734,-52.5,6293.859375,28839.669874581377,307
-6704675.35490584,6623385.495400593,-44.99999999999999,6293.859375,28839.669874581377,307
-6704680.658206699,6623390.798701452,-37.5,6293.859375,28839.669874581377,307
-6704685.961507558,6623396.102002311,-29.999999999999993,6293.859375,28839.669874581377,307
-6704691.264808417,6623401.40530317,-22.499999999999986,6293.859375,28839.669874581377,307
-6704696.568109276,6623406.708604028,-14.999999999999996,6293.859375,28839.669874581377,307
-6704701.871410135,6623412.011904888,-7.49999999999999,6293.859375,28839.669874581377,307
-6704707.174710994,6623417.315205746,0.0,6293.859375,28839.669874581377,307
-6704712.478011852,6623422.618506605,7.500000000000007,6293.859375,28839.669874581377,307
-6704717.781312712,6623427.921807464,15.000000000000014,6293.859375,28839.669874581377,307
-6704723.08461357,6623433.225108323,22.50000000000002,6293.859375,28839.669874581377,307
-6704728.387914429,6623438.528409182,30.00000000000003,6293.859375,28839.669874581377,307
-6704733.691215288,6623443.831710041,37.5,6293.859375,28839.669874581377,307
-6704738.994516147,6623449.1350109,45.00000000000001,6293.859375,28839.669874581377,307
-6704744.297817006,6623454.438311758,52.500000000000014,6293.859375,28839.669874581377,307
-6704749.601117865,6623459.741612618,60.00000000000002,6293.859375,28839.669874581377,307
-6704754.904418724,6623465.044913476,67.50000000000003,6293.859375,28839.669874581377,307
-6704760.207719583,6623470.348214336,75.0,6297.5302734375,28839.669874581377,307
-6704765.511020442,6623475.651515194,82.5,6297.5302734375,28839.669874581377,307
-6704770.8143213,6623480.954816053,90.00000000000001,6295.51806640625,28839.669874581377,307
-6704776.117622159,6623486.258116912,97.50000000000001,6295.51806640625,28839.669874581377,307
-6704781.420923018,6623491.561417771,105.00000000000003,6295.51806640625,28839.669874581377,307
-6704786.724223877,6623496.86471863,112.5,6295.51806640625,28839.669874581377,307
-6704792.027524736,6623502.168019488,120.0,6295.51806640625,28839.669874581377,307
-6704797.330825595,6623507.471320348,127.50000000000001,6295.51806640625,28839.669874581377,307
-6704802.634126454,6623512.774621206,135.00000000000003,6295.51806640625,28839.669874581377,307
-6704807.937427313,6623518.077922066,142.50000000000003,6295.51806640625,28839.669874581377,307
-6704813.240728172,6623523.381222924,150.0,6295.51806640625,28839.669874581377,307
-6704402.623101635,6623734.992884959,-150.0,6293.89306640625,29345.628995188068,307
-6704407.926402493,6623740.296185818,-142.5,6293.89306640625,29345.628995188068,307
-6704413.229703353,6623745.599486677,-135.0,6293.89306640625,29345.628995188068,307
-6704418.533004211,6623750.902787535,-127.5,6293.89306640625,29345.628995188068,307
-6704423.836305071,6623756.206088395,-120.0,6293.87109375,29345.628995188068,307
-6704429.139605929,6623761.509389253,-112.5,6293.87109375,29345.628995188068,307
-6704434.442906789,6623766.812690113,-105.0,6293.87109375,29345.628995188068,307
-6704439.746207647,6623772.115990971,-97.49999999999999,6293.87109375,29345.628995188068,307
-6704445.049508506,6623777.419291831,-90.0,6293.87109375,29345.628995188068,307
-6704450.352809365,6623782.722592689,-82.5,6293.87109375,29345.628995188068,307
-6704455.656110223,6623788.0258935485,-75.0,6293.87109375,29345.628995188068,307
-6704460.959411083,6623793.329194407,-67.5,6293.87109375,29345.628995188068,307
-6704466.262711941,6623798.632495265,-59.999999999999986,6293.87109375,29345.628995188068,307
-6704471.566012801,6623803.935796125,-52.5,6293.87109375,29345.628995188068,307
-6704476.869313659,6623809.239096983,-44.99999999999999,6293.87109375,29345.628995188068,307
-6704482.172614519,6623814.542397843,-37.5,6293.87109375,29345.628995188068,307
-6704487.475915377,6623819.845698701,-29.999999999999993,6291.830078125,29345.628995188068,307
-6704492.779216236,6623825.148999561,-22.499999999999986,6291.830078125,29345.628995188068,307
-6704498.082517095,6623830.452300419,-14.999999999999996,6291.830078125,29345.628995188068,307
-6704503.385817954,6623835.7556012785,-7.49999999999999,6291.830078125,29345.628995188068,307
-6704508.689118813,6623841.058902137,0.0,6291.830078125,29345.628995188068,307
-6704513.992419671,6623846.362202995,7.500000000000007,6291.830078125,29345.628995188068,307
-6704519.295720531,6623851.665503855,15.000000000000014,6291.830078125,29345.628995188068,307
-6704524.599021389,6623856.968804713,22.50000000000002,6291.830078125,29345.628995188068,307
-6704529.902322249,6623862.272105573,30.00000000000003,6291.830078125,29345.628995188068,307
-6704535.205623107,6623867.575406431,37.5,6294.58837890625,29345.628995188068,307
-6704540.508923966,6623872.878707291,45.00000000000001,6294.58837890625,29345.628995188068,307
-6704545.812224825,6623878.182008149,52.500000000000014,6294.58837890625,29345.628995188068,307
-6704551.115525684,6623883.4853090085,60.00000000000002,6294.58837890625,29345.628995188068,307
-6704556.418826543,6623888.788609867,67.50000000000003,6294.58837890625,29345.628995188068,307
-6704561.722127402,6623894.091910725,75.0,6294.58837890625,29345.628995188068,307
-6704567.025428261,6623899.395211585,82.5,6294.58837890625,29345.628995188068,307
-6704572.328729119,6623904.698512443,90.00000000000001,6294.58837890625,29345.628995188068,307
-6704577.632029979,6623910.001813303,97.50000000000001,6294.58837890625,29345.628995188068,307
-6704582.935330837,6623915.305114161,105.00000000000003,6294.58837890625,29345.628995188068,307
-6704588.238631696,6623920.608415021,112.5,6294.58837890625,29345.628995188068,307
-6704593.541932555,6623925.911715879,120.0,6294.58837890625,29345.628995188068,307
-6704598.845233414,6623931.2150167385,127.50000000000001,6294.8779296875,29345.628995188068,307
-6704604.148534273,6623936.518317597,135.00000000000003,6294.8779296875,29345.628995188068,307
-6704609.451835132,6623941.821618456,142.50000000000003,6294.8779296875,29345.628995188068,307
-6704614.755135991,6623947.124919315,150.0,6294.8779296875,29345.628995188068,307
-6704091.50845735,6624046.107529243,-150.0,6291.30859375,29851.58811579476,307
-6704096.811758208,6624051.410830102,-142.5,6291.30859375,29851.58811579476,307
-6704102.1150590675,6624056.714130961,-135.0,6291.30859375,29851.58811579476,307
-6704107.418359926,6624062.01743182,-127.5,6291.30859375,29851.58811579476,307
-6704112.721660785,6624067.320732679,-120.0,6291.30859375,29851.58811579476,307
-6704118.024961644,6624072.624033538,-112.5,6291.30859375,29851.58811579476,307
-6704123.328262503,6624077.927334397,-105.0,6291.30859375,29851.58811579476,307
-6704128.631563362,6624083.230635256,-97.49999999999999,6291.30859375,29851.58811579476,307
-6704133.934864221,6624088.533936115,-90.0,6291.30859375,29851.58811579476,307
-6704139.23816508,6624093.837236973,-82.5,6291.30859375,29851.58811579476,307
-6704144.541465938,6624099.140537832,-75.0,6291.30859375,29851.58811579476,307
-6704149.8447667975,6624104.443838691,-67.5,6291.30859375,29851.58811579476,307
-6704155.148067656,6624109.74713955,-59.999999999999986,6291.30859375,29851.58811579476,307
-6704160.451368515,6624115.050440409,-52.5,6291.30859375,29851.58811579476,307
-6704165.754669374,6624120.353741268,-44.99999999999999,6291.30859375,29851.58811579476,307
-6704171.057970233,6624125.657042127,-37.5,6291.30859375,29851.58811579476,307
-6704176.361271092,6624130.960342986,-29.999999999999993,6291.30859375,29851.58811579476,307
-6704181.664571951,6624136.263643845,-22.499999999999986,6291.30859375,29851.58811579476,307
-6704186.96787281,6624141.566944703,-14.999999999999996,6291.30859375,29851.58811579476,307
-6704192.271173669,6624146.870245563,-7.49999999999999,6291.30859375,29851.58811579476,307
-6704197.5744745275,6624152.173546421,0.0,6290.15380859375,29851.58811579476,307
-6704202.877775386,6624157.47684728,7.500000000000007,6290.28955078125,29851.58811579476,307
-6704208.181076245,6624162.780148139,15.000000000000014,6290.28955078125,29851.58811579476,307
-6704213.484377104,6624168.083448998,22.50000000000002,6290.28955078125,29851.58811579476,307
-6704218.787677963,6624173.386749857,30.00000000000003,6290.28955078125,29851.58811579476,307
-6704224.090978822,6624178.690050716,37.5,6290.28955078125,29851.58811579476,307
-6704229.394279681,6624183.993351575,45.00000000000001,6290.28955078125,29851.58811579476,307
-6704234.69758054,6624189.296652433,52.500000000000014,6290.28955078125,29851.58811579476,307
-6704240.000881399,6624194.599953293,60.00000000000002,6290.28955078125,29851.58811579476,307
-6704245.3041822575,6624199.903254151,67.50000000000003,6290.28955078125,29851.58811579476,307
-6704250.607483117,6624205.206555011,75.0,6290.28955078125,29851.58811579476,307
-6704255.910783975,6624210.509855869,82.5,6290.28955078125,29851.58811579476,307
-6704261.214084834,6624215.813156728,90.00000000000001,6290.28955078125,29851.58811579476,307
-6704266.517385693,6624221.116457587,97.50000000000001,6290.28955078125,29851.58811579476,307
-6704271.820686552,6624226.419758446,105.00000000000003,6290.28955078125,29851.58811579476,307
-6704277.123987411,6624231.723059305,112.5,6290.28955078125,29851.58811579476,307
-6704282.42728827,6624237.026360163,120.0,6290.28955078125,29851.58811579476,307
-6704287.730589129,6624242.329661023,127.50000000000001,6290.28955078125,29851.58811579476,307
-6704293.0338899875,6624247.632961881,135.00000000000003,6290.28955078125,29851.58811579476,307
-6704298.337190847,6624252.936262741,142.50000000000003,6290.28955078125,29851.58811579476,307
-6704303.640491705,6624258.239563599,150.0,6290.28955078125,29851.58811579476,307
-6703700.753046562,6624324.233887927,-150.0,6292.259765625,30357.54723640145,307
-6703706.05634742,6624329.537188785,-142.5,6292.259765625,30357.54723640145,307
-6703711.35964828,6624334.840489645,-135.0,6292.259765625,30357.54723640145,307
-6703716.662949139,6624340.143790503,-127.5,6292.259765625,30357.54723640145,307
-6703721.966249998,6624345.447091362,-120.0,6292.259765625,30357.54723640145,307
-6703727.269550856,6624350.750392221,-112.5,6292.259765625,30357.54723640145,307
-6703732.572851716,6624356.05369308,-105.0,6292.259765625,30357.54723640145,307
-6703737.876152575,6624361.356993939,-97.49999999999999,6292.259765625,30357.54723640145,307
-6703743.1794534335,6624366.660294798,-90.0,6292.259765625,30357.54723640145,307
-6703748.482754292,6624371.963595657,-82.5,6289.919921875,30357.54723640145,307
-6703753.786055151,6624377.266896516,-75.0,6289.919921875,30357.54723640145,307
-6703759.089356011,6624382.570197375,-67.5,6289.07763671875,30357.54723640145,307
-6703764.392656869,6624387.873498233,-59.999999999999986,6289.07763671875,30357.54723640145,307
-6703769.695957728,6624393.176799092,-52.5,6289.07763671875,30357.54723640145,307
-6703774.999258587,6624398.480099951,-44.99999999999999,6289.07763671875,30357.54723640145,307
-6703780.302559447,6624403.78340081,-37.5,6289.07763671875,30357.54723640145,307
-6703785.605860305,6624409.086701669,-29.999999999999993,6289.07763671875,30357.54723640145,307
-6703790.9091611635,6624414.390002528,-22.499999999999986,6289.07763671875,30357.54723640145,307
-6703796.212462023,6624419.693303387,-14.999999999999996,6289.07763671875,30357.54723640145,307
-6703801.515762882,6624424.996604246,-7.49999999999999,6289.07763671875,30357.54723640145,307
-6703806.819063741,6624430.299905105,0.0,6289.07763671875,30357.54723640145,307
-6703812.122364599,6624435.603205963,7.500000000000007,6289.07763671875,30357.54723640145,307
-6703817.425665459,6624440.906506822,15.000000000000014,6289.07763671875,30357.54723640145,307
-6703822.728966318,6624446.209807681,22.50000000000002,6289.07763671875,30357.54723640145,307
-6703828.032267177,6624451.51310854,30.00000000000003,6289.07763671875,30357.54723640145,307
-6703833.335568035,6624456.816409399,37.5,6289.07763671875,30357.54723640145,307
-6703838.638868894,6624462.119710258,45.00000000000001,6289.07763671875,30357.54723640145,307
-6703843.942169754,6624467.423011117,52.500000000000014,6289.07763671875,30357.54723640145,307
-6703849.245470612,6624472.726311976,60.00000000000002,6289.07763671875,30357.54723640145,307
-6703854.548771471,6624478.029612835,67.50000000000003,6289.07763671875,30357.54723640145,307
-6703859.85207233,6624483.332913693,75.0,6291.744140625,30357.54723640145,307
-6703865.15537319,6624488.636214552,82.5,6291.744140625,30357.54723640145,307
-6703870.458674048,6624493.939515411,90.00000000000001,6291.30029296875,30357.54723640145,307
-6703875.761974907,6624499.24281627,97.50000000000001,6291.30029296875,30357.54723640145,307
-6703881.065275766,6624504.546117129,105.00000000000003,6291.30029296875,30357.54723640145,307
-6703886.368576625,6624509.849417988,112.5,6291.30029296875,30357.54723640145,307
-6703891.671877484,6624515.152718847,120.0,6291.30029296875,30357.54723640145,307
-6703896.975178342,6624520.456019706,127.50000000000001,6291.30029296875,30357.54723640145,307
-6703902.278479202,6624525.759320565,135.00000000000003,6291.30029296875,30357.54723640145,307
-6703907.581780061,6624531.062621424,142.50000000000003,6291.30029296875,30357.54723640145,307
-6703912.88508092,6624536.365922282,150.0,6291.30029296875,30357.54723640145,307
-6703244.02106457,6624443.078713605,-150.0,6299.3662109375,30863.50635700814,307
-6703249.324365429,6624448.382014465,-142.5,6299.3662109375,30863.50635700814,307
-6703254.627666288,6624453.685315323,-135.0,6299.3662109375,30863.50635700814,307
-6703259.9309671465,6624458.988616182,-127.5,6299.3662109375,30863.50635700814,307
-6703265.234268006,6624464.291917041,-120.0,6299.3662109375,30863.50635700814,307
-6703270.537568864,6624469.5952179,-112.5,6299.3662109375,30863.50635700814,307
-6703275.840869724,6624474.898518759,-105.0,6299.3662109375,30863.50635700814,307
-6703281.144170582,6624480.201819617,-97.49999999999999,6299.3662109375,30863.50635700814,307
-6703286.447471442,6624485.505120477,-90.0,6299.3662109375,30863.50635700814,307
-6703291.7507723,6624490.808421336,-82.5,6299.3662109375,30863.50635700814,307
-6703297.054073159,6624496.111722195,-75.0,6286.81396484375,30863.50635700814,307
-6703302.357374018,6624501.415023053,-67.5,6286.81396484375,30863.50635700814,307
-6703307.6606748765,6624506.7183239125,-59.999999999999986,6286.81396484375,30863.50635700814,307
-6703312.963975736,6624512.021624772,-52.5,6286.81396484375,30863.50635700814,307
-6703318.267276594,6624517.32492563,-44.99999999999999,6286.81396484375,30863.50635700814,307
-6703323.570577454,6624522.628226489,-37.5,6286.81396484375,30863.50635700814,307
-6703328.873878312,6624527.931527348,-29.999999999999993,6286.81396484375,30863.50635700814,307
-6703334.177179172,6624533.234828208,-22.499999999999986,6286.81396484375,30863.50635700814,307
-6703339.48048003,6624538.538129066,-14.999999999999996,6286.81396484375,30863.50635700814,307
-6703344.78378089,6624543.841429925,-7.49999999999999,6286.81396484375,30863.50635700814,307
-6703350.087081748,6624549.144730784,0.0,6286.81396484375,30863.50635700814,307
-6703355.390382607,6624554.448031643,7.500000000000007,6286.81396484375,30863.50635700814,307
-6703360.693683466,6624559.751332502,15.000000000000014,6286.81396484375,30863.50635700814,307
-6703365.996984324,6624565.05463336,22.50000000000002,6286.81396484375,30863.50635700814,307
-6703371.300285184,6624570.35793422,30.00000000000003,6286.81396484375,30863.50635700814,307
-6703376.603586042,6624575.661235079,37.5,6286.81396484375,30863.50635700814,307
-6703381.906886902,6624580.964535938,45.00000000000001,6286.81396484375,30863.50635700814,307
-6703387.21018776,6624586.267836796,52.500000000000014,6286.81396484375,30863.50635700814,307
-6703392.51348862,6624591.5711376555,60.00000000000002,6286.81396484375,30863.50635700814,307
-6703397.816789478,6624596.874438515,67.50000000000003,6286.81396484375,30863.50635700814,307
-6703403.1200903375,6624602.177739373,75.0,6286.81396484375,30863.50635700814,307
-6703408.423391196,6624607.481040232,82.5,6290.3232421875,30863.50635700814,307
-6703413.726692054,6624612.784341091,90.00000000000001,6290.3232421875,30863.50635700814,307
-6703419.029992914,6624618.087641951,97.50000000000001,6290.3232421875,30863.50635700814,307
-6703424.333293772,6624623.390942809,105.00000000000003,6290.3232421875,30863.50635700814,307
-6703429.636594632,6624628.694243668,112.5,6290.3232421875,30863.50635700814,307
-6703434.93989549,6624633.997544527,120.0,6290.3232421875,30863.50635700814,307
-6703440.24319635,6624639.300845386,127.50000000000001,6290.3232421875,30863.50635700814,307
-6703445.546497208,6624644.604146245,135.00000000000003,6290.3232421875,30863.50635700814,307
-6703450.8497980675,6624649.907447103,142.50000000000003,6290.3232421875,30863.50635700814,307
-6703456.153098926,6624655.210747963,150.0,6290.3232421875,30863.50635700814,307
-6702965.894705888,6624833.834124393,-150.0,6288.68603515625,31369.46547761483,307
-6702971.198006746,6624839.137425251,-142.5,6288.68603515625,31369.46547761483,307
-6702976.501307606,6624844.440726111,-135.0,6288.68603515625,31369.46547761483,307
-6702981.804608464,6624849.744026969,-127.5,6288.68603515625,31369.46547761483,307
-6702987.107909324,6624855.047327829,-120.0,6288.68603515625,31369.46547761483,307
-6702992.411210182,6624860.350628687,-112.5,6288.68603515625,31369.46547761483,307
-6702997.7145110415,6624865.6539295465,-105.0,6288.68603515625,31369.46547761483,307
-6703003.0178119,6624870.957230405,-97.49999999999999,6288.68603515625,31369.46547761483,307
-6703008.321112759,6624876.260531264,-90.0,6288.68603515625,31369.46547761483,307
-6703013.624413618,6624881.563832123,-82.5,6288.68603515625,31369.46547761483,307
-6703018.927714476,6624886.867132982,-75.0,6288.68603515625,31369.46547761483,307
-6703024.231015336,6624892.170433841,-67.5,6288.68603515625,31369.46547761483,307
-6703029.534316194,6624897.473734699,-59.999999999999986,6288.68603515625,31369.46547761483,307
-6703034.837617054,6624902.777035559,-52.5,6288.68603515625,31369.46547761483,307
-6703040.140917912,6624908.080336417,-44.99999999999999,6288.68603515625,31369.46547761483,307
-6703045.4442187715,6624913.3836372765,-37.5,6288.68603515625,31369.46547761483,307
-6703050.74751963,6624918.686938135,-29.999999999999993,6288.68603515625,31369.46547761483,307
-6703056.050820489,6624923.990238994,-22.499999999999986,6288.68603515625,31369.46547761483,307
-6703061.354121348,6624929.293539853,-14.999999999999996,6288.68603515625,31369.46547761483,307
-6703066.657422207,6624934.596840712,-7.49999999999999,6288.68603515625,31369.46547761483,307
-6703071.960723066,6624939.900141571,0.0,6284.93115234375,31369.46547761483,307
-6703077.264023924,6624945.203442429,7.500000000000007,6286.8564453125,31369.46547761483,307
-6703082.567324784,6624950.506743289,15.000000000000014,6286.8564453125,31369.46547761483,307
-6703087.870625642,6624955.810044147,22.50000000000002,6286.8564453125,31369.46547761483,307
-6703093.173926502,6624961.1133450065,30.00000000000003,6286.8564453125,31369.46547761483,307
-6703098.47722736,6624966.416645865,37.5,6286.8564453125,31369.46547761483,307
-6703103.780528219,6624971.719946724,45.00000000000001,6286.8564453125,31369.46547761483,307
-6703109.083829078,6624977.023247583,52.500000000000014,6286.8564453125,31369.46547761483,307
-6703114.387129937,6624982.326548442,60.00000000000002,6286.8564453125,31369.46547761483,307
-6703119.690430796,6624987.629849301,67.50000000000003,6286.8564453125,31369.46547761483,307
-6703124.993731655,6624992.933150159,75.0,6286.8564453125,31369.46547761483,307
-6703130.297032514,6624998.236451019,82.5,6286.8564453125,31369.46547761483,307
-6703135.600333372,6625003.539751877,90.00000000000001,6286.8564453125,31369.46547761483,307
-6703140.903634232,6625008.8430527365,97.50000000000001,6286.8564453125,31369.46547761483,307
-6703146.20693509,6625014.146353595,105.00000000000003,6286.8564453125,31369.46547761483,307
-6703151.510235949,6625019.449654454,112.5,6286.8564453125,31369.46547761483,307
-6703156.813536808,6625024.752955313,120.0,6286.8564453125,31369.46547761483,307
-6703162.116837667,6625030.056256172,127.50000000000001,6286.8564453125,31369.46547761483,307
-6703167.420138526,6625035.359557031,135.00000000000003,6286.8564453125,31369.46547761483,307
-6703172.723439385,6625040.66285789,142.50000000000003,6286.8564453125,31369.46547761483,307
-6703178.026740244,6625045.966158749,150.0,6286.8564453125,31369.46547761483,307
-6702683.37445611,6625073.26327671,-150.0,6287.7685546875,31875.42459822152,307
-6702683.37445611,6625080.76327671,-142.5,6287.7685546875,31875.42459822152,307
-6702683.37445611,6625088.26327671,-135.0,6287.7685546875,31875.42459822152,307
-6702683.37445611,6625095.76327671,-127.5,6287.7685546875,31875.42459822152,307
-6702683.37445611,6625103.26327671,-120.0,6287.7685546875,31875.42459822152,307
-6702683.37445611,6625110.76327671,-112.5,6287.7685546875,31875.42459822152,307
-6702683.37445611,6625118.26327671,-105.0,6287.7685546875,31875.42459822152,307
-6702683.37445611,6625125.76327671,-97.49999999999999,6287.7685546875,31875.42459822152,307
-6702683.37445611,6625133.26327671,-90.0,6287.7685546875,31875.42459822152,307
-6702683.37445611,6625140.76327671,-82.5,6287.7685546875,31875.42459822152,307
-6702683.37445611,6625148.26327671,-75.0,6287.7685546875,31875.42459822152,307
-6702683.37445611,6625155.76327671,-67.5,6287.7685546875,31875.42459822152,307
-6702683.37445611,6625163.26327671,-59.999999999999986,6287.7685546875,31875.42459822152,307
-6702683.37445611,6625170.76327671,-52.5,6283.994140625,31875.42459822152,307
-6702683.37445611,6625178.26327671,-44.99999999999999,6283.994140625,31875.42459822152,307
-6702683.37445611,6625185.76327671,-37.5,6283.994140625,31875.42459822152,307
-6702683.37445611,6625193.26327671,-29.999999999999993,6283.994140625,31875.42459822152,307
-6702683.37445611,6625200.76327671,-22.499999999999986,6283.994140625,31875.42459822152,307
-6702683.37445611,6625208.26327671,-14.999999999999996,6283.994140625,31875.42459822152,307
-6702683.37445611,6625215.76327671,-7.49999999999999,6283.994140625,31875.42459822152,307
-6702683.37445611,6625223.26327671,0.0,6283.994140625,31875.42459822152,307
-6702683.37445611,6625230.76327671,7.500000000000007,6283.994140625,31875.42459822152,307
-6702683.37445611,6625238.26327671,15.000000000000014,6283.994140625,31875.42459822152,307
-6702683.37445611,6625245.76327671,22.50000000000002,6283.994140625,31875.42459822152,307
-6702683.37445611,6625253.26327671,30.00000000000003,6283.994140625,31875.42459822152,307
-6702683.37445611,6625260.76327671,37.5,6283.994140625,31875.42459822152,307
-6702683.37445611,6625268.26327671,45.00000000000001,6283.994140625,31875.42459822152,307
-6702683.37445611,6625275.76327671,52.500000000000014,6283.994140625,31875.42459822152,307
-6702683.37445611,6625283.26327671,60.00000000000002,6287.408203125,31875.42459822152,307
-6702683.37445611,6625290.76327671,67.50000000000003,6287.408203125,31875.42459822152,307
-6702683.37445611,6625298.26327671,75.0,6287.408203125,31875.42459822152,307
-6702683.37445611,6625305.76327671,82.5,6287.408203125,31875.42459822152,307
-6702683.37445611,6625313.26327671,90.00000000000001,6287.408203125,31875.42459822152,307
-6702683.37445611,6625320.76327671,97.50000000000001,6287.408203125,31875.42459822152,307
-6702683.37445611,6625328.26327671,105.00000000000003,6287.408203125,31875.42459822152,307
-6702683.37445611,6625335.76327671,112.5,6287.408203125,31875.42459822152,307
-6702683.37445611,6625343.26327671,120.0,6287.408203125,31875.42459822152,307
-6702683.37445611,6625350.76327671,127.50000000000001,6287.408203125,31875.42459822152,307
-6702683.37445611,6625358.26327671,135.00000000000003,6287.408203125,31875.42459822152,307
-6702683.37445611,6625365.76327671,142.50000000000003,6287.408203125,31875.42459822152,307
-6702683.37445611,6625373.26327671,150.0,6287.408203125,31875.42459822152,307
-6702317.3727782,6625411.1504330225,-150.0,6286.72900390625,32381.383718828212,307
-6702317.3727782,6625418.6504330225,-142.5,6286.72900390625,32381.383718828212,307
-6702317.3727782,6625426.1504330225,-135.0,6286.72900390625,32381.383718828212,307
-6702317.3727782,6625433.6504330225,-127.5,6286.72900390625,32381.383718828212,307
-6702317.3727782,6625441.1504330225,-120.0,6286.72900390625,32381.383718828212,307
-6702317.3727782,6625448.6504330225,-112.5,6286.72900390625,32381.383718828212,307
-6702317.3727782,6625456.1504330225,-105.0,6286.72900390625,32381.383718828212,307
-6702317.3727782,6625463.6504330225,-97.49999999999999,6286.72900390625,32381.383718828212,307
-6702317.3727782,6625471.1504330225,-90.0,6286.72900390625,32381.383718828212,307
-6702317.3727782,6625478.6504330225,-82.5,6286.72900390625,32381.383718828212,307
-6702317.3727782,6625486.1504330225,-75.0,6286.72900390625,32381.383718828212,307
-6702317.3727782,6625493.6504330225,-67.5,6286.72900390625,32381.383718828212,307
-6702317.3727782,6625501.1504330225,-59.999999999999986,6286.72900390625,32381.383718828212,307
-6702317.3727782,6625508.6504330225,-52.5,6282.3115234375,32381.383718828212,307
-6702317.3727782,6625516.1504330225,-44.99999999999999,6282.3115234375,32381.383718828212,307
-6702317.3727782,6625523.6504330225,-37.5,6282.3115234375,32381.383718828212,307
-6702317.3727782,6625531.1504330225,-29.999999999999993,6282.3115234375,32381.383718828212,307
-6702317.3727782,6625538.6504330225,-22.499999999999986,6282.3115234375,32381.383718828212,307
-6702317.3727782,6625546.1504330225,-14.999999999999996,6282.3115234375,32381.383718828212,307
-6702317.3727782,6625553.6504330225,-7.49999999999999,6282.3115234375,32381.383718828212,307
-6702317.3727782,6625561.1504330225,0.0,6282.3115234375,32381.383718828212,307
-6702317.3727782,6625568.6504330225,7.500000000000007,6282.3115234375,32381.383718828212,307
-6702317.3727782,6625576.1504330225,15.000000000000014,6282.3115234375,32381.383718828212,307
-6702317.3727782,6625583.6504330225,22.50000000000002,6282.3115234375,32381.383718828212,307
-6702317.3727782,6625591.1504330225,30.00000000000003,6282.3115234375,32381.383718828212,307
-6702317.3727782,6625598.6504330225,37.5,6282.3115234375,32381.383718828212,307
-6702317.3727782,6625606.1504330225,45.00000000000001,6282.3115234375,32381.383718828212,307
-6702317.3727782,6625613.6504330225,52.500000000000014,6282.3115234375,32381.383718828212,307
-6702317.3727782,6625621.1504330225,60.00000000000002,6286.427734375,32381.383718828212,307
-6702317.3727782,6625628.6504330225,67.50000000000003,6286.427734375,32381.383718828212,307
-6702317.3727782,6625636.1504330225,75.0,6286.427734375,32381.383718828212,307
-6702317.3727782,6625643.6504330225,82.5,6286.427734375,32381.383718828212,307
-6702317.3727782,6625651.1504330225,90.00000000000001,6286.427734375,32381.383718828212,307
-6702317.3727782,6625658.6504330225,97.50000000000001,6286.427734375,32381.383718828212,307
-6702317.3727782,6625666.1504330225,105.00000000000003,6286.427734375,32381.383718828212,307
-6702317.3727782,6625673.6504330225,112.5,6286.427734375,32381.383718828212,307
-6702317.3727782,6625681.1504330225,120.0,6286.427734375,32381.383718828212,307
-6702317.3727782,6625688.6504330225,127.50000000000001,6286.427734375,32381.383718828212,307
-6702317.3727782,6625696.1504330225,135.00000000000003,6286.427734375,32381.383718828212,307
-6702317.3727782,6625703.6504330225,142.50000000000003,6286.427734375,32381.383718828212,307
-6702317.3727782,6625711.1504330225,150.0,6286.427734375,32381.383718828212,307
-6701850.194223196,6625815.907569831,-150.0,6285.1083984375,32887.3428394349,307
-6701857.694223196,6625815.907569831,-142.5,6285.1083984375,32887.3428394349,307
-6701865.194223196,6625815.907569831,-135.0,6285.1083984375,32887.3428394349,307
-6701872.694223196,6625815.907569831,-127.5,6285.1083984375,32887.3428394349,307
-6701880.194223196,6625815.907569831,-120.0,6285.1083984375,32887.3428394349,307
-6701887.694223196,6625815.907569831,-112.5,6285.1083984375,32887.3428394349,307
-6701895.194223196,6625815.907569831,-105.0,6285.1083984375,32887.3428394349,307
-6701902.694223196,6625815.907569831,-97.49999999999999,6285.1083984375,32887.3428394349,307
-6701910.194223196,6625815.907569831,-90.0,6285.1083984375,32887.3428394349,307
-6701917.694223196,6625815.907569831,-82.5,6285.1083984375,32887.3428394349,307
-6701925.194223196,6625815.907569831,-75.0,6285.1083984375,32887.3428394349,307
-6701932.694223196,6625815.907569831,-67.5,6285.1083984375,32887.3428394349,307
-6701940.194223196,6625815.907569831,-59.999999999999986,6285.1083984375,32887.3428394349,307
-6701947.694223196,6625815.907569831,-52.5,6283.69580078125,32887.3428394349,307
-6701955.194223196,6625815.907569831,-44.99999999999999,6283.69580078125,32887.3428394349,307
-6701962.694223196,6625815.907569831,-37.5,6283.69580078125,32887.3428394349,307
-6701970.194223196,6625815.907569831,-29.999999999999993,6283.69580078125,32887.3428394349,307
-6701977.694223196,6625815.907569831,-22.499999999999986,6283.69580078125,32887.3428394349,307
-6701985.194223196,6625815.907569831,-14.999999999999996,6283.69580078125,32887.3428394349,307
-6701992.694223196,6625815.907569831,-7.49999999999999,6283.69580078125,32887.3428394349,307
-6702000.194223196,6625815.907569831,0.0,6283.69580078125,32887.3428394349,307
-6702007.694223196,6625815.907569831,7.500000000000007,6283.69580078125,32887.3428394349,307
-6702015.194223196,6625815.907569831,15.000000000000014,6283.69580078125,32887.3428394349,307
-6702022.694223196,6625815.907569831,22.50000000000002,6283.69580078125,32887.3428394349,307
-6702030.194223196,6625815.907569831,30.00000000000003,6283.69580078125,32887.3428394349,307
-6702037.694223196,6625815.907569831,37.5,6283.69580078125,32887.3428394349,307
-6702045.194223196,6625815.907569831,45.00000000000001,6283.69580078125,32887.3428394349,307
-6702052.694223196,6625815.907569831,52.500000000000014,6283.69580078125,32887.3428394349,307
-6702060.194223196,6625815.907569831,60.00000000000002,6285.1640625,32887.3428394349,307
-6702067.694223196,6625815.907569831,67.50000000000003,6285.1640625,32887.3428394349,307
-6702075.194223196,6625815.907569831,75.0,6285.1640625,32887.3428394349,307
-6702082.694223196,6625815.907569831,82.5,6285.1640625,32887.3428394349,307
-6702090.194223196,6625815.907569831,90.00000000000001,6285.1640625,32887.3428394349,307
-6702097.694223196,6625815.907569831,97.50000000000001,6285.1640625,32887.3428394349,307
-6702105.194223196,6625815.907569831,105.00000000000003,6285.1640625,32887.3428394349,307
-6702112.694223196,6625815.907569831,112.5,6285.1640625,32887.3428394349,307
-6702120.194223196,6625815.907569831,120.0,6285.1640625,32887.3428394349,307
-6702127.694223196,6625815.907569831,127.50000000000001,6285.1640625,32887.3428394349,307
-6702135.194223196,6625815.907569831,135.00000000000003,6285.1640625,32887.3428394349,307
-6702142.694223196,6625815.907569831,142.50000000000003,6285.1640625,32887.3428394349,307
-6702150.194223196,6625815.907569831,150.0,6285.1640625,32887.3428394349,307
-6701674.783647847,6626124.945182432,-150.0,6283.89501953125,33393.301960041594,307
-6701680.086948706,6626130.248483291,-142.5,6283.89501953125,33393.301960041594,307
-6701685.390249565,6626135.55178415,-135.0,6283.89501953125,33393.301960041594,307
-6701690.693550424,6626140.855085009,-127.5,6283.89501953125,33393.301960041594,307
-6701695.996851283,6626146.158385868,-120.0,6283.89501953125,33393.301960041594,307
-6701701.300152142,6626151.461686727,-112.5,6283.89501953125,33393.301960041594,307
-6701706.603453001,6626156.764987586,-105.0,6283.89501953125,33393.301960041594,307
-6701711.9067538595,6626162.068288445,-97.49999999999999,6283.89501953125,33393.301960041594,307
-6701717.210054719,6626167.371589304,-90.0,6283.89501953125,33393.301960041594,307
-6701722.513355577,6626172.674890162,-82.5,6280.38330078125,33393.301960041594,307
-6701727.816656437,6626177.978191022,-75.0,6280.38330078125,33393.301960041594,307
-6701733.119957295,6626183.28149188,-67.5,6278.04248046875,33393.301960041594,307
-6701738.423258154,6626188.584792739,-59.999999999999986,6278.04248046875,33393.301960041594,307
-6701743.726559013,6626193.888093598,-52.5,6278.04248046875,33393.301960041594,307
-6701749.029859872,6626199.191394457,-44.99999999999999,6278.04248046875,33393.301960041594,307
-6701754.333160731,6626204.494695316,-37.5,6278.04248046875,33393.301960041594,307
-6701759.6364615895,6626209.797996175,-29.999999999999993,6278.04248046875,33393.301960041594,307
-6701764.939762449,6626215.101297034,-22.499999999999986,6278.04248046875,33393.301960041594,307
-6701770.243063307,6626220.404597892,-14.999999999999996,6278.04248046875,33393.301960041594,307
-6701775.546364167,6626225.707898752,-7.49999999999999,6278.04248046875,33393.301960041594,307
-6701780.849665025,6626231.01119961,0.0,6278.04248046875,33393.301960041594,307
-6701786.152965884,6626236.314500469,7.500000000000007,6278.04248046875,33393.301960041594,307
-6701791.456266743,6626241.617801328,15.000000000000014,6278.04248046875,33393.301960041594,307
-6701796.759567602,6626246.921102187,22.50000000000002,6278.04248046875,33393.301960041594,307
-6701802.062868461,6626252.224403046,30.00000000000003,6278.04248046875,33393.301960041594,307
-6701807.3661693195,6626257.527703905,37.5,6278.04248046875,33393.301960041594,307
-6701812.669470179,6626262.831004764,45.00000000000001,6278.04248046875,33393.301960041594,307
-6701817.972771037,6626268.134305622,52.500000000000014,6278.04248046875,33393.301960041594,307
-6701823.276071897,6626273.437606482,60.00000000000002,6278.04248046875,33393.301960041594,307
-6701828.579372755,6626278.74090734,67.50000000000003,6278.04248046875,33393.301960041594,307
-6701833.882673614,6626284.044208199,75.0,6281.5322265625,33393.301960041594,307
-6701839.185974473,6626289.347509058,82.5,6281.5322265625,33393.301960041594,307
-6701844.489275332,6626294.650809917,90.00000000000001,6282.6103515625,33393.301960041594,307
-6701849.792576191,6626299.954110776,97.50000000000001,6282.6103515625,33393.301960041594,307
-6701855.0958770495,6626305.257411635,105.00000000000003,6282.6103515625,33393.301960041594,307
-6701860.399177909,6626310.560712494,112.5,6282.6103515625,33393.301960041594,307
-6701865.702478767,6626315.864013352,120.0,6282.6103515625,33393.301960041594,307
-6701871.005779627,6626321.167314212,127.50000000000001,6282.6103515625,33393.301960041594,307
-6701876.309080485,6626326.47061507,135.00000000000003,6282.6103515625,33393.301960041594,307
-6701881.612381345,6626331.77391593,142.50000000000003,6282.6103515625,33393.301960041594,307
-6701886.915682203,6626337.077216788,150.0,6282.6103515625,33393.301960041594,307
-6701624.936118987,6626734.5208492465,-150.0,6281.18017578125,33899.261080648284,307
-6701632.436118987,6626734.5208492465,-142.5,6281.18017578125,33899.261080648284,307
-6701639.936118987,6626734.5208492465,-135.0,6281.18017578125,33899.261080648284,307
-6701647.436118987,6626734.5208492465,-127.5,6281.18017578125,33899.261080648284,307
-6701654.936118987,6626734.5208492465,-120.0,6281.18017578125,33899.261080648284,307
-6701662.436118987,6626734.5208492465,-112.5,6281.18017578125,33899.261080648284,307
-6701669.936118987,6626734.5208492465,-105.0,6281.18017578125,33899.261080648284,307
-6701677.436118987,6626734.5208492465,-97.49999999999999,6281.18017578125,33899.261080648284,307
-6701684.936118987,6626734.5208492465,-90.0,6281.18017578125,33899.261080648284,307
-6701692.436118987,6626734.5208492465,-82.5,6281.18017578125,33899.261080648284,307
-6701699.936118987,6626734.5208492465,-75.0,6281.18017578125,33899.261080648284,307
-6701707.436118987,6626734.5208492465,-67.5,6281.18017578125,33899.261080648284,307
-6701714.936118987,6626734.5208492465,-59.999999999999986,6281.18017578125,33899.261080648284,307
-6701722.436118987,6626734.5208492465,-52.5,6277.50244140625,33899.261080648284,307
-6701729.936118987,6626734.5208492465,-44.99999999999999,6277.50244140625,33899.261080648284,307
-6701737.436118987,6626734.5208492465,-37.5,6277.50244140625,33899.261080648284,307
-6701744.936118987,6626734.5208492465,-29.999999999999993,6277.50244140625,33899.261080648284,307
-6701752.436118987,6626734.5208492465,-22.499999999999986,6277.50244140625,33899.261080648284,307
-6701759.936118987,6626734.5208492465,-14.999999999999996,6277.50244140625,33899.261080648284,307
-6701767.436118987,6626734.5208492465,-7.49999999999999,6277.50244140625,33899.261080648284,307
-6701774.936118987,6626734.5208492465,0.0,6277.50244140625,33899.261080648284,307
-6701782.436118987,6626734.5208492465,7.500000000000007,6277.50244140625,33899.261080648284,307
-6701789.936118987,6626734.5208492465,15.000000000000014,6277.50244140625,33899.261080648284,307
-6701797.436118987,6626734.5208492465,22.50000000000002,6277.50244140625,33899.261080648284,307
-6701804.936118987,6626734.5208492465,30.00000000000003,6277.50244140625,33899.261080648284,307
-6701812.436118987,6626734.5208492465,37.5,6277.50244140625,33899.261080648284,307
-6701819.936118987,6626734.5208492465,45.00000000000001,6277.50244140625,33899.261080648284,307
-6701827.436118987,6626734.5208492465,52.500000000000014,6277.50244140625,33899.261080648284,307
-6701834.936118987,6626734.5208492465,60.00000000000002,6282.5263671875,33899.261080648284,307
-6701842.436118987,6626734.5208492465,67.50000000000003,6282.5263671875,33899.261080648284,307
-6701849.936118987,6626734.5208492465,75.0,6282.5263671875,33899.261080648284,307
-6701857.436118987,6626734.5208492465,82.5,6282.5263671875,33899.261080648284,307
-6701864.936118987,6626734.5208492465,90.00000000000001,6282.5263671875,33899.261080648284,307
-6701872.436118987,6626734.5208492465,97.50000000000001,6282.5263671875,33899.261080648284,307
-6701879.936118987,6626734.5208492465,105.00000000000003,6282.5263671875,33899.261080648284,307
-6701887.436118987,6626734.5208492465,112.5,6282.5263671875,33899.261080648284,307
-6701894.936118987,6626734.5208492465,120.0,6282.5263671875,33899.261080648284,307
-6701902.436118987,6626734.5208492465,127.50000000000001,6282.5263671875,33899.261080648284,307
-6701909.936118987,6626734.5208492465,135.00000000000003,6282.5263671875,33899.261080648284,307
-6701917.436118987,6626734.5208492465,142.50000000000003,6282.5263671875,33899.261080648284,307
-6701924.936118987,6626734.5208492465,150.0,6282.5263671875,33899.261080648284,307
-6701291.476658782,6626846.139327811,-150.0,6280.30908203125,34405.220201254975,307
-6701296.7799596405,6626851.44262867,-142.5,6280.30908203125,34405.220201254975,307
-6701302.0832605,6626856.745929529,-135.0,6277.85595703125,34405.220201254975,307
-6701307.386561358,6626862.049230387,-127.5,6277.85595703125,34405.220201254975,307
-6701312.689862218,6626867.352531247,-120.0,6277.85595703125,34405.220201254975,307
-6701317.993163076,6626872.655832105,-112.5,6277.85595703125,34405.220201254975,307
-6701323.296463936,6626877.959132965,-105.0,6277.85595703125,34405.220201254975,307
-6701328.599764794,6626883.262433823,-97.49999999999999,6277.85595703125,34405.220201254975,307
-6701333.9030656535,6626888.565734683,-90.0,6277.85595703125,34405.220201254975,307
-6701339.206366512,6626893.869035541,-82.5,6277.85595703125,34405.220201254975,307
-6701344.5096673705,6626899.1723364,-75.0,6277.85595703125,34405.220201254975,307
-6701349.81296823,6626904.475637259,-67.5,6277.85595703125,34405.220201254975,307
-6701355.116269088,6626909.778938117,-59.999999999999986,6277.85595703125,34405.220201254975,307
-6701360.419569948,6626915.082238977,-52.5,6277.85595703125,34405.220201254975,307
-6701365.722870806,6626920.385539835,-44.99999999999999,6277.85595703125,34405.220201254975,307
-6701371.026171666,6626925.688840695,-37.5,6277.85595703125,34405.220201254975,307
-6701376.329472524,6626930.992141553,-29.999999999999993,6277.85595703125,34405.220201254975,307
-6701381.6327733835,6626936.295442413,-22.499999999999986,6277.89501953125,34405.220201254975,307
-6701386.936074242,6626941.598743271,-14.999999999999996,6277.89501953125,34405.220201254975,307
-6701392.239375101,6626946.9020441305,-7.49999999999999,6277.89501953125,34405.220201254975,307
-6701397.54267596,6626952.205344989,0.0,6277.89501953125,34405.220201254975,307
-6701402.845976818,6626957.508645847,7.500000000000007,6277.89501953125,34405.220201254975,307
-6701408.149277678,6626962.811946707,15.000000000000014,6277.89501953125,34405.220201254975,307
-6701413.452578536,6626968.115247565,22.50000000000002,6277.89501953125,34405.220201254975,307
-6701418.755879396,6626973.418548425,30.00000000000003,6281.2109375,34405.220201254975,307
-6701424.059180254,6626978.721849283,37.5,6281.2109375,34405.220201254975,307
-6701429.3624811135,6626984.025150143,45.00000000000001,6281.2109375,34405.220201254975,307
-6701434.665781972,6626989.328451001,52.500000000000014,6281.2109375,34405.220201254975,307
-6701439.969082831,6626994.6317518605,60.00000000000002,6281.2109375,34405.220201254975,307
-6701445.27238369,6626999.935052719,67.50000000000003,6281.2109375,34405.220201254975,307
-6701450.575684549,6627005.238353578,75.0,6281.2109375,34405.220201254975,307
-6701455.878985408,6627010.541654437,82.5,6281.2109375,34405.220201254975,307
-6701461.182286266,6627015.844955295,90.00000000000001,6281.2109375,34405.220201254975,307
-6701466.485587126,6627021.148256155,97.50000000000001,6281.2109375,34405.220201254975,307
-6701471.788887984,6627026.451557013,105.00000000000003,6281.2109375,34405.220201254975,307
-6701477.0921888435,6627031.754857873,112.5,6281.2109375,34405.220201254975,307
-6701482.395489702,6627037.058158731,120.0,6281.2109375,34405.220201254975,307
-6701487.698790561,6627042.3614595905,127.50000000000001,6281.2109375,34405.220201254975,307
-6701493.00209142,6627047.664760449,135.00000000000003,6281.2109375,34405.220201254975,307
-6701498.305392279,6627052.968061308,142.50000000000003,6283.1142578125,34405.220201254975,307
-6701503.608693138,6627058.271362167,150.0,6283.1142578125,34405.220201254975,307
-6701079.864996748,6626793.899266409,-150.0,6281.03759765625,34911.179321861666,307
-6701074.56169589,6626799.202567267,-142.5,6281.03759765625,34911.179321861666,307
-6701069.25839503,6626804.505868127,-135.0,6281.03759765625,34911.179321861666,307
-6701063.955094172,6626809.809168985,-127.5,6281.03759765625,34911.179321861666,307
-6701058.651793312,6626815.1124698445,-120.0,6281.03759765625,34911.179321861666,307
-6701053.348492454,6626820.415770703,-112.5,6281.03759765625,34911.179321861666,307
-6701048.045191594,6626825.719071562,-105.0,6281.03759765625,34911.179321861666,307
-6701042.741890736,6626831.022372421,-97.49999999999999,6277.80517578125,34911.179321861666,307
-6701037.4385898765,6626836.32567328,-90.0,6277.80517578125,34911.179321861666,307
-6701032.135289018,6626841.628974139,-82.5,6277.80517578125,34911.179321861666,307
-6701026.83198816,6626846.932274997,-75.0,6277.80517578125,34911.179321861666,307
-6701021.5286873,6626852.235575857,-67.5,6277.80517578125,34911.179321861666,307
-6701016.225386442,6626857.538876715,-59.999999999999986,6274.73779296875,34911.179321861666,307
-6701010.922085582,6626862.8421775745,-52.5,6274.73779296875,34911.179321861666,307
-6701005.618784724,6626868.145478433,-44.99999999999999,6274.73779296875,34911.179321861666,307
-6701000.315483864,6626873.448779292,-37.5,6274.73779296875,34911.179321861666,307
-6700995.012183006,6626878.752080151,-29.999999999999993,6274.73779296875,34911.179321861666,307
-6700989.7088821465,6626884.05538101,-22.499999999999986,6274.73779296875,34911.179321861666,307
-6700984.405581288,6626889.358681869,-14.999999999999996,6274.73779296875,34911.179321861666,307
-6700979.102280429,6626894.661982728,-7.49999999999999,6274.73779296875,34911.179321861666,307
-6700973.79897957,6626899.965283587,0.0,6274.73779296875,34911.179321861666,307
-6700968.495678712,6626905.268584445,7.500000000000007,6274.73779296875,34911.179321861666,307
-6700963.192377852,6626910.5718853045,15.000000000000014,6274.73779296875,34911.179321861666,307
-6700957.889076994,6626915.875186163,22.50000000000002,6274.73779296875,34911.179321861666,307
-6700952.585776134,6626921.178487022,30.00000000000003,6274.73779296875,34911.179321861666,307
-6700947.282475276,6626926.481787881,37.5,6274.73779296875,34911.179321861666,307
-6700941.9791744165,6626931.78508874,45.00000000000001,6274.73779296875,34911.179321861666,307
-6700936.675873558,6626937.088389599,52.500000000000014,6274.73779296875,34911.179321861666,307
-6700931.372572699,6626942.391690458,60.00000000000002,6274.73779296875,34911.179321861666,307
-6700926.06927184,6626947.694991317,67.50000000000003,6275.0654296875,34911.179321861666,307
-6700920.765970981,6626952.998292176,75.0,6275.0654296875,34911.179321861666,307
-6700915.462670122,6626958.3015930345,82.5,6275.0654296875,34911.179321861666,307
-6700910.159369264,6626963.604893893,90.00000000000001,6275.0654296875,34911.179321861666,307
-6700904.856068404,6626968.908194752,97.50000000000001,6275.0654296875,34911.179321861666,307
-6700899.552767546,6626974.211495611,105.00000000000003,6279.26123046875,34911.179321861666,307
-6700894.2494666865,6626979.51479647,112.5,6279.26123046875,34911.179321861666,307
-6700888.946165828,6626984.818097329,120.0,6279.26123046875,34911.179321861666,307
-6700883.642864969,6626990.121398188,127.50000000000001,6279.26123046875,34911.179321861666,307
-6700878.33956411,6626995.424699047,135.00000000000003,6279.26123046875,34911.179321861666,307
-6700873.036263251,6627000.727999906,142.50000000000003,6279.26123046875,34911.179321861666,307
-6700867.732962392,6627006.0313007645,150.0,6279.26123046875,34911.179321861666,307
-6700476.977551605,6626646.97696605,-150.0,6276.578125,35417.13844246836,307
-6700482.280852463,6626652.280266909,-142.5,6275.5595703125,35417.13844246836,307
-6700487.5841533225,6626657.583567768,-135.0,6275.5595703125,35417.13844246836,307
-6700492.887454181,6626662.886868627,-127.5,6275.5595703125,35417.13844246836,307
-6700498.19075504,6626668.190169486,-120.0,6275.5595703125,35417.13844246836,307
-6700503.494055899,6626673.493470345,-112.5,6275.5595703125,35417.13844246836,307
-6700508.797356758,6626678.796771204,-105.0,6275.5595703125,35417.13844246836,307
-6700514.100657617,6626684.100072063,-97.49999999999999,6275.5595703125,35417.13844246836,307
-6700519.403958476,6626689.403372922,-90.0,6275.5595703125,35417.13844246836,307
-6700524.707259335,6626694.70667378,-82.5,6275.5595703125,35417.13844246836,307
-6700530.010560194,6626700.00997464,-75.0,6275.5595703125,35417.13844246836,307
-6700535.3138610525,6626705.313275498,-67.5,6275.5595703125,35417.13844246836,307
-6700540.617161911,6626710.616576357,-59.999999999999986,6275.5595703125,35417.13844246836,307
-6700545.92046277,6626715.919877216,-52.5,6275.5595703125,35417.13844246836,307
-6700551.223763629,6626721.223178075,-44.99999999999999,6275.5595703125,35417.13844246836,307
-6700556.527064488,6626726.526478934,-37.5,6275.5595703125,35417.13844246836,307
-6700561.830365347,6626731.829779793,-29.999999999999993,6275.5595703125,35417.13844246836,307
-6700567.133666206,6626737.133080652,-22.499999999999986,6275.5595703125,35417.13844246836,307
-6700572.436967065,6626742.43638151,-14.999999999999996,6275.5595703125,35417.13844246836,307
-6700577.740267924,6626747.73968237,-7.49999999999999,6274.99951171875,35417.13844246836,307
-6700583.0435687825,6626753.042983228,0.0,6274.99951171875,35417.13844246836,307
-6700588.346869641,6626758.346284087,7.500000000000007,6274.99951171875,35417.13844246836,307
-6700593.6501705,6626763.649584946,15.000000000000014,6277.98876953125,35417.13844246836,307
-6700598.953471359,6626768.952885805,22.50000000000002,6277.98876953125,35417.13844246836,307
-6700604.256772218,6626774.256186664,30.00000000000003,6277.98876953125,35417.13844246836,307
-6700609.560073077,6626779.559487523,37.5,6277.98876953125,35417.13844246836,307
-6700614.863373936,6626784.862788382,45.00000000000001,6277.98876953125,35417.13844246836,307
-6700620.166674795,6626790.16608924,52.500000000000014,6277.98876953125,35417.13844246836,307
-6700625.469975654,6626795.4693901,60.00000000000002,6277.98876953125,35417.13844246836,307
-6700630.7732765125,6626800.772690958,67.50000000000003,6277.98876953125,35417.13844246836,307
-6700636.076577371,6626806.075991817,75.0,6277.98876953125,35417.13844246836,307
-6700641.37987823,6626811.379292676,82.5,6277.98876953125,35417.13844246836,307
-6700646.683179089,6626816.682593535,90.00000000000001,6277.98876953125,35417.13844246836,307
-6700651.986479948,6626821.985894394,97.50000000000001,6277.98876953125,35417.13844246836,307
-6700657.289780807,6626827.289195253,105.00000000000003,6277.98876953125,35417.13844246836,307
-6700662.593081666,6626832.592496112,112.5,6277.98876953125,35417.13844246836,307
-6700667.896382525,6626837.89579697,120.0,6277.98876953125,35417.13844246836,307
-6700673.199683384,6626843.19909783,127.50000000000001,6277.98876953125,35417.13844246836,307
-6700678.5029842425,6626848.502398688,135.00000000000003,6277.98876953125,35417.13844246836,307
-6700683.806285102,6626853.805699548,142.50000000000003,6277.98876953125,35417.13844246836,307
-6700689.10958596,6626859.109000406,150.0,6278.51171875,35417.13844246836,307
-6700255.845211879,6626875.328110378,-150.0,6274.7236328125,35923.09756307505,307
-6700255.845211879,6626882.828110378,-142.5,6274.7236328125,35923.09756307505,307
-6700255.845211879,6626890.328110378,-135.0,6274.7236328125,35923.09756307505,307
-6700255.845211879,6626897.828110378,-127.5,6274.7236328125,35923.09756307505,307
-6700255.845211879,6626905.328110378,-120.0,6274.7236328125,35923.09756307505,307
-6700255.845211879,6626912.828110378,-112.5,6274.7236328125,35923.09756307505,307
-6700255.845211879,6626920.328110378,-105.0,6274.7236328125,35923.09756307505,307
-6700255.845211879,6626927.828110378,-97.49999999999999,6274.7236328125,35923.09756307505,307
-6700255.845211879,6626935.328110378,-90.0,6274.7236328125,35923.09756307505,307
-6700255.845211879,6626942.828110378,-82.5,6274.7236328125,35923.09756307505,307
-6700255.845211879,6626950.328110378,-75.0,6274.7236328125,35923.09756307505,307
-6700255.845211879,6626957.828110378,-67.5,6274.7236328125,35923.09756307505,307
-6700255.845211879,6626965.328110378,-59.999999999999986,6274.7236328125,35923.09756307505,307
-6700255.845211879,6626972.828110378,-52.5,6274.60693359375,35923.09756307505,307
-6700255.845211879,6626980.328110378,-44.99999999999999,6274.60693359375,35923.09756307505,307
-6700255.845211879,6626987.828110378,-37.5,6274.60693359375,35923.09756307505,307
-6700255.845211879,6626995.328110378,-29.999999999999993,6274.60693359375,35923.09756307505,307
-6700255.845211879,6627002.828110378,-22.499999999999986,6274.60693359375,35923.09756307505,307
-6700255.845211879,6627010.328110378,-14.999999999999996,6274.60693359375,35923.09756307505,307
-6700255.845211879,6627017.828110378,-7.49999999999999,6274.60693359375,35923.09756307505,307
-6700255.845211879,6627025.328110378,0.0,6274.60693359375,35923.09756307505,307
-6700255.845211879,6627032.828110378,7.500000000000007,6274.60693359375,35923.09756307505,307
-6700255.845211879,6627040.328110378,15.000000000000014,6274.60693359375,35923.09756307505,307
-6700255.845211879,6627047.828110378,22.50000000000002,6274.60693359375,35923.09756307505,307
-6700255.845211879,6627055.328110378,30.00000000000003,6274.60693359375,35923.09756307505,307
-6700255.845211879,6627062.828110378,37.5,6274.60693359375,35923.09756307505,307
-6700255.845211879,6627070.328110378,45.00000000000001,6274.60693359375,35923.09756307505,307
-6700255.845211879,6627077.828110378,52.500000000000014,6274.60693359375,35923.09756307505,307
-6700255.845211879,6627085.328110378,60.00000000000002,6277.13037109375,35923.09756307505,307
-6700255.845211879,6627092.828110378,67.50000000000003,6277.13037109375,35923.09756307505,307
-6700255.845211879,6627100.328110378,75.0,6277.13037109375,35923.09756307505,307
-6700255.845211879,6627107.828110378,82.5,6277.13037109375,35923.09756307505,307
-6700255.845211879,6627115.328110378,90.00000000000001,6277.13037109375,35923.09756307505,307
-6700255.845211879,6627122.828110378,97.50000000000001,6277.13037109375,35923.09756307505,307
-6700255.845211879,6627130.328110378,105.00000000000003,6277.13037109375,35923.09756307505,307
-6700255.845211879,6627137.828110378,112.5,6277.13037109375,35923.09756307505,307
-6700255.845211879,6627145.328110378,120.0,6277.13037109375,35923.09756307505,307
-6700255.845211879,6627152.828110378,127.50000000000001,6277.13037109375,35923.09756307505,307
-6700255.845211879,6627160.328110378,135.00000000000003,6277.13037109375,35923.09756307505,307
-6700255.845211879,6627167.828110378,142.50000000000003,6277.13037109375,35923.09756307505,307
-6700255.845211879,6627175.328110378,150.0,6277.13037109375,35923.09756307505,307
-6699742.119210929,6626706.0609941,-150.0,6276.27587890625,36429.05668368174,307
-6699747.422511787,6626711.364294959,-142.5,6276.27587890625,36429.05668368174,307
-6699752.725812647,6626716.667595818,-135.0,6276.27587890625,36429.05668368174,307
-6699758.029113505,6626721.970896676,-127.5,6276.27587890625,36429.05668368174,307
-6699763.332414364,6626727.274197536,-120.0,6276.27587890625,36429.05668368174,307
-6699768.635715223,6626732.577498395,-112.5,6276.27587890625,36429.05668368174,307
-6699773.939016082,6626737.8807992535,-105.0,6276.27587890625,36429.05668368174,307
-6699779.242316941,6626743.184100112,-97.49999999999999,6276.27587890625,36429.05668368174,307
-6699784.5456178,6626748.487400971,-90.0,6274.6640625,36429.05668368174,307
-6699789.848918659,6626753.790701831,-82.5,6274.6640625,36429.05668368174,307
-6699795.152219517,6626759.094002689,-75.0,6274.6640625,36429.05668368174,307
-6699800.455520377,6626764.397303548,-67.5,6274.6640625,36429.05668368174,307
-6699805.758821235,6626769.700604407,-59.999999999999986,6272.68017578125,36429.05668368174,307
-6699811.062122094,6626775.0039052665,-52.5,6272.68017578125,36429.05668368174,307
-6699816.365422953,6626780.307206125,-44.99999999999999,6272.68017578125,36429.05668368174,307
-6699821.668723812,6626785.6105069835,-37.5,6272.68017578125,36429.05668368174,307
-6699826.972024671,6626790.913807843,-29.999999999999993,6272.68017578125,36429.05668368174,307
-6699832.27532553,6626796.217108702,-22.499999999999986,6272.68017578125,36429.05668368174,307
-6699837.578626389,6626801.520409561,-14.999999999999996,6272.68017578125,36429.05668368174,307
-6699842.881927248,6626806.823710419,-7.49999999999999,6272.68017578125,36429.05668368174,307
-6699848.185228107,6626812.127011279,0.0,6272.68017578125,36429.05668368174,307
-6699853.488528965,6626817.430312138,7.500000000000007,6272.68017578125,36429.05668368174,307
-6699858.791829824,6626822.7336129965,15.000000000000014,6272.68017578125,36429.05668368174,307
-6699864.095130683,6626828.036913855,22.50000000000002,6272.68017578125,36429.05668368174,307
-6699869.398431542,6626833.340214714,30.00000000000003,6272.68017578125,36429.05668368174,307
-6699874.701732401,6626838.643515574,37.5,6272.68017578125,36429.05668368174,307
-6699880.00503326,6626843.946816432,45.00000000000001,6272.68017578125,36429.05668368174,307
-6699885.308334119,6626849.250117291,52.500000000000014,6272.68017578125,36429.05668368174,307
-6699890.611634978,6626854.55341815,60.00000000000002,6272.68017578125,36429.05668368174,307
-6699895.914935837,6626859.85671901,67.50000000000003,6274.0068359375,36429.05668368174,307
-6699901.218236696,6626865.160019868,75.0,6274.0068359375,36429.05668368174,307
-6699906.521537554,6626870.4633207265,82.5,6274.0068359375,36429.05668368174,307
-6699911.824838413,6626875.766621586,90.00000000000001,6274.0068359375,36429.05668368174,307
-6699917.128139272,6626881.069922445,97.50000000000001,6271.0791015625,36429.05668368174,307
-6699922.431440131,6626886.373223304,105.00000000000003,6271.0791015625,36429.05668368174,307
-6699927.73474099,6626891.676524162,112.5,6271.0791015625,36429.05668368174,307
-6699933.038041849,6626896.979825022,120.0,6271.0791015625,36429.05668368174,307
-6699938.341342708,6626902.283125881,127.50000000000001,6271.0791015625,36429.05668368174,307
-6699943.644643567,6626907.58642674,135.00000000000003,6271.0791015625,36429.05668368174,307
-6699948.947944426,6626912.889727598,142.50000000000003,6271.0791015625,36429.05668368174,307
-6699954.251245284,6626918.193028457,150.0,6271.0791015625,36429.05668368174,307
-6699318.375514539,6626904.546586281,-150.0,6273.93603515625,36935.01580428843,307
-6699323.678815397,6626909.849887139,-142.5,6273.93603515625,36935.01580428843,307
-6699328.982116257,6626915.153187999,-135.0,6273.93603515625,36935.01580428843,307
-6699334.285417115,6626920.456488857,-127.5,6273.93603515625,36935.01580428843,307
-6699339.588717975,6626925.759789716,-120.0,6273.93603515625,36935.01580428843,307
-6699344.892018833,6626931.063090575,-112.5,6273.93603515625,36935.01580428843,307
-6699350.195319693,6626936.366391434,-105.0,6273.93603515625,36935.01580428843,307
-6699355.498620551,6626941.669692293,-97.49999999999999,6274.05615234375,36935.01580428843,307
-6699360.8019214105,6626946.972993152,-90.0,6274.05615234375,36935.01580428843,307
-6699366.105222269,6626952.276294011,-82.5,6274.05615234375,36935.01580428843,307
-6699371.408523127,6626957.579594869,-75.0,6274.05615234375,36935.01580428843,307
-6699376.711823987,6626962.882895729,-67.5,6274.05615234375,36935.01580428843,307
-6699382.015124845,6626968.186196587,-59.999999999999986,6274.05615234375,36935.01580428843,307
-6699387.318425705,6626973.489497446,-52.5,6271.125,36935.01580428843,307
-6699392.621726563,6626978.792798305,-44.99999999999999,6271.125,36935.01580428843,307
-6699397.925027423,6626984.096099164,-37.5,6271.125,36935.01580428843,307
-6699403.228328281,6626989.399400023,-29.999999999999993,6271.125,36935.01580428843,307
-6699408.5316291405,6626994.702700882,-22.499999999999986,6271.125,36935.01580428843,307
-6699413.834929999,6627000.006001741,-14.999999999999996,6271.125,36935.01580428843,307
-6699419.138230858,6627005.3093026,-7.49999999999999,6271.125,36935.01580428843,307
-6699424.441531717,6627010.612603459,0.0,6271.125,36935.01580428843,307
-6699429.744832575,6627015.915904317,7.500000000000007,6271.125,36935.01580428843,307
-6699435.048133435,6627021.219205176,15.000000000000014,6271.125,36935.01580428843,307
-6699440.351434293,6627026.522506035,22.50000000000002,6271.125,36935.01580428843,307
-6699445.654735153,6627031.825806894,30.00000000000003,6271.125,36935.01580428843,307
-6699450.958036011,6627037.129107753,37.5,6271.125,36935.01580428843,307
-6699456.2613368705,6627042.432408612,45.00000000000001,6271.125,36935.01580428843,307
-6699461.564637729,6627047.735709471,52.500000000000014,6271.125,36935.01580428843,307
-6699466.867938588,6627053.03901033,60.00000000000002,6271.42333984375,36935.01580428843,307
-6699472.171239447,6627058.342311189,67.50000000000003,6271.42333984375,36935.01580428843,307
-6699477.474540306,6627063.645612048,75.0,6271.42333984375,36935.01580428843,307
-6699482.777841165,6627068.948912906,82.5,6271.42333984375,36935.01580428843,307
-6699488.081142023,6627074.252213765,90.00000000000001,6271.42333984375,36935.01580428843,307
-6699493.384442883,6627079.555514624,97.50000000000001,6271.42333984375,36935.01580428843,307
-6699498.687743741,6627084.858815483,105.00000000000003,6273.6142578125,36935.01580428843,307
-6699503.9910446005,6627090.162116342,112.5,6273.6142578125,36935.01580428843,307
-6699509.294345459,6627095.465417201,120.0,6273.6142578125,36935.01580428843,307
-6699514.597646318,6627100.76871806,127.50000000000001,6273.6142578125,36935.01580428843,307
-6699519.900947177,6627106.072018919,135.00000000000003,6273.6142578125,36935.01580428843,307
-6699525.204248036,6627111.375319778,142.50000000000003,6273.6142578125,36935.01580428843,307
-6699530.507548895,6627116.678620636,150.0,6273.6142578125,36935.01580428843,307
-6699106.763852505,6626735.492007938,-150.0,6273.33740234375,37440.97492489512,307
-6699101.460551647,6626740.795308797,-142.5,6273.33740234375,37440.97492489512,307
-6699096.157250787,6626746.098609656,-135.0,6272.3955078125,37440.97492489512,307
-6699090.853949929,6626751.4019105155,-127.5,6272.3955078125,37440.97492489512,307
-6699085.550649069,6626756.705211374,-120.0,6272.3955078125,37440.97492489512,307
-6699080.247348211,6626762.008512232,-112.5,6272.3955078125,37440.97492489512,307
-6699074.944047351,6626767.311813092,-105.0,6272.3955078125,37440.97492489512,307
-6699069.640746493,6626772.615113951,-97.49999999999999,6272.3955078125,37440.97492489512,307
-6699064.3374456335,6626777.91841481,-90.0,6272.3955078125,37440.97492489512,307
-6699059.034144775,6626783.221715668,-82.5,6272.3955078125,37440.97492489512,307
-6699053.730843917,6626788.525016528,-75.0,6272.3955078125,37440.97492489512,307
-6699048.427543057,6626793.828317387,-67.5,6272.3955078125,37440.97492489512,307
-6699043.124242199,6626799.1316182455,-59.999999999999986,6272.3955078125,37440.97492489512,307
-6699037.820941339,6626804.434919104,-52.5,6272.3955078125,37440.97492489512,307
-6699032.517640481,6626809.738219963,-44.99999999999999,6272.3955078125,37440.97492489512,307
-6699027.214339621,6626815.041520823,-37.5,6272.3955078125,37440.97492489512,307
-6699021.911038763,6626820.344821681,-29.999999999999993,6272.3955078125,37440.97492489512,307
-6699016.6077379035,6626825.64812254,-22.499999999999986,6272.3955078125,37440.97492489512,307
-6699011.304437045,6626830.951423399,-14.999999999999996,6268.0087890625,37440.97492489512,307
-6699006.001136186,6626836.254724259,-7.49999999999999,6268.0087890625,37440.97492489512,307
-6699000.697835327,6626841.558025117,0.0,6268.0087890625,37440.97492489512,307
-6698995.394534469,6626846.8613259755,7.500000000000007,6268.0087890625,37440.97492489512,307
-6698990.091233609,6626852.164626835,15.000000000000014,6268.0087890625,37440.97492489512,307
-6698984.787932751,6626857.467927694,22.50000000000002,6272.55322265625,37440.97492489512,307
-6698979.484631891,6626862.771228553,30.00000000000003,6272.55322265625,37440.97492489512,307
-6698974.181331033,6626868.074529411,37.5,6272.55322265625,37440.97492489512,307
-6698968.8780301735,6626873.377830271,45.00000000000001,6272.55322265625,37440.97492489512,307
-6698963.574729315,6626878.68113113,52.500000000000014,6272.55322265625,37440.97492489512,307
-6698958.271428456,6626883.984431989,60.00000000000002,6272.55322265625,37440.97492489512,307
-6698952.968127597,6626889.287732847,67.50000000000003,6272.55322265625,37440.97492489512,307
-6698947.664826738,6626894.591033706,75.0,6272.55322265625,37440.97492489512,307
-6698942.361525879,6626899.894334566,82.5,6272.55322265625,37440.97492489512,307
-6698937.058225021,6626905.197635424,90.00000000000001,6272.55322265625,37440.97492489512,307
-6698931.754924161,6626910.500936283,97.50000000000001,6272.55322265625,37440.97492489512,307
-6698926.451623303,6626915.804237142,105.00000000000003,6272.55322265625,37440.97492489512,307
-6698921.1483224435,6626921.107538002,112.5,6272.55322265625,37440.97492489512,307
-6698915.845021585,6626926.41083886,120.0,6272.55322265625,37440.97492489512,307
-6698910.541720726,6626931.714139719,127.50000000000001,6272.55322265625,37440.97492489512,307
-6698905.238419867,6626937.017440578,135.00000000000003,6272.55322265625,37440.97492489512,307
-6698899.935119008,6626942.320741437,142.50000000000003,6274.59423828125,37440.97492489512,307
-6698894.631818149,6626947.624042296,150.0,6274.59423828125,37440.97492489512,307
-6698470.8881217595,6626625.743458019,-150.0,6275.45458984375,37946.93404550181,307
-6698476.191422618,6626631.046758877,-142.5,6275.45458984375,37946.93404550181,307
-6698481.494723477,6626636.3500597365,-135.0,6273.3232421875,37946.93404550181,307
-6698486.798024336,6626641.653360595,-127.5,6273.3232421875,37946.93404550181,307
-6698492.101325195,6626646.956661454,-120.0,6273.3232421875,37946.93404550181,307
-6698497.404626054,6626652.259962313,-112.5,6273.3232421875,37946.93404550181,307
-6698502.707926913,6626657.563263172,-105.0,6273.3232421875,37946.93404550181,307
-6698508.011227772,6626662.866564031,-97.49999999999999,6273.3232421875,37946.93404550181,307
-6698513.314528631,6626668.16986489,-90.0,6273.3232421875,37946.93404550181,307
-6698518.6178294895,6626673.473165749,-82.5,6273.3232421875,37946.93404550181,307
-6698523.921130348,6626678.776466608,-75.0,6273.3232421875,37946.93404550181,307
-6698529.224431207,6626684.0797674665,-67.5,6273.3232421875,37946.93404550181,307
-6698534.527732066,6626689.383068325,-59.999999999999986,6273.3232421875,37946.93404550181,307
-6698539.831032925,6626694.686369184,-52.5,6273.3232421875,37946.93404550181,307
-6698545.134333784,6626699.989670043,-44.99999999999999,6273.3232421875,37946.93404550181,307
-6698550.437634643,6626705.292970902,-37.5,6273.3232421875,37946.93404550181,307
-6698555.740935502,6626710.596271761,-29.999999999999993,6273.3232421875,37946.93404550181,307
-6698561.044236361,6626715.89957262,-22.499999999999986,6273.3232421875,37946.93404550181,307
-6698566.3475372195,6626721.202873479,-14.999999999999996,6270.26318359375,37946.93404550181,307
-6698571.650838079,6626726.506174338,-7.49999999999999,6270.26318359375,37946.93404550181,307
-6698576.954138937,6626731.8094751965,0.0,6270.26318359375,37946.93404550181,307
-6698582.257439796,6626737.112776055,7.500000000000007,6270.26318359375,37946.93404550181,307
-6698587.560740655,6626742.416076914,15.000000000000014,6270.26318359375,37946.93404550181,307
-6698592.864041514,6626747.719377773,22.50000000000002,6271.302734375,37946.93404550181,307
-6698598.167342373,6626753.022678632,30.00000000000003,6271.302734375,37946.93404550181,307
-6698603.470643232,6626758.325979491,37.5,6271.302734375,37946.93404550181,307
-6698608.773944091,6626763.62928035,45.00000000000001,6271.302734375,37946.93404550181,307
-6698614.0772449495,6626768.932581209,52.500000000000014,6271.302734375,37946.93404550181,307
-6698619.380545809,6626774.235882068,60.00000000000002,6271.302734375,37946.93404550181,307
-6698624.683846667,6626779.5391829265,67.50000000000003,6271.302734375,37946.93404550181,307
-6698629.987147527,6626784.842483785,75.0,6271.302734375,37946.93404550181,307
-6698635.290448385,6626790.145784644,82.5,6271.302734375,37946.93404550181,307
-6698640.593749244,6626795.449085503,90.00000000000001,6271.302734375,37946.93404550181,307
-6698645.897050103,6626800.752386362,97.50000000000001,6271.302734375,37946.93404550181,307
-6698651.200350962,6626806.055687221,105.00000000000003,6271.302734375,37946.93404550181,307
-6698656.503651821,6626811.35898808,112.5,6271.302734375,37946.93404550181,307
-6698661.8069526795,6626816.662288939,120.0,6271.302734375,37946.93404550181,307
-6698667.110253539,6626821.965589798,127.50000000000001,6271.302734375,37946.93404550181,307
-6698672.413554397,6626827.2688906565,135.00000000000003,6271.302734375,37946.93404550181,307
-6698677.716855257,6626832.572191516,142.50000000000003,6272.78662109375,37946.93404550181,307
-6698683.020156115,6626837.875492374,150.0,6272.78662109375,37946.93404550181,307
-6698159.773477473,6626936.858102304,-150.0,6271.7978515625,38452.8931661085,307
-6698165.076778332,6626942.161403162,-142.5,6271.7978515625,38452.8931661085,307
-6698170.380079191,6626947.464704022,-135.0,6271.7978515625,38452.8931661085,307
-6698175.68338005,6626952.76800488,-127.5,6271.7978515625,38452.8931661085,307
-6698180.986680909,6626958.07130574,-120.0,6271.7978515625,38452.8931661085,307
-6698186.289981768,6626963.374606598,-112.5,6271.7978515625,38452.8931661085,307
-6698191.593282627,6626968.677907458,-105.0,6271.7978515625,38452.8931661085,307
-6698196.896583485,6626973.981208316,-97.49999999999999,6270.60546875,38452.8931661085,307
-6698202.199884345,6626979.284509175,-90.0,6270.60546875,38452.8931661085,307
-6698207.503185203,6626984.587810034,-82.5,6270.60546875,38452.8931661085,307
-6698212.806486063,6626989.891110893,-75.0,6270.60546875,38452.8931661085,307
-6698218.109786921,6626995.194411752,-67.5,6270.60546875,38452.8931661085,307
-6698223.41308778,6627000.49771261,-59.999999999999986,6270.60546875,38452.8931661085,307
-6698228.716388639,6627005.80101347,-52.5,6268.802734375,38452.8931661085,307
-6698234.019689498,6627011.104314328,-44.99999999999999,6268.802734375,38452.8931661085,307
-6698239.322990357,6627016.407615188,-37.5,6268.802734375,38452.8931661085,307
-6698244.626291215,6627021.710916046,-29.999999999999993,6268.802734375,38452.8931661085,307
-6698249.929592075,6627027.014216905,-22.499999999999986,6268.802734375,38452.8931661085,307
-6698255.232892933,6627032.317517764,-14.999999999999996,6268.802734375,38452.8931661085,307
-6698260.536193793,6627037.620818623,-7.49999999999999,6268.802734375,38452.8931661085,307
-6698265.839494651,6627042.924119482,0.0,6268.802734375,38452.8931661085,307
-6698271.14279551,6627048.22742034,7.500000000000007,6268.802734375,38452.8931661085,307
-6698276.446096369,6627053.5307212,15.000000000000014,6268.802734375,38452.8931661085,307
-6698281.749397228,6627058.834022058,22.50000000000002,6268.802734375,38452.8931661085,307
-6698287.052698087,6627064.137322918,30.00000000000003,6268.802734375,38452.8931661085,307
-6698292.355998945,6627069.440623776,37.5,6268.802734375,38452.8931661085,307
-6698297.659299805,6627074.743924635,45.00000000000001,6268.802734375,38452.8931661085,307
-6698302.962600663,6627080.047225494,52.500000000000014,6268.802734375,38452.8931661085,307
-6698308.265901523,6627085.350526353,60.00000000000002,6270.0791015625,38452.8931661085,307
-6698313.569202381,6627090.653827212,67.50000000000003,6270.0791015625,38452.8931661085,307
-6698318.87250324,6627095.95712807,75.0,6270.0791015625,38452.8931661085,307
-6698324.175804099,6627101.26042893,82.5,6270.0791015625,38452.8931661085,307
-6698329.479104958,6627106.563729788,90.00000000000001,6270.0791015625,38452.8931661085,307
-6698334.782405817,6627111.867030648,97.50000000000001,6270.0791015625,38452.8931661085,307
-6698340.085706675,6627117.170331506,105.00000000000003,6270.90185546875,38452.8931661085,307
-6698345.389007535,6627122.473632365,112.5,6270.90185546875,38452.8931661085,307
-6698350.692308393,6627127.776933224,120.0,6270.90185546875,38452.8931661085,307
-6698355.995609253,6627133.080234083,127.50000000000001,6270.90185546875,38452.8931661085,307
-6698361.298910111,6627138.383534942,135.00000000000003,6270.90185546875,38452.8931661085,307
-6698366.602210971,6627143.686835801,142.50000000000003,6270.90185546875,38452.8931661085,307
-6698371.905511829,6627148.99013666,150.0,6270.90185546875,38452.8931661085,307
-6698106.905223,6627327.613513091,-150.0,6271.2451171875,38958.85228671519,307
-6698112.208523858,6627332.916813949,-142.5,6271.2451171875,38958.85228671519,307
-6698117.511824718,6627338.2201148085,-135.0,6270.048828125,38958.85228671519,307
-6698122.815125576,6627343.523415667,-127.5,6270.048828125,38958.85228671519,307
-6698128.118426436,6627348.826716526,-120.0,6270.048828125,38958.85228671519,307
-6698133.421727294,6627354.130017385,-112.5,6270.048828125,38958.85228671519,307
-6698138.7250281535,6627359.433318244,-105.0,6270.048828125,38958.85228671519,307
-6698144.028329012,6627364.736619103,-97.49999999999999,6270.048828125,38958.85228671519,307
-6698149.331629871,6627370.039919962,-90.0,6270.048828125,38958.85228671519,307
-6698154.63493073,6627375.343220821,-82.5,6270.048828125,38958.85228671519,307
-6698159.938231589,6627380.64652168,-75.0,6270.048828125,38958.85228671519,307
-6698165.241532448,6627385.9498225385,-67.5,6270.048828125,38958.85228671519,307
-6698170.544833306,6627391.253123397,-59.999999999999986,6270.048828125,38958.85228671519,307
-6698175.848134166,6627396.556424256,-52.5,6270.048828125,38958.85228671519,307
-6698181.151435024,6627401.859725115,-44.99999999999999,6270.048828125,38958.85228671519,307
-6698186.4547358835,6627407.163025974,-37.5,6270.048828125,38958.85228671519,307
-6698191.758036742,6627412.466326833,-29.999999999999993,6270.048828125,38958.85228671519,307
-6698197.061337601,6627417.769627692,-22.499999999999986,6270.048828125,38958.85228671519,307
-6698202.36463846,6627423.072928551,-14.999999999999996,6267.89501953125,38958.85228671519,307
-6698207.667939319,6627428.37622941,-7.49999999999999,6267.89501953125,38958.85228671519,307
-6698212.971240178,6627433.679530269,0.0,6267.89501953125,38958.85228671519,307
-6698218.274541036,6627438.982831127,7.500000000000007,6267.89501953125,38958.85228671519,307
-6698223.577841896,6627444.286131986,15.000000000000014,6267.89501953125,38958.85228671519,307
-6698228.881142754,6627449.589432845,22.50000000000002,6268.212890625,38958.85228671519,307
-6698234.1844436135,6627454.892733704,30.00000000000003,6268.212890625,38958.85228671519,307
-6698239.487744472,6627460.196034563,37.5,6268.212890625,38958.85228671519,307
-6698244.791045331,6627465.499335422,45.00000000000001,6268.212890625,38958.85228671519,307
-6698250.09434619,6627470.802636281,52.500000000000014,6268.212890625,38958.85228671519,307
-6698255.397647049,6627476.10593714,60.00000000000002,6268.212890625,38958.85228671519,307
-6698260.700947908,6627481.409237999,67.50000000000003,6268.212890625,38958.85228671519,307
-6698266.004248766,6627486.712538857,75.0,6268.212890625,38958.85228671519,307
-6698271.307549626,6627492.015839716,82.5,6268.212890625,38958.85228671519,307
-6698276.610850484,6627497.319140575,90.00000000000001,6268.212890625,38958.85228671519,307
-6698281.9141513435,6627502.622441434,97.50000000000001,6268.212890625,38958.85228671519,307
-6698287.217452202,6627507.925742293,105.00000000000003,6268.212890625,38958.85228671519,307
-6698292.520753061,6627513.229043152,112.5,6268.212890625,38958.85228671519,307
-6698297.82405392,6627518.532344011,120.0,6268.212890625,38958.85228671519,307
-6698303.127354779,6627523.83564487,127.50000000000001,6268.212890625,38958.85228671519,307
-6698308.430655638,6627529.138945729,135.00000000000003,6268.212890625,38958.85228671519,307
-6698313.733956497,6627534.442246588,142.50000000000003,6268.958984375,38958.85228671519,307
-6698319.037257356,6627539.745547446,150.0,6268.958984375,38958.85228671519,307
-6697883.758879837,6627551.102423004,-150.0,6269.3603515625,39464.81140732188,307
-6697883.758879837,6627558.602423004,-142.5,6269.3603515625,39464.81140732188,307
-6697883.758879837,6627566.102423004,-135.0,6269.3603515625,39464.81140732188,307
-6697883.758879837,6627573.602423004,-127.5,6269.3603515625,39464.81140732188,307
-6697883.758879837,6627581.102423004,-120.0,6269.3603515625,39464.81140732188,307
-6697883.758879837,6627588.602423004,-112.5,6269.3603515625,39464.81140732188,307
-6697883.758879837,6627596.102423004,-105.0,6269.3603515625,39464.81140732188,307
-6697883.758879837,6627603.602423004,-97.49999999999999,6269.3603515625,39464.81140732188,307
-6697883.758879837,6627611.102423004,-90.0,6269.3603515625,39464.81140732188,307
-6697883.758879837,6627618.602423004,-82.5,6269.3603515625,39464.81140732188,307
-6697883.758879837,6627626.102423004,-75.0,6269.3603515625,39464.81140732188,307
-6697883.758879837,6627633.602423004,-67.5,6269.3603515625,39464.81140732188,307
-6697883.758879837,6627641.102423004,-59.999999999999986,6269.3603515625,39464.81140732188,307
-6697883.758879837,6627648.602423004,-52.5,6265.79296875,39464.81140732188,307
-6697883.758879837,6627656.102423004,-44.99999999999999,6265.79296875,39464.81140732188,307
-6697883.758879837,6627663.602423004,-37.5,6265.79296875,39464.81140732188,307
-6697883.758879837,6627671.102423004,-29.999999999999993,6265.79296875,39464.81140732188,307
-6697883.758879837,6627678.602423004,-22.499999999999986,6265.79296875,39464.81140732188,307
-6697883.758879837,6627686.102423004,-14.999999999999996,6265.79296875,39464.81140732188,307
-6697883.758879837,6627693.602423004,-7.49999999999999,6265.79296875,39464.81140732188,307
-6697883.758879837,6627701.102423004,0.0,6265.79296875,39464.81140732188,307
-6697883.758879837,6627708.602423004,7.500000000000007,6265.79296875,39464.81140732188,307
-6697883.758879837,6627716.102423004,15.000000000000014,6265.79296875,39464.81140732188,307
-6697883.758879837,6627723.602423004,22.50000000000002,6265.79296875,39464.81140732188,307
-6697883.758879837,6627731.102423004,30.00000000000003,6265.79296875,39464.81140732188,307
-6697883.758879837,6627738.602423004,37.5,6265.79296875,39464.81140732188,307
-6697883.758879837,6627746.102423004,45.00000000000001,6265.79296875,39464.81140732188,307
-6697883.758879837,6627753.602423004,52.500000000000014,6265.79296875,39464.81140732188,307
-6697883.758879837,6627761.102423004,60.00000000000002,6270.11279296875,39464.81140732188,307
-6697883.758879837,6627768.602423004,67.50000000000003,6270.11279296875,39464.81140732188,307
-6697883.758879837,6627776.102423004,75.0,6270.11279296875,39464.81140732188,307
-6697883.758879837,6627783.602423004,82.5,6270.11279296875,39464.81140732188,307
-6697883.758879837,6627791.102423004,90.00000000000001,6270.11279296875,39464.81140732188,307
-6697883.758879837,6627798.602423004,97.50000000000001,6270.11279296875,39464.81140732188,307
-6697883.758879837,6627806.102423004,105.00000000000003,6270.11279296875,39464.81140732188,307
-6697883.758879837,6627813.602423004,112.5,6270.11279296875,39464.81140732188,307
-6697883.758879837,6627821.102423004,120.0,6270.11279296875,39464.81140732188,307
-6697883.758879837,6627828.602423004,127.50000000000001,6270.11279296875,39464.81140732188,307
-6697883.758879837,6627836.102423004,135.00000000000003,6270.11279296875,39464.81140732188,307
-6697883.758879837,6627843.602423004,142.50000000000003,6270.11279296875,39464.81140732188,307
-6697883.758879837,6627851.102423004,150.0,6270.11279296875,39464.81140732188,307
-6697339.058596722,6627532.3148788465,-150.0,6270.3857421875,39970.77052792857,307
-6697344.36189758,6627537.618179705,-142.5,6270.3857421875,39970.77052792857,307
-6697349.66519844,6627542.921480564,-135.0,6270.3857421875,39970.77052792857,307
-6697354.968499298,6627548.224781424,-127.5,6270.3857421875,39970.77052792857,307
-6697360.271800158,6627553.528082282,-120.0,6270.3857421875,39970.77052792857,307
-6697365.575101016,6627558.831383141,-112.5,6270.3857421875,39970.77052792857,307
-6697370.8784018755,6627564.134684,-105.0,6270.3857421875,39970.77052792857,307
-6697376.181702734,6627569.43798486,-97.49999999999999,6270.3857421875,39970.77052792857,307
-6697381.485003593,6627574.741285718,-90.0,6270.3857421875,39970.77052792857,307
-6697386.788304452,6627580.0445865765,-82.5,6270.3857421875,39970.77052792857,307
-6697392.091605311,6627585.347887436,-75.0,6270.3857421875,39970.77052792857,307
-6697397.39490617,6627590.651188295,-67.5,6270.3857421875,39970.77052792857,307
-6697402.698207028,6627595.954489154,-59.999999999999986,6270.3857421875,39970.77052792857,307
-6697408.001507888,6627601.257790012,-52.5,6270.3857421875,39970.77052792857,307
-6697413.304808746,6627606.561090872,-44.99999999999999,6270.3857421875,39970.77052792857,307
-6697418.6081096055,6627611.864391731,-37.5,6270.3857421875,39970.77052792857,307
-6697423.911410464,6627617.16769259,-29.999999999999993,6270.3857421875,39970.77052792857,307
-6697429.214711323,6627622.470993448,-22.499999999999986,6270.3857421875,39970.77052792857,307
-6697434.518012182,6627627.774294307,-14.999999999999996,6270.3857421875,39970.77052792857,307
-6697439.821313041,6627633.077595167,-7.49999999999999,6266.2177734375,39970.77052792857,307
-6697445.1246139,6627638.380896025,0.0,6266.2177734375,39970.77052792857,307
-6697450.427914758,6627643.684196884,7.500000000000007,6266.2177734375,39970.77052792857,307
-6697455.731215618,6627648.987497743,15.000000000000014,6263.85595703125,39970.77052792857,307
-6697461.034516476,6627654.290798603,22.50000000000002,6263.85595703125,39970.77052792857,307
-6697466.3378173355,6627659.594099461,30.00000000000003,6263.85595703125,39970.77052792857,307
-6697471.641118194,6627664.89740032,37.5,6263.85595703125,39970.77052792857,307
-6697476.944419053,6627670.200701179,45.00000000000001,6263.85595703125,39970.77052792857,307
-6697482.247719912,6627675.504002038,52.500000000000014,6263.85595703125,39970.77052792857,307
-6697487.551020771,6627680.807302897,60.00000000000002,6263.85595703125,39970.77052792857,307
-6697492.85432163,6627686.110603755,67.50000000000003,6263.85595703125,39970.77052792857,307
-6697498.157622488,6627691.413904615,75.0,6263.85595703125,39970.77052792857,307
-6697503.460923348,6627696.717205474,82.5,6263.85595703125,39970.77052792857,307
-6697508.764224206,6627702.020506333,90.00000000000001,6263.85595703125,39970.77052792857,307
-6697514.0675250655,6627707.323807191,97.50000000000001,6263.85595703125,39970.77052792857,307
-6697519.370825924,6627712.6271080505,105.00000000000003,6263.85595703125,39970.77052792857,307
-6697524.674126783,6627717.93040891,112.5,6263.85595703125,39970.77052792857,307
-6697529.977427642,6627723.233709768,120.0,6263.85595703125,39970.77052792857,307
-6697535.280728501,6627728.537010627,127.50000000000001,6263.85595703125,39970.77052792857,307
-6697540.58402936,6627733.840311486,135.00000000000003,6263.85595703125,39970.77052792857,307
-6697545.887330219,6627739.143612346,142.50000000000003,6263.85595703125,39970.77052792857,307
-6697551.190631078,6627744.446913204,150.0,6263.85595703125,39970.77052792857,307
-6696948.303185934,6627585.183133322,-150.0,6270.8955078125,40476.72964853526,307
-6696953.606486793,6627590.48643418,-142.5,6270.8955078125,40476.72964853526,307
-6696958.909787652,6627595.78973504,-135.0,6270.8955078125,40476.72964853526,307
-6696964.213088511,6627601.093035898,-127.5,6270.8955078125,40476.72964853526,307
-6696969.51638937,6627606.396336758,-120.0,6270.8955078125,40476.72964853526,307
-6696974.819690228,6627611.699637616,-112.5,6270.8955078125,40476.72964853526,307
-6696980.122991088,6627617.002938475,-105.0,6270.8955078125,40476.72964853526,307
-6696985.426291946,6627622.306239334,-97.49999999999999,6270.8955078125,40476.72964853526,307
-6696990.729592806,6627627.609540193,-90.0,6269.31201171875,40476.72964853526,307
-6696996.032893664,6627632.912841052,-82.5,6269.31201171875,40476.72964853526,307
-6697001.336194523,6627638.216141911,-75.0,6269.31201171875,40476.72964853526,307
-6697006.639495382,6627643.51944277,-67.5,6269.31201171875,40476.72964853526,307
-6697011.942796241,6627648.822743628,-59.999999999999986,6266.38525390625,40476.72964853526,307
-6697017.2460971,6627654.126044488,-52.5,6266.38525390625,40476.72964853526,307
-6697022.549397958,6627659.429345346,-44.99999999999999,6266.38525390625,40476.72964853526,307
-6697027.852698818,6627664.732646205,-37.5,6266.38525390625,40476.72964853526,307
-6697033.155999676,6627670.035947064,-29.999999999999993,6266.38525390625,40476.72964853526,307
-6697038.459300536,6627675.339247923,-22.499999999999986,6266.38525390625,40476.72964853526,307
-6697043.762601394,6627680.642548782,-14.999999999999996,6266.38525390625,40476.72964853526,307
-6697049.065902254,6627685.945849641,-7.49999999999999,6266.38525390625,40476.72964853526,307
-6697054.369203112,6627691.2491505,0.0,6266.38525390625,40476.72964853526,307
-6697059.672503971,6627696.552451358,7.500000000000007,6266.38525390625,40476.72964853526,307
-6697064.97580483,6627701.855752218,15.000000000000014,6266.38525390625,40476.72964853526,307
-6697070.279105688,6627707.159053076,22.50000000000002,6266.38525390625,40476.72964853526,307
-6697075.582406548,6627712.462353935,30.00000000000003,6266.38525390625,40476.72964853526,307
-6697080.885707406,6627717.765654794,37.5,6266.38525390625,40476.72964853526,307
-6697086.189008266,6627723.068955653,45.00000000000001,6266.38525390625,40476.72964853526,307
-6697091.492309124,6627728.372256512,52.500000000000014,6266.38525390625,40476.72964853526,307
-6697096.795609984,6627733.675557371,60.00000000000002,6266.38525390625,40476.72964853526,307
-6697102.098910842,6627738.97885823,67.50000000000003,6267.36572265625,40476.72964853526,307
-6697107.4022117015,6627744.282159088,75.0,6267.36572265625,40476.72964853526,307
-6697112.70551256,6627749.585459948,82.5,6267.36572265625,40476.72964853526,307
-6697118.008813418,6627754.888760806,90.00000000000001,6267.36572265625,40476.72964853526,307
-6697123.312114278,6627760.1920616655,97.50000000000001,6270.49169921875,40476.72964853526,307
-6697128.615415136,6627765.495362524,105.00000000000003,6270.49169921875,40476.72964853526,307
-6697133.918715996,6627770.798663383,112.5,6270.49169921875,40476.72964853526,307
-6697139.222016854,6627776.101964242,120.0,6270.49169921875,40476.72964853526,307
-6697144.525317714,6627781.405265101,127.50000000000001,6270.49169921875,40476.72964853526,307
-6697149.828618572,6627786.70856596,135.00000000000003,6270.49169921875,40476.72964853526,307
-6697155.1319194315,6627792.011866819,142.50000000000003,6270.49169921875,40476.72964853526,307
-6697160.43522029,6627797.315167678,150.0,6270.49169921875,40476.72964853526,307
-6696756.206791191,6628188.070578465,-150.0,6268.26953125,40982.688769141954,307
-6696761.51009205,6628182.767277607,-142.5,6268.26953125,40982.688769141954,307
-6696766.813392909,6628177.463976747,-135.0,6265.5576171875,40982.688769141954,307
-6696772.116693768,6628172.160675889,-127.5,6265.5576171875,40982.688769141954,307
-6696777.419994627,6628166.8573750295,-120.0,6265.5576171875,40982.688769141954,307
-6696782.723295486,6628161.554074171,-112.5,6265.5576171875,40982.688769141954,307
-6696788.026596345,6628156.250773312,-105.0,6265.5576171875,40982.688769141954,307
-6696793.3298972035,6628150.947472453,-97.49999999999999,6265.5576171875,40982.688769141954,307
-6696798.633198063,6628145.644171594,-90.0,6265.5576171875,40982.688769141954,307
-6696803.936498921,6628140.340870735,-82.5,6265.5576171875,40982.688769141954,307
-6696809.239799781,6628135.037569877,-75.0,6265.5576171875,40982.688769141954,307
-6696814.543100639,6628129.734269017,-67.5,6265.5576171875,40982.688769141954,307
-6696819.846401498,6628124.430968159,-59.999999999999986,6265.5576171875,40982.688769141954,307
-6696825.149702357,6628119.1276672995,-52.5,6265.5576171875,40982.688769141954,307
-6696830.453003216,6628113.824366441,-44.99999999999999,6265.5576171875,40982.688769141954,307
-6696835.756304075,6628108.521065582,-37.5,6265.5576171875,40982.688769141954,307
-6696841.0596049335,6628103.217764723,-29.999999999999993,6265.5576171875,40982.688769141954,307
-6696846.362905793,6628097.914463864,-22.499999999999986,6265.5576171875,40982.688769141954,307
-6696851.666206651,6628092.611163005,-14.999999999999996,6263.63818359375,40982.688769141954,307
-6696856.969507511,6628087.307862146,-7.49999999999999,6263.63818359375,40982.688769141954,307
-6696862.272808369,6628082.004561287,0.0,6263.63818359375,40982.688769141954,307
-6696867.576109228,6628076.701260429,7.500000000000007,6263.63818359375,40982.688769141954,307
-6696872.879410087,6628071.3979595695,15.000000000000014,6263.63818359375,40982.688769141954,307
-6696878.182710946,6628066.094658711,22.50000000000002,6264.0625,40982.688769141954,307
-6696883.486011805,6628060.791357852,30.00000000000003,6264.0625,40982.688769141954,307
-6696888.7893126635,6628055.488056993,37.5,6264.0625,40982.688769141954,307
-6696894.092613523,6628050.184756134,45.00000000000001,6264.0625,40982.688769141954,307
-6696899.395914381,6628044.881455275,52.500000000000014,6264.0625,40982.688769141954,307
-6696904.699215241,6628039.578154416,60.00000000000002,6264.0625,40982.688769141954,307
-6696910.002516099,6628034.274853557,67.50000000000003,6264.0625,40982.688769141954,307
-6696915.305816958,6628028.971552698,75.0,6264.0625,40982.688769141954,307
-6696920.609117817,6628023.6682518395,82.5,6264.0625,40982.688769141954,307
-6696925.912418676,6628018.364950981,90.00000000000001,6264.0625,40982.688769141954,307
-6696931.215719535,6628013.061650122,97.50000000000001,6264.0625,40982.688769141954,307
-6696936.5190203935,6628007.758349263,105.00000000000003,6264.0625,40982.688769141954,307
-6696941.822321253,6628002.455048404,112.5,6264.0625,40982.688769141954,307
-6696947.125622111,6627997.151747545,120.0,6264.0625,40982.688769141954,307
-6696952.428922971,6627991.848446686,127.50000000000001,6264.0625,40982.688769141954,307
-6696957.732223829,6627986.545145827,135.00000000000003,6264.0625,40982.688769141954,307
-6696963.035524689,6627981.241844968,142.50000000000003,6266.23779296875,40982.688769141954,307
-6696968.338825547,6627975.938544109,150.0,6266.23779296875,40982.688769141954,307
-6696537.667806275,6628333.705669293,-150.0,6265.85986328125,41488.647889748645,307
-6696542.971107134,6628339.008970152,-142.5,6267.79052734375,41488.647889748645,307
-6696548.274407993,6628344.312271011,-135.0,6267.79052734375,41488.647889748645,307
-6696553.577708852,6628349.61557187,-127.5,6267.79052734375,41488.647889748645,307
-6696558.881009711,6628354.918872729,-120.0,6267.79052734375,41488.647889748645,307
-6696564.184310569,6628360.222173587,-112.5,6267.79052734375,41488.647889748645,307
-6696569.487611429,6628365.525474447,-105.0,6267.79052734375,41488.647889748645,307
-6696574.790912287,6628370.828775305,-97.49999999999999,6267.79052734375,41488.647889748645,307
-6696580.094213147,6628376.132076165,-90.0,6267.79052734375,41488.647889748645,307
-6696585.397514005,6628381.435377023,-82.5,6267.79052734375,41488.647889748645,307
-6696590.700814864,6628386.738677882,-75.0,6267.79052734375,41488.647889748645,307
-6696596.004115723,6628392.041978741,-67.5,6267.79052734375,41488.647889748645,307
-6696601.307416582,6628397.3452796,-59.999999999999986,6267.79052734375,41488.647889748645,307
-6696606.610717441,6628402.648580459,-52.5,6267.79052734375,41488.647889748645,307
-6696611.914018299,6628407.951881317,-44.99999999999999,6267.79052734375,41488.647889748645,307
-6696617.217319159,6628413.255182177,-37.5,6267.79052734375,41488.647889748645,307
-6696622.520620017,6628418.558483035,-29.999999999999993,6267.79052734375,41488.647889748645,307
-6696627.823920877,6628423.861783895,-22.499999999999986,6267.79052734375,41488.647889748645,307
-6696633.127221735,6628429.165084753,-14.999999999999996,6267.79052734375,41488.647889748645,307
-6696638.430522595,6628434.468385613,-7.49999999999999,6265.47802734375,41488.647889748645,307
-6696643.733823453,6628439.771686471,0.0,6265.47802734375,41488.647889748645,307
-6696649.037124312,6628445.07498733,7.500000000000007,6265.47802734375,41488.647889748645,307
-6696654.340425171,6628450.378288189,15.000000000000014,6262.09814453125,41488.647889748645,307
-6696659.643726029,6628455.681589047,22.50000000000002,6262.09814453125,41488.647889748645,307
-6696664.947026889,6628460.984889907,30.00000000000003,6262.09814453125,41488.647889748645,307
-6696670.250327747,6628466.288190765,37.5,6262.09814453125,41488.647889748645,307
-6696675.553628607,6628471.591491625,45.00000000000001,6262.09814453125,41488.647889748645,307
-6696680.856929465,6628476.894792483,52.500000000000014,6262.09814453125,41488.647889748645,307
-6696686.160230325,6628482.198093343,60.00000000000002,6262.09814453125,41488.647889748645,307
-6696691.463531183,6628487.501394201,67.50000000000003,6262.09814453125,41488.647889748645,307
-6696696.7668320425,6628492.8046950605,75.0,6262.09814453125,41488.647889748645,307
-6696702.070132901,6628498.107995919,82.5,6262.09814453125,41488.647889748645,307
-6696707.373433759,6628503.411296777,90.00000000000001,6262.09814453125,41488.647889748645,307
-6696712.676734619,6628508.714597637,97.50000000000001,6262.09814453125,41488.647889748645,307
-6696717.980035477,6628514.017898495,105.00000000000003,6262.09814453125,41488.647889748645,307
-6696723.283336337,6628519.321199355,112.5,6262.09814453125,41488.647889748645,307
-6696728.586637195,6628524.624500213,120.0,6262.09814453125,41488.647889748645,307
-6696733.889938055,6628529.927801073,127.50000000000001,6262.09814453125,41488.647889748645,307
-6696739.193238913,6628535.231101931,135.00000000000003,6262.09814453125,41488.647889748645,307
-6696744.4965397725,6628540.5344027905,142.50000000000003,6262.09814453125,41488.647889748645,307
-6696749.799840631,6628545.837703649,150.0,6266.70556640625,41488.647889748645,307
-6696146.9123954885,6628611.832027976,-150.0,6266.5244140625,41994.607010355336,307
-6696152.215696347,6628617.135328835,-142.5,6266.5244140625,41994.607010355336,307
-6696157.518997206,6628622.438629694,-135.0,6266.5244140625,41994.607010355336,307
-6696162.822298065,6628627.741930553,-127.5,6266.5244140625,41994.607010355336,307
-6696168.125598924,6628633.045231412,-120.0,6266.5244140625,41994.607010355336,307
-6696173.428899783,6628638.348532271,-112.5,6266.5244140625,41994.607010355336,307
-6696178.732200642,6628643.65183313,-105.0,6266.5244140625,41994.607010355336,307
-6696184.035501501,6628648.9551339885,-97.49999999999999,6266.5244140625,41994.607010355336,307
-6696189.33880236,6628654.258434848,-90.0,6266.5244140625,41994.607010355336,307
-6696194.6421032185,6628659.561735706,-82.5,6265.46923828125,41994.607010355336,307
-6696199.945404077,6628664.865036566,-75.0,6262.41796875,41994.607010355336,307
-6696205.248704936,6628670.168337424,-67.5,6262.41796875,41994.607010355336,307
-6696210.552005795,6628675.471638283,-59.999999999999986,6262.41796875,41994.607010355336,307
-6696215.855306654,6628680.774939142,-52.5,6262.41796875,41994.607010355336,307
-6696221.158607513,6628686.078240001,-44.99999999999999,6262.41796875,41994.607010355336,307
-6696226.461908372,6628691.38154086,-37.5,6262.41796875,41994.607010355336,307
-6696231.765209231,6628696.6848417185,-29.999999999999993,6262.41796875,41994.607010355336,307
-6696237.06851009,6628701.988142578,-22.499999999999986,6262.41796875,41994.607010355336,307
-6696242.3718109485,6628707.291443436,-14.999999999999996,6262.41796875,41994.607010355336,307
-6696247.675111808,6628712.594744296,-7.49999999999999,6262.41796875,41994.607010355336,307
-6696252.978412666,6628717.898045154,0.0,6262.41796875,41994.607010355336,307
-6696258.281713525,6628723.201346013,7.500000000000007,6262.41796875,41994.607010355336,307
-6696263.585014384,6628728.504646872,15.000000000000014,6262.41796875,41994.607010355336,307
-6696268.888315243,6628733.807947731,22.50000000000002,6262.41796875,41994.607010355336,307
-6696274.191616102,6628739.11124859,30.00000000000003,6262.41796875,41994.607010355336,307
-6696279.494916961,6628744.4145494485,37.5,6262.41796875,41994.607010355336,307
-6696284.79821782,6628749.717850308,45.00000000000001,6262.41796875,41994.607010355336,307
-6696290.1015186785,6628755.021151166,52.500000000000014,6262.41796875,41994.607010355336,307
-6696295.404819538,6628760.324452026,60.00000000000002,6262.41796875,41994.607010355336,307
-6696300.708120396,6628765.627752884,67.50000000000003,6262.41796875,41994.607010355336,307
-6696306.011421256,6628770.931053743,75.0,6262.41796875,41994.607010355336,307
-6696311.314722114,6628776.234354602,82.5,6263.89111328125,41994.607010355336,307
-6696316.618022973,6628781.537655461,90.00000000000001,6265.39453125,41994.607010355336,307
-6696321.921323832,6628786.84095632,97.50000000000001,6265.39453125,41994.607010355336,307
-6696327.224624691,6628792.1442571785,105.00000000000003,6265.39453125,41994.607010355336,307
-6696332.52792555,6628797.447558038,112.5,6265.39453125,41994.607010355336,307
-6696337.8312264085,6628802.750858896,120.0,6265.39453125,41994.607010355336,307
-6696343.134527268,6628808.054159756,127.50000000000001,6265.39453125,41994.607010355336,307
-6696348.437828126,6628813.357460614,135.00000000000003,6265.39453125,41994.607010355336,307
-6696353.741128986,6628818.660761474,142.50000000000003,6265.39453125,41994.607010355336,307
-6696359.044429844,6628823.964062332,150.0,6265.39453125,41994.607010355336,307
-6695902.312447852,6628711.977000084,-150.0,6265.443359375,42500.56613096203,307
-6695897.009146994,6628717.280300942,-142.5,6265.443359375,42500.56613096203,307
-6695891.705846135,6628722.583601802,-135.0,6265.443359375,42500.56613096203,307
-6695886.402545276,6628727.88690266,-127.5,6265.443359375,42500.56613096203,307
-6695881.099244417,6628733.19020352,-120.0,6265.443359375,42500.56613096203,307
-6695875.795943558,6628738.493504378,-112.5,6265.443359375,42500.56613096203,307
-6695870.492642699,6628743.796805237,-105.0,6265.443359375,42500.56613096203,307
-6695865.18934184,6628749.100106096,-97.49999999999999,6265.443359375,42500.56613096203,307
-6695859.886040981,6628754.403406955,-90.0,6264.85546875,42500.56613096203,307
-6695854.582740122,6628759.706707814,-82.5,6264.85546875,42500.56613096203,307
-6695849.279439263,6628765.010008672,-75.0,6264.85546875,42500.56613096203,307
-6695843.976138405,6628770.313309532,-67.5,6264.85546875,42500.56613096203,307
-6695838.672837546,6628775.61661039,-59.999999999999986,6263.31591796875,42500.56613096203,307
-6695833.369536687,6628780.91991125,-52.5,6263.31591796875,42500.56613096203,307
-6695828.066235828,6628786.223212108,-44.99999999999999,6263.31591796875,42500.56613096203,307
-6695822.762934969,6628791.526512967,-37.5,6263.31591796875,42500.56613096203,307
-6695817.45963411,6628796.829813826,-29.999999999999993,6263.31591796875,42500.56613096203,307
-6695812.156333251,6628802.133114685,-22.499999999999986,6263.31591796875,42500.56613096203,307
-6695806.853032392,6628807.436415544,-14.999999999999996,6263.31591796875,42500.56613096203,307
-6695801.549731533,6628812.739716403,-7.49999999999999,6263.31591796875,42500.56613096203,307
-6695796.246430675,6628818.043017262,0.0,6263.31591796875,42500.56613096203,307
-6695790.943129816,6628823.34631812,7.500000000000007,6263.31591796875,42500.56613096203,307
-6695785.639828957,6628828.64961898,15.000000000000014,6263.31591796875,42500.56613096203,307
-6695780.336528098,6628833.952919838,22.50000000000002,6263.31591796875,42500.56613096203,307
-6695775.033227239,6628839.256220697,30.00000000000003,6263.31591796875,42500.56613096203,307
-6695769.72992638,6628844.559521556,37.5,6263.31591796875,42500.56613096203,307
-6695764.426625521,6628849.862822415,45.00000000000001,6263.31591796875,42500.56613096203,307
-6695759.123324662,6628855.166123274,52.500000000000014,6263.31591796875,42500.56613096203,307
-6695753.820023803,6628860.469424133,60.00000000000002,6263.31591796875,42500.56613096203,307
-6695748.516722945,6628865.772724992,67.50000000000003,6264.9775390625,42500.56613096203,307
-6695743.213422086,6628871.076025851,75.0,6264.9775390625,42500.56613096203,307
-6695737.910121227,6628876.37932671,82.5,6264.9775390625,42500.56613096203,307
-6695732.606820368,6628881.682627568,90.00000000000001,6264.9775390625,42500.56613096203,307
-6695727.303519509,6628886.985928427,97.50000000000001,6265.853515625,42500.56613096203,307
-6695722.00021865,6628892.289229286,105.00000000000003,6265.853515625,42500.56613096203,307
-6695716.696917791,6628897.592530145,112.5,6265.853515625,42500.56613096203,307
-6695711.393616932,6628902.895831004,120.0,6265.853515625,42500.56613096203,307
-6695706.090316073,6628908.199131863,127.50000000000001,6265.853515625,42500.56613096203,307
-6695700.787015215,6628913.502432722,135.00000000000003,6265.853515625,42500.56613096203,307
-6695695.483714355,6628918.805733581,142.50000000000003,6265.853515625,42500.56613096203,307
-6695690.180413497,6628924.10903444,150.0,6265.853515625,42500.56613096203,307
-6695458.706535713,6628849.521679335,-150.0,6262.638671875,43006.52525156872,307
-6695464.009836571,6628854.824980194,-142.5,6262.638671875,43006.52525156872,307
-6695469.313137431,6628860.128281053,-135.0,6262.638671875,43006.52525156872,307
-6695474.616438289,6628865.431581912,-127.5,6262.638671875,43006.52525156872,307
-6695479.919739149,6628870.734882771,-120.0,6262.638671875,43006.52525156872,307
-6695485.223040007,6628876.0381836295,-112.5,6262.638671875,43006.52525156872,307
-6695490.526340866,6628881.341484489,-105.0,6262.638671875,43006.52525156872,307
-6695495.829641725,6628886.644785347,-97.49999999999999,6264.10107421875,43006.52525156872,307
-6695501.132942584,6628891.948086207,-90.0,6264.10107421875,43006.52525156872,307
-6695506.436243443,6628897.251387065,-82.5,6264.10107421875,43006.52525156872,307
-6695511.739544302,6628902.554687925,-75.0,6264.10107421875,43006.52525156872,307
-6695517.042845161,6628907.857988783,-67.5,6264.10107421875,43006.52525156872,307
-6695522.346146019,6628913.161289642,-59.999999999999986,6264.10107421875,43006.52525156872,307
-6695527.649446879,6628918.464590501,-52.5,6263.2568359375,43006.52525156872,307
-6695532.952747737,6628923.7678913595,-44.99999999999999,6263.2568359375,43006.52525156872,307
-6695538.256048596,6628929.071192219,-37.5,6263.2568359375,43006.52525156872,307
-6695543.559349455,6628934.374493077,-29.999999999999993,6263.2568359375,43006.52525156872,307
-6695548.862650314,6628939.677793937,-22.499999999999986,6263.2568359375,43006.52525156872,307
-6695554.165951173,6628944.981094795,-14.999999999999996,6263.2568359375,43006.52525156872,307
-6695559.469252032,6628950.284395655,-7.49999999999999,6263.2568359375,43006.52525156872,307
-6695564.772552891,6628955.587696513,0.0,6263.2568359375,43006.52525156872,307
-6695570.075853749,6628960.890997372,7.500000000000007,6263.2568359375,43006.52525156872,307
-6695575.379154609,6628966.194298231,15.000000000000014,6263.2568359375,43006.52525156872,307
-6695580.682455467,6628971.4975990895,22.50000000000002,6263.2568359375,43006.52525156872,307
-6695585.9857563265,6628976.800899949,30.00000000000003,6263.2568359375,43006.52525156872,307
-6695591.289057185,6628982.104200807,37.5,6263.2568359375,43006.52525156872,307
-6695596.592358044,6628987.407501667,45.00000000000001,6263.2568359375,43006.52525156872,307
-6695601.895658903,6628992.710802525,52.500000000000014,6263.2568359375,43006.52525156872,307
-6695607.198959762,6628998.014103385,60.00000000000002,6264.1259765625,43006.52525156872,307
-6695612.502260621,6629003.317404243,67.50000000000003,6264.1259765625,43006.52525156872,307
-6695617.805561479,6629008.620705102,75.0,6264.1259765625,43006.52525156872,307
-6695623.108862339,6629013.924005961,82.5,6264.1259765625,43006.52525156872,307
-6695628.412163197,6629019.2273068195,90.00000000000001,6264.1259765625,43006.52525156872,307
-6695633.7154640565,6629024.530607679,97.50000000000001,6264.1259765625,43006.52525156872,307
-6695639.018764915,6629029.833908537,105.00000000000003,6265.71630859375,43006.52525156872,307
-6695644.322065774,6629035.137209397,112.5,6265.71630859375,43006.52525156872,307
-6695649.625366633,6629040.440510255,120.0,6265.71630859375,43006.52525156872,307
-6695654.928667492,6629045.743811115,127.50000000000001,6265.71630859375,43006.52525156872,307
-6695660.231968351,6629051.047111973,135.00000000000003,6265.71630859375,43006.52525156872,307
-6695665.53526921,6629056.350412833,142.50000000000003,6265.71630859375,43006.52525156872,307
-6695670.838570069,6629061.653713691,150.0,6265.71630859375,43006.52525156872,307
-6695067.951124925,6629127.648038018,-150.0,6264.2197265625,43512.48437217541,307
-6695073.254425784,6629132.951338876,-142.5,6264.2197265625,43512.48437217541,307
-6695078.557726643,6629138.254639735,-135.0,6263.92529296875,43512.48437217541,307
-6695083.8610275015,6629143.557940594,-127.5,6263.92529296875,43512.48437217541,307
-6695089.164328361,6629148.861241453,-120.0,6263.92529296875,43512.48437217541,307
-6695094.467629219,6629154.164542312,-112.5,6263.92529296875,43512.48437217541,307
-6695099.770930079,6629159.467843171,-105.0,6263.92529296875,43512.48437217541,307
-6695105.074230937,6629164.77114403,-97.49999999999999,6263.92529296875,43512.48437217541,307
-6695110.377531797,6629170.074444889,-90.0,6263.92529296875,43512.48437217541,307
-6695115.680832655,6629175.377745748,-82.5,6263.92529296875,43512.48437217541,307
-6695120.984133514,6629180.681046607,-75.0,6263.92529296875,43512.48437217541,307
-6695126.287434373,6629185.984347465,-67.5,6263.92529296875,43512.48437217541,307
-6695131.5907352315,6629191.287648324,-59.999999999999986,6263.92529296875,43512.48437217541,307
-6695136.894036091,6629196.590949183,-52.5,6263.92529296875,43512.48437217541,307
-6695142.197336949,6629201.894250042,-44.99999999999999,6263.92529296875,43512.48437217541,307
-6695147.500637809,6629207.197550901,-37.5,6263.92529296875,43512.48437217541,307
-6695152.803938667,6629212.50085176,-29.999999999999993,6263.92529296875,43512.48437217541,307
-6695158.107239527,6629217.804152619,-22.499999999999986,6263.92529296875,43512.48437217541,307
-6695163.410540385,6629223.107453478,-14.999999999999996,6261.08544921875,43512.48437217541,307
-6695168.713841245,6629228.410754337,-7.49999999999999,6261.08544921875,43512.48437217541,307
-6695174.017142103,6629233.714055195,0.0,6261.08544921875,43512.48437217541,307
-6695179.3204429615,6629239.017356054,7.500000000000007,6261.08544921875,43512.48437217541,307
-6695184.623743821,6629244.320656913,15.000000000000014,6261.08544921875,43512.48437217541,307
-6695189.927044679,6629249.623957772,22.50000000000002,6263.44189453125,43512.48437217541,307
-6695195.230345539,6629254.927258631,30.00000000000003,6263.44189453125,43512.48437217541,307
-6695200.533646397,6629260.23055949,37.5,6263.44189453125,43512.48437217541,307
-6695205.836947257,6629265.533860349,45.00000000000001,6263.44189453125,43512.48437217541,307
-6695211.140248115,6629270.837161208,52.500000000000014,6263.44189453125,43512.48437217541,307
-6695216.443548975,6629276.140462067,60.00000000000002,6263.44189453125,43512.48437217541,307
-6695221.746849833,6629281.443762925,67.50000000000003,6263.44189453125,43512.48437217541,307
-6695227.050150692,6629286.747063784,75.0,6263.44189453125,43512.48437217541,307
-6695232.353451551,6629292.050364643,82.5,6263.44189453125,43512.48437217541,307
-6695237.656752409,6629297.353665502,90.00000000000001,6263.44189453125,43512.48437217541,307
-6695242.960053269,6629302.656966361,97.50000000000001,6263.44189453125,43512.48437217541,307
-6695248.263354127,6629307.96026722,105.00000000000003,6263.44189453125,43512.48437217541,307
-6695253.566654987,6629313.263568079,112.5,6263.44189453125,43512.48437217541,307
-6695258.869955845,6629318.566868938,120.0,6263.44189453125,43512.48437217541,307
-6695264.173256705,6629323.870169797,127.50000000000001,6263.44189453125,43512.48437217541,307
-6695269.476557563,6629329.173470655,135.00000000000003,6263.44189453125,43512.48437217541,307
-6695274.779858422,6629334.476771515,142.50000000000003,6263.43701171875,43512.48437217541,307
-6695280.083159281,6629339.780072373,150.0,6263.43701171875,43512.48437217541,307
-6694733.016711075,6629240.538204568,-150.0,6263.39404296875,44018.4434927821,307
-6694733.016711075,6629248.038204568,-142.5,6263.39404296875,44018.4434927821,307
-6694733.016711075,6629255.538204568,-135.0,6263.39404296875,44018.4434927821,307
-6694733.016711075,6629263.038204568,-127.5,6263.39404296875,44018.4434927821,307
-6694733.016711075,6629270.538204568,-120.0,6263.39404296875,44018.4434927821,307
-6694733.016711075,6629278.038204568,-112.5,6263.39404296875,44018.4434927821,307
-6694733.016711075,6629285.538204568,-105.0,6263.39404296875,44018.4434927821,307
-6694733.016711075,6629293.038204568,-97.49999999999999,6263.39404296875,44018.4434927821,307
-6694733.016711075,6629300.538204568,-90.0,6263.39404296875,44018.4434927821,307
-6694733.016711075,6629308.038204568,-82.5,6263.39404296875,44018.4434927821,307
-6694733.016711075,6629315.538204568,-75.0,6263.39404296875,44018.4434927821,307
-6694733.016711075,6629323.038204568,-67.5,6263.39404296875,44018.4434927821,307
-6694733.016711075,6629330.538204568,-59.999999999999986,6263.39404296875,44018.4434927821,307
-6694733.016711075,6629338.038204568,-52.5,6261.6484375,44018.4434927821,307
-6694733.016711075,6629345.538204568,-44.99999999999999,6261.6484375,44018.4434927821,307
-6694733.016711075,6629353.038204568,-37.5,6261.6484375,44018.4434927821,307
-6694733.016711075,6629360.538204568,-29.999999999999993,6261.6484375,44018.4434927821,307
-6694733.016711075,6629368.038204568,-22.499999999999986,6261.6484375,44018.4434927821,307
-6694733.016711075,6629375.538204568,-14.999999999999996,6261.6484375,44018.4434927821,307
-6694733.016711075,6629383.038204568,-7.49999999999999,6261.6484375,44018.4434927821,307
-6694733.016711075,6629390.538204568,0.0,6261.6484375,44018.4434927821,307
-6694733.016711075,6629398.038204568,7.500000000000007,6261.6484375,44018.4434927821,307
-6694733.016711075,6629405.538204568,15.000000000000014,6261.6484375,44018.4434927821,307
-6694733.016711075,6629413.038204568,22.50000000000002,6261.6484375,44018.4434927821,307
-6694733.016711075,6629420.538204568,30.00000000000003,6261.6484375,44018.4434927821,307
-6694733.016711075,6629428.038204568,37.5,6261.6484375,44018.4434927821,307
-6694733.016711075,6629435.538204568,45.00000000000001,6261.6484375,44018.4434927821,307
-6694733.016711075,6629443.038204568,52.500000000000014,6261.6484375,44018.4434927821,307
-6694733.016711075,6629450.538204568,60.00000000000002,6263.123046875,44018.4434927821,307
-6694733.016711075,6629458.038204568,67.50000000000003,6263.123046875,44018.4434927821,307
-6694733.016711075,6629465.538204568,75.0,6263.123046875,44018.4434927821,307
-6694733.016711075,6629473.038204568,82.5,6263.123046875,44018.4434927821,307
-6694733.016711075,6629480.538204568,90.00000000000001,6263.123046875,44018.4434927821,307
-6694733.016711075,6629488.038204568,97.50000000000001,6263.123046875,44018.4434927821,307
-6694733.016711075,6629495.538204568,105.00000000000003,6263.123046875,44018.4434927821,307
-6694733.016711075,6629503.038204568,112.5,6263.123046875,44018.4434927821,307
-6694733.016711075,6629510.538204568,120.0,6263.123046875,44018.4434927821,307
-6694733.016711075,6629518.038204568,127.50000000000001,6263.123046875,44018.4434927821,307
-6694733.016711075,6629525.538204568,135.00000000000003,6263.123046875,44018.4434927821,307
-6694733.016711075,6629533.038204568,142.50000000000003,6263.123046875,44018.4434927821,307
-6694733.016711075,6629540.538204568,150.0,6263.123046875,44018.4434927821,307
-6694187.475446544,6629444.978455878,-150.0,6264.21533203125,44524.40261338879,307
-6694192.778747402,6629450.281756736,-142.5,6262.59130859375,44524.40261338879,307
-6694198.082048262,6629455.585057596,-135.0,6262.59130859375,44524.40261338879,307
-6694203.38534912,6629460.888358454,-127.5,6262.59130859375,44524.40261338879,307
-6694208.688649979,6629466.191659314,-120.0,6262.59130859375,44524.40261338879,307
-6694213.991950838,6629471.494960172,-112.5,6262.59130859375,44524.40261338879,307
-6694219.295251697,6629476.7982610315,-105.0,6262.59130859375,44524.40261338879,307
-6694224.598552556,6629482.10156189,-97.49999999999999,6262.59130859375,44524.40261338879,307
-6694229.901853415,6629487.404862749,-90.0,6262.59130859375,44524.40261338879,307
-6694235.205154274,6629492.708163608,-82.5,6262.59130859375,44524.40261338879,307
-6694240.508455133,6629498.011464467,-75.0,6262.59130859375,44524.40261338879,307
-6694245.811755992,6629503.314765326,-67.5,6262.59130859375,44524.40261338879,307
-6694251.11505685,6629508.618066184,-59.999999999999986,6262.59130859375,44524.40261338879,307
-6694256.418357709,6629513.921367044,-52.5,6262.59130859375,44524.40261338879,307
-6694261.721658568,6629519.224667902,-44.99999999999999,6262.59130859375,44524.40261338879,307
-6694267.024959427,6629524.5279687615,-37.5,6262.59130859375,44524.40261338879,307
-6694272.328260286,6629529.83126962,-29.999999999999993,6262.59130859375,44524.40261338879,307
-6694277.631561145,6629535.134570479,-22.499999999999986,6262.59130859375,44524.40261338879,307
-6694282.934862004,6629540.437871338,-14.999999999999996,6262.59130859375,44524.40261338879,307
-6694288.238162863,6629545.741172197,-7.49999999999999,6259.43310546875,44524.40261338879,307
-6694293.541463722,6629551.044473056,0.0,6259.43310546875,44524.40261338879,307
-6694298.84476458,6629556.347773914,7.500000000000007,6259.43310546875,44524.40261338879,307
-6694304.148065439,6629561.651074774,15.000000000000014,6262.05224609375,44524.40261338879,307
-6694309.451366298,6629566.954375632,22.50000000000002,6262.05224609375,44524.40261338879,307
-6694314.754667157,6629572.2576764915,30.00000000000003,6262.05224609375,44524.40261338879,307
-6694320.057968016,6629577.56097735,37.5,6262.05224609375,44524.40261338879,307
-6694325.361268875,6629582.864278209,45.00000000000001,6262.05224609375,44524.40261338879,307
-6694330.664569734,6629588.167579068,52.500000000000014,6262.05224609375,44524.40261338879,307
-6694335.967870593,6629593.470879927,60.00000000000002,6262.05224609375,44524.40261338879,307
-6694341.271171452,6629598.774180786,67.50000000000003,6262.05224609375,44524.40261338879,307
-6694346.57447231,6629604.077481644,75.0,6262.05224609375,44524.40261338879,307
-6694351.877773169,6629609.380782504,82.5,6262.05224609375,44524.40261338879,307
-6694357.181074028,6629614.684083362,90.00000000000001,6262.05224609375,44524.40261338879,307
-6694362.484374887,6629619.9873842215,97.50000000000001,6262.05224609375,44524.40261338879,307
-6694367.787675746,6629625.29068508,105.00000000000003,6262.05224609375,44524.40261338879,307
-6694373.090976605,6629630.593985939,112.5,6262.05224609375,44524.40261338879,307
-6694378.394277464,6629635.897286798,120.0,6262.05224609375,44524.40261338879,307
-6694383.697578323,6629641.200587657,127.50000000000001,6262.05224609375,44524.40261338879,307
-6694389.000879182,6629646.503888516,135.00000000000003,6262.05224609375,44524.40261338879,307
-6694394.304180041,6629651.807189375,142.50000000000003,6262.05224609375,44524.40261338879,307
-6694399.607480899,6629657.110490234,150.0,6262.84716796875,44524.40261338879,307
-6694054.966425567,6629802.745581063,-150.0,6262.12109375,45030.36173399548,307
-6694060.269726425,6629808.048881922,-142.5,6262.18603515625,45030.36173399548,307
-6694065.573027285,6629813.352182781,-135.0,6262.18603515625,45030.36173399548,307
-6694070.876328143,6629818.65548364,-127.5,6262.18603515625,45030.36173399548,307
-6694076.179629003,6629823.958784499,-120.0,6262.18603515625,45030.36173399548,307
-6694081.482929861,6629829.262085358,-112.5,6262.18603515625,45030.36173399548,307
-6694086.786230721,6629834.565386217,-105.0,6262.18603515625,45030.36173399548,307
-6694092.089531579,6629839.868687076,-97.49999999999999,6262.18603515625,45030.36173399548,307
-6694097.392832438,6629845.171987935,-90.0,6262.18603515625,45030.36173399548,307
-6694102.696133297,6629850.475288793,-82.5,6262.18603515625,45030.36173399548,307
-6694107.999434156,6629855.778589653,-75.0,6262.18603515625,45030.36173399548,307
-6694113.302735015,6629861.081890511,-67.5,6262.18603515625,45030.36173399548,307
-6694118.606035873,6629866.38519137,-59.999999999999986,6262.18603515625,45030.36173399548,307
-6694123.909336733,6629871.688492229,-52.5,6262.18603515625,45030.36173399548,307
-6694129.212637591,6629876.991793088,-44.99999999999999,6262.18603515625,45030.36173399548,307
-6694134.515938451,6629882.295093947,-37.5,6262.18603515625,45030.36173399548,307
-6694139.819239309,6629887.598394806,-29.999999999999993,6262.18603515625,45030.36173399548,307
-6694145.122540168,6629892.901695665,-22.499999999999986,6262.18603515625,45030.36173399548,307
-6694150.425841027,6629898.204996523,-14.999999999999996,6259.62548828125,45030.36173399548,307
-6694155.729141886,6629903.508297383,-7.49999999999999,6259.62548828125,45030.36173399548,307
-6694161.032442745,6629908.811598241,0.0,6259.62548828125,45030.36173399548,307
-6694166.335743603,6629914.1148991,7.500000000000007,6259.62548828125,45030.36173399548,307
-6694171.639044463,6629919.418199959,15.000000000000014,6259.62548828125,45030.36173399548,307
-6694176.942345321,6629924.721500818,22.50000000000002,6262.65087890625,45030.36173399548,307
-6694182.245646181,6629930.024801677,30.00000000000003,6262.65087890625,45030.36173399548,307
-6694187.548947039,6629935.328102536,37.5,6262.65087890625,45030.36173399548,307
-6694192.8522478985,6629940.631403395,45.00000000000001,6262.65087890625,45030.36173399548,307
-6694198.155548757,6629945.934704253,52.500000000000014,6262.65087890625,45030.36173399548,307
-6694203.458849616,6629951.238005113,60.00000000000002,6262.65087890625,45030.36173399548,307
-6694208.762150475,6629956.541305971,67.50000000000003,6262.65087890625,45030.36173399548,307
-6694214.065451333,6629961.84460683,75.0,6262.65087890625,45030.36173399548,307
-6694219.368752193,6629967.147907689,82.5,6262.65087890625,45030.36173399548,307
-6694224.672053051,6629972.451208548,90.00000000000001,6262.65087890625,45030.36173399548,307
-6694229.975353911,6629977.754509407,97.50000000000001,6262.65087890625,45030.36173399548,307
-6694235.278654769,6629983.057810266,105.00000000000003,6262.65087890625,45030.36173399548,307
-6694240.5819556285,6629988.361111125,112.5,6262.65087890625,45030.36173399548,307
-6694245.885256487,6629993.664411983,120.0,6262.65087890625,45030.36173399548,307
-6694251.188557346,6629998.967712843,127.50000000000001,6262.65087890625,45030.36173399548,307
-6694256.491858205,6630004.271013701,135.00000000000003,6262.65087890625,45030.36173399548,307
-6694261.795159064,6630009.574314561,142.50000000000003,6262.65087890625,45030.36173399548,307
-6694267.098459923,6630014.877615419,150.0,6261.87841796875,45030.36173399548,307
-6694081.738937593,6630226.489277453,-150.0,6261.86083984375,45536.32085460217,307
-6694087.042238452,6630231.792578312,-142.5,6261.86083984375,45536.32085460217,307
-6694092.345539311,6630237.095879171,-135.0,6261.1640625,45536.32085460217,307
-6694097.64884017,6630242.3991800295,-127.5,6261.1640625,45536.32085460217,307
-6694102.952141029,6630247.702480889,-120.0,6261.1640625,45536.32085460217,307
-6694108.255441887,6630253.005781747,-112.5,6261.1640625,45536.32085460217,307
-6694113.558742747,6630258.309082607,-105.0,6261.1640625,45536.32085460217,307
-6694118.862043606,6630263.612383465,-97.49999999999999,6261.1640625,45536.32085460217,307
-6694124.165344465,6630268.915684325,-90.0,6261.1640625,45536.32085460217,307
-6694129.468645323,6630274.218985183,-82.5,6261.1640625,45536.32085460217,307
-6694134.7719461825,6630279.522286043,-75.0,6261.1640625,45536.32085460217,307
-6694140.075247042,6630284.825586901,-67.5,6261.1640625,45536.32085460217,307
-6694145.3785479,6630290.1288877595,-59.999999999999986,6261.1640625,45536.32085460217,307
-6694150.681848759,6630295.432188619,-52.5,6261.1640625,45536.32085460217,307
-6694155.985149618,6630300.735489477,-44.99999999999999,6261.1640625,45536.32085460217,307
-6694161.288450478,6630306.038790337,-37.5,6261.1640625,45536.32085460217,307
-6694166.591751336,6630311.342091195,-29.999999999999993,6261.1640625,45536.32085460217,307
-6694171.895052195,6630316.645392055,-22.499999999999986,6261.1640625,45536.32085460217,307
-6694177.198353054,6630321.948692913,-14.999999999999996,6258.25927734375,45536.32085460217,307
-6694182.501653913,6630327.251993773,-7.49999999999999,6258.25927734375,45536.32085460217,307
-6694187.804954772,6630332.555294631,0.0,6258.25927734375,45536.32085460217,307
-6694193.10825563,6630337.8585954895,7.500000000000007,6258.25927734375,45536.32085460217,307
-6694198.41155649,6630343.161896349,15.000000000000014,6258.25927734375,45536.32085460217,307
-6694203.714857349,6630348.465197207,22.50000000000002,6262.005859375,45536.32085460217,307
-6694209.018158208,6630353.768498067,30.00000000000003,6262.005859375,45536.32085460217,307
-6694214.321459066,6630359.071798925,37.5,6262.005859375,45536.32085460217,307
-6694219.6247599255,6630364.375099785,45.00000000000001,6262.005859375,45536.32085460217,307
-6694224.928060785,6630369.678400643,52.500000000000014,6262.005859375,45536.32085460217,307
-6694230.231361643,6630374.981701503,60.00000000000002,6262.005859375,45536.32085460217,307
-6694235.534662502,6630380.285002361,67.50000000000003,6262.005859375,45536.32085460217,307
-6694240.837963361,6630385.5883032195,75.0,6262.005859375,45536.32085460217,307
-6694246.141264221,6630390.891604079,82.5,6262.005859375,45536.32085460217,307
-6694251.444565079,6630396.194904937,90.00000000000001,6262.005859375,45536.32085460217,307
-6694256.747865938,6630401.498205797,97.50000000000001,6262.005859375,45536.32085460217,307
-6694262.051166797,6630406.801506655,105.00000000000003,6262.005859375,45536.32085460217,307
-6694267.354467656,6630412.104807515,112.5,6262.005859375,45536.32085460217,307
-6694272.657768515,6630417.408108373,120.0,6262.005859375,45536.32085460217,307
-6694277.961069373,6630422.711409233,127.50000000000001,6262.005859375,45536.32085460217,307
-6694283.264370233,6630428.014710091,135.00000000000003,6262.005859375,45536.32085460217,307
-6694288.567671092,6630433.31801095,142.50000000000003,6263.533203125,45536.32085460217,307
-6694293.870971951,6630438.621311809,150.0,6263.533203125,45536.32085460217,307
-6693853.531523792,6630762.185860941,-150.0,6261.27978515625,46042.27997520886,307
-6693861.031523792,6630762.185860941,-142.5,6261.27978515625,46042.27997520886,307
-6693868.531523792,6630762.185860941,-135.0,6261.27978515625,46042.27997520886,307
-6693876.031523792,6630762.185860941,-127.5,6261.27978515625,46042.27997520886,307
-6693883.531523792,6630762.185860941,-120.0,6261.27978515625,46042.27997520886,307
-6693891.031523792,6630762.185860941,-112.5,6261.27978515625,46042.27997520886,307
-6693898.531523792,6630762.185860941,-105.0,6261.27978515625,46042.27997520886,307
-6693906.031523792,6630762.185860941,-97.49999999999999,6261.27978515625,46042.27997520886,307
-6693913.531523792,6630762.185860941,-90.0,6261.27978515625,46042.27997520886,307
-6693921.031523792,6630762.185860941,-82.5,6261.27978515625,46042.27997520886,307
-6693928.531523792,6630762.185860941,-75.0,6261.27978515625,46042.27997520886,307
-6693936.031523792,6630762.185860941,-67.5,6261.27978515625,46042.27997520886,307
-6693943.531523792,6630762.185860941,-59.999999999999986,6261.27978515625,46042.27997520886,307
-6693951.031523792,6630762.185860941,-52.5,6260.12451171875,46042.27997520886,307
-6693958.531523792,6630762.185860941,-44.99999999999999,6260.12451171875,46042.27997520886,307
-6693966.031523792,6630762.185860941,-37.5,6260.12451171875,46042.27997520886,307
-6693973.531523792,6630762.185860941,-29.999999999999993,6260.12451171875,46042.27997520886,307
-6693981.031523792,6630762.185860941,-22.499999999999986,6260.12451171875,46042.27997520886,307
-6693988.531523792,6630762.185860941,-14.999999999999996,6260.12451171875,46042.27997520886,307
-6693996.031523792,6630762.185860941,-7.49999999999999,6260.12451171875,46042.27997520886,307
-6694003.531523792,6630762.185860941,0.0,6260.12451171875,46042.27997520886,307
-6694011.031523792,6630762.185860941,7.500000000000007,6260.12451171875,46042.27997520886,307
-6694018.531523792,6630762.185860941,15.000000000000014,6260.12451171875,46042.27997520886,307
-6694026.031523792,6630762.185860941,22.50000000000002,6260.12451171875,46042.27997520886,307
-6694033.531523792,6630762.185860941,30.00000000000003,6260.12451171875,46042.27997520886,307
-6694041.031523792,6630762.185860941,37.5,6260.12451171875,46042.27997520886,307
-6694048.531523792,6630762.185860941,45.00000000000001,6260.12451171875,46042.27997520886,307
-6694056.031523792,6630762.185860941,52.500000000000014,6260.12451171875,46042.27997520886,307
-6694063.531523792,6630762.185860941,60.00000000000002,6260.18505859375,46042.27997520886,307
-6694071.031523792,6630762.185860941,67.50000000000003,6260.18505859375,46042.27997520886,307
-6694078.531523792,6630762.185860941,75.0,6260.18505859375,46042.27997520886,307
-6694086.031523792,6630762.185860941,82.5,6260.18505859375,46042.27997520886,307
-6694093.531523792,6630762.185860941,90.00000000000001,6260.18505859375,46042.27997520886,307
-6694101.031523792,6630762.185860941,97.50000000000001,6260.18505859375,46042.27997520886,307
-6694108.531523792,6630762.185860941,105.00000000000003,6260.18505859375,46042.27997520886,307
-6694116.031523792,6630762.185860941,112.5,6260.18505859375,46042.27997520886,307
-6694123.531523792,6630762.185860941,120.0,6260.18505859375,46042.27997520886,307
-6694131.031523792,6630762.185860941,127.50000000000001,6260.18505859375,46042.27997520886,307
-6694138.531523792,6630762.185860941,135.00000000000003,6260.18505859375,46042.27997520886,307
-6694146.031523792,6630762.185860941,142.50000000000003,6260.18505859375,46042.27997520886,307
-6694153.531523792,6630762.185860941,150.0,6260.18505859375,46042.27997520886,307
-6693539.150415525,6630881.706851627,-150.0,6259.6494140625,46548.23909581555,307
-6693544.453716383,6630887.010152485,-142.5,6259.6494140625,46548.23909581555,307
-6693549.757017243,6630892.313453345,-135.0,6259.6494140625,46548.23909581555,307
-6693555.060318101,6630897.616754203,-127.5,6259.6494140625,46548.23909581555,307
-6693560.363618961,6630902.9200550625,-120.0,6259.6494140625,46548.23909581555,307
-6693565.666919819,6630908.223355921,-112.5,6259.6494140625,46548.23909581555,307
-6693570.9702206785,6630913.52665678,-105.0,6259.5859375,46548.23909581555,307
-6693576.273521537,6630918.829957639,-97.49999999999999,6259.5859375,46548.23909581555,307
-6693581.576822396,6630924.133258498,-90.0,6259.5859375,46548.23909581555,307
-6693586.880123255,6630929.436559357,-82.5,6259.5859375,46548.23909581555,307
-6693592.183424113,6630934.739860216,-75.0,6259.5859375,46548.23909581555,307
-6693597.486724973,6630940.043161075,-67.5,6259.5859375,46548.23909581555,307
-6693602.790025831,6630945.346461933,-59.999999999999986,6259.5859375,46548.23909581555,307
-6693608.093326691,6630950.6497627925,-52.5,6259.5859375,46548.23909581555,307
-6693613.396627549,6630955.953063651,-44.99999999999999,6256.98388671875,46548.23909581555,307
-6693618.6999284085,6630961.25636451,-37.5,6256.98388671875,46548.23909581555,307
-6693624.003229267,6630966.559665369,-29.999999999999993,6256.98388671875,46548.23909581555,307
-6693629.306530126,6630971.862966228,-22.499999999999986,6256.98388671875,46548.23909581555,307
-6693634.609830985,6630977.166267087,-14.999999999999996,6256.98388671875,46548.23909581555,307
-6693639.913131844,6630982.469567946,-7.49999999999999,6256.98388671875,46548.23909581555,307
-6693645.216432703,6630987.772868805,0.0,6256.98388671875,46548.23909581555,307
-6693650.519733561,6630993.076169663,7.500000000000007,6256.98388671875,46548.23909581555,307
-6693655.823034421,6630998.3794705225,15.000000000000014,6256.98388671875,46548.23909581555,307
-6693661.126335279,6631003.682771381,22.50000000000002,6256.98388671875,46548.23909581555,307
-6693666.4296361385,6631008.98607224,30.00000000000003,6256.98388671875,46548.23909581555,307
-6693671.732936997,6631014.289373099,37.5,6256.98388671875,46548.23909581555,307
-6693677.036237856,6631019.592673958,45.00000000000001,6256.98388671875,46548.23909581555,307
-6693682.339538715,6631024.895974817,52.500000000000014,6259.5712890625,46548.23909581555,307
-6693687.642839574,6631030.199275676,60.00000000000002,6259.5712890625,46548.23909581555,307
-6693692.946140433,6631035.502576535,67.50000000000003,6259.5712890625,46548.23909581555,307
-6693698.249441292,6631040.805877393,75.0,6259.5712890625,46548.23909581555,307
-6693703.552742151,6631046.1091782525,82.5,6259.5712890625,46548.23909581555,307
-6693708.856043009,6631051.412479111,90.00000000000001,6259.5712890625,46548.23909581555,307
-6693714.1593438685,6631056.71577997,97.50000000000001,6259.5712890625,46548.23909581555,307
-6693719.462644727,6631062.019080829,105.00000000000003,6259.5712890625,46548.23909581555,307
-6693724.765945586,6631067.322381688,112.5,6259.64599609375,46548.23909581555,307
-6693730.069246445,6631072.625682547,120.0,6259.64599609375,46548.23909581555,307
-6693735.372547304,6631077.928983406,127.50000000000001,6259.64599609375,46548.23909581555,307
-6693740.675848163,6631083.232284265,135.00000000000003,6259.64599609375,46548.23909581555,307
-6693745.979149022,6631088.535585124,142.50000000000003,6259.64599609375,46548.23909581555,307
-6693751.282449881,6631093.8388859825,150.0,6259.64599609375,46548.23909581555,307
-6693340.664823344,6631305.450548016,-150.0,6258.32861328125,47054.19821642224,307
-6693345.968124202,6631310.753848875,-142.5,6258.32861328125,47054.19821642224,307
-6693351.271425062,6631316.057149733,-135.0,6258.32861328125,47054.19821642224,307
-6693356.57472592,6631321.360450592,-127.5,6258.32861328125,47054.19821642224,307
-6693361.87802678,6631326.663751451,-120.0,6258.32861328125,47054.19821642224,307
-6693367.181327638,6631331.967052311,-112.5,6258.32861328125,47054.19821642224,307
-6693372.484628498,6631337.270353169,-105.0,6258.32861328125,47054.19821642224,307
-6693377.787929356,6631342.573654028,-97.49999999999999,6258.32861328125,47054.19821642224,307
-6693383.0912302155,6631347.876954887,-90.0,6258.32861328125,47054.19821642224,307
-6693388.394531074,6631353.1802557465,-82.5,6258.34130859375,47054.19821642224,307
-6693393.697831932,6631358.483556605,-75.0,6258.34130859375,47054.19821642224,307
-6693399.001132792,6631363.786857463,-67.5,6255.5,47054.19821642224,307
-6693404.30443365,6631369.090158323,-59.999999999999986,6255.5,47054.19821642224,307
-6693409.60773451,6631374.393459182,-52.5,6255.5,47054.19821642224,307
-6693414.911035368,6631379.696760041,-44.99999999999999,6255.5,47054.19821642224,307
-6693420.214336228,6631385.000060899,-37.5,6255.5,47054.19821642224,307
-6693425.517637086,6631390.303361759,-29.999999999999993,6255.5,47054.19821642224,307
-6693430.8209379455,6631395.606662618,-22.499999999999986,6255.5,47054.19821642224,307
-6693436.124238804,6631400.9099634765,-14.999999999999996,6255.5,47054.19821642224,307
-6693441.427539663,6631406.213264335,-7.49999999999999,6255.5,47054.19821642224,307
-6693446.730840522,6631411.516565194,0.0,6255.5,47054.19821642224,307
-6693452.03414138,6631416.819866054,7.500000000000007,6255.5,47054.19821642224,307
-6693457.33744224,6631422.123166912,15.000000000000014,6255.5,47054.19821642224,307
-6693462.640743098,6631427.426467771,22.50000000000002,6255.5,47054.19821642224,307
-6693467.944043958,6631432.72976863,30.00000000000003,6255.5,47054.19821642224,307
-6693473.247344816,6631438.0330694895,37.5,6255.5,47054.19821642224,307
-6693478.5506456755,6631443.336370348,45.00000000000001,6255.5,47054.19821642224,307
-6693483.853946534,6631448.6396712065,52.500000000000014,6255.5,47054.19821642224,307
-6693489.157247393,6631453.942972066,60.00000000000002,6255.5,47054.19821642224,307
-6693494.460548252,6631459.246272925,67.50000000000003,6255.5,47054.19821642224,307
-6693499.763849111,6631464.549573784,75.0,6258.95068359375,47054.19821642224,307
-6693505.06714997,6631469.852874642,82.5,6258.95068359375,47054.19821642224,307
-6693510.370450828,6631475.156175502,90.00000000000001,6259.900390625,47054.19821642224,307
-6693515.673751688,6631480.459476361,97.50000000000001,6259.900390625,47054.19821642224,307
-6693520.977052546,6631485.7627772195,105.00000000000003,6259.900390625,47054.19821642224,307
-6693526.2803534055,6631491.066078078,112.5,6259.900390625,47054.19821642224,307
-6693531.583654264,6631496.369378937,120.0,6259.900390625,47054.19821642224,307
-6693536.886955123,6631501.672679797,127.50000000000001,6259.900390625,47054.19821642224,307
-6693542.190255982,6631506.975980655,135.00000000000003,6259.900390625,47054.19821642224,307
-6693547.493556841,6631512.279281514,142.50000000000003,6259.900390625,47054.19821642224,307
-6693552.7968577,6631517.582582373,150.0,6259.900390625,47054.19821642224,307
-6692949.909412557,6631583.576906699,-150.0,6258.5458984375,47560.15733702893,307
-6692955.212713416,6631588.880207557,-142.5,6258.3408203125,47560.15733702893,307
-6692960.516014275,6631594.183508417,-135.0,6258.3408203125,47560.15733702893,307
-6692965.819315134,6631599.486809275,-127.5,6258.3408203125,47560.15733702893,307
-6692971.122615993,6631604.7901101345,-120.0,6258.3408203125,47560.15733702893,307
-6692976.4259168515,6631610.093410993,-112.5,6258.3408203125,47560.15733702893,307
-6692981.729217711,6631615.396711852,-105.0,6258.3408203125,47560.15733702893,307
-6692987.032518569,6631620.700012711,-97.49999999999999,6258.3408203125,47560.15733702893,307
-6692992.335819429,6631626.00331357,-90.0,6258.3408203125,47560.15733702893,307
-6692997.639120287,6631631.306614429,-82.5,6258.3408203125,47560.15733702893,307
-6693002.942421146,6631636.609915288,-75.0,6258.3408203125,47560.15733702893,307
-6693008.245722005,6631641.913216147,-67.5,6258.3408203125,47560.15733702893,307
-6693013.549022864,6631647.216517005,-59.999999999999986,6258.3408203125,47560.15733702893,307
-6693018.852323723,6631652.5198178645,-52.5,6258.3408203125,47560.15733702893,307
-6693024.1556245815,6631657.823118723,-44.99999999999999,6258.3408203125,47560.15733702893,307
-6693029.458925441,6631663.126419582,-37.5,6258.3408203125,47560.15733702893,307
-6693034.762226299,6631668.429720441,-29.999999999999993,6258.3408203125,47560.15733702893,307
-6693040.065527159,6631673.7330213,-22.499999999999986,6258.3408203125,47560.15733702893,307
-6693045.368828017,6631679.036322159,-14.999999999999996,6258.3408203125,47560.15733702893,307
-6693050.672128877,6631684.339623018,-7.49999999999999,6254.1826171875,47560.15733702893,307
-6693055.975429735,6631689.642923877,0.0,6254.1826171875,47560.15733702893,307
-6693061.278730594,6631694.946224735,7.500000000000007,6254.1826171875,47560.15733702893,307
-6693066.582031453,6631700.2495255945,15.000000000000014,6256.9326171875,47560.15733702893,307
-6693071.8853323115,6631705.552826453,22.50000000000002,6256.9326171875,47560.15733702893,307
-6693077.188633171,6631710.856127312,30.00000000000003,6256.9326171875,47560.15733702893,307
-6693082.491934029,6631716.159428171,37.5,6256.9326171875,47560.15733702893,307
-6693087.795234889,6631721.46272903,45.00000000000001,6256.9326171875,47560.15733702893,307
-6693093.098535747,6631726.766029889,52.500000000000014,6256.9326171875,47560.15733702893,307
-6693098.401836607,6631732.069330748,60.00000000000002,6256.9326171875,47560.15733702893,307
-6693103.705137465,6631737.372631607,67.50000000000003,6256.9326171875,47560.15733702893,307
-6693109.008438325,6631742.675932465,75.0,6256.9326171875,47560.15733702893,307
-6693114.311739183,6631747.9792333245,82.5,6256.9326171875,47560.15733702893,307
-6693119.6150400415,6631753.282534183,90.00000000000001,6256.9326171875,47560.15733702893,307
-6693124.918340901,6631758.585835042,97.50000000000001,6256.9326171875,47560.15733702893,307
-6693130.221641759,6631763.889135901,105.00000000000003,6256.9326171875,47560.15733702893,307
-6693135.524942619,6631769.19243676,112.5,6256.9326171875,47560.15733702893,307
-6693140.828243477,6631774.495737619,120.0,6256.9326171875,47560.15733702893,307
-6693146.131544337,6631779.799038478,127.50000000000001,6256.9326171875,47560.15733702893,307
-6693151.434845195,6631785.102339337,135.00000000000003,6256.9326171875,47560.15733702893,307
-6693156.738146055,6631790.405640196,142.50000000000003,6256.9326171875,47560.15733702893,307
-6693162.041446913,6631795.7089410545,150.0,6258.42919921875,47560.15733702893,307
-6692670.703013748,6631831.0064029675,-150.0,6256.96337890625,48066.116457635624,307
-6692670.703013748,6631838.5064029675,-142.5,6256.96337890625,48066.116457635624,307
-6692670.703013748,6631846.0064029675,-135.0,6256.96337890625,48066.116457635624,307
-6692670.703013748,6631853.5064029675,-127.5,6256.96337890625,48066.116457635624,307
-6692670.703013748,6631861.0064029675,-120.0,6256.96337890625,48066.116457635624,307
-6692670.703013748,6631868.5064029675,-112.5,6256.96337890625,48066.116457635624,307
-6692670.703013748,6631876.0064029675,-105.0,6256.96337890625,48066.116457635624,307
-6692670.703013748,6631883.5064029675,-97.49999999999999,6256.96337890625,48066.116457635624,307
-6692670.703013748,6631891.0064029675,-90.0,6256.96337890625,48066.116457635624,307
-6692670.703013748,6631898.5064029675,-82.5,6256.96337890625,48066.116457635624,307
-6692670.703013748,6631906.0064029675,-75.0,6256.96337890625,48066.116457635624,307
-6692670.703013748,6631913.5064029675,-67.5,6256.96337890625,48066.116457635624,307
-6692670.703013748,6631921.0064029675,-59.999999999999986,6256.96337890625,48066.116457635624,307
-6692670.703013748,6631928.5064029675,-52.5,6255.62939453125,48066.116457635624,307
-6692670.703013748,6631936.0064029675,-44.99999999999999,6255.62939453125,48066.116457635624,307
-6692670.703013748,6631943.5064029675,-37.5,6255.62939453125,48066.116457635624,307
-6692670.703013748,6631951.0064029675,-29.999999999999993,6255.62939453125,48066.116457635624,307
-6692670.703013748,6631958.5064029675,-22.499999999999986,6255.62939453125,48066.116457635624,307
-6692670.703013748,6631966.0064029675,-14.999999999999996,6255.62939453125,48066.116457635624,307
-6692670.703013748,6631973.5064029675,-7.49999999999999,6255.62939453125,48066.116457635624,307
-6692670.703013748,6631981.0064029675,0.0,6255.62939453125,48066.116457635624,307
-6692670.703013748,6631988.5064029675,7.500000000000007,6255.62939453125,48066.116457635624,307
-6692670.703013748,6631996.0064029675,15.000000000000014,6255.62939453125,48066.116457635624,307
-6692670.703013748,6632003.5064029675,22.50000000000002,6255.62939453125,48066.116457635624,307
-6692670.703013748,6632011.0064029675,30.00000000000003,6255.62939453125,48066.116457635624,307
-6692670.703013748,6632018.5064029675,37.5,6255.62939453125,48066.116457635624,307
-6692670.703013748,6632026.0064029675,45.00000000000001,6255.62939453125,48066.116457635624,307
-6692670.703013748,6632033.5064029675,52.500000000000014,6255.62939453125,48066.116457635624,307
-6692670.703013748,6632041.0064029675,60.00000000000002,6254.90966796875,48066.116457635624,307
-6692670.703013748,6632048.5064029675,67.50000000000003,6254.90966796875,48066.116457635624,307
-6692670.703013748,6632056.0064029675,75.0,6254.90966796875,48066.116457635624,307
-6692670.703013748,6632063.5064029675,82.5,6254.90966796875,48066.116457635624,307
-6692670.703013748,6632071.0064029675,90.00000000000001,6254.90966796875,48066.116457635624,307
-6692670.703013748,6632078.5064029675,97.50000000000001,6254.90966796875,48066.116457635624,307
-6692670.703013748,6632086.0064029675,105.00000000000003,6254.90966796875,48066.116457635624,307
-6692670.703013748,6632093.5064029675,112.5,6254.90966796875,48066.116457635624,307
-6692670.703013748,6632101.0064029675,120.0,6254.90966796875,48066.116457635624,307
-6692670.703013748,6632108.5064029675,127.50000000000001,6254.90966796875,48066.116457635624,307
-6692670.703013748,6632116.0064029675,135.00000000000003,6254.90966796875,48066.116457635624,307
-6692670.703013748,6632123.5064029675,142.50000000000003,6254.90966796875,48066.116457635624,307
-6692670.703013748,6632131.0064029675,150.0,6254.90966796875,48066.116457635624,307
-6692506.285747295,6632252.45867617,-150.0,6257.67578125,48572.07557824232,307
-6692511.589048154,6632257.761977028,-142.5,6257.67578125,48572.07557824232,307
-6692516.892349013,6632263.0652778875,-135.0,6257.20458984375,48572.07557824232,307
-6692522.195649872,6632268.368578746,-127.5,6257.20458984375,48572.07557824232,307
-6692527.498950731,6632273.671879605,-120.0,6257.20458984375,48572.07557824232,307
-6692532.8022515895,6632278.975180464,-112.5,6257.20458984375,48572.07557824232,307
-6692538.105552449,6632284.278481323,-105.0,6257.20458984375,48572.07557824232,307
-6692543.408853307,6632289.581782182,-97.49999999999999,6257.20458984375,48572.07557824232,307
-6692548.712154167,6632294.885083041,-90.0,6257.20458984375,48572.07557824232,307
-6692554.015455025,6632300.1883839,-82.5,6257.20458984375,48572.07557824232,307
-6692559.318755884,6632305.491684759,-75.0,6257.20458984375,48572.07557824232,307
-6692564.622056743,6632310.7949856175,-67.5,6257.20458984375,48572.07557824232,307
-6692569.925357602,6632316.098286476,-59.999999999999986,6257.20458984375,48572.07557824232,307
-6692575.228658461,6632321.401587335,-52.5,6257.20458984375,48572.07557824232,307
-6692580.5319593195,6632326.704888194,-44.99999999999999,6257.20458984375,48572.07557824232,307
-6692585.835260179,6632332.008189053,-37.5,6257.20458984375,48572.07557824232,307
-6692591.138561037,6632337.311489912,-29.999999999999993,6257.20458984375,48572.07557824232,307
-6692596.441861897,6632342.614790771,-22.499999999999986,6256.23193359375,48572.07557824232,307
-6692601.745162755,6632347.91809163,-14.999999999999996,6256.23193359375,48572.07557824232,307
-6692607.048463615,6632353.221392489,-7.49999999999999,6256.23193359375,48572.07557824232,307
-6692612.351764473,6632358.5246933475,0.0,6256.23193359375,48572.07557824232,307
-6692617.655065332,6632363.827994206,7.500000000000007,6256.23193359375,48572.07557824232,307
-6692622.958366191,6632369.131295065,15.000000000000014,6256.23193359375,48572.07557824232,307
-6692628.2616670495,6632374.434595924,22.50000000000002,6256.23193359375,48572.07557824232,307
-6692633.564967909,6632379.737896783,30.00000000000003,6256.55224609375,48572.07557824232,307
-6692638.868268767,6632385.041197642,37.5,6256.55224609375,48572.07557824232,307
-6692644.171569627,6632390.344498501,45.00000000000001,6256.55224609375,48572.07557824232,307
-6692649.474870485,6632395.64779936,52.500000000000014,6256.55224609375,48572.07557824232,307
-6692654.778171345,6632400.951100219,60.00000000000002,6256.55224609375,48572.07557824232,307
-6692660.081472203,6632406.2544010775,67.50000000000003,6256.55224609375,48572.07557824232,307
-6692665.384773063,6632411.557701936,75.0,6256.55224609375,48572.07557824232,307
-6692670.688073921,6632416.861002795,82.5,6256.55224609375,48572.07557824232,307
-6692675.9913747795,6632422.164303654,90.00000000000001,6256.55224609375,48572.07557824232,307
-6692681.294675639,6632427.467604513,97.50000000000001,6256.55224609375,48572.07557824232,307
-6692686.597976497,6632432.770905372,105.00000000000003,6256.55224609375,48572.07557824232,307
-6692691.901277357,6632438.074206231,112.5,6256.55224609375,48572.07557824232,307
-6692697.204578215,6632443.37750709,120.0,6256.55224609375,48572.07557824232,307
-6692702.507879075,6632448.680807949,127.50000000000001,6256.55224609375,48572.07557824232,307
-6692707.811179933,6632453.9841088075,135.00000000000003,6256.55224609375,48572.07557824232,307
-6692713.114480793,6632459.287409667,142.50000000000003,6256.93994140625,48572.07557824232,307
-6692718.417781651,6632464.590710525,150.0,6256.93994140625,48572.07557824232,307
-6692307.800155114,6632676.202372558,-150.0,6257.02490234375,49078.03469884901,307
-6692313.103455973,6632681.505673418,-142.5,6257.02490234375,49078.03469884901,307
-6692318.406756832,6632686.808974276,-135.0,6257.02490234375,49078.03469884901,307
-6692323.710057691,6632692.112275135,-127.5,6257.02490234375,49078.03469884901,307
-6692329.01335855,6632697.415575994,-120.0,6257.02490234375,49078.03469884901,307
-6692334.316659409,6632702.718876854,-112.5,6257.02490234375,49078.03469884901,307
-6692339.619960268,6632708.022177712,-105.0,6257.02490234375,49078.03469884901,307
-6692344.9232611265,6632713.325478571,-97.49999999999999,6254.02001953125,49078.03469884901,307
-6692350.226561986,6632718.62877943,-90.0,6254.02001953125,49078.03469884901,307
-6692355.529862844,6632723.932080289,-82.5,6254.02001953125,49078.03469884901,307
-6692360.833163703,6632729.235381148,-75.0,6254.02001953125,49078.03469884901,307
-6692366.136464562,6632734.538682006,-67.5,6254.02001953125,49078.03469884901,307
-6692371.439765421,6632739.841982866,-59.999999999999986,6254.62890625,49078.03469884901,307
-6692376.74306628,6632745.145283725,-52.5,6254.62890625,49078.03469884901,307
-6692382.046367139,6632750.448584584,-44.99999999999999,6254.62890625,49078.03469884901,307
-6692387.349667998,6632755.751885442,-37.5,6254.62890625,49078.03469884901,307
-6692392.6529688565,6632761.0551863015,-29.999999999999993,6254.62890625,49078.03469884901,307
-6692397.956269716,6632766.358487161,-22.499999999999986,6254.62890625,49078.03469884901,307
-6692403.259570574,6632771.661788019,-14.999999999999996,6254.62890625,49078.03469884901,307
-6692408.562871434,6632776.965088878,-7.49999999999999,6254.62890625,49078.03469884901,307
-6692413.866172292,6632782.268389737,0.0,6254.62890625,49078.03469884901,307
-6692419.169473151,6632787.571690597,7.500000000000007,6254.62890625,49078.03469884901,307
-6692424.47277401,6632792.874991455,15.000000000000014,6254.62890625,49078.03469884901,307
-6692429.776074869,6632798.178292314,22.50000000000002,6254.62890625,49078.03469884901,307
-6692435.079375728,6632803.481593173,30.00000000000003,6254.62890625,49078.03469884901,307
-6692440.3826765865,6632808.784894032,37.5,6254.62890625,49078.03469884901,307
-6692445.685977446,6632814.088194891,45.00000000000001,6254.62890625,49078.03469884901,307
-6692450.989278304,6632819.391495749,52.500000000000014,6254.62890625,49078.03469884901,307
-6692456.292579164,6632824.694796609,60.00000000000002,6254.62890625,49078.03469884901,307
-6692461.595880022,6632829.998097468,67.50000000000003,6256.31689453125,49078.03469884901,307
-6692466.899180882,6632835.301398327,75.0,6256.31689453125,49078.03469884901,307
-6692472.20248174,6632840.604699185,82.5,6256.31689453125,49078.03469884901,307
-6692477.505782599,6632845.9080000445,90.00000000000001,6256.31689453125,49078.03469884901,307
-6692482.809083458,6632851.211300904,97.50000000000001,6256.31689453125,49078.03469884901,307
-6692488.1123843165,6632856.514601762,105.00000000000003,6255.99169921875,49078.03469884901,307
-6692493.415685176,6632861.817902621,112.5,6255.99169921875,49078.03469884901,307
-6692498.718986034,6632867.12120348,120.0,6255.99169921875,49078.03469884901,307
-6692504.022286894,6632872.42450434,127.50000000000001,6255.99169921875,49078.03469884901,307
-6692509.325587752,6632877.727805198,135.00000000000003,6255.99169921875,49078.03469884901,307
-6692514.628888612,6632883.031106057,142.50000000000003,6255.99169921875,49078.03469884901,307
-6692519.93218947,6632888.334406916,150.0,6255.99169921875,49078.03469884901,307
-6692161.127549459,6633279.089817702,-150.0,6254.46142578125,49583.9938194557,307
-6692166.430850318,6633273.786516843,-142.5,6253.81884765625,49583.9938194557,307
-6692171.734151177,6633268.483215984,-135.0,6253.81884765625,49583.9938194557,307
-6692177.037452036,6633263.1799151255,-127.5,6253.81884765625,49583.9938194557,307
-6692182.340752895,6633257.876614266,-120.0,6253.81884765625,49583.9938194557,307
-6692187.644053753,6633252.573313408,-112.5,6253.81884765625,49583.9938194557,307
-6692192.947354613,6633247.270012548,-105.0,6253.81884765625,49583.9938194557,307
-6692198.250655471,6633241.96671169,-97.49999999999999,6253.81884765625,49583.9938194557,307
-6692203.553956331,6633236.66341083,-90.0,6253.81884765625,49583.9938194557,307
-6692208.857257189,6633231.360109972,-82.5,6253.81884765625,49583.9938194557,307
-6692214.160558049,6633226.056809112,-75.0,6253.81884765625,49583.9938194557,307
-6692219.463858907,6633220.753508254,-67.5,6253.81884765625,49583.9938194557,307
-6692224.767159766,6633215.4502073955,-59.999999999999986,6253.81884765625,49583.9938194557,307
-6692230.070460625,6633210.146906536,-52.5,6253.81884765625,49583.9938194557,307
-6692235.3737614835,6633204.843605678,-44.99999999999999,6253.81884765625,49583.9938194557,307
-6692240.677062343,6633199.540304818,-37.5,6253.81884765625,49583.9938194557,307
-6692245.980363201,6633194.23700396,-29.999999999999993,6253.81884765625,49583.9938194557,307
-6692251.283664061,6633188.9337031,-22.499999999999986,6253.81884765625,49583.9938194557,307
-6692256.586964919,6633183.630402242,-14.999999999999996,6253.81884765625,49583.9938194557,307
-6692261.890265779,6633178.327101382,-7.49999999999999,6252.08447265625,49583.9938194557,307
-6692267.193566637,6633173.023800524,0.0,6252.08447265625,49583.9938194557,307
-6692272.496867496,6633167.7204996655,7.500000000000007,6252.08447265625,49583.9938194557,307
-6692277.800168355,6633162.417198806,15.000000000000014,6251.263671875,49583.9938194557,307
-6692283.1034692135,6633157.113897948,22.50000000000002,6251.263671875,49583.9938194557,307
-6692288.406770073,6633151.810597088,30.00000000000003,6251.263671875,49583.9938194557,307
-6692293.710070931,6633146.50729623,37.5,6251.263671875,49583.9938194557,307
-6692299.013371791,6633141.20399537,45.00000000000001,6251.263671875,49583.9938194557,307
-6692304.316672649,6633135.900694512,52.500000000000014,6251.263671875,49583.9938194557,307
-6692309.619973509,6633130.597393652,60.00000000000002,6251.263671875,49583.9938194557,307
-6692314.923274367,6633125.294092794,67.50000000000003,6251.263671875,49583.9938194557,307
-6692320.226575226,6633119.9907919355,75.0,6251.263671875,49583.9938194557,307
-6692325.529876085,6633114.687491076,82.5,6251.263671875,49583.9938194557,307
-6692330.8331769435,6633109.384190218,90.00000000000001,6251.263671875,49583.9938194557,307
-6692336.136477803,6633104.080889358,97.50000000000001,6251.263671875,49583.9938194557,307
-6692341.439778661,6633098.7775885,105.00000000000003,6251.263671875,49583.9938194557,307
-6692346.743079521,6633093.47428764,112.5,6251.263671875,49583.9938194557,307
-6692352.046380379,6633088.170986782,120.0,6251.263671875,49583.9938194557,307
-6692357.349681239,6633082.867685922,127.50000000000001,6251.263671875,49583.9938194557,307
-6692362.652982097,6633077.564385064,135.00000000000003,6251.263671875,49583.9938194557,307
-6692367.9562829565,6633072.261084205,142.50000000000003,6251.263671875,49583.9938194557,307
-6692373.259583815,6633066.957783346,150.0,6252.01318359375,49583.9938194557,307
-6692202.063646167,6633457.713194132,-150.0,6255.12060546875,50089.952940062394,307
-6692207.366947025,6633463.016494991,-142.5,6255.12060546875,50089.952940062394,307
-6692212.6702478845,6633468.31979585,-135.0,6255.12060546875,50089.952940062394,307
-6692217.973548743,6633473.623096708,-127.5,6255.12060546875,50089.952940062394,307
-6692223.276849602,6633478.926397568,-120.0,6255.12060546875,50089.952940062394,307
-6692228.580150461,6633484.229698427,-112.5,6255.12060546875,50089.952940062394,307
-6692233.88345132,6633489.5329992855,-105.0,6255.12060546875,50089.952940062394,307
-6692239.186752179,6633494.836300144,-97.49999999999999,6255.12060546875,50089.952940062394,307
-6692244.490053038,6633500.139601003,-90.0,6255.12060546875,50089.952940062394,307
-6692249.793353897,6633505.442901863,-82.5,6253.9482421875,50089.952940062394,307
-6692255.096654756,6633510.746202721,-75.0,6253.9482421875,50089.952940062394,307
-6692260.3999556145,6633516.04950358,-67.5,6252.2060546875,50089.952940062394,307
-6692265.703256473,6633521.352804439,-59.999999999999986,6252.2060546875,50089.952940062394,307
-6692271.006557332,6633526.656105299,-52.5,6252.2060546875,50089.952940062394,307
-6692276.309858191,6633531.959406157,-44.99999999999999,6252.2060546875,50089.952940062394,307
-6692281.61315905,6633537.2627070155,-37.5,6252.2060546875,50089.952940062394,307
-6692286.916459909,6633542.566007875,-29.999999999999993,6252.2060546875,50089.952940062394,307
-6692292.219760768,6633547.869308734,-22.499999999999986,6252.2060546875,50089.952940062394,307
-6692297.523061627,6633553.172609593,-14.999999999999996,6252.2060546875,50089.952940062394,307
-6692302.826362486,6633558.475910451,-7.49999999999999,6252.2060546875,50089.952940062394,307
-6692308.1296633445,6633563.779211311,0.0,6252.2060546875,50089.952940062394,307
-6692313.432964203,6633569.08251217,7.500000000000007,6252.2060546875,50089.952940062394,307
-6692318.736265062,6633574.385813029,15.000000000000014,6252.2060546875,50089.952940062394,307
-6692324.039565921,6633579.689113887,22.50000000000002,6252.2060546875,50089.952940062394,307
-6692329.34286678,6633584.992414746,30.00000000000003,6252.2060546875,50089.952940062394,307
-6692334.646167639,6633590.295715606,37.5,6252.2060546875,50089.952940062394,307
-6692339.949468498,6633595.599016464,45.00000000000001,6252.2060546875,50089.952940062394,307
-6692345.252769357,6633600.902317323,52.500000000000014,6252.2060546875,50089.952940062394,307
-6692350.556070216,6633606.205618182,60.00000000000002,6252.2060546875,50089.952940062394,307
-6692355.8593710745,6633611.508919042,67.50000000000003,6252.2060546875,50089.952940062394,307
-6692361.162671933,6633616.8122199,75.0,6254.9306640625,50089.952940062394,307
-6692366.465972792,6633622.115520759,82.5,6254.9306640625,50089.952940062394,307
-6692371.769273651,6633627.418821618,90.00000000000001,6254.84375,50089.952940062394,307
-6692377.07257451,6633632.722122477,97.50000000000001,6254.84375,50089.952940062394,307
-6692382.375875369,6633638.025423336,105.00000000000003,6254.84375,50089.952940062394,307
-6692387.679176228,6633643.328724194,112.5,6254.84375,50089.952940062394,307
-6692392.982477087,6633648.632025054,120.0,6254.84375,50089.952940062394,307
-6692398.285777946,6633653.935325913,127.50000000000001,6254.84375,50089.952940062394,307
-6692403.5890788045,6633659.238626772,135.00000000000003,6254.84375,50089.952940062394,307
-6692408.892379664,6633664.54192763,142.50000000000003,6254.84375,50089.952940062394,307
-6692414.195680522,6633669.8452284895,150.0,6254.84375,50089.952940062394,307
-6692164.0957422275,6633978.904600907,-150.0,6256.75732421875,50595.912060669085,307
-6692171.5957422275,6633978.904600907,-142.5,6256.75732421875,50595.912060669085,307
-6692179.0957422275,6633978.904600907,-135.0,6256.75732421875,50595.912060669085,307
-6692186.5957422275,6633978.904600907,-127.5,6256.75732421875,50595.912060669085,307
-6692194.0957422275,6633978.904600907,-120.0,6256.75732421875,50595.912060669085,307
-6692201.5957422275,6633978.904600907,-112.5,6256.75732421875,50595.912060669085,307
-6692209.0957422275,6633978.904600907,-105.0,6256.75732421875,50595.912060669085,307
-6692216.5957422275,6633978.904600907,-97.49999999999999,6256.75732421875,50595.912060669085,307
-6692224.0957422275,6633978.904600907,-90.0,6256.75732421875,50595.912060669085,307
-6692231.5957422275,6633978.904600907,-82.5,6256.75732421875,50595.912060669085,307
-6692239.0957422275,6633978.904600907,-75.0,6256.75732421875,50595.912060669085,307
-6692246.5957422275,6633978.904600907,-67.5,6256.75732421875,50595.912060669085,307
-6692254.0957422275,6633978.904600907,-59.999999999999986,6256.75732421875,50595.912060669085,307
-6692261.5957422275,6633978.904600907,-52.5,6250.78125,50595.912060669085,307
-6692269.0957422275,6633978.904600907,-44.99999999999999,6250.78125,50595.912060669085,307
-6692276.5957422275,6633978.904600907,-37.5,6250.78125,50595.912060669085,307
-6692284.0957422275,6633978.904600907,-29.999999999999993,6250.78125,50595.912060669085,307
-6692291.5957422275,6633978.904600907,-22.499999999999986,6250.78125,50595.912060669085,307
-6692299.0957422275,6633978.904600907,-14.999999999999996,6250.78125,50595.912060669085,307
-6692306.5957422275,6633978.904600907,-7.49999999999999,6250.78125,50595.912060669085,307
-6692314.0957422275,6633978.904600907,0.0,6250.78125,50595.912060669085,307
-6692321.5957422275,6633978.904600907,7.500000000000007,6250.78125,50595.912060669085,307
-6692329.0957422275,6633978.904600907,15.000000000000014,6250.78125,50595.912060669085,307
-6692336.5957422275,6633978.904600907,22.50000000000002,6250.78125,50595.912060669085,307
-6692344.0957422275,6633978.904600907,30.00000000000003,6250.78125,50595.912060669085,307
-6692351.5957422275,6633978.904600907,37.5,6250.78125,50595.912060669085,307
-6692359.0957422275,6633978.904600907,45.00000000000001,6250.78125,50595.912060669085,307
-6692366.5957422275,6633978.904600907,52.500000000000014,6250.78125,50595.912060669085,307
-6692374.0957422275,6633978.904600907,60.00000000000002,6254.46533203125,50595.912060669085,307
-6692381.5957422275,6633978.904600907,67.50000000000003,6254.46533203125,50595.912060669085,307
-6692389.0957422275,6633978.904600907,75.0,6254.46533203125,50595.912060669085,307
-6692396.5957422275,6633978.904600907,82.5,6254.46533203125,50595.912060669085,307
-6692404.0957422275,6633978.904600907,90.00000000000001,6254.46533203125,50595.912060669085,307
-6692411.5957422275,6633978.904600907,97.50000000000001,6254.46533203125,50595.912060669085,307
-6692419.0957422275,6633978.904600907,105.00000000000003,6254.46533203125,50595.912060669085,307
-6692426.5957422275,6633978.904600907,112.5,6254.46533203125,50595.912060669085,307
-6692434.0957422275,6633978.904600907,120.0,6254.46533203125,50595.912060669085,307
-6692441.5957422275,6633978.904600907,127.50000000000001,6254.46533203125,50595.912060669085,307
-6692449.0957422275,6633978.904600907,135.00000000000003,6254.46533203125,50595.912060669085,307
-6692456.5957422275,6633978.904600907,142.50000000000003,6254.46533203125,50595.912060669085,307
-6692464.0957422275,6633978.904600907,150.0,6254.46533203125,50595.912060669085,307
-6691938.837638019,6634391.558759715,-150.0,6265.06689453125,51101.871181275776,307
-6691946.337638019,6634391.558759715,-142.5,6265.06689453125,51101.871181275776,307
-6691953.837638019,6634391.558759715,-135.0,6265.06689453125,51101.871181275776,307
-6691961.337638019,6634391.558759715,-127.5,6265.06689453125,51101.871181275776,307
-6691968.837638019,6634391.558759715,-120.0,6265.06689453125,51101.871181275776,307
-6691976.337638019,6634391.558759715,-112.5,6265.06689453125,51101.871181275776,307
-6691983.837638019,6634391.558759715,-105.0,6265.06689453125,51101.871181275776,307
-6691991.337638019,6634391.558759715,-97.49999999999999,6265.06689453125,51101.871181275776,307
-6691998.837638019,6634391.558759715,-90.0,6265.06689453125,51101.871181275776,307
-6692006.337638019,6634391.558759715,-82.5,6265.06689453125,51101.871181275776,307
-6692013.837638019,6634391.558759715,-75.0,6265.06689453125,51101.871181275776,307
-6692021.337638019,6634391.558759715,-67.5,6265.06689453125,51101.871181275776,307
-6692028.837638019,6634391.558759715,-59.999999999999986,6265.06689453125,51101.871181275776,307
-6692036.337638019,6634391.558759715,-52.5,6249.41015625,51101.871181275776,307
-6692043.837638019,6634391.558759715,-44.99999999999999,6249.41015625,51101.871181275776,307
-6692051.337638019,6634391.558759715,-37.5,6249.41015625,51101.871181275776,307
-6692058.837638019,6634391.558759715,-29.999999999999993,6249.41015625,51101.871181275776,307
-6692066.337638019,6634391.558759715,-22.499999999999986,6249.41015625,51101.871181275776,307
-6692073.837638019,6634391.558759715,-14.999999999999996,6249.41015625,51101.871181275776,307
-6692081.337638019,6634391.558759715,-7.49999999999999,6249.41015625,51101.871181275776,307
-6692088.837638019,6634391.558759715,0.0,6249.41015625,51101.871181275776,307
-6692096.337638019,6634391.558759715,7.500000000000007,6249.41015625,51101.871181275776,307
-6692103.837638019,6634391.558759715,15.000000000000014,6249.41015625,51101.871181275776,307
-6692111.337638019,6634391.558759715,22.50000000000002,6249.41015625,51101.871181275776,307
-6692118.837638019,6634391.558759715,30.00000000000003,6249.41015625,51101.871181275776,307
-6692126.337638019,6634391.558759715,37.5,6249.41015625,51101.871181275776,307
-6692133.837638019,6634391.558759715,45.00000000000001,6249.41015625,51101.871181275776,307
-6692141.337638019,6634391.558759715,52.500000000000014,6249.41015625,51101.871181275776,307
-6692148.837638019,6634391.558759715,60.00000000000002,6253.171875,51101.871181275776,307
-6692156.337638019,6634391.558759715,67.50000000000003,6253.171875,51101.871181275776,307
-6692163.837638019,6634391.558759715,75.0,6253.171875,51101.871181275776,307
-6692171.337638019,6634391.558759715,82.5,6253.171875,51101.871181275776,307
-6692178.837638019,6634391.558759715,90.00000000000001,6253.171875,51101.871181275776,307
-6692186.337638019,6634391.558759715,97.50000000000001,6253.171875,51101.871181275776,307
-6692193.837638019,6634391.558759715,105.00000000000003,6253.171875,51101.871181275776,307
-6692201.337638019,6634391.558759715,112.5,6253.171875,51101.871181275776,307
-6692208.837638019,6634391.558759715,120.0,6253.171875,51101.871181275776,307
-6692216.337638019,6634391.558759715,127.50000000000001,6253.171875,51101.871181275776,307
-6692223.837638019,6634391.558759715,135.00000000000003,6253.171875,51101.871181275776,307
-6692231.337638019,6634391.558759715,142.50000000000003,6253.171875,51101.871181275776,307
-6692238.837638019,6634391.558759715,150.0,6253.171875,51101.871181275776,307
-6691922.075892066,6634646.7327055745,-150.0,6252.39599609375,51607.830301882466,307
-6691922.075892066,6634654.2327055745,-142.5,6252.39599609375,51607.830301882466,307
-6691922.075892066,6634661.7327055745,-135.0,6252.39599609375,51607.830301882466,307
-6691922.075892066,6634669.2327055745,-127.5,6252.39599609375,51607.830301882466,307
-6691922.075892066,6634676.7327055745,-120.0,6252.39599609375,51607.830301882466,307
-6691922.075892066,6634684.2327055745,-112.5,6252.39599609375,51607.830301882466,307
-6691922.075892066,6634691.7327055745,-105.0,6252.39599609375,51607.830301882466,307
-6691922.075892066,6634699.2327055745,-97.49999999999999,6252.39599609375,51607.830301882466,307
-6691922.075892066,6634706.7327055745,-90.0,6252.39599609375,51607.830301882466,307
-6691922.075892066,6634714.2327055745,-82.5,6252.39599609375,51607.830301882466,307
-6691922.075892066,6634721.7327055745,-75.0,6252.39599609375,51607.830301882466,307
-6691922.075892066,6634729.2327055745,-67.5,6252.39599609375,51607.830301882466,307
-6691922.075892066,6634736.7327055745,-59.999999999999986,6252.39599609375,51607.830301882466,307
-6691922.075892066,6634744.2327055745,-52.5,6250.93896484375,51607.830301882466,307
-6691922.075892066,6634751.7327055745,-44.99999999999999,6250.93896484375,51607.830301882466,307
-6691922.075892066,6634759.2327055745,-37.5,6250.93896484375,51607.830301882466,307
-6691922.075892066,6634766.7327055745,-29.999999999999993,6250.93896484375,51607.830301882466,307
-6691922.075892066,6634774.2327055745,-22.499999999999986,6250.93896484375,51607.830301882466,307
-6691922.075892066,6634781.7327055745,-14.999999999999996,6250.93896484375,51607.830301882466,307
-6691922.075892066,6634789.2327055745,-7.49999999999999,6250.93896484375,51607.830301882466,307
-6691922.075892066,6634796.7327055745,0.0,6250.93896484375,51607.830301882466,307
-6691922.075892066,6634804.2327055745,7.500000000000007,6250.93896484375,51607.830301882466,307
-6691922.075892066,6634811.7327055745,15.000000000000014,6250.93896484375,51607.830301882466,307
-6691922.075892066,6634819.2327055745,22.50000000000002,6250.93896484375,51607.830301882466,307
-6691922.075892066,6634826.7327055745,30.00000000000003,6250.93896484375,51607.830301882466,307
-6691922.075892066,6634834.2327055745,37.5,6250.93896484375,51607.830301882466,307
-6691922.075892066,6634841.7327055745,45.00000000000001,6250.93896484375,51607.830301882466,307
-6691922.075892066,6634849.2327055745,52.500000000000014,6250.93896484375,51607.830301882466,307
-6691922.075892066,6634856.7327055745,60.00000000000002,6252.78662109375,51607.830301882466,307
-6691922.075892066,6634864.2327055745,67.50000000000003,6252.78662109375,51607.830301882466,307
-6691922.075892066,6634871.7327055745,75.0,6252.78662109375,51607.830301882466,307
-6691922.075892066,6634879.2327055745,82.5,6252.78662109375,51607.830301882466,307
-6691922.075892066,6634886.7327055745,90.00000000000001,6252.78662109375,51607.830301882466,307
-6691922.075892066,6634894.2327055745,97.50000000000001,6252.78662109375,51607.830301882466,307
-6691922.075892066,6634901.7327055745,105.00000000000003,6252.78662109375,51607.830301882466,307
-6691922.075892066,6634909.2327055745,112.5,6252.78662109375,51607.830301882466,307
-6691922.075892066,6634916.7327055745,120.0,6252.78662109375,51607.830301882466,307
-6691922.075892066,6634924.2327055745,127.50000000000001,6252.78662109375,51607.830301882466,307
-6691922.075892066,6634931.7327055745,135.00000000000003,6252.78662109375,51607.830301882466,307
-6691922.075892066,6634939.2327055745,142.50000000000003,6252.78662109375,51607.830301882466,307
-6691922.075892066,6634946.7327055745,150.0,6252.78662109375,51607.830301882466,307
-6691441.109563045,6635007.070641983,-150.0,6256.79052734375,52113.78942248916,307
-6691446.412863904,6635012.373942843,-142.5,6256.79052734375,52113.78942248916,307
-6691451.716164763,6635017.677243701,-135.0,6256.79052734375,52113.78942248916,307
-6691457.019465622,6635022.98054456,-127.5,6256.79052734375,52113.78942248916,307
-6691462.322766481,6635028.283845419,-120.0,6256.79052734375,52113.78942248916,307
-6691467.626067339,6635033.5871462785,-112.5,6256.79052734375,52113.78942248916,307
-6691472.929368199,6635038.890447137,-105.0,6252.4619140625,52113.78942248916,307
-6691478.232669057,6635044.193747995,-97.49999999999999,6252.4619140625,52113.78942248916,307
-6691483.535969917,6635049.497048855,-90.0,6252.4619140625,52113.78942248916,307
-6691488.839270775,6635054.800349714,-82.5,6252.4619140625,52113.78942248916,307
-6691494.142571634,6635060.103650573,-75.0,6252.4619140625,52113.78942248916,307
-6691499.445872493,6635065.406951431,-67.5,6252.4619140625,52113.78942248916,307
-6691504.749173352,6635070.710252291,-59.999999999999986,6252.4619140625,52113.78942248916,307
-6691510.052474211,6635076.01355315,-52.5,6252.4619140625,52113.78942248916,307
-6691515.355775069,6635081.3168540085,-44.99999999999999,6247.4326171875,52113.78942248916,307
-6691520.659075929,6635086.620154867,-37.5,6247.4326171875,52113.78942248916,307
-6691525.962376787,6635091.923455726,-29.999999999999993,6247.4326171875,52113.78942248916,307
-6691531.265677647,6635097.226756586,-22.499999999999986,6247.4326171875,52113.78942248916,307
-6691536.568978505,6635102.530057444,-14.999999999999996,6247.4326171875,52113.78942248916,307
-6691541.872279365,6635107.833358303,-7.49999999999999,6247.4326171875,52113.78942248916,307
-6691547.175580223,6635113.136659162,0.0,6247.4326171875,52113.78942248916,307
-6691552.478881082,6635118.4399600215,7.500000000000007,6247.4326171875,52113.78942248916,307
-6691557.782181941,6635123.74326088,15.000000000000014,6247.4326171875,52113.78942248916,307
-6691563.085482799,6635129.0465617385,22.50000000000002,6247.4326171875,52113.78942248916,307
-6691568.388783659,6635134.349862598,30.00000000000003,6247.4326171875,52113.78942248916,307
-6691573.692084517,6635139.653163457,37.5,6247.4326171875,52113.78942248916,307
-6691578.995385377,6635144.956464316,45.00000000000001,6247.4326171875,52113.78942248916,307
-6691584.298686235,6635150.259765174,52.500000000000014,6252.3544921875,52113.78942248916,307
-6691589.601987095,6635155.563066034,60.00000000000002,6252.3544921875,52113.78942248916,307
-6691594.905287953,6635160.866366893,67.50000000000003,6252.3544921875,52113.78942248916,307
-6691600.2085888125,6635166.1696677515,75.0,6252.3544921875,52113.78942248916,307
-6691605.511889671,6635171.47296861,82.5,6252.3544921875,52113.78942248916,307
-6691610.815190529,6635176.776269469,90.00000000000001,6252.3544921875,52113.78942248916,307
-6691616.118491389,6635182.079570329,97.50000000000001,6252.3544921875,52113.78942248916,307
-6691621.421792247,6635187.382871187,105.00000000000003,6252.3544921875,52113.78942248916,307
-6691626.725093107,6635192.686172046,112.5,6252.458984375,52113.78942248916,307
-6691632.028393965,6635197.989472905,120.0,6252.458984375,52113.78942248916,307
-6691637.331694825,6635203.292773765,127.50000000000001,6252.458984375,52113.78942248916,307
-6691642.634995683,6635208.596074623,135.00000000000003,6252.458984375,52113.78942248916,307
-6691647.9382965425,6635213.8993754815,142.50000000000003,6252.458984375,52113.78942248916,307
-6691653.241597401,6635219.202676341,150.0,6252.458984375,52113.78942248916,307
-6691242.623970863,6635430.814338374,-150.0,6252.37451171875,52619.74854309585,307
-6691247.927271722,6635436.117639232,-142.5,6251.21240234375,52619.74854309585,307
-6691253.230572581,6635441.420940092,-135.0,6251.21240234375,52619.74854309585,307
-6691258.53387344,6635446.72424095,-127.5,6251.21240234375,52619.74854309585,307
-6691263.837174299,6635452.02754181,-120.0,6251.21240234375,52619.74854309585,307
-6691269.140475158,6635457.330842668,-112.5,6251.21240234375,52619.74854309585,307
-6691274.443776017,6635462.634143528,-105.0,6251.21240234375,52619.74854309585,307
-6691279.7470768755,6635467.937444386,-97.49999999999999,6251.21240234375,52619.74854309585,307
-6691285.050377735,6635473.2407452455,-90.0,6251.21240234375,52619.74854309585,307
-6691290.353678593,6635478.544046104,-82.5,6251.21240234375,52619.74854309585,307
-6691295.656979453,6635483.847346963,-75.0,6251.21240234375,52619.74854309585,307
-6691300.960280311,6635489.150647822,-67.5,6251.21240234375,52619.74854309585,307
-6691306.26358117,6635494.45394868,-59.999999999999986,6251.21240234375,52619.74854309585,307
-6691311.566882029,6635499.75724954,-52.5,6251.21240234375,52619.74854309585,307
-6691316.870182888,6635505.060550398,-44.99999999999999,6251.21240234375,52619.74854309585,307
-6691322.173483747,6635510.363851258,-37.5,6251.21240234375,52619.74854309585,307
-6691327.4767846055,6635515.667152116,-29.999999999999993,6251.21240234375,52619.74854309585,307
-6691332.780085465,6635520.9704529755,-22.499999999999986,6251.21240234375,52619.74854309585,307
-6691338.083386323,6635526.273753834,-14.999999999999996,6251.21240234375,52619.74854309585,307
-6691343.386687183,6635531.577054693,-7.49999999999999,6249.97607421875,52619.74854309585,307
-6691348.689988041,6635536.880355552,0.0,6249.97607421875,52619.74854309585,307
-6691353.9932889,6635542.18365641,7.500000000000007,6249.97607421875,52619.74854309585,307
-6691359.296589759,6635547.48695727,15.000000000000014,6250.6650390625,52619.74854309585,307
-6691364.599890618,6635552.790258128,22.50000000000002,6250.6650390625,52619.74854309585,307
-6691369.903191477,6635558.093558988,30.00000000000003,6250.6650390625,52619.74854309585,307
-6691375.206492336,6635563.396859846,37.5,6250.6650390625,52619.74854309585,307
-6691380.509793195,6635568.7001607055,45.00000000000001,6250.6650390625,52619.74854309585,307
-6691385.813094053,6635574.003461564,52.500000000000014,6250.6650390625,52619.74854309585,307
-6691391.116394913,6635579.306762423,60.00000000000002,6250.6650390625,52619.74854309585,307
-6691396.419695771,6635584.610063282,67.50000000000003,6250.6650390625,52619.74854309585,307
-6691401.72299663,6635589.91336414,75.0,6250.6650390625,52619.74854309585,307
-6691407.026297489,6635595.216665,82.5,6250.6650390625,52619.74854309585,307
-6691412.329598348,6635600.519965858,90.00000000000001,6250.6650390625,52619.74854309585,307
-6691417.632899207,6635605.823266718,97.50000000000001,6250.6650390625,52619.74854309585,307
-6691422.936200066,6635611.126567576,105.00000000000003,6250.6650390625,52619.74854309585,307
-6691428.239500925,6635616.4298684355,112.5,6250.6650390625,52619.74854309585,307
-6691433.542801783,6635621.733169294,120.0,6250.6650390625,52619.74854309585,307
-6691438.846102643,6635627.036470153,127.50000000000001,6250.6650390625,52619.74854309585,307
-6691444.149403501,6635632.339771012,135.00000000000003,6250.6650390625,52619.74854309585,307
-6691449.452704361,6635637.643071871,142.50000000000003,6250.6650390625,52619.74854309585,307
-6691454.756005219,6635642.94637273,150.0,6250.134765625,52619.74854309585,307
-6691150.434273289,6636022.851304646,-150.0,6250.9404296875,53125.70766370254,307
-6691157.934273289,6636022.851304646,-142.5,6250.9404296875,53125.70766370254,307
-6691165.434273289,6636022.851304646,-135.0,6250.9404296875,53125.70766370254,307
-6691172.934273289,6636022.851304646,-127.5,6250.9404296875,53125.70766370254,307
-6691180.434273289,6636022.851304646,-120.0,6250.9404296875,53125.70766370254,307
-6691187.934273289,6636022.851304646,-112.5,6250.9404296875,53125.70766370254,307
-6691195.434273289,6636022.851304646,-105.0,6250.9404296875,53125.70766370254,307
-6691202.934273289,6636022.851304646,-97.49999999999999,6250.9404296875,53125.70766370254,307
-6691210.434273289,6636022.851304646,-90.0,6250.9404296875,53125.70766370254,307
-6691217.934273289,6636022.851304646,-82.5,6250.9404296875,53125.70766370254,307
-6691225.434273289,6636022.851304646,-75.0,6250.9404296875,53125.70766370254,307
-6691232.934273289,6636022.851304646,-67.5,6250.9404296875,53125.70766370254,307
-6691240.434273289,6636022.851304646,-59.999999999999986,6250.9404296875,53125.70766370254,307
-6691247.934273289,6636022.851304646,-52.5,6250.60205078125,53125.70766370254,307
-6691255.434273289,6636022.851304646,-44.99999999999999,6250.60205078125,53125.70766370254,307
-6691262.934273289,6636022.851304646,-37.5,6250.60205078125,53125.70766370254,307
-6691270.434273289,6636022.851304646,-29.999999999999993,6250.60205078125,53125.70766370254,307
-6691277.934273289,6636022.851304646,-22.499999999999986,6250.60205078125,53125.70766370254,307
-6691285.434273289,6636022.851304646,-14.999999999999996,6250.60205078125,53125.70766370254,307
-6691292.934273289,6636022.851304646,-7.49999999999999,6250.60205078125,53125.70766370254,307
-6691300.434273289,6636022.851304646,0.0,6250.60205078125,53125.70766370254,307
-6691307.934273289,6636022.851304646,7.500000000000007,6250.60205078125,53125.70766370254,307
-6691315.434273289,6636022.851304646,15.000000000000014,6250.60205078125,53125.70766370254,307
-6691322.934273289,6636022.851304646,22.50000000000002,6250.60205078125,53125.70766370254,307
-6691330.434273289,6636022.851304646,30.00000000000003,6250.60205078125,53125.70766370254,307
-6691337.934273289,6636022.851304646,37.5,6250.60205078125,53125.70766370254,307
-6691345.434273289,6636022.851304646,45.00000000000001,6250.60205078125,53125.70766370254,307
-6691352.934273289,6636022.851304646,52.500000000000014,6250.60205078125,53125.70766370254,307
-6691360.434273289,6636022.851304646,60.00000000000002,6252.07666015625,53125.70766370254,307
-6691367.934273289,6636022.851304646,67.50000000000003,6252.07666015625,53125.70766370254,307
-6691375.434273289,6636022.851304646,75.0,6252.07666015625,53125.70766370254,307
-6691382.934273289,6636022.851304646,82.5,6252.07666015625,53125.70766370254,307
-6691390.434273289,6636022.851304646,90.00000000000001,6252.07666015625,53125.70766370254,307
-6691397.934273289,6636022.851304646,97.50000000000001,6252.07666015625,53125.70766370254,307
-6691405.434273289,6636022.851304646,105.00000000000003,6252.07666015625,53125.70766370254,307
-6691412.934273289,6636022.851304646,112.5,6252.07666015625,53125.70766370254,307
-6691420.434273289,6636022.851304646,120.0,6252.07666015625,53125.70766370254,307
-6691427.934273289,6636022.851304646,127.50000000000001,6252.07666015625,53125.70766370254,307
-6691435.434273289,6636022.851304646,135.00000000000003,6252.07666015625,53125.70766370254,307
-6691442.934273289,6636022.851304646,142.50000000000003,6252.07666015625,53125.70766370254,307
-6691450.434273289,6636022.851304646,150.0,6252.07666015625,53125.70766370254,307
-6690925.176169081,6636369.52889225,-150.0,6248.423828125,53631.66678430923,307
-6690932.676169081,6636369.52889225,-142.5,6248.423828125,53631.66678430923,307
-6690940.176169081,6636369.52889225,-135.0,6248.423828125,53631.66678430923,307
-6690947.676169081,6636369.52889225,-127.5,6248.423828125,53631.66678430923,307
-6690955.176169081,6636369.52889225,-120.0,6248.423828125,53631.66678430923,307
-6690962.676169081,6636369.52889225,-112.5,6248.423828125,53631.66678430923,307
-6690970.176169081,6636369.52889225,-105.0,6248.423828125,53631.66678430923,307
-6690977.676169081,6636369.52889225,-97.49999999999999,6248.423828125,53631.66678430923,307
-6690985.176169081,6636369.52889225,-90.0,6248.423828125,53631.66678430923,307
-6690992.676169081,6636369.52889225,-82.5,6248.423828125,53631.66678430923,307
-6691000.176169081,6636369.52889225,-75.0,6248.423828125,53631.66678430923,307
-6691007.676169081,6636369.52889225,-67.5,6248.423828125,53631.66678430923,307
-6691015.176169081,6636369.52889225,-59.999999999999986,6248.423828125,53631.66678430923,307
-6691022.676169081,6636369.52889225,-52.5,6248.35595703125,53631.66678430923,307
-6691030.176169081,6636369.52889225,-44.99999999999999,6248.35595703125,53631.66678430923,307
-6691037.676169081,6636369.52889225,-37.5,6248.35595703125,53631.66678430923,307
-6691045.176169081,6636369.52889225,-29.999999999999993,6248.35595703125,53631.66678430923,307
-6691052.676169081,6636369.52889225,-22.499999999999986,6248.35595703125,53631.66678430923,307
-6691060.176169081,6636369.52889225,-14.999999999999996,6248.35595703125,53631.66678430923,307
-6691067.676169081,6636369.52889225,-7.49999999999999,6248.35595703125,53631.66678430923,307
-6691075.176169081,6636369.52889225,0.0,6248.35595703125,53631.66678430923,307
-6691082.676169081,6636369.52889225,7.500000000000007,6248.35595703125,53631.66678430923,307
-6691090.176169081,6636369.52889225,15.000000000000014,6248.35595703125,53631.66678430923,307
-6691097.676169081,6636369.52889225,22.50000000000002,6248.35595703125,53631.66678430923,307
-6691105.176169081,6636369.52889225,30.00000000000003,6248.35595703125,53631.66678430923,307
-6691112.676169081,6636369.52889225,37.5,6248.35595703125,53631.66678430923,307
-6691120.176169081,6636369.52889225,45.00000000000001,6248.35595703125,53631.66678430923,307
-6691127.676169081,6636369.52889225,52.500000000000014,6248.35595703125,53631.66678430923,307
-6691135.176169081,6636369.52889225,60.00000000000002,6250.470703125,53631.66678430923,307
-6691142.676169081,6636369.52889225,67.50000000000003,6250.470703125,53631.66678430923,307
-6691150.176169081,6636369.52889225,75.0,6250.470703125,53631.66678430923,307
-6691157.676169081,6636369.52889225,82.5,6250.470703125,53631.66678430923,307
-6691165.176169081,6636369.52889225,90.00000000000001,6250.470703125,53631.66678430923,307
-6691172.676169081,6636369.52889225,97.50000000000001,6250.470703125,53631.66678430923,307
-6691180.176169081,6636369.52889225,105.00000000000003,6250.470703125,53631.66678430923,307
-6691187.676169081,6636369.52889225,112.5,6250.470703125,53631.66678430923,307
-6691195.176169081,6636369.52889225,120.0,6250.470703125,53631.66678430923,307
-6691202.676169081,6636369.52889225,127.50000000000001,6250.470703125,53631.66678430923,307
-6691210.176169081,6636369.52889225,135.00000000000003,6250.470703125,53631.66678430923,307
-6691217.676169081,6636369.52889225,142.50000000000003,6250.470703125,53631.66678430923,307
-6691225.176169081,6636369.52889225,150.0,6250.470703125,53631.66678430923,307
-6690853.101208222,6636721.36951785,-150.0,6250.44091796875,54137.62590491592,307
-6690858.404509081,6636726.672818708,-142.5,6250.44091796875,54137.62590491592,307
-6690863.70780994,6636731.976119568,-135.0,6250.44091796875,54137.62590491592,307
-6690869.011110798,6636737.279420426,-127.5,6250.44091796875,54137.62590491592,307
-6690874.314411658,6636742.5827212855,-120.0,6250.44091796875,54137.62590491592,307
-6690879.617712516,6636747.886022144,-112.5,6250.44091796875,54137.62590491592,307
-6690884.921013376,6636753.189323003,-105.0,6250.44091796875,54137.62590491592,307
-6690890.224314234,6636758.492623862,-97.49999999999999,6250.44091796875,54137.62590491592,307
-6690895.527615094,6636763.795924721,-90.0,6250.44091796875,54137.62590491592,307
-6690900.830915952,6636769.09922558,-82.5,6250.2841796875,54137.62590491592,307
-6690906.1342168115,6636774.402526438,-75.0,6250.2841796875,54137.62590491592,307
-6690911.43751767,6636779.705827298,-67.5,6250.23779296875,54137.62590491592,307
-6690916.740818528,6636785.009128156,-59.999999999999986,6250.23779296875,54137.62590491592,307
-6690922.044119388,6636790.3124290155,-52.5,6250.23779296875,54137.62590491592,307
-6690927.347420246,6636795.615729874,-44.99999999999999,6250.23779296875,54137.62590491592,307
-6690932.650721106,6636800.919030733,-37.5,6250.23779296875,54137.62590491592,307
-6690937.954021964,6636806.222331592,-29.999999999999993,6250.23779296875,54137.62590491592,307
-6690943.257322824,6636811.525632451,-22.499999999999986,6250.23779296875,54137.62590491592,307
-6690948.560623682,6636816.82893331,-14.999999999999996,6250.23779296875,54137.62590491592,307
-6690953.8639245415,6636822.132234169,-7.49999999999999,6250.23779296875,54137.62590491592,307
-6690959.1672254,6636827.435535028,0.0,6250.23779296875,54137.62590491592,307
-6690964.470526258,6636832.738835886,7.500000000000007,6250.23779296875,54137.62590491592,307
-6690969.773827118,6636838.0421367455,15.000000000000014,6250.23779296875,54137.62590491592,307
-6690975.077127976,6636843.345437604,22.50000000000002,6250.23779296875,54137.62590491592,307
-6690980.380428836,6636848.648738463,30.00000000000003,6250.23779296875,54137.62590491592,307
-6690985.683729694,6636853.952039322,37.5,6250.23779296875,54137.62590491592,307
-6690990.987030554,6636859.255340181,45.00000000000001,6250.23779296875,54137.62590491592,307
-6690996.290331412,6636864.55864104,52.500000000000014,6250.23779296875,54137.62590491592,307
-6691001.5936322715,6636869.861941899,60.00000000000002,6250.23779296875,54137.62590491592,307
-6691006.89693313,6636875.165242758,67.50000000000003,6250.23779296875,54137.62590491592,307
-6691012.200233988,6636880.468543617,75.0,6250.70849609375,54137.62590491592,307
-6691017.503534848,6636885.7718444755,82.5,6250.70849609375,54137.62590491592,307
-6691022.806835706,6636891.075145334,90.00000000000001,6252.353515625,54137.62590491592,307
-6691028.110136566,6636896.378446193,97.50000000000001,6252.353515625,54137.62590491592,307
-6691033.413437424,6636901.681747052,105.00000000000003,6252.353515625,54137.62590491592,307
-6691038.716738284,6636906.985047911,112.5,6252.353515625,54137.62590491592,307
-6691044.020039142,6636912.28834877,120.0,6252.353515625,54137.62590491592,307
-6691049.3233400015,6636917.591649629,127.50000000000001,6252.353515625,54137.62590491592,307
-6691054.62664086,6636922.894950488,135.00000000000003,6252.353515625,54137.62590491592,307
-6691059.929941719,6636928.198251347,142.50000000000003,6252.353515625,54137.62590491592,307
-6691065.233242578,6636933.5015522055,150.0,6252.353515625,54137.62590491592,307
-6690541.986563937,6637032.484162135,-150.0,6262.45703125,54643.58502552261,307
-6690547.289864795,6637037.7874629935,-142.5,6262.45703125,54643.58502552261,307
-6690552.593165655,6637043.090763853,-135.0,6262.45703125,54643.58502552261,307
-6690557.896466513,6637048.394064711,-127.5,6262.45703125,54643.58502552261,307
-6690563.199767373,6637053.697365571,-120.0,6262.45703125,54643.58502552261,307
-6690568.503068231,6637059.000666429,-112.5,6250.46630859375,54643.58502552261,307
-6690573.80636909,6637064.303967289,-105.0,6250.46630859375,54643.58502552261,307
-6690579.109669949,6637069.607268147,-97.49999999999999,6250.46630859375,54643.58502552261,307
-6690584.412970808,6637074.910569007,-90.0,6250.46630859375,54643.58502552261,307
-6690589.716271667,6637080.213869865,-82.5,6250.46630859375,54643.58502552261,307
-6690595.019572526,6637085.5171707235,-75.0,6250.46630859375,54643.58502552261,307
-6690600.322873385,6637090.820471583,-67.5,6250.46630859375,54643.58502552261,307
-6690605.626174243,6637096.123772441,-59.999999999999986,6250.46630859375,54643.58502552261,307
-6690610.929475103,6637101.427073301,-52.5,6250.46630859375,54643.58502552261,307
-6690616.232775961,6637106.730374159,-44.99999999999999,6249.14892578125,54643.58502552261,307
-6690621.53607682,6637112.033675019,-37.5,6249.14892578125,54643.58502552261,307
-6690626.839377679,6637117.336975877,-29.999999999999993,6249.14892578125,54643.58502552261,307
-6690632.142678538,6637122.640276737,-22.499999999999986,6249.14892578125,54643.58502552261,307
-6690637.445979397,6637127.943577595,-14.999999999999996,6249.14892578125,54643.58502552261,307
-6690642.749280256,6637133.246878454,-7.49999999999999,6249.14892578125,54643.58502552261,307
-6690648.052581115,6637138.550179313,0.0,6249.14892578125,54643.58502552261,307
-6690653.355881973,6637143.853480171,7.500000000000007,6249.14892578125,54643.58502552261,307
-6690658.659182833,6637149.156781031,15.000000000000014,6249.14892578125,54643.58502552261,307
-6690663.962483691,6637154.460081889,22.50000000000002,6249.14892578125,54643.58502552261,307
-6690669.26578455,6637159.763382749,30.00000000000003,6249.14892578125,54643.58502552261,307
-6690674.569085409,6637165.066683607,37.5,6249.14892578125,54643.58502552261,307
-6690679.872386268,6637170.369984467,45.00000000000001,6249.14892578125,54643.58502552261,307
-6690685.175687127,6637175.673285325,52.500000000000014,6249.2900390625,54643.58502552261,307
-6690690.478987986,6637180.976586184,60.00000000000002,6249.2900390625,54643.58502552261,307
-6690695.782288845,6637186.279887043,67.50000000000003,6249.2900390625,54643.58502552261,307
-6690701.085589703,6637191.583187902,75.0,6249.2900390625,54643.58502552261,307
-6690706.388890563,6637196.886488761,82.5,6249.2900390625,54643.58502552261,307
-6690711.692191421,6637202.189789619,90.00000000000001,6249.2900390625,54643.58502552261,307
-6690716.99549228,6637207.493090479,97.50000000000001,6249.2900390625,54643.58502552261,307
-6690722.298793139,6637212.796391337,105.00000000000003,6249.2900390625,54643.58502552261,307
-6690727.602093998,6637218.099692197,112.5,6249.2900390625,54643.58502552261,307
-6690732.905394857,6637223.402993055,120.0,6249.59326171875,54643.58502552261,307
-6690738.208695716,6637228.7062939145,127.50000000000001,6249.59326171875,54643.58502552261,307
-6690743.511996575,6637234.009594773,135.00000000000003,6249.59326171875,54643.58502552261,307
-6690748.815297434,6637239.312895632,142.50000000000003,6249.59326171875,54643.58502552261,307
-6690754.118598293,6637244.616196491,150.0,6249.59326171875,54643.58502552261,307
-6690534.405382211,6637734.336464086,-150.0,6262.00390625,55149.5441461293,307
-6690539.70868307,6637729.033163227,-142.5,6262.00390625,55149.5441461293,307
-6690545.011983929,6637723.729862368,-135.0,6262.00390625,55149.5441461293,307
-6690550.315284788,6637718.426561509,-127.5,6262.00390625,55149.5441461293,307
-6690555.618585647,6637713.12326065,-120.0,6262.00390625,55149.5441461293,307
-6690560.921886506,6637707.819959791,-112.5,6262.00390625,55149.5441461293,307
-6690566.225187365,6637702.516658932,-105.0,6262.00390625,55149.5441461293,307
-6690571.528488223,6637697.2133580735,-97.49999999999999,6253.34228515625,55149.5441461293,307
-6690576.831789083,6637691.910057214,-90.0,6253.34228515625,55149.5441461293,307
-6690582.135089941,6637686.606756356,-82.5,6253.34228515625,55149.5441461293,307
-6690587.438390801,6637681.303455496,-75.0,6253.34228515625,55149.5441461293,307
-6690592.741691659,6637676.000154638,-67.5,6253.34228515625,55149.5441461293,307
-6690598.044992518,6637670.696853779,-59.999999999999986,6253.34228515625,55149.5441461293,307
-6690603.348293377,6637665.39355292,-52.5,6249.11767578125,55149.5441461293,307
-6690608.651594236,6637660.090252061,-44.99999999999999,6249.11767578125,55149.5441461293,307
-6690613.954895095,6637654.786951202,-37.5,6249.11767578125,55149.5441461293,307
-6690619.258195953,6637649.4836503435,-29.999999999999993,6249.11767578125,55149.5441461293,307
-6690624.561496813,6637644.180349484,-22.499999999999986,6249.11767578125,55149.5441461293,307
-6690629.864797671,6637638.877048626,-14.999999999999996,6249.11767578125,55149.5441461293,307
-6690635.168098531,6637633.573747766,-7.49999999999999,6249.11767578125,55149.5441461293,307
-6690640.471399389,6637628.270446908,0.0,6249.11767578125,55149.5441461293,307
-6690645.774700248,6637622.967146049,7.500000000000007,6249.11767578125,55149.5441461293,307
-6690651.078001107,6637617.66384519,15.000000000000014,6249.11767578125,55149.5441461293,307
-6690656.381301966,6637612.360544331,22.50000000000002,6249.11767578125,55149.5441461293,307
-6690661.684602825,6637607.057243472,30.00000000000003,6249.11767578125,55149.5441461293,307
-6690666.987903683,6637601.7539426135,37.5,6249.11767578125,55149.5441461293,307
-6690672.291204543,6637596.450641754,45.00000000000001,6249.11767578125,55149.5441461293,307
-6690677.594505401,6637591.147340896,52.500000000000014,6249.11767578125,55149.5441461293,307
-6690682.897806261,6637585.844040036,60.00000000000002,6250.232421875,55149.5441461293,307
-6690688.201107119,6637580.540739178,67.50000000000003,6250.232421875,55149.5441461293,307
-6690693.504407978,6637575.237438319,75.0,6250.232421875,55149.5441461293,307
-6690698.807708837,6637569.93413746,82.5,6250.232421875,55149.5441461293,307
-6690704.111009696,6637564.630836601,90.00000000000001,6250.232421875,55149.5441461293,307
-6690709.414310555,6637559.327535742,97.50000000000001,6250.232421875,55149.5441461293,307
-6690714.717611413,6637554.0242348835,105.00000000000003,6249.8818359375,55149.5441461293,307
-6690720.020912273,6637548.720934024,112.5,6249.8818359375,55149.5441461293,307
-6690725.324213131,6637543.417633166,120.0,6249.8818359375,55149.5441461293,307
-6690730.627513991,6637538.114332306,127.50000000000001,6249.8818359375,55149.5441461293,307
-6690735.930814849,6637532.811031448,135.00000000000003,6249.8818359375,55149.5441461293,307
-6690741.234115709,6637527.507730588,142.50000000000003,6249.8818359375,55149.5441461293,307
-6690746.537416567,6637522.20442973,150.0,6249.8818359375,55149.5441461293,307
-6690587.289012767,6638094.126398976,-150.0,6248.728515625,55655.50326673599,307
-6690594.789012767,6638094.126398976,-142.5,6248.728515625,55655.50326673599,307
-6690602.289012767,6638094.126398976,-135.0,6248.728515625,55655.50326673599,307
-6690609.789012767,6638094.126398976,-127.5,6248.728515625,55655.50326673599,307
-6690617.289012767,6638094.126398976,-120.0,6248.728515625,55655.50326673599,307
-6690624.789012767,6638094.126398976,-112.5,6248.728515625,55655.50326673599,307
-6690632.289012767,6638094.126398976,-105.0,6248.728515625,55655.50326673599,307
-6690639.789012767,6638094.126398976,-97.49999999999999,6248.728515625,55655.50326673599,307
-6690647.289012767,6638094.126398976,-90.0,6248.728515625,55655.50326673599,307
-6690654.789012767,6638094.126398976,-82.5,6248.728515625,55655.50326673599,307
-6690662.289012767,6638094.126398976,-75.0,6248.728515625,55655.50326673599,307
-6690669.789012767,6638094.126398976,-67.5,6248.728515625,55655.50326673599,307
-6690677.289012767,6638094.126398976,-59.999999999999986,6248.728515625,55655.50326673599,307
-6690684.789012767,6638094.126398976,-52.5,6248.03173828125,55655.50326673599,307
-6690692.289012767,6638094.126398976,-44.99999999999999,6248.03173828125,55655.50326673599,307
-6690699.789012767,6638094.126398976,-37.5,6248.03173828125,55655.50326673599,307
-6690707.289012767,6638094.126398976,-29.999999999999993,6248.03173828125,55655.50326673599,307
-6690714.789012767,6638094.126398976,-22.499999999999986,6248.03173828125,55655.50326673599,307
-6690722.289012767,6638094.126398976,-14.999999999999996,6248.03173828125,55655.50326673599,307
-6690729.789012767,6638094.126398976,-7.49999999999999,6248.03173828125,55655.50326673599,307
-6690737.289012767,6638094.126398976,0.0,6248.03173828125,55655.50326673599,307
-6690744.789012767,6638094.126398976,7.500000000000007,6248.03173828125,55655.50326673599,307
-6690752.289012767,6638094.126398976,15.000000000000014,6248.03173828125,55655.50326673599,307
-6690759.789012767,6638094.126398976,22.50000000000002,6248.03173828125,55655.50326673599,307
-6690767.289012767,6638094.126398976,30.00000000000003,6248.03173828125,55655.50326673599,307
-6690774.789012767,6638094.126398976,37.5,6248.03173828125,55655.50326673599,307
-6690782.289012767,6638094.126398976,45.00000000000001,6248.03173828125,55655.50326673599,307
-6690789.789012767,6638094.126398976,52.500000000000014,6248.03173828125,55655.50326673599,307
-6690797.289012767,6638094.126398976,60.00000000000002,6248.4423828125,55655.50326673599,307
-6690804.789012767,6638094.126398976,67.50000000000003,6248.4423828125,55655.50326673599,307
-6690812.289012767,6638094.126398976,75.0,6248.4423828125,55655.50326673599,307
-6690819.789012767,6638094.126398976,82.5,6248.4423828125,55655.50326673599,307
-6690827.289012767,6638094.126398976,90.00000000000001,6248.4423828125,55655.50326673599,307
-6690834.789012767,6638094.126398976,97.50000000000001,6248.4423828125,55655.50326673599,307
-6690842.289012767,6638094.126398976,105.00000000000003,6248.4423828125,55655.50326673599,307
-6690849.789012767,6638094.126398976,112.5,6248.4423828125,55655.50326673599,307
-6690857.289012767,6638094.126398976,120.0,6248.4423828125,55655.50326673599,307
-6690864.789012767,6638094.126398976,127.50000000000001,6248.4423828125,55655.50326673599,307
-6690872.289012767,6638094.126398976,135.00000000000003,6248.4423828125,55655.50326673599,307
-6690879.789012767,6638094.126398976,142.50000000000003,6248.4423828125,55655.50326673599,307
-6690887.289012767,6638094.126398976,150.0,6248.4423828125,55655.50326673599,307
-6690265.0928534,6638210.410289506,-150.0,6264.4970703125,56161.46238734268,307
-6690270.396154258,6638215.713590365,-142.5,6264.4970703125,56161.46238734268,307
-6690275.699455118,6638221.016891224,-135.0,6264.4970703125,56161.46238734268,307
-6690281.002755976,6638226.320192083,-127.5,6264.4970703125,56161.46238734268,307
-6690286.306056836,6638231.623492942,-120.0,6264.4970703125,56161.46238734268,307
-6690291.609357694,6638236.926793801,-112.5,6255.41357421875,56161.46238734268,307
-6690296.912658554,6638242.23009466,-105.0,6255.41357421875,56161.46238734268,307
-6690302.215959412,6638247.533395519,-97.49999999999999,6255.41357421875,56161.46238734268,307
-6690307.519260271,6638252.836696378,-90.0,6255.41357421875,56161.46238734268,307
-6690312.82256113,6638258.139997236,-82.5,6255.41357421875,56161.46238734268,307
-6690318.125861989,6638263.443298096,-75.0,6255.41357421875,56161.46238734268,307
-6690323.429162848,6638268.746598954,-67.5,6255.41357421875,56161.46238734268,307
-6690328.732463706,6638274.049899813,-59.999999999999986,6255.41357421875,56161.46238734268,307
-6690334.035764566,6638279.353200672,-52.5,6255.41357421875,56161.46238734268,307
-6690339.339065424,6638284.656501531,-44.99999999999999,6255.41357421875,56161.46238734268,307
-6690344.642366284,6638289.95980239,-37.5,6246.380859375,56161.46238734268,307
-6690349.945667142,6638295.263103249,-29.999999999999993,6246.380859375,56161.46238734268,307
-6690355.248968001,6638300.566404108,-22.499999999999986,6246.380859375,56161.46238734268,307
-6690360.55226886,6638305.869704966,-14.999999999999996,6246.380859375,56161.46238734268,307
-6690365.855569719,6638311.173005826,-7.49999999999999,6246.380859375,56161.46238734268,307
-6690371.158870578,6638316.476306684,0.0,6246.380859375,56161.46238734268,307
-6690376.462171436,6638321.779607543,7.500000000000007,6246.380859375,56161.46238734268,307
-6690381.765472296,6638327.082908402,15.000000000000014,6246.380859375,56161.46238734268,307
-6690387.068773154,6638332.386209261,22.50000000000002,6246.380859375,56161.46238734268,307
-6690392.372074014,6638337.68951012,30.00000000000003,6246.380859375,56161.46238734268,307
-6690397.675374872,6638342.992810979,37.5,6246.380859375,56161.46238734268,307
-6690402.978675731,6638348.296111838,45.00000000000001,6247.26513671875,56161.46238734268,307
-6690408.28197659,6638353.599412696,52.500000000000014,6247.26513671875,56161.46238734268,307
-6690413.585277449,6638358.902713556,60.00000000000002,6247.26513671875,56161.46238734268,307
-6690418.888578308,6638364.206014414,67.50000000000003,6247.26513671875,56161.46238734268,307
-6690424.191879166,6638369.509315273,75.0,6247.26513671875,56161.46238734268,307
-6690429.495180026,6638374.812616132,82.5,6247.26513671875,56161.46238734268,307
-6690434.798480884,6638380.115916991,90.00000000000001,6247.26513671875,56161.46238734268,307
-6690440.101781744,6638385.41921785,97.50000000000001,6247.26513671875,56161.46238734268,307
-6690445.405082602,6638390.722518709,105.00000000000003,6247.26513671875,56161.46238734268,307
-6690450.708383461,6638396.025819568,112.5,6247.26513671875,56161.46238734268,307
-6690456.01168432,6638401.329120426,120.0,6248.45556640625,56161.46238734268,307
-6690461.314985179,6638406.632421286,127.50000000000001,6248.45556640625,56161.46238734268,307
-6690466.618286038,6638411.935722144,135.00000000000003,6248.45556640625,56161.46238734268,307
-6690471.921586897,6638417.239023004,142.50000000000003,6248.45556640625,56161.46238734268,307
-6690477.224887756,6638422.542323862,150.0,6248.45556640625,56161.46238734268,307
-6690294.806313126,6638846.286020252,-150.0,6254.58837890625,56667.42150794937,307
-6690300.109613985,6638840.982719393,-142.5,6254.58837890625,56667.42150794937,307
-6690305.412914844,6638835.679418534,-135.0,6254.58837890625,56667.42150794937,307
-6690310.716215703,6638830.376117676,-127.5,6254.58837890625,56667.42150794937,307
-6690316.019516562,6638825.072816816,-120.0,6254.58837890625,56667.42150794937,307
-6690321.322817421,6638819.769515958,-112.5,6254.58837890625,56667.42150794937,307
-6690326.62611828,6638814.466215098,-105.0,6254.58837890625,56667.42150794937,307
-6690331.9294191385,6638809.16291424,-97.49999999999999,6254.58837890625,56667.42150794937,307
-6690337.232719998,6638803.85961338,-90.0,6254.58837890625,56667.42150794937,307
-6690342.536020856,6638798.556312522,-82.5,6254.58837890625,56667.42150794937,307
-6690347.839321716,6638793.2530116625,-75.0,6245.73486328125,56667.42150794937,307
-6690353.142622574,6638787.949710804,-67.5,6245.73486328125,56667.42150794937,307
-6690358.445923433,6638782.646409946,-59.999999999999986,6245.73486328125,56667.42150794937,307
-6690363.749224292,6638777.343109086,-52.5,6245.73486328125,56667.42150794937,307
-6690369.052525151,6638772.039808228,-44.99999999999999,6245.73486328125,56667.42150794937,307
-6690374.35582601,6638766.736507368,-37.5,6245.73486328125,56667.42150794937,307
-6690379.6591268685,6638761.43320651,-29.999999999999993,6245.73486328125,56667.42150794937,307
-6690384.962427728,6638756.12990565,-22.499999999999986,6245.73486328125,56667.42150794937,307
-6690390.265728586,6638750.826604792,-14.999999999999996,6245.73486328125,56667.42150794937,307
-6690395.569029446,6638745.5233039325,-7.49999999999999,6245.73486328125,56667.42150794937,307
-6690400.872330304,6638740.220003074,0.0,6245.73486328125,56667.42150794937,307
-6690406.175631163,6638734.916702216,7.500000000000007,6245.73486328125,56667.42150794937,307
-6690411.478932022,6638729.613401356,15.000000000000014,6245.73486328125,56667.42150794937,307
-6690416.782232881,6638724.310100498,22.50000000000002,6245.73486328125,56667.42150794937,307
-6690422.08553374,6638719.006799638,30.00000000000003,6245.73486328125,56667.42150794937,307
-6690427.3888345985,6638713.70349878,37.5,6245.73486328125,56667.42150794937,307
-6690432.692135458,6638708.40019792,45.00000000000001,6245.73486328125,56667.42150794937,307
-6690437.995436316,6638703.096897062,52.500000000000014,6245.73486328125,56667.42150794937,307
-6690443.298737176,6638697.7935962025,60.00000000000002,6245.73486328125,56667.42150794937,307
-6690448.602038034,6638692.490295344,67.50000000000003,6245.73486328125,56667.42150794937,307
-6690453.905338893,6638687.186994486,75.0,6245.73486328125,56667.42150794937,307
-6690459.208639752,6638681.883693626,82.5,6247.7294921875,56667.42150794937,307
-6690464.511940611,6638676.580392768,90.00000000000001,6247.7294921875,56667.42150794937,307
-6690469.81524147,6638671.277091908,97.50000000000001,6247.7294921875,56667.42150794937,307
-6690475.1185423285,6638665.97379105,105.00000000000003,6247.7294921875,56667.42150794937,307
-6690480.421843188,6638660.67049019,112.5,6247.7294921875,56667.42150794937,307
-6690485.725144046,6638655.367189332,120.0,6247.7294921875,56667.42150794937,307
-6690491.028444906,6638650.0638884725,127.50000000000001,6247.7294921875,56667.42150794937,307
-6690496.331745764,6638644.760587614,135.00000000000003,6247.7294921875,56667.42150794937,307
-6690501.635046624,6638639.457286755,142.50000000000003,6247.7294921875,56667.42150794937,307
-6690506.938347482,6638634.153985896,150.0,6247.7294921875,56667.42150794937,307
-6690609.872552869,6638991.92111108,-150.0,6246.47021484375,57173.380628556064,307
-6690615.175853727,6638997.224411938,-142.5,6246.47021484375,57173.380628556064,307
-6690620.479154587,6639002.527712798,-135.0,6246.47021484375,57173.380628556064,307
-6690625.782455445,6639007.831013656,-127.5,6246.47021484375,57173.380628556064,307
-6690631.085756305,6639013.134314516,-120.0,6246.47021484375,57173.380628556064,307
-6690636.389057163,6639018.437615374,-112.5,6246.47021484375,57173.380628556064,307
-6690641.692358023,6639023.7409162335,-105.0,6246.48974609375,57173.380628556064,307
-6690646.995658881,6639029.044217092,-97.49999999999999,6246.48974609375,57173.380628556064,307
-6690652.29895974,6639034.347517951,-90.0,6246.48974609375,57173.380628556064,307
-6690657.602260599,6639039.65081881,-82.5,6246.48974609375,57173.380628556064,307
-6690662.905561458,6639044.954119669,-75.0,6246.48974609375,57173.380628556064,307
-6690668.208862317,6639050.257420528,-67.5,6246.48974609375,57173.380628556064,307
-6690673.512163175,6639055.560721386,-59.999999999999986,6246.48974609375,57173.380628556064,307
-6690678.815464035,6639060.864022246,-52.5,6246.48974609375,57173.380628556064,307
-6690684.118764893,6639066.167323104,-44.99999999999999,6246.44580078125,57173.380628556064,307
-6690689.422065753,6639071.4706239635,-37.5,6246.44580078125,57173.380628556064,307
-6690694.725366611,6639076.773924822,-29.999999999999993,6246.44580078125,57173.380628556064,307
-6690700.02866747,6639082.077225681,-22.499999999999986,6246.44580078125,57173.380628556064,307
-6690705.331968329,6639087.38052654,-14.999999999999996,6246.44580078125,57173.380628556064,307
-6690710.635269188,6639092.683827399,-7.49999999999999,6246.44580078125,57173.380628556064,307
-6690715.938570047,6639097.987128258,0.0,6246.44580078125,57173.380628556064,307
-6690721.241870905,6639103.290429116,7.500000000000007,6246.44580078125,57173.380628556064,307
-6690726.545171765,6639108.593729976,15.000000000000014,6246.44580078125,57173.380628556064,307
-6690731.848472623,6639113.897030834,22.50000000000002,6246.44580078125,57173.380628556064,307
-6690737.151773483,6639119.2003316935,30.00000000000003,6246.44580078125,57173.380628556064,307
-6690742.455074341,6639124.503632552,37.5,6246.44580078125,57173.380628556064,307
-6690747.7583752,6639129.806933411,45.00000000000001,6246.44580078125,57173.380628556064,307
-6690753.061676059,6639135.11023427,52.500000000000014,6246.5908203125,57173.380628556064,307
-6690758.364976918,6639140.413535129,60.00000000000002,6246.5908203125,57173.380628556064,307
-6690763.668277777,6639145.716835988,67.50000000000003,6246.5908203125,57173.380628556064,307
-6690768.971578635,6639151.020136846,75.0,6246.5908203125,57173.380628556064,307
-6690774.274879495,6639156.323437706,82.5,6246.5908203125,57173.380628556064,307
-6690779.578180353,6639161.626738564,90.00000000000001,6246.5908203125,57173.380628556064,307
-6690784.881481213,6639166.9300394235,97.50000000000001,6246.5908203125,57173.380628556064,307
-6690790.184782071,6639172.233340282,105.00000000000003,6246.5908203125,57173.380628556064,307
-6690795.48808293,6639177.536641141,112.5,6247.154296875,57173.380628556064,307
-6690800.791383789,6639182.839942,120.0,6247.154296875,57173.380628556064,307
-6690806.094684648,6639188.143242859,127.50000000000001,6247.154296875,57173.380628556064,307
-6690811.397985507,6639193.446543718,135.00000000000003,6247.154296875,57173.380628556064,307
-6690816.701286366,6639198.749844577,142.50000000000003,6247.154296875,57173.380628556064,307
-6690822.004587225,6639204.053145436,150.0,6247.154296875,57173.380628556064,307
-6690431.249176438,6639121.610075373,-150.0,6247.0888671875,57679.339749162755,307
-6690425.9458755795,6639126.913376232,-142.5,6247.0888671875,57679.339749162755,307
-6690420.64257472,6639132.216677091,-135.0,6247.0888671875,57679.339749162755,307
-6690415.339273862,6639137.51997795,-127.5,6246.75244140625,57679.339749162755,307
-6690410.035973002,6639142.823278809,-120.0,6246.75244140625,57679.339749162755,307
-6690404.732672144,6639148.126579667,-112.5,6246.75244140625,57679.339749162755,307
-6690399.429371284,6639153.429880527,-105.0,6246.75244140625,57679.339749162755,307
-6690394.126070426,6639158.733181385,-97.49999999999999,6246.75244140625,57679.339749162755,307
-6690388.822769566,6639164.036482245,-90.0,6246.75244140625,57679.339749162755,307
-6690383.519468708,6639169.339783103,-82.5,6246.75244140625,57679.339749162755,307
-6690378.216167849,6639174.643083962,-75.0,6246.75244140625,57679.339749162755,307
-6690372.91286699,6639179.946384821,-67.5,6246.75244140625,57679.339749162755,307
-6690367.609566132,6639185.24968568,-59.999999999999986,6246.75244140625,57679.339749162755,307
-6690362.306265272,6639190.552986539,-52.5,6246.75244140625,57679.339749162755,307
-6690357.002964414,6639195.856287397,-44.99999999999999,6246.75244140625,57679.339749162755,307
-6690351.699663554,6639201.159588257,-37.5,6246.75244140625,57679.339749162755,307
-6690346.396362696,6639206.462889115,-29.999999999999993,6246.75244140625,57679.339749162755,307
-6690341.093061836,6639211.766189975,-22.499999999999986,6245.109375,57679.339749162755,307
-6690335.789760978,6639217.069490833,-14.999999999999996,6245.109375,57679.339749162755,307
-6690330.486460119,6639222.372791693,-7.49999999999999,6245.109375,57679.339749162755,307
-6690325.18315926,6639227.676092551,0.0,6245.109375,57679.339749162755,307
-6690319.879858402,6639232.97939341,7.500000000000007,6245.109375,57679.339749162755,307
-6690314.576557542,6639238.282694269,15.000000000000014,6245.109375,57679.339749162755,307
-6690309.273256684,6639243.585995127,22.50000000000002,6245.109375,57679.339749162755,307
-6690303.969955824,6639248.889295987,30.00000000000003,6246.5859375,57679.339749162755,307
-6690298.666654966,6639254.192596845,37.5,6246.5859375,57679.339749162755,307
-6690293.363354106,6639259.495897705,45.00000000000001,6246.5859375,57679.339749162755,307
-6690288.060053248,6639264.799198563,52.500000000000014,6246.5859375,57679.339749162755,307
-6690282.756752389,6639270.102499423,60.00000000000002,6246.5859375,57679.339749162755,307
-6690277.45345153,6639275.405800281,67.50000000000003,6246.5859375,57679.339749162755,307
-6690272.150150672,6639280.7091011405,75.0,6246.5859375,57679.339749162755,307
-6690266.846849812,6639286.012401999,82.5,6246.5859375,57679.339749162755,307
-6690261.543548954,6639291.315702857,90.00000000000001,6246.5859375,57679.339749162755,307
-6690256.240248094,6639296.619003717,97.50000000000001,6246.5859375,57679.339749162755,307
-6690250.936947236,6639301.922304575,105.00000000000003,6246.5859375,57679.339749162755,307
-6690245.633646376,6639307.225605435,112.5,6246.5859375,57679.339749162755,307
-6690240.330345518,6639312.528906293,120.0,6246.5859375,57679.339749162755,307
-6690235.027044659,6639317.832207153,127.50000000000001,6246.5859375,57679.339749162755,307
-6690229.7237438,6639323.135508011,135.00000000000003,6245.619140625,57679.339749162755,307
-6690224.420442941,6639328.4388088705,142.50000000000003,6245.619140625,57679.339749162755,307
-6690219.117142082,6639333.742109729,150.0,6245.619140625,57679.339749162755,307
-6689940.9907834,6639435.54477634,-150.0,6258.81298828125,58185.298869769445,307
-6689946.294084258,6639440.8480771985,-142.5,6258.81298828125,58185.298869769445,307
-6689951.597385118,6639446.151378058,-135.0,6258.81298828125,58185.298869769445,307
-6689956.900685976,6639451.454678917,-127.5,6258.81298828125,58185.298869769445,307
-6689962.203986836,6639456.757979776,-120.0,6258.81298828125,58185.298869769445,307
-6689967.507287694,6639462.061280634,-112.5,6258.81298828125,58185.298869769445,307
-6689972.810588554,6639467.364581494,-105.0,6258.81298828125,58185.298869769445,307
-6689978.113889412,6639472.667882353,-97.49999999999999,6250.3349609375,58185.298869769445,307
-6689983.417190271,6639477.971183212,-90.0,6250.3349609375,58185.298869769445,307
-6689988.72049113,6639483.27448407,-82.5,6250.3349609375,58185.298869769445,307
-6689994.023791989,6639488.577784929,-75.0,6250.3349609375,58185.298869769445,307
-6689999.327092848,6639493.881085789,-67.5,6250.3349609375,58185.298869769445,307
-6690004.630393706,6639499.184386647,-59.999999999999986,6250.3349609375,58185.298869769445,307
-6690009.933694566,6639504.487687506,-52.5,6243.05078125,58185.298869769445,307
-6690015.236995424,6639509.790988365,-44.99999999999999,6243.05078125,58185.298869769445,307
-6690020.540296284,6639515.094289225,-37.5,6243.05078125,58185.298869769445,307
-6690025.843597142,6639520.397590083,-29.999999999999993,6243.05078125,58185.298869769445,307
-6690031.146898001,6639525.700890942,-22.499999999999986,6243.05078125,58185.298869769445,307
-6690036.45019886,6639531.004191801,-14.999999999999996,6243.05078125,58185.298869769445,307
-6690041.753499719,6639536.30749266,-7.49999999999999,6243.05078125,58185.298869769445,307
-6690047.056800578,6639541.610793519,0.0,6243.05078125,58185.298869769445,307
-6690052.360101436,6639546.914094377,7.500000000000007,6243.05078125,58185.298869769445,307
-6690057.663402296,6639552.217395237,15.000000000000014,6243.05078125,58185.298869769445,307
-6690062.966703154,6639557.520696096,22.50000000000002,6243.05078125,58185.298869769445,307
-6690068.270004014,6639562.823996955,30.00000000000003,6243.05078125,58185.298869769445,307
-6690073.573304872,6639568.127297813,37.5,6243.05078125,58185.298869769445,307
-6690078.876605731,6639573.4305986725,45.00000000000001,6243.05078125,58185.298869769445,307
-6690084.17990659,6639578.733899532,52.500000000000014,6243.05078125,58185.298869769445,307
-6690089.483207449,6639584.03720039,60.00000000000002,6246.4931640625,58185.298869769445,307
-6690094.786508308,6639589.340501249,67.50000000000003,6246.4931640625,58185.298869769445,307
-6690100.089809166,6639594.643802108,75.0,6246.4931640625,58185.298869769445,307
-6690105.393110026,6639599.947102968,82.5,6246.4931640625,58185.298869769445,307
-6690110.696410884,6639605.250403826,90.00000000000001,6246.4931640625,58185.298869769445,307
-6690115.999711744,6639610.553704685,97.50000000000001,6246.4931640625,58185.298869769445,307
-6690121.303012602,6639615.857005544,105.00000000000003,6245.72802734375,58185.298869769445,307
-6690126.606313461,6639621.160306403,112.5,6245.72802734375,58185.298869769445,307
-6690131.90961432,6639626.463607262,120.0,6245.72802734375,58185.298869769445,307
-6690137.212915179,6639631.76690812,127.50000000000001,6245.72802734375,58185.298869769445,307
-6690142.516216038,6639637.07020898,135.00000000000003,6245.72802734375,58185.298869769445,307
-6690147.819516897,6639642.373509839,142.50000000000003,6245.72802734375,58185.298869769445,307
-6690153.122817756,6639647.676810698,150.0,6245.72802734375,58185.298869769445,307
-6689888.122528926,6639826.300187128,-150.0,6245.36279296875,58691.257990376136,307
-6689893.425829784,6639831.603487986,-142.5,6246.1396484375,58691.257990376136,307
-6689898.729130643,6639836.906788846,-135.0,6246.1396484375,58691.257990376136,307
-6689904.032431502,6639842.210089704,-127.5,6246.1396484375,58691.257990376136,307
-6689909.335732361,6639847.513390563,-120.0,6246.1396484375,58691.257990376136,307
-6689914.63903322,6639852.816691422,-112.5,6246.1396484375,58691.257990376136,307
-6689919.942334079,6639858.119992281,-105.0,6246.1396484375,58691.257990376136,307
-6689925.245634938,6639863.42329314,-97.49999999999999,6246.1396484375,58691.257990376136,307
-6689930.548935797,6639868.726593999,-90.0,6246.1396484375,58691.257990376136,307
-6689935.852236656,6639874.029894858,-82.5,6246.1396484375,58691.257990376136,307
-6689941.155537514,6639879.333195716,-75.0,6246.1396484375,58691.257990376136,307
-6689946.458838373,6639884.636496576,-67.5,6246.1396484375,58691.257990376136,307
-6689951.762139232,6639889.939797434,-59.999999999999986,6246.1396484375,58691.257990376136,307
-6689957.065440091,6639895.243098293,-52.5,6246.1396484375,58691.257990376136,307
-6689962.36874095,6639900.546399152,-44.99999999999999,6246.1396484375,58691.257990376136,307
-6689967.672041809,6639905.849700011,-37.5,6246.1396484375,58691.257990376136,307
-6689972.975342668,6639911.15300087,-29.999999999999993,6246.1396484375,58691.257990376136,307
-6689978.278643527,6639916.456301729,-22.499999999999986,6246.1396484375,58691.257990376136,307
-6689983.581944386,6639921.759602588,-14.999999999999996,6245.45458984375,58691.257990376136,307
-6689988.885245245,6639927.062903447,-7.49999999999999,6245.45458984375,58691.257990376136,307
-6689994.188546103,6639932.366204306,0.0,6245.45458984375,58691.257990376136,307
-6689999.491846962,6639937.669505164,7.500000000000007,6245.45458984375,58691.257990376136,307
-6690004.795147821,6639942.972806023,15.000000000000014,6245.45458984375,58691.257990376136,307
-6690010.09844868,6639948.276106882,22.50000000000002,6245.91650390625,58691.257990376136,307
-6690015.401749539,6639953.579407741,30.00000000000003,6245.91650390625,58691.257990376136,307
-6690020.705050398,6639958.8827086,37.5,6245.91650390625,58691.257990376136,307
-6690026.008351257,6639964.186009459,45.00000000000001,6245.91650390625,58691.257990376136,307
-6690031.311652116,6639969.489310318,52.500000000000014,6245.91650390625,58691.257990376136,307
-6690036.614952975,6639974.792611177,60.00000000000002,6245.91650390625,58691.257990376136,307
-6690041.918253833,6639980.095912036,67.50000000000003,6245.91650390625,58691.257990376136,307
-6690047.221554693,6639985.399212895,75.0,6245.91650390625,58691.257990376136,307
-6690052.524855551,6639990.702513753,82.5,6245.91650390625,58691.257990376136,307
-6690057.82815641,6639996.005814612,90.00000000000001,6245.91650390625,58691.257990376136,307
-6690063.131457269,6640001.309115471,97.50000000000001,6245.91650390625,58691.257990376136,307
-6690068.434758128,6640006.61241633,105.00000000000003,6245.91650390625,58691.257990376136,307
-6690073.738058987,6640011.915717189,112.5,6245.91650390625,58691.257990376136,307
-6690079.041359846,6640017.219018048,120.0,6245.91650390625,58691.257990376136,307
-6690084.344660705,6640022.522318907,127.50000000000001,6245.91650390625,58691.257990376136,307
-6690089.647961563,6640027.825619766,135.00000000000003,6245.91650390625,58691.257990376136,307
-6690094.951262423,6640033.128920625,142.50000000000003,6245.91650390625,58691.257990376136,307
-6690100.254563281,6640038.432221483,150.0,6245.25927734375,58691.257990376136,307
-6690024.143752246,6640260.278717115,-150.0,6244.5341796875,59197.21711098283,307
-6690031.643752246,6640260.278717115,-142.5,6244.5341796875,59197.21711098283,307
-6690039.143752246,6640260.278717115,-135.0,6244.5341796875,59197.21711098283,307
-6690046.643752246,6640260.278717115,-127.5,6244.5341796875,59197.21711098283,307
-6690054.143752246,6640260.278717115,-120.0,6244.5341796875,59197.21711098283,307
-6690061.643752246,6640260.278717115,-112.5,6244.5341796875,59197.21711098283,307
-6690069.143752246,6640260.278717115,-105.0,6244.5341796875,59197.21711098283,307
-6690076.643752246,6640260.278717115,-97.49999999999999,6244.5341796875,59197.21711098283,307
-6690084.143752246,6640260.278717115,-90.0,6244.5341796875,59197.21711098283,307
-6690091.643752246,6640260.278717115,-82.5,6244.5341796875,59197.21711098283,307
-6690099.143752246,6640260.278717115,-75.0,6244.5341796875,59197.21711098283,307
-6690106.643752246,6640260.278717115,-67.5,6244.5341796875,59197.21711098283,307
-6690114.143752246,6640260.278717115,-59.999999999999986,6244.5341796875,59197.21711098283,307
-6690121.643752246,6640260.278717115,-52.5,6243.2607421875,59197.21711098283,307
-6690129.143752246,6640260.278717115,-44.99999999999999,6243.2607421875,59197.21711098283,307
-6690136.643752246,6640260.278717115,-37.5,6243.2607421875,59197.21711098283,307
-6690144.143752246,6640260.278717115,-29.999999999999993,6243.2607421875,59197.21711098283,307
-6690151.643752246,6640260.278717115,-22.499999999999986,6243.2607421875,59197.21711098283,307
-6690159.143752246,6640260.278717115,-14.999999999999996,6243.2607421875,59197.21711098283,307
-6690166.643752246,6640260.278717115,-7.49999999999999,6243.2607421875,59197.21711098283,307
-6690174.143752246,6640260.278717115,0.0,6243.2607421875,59197.21711098283,307
-6690181.643752246,6640260.278717115,7.500000000000007,6243.2607421875,59197.21711098283,307
-6690189.143752246,6640260.278717115,15.000000000000014,6243.2607421875,59197.21711098283,307
-6690196.643752246,6640260.278717115,22.50000000000002,6243.2607421875,59197.21711098283,307
-6690204.143752246,6640260.278717115,30.00000000000003,6243.2607421875,59197.21711098283,307
-6690211.643752246,6640260.278717115,37.5,6243.2607421875,59197.21711098283,307
-6690219.143752246,6640260.278717115,45.00000000000001,6243.2607421875,59197.21711098283,307
-6690226.643752246,6640260.278717115,52.500000000000014,6243.2607421875,59197.21711098283,307
-6690234.143752246,6640260.278717115,60.00000000000002,6244.5693359375,59197.21711098283,307
-6690241.643752246,6640260.278717115,67.50000000000003,6244.5693359375,59197.21711098283,307
-6690249.143752246,6640260.278717115,75.0,6244.5693359375,59197.21711098283,307
-6690256.643752246,6640260.278717115,82.5,6244.5693359375,59197.21711098283,307
-6690264.143752246,6640260.278717115,90.00000000000001,6244.5693359375,59197.21711098283,307
-6690271.643752246,6640260.278717115,97.50000000000001,6244.5693359375,59197.21711098283,307
-6690279.143752246,6640260.278717115,105.00000000000003,6244.5693359375,59197.21711098283,307
-6690286.643752246,6640260.278717115,112.5,6244.5693359375,59197.21711098283,307
-6690294.143752246,6640260.278717115,120.0,6244.5693359375,59197.21711098283,307
-6690301.643752246,6640260.278717115,127.50000000000001,6244.5693359375,59197.21711098283,307
-6690309.143752246,6640260.278717115,135.00000000000003,6244.5693359375,59197.21711098283,307
-6690316.643752246,6640260.278717115,142.50000000000003,6244.5693359375,59197.21711098283,307
-6690324.143752246,6640260.278717115,150.0,6244.5693359375,59197.21711098283,307
-6690161.499631553,6640740.302276555,-150.0,6242.86572265625,59703.17623158952,307
-6690166.802932411,6640734.998975697,-142.5,6242.86572265625,59703.17623158952,307
-6690172.106233271,6640729.695674838,-135.0,6242.86572265625,59703.17623158952,307
-6690177.409534129,6640724.392373979,-127.5,6242.86572265625,59703.17623158952,307
-6690182.712834989,6640719.08907312,-120.0,6242.86572265625,59703.17623158952,307
-6690188.016135847,6640713.785772261,-112.5,6242.86572265625,59703.17623158952,307
-6690193.319436707,6640708.482471402,-105.0,6243.63818359375,59703.17623158952,307
-6690198.622737565,6640703.179170543,-97.49999999999999,6243.63818359375,59703.17623158952,307
-6690203.9260384245,6640697.875869684,-90.0,6243.63818359375,59703.17623158952,307
-6690209.229339283,6640692.572568825,-82.5,6243.63818359375,59703.17623158952,307
-6690214.532640142,6640687.269267967,-75.0,6243.63818359375,59703.17623158952,307
-6690219.835941001,6640681.965967108,-67.5,6243.63818359375,59703.17623158952,307
-6690225.139241859,6640676.662666249,-59.999999999999986,6243.63818359375,59703.17623158952,307
-6690230.442542719,6640671.35936539,-52.5,6243.63818359375,59703.17623158952,307
-6690235.745843577,6640666.056064531,-44.99999999999999,6242.76416015625,59703.17623158952,307
-6690241.049144437,6640660.752763672,-37.5,6242.76416015625,59703.17623158952,307
-6690246.352445295,6640655.449462813,-29.999999999999993,6242.76416015625,59703.17623158952,307
-6690251.6557461545,6640650.146161954,-22.499999999999986,6242.76416015625,59703.17623158952,307
-6690256.959047013,6640644.842861095,-14.999999999999996,6242.76416015625,59703.17623158952,307
-6690262.262347872,6640639.539560236,-7.49999999999999,6242.76416015625,59703.17623158952,307
-6690267.565648731,6640634.236259378,0.0,6242.76416015625,59703.17623158952,307
-6690272.868949589,6640628.932958519,7.500000000000007,6242.76416015625,59703.17623158952,307
-6690278.172250449,6640623.62965766,15.000000000000014,6242.76416015625,59703.17623158952,307
-6690283.475551307,6640618.326356801,22.50000000000002,6242.76416015625,59703.17623158952,307
-6690288.778852167,6640613.023055942,30.00000000000003,6242.76416015625,59703.17623158952,307
-6690294.082153025,6640607.719755083,37.5,6242.76416015625,59703.17623158952,307
-6690299.3854538845,6640602.416454224,45.00000000000001,6242.76416015625,59703.17623158952,307
-6690304.688754743,6640597.113153365,52.500000000000014,6243.28466796875,59703.17623158952,307
-6690309.992055602,6640591.809852506,60.00000000000002,6243.28466796875,59703.17623158952,307
-6690315.295356461,6640586.506551648,67.50000000000003,6243.28466796875,59703.17623158952,307
-6690320.598657319,6640581.203250788,75.0,6243.28466796875,59703.17623158952,307
-6690325.901958179,6640575.89994993,82.5,6243.28466796875,59703.17623158952,307
-6690331.205259037,6640570.596649071,90.00000000000001,6243.28466796875,59703.17623158952,307
-6690336.508559897,6640565.293348212,97.50000000000001,6243.28466796875,59703.17623158952,307
-6690341.811860755,6640559.990047353,105.00000000000003,6243.28466796875,59703.17623158952,307
-6690347.1151616145,6640554.686746494,112.5,6244.35595703125,59703.17623158952,307
-6690352.418462473,6640549.383445635,120.0,6244.35595703125,59703.17623158952,307
-6690357.721763332,6640544.080144776,127.50000000000001,6244.35595703125,59703.17623158952,307
-6690363.025064191,6640538.776843918,135.00000000000003,6244.35595703125,59703.17623158952,307
-6690368.32836505,6640533.473543058,142.50000000000003,6244.35595703125,59703.17623158952,307
-6690373.631665909,6640528.1702422,150.0,6244.35595703125,59703.17623158952,307
-6690136.772804351,6641038.934553834,-150.0,6242.9072265625,60209.13535219621,307
-6690144.272804351,6641038.934553834,-142.5,6242.9072265625,60209.13535219621,307
-6690151.772804351,6641038.934553834,-135.0,6242.9072265625,60209.13535219621,307
-6690159.272804351,6641038.934553834,-127.5,6242.9072265625,60209.13535219621,307
-6690166.772804351,6641038.934553834,-120.0,6242.9072265625,60209.13535219621,307
-6690174.272804351,6641038.934553834,-112.5,6242.9072265625,60209.13535219621,307
-6690181.772804351,6641038.934553834,-105.0,6242.9072265625,60209.13535219621,307
-6690189.272804351,6641038.934553834,-97.49999999999999,6242.9072265625,60209.13535219621,307
-6690196.772804351,6641038.934553834,-90.0,6242.9072265625,60209.13535219621,307
-6690204.272804351,6641038.934553834,-82.5,6242.9072265625,60209.13535219621,307
-6690211.772804351,6641038.934553834,-75.0,6242.9072265625,60209.13535219621,307
-6690219.272804351,6641038.934553834,-67.5,6242.9072265625,60209.13535219621,307
-6690226.772804351,6641038.934553834,-59.999999999999986,6242.9072265625,60209.13535219621,307
-6690234.272804351,6641038.934553834,-52.5,6242.2197265625,60209.13535219621,307
-6690241.772804351,6641038.934553834,-44.99999999999999,6242.2197265625,60209.13535219621,307
-6690249.272804351,6641038.934553834,-37.5,6242.2197265625,60209.13535219621,307
-6690256.772804351,6641038.934553834,-29.999999999999993,6242.2197265625,60209.13535219621,307
-6690264.272804351,6641038.934553834,-22.499999999999986,6242.2197265625,60209.13535219621,307
-6690271.772804351,6641038.934553834,-14.999999999999996,6242.2197265625,60209.13535219621,307
-6690279.272804351,6641038.934553834,-7.49999999999999,6242.2197265625,60209.13535219621,307
-6690286.772804351,6641038.934553834,0.0,6242.2197265625,60209.13535219621,307
-6690294.272804351,6641038.934553834,7.500000000000007,6242.2197265625,60209.13535219621,307
-6690301.772804351,6641038.934553834,15.000000000000014,6242.2197265625,60209.13535219621,307
-6690309.272804351,6641038.934553834,22.50000000000002,6242.2197265625,60209.13535219621,307
-6690316.772804351,6641038.934553834,30.00000000000003,6242.2197265625,60209.13535219621,307
-6690324.272804351,6641038.934553834,37.5,6242.2197265625,60209.13535219621,307
-6690331.772804351,6641038.934553834,45.00000000000001,6242.2197265625,60209.13535219621,307
-6690339.272804351,6641038.934553834,52.500000000000014,6242.2197265625,60209.13535219621,307
-6690346.772804351,6641038.934553834,60.00000000000002,6243.185546875,60209.13535219621,307
-6690354.272804351,6641038.934553834,67.50000000000003,6243.185546875,60209.13535219621,307
-6690361.772804351,6641038.934553834,75.0,6243.185546875,60209.13535219621,307
-6690369.272804351,6641038.934553834,82.5,6243.185546875,60209.13535219621,307
-6690376.772804351,6641038.934553834,90.00000000000001,6243.185546875,60209.13535219621,307
-6690384.272804351,6641038.934553834,97.50000000000001,6243.185546875,60209.13535219621,307
-6690391.772804351,6641038.934553834,105.00000000000003,6243.185546875,60209.13535219621,307
-6690399.272804351,6641038.934553834,112.5,6243.185546875,60209.13535219621,307
-6690406.772804351,6641038.934553834,120.0,6243.185546875,60209.13535219621,307
-6690414.272804351,6641038.934553834,127.50000000000001,6243.185546875,60209.13535219621,307
-6690421.772804351,6641038.934553834,135.00000000000003,6243.185546875,60209.13535219621,307
-6690429.272804351,6641038.934553834,142.50000000000003,6243.185546875,60209.13535219621,307
-6690436.772804351,6641038.934553834,150.0,6243.185546875,60209.13535219621,307
-6690028.20086264,6641375.657634978,-150.0,6242.68115234375,60715.0944728029,307
-6690033.504163498,6641380.960935837,-142.5,6242.68115234375,60715.0944728029,307
-6690038.807464357,6641386.264236696,-135.0,6242.60498046875,60715.0944728029,307
-6690044.110765216,6641391.567537555,-127.5,6242.60498046875,60715.0944728029,307
-6690049.414066075,6641396.870838414,-120.0,6242.60498046875,60715.0944728029,307
-6690054.717366934,6641402.174139272,-112.5,6242.60498046875,60715.0944728029,307
-6690060.020667793,6641407.477440132,-105.0,6242.60498046875,60715.0944728029,307
-6690065.323968652,6641412.78074099,-97.49999999999999,6242.60498046875,60715.0944728029,307
-6690070.627269511,6641418.08404185,-90.0,6242.60498046875,60715.0944728029,307
-6690075.93057037,6641423.387342708,-82.5,6242.60498046875,60715.0944728029,307
-6690081.233871229,6641428.690643568,-75.0,6242.60498046875,60715.0944728029,307
-6690086.5371720875,6641433.993944426,-67.5,6242.60498046875,60715.0944728029,307
-6690091.840472946,6641439.297245285,-59.999999999999986,6242.60498046875,60715.0944728029,307
-6690097.143773805,6641444.600546144,-52.5,6242.60498046875,60715.0944728029,307
-6690102.447074664,6641449.903847002,-44.99999999999999,6242.60498046875,60715.0944728029,307
-6690107.750375523,6641455.207147862,-37.5,6242.60498046875,60715.0944728029,307
-6690113.053676382,6641460.51044872,-29.999999999999993,6242.60498046875,60715.0944728029,307
-6690118.356977241,6641465.81374958,-22.499999999999986,6241.958984375,60715.0944728029,307
-6690123.6602781,6641471.117050438,-14.999999999999996,6241.958984375,60715.0944728029,307
-6690128.963578959,6641476.420351298,-7.49999999999999,6241.958984375,60715.0944728029,307
-6690134.2668798175,6641481.723652156,0.0,6241.958984375,60715.0944728029,307
-6690139.570180676,6641487.026953015,7.500000000000007,6241.958984375,60715.0944728029,307
-6690144.873481535,6641492.330253874,15.000000000000014,6241.958984375,60715.0944728029,307
-6690150.176782394,6641497.633554732,22.50000000000002,6241.958984375,60715.0944728029,307
-6690155.480083253,6641502.936855592,30.00000000000003,6242.6083984375,60715.0944728029,307
-6690160.783384112,6641508.24015645,37.5,6242.6083984375,60715.0944728029,307
-6690166.086684971,6641513.54345731,45.00000000000001,6242.6083984375,60715.0944728029,307
-6690171.38998583,6641518.846758168,52.500000000000014,6242.6083984375,60715.0944728029,307
-6690176.693286689,6641524.150059028,60.00000000000002,6242.6083984375,60715.0944728029,307
-6690181.9965875475,6641529.453359886,67.50000000000003,6242.6083984375,60715.0944728029,307
-6690187.299888406,6641534.756660745,75.0,6242.6083984375,60715.0944728029,307
-6690192.603189265,6641540.059961604,82.5,6242.6083984375,60715.0944728029,307
-6690197.906490124,6641545.363262462,90.00000000000001,6242.6083984375,60715.0944728029,307
-6690203.209790983,6641550.666563322,97.50000000000001,6242.6083984375,60715.0944728029,307
-6690208.513091842,6641555.96986418,105.00000000000003,6242.6083984375,60715.0944728029,307
-6690213.816392701,6641561.27316504,112.5,6242.6083984375,60715.0944728029,307
-6690219.11969356,6641566.576465898,120.0,6242.6083984375,60715.0944728029,307
-6690224.422994419,6641571.879766758,127.50000000000001,6242.6083984375,60715.0944728029,307
-6690229.7262952775,6641577.183067616,135.00000000000003,6242.6083984375,60715.0944728029,307
-6690235.029596137,6641582.4863684755,142.50000000000003,6242.111328125,60715.0944728029,307
-6690240.332896995,6641587.789669334,150.0,6242.111328125,60715.0944728029,307
-6689750.074503956,6641766.413045764,-150.0,6242.193359375,61221.05359340959,307
-6689755.377804815,6641771.716346623,-142.5,6242.193359375,61221.05359340959,307
-6689760.681105674,6641777.019647482,-135.0,6242.193359375,61221.05359340959,307
-6689765.984406533,6641782.32294834,-127.5,6242.193359375,61221.05359340959,307
-6689771.287707392,6641787.6262492,-120.0,6242.193359375,61221.05359340959,307
-6689776.591008251,6641792.929550059,-112.5,6242.193359375,61221.05359340959,307
-6689781.89430911,6641798.232850918,-105.0,6241.662109375,61221.05359340959,307
-6689787.1976099685,6641803.536151776,-97.49999999999999,6241.662109375,61221.05359340959,307
-6689792.500910828,6641808.8394526355,-90.0,6241.662109375,61221.05359340959,307
-6689797.804211686,6641814.142753495,-82.5,6241.662109375,61221.05359340959,307
-6689803.107512545,6641819.446054353,-75.0,6241.662109375,61221.05359340959,307
-6689808.410813404,6641824.749355212,-67.5,6241.662109375,61221.05359340959,307
-6689813.714114263,6641830.052656071,-59.999999999999986,6241.662109375,61221.05359340959,307
-6689819.017415122,6641835.355956931,-52.5,6241.662109375,61221.05359340959,307
-6689824.320715981,6641840.659257789,-44.99999999999999,6241.4130859375,61221.05359340959,307
-6689829.62401684,6641845.962558648,-37.5,6241.4130859375,61221.05359340959,307
-6689834.9273176985,6641851.265859507,-29.999999999999993,6241.4130859375,61221.05359340959,307
-6689840.230618558,6641856.569160366,-22.499999999999986,6241.4130859375,61221.05359340959,307
-6689845.533919416,6641861.872461225,-14.999999999999996,6241.4130859375,61221.05359340959,307
-6689850.837220276,6641867.175762083,-7.49999999999999,6241.4130859375,61221.05359340959,307
-6689856.140521134,6641872.479062943,0.0,6241.4130859375,61221.05359340959,307
-6689861.443821993,6641877.782363802,7.500000000000007,6241.4130859375,61221.05359340959,307
-6689866.747122852,6641883.085664661,15.000000000000014,6241.4130859375,61221.05359340959,307
-6689872.050423711,6641888.388965519,22.50000000000002,6241.4130859375,61221.05359340959,307
-6689877.35372457,6641893.692266379,30.00000000000003,6241.4130859375,61221.05359340959,307
-6689882.6570254285,6641898.995567238,37.5,6241.4130859375,61221.05359340959,307
-6689887.960326288,6641904.298868096,45.00000000000001,6241.4130859375,61221.05359340959,307
-6689893.263627146,6641909.602168955,52.500000000000014,6241.48828125,61221.05359340959,307
-6689898.566928006,6641914.905469814,60.00000000000002,6241.48828125,61221.05359340959,307
-6689903.870228864,6641920.208770674,67.50000000000003,6241.48828125,61221.05359340959,307
-6689909.173529724,6641925.512071532,75.0,6241.48828125,61221.05359340959,307
-6689914.476830582,6641930.815372391,82.5,6241.48828125,61221.05359340959,307
-6689919.780131441,6641936.11867325,90.00000000000001,6241.48828125,61221.05359340959,307
-6689925.0834323,6641941.4219741095,97.50000000000001,6241.48828125,61221.05359340959,307
-6689930.3867331585,6641946.725274968,105.00000000000003,6241.48828125,61221.05359340959,307
-6689935.690034018,6641952.028575826,112.5,6240.951171875,61221.05359340959,307
-6689940.993334876,6641957.331876686,120.0,6240.951171875,61221.05359340959,307
-6689946.296635736,6641962.635177545,127.50000000000001,6240.951171875,61221.05359340959,307
-6689951.599936594,6641967.938478404,135.00000000000003,6240.951171875,61221.05359340959,307
-6689956.903237454,6641973.241779262,142.50000000000003,6240.951171875,61221.05359340959,307
-6689962.206538312,6641978.545080122,150.0,6240.951171875,61221.05359340959,307
-6689697.206249483,6642157.168456552,-150.0,6241.21728515625,61727.01271401628,307
-6689702.509550341,6642162.47175741,-142.5,6241.21728515625,61727.01271401628,307
-6689707.812851201,6642167.7750582695,-135.0,6241.21728515625,61727.01271401628,307
-6689713.116152059,6642173.078359128,-127.5,6241.21728515625,61727.01271401628,307
-6689718.419452919,6642178.381659987,-120.0,6241.302734375,61727.01271401628,307
-6689723.722753777,6642183.684960846,-112.5,6241.302734375,61727.01271401628,307
-6689729.026054637,6642188.988261705,-105.0,6241.302734375,61727.01271401628,307
-6689734.329355495,6642194.291562564,-97.49999999999999,6241.302734375,61727.01271401628,307
-6689739.632656354,6642199.594863423,-90.0,6241.302734375,61727.01271401628,307
-6689744.935957213,6642204.898164282,-82.5,6241.302734375,61727.01271401628,307
-6689750.239258071,6642210.201465141,-75.0,6241.302734375,61727.01271401628,307
-6689755.542558931,6642215.5047659995,-67.5,6241.302734375,61727.01271401628,307
-6689760.845859789,6642220.808066858,-59.999999999999986,6241.302734375,61727.01271401628,307
-6689766.149160649,6642226.111367717,-52.5,6241.302734375,61727.01271401628,307
-6689771.452461507,6642231.414668576,-44.99999999999999,6241.302734375,61727.01271401628,307
-6689776.755762367,6642236.717969435,-37.5,6241.302734375,61727.01271401628,307
-6689782.059063225,6642242.021270294,-29.999999999999993,6240.91650390625,61727.01271401628,307
-6689787.362364084,6642247.324571153,-22.499999999999986,6240.91650390625,61727.01271401628,307
-6689792.665664943,6642252.627872012,-14.999999999999996,6240.91650390625,61727.01271401628,307
-6689797.968965802,6642257.931172871,-7.49999999999999,6240.91650390625,61727.01271401628,307
-6689803.272266661,6642263.2344737295,0.0,6240.91650390625,61727.01271401628,307
-6689808.575567519,6642268.537774588,7.500000000000007,6240.91650390625,61727.01271401628,307
-6689813.878868379,6642273.841075447,15.000000000000014,6240.91650390625,61727.01271401628,307
-6689819.182169237,6642279.144376306,22.50000000000002,6240.91650390625,61727.01271401628,307
-6689824.485470097,6642284.447677165,30.00000000000003,6240.91650390625,61727.01271401628,307
-6689829.788770955,6642289.750978024,37.5,6240.9501953125,61727.01271401628,307
-6689835.092071814,6642295.054278883,45.00000000000001,6240.9501953125,61727.01271401628,307
-6689840.395372673,6642300.357579742,52.500000000000014,6240.9501953125,61727.01271401628,307
-6689845.698673532,6642305.660880601,60.00000000000002,6240.9501953125,61727.01271401628,307
-6689851.001974391,6642310.9641814595,67.50000000000003,6240.9501953125,61727.01271401628,307
-6689856.30527525,6642316.267482318,75.0,6240.9501953125,61727.01271401628,307
-6689861.608576109,6642321.570783177,82.5,6240.9501953125,61727.01271401628,307
-6689866.911876967,6642326.874084036,90.00000000000001,6240.9501953125,61727.01271401628,307
-6689872.215177827,6642332.177384895,97.50000000000001,6240.9501953125,61727.01271401628,307
-6689877.518478685,6642337.480685754,105.00000000000003,6240.9501953125,61727.01271401628,307
-6689882.821779544,6642342.783986613,112.5,6240.9501953125,61727.01271401628,307
-6689888.125080403,6642348.087287472,120.0,6240.9501953125,61727.01271401628,307
-6689893.428381262,6642353.390588331,127.50000000000001,6242.736328125,61727.01271401628,307
-6689898.731682121,6642358.6938891895,135.00000000000003,6242.736328125,61727.01271401628,307
-6689904.03498298,6642363.997190049,142.50000000000003,6242.736328125,61727.01271401628,307
-6689909.338283839,6642369.300490907,150.0,6242.736328125,61727.01271401628,307
-6689578.361423802,6642613.900438544,-150.0,6240.84912109375,62232.97183462297,307
-6689583.664724661,6642619.203739403,-142.5,6240.84912109375,62232.97183462297,307
-6689588.9680255195,6642624.507040262,-135.0,6240.78955078125,62232.97183462297,307
-6689594.271326378,6642629.810341121,-127.5,6240.78955078125,62232.97183462297,307
-6689599.574627237,6642635.11364198,-120.0,6240.78955078125,62232.97183462297,307
-6689604.877928097,6642640.416942839,-112.5,6240.78955078125,62232.97183462297,307
-6689610.181228955,6642645.720243698,-105.0,6240.78955078125,62232.97183462297,307
-6689615.484529814,6642651.023544556,-97.49999999999999,6240.78955078125,62232.97183462297,307
-6689620.787830673,6642656.326845416,-90.0,6240.78955078125,62232.97183462297,307
-6689626.091131533,6642661.630146274,-82.5,6240.78955078125,62232.97183462297,307
-6689631.394432391,6642666.933447134,-75.0,6240.78955078125,62232.97183462297,307
-6689636.6977332495,6642672.236747992,-67.5,6240.78955078125,62232.97183462297,307
-6689642.001034109,6642677.540048851,-59.999999999999986,6240.78955078125,62232.97183462297,307
-6689647.304334968,6642682.84334971,-52.5,6240.78955078125,62232.97183462297,307
-6689652.607635827,6642688.146650569,-44.99999999999999,6240.78955078125,62232.97183462297,307
-6689657.910936685,6642693.449951428,-37.5,6240.78955078125,62232.97183462297,307
-6689663.214237545,6642698.753252286,-29.999999999999993,6240.78955078125,62232.97183462297,307
-6689668.517538404,6642704.056553146,-22.499999999999986,6239.8876953125,62232.97183462297,307
-6689673.820839263,6642709.359854004,-14.999999999999996,6239.8876953125,62232.97183462297,307
-6689679.124140121,6642714.663154864,-7.49999999999999,6239.8876953125,62232.97183462297,307
-6689684.42744098,6642719.966455722,0.0,6239.8876953125,62232.97183462297,307
-6689689.73074184,6642725.269756581,7.500000000000007,6239.8876953125,62232.97183462297,307
-6689695.034042698,6642730.57305744,15.000000000000014,6239.8876953125,62232.97183462297,307
-6689700.337343557,6642735.876358299,22.50000000000002,6239.8876953125,62232.97183462297,307
-6689705.640644416,6642741.179659158,30.00000000000003,6240.70654296875,62232.97183462297,307
-6689710.943945276,6642746.4829600165,37.5,6240.70654296875,62232.97183462297,307
-6689716.247246134,6642751.786260876,45.00000000000001,6240.70654296875,62232.97183462297,307
-6689721.550546993,6642757.089561734,52.500000000000014,6240.70654296875,62232.97183462297,307
-6689726.853847852,6642762.392862594,60.00000000000002,6240.70654296875,62232.97183462297,307
-6689732.157148711,6642767.696163452,67.50000000000003,6240.70654296875,62232.97183462297,307
-6689737.46044957,6642772.999464311,75.0,6240.70654296875,62232.97183462297,307
-6689742.763750428,6642778.30276517,82.5,6240.70654296875,62232.97183462297,307
-6689748.067051288,6642783.606066029,90.00000000000001,6240.70654296875,62232.97183462297,307
-6689753.370352147,6642788.909366888,97.50000000000001,6240.70654296875,62232.97183462297,307
-6689758.673653006,6642794.2126677465,105.00000000000003,6240.70654296875,62232.97183462297,307
-6689763.976953864,6642799.515968606,112.5,6240.70654296875,62232.97183462297,307
-6689769.2802547235,6642804.819269464,120.0,6240.70654296875,62232.97183462297,307
-6689774.583555583,6642810.122570324,127.50000000000001,6240.70654296875,62232.97183462297,307
-6689779.886856441,6642815.425871182,135.00000000000003,6240.70654296875,62232.97183462297,307
-6689785.1901573,6642820.729172042,142.50000000000003,6243.7255859375,62232.97183462297,307
-6689790.493458159,6642826.0324729,150.0,6243.7255859375,62232.97183462297,307
-6689235.740387516,6642876.94724367,-150.0,6239.12353515625,62738.93095522966,307
-6689243.240387516,6642876.94724367,-142.5,6239.12353515625,62738.93095522966,307
-6689250.740387516,6642876.94724367,-135.0,6239.12353515625,62738.93095522966,307
-6689258.240387516,6642876.94724367,-127.5,6239.12353515625,62738.93095522966,307
-6689265.740387516,6642876.94724367,-120.0,6239.12353515625,62738.93095522966,307
-6689273.240387516,6642876.94724367,-112.5,6239.12353515625,62738.93095522966,307
-6689280.740387516,6642876.94724367,-105.0,6239.12353515625,62738.93095522966,307
-6689288.240387516,6642876.94724367,-97.49999999999999,6239.12353515625,62738.93095522966,307
-6689295.740387516,6642876.94724367,-90.0,6239.12353515625,62738.93095522966,307
-6689303.240387516,6642876.94724367,-82.5,6239.12353515625,62738.93095522966,307
-6689310.740387516,6642876.94724367,-75.0,6239.12353515625,62738.93095522966,307
-6689318.240387516,6642876.94724367,-67.5,6239.12353515625,62738.93095522966,307
-6689325.740387516,6642876.94724367,-59.999999999999986,6239.12353515625,62738.93095522966,307
-6689333.240387516,6642876.94724367,-52.5,6239.2548828125,62738.93095522966,307
-6689340.740387516,6642876.94724367,-44.99999999999999,6239.2548828125,62738.93095522966,307
-6689348.240387516,6642876.94724367,-37.5,6239.2548828125,62738.93095522966,307
-6689355.740387516,6642876.94724367,-29.999999999999993,6239.2548828125,62738.93095522966,307
-6689363.240387516,6642876.94724367,-22.499999999999986,6239.2548828125,62738.93095522966,307
-6689370.740387516,6642876.94724367,-14.999999999999996,6239.2548828125,62738.93095522966,307
-6689378.240387516,6642876.94724367,-7.49999999999999,6239.2548828125,62738.93095522966,307
-6689385.740387516,6642876.94724367,0.0,6239.2548828125,62738.93095522966,307
-6689393.240387516,6642876.94724367,7.500000000000007,6239.2548828125,62738.93095522966,307
-6689400.740387516,6642876.94724367,15.000000000000014,6239.2548828125,62738.93095522966,307
-6689408.240387516,6642876.94724367,22.50000000000002,6239.2548828125,62738.93095522966,307
-6689415.740387516,6642876.94724367,30.00000000000003,6239.2548828125,62738.93095522966,307
-6689423.240387516,6642876.94724367,37.5,6239.2548828125,62738.93095522966,307
-6689430.740387516,6642876.94724367,45.00000000000001,6239.2548828125,62738.93095522966,307
-6689438.240387516,6642876.94724367,52.500000000000014,6239.2548828125,62738.93095522966,307
-6689445.740387516,6642876.94724367,60.00000000000002,6243.42919921875,62738.93095522966,307
-6689453.240387516,6642876.94724367,67.50000000000003,6243.42919921875,62738.93095522966,307
-6689460.740387516,6642876.94724367,75.0,6243.42919921875,62738.93095522966,307
-6689468.240387516,6642876.94724367,82.5,6243.42919921875,62738.93095522966,307
-6689475.740387516,6642876.94724367,90.00000000000001,6243.42919921875,62738.93095522966,307
-6689483.240387516,6642876.94724367,97.50000000000001,6243.42919921875,62738.93095522966,307
-6689490.740387516,6642876.94724367,105.00000000000003,6243.42919921875,62738.93095522966,307
-6689498.240387516,6642876.94724367,112.5,6243.42919921875,62738.93095522966,307
-6689505.740387516,6642876.94724367,120.0,6243.42919921875,62738.93095522966,307
-6689513.240387516,6642876.94724367,127.50000000000001,6243.42919921875,62738.93095522966,307
-6689520.740387516,6642876.94724367,135.00000000000003,6243.42919921875,62738.93095522966,307
-6689528.240387516,6642876.94724367,142.50000000000003,6243.42919921875,62738.93095522966,307
-6689535.740387516,6642876.94724367,150.0,6243.42919921875,62738.93095522966,307
-6689114.792494225,6643093.911613396,-150.0,6239.798828125,63244.89007583635,307
-6689114.792494225,6643101.411613396,-142.5,6239.798828125,63244.89007583635,307
-6689114.792494225,6643108.911613396,-135.0,6239.798828125,63244.89007583635,307
-6689114.792494225,6643116.411613396,-127.5,6239.798828125,63244.89007583635,307
-6689114.792494225,6643123.911613396,-120.0,6239.798828125,63244.89007583635,307
-6689114.792494225,6643131.411613396,-112.5,6239.798828125,63244.89007583635,307
-6689114.792494225,6643138.911613396,-105.0,6239.798828125,63244.89007583635,307
-6689114.792494225,6643146.411613396,-97.49999999999999,6239.798828125,63244.89007583635,307
-6689114.792494225,6643153.911613396,-90.0,6239.798828125,63244.89007583635,307
-6689114.792494225,6643161.411613396,-82.5,6239.798828125,63244.89007583635,307
-6689114.792494225,6643168.911613396,-75.0,6239.798828125,63244.89007583635,307
-6689114.792494225,6643176.411613396,-67.5,6239.798828125,63244.89007583635,307
-6689114.792494225,6643183.911613396,-59.999999999999986,6239.798828125,63244.89007583635,307
-6689114.792494225,6643191.411613396,-52.5,6239.65625,63244.89007583635,307
-6689114.792494225,6643198.911613396,-44.99999999999999,6239.65625,63244.89007583635,307
-6689114.792494225,6643206.411613396,-37.5,6239.65625,63244.89007583635,307
-6689114.792494225,6643213.911613396,-29.999999999999993,6239.65625,63244.89007583635,307
-6689114.792494225,6643221.411613396,-22.499999999999986,6239.65625,63244.89007583635,307
-6689114.792494225,6643228.911613396,-14.999999999999996,6239.65625,63244.89007583635,307
-6689114.792494225,6643236.411613396,-7.49999999999999,6239.65625,63244.89007583635,307
-6689114.792494225,6643243.911613396,0.0,6239.65625,63244.89007583635,307
-6689114.792494225,6643251.411613396,7.500000000000007,6239.65625,63244.89007583635,307
-6689114.792494225,6643258.911613396,15.000000000000014,6239.65625,63244.89007583635,307
-6689114.792494225,6643266.411613396,22.50000000000002,6239.65625,63244.89007583635,307
-6689114.792494225,6643273.911613396,30.00000000000003,6239.65625,63244.89007583635,307
-6689114.792494225,6643281.411613396,37.5,6239.65625,63244.89007583635,307
-6689114.792494225,6643288.911613396,45.00000000000001,6239.65625,63244.89007583635,307
-6689114.792494225,6643296.411613396,52.500000000000014,6239.65625,63244.89007583635,307
-6689114.792494225,6643303.911613396,60.00000000000002,6245.87255859375,63244.89007583635,307
-6689114.792494225,6643311.411613396,67.50000000000003,6245.87255859375,63244.89007583635,307
-6689114.792494225,6643318.911613396,75.0,6245.87255859375,63244.89007583635,307
-6689114.792494225,6643326.411613396,82.5,6245.87255859375,63244.89007583635,307
-6689114.792494225,6643333.911613396,90.00000000000001,6245.87255859375,63244.89007583635,307
-6689114.792494225,6643341.411613396,97.50000000000001,6245.87255859375,63244.89007583635,307
-6689114.792494225,6643348.911613396,105.00000000000003,6245.87255859375,63244.89007583635,307
-6689114.792494225,6643356.411613396,112.5,6245.87255859375,63244.89007583635,307
-6689114.792494225,6643363.911613396,120.0,6245.87255859375,63244.89007583635,307
-6689114.792494225,6643371.411613396,127.50000000000001,6245.87255859375,63244.89007583635,307
-6689114.792494225,6643378.911613396,135.00000000000003,6245.87255859375,63244.89007583635,307
-6689114.792494225,6643386.411613396,142.50000000000003,6245.87255859375,63244.89007583635,307
-6689114.792494225,6643393.911613396,150.0,6245.87255859375,63244.89007583635,307
-6689092.939599396,6643726.388120153,-150.0,6253.736328125,63750.84919644304,307
-6689098.242900254,6643721.0848192945,-142.5,6253.736328125,63750.84919644304,307
-6689103.546201114,6643715.781518435,-135.0,6253.736328125,63750.84919644304,307
-6689108.849501972,6643710.478217577,-127.5,6248.60498046875,63750.84919644304,307
-6689114.1528028315,6643705.174916717,-120.0,6248.60498046875,63750.84919644304,307
-6689119.45610369,6643699.871615859,-112.5,6248.60498046875,63750.84919644304,307
-6689124.759404549,6643694.568314999,-105.0,6248.60498046875,63750.84919644304,307
-6689130.062705408,6643689.265014141,-97.49999999999999,6248.60498046875,63750.84919644304,307
-6689135.366006267,6643683.961713281,-90.0,6248.60498046875,63750.84919644304,307
-6689140.669307126,6643678.658412423,-82.5,6248.60498046875,63750.84919644304,307
-6689145.972607985,6643673.355111564,-75.0,6248.60498046875,63750.84919644304,307
-6689151.275908844,6643668.051810705,-67.5,6248.60498046875,63750.84919644304,307
-6689156.579209702,6643662.748509847,-59.999999999999986,6248.60498046875,63750.84919644304,307
-6689161.8825105615,6643657.445208987,-52.5,6248.60498046875,63750.84919644304,307
-6689167.18581142,6643652.141908129,-44.99999999999999,6248.60498046875,63750.84919644304,307
-6689172.489112279,6643646.838607269,-37.5,6248.60498046875,63750.84919644304,307
-6689177.792413138,6643641.535306411,-29.999999999999993,6248.60498046875,63750.84919644304,307
-6689183.095713997,6643636.232005551,-22.499999999999986,6235.77783203125,63750.84919644304,307
-6689188.399014856,6643630.928704693,-14.999999999999996,6235.77783203125,63750.84919644304,307
-6689193.702315715,6643625.625403834,-7.49999999999999,6235.77783203125,63750.84919644304,307
-6689199.005616574,6643620.322102975,0.0,6235.77783203125,63750.84919644304,307
-6689204.308917432,6643615.018802117,7.500000000000007,6235.77783203125,63750.84919644304,307
-6689209.6122182915,6643609.715501257,15.000000000000014,6235.77783203125,63750.84919644304,307
-6689214.91551915,6643604.412200399,22.50000000000002,6235.77783203125,63750.84919644304,307
-6689220.218820009,6643599.108899539,30.00000000000003,6236.599609375,63750.84919644304,307
-6689225.522120868,6643593.805598681,37.5,6236.599609375,63750.84919644304,307
-6689230.825421727,6643588.502297821,45.00000000000001,6236.599609375,63750.84919644304,307
-6689236.128722586,6643583.198996963,52.500000000000014,6236.599609375,63750.84919644304,307
-6689241.432023445,6643577.895696104,60.00000000000002,6236.599609375,63750.84919644304,307
-6689246.735324304,6643572.592395245,67.50000000000003,6236.599609375,63750.84919644304,307
-6689252.038625162,6643567.289094387,75.0,6236.599609375,63750.84919644304,307
-6689257.3419260215,6643561.985793527,82.5,6236.599609375,63750.84919644304,307
-6689262.64522688,6643556.682492669,90.00000000000001,6236.599609375,63750.84919644304,307
-6689267.948527739,6643551.379191809,97.50000000000001,6236.599609375,63750.84919644304,307
-6689273.251828598,6643546.075890951,105.00000000000003,6236.599609375,63750.84919644304,307
-6689278.555129457,6643540.772590091,112.5,6236.599609375,63750.84919644304,307
-6689283.858430316,6643535.469289233,120.0,6236.599609375,63750.84919644304,307
-6689289.161731175,6643530.165988374,127.50000000000001,6236.599609375,63750.84919644304,307
-6689294.465032034,6643524.862687515,135.00000000000003,6241.68994140625,63750.84919644304,307
-6689299.768332893,6643519.559386656,142.50000000000003,6241.68994140625,63750.84919644304,307
-6689305.0716337515,6643514.256085797,150.0,6241.68994140625,63750.84919644304,307
-6689291.425191577,6644150.131816544,-150.0,6254.58447265625,64256.808317049734,307
-6689296.728492435,6644144.828515684,-142.5,6254.58447265625,64256.808317049734,307
-6689302.0317932945,6644139.525214826,-135.0,6254.58447265625,64256.808317049734,307
-6689307.335094153,6644134.221913967,-127.5,6254.58447265625,64256.808317049734,307
-6689312.638395012,6644128.918613108,-120.0,6254.58447265625,64256.808317049734,307
-6689317.941695871,6644123.6153122485,-112.5,6254.58447265625,64256.808317049734,307
-6689323.24499673,6644118.31201139,-105.0,6254.58447265625,64256.808317049734,307
-6689328.548297589,6644113.0087105315,-97.49999999999999,6254.58447265625,64256.808317049734,307
-6689333.851598448,6644107.705409672,-90.0,6240.748046875,64256.808317049734,307
-6689339.154899307,6644102.402108813,-82.5,6240.748046875,64256.808317049734,307
-6689344.458200166,6644097.098807954,-75.0,6240.748046875,64256.808317049734,307
-6689349.7615010245,6644091.795507096,-67.5,6240.748046875,64256.808317049734,307
-6689355.064801883,6644086.492206236,-59.999999999999986,6234.16259765625,64256.808317049734,307
-6689360.368102742,6644081.188905377,-52.5,6234.16259765625,64256.808317049734,307
-6689365.671403601,6644075.8856045185,-44.99999999999999,6234.16259765625,64256.808317049734,307
-6689370.97470446,6644070.58230366,-37.5,6234.16259765625,64256.808317049734,307
-6689376.278005319,6644065.279002801,-29.999999999999993,6234.16259765625,64256.808317049734,307
-6689381.581306178,6644059.975701941,-22.499999999999986,6234.16259765625,64256.808317049734,307
-6689386.884607037,6644054.672401083,-14.999999999999996,6234.16259765625,64256.808317049734,307
-6689392.187907896,6644049.369100224,-7.49999999999999,6234.16259765625,64256.808317049734,307
-6689397.4912087545,6644044.065799365,0.0,6234.16259765625,64256.808317049734,307
-6689402.794509613,6644038.762498505,7.500000000000007,6234.16259765625,64256.808317049734,307
-6689408.097810472,6644033.459197647,15.000000000000014,6234.16259765625,64256.808317049734,307
-6689413.401111331,6644028.155896788,22.50000000000002,6234.16259765625,64256.808317049734,307
-6689418.70441219,6644022.852595929,30.00000000000003,6234.16259765625,64256.808317049734,307
-6689424.007713049,6644017.54929507,37.5,6234.16259765625,64256.808317049734,307
-6689429.311013908,6644012.245994211,45.00000000000001,6234.16259765625,64256.808317049734,307
-6689434.614314767,6644006.942693353,52.500000000000014,6234.16259765625,64256.808317049734,307
-6689439.917615626,6644001.639392493,60.00000000000002,6234.16259765625,64256.808317049734,307
-6689445.2209164845,6643996.336091634,67.50000000000003,6239.7421875,64256.808317049734,307
-6689450.524217343,6643991.032790775,75.0,6239.7421875,64256.808317049734,307
-6689455.827518202,6643985.729489917,82.5,6239.7421875,64256.808317049734,307
-6689461.130819061,6643980.4261890575,90.00000000000001,6239.7421875,64256.808317049734,307
-6689466.43411992,6643975.122888198,97.50000000000001,6239.32275390625,64256.808317049734,307
-6689471.737420779,6643969.81958734,105.00000000000003,6239.32275390625,64256.808317049734,307
-6689477.040721638,6643964.516286481,112.5,6239.32275390625,64256.808317049734,307
-6689482.344022497,6643959.212985622,120.0,6239.32275390625,64256.808317049734,307
-6689487.647323356,6643953.909684762,127.50000000000001,6239.32275390625,64256.808317049734,307
-6689492.9506242145,6643948.606383904,135.00000000000003,6239.32275390625,64256.808317049734,307
-6689498.253925074,6643943.303083045,142.50000000000003,6239.32275390625,64256.808317049734,307
-6689503.557225932,6643937.999782186,150.0,6239.32275390625,64256.808317049734,307
-6689569.551550259,6644540.887227329,-150.0,6238.130859375,64762.767437656425,307
-6689574.854851117,6644535.583926471,-142.5,6235.2900390625,64762.767437656425,307
-6689580.158151977,6644530.280625612,-135.0,6235.2900390625,64762.767437656425,307
-6689585.461452836,6644524.977324753,-127.5,6235.2900390625,64762.767437656425,307
-6689590.764753695,6644519.674023894,-120.0,6235.2900390625,64762.767437656425,307
-6689596.068054553,6644514.370723035,-112.5,6235.2900390625,64762.767437656425,307
-6689601.3713554125,6644509.067422176,-105.0,6235.2900390625,64762.767437656425,307
-6689606.674656272,6644503.764121317,-97.49999999999999,6235.2900390625,64762.767437656425,307
-6689611.97795713,6644498.460820458,-90.0,6235.2900390625,64762.767437656425,307
-6689617.281257989,6644493.157519599,-82.5,6235.2900390625,64762.767437656425,307
-6689622.584558848,6644487.85421874,-75.0,6235.2900390625,64762.767437656425,307
-6689627.887859708,6644482.550917882,-67.5,6235.2900390625,64762.767437656425,307
-6689633.191160566,6644477.247617023,-59.999999999999986,6235.2900390625,64762.767437656425,307
-6689638.494461425,6644471.944316164,-52.5,6235.2900390625,64762.767437656425,307
-6689643.797762284,6644466.641015305,-44.99999999999999,6235.2900390625,64762.767437656425,307
-6689649.101063143,6644461.337714446,-37.5,6235.2900390625,64762.767437656425,307
-6689654.404364002,6644456.034413587,-29.999999999999993,6235.2900390625,64762.767437656425,307
-6689659.70766486,6644450.731112728,-22.499999999999986,6235.2900390625,64762.767437656425,307
-6689665.01096572,6644445.427811869,-14.999999999999996,6235.2900390625,64762.767437656425,307
-6689670.314266579,6644440.12451101,-7.49999999999999,6235.4736328125,64762.767437656425,307
-6689675.617567438,6644434.821210152,0.0,6235.4736328125,64762.767437656425,307
-6689680.920868296,6644429.517909293,7.500000000000007,6235.4736328125,64762.767437656425,307
-6689686.224169156,6644424.214608434,15.000000000000014,6239.85302734375,64762.767437656425,307
-6689691.527470015,6644418.911307575,22.50000000000002,6239.85302734375,64762.767437656425,307
-6689696.830770873,6644413.608006716,30.00000000000003,6239.85302734375,64762.767437656425,307
-6689702.134071732,6644408.304705857,37.5,6239.85302734375,64762.767437656425,307
-6689707.437372591,6644403.001404998,45.00000000000001,6239.85302734375,64762.767437656425,307
-6689712.740673451,6644397.698104139,52.500000000000014,6239.85302734375,64762.767437656425,307
-6689718.043974309,6644392.39480328,60.00000000000002,6239.85302734375,64762.767437656425,307
-6689723.347275168,6644387.091502422,67.50000000000003,6239.85302734375,64762.767437656425,307
-6689728.650576027,6644381.788201563,75.0,6239.85302734375,64762.767437656425,307
-6689733.9538768865,6644376.484900704,82.5,6239.85302734375,64762.767437656425,307
-6689739.257177745,6644371.181599845,90.00000000000001,6239.85302734375,64762.767437656425,307
-6689744.5604786035,6644365.878298986,97.50000000000001,6239.85302734375,64762.767437656425,307
-6689749.863779463,6644360.574998127,105.00000000000003,6239.85302734375,64762.767437656425,307
-6689755.167080322,6644355.271697268,112.5,6239.85302734375,64762.767437656425,307
-6689760.470381181,6644349.968396409,120.0,6239.85302734375,64762.767437656425,307
-6689765.773682039,6644344.66509555,127.50000000000001,6239.85302734375,64762.767437656425,307
-6689771.076982899,6644339.3617946915,135.00000000000003,6239.85302734375,64762.767437656425,307
-6689776.380283758,6644334.058493832,142.50000000000003,6239.85302734375,64762.767437656425,307
-6689781.6835846165,6644328.755192974,150.0,6238.6826171875,64762.767437656425,307
-6689798.885648037,6644761.612414405,-150.0,6238.23046875,65268.726558263115,307
-6689806.385648037,6644761.612414405,-142.5,6238.23046875,65268.726558263115,307
-6689813.885648037,6644761.612414405,-135.0,6238.23046875,65268.726558263115,307
-6689821.385648037,6644761.612414405,-127.5,6238.23046875,65268.726558263115,307
-6689828.885648037,6644761.612414405,-120.0,6238.23046875,65268.726558263115,307
-6689836.385648037,6644761.612414405,-112.5,6238.23046875,65268.726558263115,307
-6689843.885648037,6644761.612414405,-105.0,6238.23046875,65268.726558263115,307
-6689851.385648037,6644761.612414405,-97.49999999999999,6238.23046875,65268.726558263115,307
-6689858.885648037,6644761.612414405,-90.0,6238.23046875,65268.726558263115,307
-6689866.385648037,6644761.612414405,-82.5,6238.23046875,65268.726558263115,307
-6689873.885648037,6644761.612414405,-75.0,6238.23046875,65268.726558263115,307
-6689881.385648037,6644761.612414405,-67.5,6238.23046875,65268.726558263115,307
-6689888.885648037,6644761.612414405,-59.999999999999986,6238.23046875,65268.726558263115,307
-6689896.385648037,6644761.612414405,-52.5,6234.08740234375,65268.726558263115,307
-6689903.885648037,6644761.612414405,-44.99999999999999,6234.08740234375,65268.726558263115,307
-6689911.385648037,6644761.612414405,-37.5,6234.08740234375,65268.726558263115,307
-6689918.885648037,6644761.612414405,-29.999999999999993,6234.08740234375,65268.726558263115,307
-6689926.385648037,6644761.612414405,-22.499999999999986,6234.08740234375,65268.726558263115,307
-6689933.885648037,6644761.612414405,-14.999999999999996,6234.08740234375,65268.726558263115,307
-6689941.385648037,6644761.612414405,-7.49999999999999,6234.08740234375,65268.726558263115,307
-6689948.885648037,6644761.612414405,0.0,6234.08740234375,65268.726558263115,307
-6689956.385648037,6644761.612414405,7.500000000000007,6234.08740234375,65268.726558263115,307
-6689963.885648037,6644761.612414405,15.000000000000014,6234.08740234375,65268.726558263115,307
-6689971.385648037,6644761.612414405,22.50000000000002,6234.08740234375,65268.726558263115,307
-6689978.885648037,6644761.612414405,30.00000000000003,6234.08740234375,65268.726558263115,307
-6689986.385648037,6644761.612414405,37.5,6234.08740234375,65268.726558263115,307
-6689993.885648037,6644761.612414405,45.00000000000001,6234.08740234375,65268.726558263115,307
-6690001.385648037,6644761.612414405,52.500000000000014,6234.08740234375,65268.726558263115,307
-6690008.885648037,6644761.612414405,60.00000000000002,6235.34619140625,65268.726558263115,307
-6690016.385648037,6644761.612414405,67.50000000000003,6235.34619140625,65268.726558263115,307
-6690023.885648037,6644761.612414405,75.0,6235.34619140625,65268.726558263115,307
-6690031.385648037,6644761.612414405,82.5,6235.34619140625,65268.726558263115,307
-6690038.885648037,6644761.612414405,90.00000000000001,6235.34619140625,65268.726558263115,307
-6690046.385648037,6644761.612414405,97.50000000000001,6235.34619140625,65268.726558263115,307
-6690053.885648037,6644761.612414405,105.00000000000003,6235.34619140625,65268.726558263115,307
-6690061.385648037,6644761.612414405,112.5,6235.34619140625,65268.726558263115,307
-6690068.885648037,6644761.612414405,120.0,6235.34619140625,65268.726558263115,307
-6690076.385648037,6644761.612414405,127.50000000000001,6235.34619140625,65268.726558263115,307
-6690083.885648037,6644761.612414405,135.00000000000003,6235.34619140625,65268.726558263115,307
-6690091.385648037,6644761.612414405,142.50000000000003,6235.34619140625,65268.726558263115,307
-6690098.885648037,6644761.612414405,150.0,6235.34619140625,65268.726558263115,307
-6689831.745579202,6645063.613533649,-150.0,6236.904296875,65774.6856788698,307
-6689837.04888006,6645068.916834507,-142.5,6236.904296875,65774.6856788698,307
-6689842.35218092,6645074.220135367,-135.0,6236.904296875,65774.6856788698,307
-6689847.655481778,6645079.523436225,-127.5,6236.904296875,65774.6856788698,307
-6689852.9587826375,6645084.826737084,-120.0,6236.904296875,65774.6856788698,307
-6689858.262083496,6645090.130037943,-112.5,6236.904296875,65774.6856788698,307
-6689863.565384355,6645095.433338802,-105.0,6236.904296875,65774.6856788698,307
-6689868.868685214,6645100.736639661,-97.49999999999999,6236.904296875,65774.6856788698,307
-6689874.171986073,6645106.03994052,-90.0,6235.0673828125,65774.6856788698,307
-6689879.475286932,6645111.343241379,-82.5,6235.0673828125,65774.6856788698,307
-6689884.77858779,6645116.646542238,-75.0,6235.0673828125,65774.6856788698,307
-6689890.08188865,6645121.949843097,-67.5,6235.0673828125,65774.6856788698,307
-6689895.385189508,6645127.253143955,-59.999999999999986,6233.2060546875,65774.6856788698,307
-6689900.6884903675,6645132.556444814,-52.5,6233.2060546875,65774.6856788698,307
-6689905.991791226,6645137.859745673,-44.99999999999999,6233.2060546875,65774.6856788698,307
-6689911.295092085,6645143.163046532,-37.5,6233.2060546875,65774.6856788698,307
-6689916.598392944,6645148.466347391,-29.999999999999993,6233.2060546875,65774.6856788698,307
-6689921.901693803,6645153.76964825,-22.499999999999986,6233.2060546875,65774.6856788698,307
-6689927.204994662,6645159.072949109,-14.999999999999996,6233.2060546875,65774.6856788698,307
-6689932.508295521,6645164.376249968,-7.49999999999999,6233.2060546875,65774.6856788698,307
-6689937.81159638,6645169.679550827,0.0,6233.2060546875,65774.6856788698,307
-6689943.114897238,6645174.982851685,7.500000000000007,6233.2060546875,65774.6856788698,307
-6689948.4181980975,6645180.286152544,15.000000000000014,6233.2060546875,65774.6856788698,307
-6689953.721498956,6645185.589453403,22.50000000000002,6233.2060546875,65774.6856788698,307
-6689959.024799815,6645190.892754262,30.00000000000003,6233.2060546875,65774.6856788698,307
-6689964.328100674,6645196.196055121,37.5,6233.2060546875,65774.6856788698,307
-6689969.631401533,6645201.49935598,45.00000000000001,6233.2060546875,65774.6856788698,307
-6689974.934702392,6645206.802656839,52.500000000000014,6233.2060546875,65774.6856788698,307
-6689980.238003251,6645212.105957698,60.00000000000002,6233.2060546875,65774.6856788698,307
-6689985.54130411,6645217.409258557,67.50000000000003,6235.56787109375,65774.6856788698,307
-6689990.844604969,6645222.712559415,75.0,6235.56787109375,65774.6856788698,307
-6689996.1479058275,6645228.015860274,82.5,6235.56787109375,65774.6856788698,307
-6690001.451206686,6645233.319161133,90.00000000000001,6235.56787109375,65774.6856788698,307
-6690006.754507545,6645238.622461992,97.50000000000001,6236.51171875,65774.6856788698,307
-6690012.057808404,6645243.925762851,105.00000000000003,6236.51171875,65774.6856788698,307
-6690017.361109263,6645249.22906371,112.5,6236.51171875,65774.6856788698,307
-6690022.664410122,6645254.532364569,120.0,6236.51171875,65774.6856788698,307
-6690027.967710981,6645259.835665428,127.50000000000001,6236.51171875,65774.6856788698,307
-6690033.27101184,6645265.138966287,135.00000000000003,6236.51171875,65774.6856788698,307
-6690038.574312699,6645270.442267146,142.50000000000003,6236.51171875,65774.6856788698,307
-6690043.8776135575,6645275.745568004,150.0,6236.51171875,65774.6856788698,307
-6689573.627543828,6645586.920732022,-150.0,6235.94140625,66280.6447994765,307
-6689581.127543828,6645586.920732022,-142.5,6235.94140625,66280.6447994765,307
-6689588.627543828,6645586.920732022,-135.0,6235.94140625,66280.6447994765,307
-6689596.127543828,6645586.920732022,-127.5,6235.94140625,66280.6447994765,307
-6689603.627543828,6645586.920732022,-120.0,6235.94140625,66280.6447994765,307
-6689611.127543828,6645586.920732022,-112.5,6235.94140625,66280.6447994765,307
-6689618.627543828,6645586.920732022,-105.0,6235.94140625,66280.6447994765,307
-6689626.127543828,6645586.920732022,-97.49999999999999,6235.94140625,66280.6447994765,307
-6689633.627543828,6645586.920732022,-90.0,6235.94140625,66280.6447994765,307
-6689641.127543828,6645586.920732022,-82.5,6235.94140625,66280.6447994765,307
-6689648.627543828,6645586.920732022,-75.0,6235.94140625,66280.6447994765,307
-6689656.127543828,6645586.920732022,-67.5,6235.94140625,66280.6447994765,307
-6689663.627543828,6645586.920732022,-59.999999999999986,6235.94140625,66280.6447994765,307
-6689671.127543828,6645586.920732022,-52.5,6231.1455078125,66280.6447994765,307
-6689678.627543828,6645586.920732022,-44.99999999999999,6231.1455078125,66280.6447994765,307
-6689686.127543828,6645586.920732022,-37.5,6231.1455078125,66280.6447994765,307
-6689693.627543828,6645586.920732022,-29.999999999999993,6231.1455078125,66280.6447994765,307
-6689701.127543828,6645586.920732022,-22.499999999999986,6231.1455078125,66280.6447994765,307
-6689708.627543828,6645586.920732022,-14.999999999999996,6231.1455078125,66280.6447994765,307
-6689716.127543828,6645586.920732022,-7.49999999999999,6231.1455078125,66280.6447994765,307
-6689723.627543828,6645586.920732022,0.0,6231.1455078125,66280.6447994765,307
-6689731.127543828,6645586.920732022,7.500000000000007,6231.1455078125,66280.6447994765,307
-6689738.627543828,6645586.920732022,15.000000000000014,6231.1455078125,66280.6447994765,307
-6689746.127543828,6645586.920732022,22.50000000000002,6231.1455078125,66280.6447994765,307
-6689753.627543828,6645586.920732022,30.00000000000003,6231.1455078125,66280.6447994765,307
-6689761.127543828,6645586.920732022,37.5,6231.1455078125,66280.6447994765,307
-6689768.627543828,6645586.920732022,45.00000000000001,6231.1455078125,66280.6447994765,307
-6689776.127543828,6645586.920732022,52.500000000000014,6231.1455078125,66280.6447994765,307
-6689783.627543828,6645586.920732022,60.00000000000002,6236.05517578125,66280.6447994765,307
-6689791.127543828,6645586.920732022,67.50000000000003,6236.05517578125,66280.6447994765,307
-6689798.627543828,6645586.920732022,75.0,6236.05517578125,66280.6447994765,307
-6689806.127543828,6645586.920732022,82.5,6236.05517578125,66280.6447994765,307
-6689813.627543828,6645586.920732022,90.00000000000001,6236.05517578125,66280.6447994765,307
-6689821.127543828,6645586.920732022,97.50000000000001,6236.05517578125,66280.6447994765,307
-6689828.627543828,6645586.920732022,105.00000000000003,6236.05517578125,66280.6447994765,307
-6689836.127543828,6645586.920732022,112.5,6236.05517578125,66280.6447994765,307
-6689843.627543828,6645586.920732022,120.0,6236.05517578125,66280.6447994765,307
-6689851.127543828,6645586.920732022,127.50000000000001,6236.05517578125,66280.6447994765,307
-6689858.627543828,6645586.920732022,135.00000000000003,6236.05517578125,66280.6447994765,307
-6689866.127543828,6645586.920732022,142.50000000000003,6236.05517578125,66280.6447994765,307
-6689873.627543828,6645586.920732022,150.0,6236.05517578125,66280.6447994765,307
-6689866.863355111,6646015.905086972,-150.0,6235.66650390625,66786.60392008319,307
-6689861.560054253,6646010.601786113,-142.5,6235.66650390625,66786.60392008319,307
-6689856.256753393,6646005.298485254,-135.0,6235.66650390625,66786.60392008319,307
-6689850.953452535,6645999.995184395,-127.5,6234.46875,66786.60392008319,307
-6689845.650151676,6645994.691883536,-120.0,6234.46875,66786.60392008319,307
-6689840.346850817,6645989.388582678,-112.5,6234.46875,66786.60392008319,307
-6689835.043549958,6645984.085281818,-105.0,6234.46875,66786.60392008319,307
-6689829.740249099,6645978.78198096,-97.49999999999999,6234.46875,66786.60392008319,307
-6689824.43694824,6645973.4786801,-90.0,6234.46875,66786.60392008319,307
-6689819.133647381,6645968.175379242,-82.5,6234.46875,66786.60392008319,307
-6689813.830346523,6645962.872078383,-75.0,6234.46875,66786.60392008319,307
-6689808.527045663,6645957.568777524,-67.5,6234.46875,66786.60392008319,307
-6689803.223744805,6645952.265476665,-59.999999999999986,6234.46875,66786.60392008319,307
-6689797.920443946,6645946.962175806,-52.5,6234.46875,66786.60392008319,307
-6689792.617143087,6645941.658874948,-44.99999999999999,6234.46875,66786.60392008319,307
-6689787.313842228,6645936.355574088,-37.5,6234.46875,66786.60392008319,307
-6689782.010541369,6645931.05227323,-29.999999999999993,6234.46875,66786.60392008319,307
-6689776.70724051,6645925.74897237,-22.499999999999986,6234.076171875,66786.60392008319,307
-6689771.403939651,6645920.445671512,-14.999999999999996,6234.076171875,66786.60392008319,307
-6689766.100638792,6645915.142370652,-7.49999999999999,6234.076171875,66786.60392008319,307
-6689760.797337933,6645909.839069794,0.0,6234.076171875,66786.60392008319,307
-6689755.494037075,6645904.535768935,7.500000000000007,6234.076171875,66786.60392008319,307
-6689750.190736216,6645899.232468076,15.000000000000014,6234.076171875,66786.60392008319,307
-6689744.887435357,6645893.929167218,22.50000000000002,6234.076171875,66786.60392008319,307
-6689739.584134498,6645888.625866358,30.00000000000003,6235.17578125,66786.60392008319,307
-6689734.280833639,6645883.3225655,37.5,6235.17578125,66786.60392008319,307
-6689728.97753278,6645878.01926464,45.00000000000001,6235.17578125,66786.60392008319,307
-6689723.674231921,6645872.715963782,52.500000000000014,6235.17578125,66786.60392008319,307
-6689718.370931062,6645867.412662922,60.00000000000002,6235.17578125,66786.60392008319,307
-6689713.067630203,6645862.109362064,67.50000000000003,6235.17578125,66786.60392008319,307
-6689707.764329344,6645856.8060612045,75.0,6235.17578125,66786.60392008319,307
-6689702.461028486,6645851.502760346,82.5,6235.17578125,66786.60392008319,307
-6689697.157727627,6645846.199459488,90.00000000000001,6235.17578125,66786.60392008319,307
-6689691.854426768,6645840.896158628,97.50000000000001,6235.17578125,66786.60392008319,307
-6689686.551125909,6645835.59285777,105.00000000000003,6235.17578125,66786.60392008319,307
-6689681.24782505,6645830.28955691,112.5,6235.17578125,66786.60392008319,307
-6689675.944524191,6645824.986256052,120.0,6235.17578125,66786.60392008319,307
-6689670.641223332,6645819.682955192,127.50000000000001,6235.17578125,66786.60392008319,307
-6689665.337922473,6645814.379654334,135.00000000000003,6235.86279296875,66786.60392008319,307
-6689660.034621614,6645809.0763534745,142.50000000000003,6235.86279296875,66786.60392008319,307
-6689654.731320756,6645803.773052616,150.0,6235.86279296875,66786.60392008319,307
-6690142.195248673,6645984.3798117945,-150.0,6236.0107421875,67292.56304068989,307
-6690142.195248673,6645976.8798117945,-142.5,6236.0107421875,67292.56304068989,307
-6690142.195248673,6645969.3798117945,-135.0,6236.0107421875,67292.56304068989,307
-6690142.195248673,6645961.8798117945,-127.5,6236.0107421875,67292.56304068989,307
-6690142.195248673,6645954.3798117945,-120.0,6236.0107421875,67292.56304068989,307
-6690142.195248673,6645946.8798117945,-112.5,6236.0107421875,67292.56304068989,307
-6690142.195248673,6645939.3798117945,-105.0,6236.0107421875,67292.56304068989,307
-6690142.195248673,6645931.8798117945,-97.49999999999999,6236.0107421875,67292.56304068989,307
-6690142.195248673,6645924.3798117945,-90.0,6236.0107421875,67292.56304068989,307
-6690142.195248673,6645916.8798117945,-82.5,6236.0107421875,67292.56304068989,307
-6690142.195248673,6645909.3798117945,-75.0,6236.0107421875,67292.56304068989,307
-6690142.195248673,6645901.8798117945,-67.5,6236.0107421875,67292.56304068989,307
-6690142.195248673,6645894.3798117945,-59.999999999999986,6236.0107421875,67292.56304068989,307
-6690142.195248673,6645886.8798117945,-52.5,6232.57470703125,67292.56304068989,307
-6690142.195248673,6645879.3798117945,-44.99999999999999,6232.57470703125,67292.56304068989,307
-6690142.195248673,6645871.8798117945,-37.5,6232.57470703125,67292.56304068989,307
-6690142.195248673,6645864.3798117945,-29.999999999999993,6232.57470703125,67292.56304068989,307
-6690142.195248673,6645856.8798117945,-22.499999999999986,6232.57470703125,67292.56304068989,307
-6690142.195248673,6645849.3798117945,-14.999999999999996,6232.57470703125,67292.56304068989,307
-6690142.195248673,6645841.8798117945,-7.49999999999999,6232.57470703125,67292.56304068989,307
-6690142.195248673,6645834.3798117945,0.0,6232.57470703125,67292.56304068989,307
-6690142.195248673,6645826.8798117945,7.500000000000007,6232.57470703125,67292.56304068989,307
-6690142.195248673,6645819.3798117945,15.000000000000014,6232.57470703125,67292.56304068989,307
-6690142.195248673,6645811.8798117945,22.50000000000002,6232.57470703125,67292.56304068989,307
-6690142.195248673,6645804.3798117945,30.00000000000003,6232.57470703125,67292.56304068989,307
-6690142.195248673,6645796.8798117945,37.5,6232.57470703125,67292.56304068989,307
-6690142.195248673,6645789.3798117945,45.00000000000001,6232.57470703125,67292.56304068989,307
-6690142.195248673,6645781.8798117945,52.500000000000014,6232.57470703125,67292.56304068989,307
-6690142.195248673,6645774.3798117945,60.00000000000002,6234.84130859375,67292.56304068989,307
-6690142.195248673,6645766.8798117945,67.50000000000003,6234.84130859375,67292.56304068989,307
-6690142.195248673,6645759.3798117945,75.0,6234.84130859375,67292.56304068989,307
-6690142.195248673,6645751.8798117945,82.5,6234.84130859375,67292.56304068989,307
-6690142.195248673,6645744.3798117945,90.00000000000001,6234.84130859375,67292.56304068989,307
-6690142.195248673,6645736.8798117945,97.50000000000001,6234.84130859375,67292.56304068989,307
-6690142.195248673,6645729.3798117945,105.00000000000003,6234.84130859375,67292.56304068989,307
-6690142.195248673,6645721.8798117945,112.5,6234.84130859375,67292.56304068989,307
-6690142.195248673,6645714.3798117945,120.0,6234.84130859375,67292.56304068989,307
-6690142.195248673,6645706.8798117945,127.50000000000001,6234.84130859375,67292.56304068989,307
-6690142.195248673,6645699.3798117945,135.00000000000003,6234.84130859375,67292.56304068989,307
-6690142.195248673,6645691.8798117945,142.50000000000003,6234.84130859375,67292.56304068989,307
-6690142.195248673,6645684.3798117945,150.0,6234.84130859375,67292.56304068989,307
-6690356.601375827,6646228.969469733,-150.0,6234.35595703125,67798.52216129657,307
-6690361.904676685,6646223.666168874,-142.5,6234.8466796875,67798.52216129657,307
-6690367.2079775445,6646218.362868015,-135.0,6234.8466796875,67798.52216129657,307
-6690372.511278404,6646213.059567156,-127.5,6234.8466796875,67798.52216129657,307
-6690377.814579262,6646207.756266297,-120.0,6234.8466796875,67798.52216129657,307
-6690383.117880121,6646202.452965438,-112.5,6234.8466796875,67798.52216129657,307
-6690388.42118098,6646197.149664579,-105.0,6234.8466796875,67798.52216129657,307
-6690393.72448184,6646191.8463637205,-97.49999999999999,6234.8466796875,67798.52216129657,307
-6690399.027782698,6646186.543062861,-90.0,6234.8466796875,67798.52216129657,307
-6690404.331083557,6646181.239762003,-82.5,6234.8466796875,67798.52216129657,307
-6690409.634384416,6646175.936461143,-75.0,6234.8466796875,67798.52216129657,307
-6690414.937685275,6646170.633160285,-67.5,6234.8466796875,67798.52216129657,307
-6690420.240986134,6646165.329859426,-59.999999999999986,6234.8466796875,67798.52216129657,307
-6690425.544286992,6646160.026558567,-52.5,6234.8466796875,67798.52216129657,307
-6690430.847587852,6646154.723257708,-44.99999999999999,6234.8466796875,67798.52216129657,307
-6690436.150888711,6646149.419956849,-37.5,6234.8466796875,67798.52216129657,307
-6690441.45418957,6646144.1166559905,-29.999999999999993,6234.8466796875,67798.52216129657,307
-6690446.757490428,6646138.813355131,-22.499999999999986,6234.8466796875,67798.52216129657,307
-6690452.060791288,6646133.510054273,-14.999999999999996,6234.8466796875,67798.52216129657,307
-6690457.364092147,6646128.206753413,-7.49999999999999,6232.5986328125,67798.52216129657,307
-6690462.667393005,6646122.903452555,0.0,6232.5986328125,67798.52216129657,307
-6690467.970693864,6646117.600151696,7.500000000000007,6232.5986328125,67798.52216129657,307
-6690473.273994723,6646112.296850837,15.000000000000014,6234.24609375,67798.52216129657,307
-6690478.577295583,6646106.993549978,22.50000000000002,6234.24609375,67798.52216129657,307
-6690483.880596441,6646101.690249119,30.00000000000003,6234.24609375,67798.52216129657,307
-6690489.1838973,6646096.3869482605,37.5,6234.24609375,67798.52216129657,307
-6690494.487198159,6646091.083647401,45.00000000000001,6234.24609375,67798.52216129657,307
-6690499.7904990185,6646085.780346543,52.500000000000014,6234.24609375,67798.52216129657,307
-6690505.093799877,6646080.477045683,60.00000000000002,6234.24609375,67798.52216129657,307
-6690510.397100735,6646075.173744825,67.50000000000003,6234.24609375,67798.52216129657,307
-6690515.700401595,6646069.870443966,75.0,6234.24609375,67798.52216129657,307
-6690521.003702454,6646064.567143107,82.5,6234.24609375,67798.52216129657,307
-6690526.307003313,6646059.263842248,90.00000000000001,6234.24609375,67798.52216129657,307
-6690531.610304171,6646053.960541389,97.50000000000001,6234.24609375,67798.52216129657,307
-6690536.913605031,6646048.6572405305,105.00000000000003,6234.24609375,67798.52216129657,307
-6690542.21690589,6646043.353939671,112.5,6234.24609375,67798.52216129657,307
-6690547.5202067485,6646038.050638813,120.0,6234.24609375,67798.52216129657,307
-6690552.823507607,6646032.747337953,127.50000000000001,6234.24609375,67798.52216129657,307
-6690558.126808466,6646027.444037095,135.00000000000003,6234.24609375,67798.52216129657,307
-6690563.430109326,6646022.140736235,142.50000000000003,6234.24609375,67798.52216129657,307
-6690568.733410184,6646016.837435377,150.0,6234.7119140625,67798.52216129657,307
-6690714.368501012,6646586.736594916,-150.0,6233.138671875,68304.48128190327,307
-6690719.671801871,6646581.433294058,-142.5,6233.138671875,68304.48128190327,307
-6690724.97510273,6646576.129993198,-135.0,6233.138671875,68304.48128190327,307
-6690730.278403589,6646570.82669234,-127.5,6233.138671875,68304.48128190327,307
-6690735.581704448,6646565.523391481,-120.0,6232.76806640625,68304.48128190327,307
-6690740.885005306,6646560.220090622,-112.5,6232.76806640625,68304.48128190327,307
-6690746.188306166,6646554.916789763,-105.0,6232.76806640625,68304.48128190327,307
-6690751.491607024,6646549.613488904,-97.49999999999999,6232.76806640625,68304.48128190327,307
-6690756.794907884,6646544.310188045,-90.0,6232.76806640625,68304.48128190327,307
-6690762.098208742,6646539.006887186,-82.5,6232.76806640625,68304.48128190327,307
-6690767.401509602,6646533.703586327,-75.0,6232.76806640625,68304.48128190327,307
-6690772.70481046,6646528.400285468,-67.5,6232.76806640625,68304.48128190327,307
-6690778.008111319,6646523.09698461,-59.999999999999986,6232.76806640625,68304.48128190327,307
-6690783.311412178,6646517.793683751,-52.5,6232.76806640625,68304.48128190327,307
-6690788.614713036,6646512.490382892,-44.99999999999999,6232.76806640625,68304.48128190327,307
-6690793.918013896,6646507.187082033,-37.5,6230.48046875,68304.48128190327,307
-6690799.221314754,6646501.883781174,-29.999999999999993,6230.48046875,68304.48128190327,307
-6690804.524615614,6646496.580480315,-22.499999999999986,6230.48046875,68304.48128190327,307
-6690809.827916472,6646491.277179456,-14.999999999999996,6230.48046875,68304.48128190327,307
-6690815.131217332,6646485.973878597,-7.49999999999999,6230.48046875,68304.48128190327,307
-6690820.43451819,6646480.670577738,0.0,6230.48046875,68304.48128190327,307
-6690825.737819049,6646475.36727688,7.500000000000007,6230.48046875,68304.48128190327,307
-6690831.041119908,6646470.063976021,15.000000000000014,6230.48046875,68304.48128190327,307
-6690836.344420766,6646464.760675162,22.50000000000002,6230.48046875,68304.48128190327,307
-6690841.647721626,6646459.457374303,30.00000000000003,6230.48046875,68304.48128190327,307
-6690846.951022484,6646454.154073444,37.5,6230.48046875,68304.48128190327,307
-6690852.254323344,6646448.850772585,45.00000000000001,6232.884765625,68304.48128190327,307
-6690857.557624202,6646443.547471726,52.500000000000014,6232.884765625,68304.48128190327,307
-6690862.860925062,6646438.244170867,60.00000000000002,6232.884765625,68304.48128190327,307
-6690868.16422592,6646432.940870008,67.50000000000003,6232.884765625,68304.48128190327,307
-6690873.467526779,6646427.63756915,75.0,6232.884765625,68304.48128190327,307
-6690878.770827638,6646422.334268291,82.5,6232.884765625,68304.48128190327,307
-6690884.074128496,6646417.030967432,90.00000000000001,6232.884765625,68304.48128190327,307
-6690889.377429356,6646411.727666573,97.50000000000001,6232.884765625,68304.48128190327,307
-6690894.680730214,6646406.424365714,105.00000000000003,6232.884765625,68304.48128190327,307
-6690899.984031074,6646401.121064855,112.5,6232.884765625,68304.48128190327,307
-6690905.287331932,6646395.817763996,120.0,6232.884765625,68304.48128190327,307
-6690910.590632792,6646390.514463137,127.50000000000001,6233.4384765625,68304.48128190327,307
-6690915.89393365,6646385.211162278,135.00000000000003,6233.4384765625,68304.48128190327,307
-6690921.1972345095,6646379.907861419,142.50000000000003,6233.4384765625,68304.48128190327,307
-6690926.500535368,6646374.604560561,150.0,6233.4384765625,68304.48128190327,307
-6690812.547116976,6646927.764732543,-150.0,6233.05322265625,68810.44040250995,307
-6690820.047116976,6646927.764732543,-142.5,6233.05322265625,68810.44040250995,307
-6690827.547116976,6646927.764732543,-135.0,6233.05322265625,68810.44040250995,307
-6690835.047116976,6646927.764732543,-127.5,6233.05322265625,68810.44040250995,307
-6690842.547116976,6646927.764732543,-120.0,6233.05322265625,68810.44040250995,307
-6690850.047116976,6646927.764732543,-112.5,6233.05322265625,68810.44040250995,307
-6690857.547116976,6646927.764732543,-105.0,6233.05322265625,68810.44040250995,307
-6690865.047116976,6646927.764732543,-97.49999999999999,6233.05322265625,68810.44040250995,307
-6690872.547116976,6646927.764732543,-90.0,6233.05322265625,68810.44040250995,307
-6690880.047116976,6646927.764732543,-82.5,6233.05322265625,68810.44040250995,307
-6690887.547116976,6646927.764732543,-75.0,6233.05322265625,68810.44040250995,307
-6690895.047116976,6646927.764732543,-67.5,6233.05322265625,68810.44040250995,307
-6690902.547116976,6646927.764732543,-59.999999999999986,6233.05322265625,68810.44040250995,307
-6690910.047116976,6646927.764732543,-52.5,6230.70556640625,68810.44040250995,307
-6690917.547116976,6646927.764732543,-44.99999999999999,6230.70556640625,68810.44040250995,307
-6690925.047116976,6646927.764732543,-37.5,6230.70556640625,68810.44040250995,307
-6690932.547116976,6646927.764732543,-29.999999999999993,6230.70556640625,68810.44040250995,307
-6690940.047116976,6646927.764732543,-22.499999999999986,6230.70556640625,68810.44040250995,307
-6690947.547116976,6646927.764732543,-14.999999999999996,6230.70556640625,68810.44040250995,307
-6690955.047116976,6646927.764732543,-7.49999999999999,6230.70556640625,68810.44040250995,307
-6690962.547116976,6646927.764732543,0.0,6230.70556640625,68810.44040250995,307
-6690970.047116976,6646927.764732543,7.500000000000007,6230.70556640625,68810.44040250995,307
-6690977.547116976,6646927.764732543,15.000000000000014,6230.70556640625,68810.44040250995,307
-6690985.047116976,6646927.764732543,22.50000000000002,6230.70556640625,68810.44040250995,307
-6690992.547116976,6646927.764732543,30.00000000000003,6230.70556640625,68810.44040250995,307
-6691000.047116976,6646927.764732543,37.5,6230.70556640625,68810.44040250995,307
-6691007.547116976,6646927.764732543,45.00000000000001,6230.70556640625,68810.44040250995,307
-6691015.047116976,6646927.764732543,52.500000000000014,6230.70556640625,68810.44040250995,307
-6691022.547116976,6646927.764732543,60.00000000000002,6233.0146484375,68810.44040250995,307
-6691030.047116976,6646927.764732543,67.50000000000003,6233.0146484375,68810.44040250995,307
-6691037.547116976,6646927.764732543,75.0,6233.0146484375,68810.44040250995,307
-6691045.047116976,6646927.764732543,82.5,6233.0146484375,68810.44040250995,307
-6691052.547116976,6646927.764732543,90.00000000000001,6233.0146484375,68810.44040250995,307
-6691060.047116976,6646927.764732543,97.50000000000001,6233.0146484375,68810.44040250995,307
-6691067.547116976,6646927.764732543,105.00000000000003,6233.0146484375,68810.44040250995,307
-6691075.047116976,6646927.764732543,112.5,6233.0146484375,68810.44040250995,307
-6691082.547116976,6646927.764732543,120.0,6233.0146484375,68810.44040250995,307
-6691090.047116976,6646927.764732543,127.50000000000001,6233.0146484375,68810.44040250995,307
-6691097.547116976,6646927.764732543,135.00000000000003,6233.0146484375,68810.44040250995,307
-6691105.047116976,6646927.764732543,142.50000000000003,6233.0146484375,68810.44040250995,307
-6691112.547116976,6646927.764732543,150.0,6233.0146484375,68810.44040250995,307
-6690681.263280724,6647255.080238942,-150.0,6232.5390625,69316.39952311665,307
-6690686.566581583,6647260.3835398005,-142.5,6232.5390625,69316.39952311665,307
-6690691.869882442,6647265.68684066,-135.0,6232.5390625,69316.39952311665,307
-6690697.1731833005,6647270.990141518,-127.5,6232.5390625,69316.39952311665,307
-6690702.47648416,6647276.293442378,-120.0,6232.5390625,69316.39952311665,307
-6690707.779785018,6647281.596743236,-112.5,6232.5390625,69316.39952311665,307
-6690713.083085878,6647286.900044096,-105.0,6232.5390625,69316.39952311665,307
-6690718.386386736,6647292.203344954,-97.49999999999999,6232.5390625,69316.39952311665,307
-6690723.689687596,6647297.506645814,-90.0,6232.5390625,69316.39952311665,307
-6690728.992988454,6647302.809946672,-82.5,6232.5390625,69316.39952311665,307
-6690734.296289314,6647308.113247531,-75.0,6232.5390625,69316.39952311665,307
-6690739.599590172,6647313.41654839,-67.5,6232.5390625,69316.39952311665,307
-6690744.902891031,6647318.719849248,-59.999999999999986,6232.5390625,69316.39952311665,307
-6690750.20619189,6647324.023150108,-52.5,6232.5390625,69316.39952311665,307
-6690755.509492748,6647329.326450966,-44.99999999999999,6232.5390625,69316.39952311665,307
-6690760.812793608,6647334.629751826,-37.5,6232.5390625,69316.39952311665,307
-6690766.116094466,6647339.933052684,-29.999999999999993,6232.5390625,69316.39952311665,307
-6690771.419395326,6647345.236353544,-22.499999999999986,6232.5390625,69316.39952311665,307
-6690776.722696184,6647350.539654402,-14.999999999999996,6232.5390625,69316.39952311665,307
-6690782.025997044,6647355.8429552615,-7.49999999999999,6231.013671875,69316.39952311665,307
-6690787.329297902,6647361.14625612,0.0,6231.013671875,69316.39952311665,307
-6690792.632598761,6647366.449556978,7.500000000000007,6231.013671875,69316.39952311665,307
-6690797.93589962,6647371.752857838,15.000000000000014,6234.03564453125,69316.39952311665,307
-6690803.239200478,6647377.056158696,22.50000000000002,6234.03564453125,69316.39952311665,307
-6690808.542501338,6647382.359459556,30.00000000000003,6234.03564453125,69316.39952311665,307
-6690813.845802196,6647387.662760414,37.5,6234.03564453125,69316.39952311665,307
-6690819.149103056,6647392.966061274,45.00000000000001,6234.03564453125,69316.39952311665,307
-6690824.452403914,6647398.269362132,52.500000000000014,6234.03564453125,69316.39952311665,307
-6690829.755704774,6647403.5726629915,60.00000000000002,6234.03564453125,69316.39952311665,307
-6690835.059005632,6647408.87596385,67.50000000000003,6234.03564453125,69316.39952311665,307
-6690840.362306491,6647414.179264709,75.0,6234.03564453125,69316.39952311665,307
-6690845.66560735,6647419.482565568,82.5,6234.03564453125,69316.39952311665,307
-6690850.968908208,6647424.785866426,90.00000000000001,6234.03564453125,69316.39952311665,307
-6690856.272209068,6647430.089167286,97.50000000000001,6234.03564453125,69316.39952311665,307
-6690861.575509926,6647435.392468144,105.00000000000003,6234.03564453125,69316.39952311665,307
-6690866.878810786,6647440.695769004,112.5,6234.03564453125,69316.39952311665,307
-6690872.182111644,6647445.999069862,120.0,6234.03564453125,69316.39952311665,307
-6690877.485412504,6647451.3023707215,127.50000000000001,6234.03564453125,69316.39952311665,307
-6690882.788713362,6647456.60567158,135.00000000000003,6234.03564453125,69316.39952311665,307
-6690888.0920142215,6647461.908972439,142.50000000000003,6234.03564453125,69316.39952311665,307
-6690893.39531508,6647467.212273298,150.0,6234.03564453125,69316.39952311665,307
-6690323.4961555395,6647612.847364127,-150.0,6231.978515625,69822.35864372333,307
-6690328.799456399,6647618.150664985,-142.5,6231.978515625,69822.35864372333,307
-6690334.102757257,6647623.453965845,-135.0,6231.978515625,69822.35864372333,307
-6690339.406058116,6647628.757266703,-127.5,6231.978515625,69822.35864372333,307
-6690344.709358975,6647634.0605675625,-120.0,6231.875,69822.35864372333,307
-6690350.012659835,6647639.363868421,-112.5,6231.875,69822.35864372333,307
-6690355.315960693,6647644.66716928,-105.0,6231.875,69822.35864372333,307
-6690360.619261552,6647649.970470139,-97.49999999999999,6231.875,69822.35864372333,307
-6690365.922562411,6647655.273770998,-90.0,6231.875,69822.35864372333,307
-6690371.22586327,6647660.577071857,-82.5,6231.875,69822.35864372333,307
-6690376.529164129,6647665.880372716,-75.0,6231.875,69822.35864372333,307
-6690381.832464987,6647671.183673575,-67.5,6231.875,69822.35864372333,307
-6690387.135765847,6647676.486974433,-59.999999999999986,6231.875,69822.35864372333,307
-6690392.439066706,6647681.7902752925,-52.5,6231.875,69822.35864372333,307
-6690397.742367565,6647687.093576151,-44.99999999999999,6231.875,69822.35864372333,307
-6690403.045668423,6647692.39687701,-37.5,6231.875,69822.35864372333,307
-6690408.348969283,6647697.700177869,-29.999999999999993,6231.880859375,69822.35864372333,307
-6690413.652270142,6647703.003478728,-22.499999999999986,6231.880859375,69822.35864372333,307
-6690418.955571,6647708.306779587,-14.999999999999996,6231.880859375,69822.35864372333,307
-6690424.258871859,6647713.610080446,-7.49999999999999,6231.880859375,69822.35864372333,307
-6690429.562172718,6647718.913381305,0.0,6231.880859375,69822.35864372333,307
-6690434.865473578,6647724.216682163,7.500000000000007,6231.880859375,69822.35864372333,307
-6690440.168774436,6647729.5199830225,15.000000000000014,6231.880859375,69822.35864372333,307
-6690445.472075295,6647734.823283881,22.50000000000002,6231.880859375,69822.35864372333,307
-6690450.775376154,6647740.12658474,30.00000000000003,6231.880859375,69822.35864372333,307
-6690456.0786770135,6647745.429885599,37.5,6232.224609375,69822.35864372333,307
-6690461.381977872,6647750.733186458,45.00000000000001,6232.224609375,69822.35864372333,307
-6690466.6852787305,6647756.036487317,52.500000000000014,6232.224609375,69822.35864372333,307
-6690471.98857959,6647761.339788176,60.00000000000002,6232.224609375,69822.35864372333,307
-6690477.291880449,6647766.643089035,67.50000000000003,6232.224609375,69822.35864372333,307
-6690482.595181308,6647771.946389893,75.0,6232.224609375,69822.35864372333,307
-6690487.898482166,6647777.2496907525,82.5,6232.224609375,69822.35864372333,307
-6690493.201783026,6647782.552991611,90.00000000000001,6232.224609375,69822.35864372333,307
-6690498.505083885,6647787.85629247,97.50000000000001,6232.224609375,69822.35864372333,307
-6690503.8083847435,6647793.159593329,105.00000000000003,6232.224609375,69822.35864372333,307
-6690509.111685602,6647798.462894188,112.5,6232.224609375,69822.35864372333,307
-6690514.414986461,6647803.766195047,120.0,6232.224609375,69822.35864372333,307
-6690519.718287321,6647809.069495906,127.50000000000001,6232.77197265625,69822.35864372333,307
-6690525.021588179,6647814.372796765,135.00000000000003,6232.77197265625,69822.35864372333,307
-6690530.324889038,6647819.676097624,142.50000000000003,6232.77197265625,69822.35864372333,307
-6690535.628189897,6647824.9793984825,150.0,6232.77197265625,69822.35864372333,307
-6690024.143752246,6648119.074728073,-150.0,6232.56884765625,70328.31776433003,307
-6690031.643752246,6648119.074728073,-142.5,6232.56884765625,70328.31776433003,307
-6690039.143752246,6648119.074728073,-135.0,6232.56884765625,70328.31776433003,307
-6690046.643752246,6648119.074728073,-127.5,6232.56884765625,70328.31776433003,307
-6690054.143752246,6648119.074728073,-120.0,6232.56884765625,70328.31776433003,307
-6690061.643752246,6648119.074728073,-112.5,6232.56884765625,70328.31776433003,307
-6690069.143752246,6648119.074728073,-105.0,6232.56884765625,70328.31776433003,307
-6690076.643752246,6648119.074728073,-97.49999999999999,6232.56884765625,70328.31776433003,307
-6690084.143752246,6648119.074728073,-90.0,6232.56884765625,70328.31776433003,307
-6690091.643752246,6648119.074728073,-82.5,6232.56884765625,70328.31776433003,307
-6690099.143752246,6648119.074728073,-75.0,6232.56884765625,70328.31776433003,307
-6690106.643752246,6648119.074728073,-67.5,6232.56884765625,70328.31776433003,307
-6690114.143752246,6648119.074728073,-59.999999999999986,6232.56884765625,70328.31776433003,307
-6690121.643752246,6648119.074728073,-52.5,6232.021484375,70328.31776433003,307
-6690129.143752246,6648119.074728073,-44.99999999999999,6232.021484375,70328.31776433003,307
-6690136.643752246,6648119.074728073,-37.5,6232.021484375,70328.31776433003,307
-6690144.143752246,6648119.074728073,-29.999999999999993,6232.021484375,70328.31776433003,307
-6690151.643752246,6648119.074728073,-22.499999999999986,6232.021484375,70328.31776433003,307
-6690159.143752246,6648119.074728073,-14.999999999999996,6232.021484375,70328.31776433003,307
-6690166.643752246,6648119.074728073,-7.49999999999999,6232.021484375,70328.31776433003,307
-6690174.143752246,6648119.074728073,0.0,6232.021484375,70328.31776433003,307
-6690181.643752246,6648119.074728073,7.500000000000007,6232.021484375,70328.31776433003,307
-6690189.143752246,6648119.074728073,15.000000000000014,6232.021484375,70328.31776433003,307
-6690196.643752246,6648119.074728073,22.50000000000002,6232.021484375,70328.31776433003,307
-6690204.143752246,6648119.074728073,30.00000000000003,6232.021484375,70328.31776433003,307
-6690211.643752246,6648119.074728073,37.5,6232.021484375,70328.31776433003,307
-6690219.143752246,6648119.074728073,45.00000000000001,6232.021484375,70328.31776433003,307
-6690226.643752246,6648119.074728073,52.500000000000014,6232.021484375,70328.31776433003,307
-6690234.143752246,6648119.074728073,60.00000000000002,6232.12890625,70328.31776433003,307
-6690241.643752246,6648119.074728073,67.50000000000003,6232.12890625,70328.31776433003,307
-6690249.143752246,6648119.074728073,75.0,6232.12890625,70328.31776433003,307
-6690256.643752246,6648119.074728073,82.5,6232.12890625,70328.31776433003,307
-6690264.143752246,6648119.074728073,90.00000000000001,6232.12890625,70328.31776433003,307
-6690271.643752246,6648119.074728073,97.50000000000001,6232.12890625,70328.31776433003,307
-6690279.143752246,6648119.074728073,105.00000000000003,6232.12890625,70328.31776433003,307
-6690286.643752246,6648119.074728073,112.5,6232.12890625,70328.31776433003,307
-6690294.143752246,6648119.074728073,120.0,6232.12890625,70328.31776433003,307
-6690301.643752246,6648119.074728073,127.50000000000001,6232.12890625,70328.31776433003,307
-6690309.143752246,6648119.074728073,135.00000000000003,6232.12890625,70328.31776433003,307
-6690316.643752246,6648119.074728073,142.50000000000003,6232.12890625,70328.31776433003,307
-6690324.143752246,6648119.074728073,150.0,6232.12890625,70328.31776433003,307
-6690129.989732457,6648705.455076866,-150.0,6230.794921875,70834.27688493671,307
-6690135.293033316,6648700.151776006,-142.5,6230.794921875,70834.27688493671,307
-6690140.596334175,6648694.848475148,-135.0,6230.794921875,70834.27688493671,307
-6690145.899635034,6648689.5451742895,-127.5,6230.794921875,70834.27688493671,307
-6690151.202935893,6648684.24187343,-120.0,6230.794921875,70834.27688493671,307
-6690156.506236752,6648678.938572571,-112.5,6230.794921875,70834.27688493671,307
-6690161.809537611,6648673.635271712,-105.0,6230.794921875,70834.27688493671,307
-6690167.112838469,6648668.331970854,-97.49999999999999,6230.794921875,70834.27688493671,307
-6690172.416139329,6648663.028669994,-90.0,6230.794921875,70834.27688493671,307
-6690177.719440187,6648657.725369135,-82.5,6230.794921875,70834.27688493671,307
-6690183.022741046,6648652.422068276,-75.0,6230.794921875,70834.27688493671,307
-6690188.326041905,6648647.118767418,-67.5,6230.794921875,70834.27688493671,307
-6690193.629342764,6648641.815466559,-59.999999999999986,6230.794921875,70834.27688493671,307
-6690198.932643623,6648636.512165699,-52.5,6230.794921875,70834.27688493671,307
-6690204.235944482,6648631.208864841,-44.99999999999999,6230.794921875,70834.27688493671,307
-6690209.539245341,6648625.905563982,-37.5,6230.794921875,70834.27688493671,307
-6690214.842546199,6648620.602263123,-29.999999999999993,6230.794921875,70834.27688493671,307
-6690220.145847059,6648615.298962263,-22.499999999999986,6230.794921875,70834.27688493671,307
-6690225.449147917,6648609.995661405,-14.999999999999996,6230.794921875,70834.27688493671,307
-6690230.752448777,6648604.692360546,-7.49999999999999,6230.697265625,70834.27688493671,307
-6690236.055749635,6648599.389059687,0.0,6230.697265625,70834.27688493671,307
-6690241.359050494,6648594.085758828,7.500000000000007,6230.697265625,70834.27688493671,307
-6690246.662351353,6648588.782457969,15.000000000000014,6230.96728515625,70834.27688493671,307
-6690251.965652212,6648583.479157111,22.50000000000002,6230.96728515625,70834.27688493671,307
-6690257.268953071,6648578.175856251,30.00000000000003,6230.96728515625,70834.27688493671,307
-6690262.572253929,6648572.872555392,37.5,6230.96728515625,70834.27688493671,307
-6690267.875554789,6648567.569254533,45.00000000000001,6230.96728515625,70834.27688493671,307
-6690273.178855647,6648562.265953675,52.500000000000014,6230.96728515625,70834.27688493671,307
-6690278.482156507,6648556.9626528155,60.00000000000002,6230.96728515625,70834.27688493671,307
-6690283.785457365,6648551.659351956,67.50000000000003,6230.96728515625,70834.27688493671,307
-6690289.088758225,6648546.356051098,75.0,6230.96728515625,70834.27688493671,307
-6690294.392059083,6648541.052750239,82.5,6230.96728515625,70834.27688493671,307
-6690299.695359942,6648535.74944938,90.00000000000001,6230.96728515625,70834.27688493671,307
-6690304.998660801,6648530.44614852,97.50000000000001,6230.96728515625,70834.27688493671,307
-6690310.301961659,6648525.142847662,105.00000000000003,6230.96728515625,70834.27688493671,307
-6690315.605262519,6648519.839546803,112.5,6230.96728515625,70834.27688493671,307
-6690320.908563377,6648514.536245944,120.0,6230.96728515625,70834.27688493671,307
-6690326.211864237,6648509.232945085,127.50000000000001,6230.96728515625,70834.27688493671,307
-6690331.515165095,6648503.929644226,135.00000000000003,6230.96728515625,70834.27688493671,307
-6690336.818465955,6648498.626343368,142.50000000000003,6230.96728515625,70834.27688493671,307
-6690342.121766813,6648493.323042508,150.0,6230.96728515625,70834.27688493671,307
-6690441.104376743,6649016.56972115,-150.0,6231.15283203125,71340.23600554341,307
-6690446.407677601,6649011.266420292,-142.5,6231.15283203125,71340.23600554341,307
-6690451.7109784605,6649005.963119432,-135.0,6231.15283203125,71340.23600554341,307
-6690457.014279319,6649000.659818574,-127.5,6232.05126953125,71340.23600554341,307
-6690462.317580178,6648995.356517714,-120.0,6232.05126953125,71340.23600554341,307
-6690467.620881037,6648990.053216856,-112.5,6232.05126953125,71340.23600554341,307
-6690472.924181896,6648984.749915997,-105.0,6232.05126953125,71340.23600554341,307
-6690478.227482755,6648979.446615138,-97.49999999999999,6232.05126953125,71340.23600554341,307
-6690483.530783614,6648974.143314279,-90.0,6232.05126953125,71340.23600554341,307
-6690488.834084473,6648968.84001342,-82.5,6232.05126953125,71340.23600554341,307
-6690494.137385331,6648963.536712561,-75.0,6232.05126953125,71340.23600554341,307
-6690499.4406861905,6648958.233411702,-67.5,6232.05126953125,71340.23600554341,307
-6690504.743987049,6648952.930110844,-59.999999999999986,6232.05126953125,71340.23600554341,307
-6690510.047287908,6648947.626809984,-52.5,6232.05126953125,71340.23600554341,307
-6690515.350588767,6648942.323509126,-44.99999999999999,6232.05126953125,71340.23600554341,307
-6690520.653889626,6648937.020208267,-37.5,6232.05126953125,71340.23600554341,307
-6690525.957190485,6648931.716907408,-29.999999999999993,6232.05126953125,71340.23600554341,307
-6690531.260491344,6648926.413606549,-22.499999999999986,6230.2841796875,71340.23600554341,307
-6690536.563792203,6648921.11030569,-14.999999999999996,6230.2841796875,71340.23600554341,307
-6690541.867093062,6648915.807004831,-7.49999999999999,6230.2841796875,71340.23600554341,307
-6690547.1703939205,6648910.503703972,0.0,6230.2841796875,71340.23600554341,307
-6690552.473694779,6648905.200403114,7.500000000000007,6230.2841796875,71340.23600554341,307
-6690557.776995638,6648899.897102254,15.000000000000014,6230.2841796875,71340.23600554341,307
-6690563.080296497,6648894.593801396,22.50000000000002,6230.2841796875,71340.23600554341,307
-6690568.383597356,6648889.290500537,30.00000000000003,6230.34912109375,71340.23600554341,307
-6690573.686898215,6648883.987199678,37.5,6230.34912109375,71340.23600554341,307
-6690578.990199074,6648878.683898819,45.00000000000001,6230.34912109375,71340.23600554341,307
-6690584.293499933,6648873.38059796,52.500000000000014,6230.34912109375,71340.23600554341,307
-6690589.596800792,6648868.077297101,60.00000000000002,6230.34912109375,71340.23600554341,307
-6690594.9001016505,6648862.773996242,67.50000000000003,6230.34912109375,71340.23600554341,307
-6690600.20340251,6648857.470695384,75.0,6230.34912109375,71340.23600554341,307
-6690605.506703368,6648852.167394524,82.5,6230.34912109375,71340.23600554341,307
-6690610.810004227,6648846.864093666,90.00000000000001,6230.34912109375,71340.23600554341,307
-6690616.113305086,6648841.560792807,97.50000000000001,6230.34912109375,71340.23600554341,307
-6690621.416605945,6648836.257491948,105.00000000000003,6230.34912109375,71340.23600554341,307
-6690626.719906804,6648830.954191089,112.5,6230.34912109375,71340.23600554341,307
-6690632.023207663,6648825.65089023,120.0,6230.34912109375,71340.23600554341,307
-6690637.326508522,6648820.347589371,127.50000000000001,6230.34912109375,71340.23600554341,307
-6690642.6298093805,6648815.044288512,135.00000000000003,6230.47998046875,71340.23600554341,307
-6690647.93311024,6648809.740987653,142.50000000000003,6230.47998046875,71340.23600554341,307
-6690653.236411098,6648804.437686794,150.0,6230.47998046875,71340.23600554341,307
-6690587.289012767,6649337.713114193,-150.0,6230.416015625,71846.1951261501,307
-6690594.789012767,6649337.713114193,-142.5,6230.416015625,71846.1951261501,307
-6690602.289012767,6649337.713114193,-135.0,6230.416015625,71846.1951261501,307
-6690609.789012767,6649337.713114193,-127.5,6230.416015625,71846.1951261501,307
-6690617.289012767,6649337.713114193,-120.0,6230.416015625,71846.1951261501,307
-6690624.789012767,6649337.713114193,-112.5,6230.416015625,71846.1951261501,307
-6690632.289012767,6649337.713114193,-105.0,6230.416015625,71846.1951261501,307
-6690639.789012767,6649337.713114193,-97.49999999999999,6230.416015625,71846.1951261501,307
-6690647.289012767,6649337.713114193,-90.0,6230.416015625,71846.1951261501,307
-6690654.789012767,6649337.713114193,-82.5,6230.416015625,71846.1951261501,307
-6690662.289012767,6649337.713114193,-75.0,6230.416015625,71846.1951261501,307
-6690669.789012767,6649337.713114193,-67.5,6230.416015625,71846.1951261501,307
-6690677.289012767,6649337.713114193,-59.999999999999986,6230.416015625,71846.1951261501,307
-6690684.789012767,6649337.713114193,-52.5,6230.54833984375,71846.1951261501,307
-6690692.289012767,6649337.713114193,-44.99999999999999,6230.54833984375,71846.1951261501,307
-6690699.789012767,6649337.713114193,-37.5,6230.54833984375,71846.1951261501,307
-6690707.289012767,6649337.713114193,-29.999999999999993,6230.54833984375,71846.1951261501,307
-6690714.789012767,6649337.713114193,-22.499999999999986,6230.54833984375,71846.1951261501,307
-6690722.289012767,6649337.713114193,-14.999999999999996,6230.54833984375,71846.1951261501,307
-6690729.789012767,6649337.713114193,-7.49999999999999,6230.54833984375,71846.1951261501,307
-6690737.289012767,6649337.713114193,0.0,6230.54833984375,71846.1951261501,307
-6690744.789012767,6649337.713114193,7.500000000000007,6230.54833984375,71846.1951261501,307
-6690752.289012767,6649337.713114193,15.000000000000014,6230.54833984375,71846.1951261501,307
-6690759.789012767,6649337.713114193,22.50000000000002,6230.54833984375,71846.1951261501,307
-6690767.289012767,6649337.713114193,30.00000000000003,6230.54833984375,71846.1951261501,307
-6690774.789012767,6649337.713114193,37.5,6230.54833984375,71846.1951261501,307
-6690782.289012767,6649337.713114193,45.00000000000001,6230.54833984375,71846.1951261501,307
-6690789.789012767,6649337.713114193,52.500000000000014,6230.54833984375,71846.1951261501,307
-6690797.289012767,6649337.713114193,60.00000000000002,6235.6416015625,71846.1951261501,307
-6690804.789012767,6649337.713114193,67.50000000000003,6235.6416015625,71846.1951261501,307
-6690812.289012767,6649337.713114193,75.0,6235.6416015625,71846.1951261501,307
-6690819.789012767,6649337.713114193,82.5,6235.6416015625,71846.1951261501,307
-6690827.289012767,6649337.713114193,90.00000000000001,6235.6416015625,71846.1951261501,307
-6690834.789012767,6649337.713114193,97.50000000000001,6235.6416015625,71846.1951261501,307
-6690842.289012767,6649337.713114193,105.00000000000003,6235.6416015625,71846.1951261501,307
-6690849.789012767,6649337.713114193,112.5,6235.6416015625,71846.1951261501,307
-6690857.289012767,6649337.713114193,120.0,6235.6416015625,71846.1951261501,307
-6690864.789012767,6649337.713114193,127.50000000000001,6235.6416015625,71846.1951261501,307
-6690872.289012767,6649337.713114193,135.00000000000003,6235.6416015625,71846.1951261501,307
-6690879.789012767,6649337.713114193,142.50000000000003,6235.6416015625,71846.1951261501,307
-6690887.289012767,6649337.713114193,150.0,6235.6416015625,71846.1951261501,307
-6690587.289012767,6649750.367273002,-150.0,6231.130859375,72352.15424675679,307
-6690594.789012767,6649750.367273002,-142.5,6231.130859375,72352.15424675679,307
-6690602.289012767,6649750.367273002,-135.0,6231.130859375,72352.15424675679,307
-6690609.789012767,6649750.367273002,-127.5,6231.130859375,72352.15424675679,307
-6690617.289012767,6649750.367273002,-120.0,6231.130859375,72352.15424675679,307
-6690624.789012767,6649750.367273002,-112.5,6231.130859375,72352.15424675679,307
-6690632.289012767,6649750.367273002,-105.0,6231.130859375,72352.15424675679,307
-6690639.789012767,6649750.367273002,-97.49999999999999,6231.130859375,72352.15424675679,307
-6690647.289012767,6649750.367273002,-90.0,6231.130859375,72352.15424675679,307
-6690654.789012767,6649750.367273002,-82.5,6231.130859375,72352.15424675679,307
-6690662.289012767,6649750.367273002,-75.0,6231.130859375,72352.15424675679,307
-6690669.789012767,6649750.367273002,-67.5,6231.130859375,72352.15424675679,307
-6690677.289012767,6649750.367273002,-59.999999999999986,6231.130859375,72352.15424675679,307
-6690684.789012767,6649750.367273002,-52.5,6230.2734375,72352.15424675679,307
-6690692.289012767,6649750.367273002,-44.99999999999999,6230.2734375,72352.15424675679,307
-6690699.789012767,6649750.367273002,-37.5,6230.2734375,72352.15424675679,307
-6690707.289012767,6649750.367273002,-29.999999999999993,6230.2734375,72352.15424675679,307
-6690714.789012767,6649750.367273002,-22.499999999999986,6230.2734375,72352.15424675679,307
-6690722.289012767,6649750.367273002,-14.999999999999996,6230.2734375,72352.15424675679,307
-6690729.789012767,6649750.367273002,-7.49999999999999,6230.2734375,72352.15424675679,307
-6690737.289012767,6649750.367273002,0.0,6230.2734375,72352.15424675679,307
-6690744.789012767,6649750.367273002,7.500000000000007,6230.2734375,72352.15424675679,307
-6690752.289012767,6649750.367273002,15.000000000000014,6230.2734375,72352.15424675679,307
-6690759.789012767,6649750.367273002,22.50000000000002,6230.2734375,72352.15424675679,307
-6690767.289012767,6649750.367273002,30.00000000000003,6230.2734375,72352.15424675679,307
-6690774.789012767,6649750.367273002,37.5,6230.2734375,72352.15424675679,307
-6690782.289012767,6649750.367273002,45.00000000000001,6230.2734375,72352.15424675679,307
-6690789.789012767,6649750.367273002,52.500000000000014,6230.2734375,72352.15424675679,307
-6690797.289012767,6649750.367273002,60.00000000000002,6233.06201171875,72352.15424675679,307
-6690804.789012767,6649750.367273002,67.50000000000003,6233.06201171875,72352.15424675679,307
-6690812.289012767,6649750.367273002,75.0,6233.06201171875,72352.15424675679,307
-6690819.789012767,6649750.367273002,82.5,6233.06201171875,72352.15424675679,307
-6690827.289012767,6649750.367273002,90.00000000000001,6233.06201171875,72352.15424675679,307
-6690834.789012767,6649750.367273002,97.50000000000001,6233.06201171875,72352.15424675679,307
-6690842.289012767,6649750.367273002,105.00000000000003,6233.06201171875,72352.15424675679,307
-6690849.789012767,6649750.367273002,112.5,6233.06201171875,72352.15424675679,307
-6690857.289012767,6649750.367273002,120.0,6233.06201171875,72352.15424675679,307
-6690864.789012767,6649750.367273002,127.50000000000001,6233.06201171875,72352.15424675679,307
-6690872.289012767,6649750.367273002,135.00000000000003,6233.06201171875,72352.15424675679,307
-6690879.789012767,6649750.367273002,142.50000000000003,6233.06201171875,72352.15424675679,307
-6690887.289012767,6649750.367273002,150.0,6233.06201171875,72352.15424675679,307
-6690249.401856455,6650116.368950912,-150.0,6231.2177734375,72858.11336736348,307
-6690256.901856455,6650116.368950912,-142.5,6231.2177734375,72858.11336736348,307
-6690264.401856455,6650116.368950912,-135.0,6231.2177734375,72858.11336736348,307
-6690271.901856455,6650116.368950912,-127.5,6231.2177734375,72858.11336736348,307
-6690279.401856455,6650116.368950912,-120.0,6231.2177734375,72858.11336736348,307
-6690286.901856455,6650116.368950912,-112.5,6231.2177734375,72858.11336736348,307
-6690294.401856455,6650116.368950912,-105.0,6231.2177734375,72858.11336736348,307
-6690301.901856455,6650116.368950912,-97.49999999999999,6231.2177734375,72858.11336736348,307
-6690309.401856455,6650116.368950912,-90.0,6231.2177734375,72858.11336736348,307
-6690316.901856455,6650116.368950912,-82.5,6231.2177734375,72858.11336736348,307
-6690324.401856455,6650116.368950912,-75.0,6231.2177734375,72858.11336736348,307
-6690331.901856455,6650116.368950912,-67.5,6231.2177734375,72858.11336736348,307
-6690339.401856455,6650116.368950912,-59.999999999999986,6231.2177734375,72858.11336736348,307
-6690346.901856455,6650116.368950912,-52.5,6226.51171875,72858.11336736348,307
-6690354.401856455,6650116.368950912,-44.99999999999999,6226.51171875,72858.11336736348,307
-6690361.901856455,6650116.368950912,-37.5,6226.51171875,72858.11336736348,307
-6690369.401856455,6650116.368950912,-29.999999999999993,6226.51171875,72858.11336736348,307
-6690376.901856455,6650116.368950912,-22.499999999999986,6226.51171875,72858.11336736348,307
-6690384.401856455,6650116.368950912,-14.999999999999996,6226.51171875,72858.11336736348,307
-6690391.901856455,6650116.368950912,-7.49999999999999,6226.51171875,72858.11336736348,307
-6690399.401856455,6650116.368950912,0.0,6226.51171875,72858.11336736348,307
-6690406.901856455,6650116.368950912,7.500000000000007,6226.51171875,72858.11336736348,307
-6690414.401856455,6650116.368950912,15.000000000000014,6226.51171875,72858.11336736348,307
-6690421.901856455,6650116.368950912,22.50000000000002,6226.51171875,72858.11336736348,307
-6690429.401856455,6650116.368950912,30.00000000000003,6226.51171875,72858.11336736348,307
-6690436.901856455,6650116.368950912,37.5,6226.51171875,72858.11336736348,307
-6690444.401856455,6650116.368950912,45.00000000000001,6226.51171875,72858.11336736348,307
-6690451.901856455,6650116.368950912,52.500000000000014,6226.51171875,72858.11336736348,307
-6690459.401856455,6650116.368950912,60.00000000000002,6233.20263671875,72858.11336736348,307
-6690466.901856455,6650116.368950912,67.50000000000003,6233.20263671875,72858.11336736348,307
-6690474.401856455,6650116.368950912,75.0,6233.20263671875,72858.11336736348,307
-6690481.901856455,6650116.368950912,82.5,6233.20263671875,72858.11336736348,307
-6690489.401856455,6650116.368950912,90.00000000000001,6233.20263671875,72858.11336736348,307
-6690496.901856455,6650116.368950912,97.50000000000001,6233.20263671875,72858.11336736348,307
-6690504.401856455,6650116.368950912,105.00000000000003,6233.20263671875,72858.11336736348,307
-6690511.901856455,6650116.368950912,112.5,6233.20263671875,72858.11336736348,307
-6690519.401856455,6650116.368950912,120.0,6233.20263671875,72858.11336736348,307
-6690526.901856455,6650116.368950912,127.50000000000001,6233.20263671875,72858.11336736348,307
-6690534.401856455,6650116.368950912,135.00000000000003,6233.20263671875,72858.11336736348,307
-6690541.901856455,6650116.368950912,142.50000000000003,6233.20263671875,72858.11336736348,307
-6690549.401856455,6650116.368950912,150.0,6233.20263671875,72858.11336736348,307
-6690238.9931546245,6650400.447615545,-150.0,6225.5400390625,73364.07248797017,307
-6690244.296455483,6650405.750916404,-142.5,6225.5400390625,73364.07248797017,307
-6690249.599756342,6650411.054217263,-135.0,6225.5400390625,73364.07248797017,307
-6690254.903057201,6650416.357518122,-127.5,6225.5400390625,73364.07248797017,307
-6690260.20635806,6650421.660818981,-120.0,6225.5400390625,73364.07248797017,307
-6690265.509658919,6650426.9641198395,-112.5,6225.5400390625,73364.07248797017,307
-6690270.812959778,6650432.267420699,-105.0,6225.5400390625,73364.07248797017,307
-6690276.116260637,6650437.570721557,-97.49999999999999,6225.5400390625,73364.07248797017,307
-6690281.419561496,6650442.874022417,-90.0,6225.5400390625,73364.07248797017,307
-6690286.7228623545,6650448.177323275,-82.5,6225.5400390625,73364.07248797017,307
-6690292.026163213,6650453.480624134,-75.0,6225.5400390625,73364.07248797017,307
-6690297.329464072,6650458.783924993,-67.5,6225.5400390625,73364.07248797017,307
-6690302.632764931,6650464.087225852,-59.999999999999986,6225.5400390625,73364.07248797017,307
-6690307.93606579,6650469.390526711,-52.5,6225.5400390625,73364.07248797017,307
-6690313.239366649,6650474.6938275695,-44.99999999999999,6225.5400390625,73364.07248797017,307
-6690318.542667508,6650479.997128429,-37.5,6225.5400390625,73364.07248797017,307
-6690323.845968367,6650485.300429287,-29.999999999999993,6225.5400390625,73364.07248797017,307
-6690329.149269226,6650490.603730147,-22.499999999999986,6225.5400390625,73364.07248797017,307
-6690334.4525700845,6650495.907031005,-14.999999999999996,6225.5400390625,73364.07248797017,307
-6690339.755870944,6650501.210331865,-7.49999999999999,6225.5400390625,73364.07248797017,307
-6690345.059171802,6650506.513632723,0.0,6225.8525390625,73364.07248797017,307
-6690350.362472661,6650511.816933582,7.500000000000007,6231.31103515625,73364.07248797017,307
-6690355.66577352,6650517.120234441,15.000000000000014,6231.31103515625,73364.07248797017,307
-6690360.969074379,6650522.4235352995,22.50000000000002,6231.31103515625,73364.07248797017,307
-6690366.272375238,6650527.726836159,30.00000000000003,6231.31103515625,73364.07248797017,307
-6690371.575676097,6650533.030137017,37.5,6231.31103515625,73364.07248797017,307
-6690376.878976956,6650538.333437877,45.00000000000001,6231.31103515625,73364.07248797017,307
-6690382.1822778145,6650543.636738735,52.500000000000014,6231.31103515625,73364.07248797017,307
-6690387.485578674,6650548.940039595,60.00000000000002,6231.31103515625,73364.07248797017,307
-6690392.788879532,6650554.243340453,67.50000000000003,6231.31103515625,73364.07248797017,307
-6690398.092180392,6650559.546641313,75.0,6231.31103515625,73364.07248797017,307
-6690403.39548125,6650564.849942171,82.5,6231.31103515625,73364.07248797017,307
-6690408.698782109,6650570.1532430295,90.00000000000001,6231.31103515625,73364.07248797017,307
-6690414.002082968,6650575.456543889,97.50000000000001,6231.31103515625,73364.07248797017,307
-6690419.305383827,6650580.759844747,105.00000000000003,6231.31103515625,73364.07248797017,307
-6690424.608684686,6650586.063145607,112.5,6231.31103515625,73364.07248797017,307
-6690429.9119855445,6650591.366446465,120.0,6231.31103515625,73364.07248797017,307
-6690435.215286404,6650596.669747325,127.50000000000001,6231.31103515625,73364.07248797017,307
-6690440.518587262,6650601.973048183,135.00000000000003,6231.31103515625,73364.07248797017,307
-6690445.821888122,6650607.276349043,142.50000000000003,6231.31103515625,73364.07248797017,307
-6690451.12518898,6650612.579649901,150.0,6231.31103515625,73364.07248797017,307
-6689960.866795941,6650791.203026331,-150.0,6231.61669921875,73870.03160857686,307
-6689966.1700968,6650796.5063271895,-142.5,6231.61669921875,73870.03160857686,307
-6689971.473397659,6650801.809628049,-135.0,6231.61669921875,73870.03160857686,307
-6689976.776698518,6650807.112928908,-127.5,6231.61669921875,73870.03160857686,307
-6689982.079999377,6650812.416229767,-120.0,6231.61669921875,73870.03160857686,307
-6689987.3833002355,6650817.719530625,-112.5,6231.61669921875,73870.03160857686,307
-6689992.686601095,6650823.022831485,-105.0,6231.61669921875,73870.03160857686,307
-6689997.989901953,6650828.326132344,-97.49999999999999,6231.61669921875,73870.03160857686,307
-6690003.293202813,6650833.629433203,-90.0,6231.61669921875,73870.03160857686,307
-6690008.596503671,6650838.932734061,-82.5,6232.3056640625,73870.03160857686,307
-6690013.899804531,6650844.23603492,-75.0,6232.3056640625,73870.03160857686,307
-6690019.203105389,6650849.53933578,-67.5,6227.7119140625,73870.03160857686,307
-6690024.506406248,6650854.842636638,-59.999999999999986,6227.7119140625,73870.03160857686,307
-6690029.809707107,6650860.145937497,-52.5,6227.7119140625,73870.03160857686,307
-6690035.1130079655,6650865.449238356,-44.99999999999999,6227.7119140625,73870.03160857686,307
-6690040.416308825,6650870.752539216,-37.5,6227.7119140625,73870.03160857686,307
-6690045.719609683,6650876.055840074,-29.999999999999993,6227.7119140625,73870.03160857686,307
-6690051.022910543,6650881.359140933,-22.499999999999986,6227.7119140625,73870.03160857686,307
-6690056.326211401,6650886.662441792,-14.999999999999996,6227.7119140625,73870.03160857686,307
-6690061.629512261,6650891.965742651,-7.49999999999999,6227.7119140625,73870.03160857686,307
-6690066.932813119,6650897.26904351,0.0,6227.7119140625,73870.03160857686,307
-6690072.236113978,6650902.572344368,7.500000000000007,6227.7119140625,73870.03160857686,307
-6690077.539414837,6650907.875645228,15.000000000000014,6227.7119140625,73870.03160857686,307
-6690082.8427156955,6650913.178946087,22.50000000000002,6227.7119140625,73870.03160857686,307
-6690088.146016555,6650918.482246946,30.00000000000003,6227.7119140625,73870.03160857686,307
-6690093.449317413,6650923.785547804,37.5,6227.7119140625,73870.03160857686,307
-6690098.752618273,6650929.0888486635,45.00000000000001,6227.7119140625,73870.03160857686,307
-6690104.055919131,6650934.392149523,52.500000000000014,6227.7119140625,73870.03160857686,307
-6690109.359219991,6650939.695450381,60.00000000000002,6227.7119140625,73870.03160857686,307
-6690114.662520849,6650944.99875124,67.50000000000003,6227.7119140625,73870.03160857686,307
-6690119.965821708,6650950.302052099,75.0,6229.39794921875,73870.03160857686,307
-6690125.269122567,6650955.605352959,82.5,6229.39794921875,73870.03160857686,307
-6690130.5724234255,6650960.908653817,90.00000000000001,6227.20849609375,73870.03160857686,307
-6690135.875724285,6650966.211954676,97.50000000000001,6227.20849609375,73870.03160857686,307
-6690141.179025143,6650971.515255535,105.00000000000003,6227.20849609375,73870.03160857686,307
-6690146.482326003,6650976.818556394,112.5,6227.20849609375,73870.03160857686,307
-6690151.785626861,6650982.121857253,120.0,6227.20849609375,73870.03160857686,307
-6690157.088927721,6650987.425158111,127.50000000000001,6227.20849609375,73870.03160857686,307
-6690162.392228579,6650992.728458971,135.00000000000003,6227.20849609375,73870.03160857686,307
-6690167.695529439,6650998.03175983,142.50000000000003,6227.20849609375,73870.03160857686,307
-6690172.998830297,6651003.335060689,150.0,6227.20849609375,73870.03160857686,307
-6690024.143752246,6651354.33142734,-150.0,6228.16015625,74375.99072918356,307
-6690031.643752246,6651354.33142734,-142.5,6228.16015625,74375.99072918356,307
-6690039.143752246,6651354.33142734,-135.0,6228.16015625,74375.99072918356,307
-6690046.643752246,6651354.33142734,-127.5,6228.16015625,74375.99072918356,307
-6690054.143752246,6651354.33142734,-120.0,6228.16015625,74375.99072918356,307
-6690061.643752246,6651354.33142734,-112.5,6228.16015625,74375.99072918356,307
-6690069.143752246,6651354.33142734,-105.0,6228.16015625,74375.99072918356,307
-6690076.643752246,6651354.33142734,-97.49999999999999,6228.16015625,74375.99072918356,307
-6690084.143752246,6651354.33142734,-90.0,6228.16015625,74375.99072918356,307
-6690091.643752246,6651354.33142734,-82.5,6228.16015625,74375.99072918356,307
-6690099.143752246,6651354.33142734,-75.0,6228.16015625,74375.99072918356,307
-6690106.643752246,6651354.33142734,-67.5,6228.16015625,74375.99072918356,307
-6690114.143752246,6651354.33142734,-59.999999999999986,6228.16015625,74375.99072918356,307
-6690121.643752246,6651354.33142734,-52.5,6225.89404296875,74375.99072918356,307
-6690129.143752246,6651354.33142734,-44.99999999999999,6225.89404296875,74375.99072918356,307
-6690136.643752246,6651354.33142734,-37.5,6225.89404296875,74375.99072918356,307
-6690144.143752246,6651354.33142734,-29.999999999999993,6225.89404296875,74375.99072918356,307
-6690151.643752246,6651354.33142734,-22.499999999999986,6225.89404296875,74375.99072918356,307
-6690159.143752246,6651354.33142734,-14.999999999999996,6225.89404296875,74375.99072918356,307
-6690166.643752246,6651354.33142734,-7.49999999999999,6225.89404296875,74375.99072918356,307
-6690174.143752246,6651354.33142734,0.0,6225.89404296875,74375.99072918356,307
-6690181.643752246,6651354.33142734,7.500000000000007,6225.89404296875,74375.99072918356,307
-6690189.143752246,6651354.33142734,15.000000000000014,6225.89404296875,74375.99072918356,307
-6690196.643752246,6651354.33142734,22.50000000000002,6225.89404296875,74375.99072918356,307
-6690204.143752246,6651354.33142734,30.00000000000003,6225.89404296875,74375.99072918356,307
-6690211.643752246,6651354.33142734,37.5,6225.89404296875,74375.99072918356,307
-6690219.143752246,6651354.33142734,45.00000000000001,6225.89404296875,74375.99072918356,307
-6690226.643752246,6651354.33142734,52.500000000000014,6225.89404296875,74375.99072918356,307
-6690234.143752246,6651354.33142734,60.00000000000002,6227.76904296875,74375.99072918356,307
-6690241.643752246,6651354.33142734,67.50000000000003,6227.76904296875,74375.99072918356,307
-6690249.143752246,6651354.33142734,75.0,6227.76904296875,74375.99072918356,307
-6690256.643752246,6651354.33142734,82.5,6227.76904296875,74375.99072918356,307
-6690264.143752246,6651354.33142734,90.00000000000001,6227.76904296875,74375.99072918356,307
-6690271.643752246,6651354.33142734,97.50000000000001,6227.76904296875,74375.99072918356,307
-6690279.143752246,6651354.33142734,105.00000000000003,6227.76904296875,74375.99072918356,307
-6690286.643752246,6651354.33142734,112.5,6227.76904296875,74375.99072918356,307
-6690294.143752246,6651354.33142734,120.0,6227.76904296875,74375.99072918356,307
-6690301.643752246,6651354.33142734,127.50000000000001,6227.76904296875,74375.99072918356,307
-6690309.143752246,6651354.33142734,135.00000000000003,6227.76904296875,74375.99072918356,307
-6690316.643752246,6651354.33142734,142.50000000000003,6227.76904296875,74375.99072918356,307
-6690324.143752246,6651354.33142734,150.0,6227.76904296875,74375.99072918356,307
-6690521.949402285,6651728.461469113,-150.0,6225.6396484375,74881.94984979024,307
-6690521.949402285,6651720.961469113,-142.5,6225.6396484375,74881.94984979024,307
-6690521.949402285,6651713.461469113,-135.0,6225.6396484375,74881.94984979024,307
-6690521.949402285,6651705.961469113,-127.5,6225.6396484375,74881.94984979024,307
-6690521.949402285,6651698.461469113,-120.0,6225.6396484375,74881.94984979024,307
-6690521.949402285,6651690.961469113,-112.5,6225.6396484375,74881.94984979024,307
-6690521.949402285,6651683.461469113,-105.0,6225.6396484375,74881.94984979024,307
-6690521.949402285,6651675.961469113,-97.49999999999999,6225.6396484375,74881.94984979024,307
-6690521.949402285,6651668.461469113,-90.0,6225.6396484375,74881.94984979024,307
-6690521.949402285,6651660.961469113,-82.5,6225.6396484375,74881.94984979024,307
-6690521.949402285,6651653.461469113,-75.0,6225.6396484375,74881.94984979024,307
-6690521.949402285,6651645.961469113,-67.5,6225.6396484375,74881.94984979024,307
-6690521.949402285,6651638.461469113,-59.999999999999986,6225.6396484375,74881.94984979024,307
-6690521.949402285,6651630.961469113,-52.5,6225.583984375,74881.94984979024,307
-6690521.949402285,6651623.461469113,-44.99999999999999,6225.583984375,74881.94984979024,307
-6690521.949402285,6651615.961469113,-37.5,6225.583984375,74881.94984979024,307
-6690521.949402285,6651608.461469113,-29.999999999999993,6225.583984375,74881.94984979024,307
-6690521.949402285,6651600.961469113,-22.499999999999986,6225.583984375,74881.94984979024,307
-6690521.949402285,6651593.461469113,-14.999999999999996,6225.583984375,74881.94984979024,307
-6690521.949402285,6651585.961469113,-7.49999999999999,6225.583984375,74881.94984979024,307
-6690521.949402285,6651578.461469113,0.0,6225.583984375,74881.94984979024,307
-6690521.949402285,6651570.961469113,7.500000000000007,6225.583984375,74881.94984979024,307
-6690521.949402285,6651563.461469113,15.000000000000014,6225.583984375,74881.94984979024,307
-6690521.949402285,6651555.961469113,22.50000000000002,6225.583984375,74881.94984979024,307
-6690521.949402285,6651548.461469113,30.00000000000003,6225.583984375,74881.94984979024,307
-6690521.949402285,6651540.961469113,37.5,6225.583984375,74881.94984979024,307
-6690521.949402285,6651533.461469113,45.00000000000001,6225.583984375,74881.94984979024,307
-6690521.949402285,6651525.961469113,52.500000000000014,6225.583984375,74881.94984979024,307
-6690521.949402285,6651518.461469113,60.00000000000002,6227.02001953125,74881.94984979024,307
-6690521.949402285,6651510.961469113,67.50000000000003,6227.02001953125,74881.94984979024,307
-6690521.949402285,6651503.461469113,75.0,6227.02001953125,74881.94984979024,307
-6690521.949402285,6651495.961469113,82.5,6227.02001953125,74881.94984979024,307
-6690521.949402285,6651488.461469113,90.00000000000001,6227.02001953125,74881.94984979024,307
-6690521.949402285,6651480.961469113,97.50000000000001,6227.02001953125,74881.94984979024,307
-6690521.949402285,6651473.461469113,105.00000000000003,6227.02001953125,74881.94984979024,307
-6690521.949402285,6651465.961469113,112.5,6227.02001953125,74881.94984979024,307
-6690521.949402285,6651458.461469113,120.0,6227.02001953125,74881.94984979024,307
-6690521.949402285,6651450.961469113,127.50000000000001,6227.02001953125,74881.94984979024,307
-6690521.949402285,6651443.461469113,135.00000000000003,6227.02001953125,74881.94984979024,307
-6690521.949402285,6651435.961469113,142.50000000000003,6227.02001953125,74881.94984979024,307
-6690521.949402285,6651428.461469113,150.0,6227.02001953125,74881.94984979024,307
-6690644.452203338,6652035.643850353,-150.0,6225.5576171875,75387.90897039694,307
-6690649.7555041965,6652030.340549494,-142.5,6225.5576171875,75387.90897039694,307
-6690655.058805056,6652025.037248635,-135.0,6225.5576171875,75387.90897039694,307
-6690660.362105914,6652019.733947776,-127.5,6225.5576171875,75387.90897039694,307
-6690665.665406774,6652014.430646917,-120.0,6225.5576171875,75387.90897039694,307
-6690670.968707632,6652009.127346058,-112.5,6225.5576171875,75387.90897039694,307
-6690676.272008492,6652003.824045199,-105.0,6225.5576171875,75387.90897039694,307
-6690681.57530935,6651998.5207443405,-97.49999999999999,6225.5576171875,75387.90897039694,307
-6690686.87861021,6651993.217443481,-90.0,6225.5576171875,75387.90897039694,307
-6690692.181911068,6651987.914142623,-82.5,6225.5576171875,75387.90897039694,307
-6690697.485211927,6651982.610841764,-75.0,6225.5576171875,75387.90897039694,307
-6690702.788512786,6651977.307540905,-67.5,6225.5576171875,75387.90897039694,307
-6690708.091813644,6651972.004240046,-59.999999999999986,6225.5576171875,75387.90897039694,307
-6690713.395114504,6651966.700939187,-52.5,6225.5576171875,75387.90897039694,307
-6690718.698415362,6651961.397638328,-44.99999999999999,6225.5576171875,75387.90897039694,307
-6690724.001716222,6651956.094337469,-37.5,6225.5576171875,75387.90897039694,307
-6690729.30501708,6651950.7910366105,-29.999999999999993,6225.5576171875,75387.90897039694,307
-6690734.60831794,6651945.487735751,-22.499999999999986,6225.5576171875,75387.90897039694,307
-6690739.911618798,6651940.184434893,-14.999999999999996,6225.5576171875,75387.90897039694,307
-6690745.214919657,6651934.881134033,-7.49999999999999,6225.5576171875,75387.90897039694,307
-6690750.518220516,6651929.577833175,0.0,6225.5576171875,75387.90897039694,307
-6690755.821521374,6651924.274532316,7.500000000000007,6225.5576171875,75387.90897039694,307
-6690761.124822234,6651918.971231457,15.000000000000014,6225.5576171875,75387.90897039694,307
-6690766.428123092,6651913.667930598,22.50000000000002,6225.5576171875,75387.90897039694,307
-6690771.731423952,6651908.364629739,30.00000000000003,6225.5576171875,75387.90897039694,307
-6690777.03472481,6651903.0613288805,37.5,6225.5576171875,75387.90897039694,307
-6690782.33802567,6651897.758028021,45.00000000000001,6225.5576171875,75387.90897039694,307
-6690787.641326528,6651892.454727163,52.500000000000014,6225.5576171875,75387.90897039694,307
-6690792.944627387,6651887.151426303,60.00000000000002,6225.5576171875,75387.90897039694,307
-6690798.247928246,6651881.848125445,67.50000000000003,6225.5576171875,75387.90897039694,307
-6690803.551229104,6651876.544824585,75.0,6225.5576171875,75387.90897039694,307
-6690808.854529964,6651871.241523727,82.5,6225.5576171875,75387.90897039694,307
-6690814.157830822,6651865.938222868,90.00000000000001,6225.5576171875,75387.90897039694,307
-6690819.461131682,6651860.634922009,97.50000000000001,6225.5576171875,75387.90897039694,307
-6690824.76443254,6651855.3316211505,105.00000000000003,6225.64501953125,75387.90897039694,307
-6690830.0677334,6651850.028320291,112.5,6225.64501953125,75387.90897039694,307
-6690835.371034258,6651844.725019433,120.0,6225.64501953125,75387.90897039694,307
-6690840.674335117,6651839.421718573,127.50000000000001,6225.64501953125,75387.90897039694,307
-6690845.977635976,6651834.118417715,135.00000000000003,6225.64501953125,75387.90897039694,307
-6690851.280936835,6651828.815116855,142.50000000000003,6225.64501953125,75387.90897039694,307
-6690856.584237694,6651823.511815997,150.0,6225.64501953125,75387.90897039694,307
-6691002.219328522,6652393.410975536,-150.0,6225.5576171875,75893.86809100362,307
-6691007.52262938,6652388.107674678,-142.5,6225.5576171875,75893.86809100362,307
-6691012.82593024,6652382.804373818,-135.0,6225.5576171875,75893.86809100362,307
-6691018.129231098,6652377.50107296,-127.5,6225.5576171875,75893.86809100362,307
-6691023.4325319575,6652372.197772101,-120.0,6225.5576171875,75893.86809100362,307
-6691028.735832816,6652366.894471242,-112.5,6225.5576171875,75893.86809100362,307
-6691034.039133675,6652361.591170383,-105.0,6225.5576171875,75893.86809100362,307
-6691039.342434534,6652356.287869524,-97.49999999999999,6225.5576171875,75893.86809100362,307
-6691044.645735393,6652350.984568665,-90.0,6225.5576171875,75893.86809100362,307
-6691049.949036252,6652345.681267806,-82.5,6225.5576171875,75893.86809100362,307
-6691055.252337111,6652340.377966948,-75.0,6225.5576171875,75893.86809100362,307
-6691060.55563797,6652335.074666088,-67.5,6225.5576171875,75893.86809100362,307
-6691065.858938828,6652329.77136523,-59.999999999999986,6225.5576171875,75893.86809100362,307
-6691071.1622396875,6652324.468064371,-52.5,6225.5576171875,75893.86809100362,307
-6691076.465540546,6652319.164763512,-44.99999999999999,6225.5576171875,75893.86809100362,307
-6691081.768841405,6652313.861462653,-37.5,6225.5576171875,75893.86809100362,307
-6691087.072142264,6652308.558161794,-29.999999999999993,6225.5576171875,75893.86809100362,307
-6691092.375443123,6652303.254860935,-22.499999999999986,6225.5576171875,75893.86809100362,307
-6691097.678743982,6652297.951560076,-14.999999999999996,6225.5576171875,75893.86809100362,307
-6691102.982044841,6652292.648259217,-7.49999999999999,6225.5576171875,75893.86809100362,307
-6691108.2853457,6652287.344958358,0.0,6225.5576171875,75893.86809100362,307
-6691113.588646558,6652282.0416575,7.500000000000007,6225.5576171875,75893.86809100362,307
-6691118.8919474175,6652276.738356641,15.000000000000014,6225.5576171875,75893.86809100362,307
-6691124.195248276,6652271.435055782,22.50000000000002,6225.5576171875,75893.86809100362,307
-6691129.498549135,6652266.131754923,30.00000000000003,6225.5576171875,75893.86809100362,307
-6691134.801849994,6652260.828454064,37.5,6225.5576171875,75893.86809100362,307
-6691140.105150853,6652255.525153205,45.00000000000001,6225.5576171875,75893.86809100362,307
-6691145.408451712,6652250.221852346,52.500000000000014,6225.5576171875,75893.86809100362,307
-6691150.711752571,6652244.918551487,60.00000000000002,6225.5576171875,75893.86809100362,307
-6691156.01505343,6652239.615250628,67.50000000000003,6225.5576171875,75893.86809100362,307
-6691161.318354288,6652234.311949769,75.0,6225.5576171875,75893.86809100362,307
-6691166.6216551475,6652229.008648911,82.5,6225.5576171875,75893.86809100362,307
-6691171.924956006,6652223.705348052,90.00000000000001,6225.5576171875,75893.86809100362,307
-6691177.228256865,6652218.402047193,97.50000000000001,6225.5576171875,75893.86809100362,307
-6691182.531557724,6652213.098746334,105.00000000000003,6225.5576171875,75893.86809100362,307
-6691187.834858583,6652207.795445475,112.5,6225.5576171875,75893.86809100362,307
-6691193.138159442,6652202.492144616,120.0,6225.5576171875,75893.86809100362,307
-6691198.441460301,6652197.188843757,127.50000000000001,6225.5576171875,75893.86809100362,307
-6691203.74476116,6652191.885542898,135.00000000000003,6225.5576171875,75893.86809100362,307
-6691209.048062019,6652186.582242039,142.50000000000003,6225.5576171875,75893.86809100362,307
-6691214.3513628775,6652181.278941181,150.0,6225.5576171875,75893.86809100362,307
-6691359.986453706,6652751.178100721,-150.0,6225.5576171875,76399.82721161032,307
-6691365.289754565,6652745.8747998625,-142.5,6225.5576171875,76399.82721161032,307
-6691370.593055424,6652740.571499003,-135.0,6225.5576171875,76399.82721161032,307
-6691375.896356283,6652735.268198145,-127.5,6225.5576171875,76399.82721161032,307
-6691381.199657142,6652729.964897285,-120.0,6225.5576171875,76399.82721161032,307
-6691386.502958001,6652724.661596427,-112.5,6225.5576171875,76399.82721161032,307
-6691391.80625886,6652719.358295567,-105.0,6225.5576171875,76399.82721161032,307
-6691397.1095597185,6652714.054994709,-97.49999999999999,6225.5576171875,76399.82721161032,307
-6691402.412860578,6652708.751693849,-90.0,6225.5576171875,76399.82721161032,307
-6691407.716161436,6652703.448392991,-82.5,6225.5576171875,76399.82721161032,307
-6691413.019462295,6652698.145092132,-75.0,6225.5576171875,76399.82721161032,307
-6691418.322763154,6652692.841791273,-67.5,6225.5576171875,76399.82721161032,307
-6691423.626064013,6652687.538490415,-59.999999999999986,6225.5576171875,76399.82721161032,307
-6691428.929364872,6652682.235189555,-52.5,6225.5576171875,76399.82721161032,307
-6691434.232665731,6652676.931888697,-44.99999999999999,6225.5576171875,76399.82721161032,307
-6691439.53596659,6652671.628587837,-37.5,6225.5576171875,76399.82721161032,307
-6691444.8392674485,6652666.325286979,-29.999999999999993,6225.5576171875,76399.82721161032,307
-6691450.142568308,6652661.021986119,-22.499999999999986,6225.5576171875,76399.82721161032,307
-6691455.445869166,6652655.718685261,-14.999999999999996,6225.5576171875,76399.82721161032,307
-6691460.749170026,6652650.415384402,-7.49999999999999,6225.5576171875,76399.82721161032,307
-6691466.052470884,6652645.112083543,0.0,6225.5576171875,76399.82721161032,307
-6691471.355771743,6652639.808782685,7.500000000000007,6225.5576171875,76399.82721161032,307
-6691476.659072602,6652634.505481825,15.000000000000014,6225.5576171875,76399.82721161032,307
-6691481.962373461,6652629.202180967,22.50000000000002,6225.5576171875,76399.82721161032,307
-6691487.26567432,6652623.898880107,30.00000000000003,6225.5576171875,76399.82721161032,307
-6691492.5689751785,6652618.595579249,37.5,6225.5576171875,76399.82721161032,307
-6691497.872276038,6652613.292278389,45.00000000000001,6225.5576171875,76399.82721161032,307
-6691503.175576896,6652607.988977531,52.500000000000014,6225.5576171875,76399.82721161032,307
-6691508.478877756,6652602.685676672,60.00000000000002,6225.5576171875,76399.82721161032,307
-6691513.782178614,6652597.382375813,67.50000000000003,6225.5576171875,76399.82721161032,307
-6691519.085479474,6652592.079074955,75.0,6225.5576171875,76399.82721161032,307
-6691524.388780332,6652586.775774095,82.5,6225.5576171875,76399.82721161032,307
-6691529.692081191,6652581.472473237,90.00000000000001,6225.5576171875,76399.82721161032,307
-6691534.99538205,6652576.169172377,97.50000000000001,6225.5576171875,76399.82721161032,307
-6691540.2986829085,6652570.865871519,105.00000000000003,6225.5576171875,76399.82721161032,307
-6691545.601983768,6652565.562570659,112.5,6225.5576171875,76399.82721161032,307
-6691550.905284626,6652560.259269801,120.0,6225.5576171875,76399.82721161032,307
-6691556.208585486,6652554.955968942,127.50000000000001,6225.5576171875,76399.82721161032,307
-6691561.511886344,6652549.652668083,135.00000000000003,6225.5576171875,76399.82721161032,307
-6691566.815187204,6652544.349367224,142.50000000000003,6225.5576171875,76399.82721161032,307
-6691572.118488062,6652539.046066365,150.0,6225.5576171875,76399.82721161032,307
-6691717.75357889,6653108.945225905,-150.0,6225.5576171875,76905.786332217,307
-6691723.056879749,6653103.641925046,-142.5,6225.5576171875,76905.786332217,307
-6691728.360180608,6653098.338624187,-135.0,6225.5576171875,76905.786332217,307
-6691733.6634814665,6653093.035323328,-127.5,6225.5576171875,76905.786332217,307
-6691738.966782326,6653087.732022469,-120.0,6225.5576171875,76905.786332217,307
-6691744.270083184,6653082.42872161,-112.5,6225.5576171875,76905.786332217,307
-6691749.573384044,6653077.125420751,-105.0,6225.5576171875,76905.786332217,307
-6691754.876684902,6653071.822119893,-97.49999999999999,6225.5576171875,76905.786332217,307
-6691760.179985762,6653066.518819033,-90.0,6225.5576171875,76905.786332217,307
-6691765.48328662,6653061.215518175,-82.5,6225.5576171875,76905.786332217,307
-6691770.786587479,6653055.912217315,-75.0,6225.5576171875,76905.786332217,307
-6691776.089888338,6653050.608916457,-67.5,6225.5576171875,76905.786332217,307
-6691781.3931891965,6653045.305615598,-59.999999999999986,6225.5576171875,76905.786332217,307
-6691786.696490056,6653040.002314739,-52.5,6225.5576171875,76905.786332217,307
-6691791.999790914,6653034.69901388,-44.99999999999999,6225.5576171875,76905.786332217,307
-6691797.303091774,6653029.395713021,-37.5,6225.5576171875,76905.786332217,307
-6691802.606392632,6653024.092412163,-29.999999999999993,6225.5576171875,76905.786332217,307
-6691807.909693492,6653018.789111303,-22.499999999999986,6225.5576171875,76905.786332217,307
-6691813.21299435,6653013.485810445,-14.999999999999996,6225.5576171875,76905.786332217,307
-6691818.5162952095,6653008.182509585,-7.49999999999999,6225.5576171875,76905.786332217,307
-6691823.819596068,6653002.879208727,0.0,6225.5576171875,76905.786332217,307
-6691829.1228969265,6652997.575907868,7.500000000000007,6225.5576171875,76905.786332217,307
-6691834.426197786,6652992.272607009,15.000000000000014,6225.5576171875,76905.786332217,307
-6691839.729498644,6652986.96930615,22.50000000000002,6225.5576171875,76905.786332217,307
-6691845.032799504,6652981.666005291,30.00000000000003,6225.5576171875,76905.786332217,307
-6691850.336100362,6652976.362704433,37.5,6225.5576171875,76905.786332217,307
-6691855.639401222,6652971.059403573,45.00000000000001,6225.5576171875,76905.786332217,307
-6691860.94270208,6652965.756102715,52.500000000000014,6225.5576171875,76905.786332217,307
-6691866.2460029395,6652960.452801855,60.00000000000002,6225.5576171875,76905.786332217,307
-6691871.549303798,6652955.149500997,67.50000000000003,6225.5576171875,76905.786332217,307
-6691876.852604657,6652949.846200138,75.0,6225.5576171875,76905.786332217,307
-6691882.155905516,6652944.542899279,82.5,6225.5576171875,76905.786332217,307
-6691887.459206374,6652939.23959842,90.00000000000001,6225.5576171875,76905.786332217,307
-6691892.762507234,6652933.936297561,97.50000000000001,6225.5576171875,76905.786332217,307
-6691898.065808092,6652928.632996703,105.00000000000003,6225.5576171875,76905.786332217,307
-6691903.369108952,6652923.329695843,112.5,6225.5576171875,76905.786332217,307
-6691908.67240981,6652918.026394985,120.0,6225.5576171875,76905.786332217,307
-6691913.9757106695,6652912.723094125,127.50000000000001,6225.5576171875,76905.786332217,307
-6691919.279011528,6652907.419793267,135.00000000000003,6225.5576171875,76905.786332217,307
-6691924.582312387,6652902.116492407,142.50000000000003,6225.5576171875,76905.786332217,307
-6691929.885613246,6652896.813191549,150.0,6225.5576171875,76905.786332217,307
-6692075.520704075,6653466.712351089,-150.0,6225.5576171875,77411.7454528237,307
-6692080.824004933,6653461.409050231,-142.5,6225.5576171875,77411.7454528237,307
-6692086.127305793,6653456.105749371,-135.0,6225.5576171875,77411.7454528237,307
-6692091.430606651,6653450.802448513,-127.5,6225.5576171875,77411.7454528237,307
-6692096.7339075105,6653445.499147654,-120.0,6225.5576171875,77411.7454528237,307
-6692102.037208369,6653440.195846795,-112.5,6225.5576171875,77411.7454528237,307
-6692107.340509228,6653434.892545936,-105.0,6225.5576171875,77411.7454528237,307
-6692112.643810087,6653429.589245077,-97.49999999999999,6225.5576171875,77411.7454528237,307
-6692117.947110946,6653424.285944218,-90.0,6225.5576171875,77411.7454528237,307
-6692123.250411805,6653418.982643359,-82.5,6225.5576171875,77411.7454528237,307
-6692128.553712664,6653413.679342501,-75.0,6225.5576171875,77411.7454528237,307
-6692133.857013523,6653408.376041641,-67.5,6225.5576171875,77411.7454528237,307
-6692139.160314381,6653403.072740783,-59.999999999999986,6225.5576171875,77411.7454528237,307
-6692144.4636152405,6653397.769439924,-52.5,6225.5576171875,77411.7454528237,307
-6692149.766916099,6653392.466139065,-44.99999999999999,6225.5576171875,77411.7454528237,307
-6692155.070216958,6653387.162838206,-37.5,6225.5576171875,77411.7454528237,307
-6692160.373517817,6653381.859537347,-29.999999999999993,6225.5576171875,77411.7454528237,307
-6692165.676818676,6653376.556236488,-22.499999999999986,6225.5576171875,77411.7454528237,307
-6692170.980119535,6653371.252935629,-14.999999999999996,6225.5576171875,77411.7454528237,307
-6692176.283420394,6653365.94963477,-7.49999999999999,6225.5576171875,77411.7454528237,307
-6692181.586721253,6653360.646333911,0.0,6225.5576171875,77411.7454528237,307
-6692186.890022111,6653355.343033053,7.500000000000007,6225.5576171875,77411.7454528237,307
-6692192.1933229705,6653350.039732194,15.000000000000014,6225.5576171875,77411.7454528237,307
-6692197.496623829,6653344.736431335,22.50000000000002,6225.5576171875,77411.7454528237,307
-6692202.799924688,6653339.433130476,30.00000000000003,6225.5576171875,77411.7454528237,307
-6692208.103225547,6653334.129829617,37.5,6225.5576171875,77411.7454528237,307
-6692213.406526406,6653328.826528758,45.00000000000001,6225.5576171875,77411.7454528237,307
-6692218.709827265,6653323.523227899,52.500000000000014,6225.5576171875,77411.7454528237,307
-6692224.013128124,6653318.21992704,60.00000000000002,6225.5576171875,77411.7454528237,307
-6692229.316428983,6653312.916626181,67.50000000000003,6225.5576171875,77411.7454528237,307
-6692234.619729841,6653307.613325322,75.0,6225.5576171875,77411.7454528237,307
-6692239.923030701,6653302.310024464,82.5,6225.5576171875,77411.7454528237,307
-6692245.226331559,6653297.006723605,90.00000000000001,6225.5576171875,77411.7454528237,307
-6692250.529632418,6653291.703422746,97.50000000000001,6225.5576171875,77411.7454528237,307
-6692255.832933277,6653286.400121887,105.00000000000003,6225.5576171875,77411.7454528237,307
-6692261.136234136,6653281.096821028,112.5,6225.5576171875,77411.7454528237,307
-6692266.439534995,6653275.793520169,120.0,6225.5576171875,77411.7454528237,307
-6692271.742835854,6653270.49021931,127.50000000000001,6225.5576171875,77411.7454528237,307
-6692277.046136713,6653265.186918451,135.00000000000003,6225.5576171875,77411.7454528237,307
-6692282.349437572,6653259.883617592,142.50000000000003,6225.5576171875,77411.7454528237,307
-6692287.652738431,6653254.580316734,150.0,6225.5576171875,77411.7454528237,307
-6692433.2878292585,6653824.479476273,-150.0,6225.5576171875,77917.70457343038,307
-6692438.591130117,6653819.176175415,-142.5,6225.5576171875,77917.70457343038,307
-6692443.894430976,6653813.872874555,-135.0,6225.5576171875,77917.70457343038,307
-6692449.197731835,6653808.569573697,-127.5,6225.5576171875,77917.70457343038,307
-6692454.501032694,6653803.266272837,-120.0,6225.5576171875,77917.70457343038,307
-6692459.804333553,6653797.962971979,-112.5,6225.5576171875,77917.70457343038,307
-6692465.107634412,6653792.659671119,-105.0,6225.5576171875,77917.70457343038,307
-6692470.410935271,6653787.356370261,-97.49999999999999,6225.5576171875,77917.70457343038,307
-6692475.71423613,6653782.0530694015,-90.0,6225.5576171875,77917.70457343038,307
-6692481.0175369885,6653776.749768543,-82.5,6225.5576171875,77917.70457343038,307
-6692486.320837848,6653771.446467685,-75.0,6225.5576171875,77917.70457343038,307
-6692491.624138706,6653766.143166825,-67.5,6225.5576171875,77917.70457343038,307
-6692496.927439565,6653760.839865967,-59.999999999999986,6225.5576171875,77917.70457343038,307
-6692502.230740424,6653755.536565107,-52.5,6225.5576171875,77917.70457343038,307
-6692507.534041283,6653750.233264249,-44.99999999999999,6225.5576171875,77917.70457343038,307
-6692512.837342142,6653744.929963389,-37.5,6225.5576171875,77917.70457343038,307
-6692518.140643001,6653739.626662531,-29.999999999999993,6225.5576171875,77917.70457343038,307
-6692523.44394386,6653734.3233616715,-22.499999999999986,6225.5576171875,77917.70457343038,307
-6692528.7472447185,6653729.020060813,-14.999999999999996,6225.5576171875,77917.70457343038,307
-6692534.050545578,6653723.716759954,-7.49999999999999,6225.5576171875,77917.70457343038,307
-6692539.353846436,6653718.413459095,0.0,6225.5576171875,77917.70457343038,307
-6692544.657147295,6653713.110158237,7.500000000000007,6225.5576171875,77917.70457343038,307
-6692549.960448154,6653707.806857377,15.000000000000014,6225.5576171875,77917.70457343038,307
-6692555.263749013,6653702.503556519,22.50000000000002,6225.5576171875,77917.70457343038,307
-6692560.567049872,6653697.200255659,30.00000000000003,6225.5576171875,77917.70457343038,307
-6692565.870350731,6653691.896954801,37.5,6225.5576171875,77917.70457343038,307
-6692571.17365159,6653686.5936539415,45.00000000000001,6225.5576171875,77917.70457343038,307
-6692576.4769524485,6653681.290353083,52.500000000000014,6225.5576171875,77917.70457343038,307
-6692581.780253308,6653675.987052224,60.00000000000002,6225.5576171875,77917.70457343038,307
-6692587.083554166,6653670.683751365,67.50000000000003,6225.5576171875,77917.70457343038,307
-6692592.386855025,6653665.380450506,75.0,6225.5576171875,77917.70457343038,307
-6692597.690155884,6653660.077149647,82.5,6225.5576171875,77917.70457343038,307
-6692602.993456743,6653654.773848789,90.00000000000001,6225.5576171875,77917.70457343038,307
-6692608.296757602,6653649.470547929,97.50000000000001,6225.5576171875,77917.70457343038,307
-6692613.600058461,6653644.167247071,105.00000000000003,6225.5576171875,77917.70457343038,307
-6692618.90335932,6653638.8639462115,112.5,6225.5576171875,77917.70457343038,307
-6692624.2066601785,6653633.560645353,120.0,6225.5576171875,77917.70457343038,307
-6692629.509961038,6653628.257344494,127.50000000000001,6225.5576171875,77917.70457343038,307
-6692634.813261896,6653622.954043635,135.00000000000003,6225.5576171875,77917.70457343038,307
-6692640.116562756,6653617.650742776,142.50000000000003,6225.5576171875,77917.70457343038,307
-6692645.419863614,6653612.347441917,150.0,6225.5576171875,77917.70457343038,307
