x,y,distance_from_center_m,elevation_m,station_m,segment_id
-6711874.179860478,6571161.318266652,-150.0,8438.27734375,0.0,11_sub11
-6711881.679860478,6571161.318266652,-142.5,8438.27734375,0.0,11_sub11
-6711889.179860478,6571161.318266652,-135.0,8438.27734375,0.0,11_sub11
-6711896.679860478,6571161.318266652,-127.5,8438.27734375,0.0,11_sub11
-6711904.179860478,6571161.318266652,-120.0,8438.27734375,0.0,11_sub11
-6711911.679860478,6571161.318266652,-112.5,8438.27734375,0.0,11_sub11
-6711919.179860478,6571161.318266652,-105.0,8438.27734375,0.0,11_sub11
-6711926.679860478,6571161.318266652,-97.49999999999999,8438.27734375,0.0,11_sub11
-6711934.179860478,6571161.318266652,-90.0,8438.27734375,0.0,11_sub11
-6711941.679860478,6571161.318266652,-82.5,8438.27734375,0.0,11_sub11
-6711949.179860478,6571161.318266652,-75.0,8438.27734375,0.0,11_sub11
-6711956.679860478,6571161.318266652,-67.5,8438.27734375,0.0,11_sub11
-6711964.179860478,6571161.318266652,-59.999999999999986,8438.27734375,0.0,11_sub11
-6711971.679860478,6571161.318266652,-52.5,8439.0078125,0.0,11_sub11
-6711979.179860478,6571161.318266652,-44.99999999999999,8439.0078125,0.0,11_sub11
-6711986.679860478,6571161.318266652,-37.5,8439.0078125,0.0,11_sub11
-6711994.179860478,6571161.318266652,-29.999999999999993,8439.0078125,0.0,11_sub11
-6712001.679860478,6571161.318266652,-22.499999999999986,8439.0078125,0.0,11_sub11
-6712009.179860478,6571161.318266652,-14.999999999999996,8439.0078125,0.0,11_sub11
-6712016.679860478,6571161.318266652,-7.49999999999999,8439.0078125,0.0,11_sub11
-6712024.179860478,6571161.318266652,0.0,8439.0078125,0.0,11_sub11
-6712031.679860478,6571161.318266652,7.500000000000007,8439.0078125,0.0,11_sub11
-6712039.179860478,6571161.318266652,15.000000000000014,8439.0078125,0.0,11_sub11
-6712046.679860478,6571161.318266652,22.50000000000002,8439.0078125,0.0,11_sub11
-6712054.179860478,6571161.318266652,30.00000000000003,8439.0078125,0.0,11_sub11
-6712061.679860478,6571161.318266652,37.5,8439.0078125,0.0,11_sub11
-6712069.179860478,6571161.318266652,45.00000000000001,8439.0078125,0.0,11_sub11
-6712076.679860478,6571161.318266652,52.500000000000014,8439.0078125,0.0,11_sub11
-6712084.179860478,6571161.318266652,60.00000000000002,8441.26953125,0.0,11_sub11
-6712091.679860478,6571161.318266652,67.50000000000003,8441.26953125,0.0,11_sub11
-6712099.179860478,6571161.318266652,75.0,8441.26953125,0.0,11_sub11
-6712106.679860478,6571161.318266652,82.5,8441.26953125,0.0,11_sub11
-6712114.179860478,6571161.318266652,90.00000000000001,8441.26953125,0.0,11_sub11
-6712121.679860478,6571161.318266652,97.50000000000001,8441.26953125,0.0,11_sub11
-6712129.179860478,6571161.318266652,105.00000000000003,8441.26953125,0.0,11_sub11
-6712136.679860478,6571161.318266652,112.5,8441.26953125,0.0,11_sub11
-6712144.179860478,6571161.318266652,120.0,8441.26953125,0.0,11_sub11
-6712151.679860478,6571161.318266652,127.50000000000001,8441.26953125,0.0,11_sub11
-6712159.179860478,6571161.318266652,135.00000000000003,8441.26953125,0.0,11_sub11
-6712166.679860478,6571161.318266652,142.50000000000003,8441.26953125,0.0,11_sub11
-6712174.179860478,6571161.318266652,150.0,8441.26953125,0.0,11_sub11
-6712129.640780871,6571704.169325609,-150.0,8425.82421875,524.4023681278151,11_sub11
-6712134.944081729,6571698.86602475,-142.5,8425.82421875,524.4023681278151,11_sub11
-6712140.247382589,6571693.562723891,-135.0,8425.82421875,524.4023681278151,11_sub11
-6712145.550683447,6571688.259423032,-127.5,8425.82421875,524.4023681278151,11_sub11
-6712150.853984307,6571682.956122173,-120.0,8425.82421875,524.4023681278151,11_sub11
-6712156.157285165,6571677.6528213145,-112.5,8425.82421875,524.4023681278151,11_sub11
-6712161.460586024,6571672.349520455,-105.0,8425.82421875,524.4023681278151,11_sub11
-6712166.763886883,6571667.046219597,-97.49999999999999,8427.91796875,524.4023681278151,11_sub11
-6712172.067187742,6571661.742918737,-90.0,8427.91796875,524.4023681278151,11_sub11
-6712177.370488601,6571656.439617879,-82.5,8427.91796875,524.4023681278151,11_sub11
-6712182.67378946,6571651.13631702,-75.0,8427.91796875,524.4023681278151,11_sub11
-6712187.977090319,6571645.833016161,-67.5,8427.91796875,524.4023681278151,11_sub11
-6712193.280391177,6571640.529715302,-59.999999999999986,8425.076171875,524.4023681278151,11_sub11
-6712198.583692037,6571635.226414443,-52.5,8425.076171875,524.4023681278151,11_sub11
-6712203.886992895,6571629.9231135845,-44.99999999999999,8425.076171875,524.4023681278151,11_sub11
-6712209.190293754,6571624.619812725,-37.5,8425.076171875,524.4023681278151,11_sub11
-6712214.493594613,6571619.316511867,-29.999999999999993,8425.076171875,524.4023681278151,11_sub11
-6712219.796895472,6571614.013211007,-22.499999999999986,8425.076171875,524.4023681278151,11_sub11
-6712225.100196331,6571608.709910149,-14.999999999999996,8425.076171875,524.4023681278151,11_sub11
-6712230.40349719,6571603.406609289,-7.49999999999999,8425.076171875,524.4023681278151,11_sub11
-6712235.706798049,6571598.103308431,0.0,8425.076171875,524.4023681278151,11_sub11
-6712241.010098907,6571592.800007572,7.500000000000007,8425.076171875,524.4023681278151,11_sub11
-6712246.313399767,6571587.496706713,15.000000000000014,8425.076171875,524.4023681278151,11_sub11
-6712251.616700625,6571582.1934058545,22.50000000000002,8425.076171875,524.4023681278151,11_sub11
-6712256.920001484,6571576.890104995,30.00000000000003,8425.076171875,524.4023681278151,11_sub11
-6712262.223302343,6571571.586804137,37.5,8425.076171875,524.4023681278151,11_sub11
-6712267.526603202,6571566.283503277,45.00000000000001,8425.076171875,524.4023681278151,11_sub11
-6712272.829904061,6571560.980202419,52.500000000000014,8425.076171875,524.4023681278151,11_sub11
-6712278.13320492,6571555.676901559,60.00000000000002,8425.076171875,524.4023681278151,11_sub11
-6712283.436505779,6571550.373600701,67.50000000000003,8429.5400390625,524.4023681278151,11_sub11
-6712288.739806637,6571545.070299841,75.0,8429.5400390625,524.4023681278151,11_sub11
-6712294.043107497,6571539.766998983,82.5,8429.5400390625,524.4023681278151,11_sub11
-6712299.346408355,6571534.4636981245,90.00000000000001,8429.5400390625,524.4023681278151,11_sub11
-6712304.649709214,6571529.160397265,97.50000000000001,8429.5400390625,524.4023681278151,11_sub11
-6712309.953010073,6571523.857096407,105.00000000000003,8431.130859375,524.4023681278151,11_sub11
-6712315.256310932,6571518.553795547,112.5,8431.130859375,524.4023681278151,11_sub11
-6712320.559611791,6571513.250494689,120.0,8431.130859375,524.4023681278151,11_sub11
-6712325.86291265,6571507.947193829,127.50000000000001,8431.130859375,524.4023681278151,11_sub11
-6712331.166213509,6571502.643892971,135.00000000000003,8431.130859375,524.4023681278151,11_sub11
-6712336.469514368,6571497.340592111,142.50000000000003,8431.130859375,524.4023681278151,11_sub11
-6712341.772815227,6571492.037291253,150.0,8431.130859375,524.4023681278151,11_sub11
-6712341.16771844,6572140.954367387,-150.0,8415.068359375,1048.8047362556301,11_sub11
-6712346.471019299,6572135.651066529,-142.5,8415.068359375,1048.8047362556301,11_sub11
-6712351.774320158,6572130.347765669,-135.0,8415.068359375,1048.8047362556301,11_sub11
-6712357.077621017,6572125.044464811,-127.5,8415.068359375,1048.8047362556301,11_sub11
-6712362.380921876,6572119.741163951,-120.0,8415.068359375,1048.8047362556301,11_sub11
-6712367.6842227345,6572114.437863093,-112.5,8416.2548828125,1048.8047362556301,11_sub11
-6712372.987523594,6572109.134562233,-105.0,8416.2548828125,1048.8047362556301,11_sub11
-6712378.290824452,6572103.831261375,-97.49999999999999,8416.2548828125,1048.8047362556301,11_sub11
-6712383.594125312,6572098.527960516,-90.0,8416.2548828125,1048.8047362556301,11_sub11
-6712388.89742617,6572093.224659657,-82.5,8416.2548828125,1048.8047362556301,11_sub11
-6712394.200727029,6572087.921358798,-75.0,8416.2548828125,1048.8047362556301,11_sub11
-6712399.504027888,6572082.618057939,-67.5,8416.2548828125,1048.8047362556301,11_sub11
-6712404.807328747,6572077.314757081,-59.999999999999986,8416.2548828125,1048.8047362556301,11_sub11
-6712410.110629606,6572072.011456221,-52.5,8416.2548828125,1048.8047362556301,11_sub11
-6712415.413930465,6572066.708155363,-44.99999999999999,8416.2548828125,1048.8047362556301,11_sub11
-6712420.717231324,6572061.404854503,-37.5,8412.1015625,1048.8047362556301,11_sub11
-6712426.020532182,6572056.101553645,-29.999999999999993,8412.1015625,1048.8047362556301,11_sub11
-6712431.323833042,6572050.798252786,-22.499999999999986,8412.1015625,1048.8047362556301,11_sub11
-6712436.6271339,6572045.494951927,-14.999999999999996,8412.1015625,1048.8047362556301,11_sub11
-6712441.93043476,6572040.191651068,-7.49999999999999,8412.1015625,1048.8047362556301,11_sub11
-6712447.233735618,6572034.888350209,0.0,8412.1015625,1048.8047362556301,11_sub11
-6712452.537036477,6572029.585049351,7.500000000000007,8412.1015625,1048.8047362556301,11_sub11
-6712457.840337336,6572024.281748491,15.000000000000014,8412.1015625,1048.8047362556301,11_sub11
-6712463.143638195,6572018.978447633,22.50000000000002,8412.1015625,1048.8047362556301,11_sub11
-6712468.446939054,6572013.675146773,30.00000000000003,8412.1015625,1048.8047362556301,11_sub11
-6712473.750239912,6572008.371845915,37.5,8412.1015625,1048.8047362556301,11_sub11
-6712479.053540772,6572003.068545056,45.00000000000001,8414.1640625,1048.8047362556301,11_sub11
-6712484.35684163,6571997.765244197,52.500000000000014,8414.1640625,1048.8047362556301,11_sub11
-6712489.66014249,6571992.461943338,60.00000000000002,8414.1640625,1048.8047362556301,11_sub11
-6712494.963443348,6571987.158642479,67.50000000000003,8414.1640625,1048.8047362556301,11_sub11
-6712500.266744208,6571981.855341621,75.0,8414.1640625,1048.8047362556301,11_sub11
-6712505.570045066,6571976.552040761,82.5,8414.1640625,1048.8047362556301,11_sub11
-6712510.873345925,6571971.248739903,90.00000000000001,8414.1640625,1048.8047362556301,11_sub11
-6712516.176646784,6571965.945439043,97.50000000000001,8414.1640625,1048.8047362556301,11_sub11
-6712521.479947642,6571960.642138185,105.00000000000003,8414.1640625,1048.8047362556301,11_sub11
-6712526.783248502,6571955.338837326,112.5,8414.1640625,1048.8047362556301,11_sub11
-6712532.08654936,6571950.035536467,120.0,8412.5478515625,1048.8047362556301,11_sub11
-6712537.38985022,6571944.732235608,127.50000000000001,8412.5478515625,1048.8047362556301,11_sub11
-6712542.693151078,6571939.428934749,135.00000000000003,8412.5478515625,1048.8047362556301,11_sub11
-6712547.996451938,6571934.12563389,142.50000000000003,8412.5478515625,1048.8047362556301,11_sub11
-6712553.299752796,6571928.822333031,150.0,8412.5478515625,1048.8047362556301,11_sub11
-6712744.964474617,6572432.122071459,-150.0,8406.060546875,1573.2071043834453,11_sub11
-6712750.267775476,6572426.8187706005,-142.5,8406.060546875,1573.2071043834453,11_sub11
-6712755.571076334,6572421.515469741,-135.0,8406.060546875,1573.2071043834453,11_sub11
-6712760.874377193,6572416.212168883,-127.5,8403.833984375,1573.2071043834453,11_sub11
-6712766.177678052,6572410.908868023,-120.0,8403.833984375,1573.2071043834453,11_sub11
-6712771.480978912,6572405.605567165,-112.5,8403.833984375,1573.2071043834453,11_sub11
-6712776.78427977,6572400.302266305,-105.0,8403.833984375,1573.2071043834453,11_sub11
-6712782.087580629,6572394.998965447,-97.49999999999999,8403.833984375,1573.2071043834453,11_sub11
-6712787.390881488,6572389.695664587,-90.0,8403.833984375,1573.2071043834453,11_sub11
-6712792.6941823475,6572384.392363729,-82.5,8403.833984375,1573.2071043834453,11_sub11
-6712797.997483206,6572379.08906287,-75.0,8403.833984375,1573.2071043834453,11_sub11
-6712803.300784064,6572373.785762011,-67.5,8403.833984375,1573.2071043834453,11_sub11
-6712808.604084924,6572368.482461153,-59.999999999999986,8403.833984375,1573.2071043834453,11_sub11
-6712813.907385783,6572363.179160293,-52.5,8403.833984375,1573.2071043834453,11_sub11
-6712819.210686642,6572357.875859435,-44.99999999999999,8403.833984375,1573.2071043834453,11_sub11
-6712824.5139875,6572352.572558575,-37.5,8403.833984375,1573.2071043834453,11_sub11
-6712829.81728836,6572347.269257717,-29.999999999999993,8403.833984375,1573.2071043834453,11_sub11
-6712835.120589219,6572341.965956857,-22.499999999999986,8404.990234375,1573.2071043834453,11_sub11
-6712840.4238900775,6572336.662655999,-14.999999999999996,8404.990234375,1573.2071043834453,11_sub11
-6712845.727190936,6572331.35935514,-7.49999999999999,8404.990234375,1573.2071043834453,11_sub11
-6712851.030491795,6572326.056054281,0.0,8404.990234375,1573.2071043834453,11_sub11
-6712856.333792655,6572320.752753423,7.500000000000007,8404.990234375,1573.2071043834453,11_sub11
-6712861.637093513,6572315.449452563,15.000000000000014,8404.990234375,1573.2071043834453,11_sub11
-6712866.940394372,6572310.146151705,22.50000000000002,8404.990234375,1573.2071043834453,11_sub11
-6712872.243695231,6572304.842850845,30.00000000000003,8401.8828125,1573.2071043834453,11_sub11
-6712877.546996091,6572299.539549987,37.5,8401.8828125,1573.2071043834453,11_sub11
-6712882.850296949,6572294.236249127,45.00000000000001,8401.8828125,1573.2071043834453,11_sub11
-6712888.1535978075,6572288.932948269,52.500000000000014,8401.8828125,1573.2071043834453,11_sub11
-6712893.456898667,6572283.62964741,60.00000000000002,8401.8828125,1573.2071043834453,11_sub11
-6712898.760199526,6572278.326346551,67.50000000000003,8401.8828125,1573.2071043834453,11_sub11
-6712904.063500385,6572273.023045693,75.0,8401.8828125,1573.2071043834453,11_sub11
-6712909.366801243,6572267.719744833,82.5,8401.8828125,1573.2071043834453,11_sub11
-6712914.670102103,6572262.416443975,90.00000000000001,8401.8828125,1573.2071043834453,11_sub11
-6712919.973402962,6572257.113143115,97.50000000000001,8401.8828125,1573.2071043834453,11_sub11
-6712925.276703821,6572251.809842257,105.00000000000003,8401.8828125,1573.2071043834453,11_sub11
-6712930.580004679,6572246.506541397,112.5,8401.8828125,1573.2071043834453,11_sub11
-6712935.883305538,6572241.203240539,120.0,8401.8828125,1573.2071043834453,11_sub11
-6712941.186606398,6572235.89993968,127.50000000000001,8401.8828125,1573.2071043834453,11_sub11
-6712946.489907256,6572230.596638821,135.00000000000003,8407.7470703125,1573.2071043834453,11_sub11
-6712951.793208115,6572225.293337962,142.50000000000003,8407.7470703125,1573.2071043834453,11_sub11
-6712957.096508974,6572219.990037103,150.0,8407.7470703125,1573.2071043834453,11_sub11
-6713181.749516396,6572643.649009029,-150.0,8395.587890625,2097.6094725112603,11_sub11
-6713187.052817254,6572638.345708171,-142.5,8395.587890625,2097.6094725112603,11_sub11
-6713192.356118114,6572633.0424073115,-135.0,8395.587890625,2097.6094725112603,11_sub11
-6713197.659418972,6572627.739106453,-127.5,8395.587890625,2097.6094725112603,11_sub11
-6713202.962719832,6572622.435805594,-120.0,8395.587890625,2097.6094725112603,11_sub11
-6713208.26602069,6572617.132504735,-112.5,8392.171875,2097.6094725112603,11_sub11
-6713213.5693215495,6572611.829203876,-105.0,8392.171875,2097.6094725112603,11_sub11
-6713218.872622408,6572606.525903017,-97.49999999999999,8392.171875,2097.6094725112603,11_sub11
-6713224.175923267,6572601.222602158,-90.0,8392.171875,2097.6094725112603,11_sub11
-6713229.479224126,6572595.919301299,-82.5,8392.171875,2097.6094725112603,11_sub11
-6713234.782524984,6572590.61600044,-75.0,8392.171875,2097.6094725112603,11_sub11
-6713240.085825844,6572585.3126995815,-67.5,8392.171875,2097.6094725112603,11_sub11
-6713245.389126702,6572580.009398723,-59.999999999999986,8392.171875,2097.6094725112603,11_sub11
-6713250.692427562,6572574.706097864,-52.5,8392.171875,2097.6094725112603,11_sub11
-6713255.99572842,6572569.402797005,-44.99999999999999,8392.171875,2097.6094725112603,11_sub11
-6713261.2990292795,6572564.099496146,-37.5,8393.28125,2097.6094725112603,11_sub11
-6713266.602330138,6572558.796195287,-29.999999999999993,8393.28125,2097.6094725112603,11_sub11
-6713271.905630997,6572553.492894428,-22.499999999999986,8393.28125,2097.6094725112603,11_sub11
-6713277.208931856,6572548.189593569,-14.999999999999996,8393.28125,2097.6094725112603,11_sub11
-6713282.512232715,6572542.88629271,-7.49999999999999,8393.28125,2097.6094725112603,11_sub11
-6713287.815533574,6572537.5829918515,0.0,8393.28125,2097.6094725112603,11_sub11
-6713293.118834432,6572532.279690993,7.500000000000007,8393.28125,2097.6094725112603,11_sub11
-6713298.422135292,6572526.976390134,15.000000000000014,8393.28125,2097.6094725112603,11_sub11
-6713303.72543615,6572521.673089275,22.50000000000002,8393.28125,2097.6094725112603,11_sub11
-6713309.0287370095,6572516.369788416,30.00000000000003,8393.28125,2097.6094725112603,11_sub11
-6713314.332037868,6572511.066487557,37.5,8393.28125,2097.6094725112603,11_sub11
-6713319.635338727,6572505.763186698,45.00000000000001,8390.9765625,2097.6094725112603,11_sub11
-6713324.938639586,6572500.459885839,52.500000000000014,8390.9765625,2097.6094725112603,11_sub11
-6713330.241940445,6572495.15658498,60.00000000000002,8390.9765625,2097.6094725112603,11_sub11
-6713335.545241304,6572489.8532841215,67.50000000000003,8390.9765625,2097.6094725112603,11_sub11
-6713340.848542163,6572484.549983263,75.0,8390.9765625,2097.6094725112603,11_sub11
-6713346.151843022,6572479.246682404,82.5,8390.9765625,2097.6094725112603,11_sub11
-6713351.45514388,6572473.943381545,90.00000000000001,8390.9765625,2097.6094725112603,11_sub11
-6713356.7584447395,6572468.640080686,97.50000000000001,8390.9765625,2097.6094725112603,11_sub11
-6713362.061745598,6572463.336779827,105.00000000000003,8390.9765625,2097.6094725112603,11_sub11
-6713367.365046457,6572458.033478968,112.5,8390.9765625,2097.6094725112603,11_sub11
-6713372.668347316,6572452.730178109,120.0,8395.12890625,2097.6094725112603,11_sub11
-6713377.971648175,6572447.42687725,127.50000000000001,8395.12890625,2097.6094725112603,11_sub11
-6713383.274949034,6572442.1235763915,135.00000000000003,8395.12890625,2097.6094725112603,11_sub11
-6713388.578249893,6572436.820275532,142.50000000000003,8395.12890625,2097.6094725112603,11_sub11
-6713393.881550752,6572431.516974674,150.0,8395.12890625,2097.6094725112603,11_sub11
-6713393.276453965,6573080.434050809,-150.0,8387.375,2622.011840639075,11_sub11
-6713398.579754824,6573075.13074995,-142.5,8387.375,2622.011840639075,11_sub11
-6713403.883055683,6573069.827449091,-135.0,8387.375,2622.011840639075,11_sub11
-6713409.186356543,6573064.524148232,-127.5,8387.375,2622.011840639075,11_sub11
-6713414.489657401,6573059.220847373,-120.0,8387.375,2622.011840639075,11_sub11
-6713419.79295826,6573053.917546514,-112.5,8387.375,2622.011840639075,11_sub11
-6713425.096259119,6573048.614245655,-105.0,8387.375,2622.011840639075,11_sub11
-6713430.399559978,6573043.310944797,-97.49999999999999,8387.375,2622.011840639075,11_sub11
-6713435.702860837,6573038.007643937,-90.0,8387.47265625,2622.011840639075,11_sub11
-6713441.006161695,6573032.704343079,-82.5,8387.47265625,2622.011840639075,11_sub11
-6713446.309462555,6573027.401042219,-75.0,8387.47265625,2622.011840639075,11_sub11
-6713451.612763414,6573022.097741361,-67.5,8387.47265625,2622.011840639075,11_sub11
-6713456.916064273,6573016.794440502,-59.999999999999986,8384.4765625,2622.011840639075,11_sub11
-6713462.219365131,6573011.491139643,-52.5,8384.4765625,2622.011840639075,11_sub11
-6713467.5226659905,6573006.187838784,-44.99999999999999,8384.4765625,2622.011840639075,11_sub11
-6713472.82596685,6573000.884537925,-37.5,8384.4765625,2622.011840639075,11_sub11
-6713478.129267708,6572995.581237067,-29.999999999999993,8384.4765625,2622.011840639075,11_sub11
-6713483.432568567,6572990.277936207,-22.499999999999986,8384.4765625,2622.011840639075,11_sub11
-6713488.735869426,6572984.974635349,-14.999999999999996,8384.4765625,2622.011840639075,11_sub11
-6713494.039170286,6572979.671334489,-7.49999999999999,8384.4765625,2622.011840639075,11_sub11
-6713499.342471144,6572974.368033631,0.0,8384.4765625,2622.011840639075,11_sub11
-6713504.645772003,6572969.064732772,7.500000000000007,8384.4765625,2622.011840639075,11_sub11
-6713509.949072862,6572963.761431913,15.000000000000014,8384.4765625,2622.011840639075,11_sub11
-6713515.252373721,6572958.458131054,22.50000000000002,8384.4765625,2622.011840639075,11_sub11
-6713520.55567458,6572953.154830195,30.00000000000003,8384.4765625,2622.011840639075,11_sub11
-6713525.858975438,6572947.851529337,37.5,8384.4765625,2622.011840639075,11_sub11
-6713531.162276298,6572942.548228477,45.00000000000001,8384.4765625,2622.011840639075,11_sub11
-6713536.465577157,6572937.244927619,52.500000000000014,8384.4765625,2622.011840639075,11_sub11
-6713541.768878016,6572931.941626759,60.00000000000002,8384.4765625,2622.011840639075,11_sub11
-6713547.072178874,6572926.638325901,67.50000000000003,8385.3984375,2622.011840639075,11_sub11
-6713552.375479734,6572921.335025042,75.0,8385.3984375,2622.011840639075,11_sub11
-6713557.678780593,6572916.031724183,82.5,8385.3984375,2622.011840639075,11_sub11
-6713562.982081451,6572910.728423324,90.00000000000001,8385.3984375,2622.011840639075,11_sub11
-6713568.28538231,6572905.425122465,97.50000000000001,8390.6435546875,2622.011840639075,11_sub11
-6713573.588683169,6572900.1218216065,105.00000000000003,8390.6435546875,2622.011840639075,11_sub11
-6713578.891984029,6572894.818520747,112.5,8390.6435546875,2622.011840639075,11_sub11
-6713584.195284887,6572889.515219889,120.0,8390.6435546875,2622.011840639075,11_sub11
-6713589.498585746,6572884.211919029,127.50000000000001,8390.6435546875,2622.011840639075,11_sub11
-6713594.801886605,6572878.908618171,135.00000000000003,8390.6435546875,2622.011840639075,11_sub11
-6713600.1051874645,6572873.605317311,142.50000000000003,8390.6435546875,2622.011840639075,11_sub11
-6713605.408488323,6572868.302016453,150.0,8390.6435546875,2622.011840639075,11_sub11
-6713684.444158038,6573484.230806985,-150.0,8371.4990234375,3146.4142087668906,11_sub11
-6713689.747458897,6573478.927506126,-142.5,8371.4990234375,3146.4142087668906,11_sub11
-6713695.050759756,6573473.624205267,-135.0,8371.4990234375,3146.4142087668906,11_sub11
-6713700.3540606145,6573468.320904409,-127.5,8374.2607421875,3146.4142087668906,11_sub11
-6713705.657361474,6573463.017603549,-120.0,8374.2607421875,3146.4142087668906,11_sub11
-6713710.960662332,6573457.714302691,-112.5,8374.2607421875,3146.4142087668906,11_sub11
-6713716.263963192,6573452.411001831,-105.0,8374.2607421875,3146.4142087668906,11_sub11
-6713721.56726405,6573447.107700973,-97.49999999999999,8374.2607421875,3146.4142087668906,11_sub11
-6713726.87056491,6573441.804400113,-90.0,8374.2607421875,3146.4142087668906,11_sub11
-6713732.173865768,6573436.501099255,-82.5,8374.2607421875,3146.4142087668906,11_sub11
-6713737.477166627,6573431.1977983955,-75.0,8374.2607421875,3146.4142087668906,11_sub11
-6713742.780467486,6573425.894497537,-67.5,8374.2607421875,3146.4142087668906,11_sub11
-6713748.0837683445,6573420.591196679,-59.999999999999986,8374.2607421875,3146.4142087668906,11_sub11
-6713753.387069204,6573415.287895819,-52.5,8374.2607421875,3146.4142087668906,11_sub11
-6713758.690370062,6573409.984594961,-44.99999999999999,8374.2607421875,3146.4142087668906,11_sub11
-6713763.993670922,6573404.681294101,-37.5,8374.2607421875,3146.4142087668906,11_sub11
-6713769.29697178,6573399.377993243,-29.999999999999993,8374.2607421875,3146.4142087668906,11_sub11
-6713774.60027264,6573394.074692383,-22.499999999999986,8372.515625,3146.4142087668906,11_sub11
-6713779.903573498,6573388.771391525,-14.999999999999996,8372.515625,3146.4142087668906,11_sub11
-6713785.206874358,6573383.4680906655,-7.49999999999999,8372.515625,3146.4142087668906,11_sub11
-6713790.510175216,6573378.164789807,0.0,8372.515625,3146.4142087668906,11_sub11
-6713795.8134760745,6573372.861488949,7.500000000000007,8372.515625,3146.4142087668906,11_sub11
-6713801.116776934,6573367.558188089,15.000000000000014,8372.515625,3146.4142087668906,11_sub11
-6713806.420077792,6573362.254887231,22.50000000000002,8372.515625,3146.4142087668906,11_sub11
-6713811.723378652,6573356.951586371,30.00000000000003,8377.7333984375,3146.4142087668906,11_sub11
-6713817.02667951,6573351.648285513,37.5,8377.7333984375,3146.4142087668906,11_sub11
-6713822.32998037,6573346.344984653,45.00000000000001,8377.7333984375,3146.4142087668906,11_sub11
-6713827.633281228,6573341.041683795,52.500000000000014,8377.7333984375,3146.4142087668906,11_sub11
-6713832.936582088,6573335.7383829355,60.00000000000002,8377.7333984375,3146.4142087668906,11_sub11
-6713838.239882946,6573330.435082077,67.50000000000003,8377.7333984375,3146.4142087668906,11_sub11
-6713843.543183805,6573325.131781219,75.0,8377.7333984375,3146.4142087668906,11_sub11
-6713848.846484664,6573319.828480359,82.5,8377.7333984375,3146.4142087668906,11_sub11
-6713854.149785522,6573314.525179501,90.00000000000001,8377.7333984375,3146.4142087668906,11_sub11
-6713859.453086382,6573309.221878641,97.50000000000001,8377.7333984375,3146.4142087668906,11_sub11
-6713864.75638724,6573303.918577783,105.00000000000003,8377.7333984375,3146.4142087668906,11_sub11
-6713870.0596881,6573298.615276923,112.5,8377.7333984375,3146.4142087668906,11_sub11
-6713875.362988958,6573293.311976065,120.0,8377.7333984375,3146.4142087668906,11_sub11
-6713880.666289818,6573288.0086752055,127.50000000000001,8377.7333984375,3146.4142087668906,11_sub11
-6713885.969590676,6573282.705374347,135.00000000000003,8383.365234375,3146.4142087668906,11_sub11
-6713891.272891535,6573277.402073488,142.50000000000003,8383.365234375,3146.4142087668906,11_sub11
-6713896.576192394,6573272.098772629,150.0,8383.365234375,3146.4142087668906,11_sub11
-6713769.644362537,6573708.8838144075,-150.0,8367.71875,3670.8165768947056,11_sub11
-6713774.947663396,6573714.187115266,-142.5,8366.3173828125,3670.8165768947056,11_sub11
-6713780.250964255,6573719.490416125,-135.0,8366.3173828125,3670.8165768947056,11_sub11
-6713785.554265114,6573724.793716984,-127.5,8366.3173828125,3670.8165768947056,11_sub11
-6713790.857565973,6573730.097017843,-120.0,8366.3173828125,3670.8165768947056,11_sub11
-6713796.160866831,6573735.400318702,-112.5,8366.3173828125,3670.8165768947056,11_sub11
-6713801.464167691,6573740.703619561,-105.0,8366.3173828125,3670.8165768947056,11_sub11
-6713806.767468549,6573746.00692042,-97.49999999999999,8366.3173828125,3670.8165768947056,11_sub11
-6713812.070769409,6573751.310221279,-90.0,8366.3173828125,3670.8165768947056,11_sub11
-6713817.374070267,6573756.6135221375,-82.5,8366.3173828125,3670.8165768947056,11_sub11
-6713822.677371126,6573761.916822996,-75.0,8366.3173828125,3670.8165768947056,11_sub11
-6713827.980671985,6573767.220123855,-67.5,8366.3173828125,3670.8165768947056,11_sub11
-6713833.283972844,6573772.523424714,-59.999999999999986,8366.3173828125,3670.8165768947056,11_sub11
-6713838.587273703,6573777.826725573,-52.5,8366.3173828125,3670.8165768947056,11_sub11
-6713843.890574561,6573783.130026432,-44.99999999999999,8366.3173828125,3670.8165768947056,11_sub11
-6713849.193875421,6573788.433327291,-37.5,8366.3173828125,3670.8165768947056,11_sub11
-6713854.497176279,6573793.73662815,-29.999999999999993,8366.3173828125,3670.8165768947056,11_sub11
-6713859.800477139,6573799.039929009,-22.499999999999986,8366.3173828125,3670.8165768947056,11_sub11
-6713865.103777997,6573804.3432298675,-14.999999999999996,8366.3173828125,3670.8165768947056,11_sub11
-6713870.407078857,6573809.646530727,-7.49999999999999,8363.4345703125,3670.8165768947056,11_sub11
-6713875.710379715,6573814.949831585,0.0,8363.4345703125,3670.8165768947056,11_sub11
-6713881.013680574,6573820.253132444,7.500000000000007,8363.4345703125,3670.8165768947056,11_sub11
-6713886.316981433,6573825.556433303,15.000000000000014,8364.869140625,3670.8165768947056,11_sub11
-6713891.620282291,6573830.859734162,22.50000000000002,8364.869140625,3670.8165768947056,11_sub11
-6713896.923583151,6573836.163035021,30.00000000000003,8364.869140625,3670.8165768947056,11_sub11
-6713902.226884009,6573841.46633588,37.5,8364.869140625,3670.8165768947056,11_sub11
-6713907.530184869,6573846.769636739,45.00000000000001,8364.869140625,3670.8165768947056,11_sub11
-6713912.833485727,6573852.0729375975,52.500000000000014,8364.869140625,3670.8165768947056,11_sub11
-6713918.136786587,6573857.376238457,60.00000000000002,8364.869140625,3670.8165768947056,11_sub11
-6713923.440087445,6573862.679539315,67.50000000000003,8364.869140625,3670.8165768947056,11_sub11
-6713928.7433883045,6573867.982840175,75.0,8364.869140625,3670.8165768947056,11_sub11
-6713934.046689163,6573873.286141033,82.5,8364.869140625,3670.8165768947056,11_sub11
-6713939.349990021,6573878.589441892,90.00000000000001,8364.869140625,3670.8165768947056,11_sub11
-6713944.653290881,6573883.892742751,97.50000000000001,8364.869140625,3670.8165768947056,11_sub11
-6713949.956591739,6573889.19604361,105.00000000000003,8364.869140625,3670.8165768947056,11_sub11
-6713955.259892599,6573894.499344469,112.5,8364.869140625,3670.8165768947056,11_sub11
-6713960.563193457,6573899.8026453275,120.0,8364.869140625,3670.8165768947056,11_sub11
-6713965.866494317,6573905.105946187,127.50000000000001,8364.869140625,3670.8165768947056,11_sub11
-6713971.169795175,6573910.409247045,135.00000000000003,8364.869140625,3670.8165768947056,11_sub11
-6713976.4730960345,6573915.712547905,142.50000000000003,8364.869140625,3670.8165768947056,11_sub11
-6713981.776396893,6573921.015848763,150.0,8362.6943359375,3670.8165768947056,11_sub11
-6713802.599162469,6574390.789176146,-150.0,8359.607421875,4195.2189450225205,11_sub11
-6713807.902463327,6574385.485875287,-142.5,8359.607421875,4195.2189450225205,11_sub11
-6713813.205764187,6574380.182574428,-135.0,8359.607421875,4195.2189450225205,11_sub11
-6713818.509065045,6574374.879273569,-127.5,8359.607421875,4195.2189450225205,11_sub11
-6713823.812365904,6574369.57597271,-120.0,8359.1826171875,4195.2189450225205,11_sub11
-6713829.115666763,6574364.272671851,-112.5,8359.1826171875,4195.2189450225205,11_sub11
-6713834.418967622,6574358.969370992,-105.0,8359.1826171875,4195.2189450225205,11_sub11
-6713839.722268481,6574353.666070133,-97.49999999999999,8359.1826171875,4195.2189450225205,11_sub11
-6713845.02556934,6574348.362769274,-90.0,8359.1826171875,4195.2189450225205,11_sub11
-6713850.328870199,6574343.059468416,-82.5,8359.1826171875,4195.2189450225205,11_sub11
-6713855.632171057,6574337.756167557,-75.0,8359.1826171875,4195.2189450225205,11_sub11
-6713860.935471917,6574332.452866698,-67.5,8359.1826171875,4195.2189450225205,11_sub11
-6713866.238772775,6574327.149565839,-59.999999999999986,8359.1826171875,4195.2189450225205,11_sub11
-6713871.542073634,6574321.84626498,-52.5,8359.1826171875,4195.2189450225205,11_sub11
-6713876.845374493,6574316.542964121,-44.99999999999999,8359.1826171875,4195.2189450225205,11_sub11
-6713882.148675352,6574311.239663262,-37.5,8359.1826171875,4195.2189450225205,11_sub11
-6713887.451976211,6574305.936362403,-29.999999999999993,8357.0693359375,4195.2189450225205,11_sub11
-6713892.75527707,6574300.633061544,-22.499999999999986,8357.0693359375,4195.2189450225205,11_sub11
-6713898.058577929,6574295.329760686,-14.999999999999996,8357.0693359375,4195.2189450225205,11_sub11
-6713903.361878788,6574290.026459826,-7.49999999999999,8357.0693359375,4195.2189450225205,11_sub11
-6713908.665179647,6574284.723158968,0.0,8357.0693359375,4195.2189450225205,11_sub11
-6713913.968480505,6574279.419858109,7.500000000000007,8357.0693359375,4195.2189450225205,11_sub11
-6713919.271781364,6574274.11655725,15.000000000000014,8357.0693359375,4195.2189450225205,11_sub11
-6713924.575082223,6574268.813256391,22.50000000000002,8357.0693359375,4195.2189450225205,11_sub11
-6713929.878383082,6574263.509955532,30.00000000000003,8357.0693359375,4195.2189450225205,11_sub11
-6713935.181683941,6574258.206654673,37.5,8359.6884765625,4195.2189450225205,11_sub11
-6713940.4849848,6574252.903353814,45.00000000000001,8359.6884765625,4195.2189450225205,11_sub11
-6713945.788285659,6574247.600052956,52.500000000000014,8359.6884765625,4195.2189450225205,11_sub11
-6713951.091586518,6574242.296752096,60.00000000000002,8359.6884765625,4195.2189450225205,11_sub11
-6713956.394887377,6574236.993451238,67.50000000000003,8359.6884765625,4195.2189450225205,11_sub11
-6713961.698188236,6574231.690150378,75.0,8359.6884765625,4195.2189450225205,11_sub11
-6713967.001489094,6574226.38684952,82.5,8359.6884765625,4195.2189450225205,11_sub11
-6713972.304789953,6574221.083548661,90.00000000000001,8359.6884765625,4195.2189450225205,11_sub11
-6713977.608090812,6574215.780247802,97.50000000000001,8359.6884765625,4195.2189450225205,11_sub11
-6713982.911391671,6574210.476946943,105.00000000000003,8359.6884765625,4195.2189450225205,11_sub11
-6713988.21469253,6574205.173646084,112.5,8359.6884765625,4195.2189450225205,11_sub11
-6713993.517993389,6574199.870345226,120.0,8359.6884765625,4195.2189450225205,11_sub11
-6713998.821294248,6574194.567044366,127.50000000000001,8359.837890625,4195.2189450225205,11_sub11
-6714004.124595107,6574189.263743508,135.00000000000003,8359.837890625,4195.2189450225205,11_sub11
-6714009.427895966,6574183.960442648,142.50000000000003,8359.837890625,4195.2189450225205,11_sub11
-6714014.731196824,6574178.65714179,150.0,8359.837890625,4195.2189450225205,11_sub11
-6714014.13185046,6574703.30776731,-150.0,8353.7978515625,4719.6213131503355,11_sub11
-6714021.63185046,6574703.30776731,-142.5,8353.7978515625,4719.6213131503355,11_sub11
-6714029.13185046,6574703.30776731,-135.0,8353.7978515625,4719.6213131503355,11_sub11
-6714036.63185046,6574703.30776731,-127.5,8353.7978515625,4719.6213131503355,11_sub11
-6714044.13185046,6574703.30776731,-120.0,8353.7978515625,4719.6213131503355,11_sub11
-6714051.63185046,6574703.30776731,-112.5,8353.7978515625,4719.6213131503355,11_sub11
-6714059.13185046,6574703.30776731,-105.0,8353.7978515625,4719.6213131503355,11_sub11
-6714066.63185046,6574703.30776731,-97.49999999999999,8353.7978515625,4719.6213131503355,11_sub11
-6714074.13185046,6574703.30776731,-90.0,8353.7978515625,4719.6213131503355,11_sub11
-6714081.63185046,6574703.30776731,-82.5,8353.7978515625,4719.6213131503355,11_sub11
-6714089.13185046,6574703.30776731,-75.0,8353.7978515625,4719.6213131503355,11_sub11
-6714096.63185046,6574703.30776731,-67.5,8353.7978515625,4719.6213131503355,11_sub11
-6714104.13185046,6574703.30776731,-59.999999999999986,8353.7978515625,4719.6213131503355,11_sub11
-6714111.63185046,6574703.30776731,-52.5,8353.1484375,4719.6213131503355,11_sub11
-6714119.13185046,6574703.30776731,-44.99999999999999,8353.1484375,4719.6213131503355,11_sub11
-6714126.63185046,6574703.30776731,-37.5,8353.1484375,4719.6213131503355,11_sub11
-6714134.13185046,6574703.30776731,-29.999999999999993,8353.1484375,4719.6213131503355,11_sub11
-6714141.63185046,6574703.30776731,-22.499999999999986,8353.1484375,4719.6213131503355,11_sub11
-6714149.13185046,6574703.30776731,-14.999999999999996,8353.1484375,4719.6213131503355,11_sub11
-6714156.63185046,6574703.30776731,-7.49999999999999,8353.1484375,4719.6213131503355,11_sub11
-6714164.13185046,6574703.30776731,0.0,8353.1484375,4719.6213131503355,11_sub11
-6714171.63185046,6574703.30776731,7.500000000000007,8353.1484375,4719.6213131503355,11_sub11
-6714179.13185046,6574703.30776731,15.000000000000014,8353.1484375,4719.6213131503355,11_sub11
-6714186.63185046,6574703.30776731,22.50000000000002,8353.1484375,4719.6213131503355,11_sub11
-6714194.13185046,6574703.30776731,30.00000000000003,8353.1484375,4719.6213131503355,11_sub11
-6714201.63185046,6574703.30776731,37.5,8353.1484375,4719.6213131503355,11_sub11
-6714209.13185046,6574703.30776731,45.00000000000001,8353.1484375,4719.6213131503355,11_sub11
-6714216.63185046,6574703.30776731,52.500000000000014,8353.1484375,4719.6213131503355,11_sub11
-6714224.13185046,6574703.30776731,60.00000000000002,8352.9609375,4719.6213131503355,11_sub11
-6714231.63185046,6574703.30776731,67.50000000000003,8352.9609375,4719.6213131503355,11_sub11
-6714239.13185046,6574703.30776731,75.0,8352.9609375,4719.6213131503355,11_sub11
-6714246.63185046,6574703.30776731,82.5,8352.9609375,4719.6213131503355,11_sub11
-6714254.13185046,6574703.30776731,90.00000000000001,8352.9609375,4719.6213131503355,11_sub11
-6714261.63185046,6574703.30776731,97.50000000000001,8352.9609375,4719.6213131503355,11_sub11
-6714269.13185046,6574703.30776731,105.00000000000003,8352.9609375,4719.6213131503355,11_sub11
-6714276.63185046,6574703.30776731,112.5,8352.9609375,4719.6213131503355,11_sub11
-6714284.13185046,6574703.30776731,120.0,8352.9609375,4719.6213131503355,11_sub11
-6714291.63185046,6574703.30776731,127.50000000000001,8352.9609375,4719.6213131503355,11_sub11
-6714299.13185046,6574703.30776731,135.00000000000003,8352.9609375,4719.6213131503355,11_sub11
-6714306.63185046,6574703.30776731,142.50000000000003,8352.9609375,4719.6213131503355,11_sub11
-6714314.13185046,6574703.30776731,150.0,8352.9609375,4719.6213131503355,11_sub11
-6714384.934570612,6575198.382688498,-150.0,8345.76171875,5244.02368127815,11_sub11
-6714390.237871471,6575193.07938764,-142.5,8345.76171875,5244.02368127815,11_sub11
-6714395.54117233,6575187.77608678,-135.0,8345.76171875,5244.02368127815,11_sub11
-6714400.844473189,6575182.472785922,-127.5,8345.76171875,5244.02368127815,11_sub11
-6714406.147774048,6575177.169485062,-120.0,8345.76171875,5244.02368127815,11_sub11
-6714411.451074907,6575171.866184204,-112.5,8345.76171875,5244.02368127815,11_sub11
-6714416.754375766,6575166.5628833445,-105.0,8345.76171875,5244.02368127815,11_sub11
-6714422.0576766245,6575161.259582486,-97.49999999999999,8345.76171875,5244.02368127815,11_sub11
-6714427.360977484,6575155.956281627,-90.0,8346.3583984375,5244.02368127815,11_sub11
-6714432.664278342,6575150.652980768,-82.5,8346.3583984375,5244.02368127815,11_sub11
-6714437.967579201,6575145.34967991,-75.0,8346.3583984375,5244.02368127815,11_sub11
-6714443.27088006,6575140.04637905,-67.5,8346.3583984375,5244.02368127815,11_sub11
-6714448.574180919,6575134.743078192,-59.999999999999986,8344.4228515625,5244.02368127815,11_sub11
-6714453.877481778,6575129.439777332,-52.5,8344.4228515625,5244.02368127815,11_sub11
-6714459.180782637,6575124.136476474,-44.99999999999999,8344.4228515625,5244.02368127815,11_sub11
-6714464.484083496,6575118.8331756145,-37.5,8344.4228515625,5244.02368127815,11_sub11
-6714469.7873843545,6575113.529874756,-29.999999999999993,8344.4228515625,5244.02368127815,11_sub11
-6714475.090685214,6575108.226573897,-22.499999999999986,8344.4228515625,5244.02368127815,11_sub11
-6714480.393986072,6575102.923273038,-14.999999999999996,8344.4228515625,5244.02368127815,11_sub11
-6714485.697286932,6575097.619972179,-7.49999999999999,8344.4228515625,5244.02368127815,11_sub11
-6714491.00058779,6575092.31667132,0.0,8344.4228515625,5244.02368127815,11_sub11
-6714496.303888649,6575087.013370462,7.500000000000007,8344.4228515625,5244.02368127815,11_sub11
-6714501.607189508,6575081.710069602,15.000000000000014,8344.4228515625,5244.02368127815,11_sub11
-6714506.910490367,6575076.406768744,22.50000000000002,8344.4228515625,5244.02368127815,11_sub11
-6714512.213791226,6575071.1034678845,30.00000000000003,8344.4228515625,5244.02368127815,11_sub11
-6714517.5170920845,6575065.800167026,37.5,8344.4228515625,5244.02368127815,11_sub11
-6714522.820392944,6575060.496866167,45.00000000000001,8344.4228515625,5244.02368127815,11_sub11
-6714528.123693802,6575055.193565308,52.500000000000014,8344.4228515625,5244.02368127815,11_sub11
-6714533.426994662,6575049.890264449,60.00000000000002,8344.4228515625,5244.02368127815,11_sub11
-6714538.73029552,6575044.58696359,67.50000000000003,8346.2666015625,5244.02368127815,11_sub11
-6714544.03359638,6575039.283662731,75.0,8346.2666015625,5244.02368127815,11_sub11
-6714549.336897238,6575033.980361872,82.5,8346.2666015625,5244.02368127815,11_sub11
-6714554.640198097,6575028.677061014,90.00000000000001,8346.2666015625,5244.02368127815,11_sub11
-6714559.943498956,6575023.3737601545,97.50000000000001,8346.1416015625,5244.02368127815,11_sub11
-6714565.2467998145,6575018.070459296,105.00000000000003,8346.1416015625,5244.02368127815,11_sub11
-6714570.550100674,6575012.767158437,112.5,8346.1416015625,5244.02368127815,11_sub11
-6714575.853401532,6575007.463857578,120.0,8346.1416015625,5244.02368127815,11_sub11
-6714581.156702392,6575002.160556719,127.50000000000001,8346.1416015625,5244.02368127815,11_sub11
-6714586.46000325,6574996.85725586,135.00000000000003,8346.1416015625,5244.02368127815,11_sub11
-6714591.76330411,6574991.553955001,142.50000000000003,8346.1416015625,5244.02368127815,11_sub11
-6714597.066604968,6574986.250654142,150.0,8346.1416015625,5244.02368127815,11_sub11
-6714352.019006772,6575518.850099072,-150.0,8340.642578125,5768.426049405965,11_sub11
-6714359.519006772,6575518.850099072,-142.5,8340.642578125,5768.426049405965,11_sub11
-6714367.019006772,6575518.850099072,-135.0,8340.642578125,5768.426049405965,11_sub11
-6714374.519006772,6575518.850099072,-127.5,8340.642578125,5768.426049405965,11_sub11
-6714382.019006772,6575518.850099072,-120.0,8340.642578125,5768.426049405965,11_sub11
-6714389.519006772,6575518.850099072,-112.5,8340.642578125,5768.426049405965,11_sub11
-6714397.019006772,6575518.850099072,-105.0,8340.642578125,5768.426049405965,11_sub11
-6714404.519006772,6575518.850099072,-97.49999999999999,8340.642578125,5768.426049405965,11_sub11
-6714412.019006772,6575518.850099072,-90.0,8340.642578125,5768.426049405965,11_sub11
-6714419.519006772,6575518.850099072,-82.5,8340.642578125,5768.426049405965,11_sub11
-6714427.019006772,6575518.850099072,-75.0,8340.642578125,5768.426049405965,11_sub11
-6714434.519006772,6575518.850099072,-67.5,8340.642578125,5768.426049405965,11_sub11
-6714442.019006772,6575518.850099072,-59.999999999999986,8340.642578125,5768.426049405965,11_sub11
-6714449.519006772,6575518.850099072,-52.5,8340.2578125,5768.426049405965,11_sub11
-6714457.019006772,6575518.850099072,-44.99999999999999,8340.2578125,5768.426049405965,11_sub11
-6714464.519006772,6575518.850099072,-37.5,8340.2578125,5768.426049405965,11_sub11
-6714472.019006772,6575518.850099072,-29.999999999999993,8340.2578125,5768.426049405965,11_sub11
-6714479.519006772,6575518.850099072,-22.499999999999986,8340.2578125,5768.426049405965,11_sub11
-6714487.019006772,6575518.850099072,-14.999999999999996,8340.2578125,5768.426049405965,11_sub11
-6714494.519006772,6575518.850099072,-7.49999999999999,8340.2578125,5768.426049405965,11_sub11
-6714502.019006772,6575518.850099072,0.0,8340.2578125,5768.426049405965,11_sub11
-6714509.519006772,6575518.850099072,7.500000000000007,8340.2578125,5768.426049405965,11_sub11
-6714517.019006772,6575518.850099072,15.000000000000014,8340.2578125,5768.426049405965,11_sub11
-6714524.519006772,6575518.850099072,22.50000000000002,8340.2578125,5768.426049405965,11_sub11
-6714532.019006772,6575518.850099072,30.00000000000003,8340.2578125,5768.426049405965,11_sub11
-6714539.519006772,6575518.850099072,37.5,8340.2578125,5768.426049405965,11_sub11
-6714547.019006772,6575518.850099072,45.00000000000001,8340.2578125,5768.426049405965,11_sub11
-6714554.519006772,6575518.850099072,52.500000000000014,8340.2578125,5768.426049405965,11_sub11
-6714562.019006772,6575518.850099072,60.00000000000002,8339.9697265625,5768.426049405965,11_sub11
-6714569.519006772,6575518.850099072,67.50000000000003,8339.9697265625,5768.426049405965,11_sub11
-6714577.019006772,6575518.850099072,75.0,8339.9697265625,5768.426049405965,11_sub11
-6714584.519006772,6575518.850099072,82.5,8339.9697265625,5768.426049405965,11_sub11
-6714592.019006772,6575518.850099072,90.00000000000001,8339.9697265625,5768.426049405965,11_sub11
-6714599.519006772,6575518.850099072,97.50000000000001,8339.9697265625,5768.426049405965,11_sub11
-6714607.019006772,6575518.850099072,105.00000000000003,8339.9697265625,5768.426049405965,11_sub11
-6714614.519006772,6575518.850099072,112.5,8339.9697265625,5768.426049405965,11_sub11
-6714622.019006772,6575518.850099072,120.0,8339.9697265625,5768.426049405965,11_sub11
-6714629.519006772,6575518.850099072,127.50000000000001,8339.9697265625,5768.426049405965,11_sub11
-6714637.019006772,6575518.850099072,135.00000000000003,8339.9697265625,5768.426049405965,11_sub11
-6714644.519006772,6575518.850099072,142.50000000000003,8339.9697265625,5768.426049405965,11_sub11
-6714652.019006772,6575518.850099072,150.0,8339.9697265625,5768.426049405965,11_sub11
-6714464.648058876,6575996.599986301,-150.0,8335.4560546875,6292.828417533781,11_sub11
-6714472.148058876,6575996.599986301,-142.5,8335.4560546875,6292.828417533781,11_sub11
-6714479.648058876,6575996.599986301,-135.0,8335.4560546875,6292.828417533781,11_sub11
-6714487.148058876,6575996.599986301,-127.5,8335.4560546875,6292.828417533781,11_sub11
-6714494.648058876,6575996.599986301,-120.0,8335.4560546875,6292.828417533781,11_sub11
-6714502.148058876,6575996.599986301,-112.5,8335.4560546875,6292.828417533781,11_sub11
-6714509.648058876,6575996.599986301,-105.0,8335.4560546875,6292.828417533781,11_sub11
-6714517.148058876,6575996.599986301,-97.49999999999999,8335.4560546875,6292.828417533781,11_sub11
-6714524.648058876,6575996.599986301,-90.0,8335.4560546875,6292.828417533781,11_sub11
-6714532.148058876,6575996.599986301,-82.5,8335.4560546875,6292.828417533781,11_sub11
-6714539.648058876,6575996.599986301,-75.0,8335.4560546875,6292.828417533781,11_sub11
-6714547.148058876,6575996.599986301,-67.5,8335.4560546875,6292.828417533781,11_sub11
-6714554.648058876,6575996.599986301,-59.999999999999986,8335.4560546875,6292.828417533781,11_sub11
-6714562.148058876,6575996.599986301,-52.5,8333.4345703125,6292.828417533781,11_sub11
-6714569.648058876,6575996.599986301,-44.99999999999999,8333.4345703125,6292.828417533781,11_sub11
-6714577.148058876,6575996.599986301,-37.5,8333.4345703125,6292.828417533781,11_sub11
-6714584.648058876,6575996.599986301,-29.999999999999993,8333.4345703125,6292.828417533781,11_sub11
-6714592.148058876,6575996.599986301,-22.499999999999986,8333.4345703125,6292.828417533781,11_sub11
-6714599.648058876,6575996.599986301,-14.999999999999996,8333.4345703125,6292.828417533781,11_sub11
-6714607.148058876,6575996.599986301,-7.49999999999999,8333.4345703125,6292.828417533781,11_sub11
-6714614.648058876,6575996.599986301,0.0,8333.4345703125,6292.828417533781,11_sub11
-6714622.148058876,6575996.599986301,7.500000000000007,8333.4345703125,6292.828417533781,11_sub11
-6714629.648058876,6575996.599986301,15.000000000000014,8333.4345703125,6292.828417533781,11_sub11
-6714637.148058876,6575996.599986301,22.50000000000002,8333.4345703125,6292.828417533781,11_sub11
-6714644.648058876,6575996.599986301,30.00000000000003,8333.4345703125,6292.828417533781,11_sub11
-6714652.148058876,6575996.599986301,37.5,8333.4345703125,6292.828417533781,11_sub11
-6714659.648058876,6575996.599986301,45.00000000000001,8333.4345703125,6292.828417533781,11_sub11
-6714667.148058876,6575996.599986301,52.500000000000014,8333.4345703125,6292.828417533781,11_sub11
-6714674.648058876,6575996.599986301,60.00000000000002,8335.1767578125,6292.828417533781,11_sub11
-6714682.148058876,6575996.599986301,67.50000000000003,8335.1767578125,6292.828417533781,11_sub11
-6714689.648058876,6575996.599986301,75.0,8335.1767578125,6292.828417533781,11_sub11
-6714697.148058876,6575996.599986301,82.5,8335.1767578125,6292.828417533781,11_sub11
-6714704.648058876,6575996.599986301,90.00000000000001,8335.1767578125,6292.828417533781,11_sub11
-6714712.148058876,6575996.599986301,97.50000000000001,8335.1767578125,6292.828417533781,11_sub11
-6714719.648058876,6575996.599986301,105.00000000000003,8335.1767578125,6292.828417533781,11_sub11
-6714727.148058876,6575996.599986301,112.5,8335.1767578125,6292.828417533781,11_sub11
-6714734.648058876,6575996.599986301,120.0,8335.1767578125,6292.828417533781,11_sub11
-6714742.148058876,6575996.599986301,127.50000000000001,8335.1767578125,6292.828417533781,11_sub11
-6714749.648058876,6575996.599986301,135.00000000000003,8335.1767578125,6292.828417533781,11_sub11
-6714757.148058876,6575996.599986301,142.50000000000003,8335.1767578125,6292.828417533781,11_sub11
-6714764.648058876,6575996.599986301,150.0,8335.1767578125,6292.828417533781,11_sub11
-6714222.906804281,6576296.605779479,-150.0,8329.7236328125,6817.230785661596,11_sub11
-6714228.21010514,6576301.909080338,-142.5,8329.7236328125,6817.230785661596,11_sub11
-6714233.513405999,6576307.212381197,-135.0,8329.7236328125,6817.230785661596,11_sub11
-6714238.816706859,6576312.515682056,-127.5,8329.7236328125,6817.230785661596,11_sub11
-6714244.120007717,6576317.818982915,-120.0,8329.7236328125,6817.230785661596,11_sub11
-6714249.4233085755,6576323.1222837735,-112.5,8329.7236328125,6817.230785661596,11_sub11
-6714254.726609435,6576328.425584633,-105.0,8329.7236328125,6817.230785661596,11_sub11
-6714260.029910294,6576333.728885491,-97.49999999999999,8329.7236328125,6817.230785661596,11_sub11
-6714265.333211153,6576339.032186351,-90.0,8329.7236328125,6817.230785661596,11_sub11
-6714270.636512011,6576344.335487209,-82.5,8329.7236328125,6817.230785661596,11_sub11
-6714275.939812871,6576349.638788069,-75.0,8329.7236328125,6817.230785661596,11_sub11
-6714281.24311373,6576354.942088927,-67.5,8329.7236328125,6817.230785661596,11_sub11
-6714286.546414589,6576360.245389786,-59.999999999999986,8329.7236328125,6817.230785661596,11_sub11
-6714291.849715447,6576365.548690645,-52.5,8329.7236328125,6817.230785661596,11_sub11
-6714297.153016306,6576370.8519915035,-44.99999999999999,8329.7236328125,6817.230785661596,11_sub11
-6714302.456317166,6576376.155292363,-37.5,8329.7236328125,6817.230785661596,11_sub11
-6714307.759618024,6576381.458593221,-29.999999999999993,8329.7236328125,6817.230785661596,11_sub11
-6714313.062918883,6576386.761894081,-22.499999999999986,8329.7236328125,6817.230785661596,11_sub11
-6714318.366219742,6576392.065194939,-14.999999999999996,8329.7236328125,6817.230785661596,11_sub11
-6714323.669520602,6576397.368495799,-7.49999999999999,8329.7236328125,6817.230785661596,11_sub11
-6714328.97282146,6576402.671796657,0.0,8325.80859375,6817.230785661596,11_sub11
-6714334.276122319,6576407.975097516,7.500000000000007,8334.0380859375,6817.230785661596,11_sub11
-6714339.579423178,6576413.278398375,15.000000000000014,8334.0380859375,6817.230785661596,11_sub11
-6714344.882724037,6576418.5816992335,22.50000000000002,8334.0380859375,6817.230785661596,11_sub11
-6714350.186024896,6576423.885000093,30.00000000000003,8334.0380859375,6817.230785661596,11_sub11
-6714355.489325754,6576429.188300951,37.5,8334.0380859375,6817.230785661596,11_sub11
-6714360.792626614,6576434.491601811,45.00000000000001,8334.0380859375,6817.230785661596,11_sub11
-6714366.095927473,6576439.794902669,52.500000000000014,8334.0380859375,6817.230785661596,11_sub11
-6714371.399228332,6576445.098203529,60.00000000000002,8334.0380859375,6817.230785661596,11_sub11
-6714376.70252919,6576450.401504387,67.50000000000003,8334.0380859375,6817.230785661596,11_sub11
-6714382.0058300495,6576455.704805246,75.0,8334.0380859375,6817.230785661596,11_sub11
-6714387.309130909,6576461.008106105,82.5,8334.0380859375,6817.230785661596,11_sub11
-6714392.612431767,6576466.3114069635,90.00000000000001,8334.0380859375,6817.230785661596,11_sub11
-6714397.915732626,6576471.614707823,97.50000000000001,8334.0380859375,6817.230785661596,11_sub11
-6714403.219033485,6576476.918008681,105.00000000000003,8334.0380859375,6817.230785661596,11_sub11
-6714408.522334345,6576482.221309541,112.5,8334.0380859375,6817.230785661596,11_sub11
-6714413.825635203,6576487.524610399,120.0,8334.0380859375,6817.230785661596,11_sub11
-6714419.128936062,6576492.827911259,127.50000000000001,8334.0380859375,6817.230785661596,11_sub11
-6714424.432236921,6576498.131212117,135.00000000000003,8334.0380859375,6817.230785661596,11_sub11
-6714429.73553778,6576503.434512977,142.50000000000003,8334.0380859375,6817.230785661596,11_sub11
-6714435.038838639,6576508.737813835,150.0,8334.0380859375,6817.230785661596,11_sub11
-6714011.379866712,6576733.390821258,-150.0,8326.5380859375,7341.633153789411,11_sub11
-6714016.68316757,6576738.694122116,-142.5,8324.8330078125,7341.633153789411,11_sub11
-6714021.98646843,6576743.9974229755,-135.0,8324.8330078125,7341.633153789411,11_sub11
-6714027.289769288,6576749.300723834,-127.5,8324.8330078125,7341.633153789411,11_sub11
-6714032.593070148,6576754.604024693,-120.0,8324.8330078125,7341.633153789411,11_sub11
-6714037.896371006,6576759.907325552,-112.5,8324.8330078125,7341.633153789411,11_sub11
-6714043.199671865,6576765.210626411,-105.0,8324.8330078125,7341.633153789411,11_sub11
-6714048.502972724,6576770.51392727,-97.49999999999999,8324.8330078125,7341.633153789411,11_sub11
-6714053.806273583,6576775.817228129,-90.0,8324.8330078125,7341.633153789411,11_sub11
-6714059.109574442,6576781.120528988,-82.5,8324.8330078125,7341.633153789411,11_sub11
-6714064.4128753,6576786.423829846,-75.0,8324.8330078125,7341.633153789411,11_sub11
-6714069.71617616,6576791.7271307055,-67.5,8324.8330078125,7341.633153789411,11_sub11
-6714075.019477018,6576797.030431564,-59.999999999999986,8324.8330078125,7341.633153789411,11_sub11
-6714080.322777878,6576802.333732423,-52.5,8324.8330078125,7341.633153789411,11_sub11
-6714085.626078736,6576807.637033282,-44.99999999999999,8324.8330078125,7341.633153789411,11_sub11
-6714090.929379595,6576812.940334141,-37.5,8324.8330078125,7341.633153789411,11_sub11
-6714096.232680454,6576818.243635,-29.999999999999993,8324.8330078125,7341.633153789411,11_sub11
-6714101.535981313,6576823.546935859,-22.499999999999986,8324.8330078125,7341.633153789411,11_sub11
-6714106.839282172,6576828.850236718,-14.999999999999996,8324.8330078125,7341.633153789411,11_sub11
-6714112.142583031,6576834.153537577,-7.49999999999999,8323.1162109375,7341.633153789411,11_sub11
-6714117.44588389,6576839.4568384355,0.0,8323.1162109375,7341.633153789411,11_sub11
-6714122.749184748,6576844.760139294,7.500000000000007,8323.1162109375,7341.633153789411,11_sub11
-6714128.052485608,6576850.063440153,15.000000000000014,8325.251953125,7341.633153789411,11_sub11
-6714133.355786466,6576855.366741012,22.50000000000002,8325.251953125,7341.633153789411,11_sub11
-6714138.659087325,6576860.670041871,30.00000000000003,8325.251953125,7341.633153789411,11_sub11
-6714143.962388184,6576865.97334273,37.5,8325.251953125,7341.633153789411,11_sub11
-6714149.265689043,6576871.276643589,45.00000000000001,8325.251953125,7341.633153789411,11_sub11
-6714154.568989902,6576876.579944448,52.500000000000014,8325.251953125,7341.633153789411,11_sub11
-6714159.872290761,6576881.883245307,60.00000000000002,8325.251953125,7341.633153789411,11_sub11
-6714165.17559162,6576887.1865461655,67.50000000000003,8325.251953125,7341.633153789411,11_sub11
-6714170.478892479,6576892.489847025,75.0,8325.251953125,7341.633153789411,11_sub11
-6714175.782193338,6576897.793147883,82.5,8325.251953125,7341.633153789411,11_sub11
-6714181.085494196,6576903.096448742,90.00000000000001,8325.251953125,7341.633153789411,11_sub11
-6714186.388795055,6576908.399749601,97.50000000000001,8325.251953125,7341.633153789411,11_sub11
-6714191.692095914,6576913.70305046,105.00000000000003,8325.251953125,7341.633153789411,11_sub11
-6714196.995396773,6576919.006351319,112.5,8325.251953125,7341.633153789411,11_sub11
-6714202.298697632,6576924.309652178,120.0,8325.251953125,7341.633153789411,11_sub11
-6714207.601998491,6576929.612953037,127.50000000000001,8325.251953125,7341.633153789411,11_sub11
-6714212.90529935,6576934.9162538955,135.00000000000003,8325.251953125,7341.633153789411,11_sub11
-6714218.208600209,6576940.219554755,142.50000000000003,8325.251953125,7341.633153789411,11_sub11
-6714223.511901068,6576945.522855613,150.0,8339.8427734375,7341.633153789411,11_sub11
-6713640.5713961385,6577104.199291831,-150.0,8319.5009765625,7866.035521917226,11_sub11
-6713645.874696997,6577109.502592689,-142.5,8319.5009765625,7866.035521917226,11_sub11
-6713651.177997856,6577114.805893549,-135.0,8319.5009765625,7866.035521917226,11_sub11
-6713656.481298715,6577120.109194407,-127.5,8319.5009765625,7866.035521917226,11_sub11
-6713661.784599574,6577125.412495267,-120.0,8320.5224609375,7866.035521917226,11_sub11
-6713667.087900433,6577130.715796125,-112.5,8320.5224609375,7866.035521917226,11_sub11
-6713672.391201292,6577136.0190969845,-105.0,8320.5224609375,7866.035521917226,11_sub11
-6713677.694502151,6577141.322397843,-97.49999999999999,8320.5224609375,7866.035521917226,11_sub11
-6713682.99780301,6577146.625698702,-90.0,8320.5224609375,7866.035521917226,11_sub11
-6713688.3011038685,6577151.928999561,-82.5,8320.5224609375,7866.035521917226,11_sub11
-6713693.604404727,6577157.232300419,-75.0,8320.5224609375,7866.035521917226,11_sub11
-6713698.907705586,6577162.535601279,-67.5,8320.5224609375,7866.035521917226,11_sub11
-6713704.211006445,6577167.838902137,-59.999999999999986,8320.5224609375,7866.035521917226,11_sub11
-6713709.514307304,6577173.142202997,-52.5,8320.5224609375,7866.035521917226,11_sub11
-6713714.817608163,6577178.445503855,-44.99999999999999,8320.5224609375,7866.035521917226,11_sub11
-6713720.120909022,6577183.7488047145,-37.5,8320.5224609375,7866.035521917226,11_sub11
-6713725.424209881,6577189.052105573,-29.999999999999993,8319.0654296875,7866.035521917226,11_sub11
-6713730.72751074,6577194.355406432,-22.499999999999986,8319.0654296875,7866.035521917226,11_sub11
-6713736.0308115985,6577199.658707291,-14.999999999999996,8319.0654296875,7866.035521917226,11_sub11
-6713741.334112458,6577204.96200815,-7.49999999999999,8319.0654296875,7866.035521917226,11_sub11
-6713746.637413316,6577210.265309009,0.0,8319.0654296875,7866.035521917226,11_sub11
-6713751.940714175,6577215.568609867,7.500000000000007,8319.0654296875,7866.035521917226,11_sub11
-6713757.244015034,6577220.871910727,15.000000000000014,8319.0654296875,7866.035521917226,11_sub11
-6713762.547315893,6577226.175211585,22.50000000000002,8319.0654296875,7866.035521917226,11_sub11
-6713767.850616752,6577231.4785124445,30.00000000000003,8319.0654296875,7866.035521917226,11_sub11
-6713773.153917611,6577236.781813303,37.5,8319.9638671875,7866.035521917226,11_sub11
-6713778.45721847,6577242.085114162,45.00000000000001,8319.9638671875,7866.035521917226,11_sub11
-6713783.7605193285,6577247.388415021,52.500000000000014,8319.9638671875,7866.035521917226,11_sub11
-6713789.063820188,6577252.69171588,60.00000000000002,8319.9638671875,7866.035521917226,11_sub11
-6713794.367121046,6577257.995016739,67.50000000000003,8319.9638671875,7866.035521917226,11_sub11
-6713799.670421906,6577263.298317598,75.0,8319.9638671875,7866.035521917226,11_sub11
-6713804.973722764,6577268.601618457,82.5,8319.9638671875,7866.035521917226,11_sub11
-6713810.277023623,6577273.904919315,90.00000000000001,8319.9638671875,7866.035521917226,11_sub11
-6713815.580324482,6577279.208220175,97.50000000000001,8319.9638671875,7866.035521917226,11_sub11
-6713820.883625341,6577284.511521033,105.00000000000003,8319.9638671875,7866.035521917226,11_sub11
-6713826.1869262,6577289.814821892,112.5,8319.9638671875,7866.035521917226,11_sub11
-6713831.4902270585,6577295.118122751,120.0,8319.9638671875,7866.035521917226,11_sub11
-6713836.793527918,6577300.42142361,127.50000000000001,8319.623046875,7866.035521917226,11_sub11
-6713842.096828776,6577305.724724469,135.00000000000003,8319.623046875,7866.035521917226,11_sub11
-6713847.400129636,6577311.028025328,142.50000000000003,8319.623046875,7866.035521917226,11_sub11
-6713852.703430494,6577316.331326187,150.0,8319.623046875,7866.035521917226,11_sub11
-6713269.762925565,6577249.749658196,-150.0,8316.8076171875,8390.437890045041,11_sub11
-6713275.066226424,6577255.052959055,-142.5,8316.8076171875,8390.437890045041,11_sub11
-6713280.369527283,6577260.356259914,-135.0,8316.8076171875,8390.437890045041,11_sub11
-6713285.672828142,6577265.659560773,-127.5,8316.8076171875,8390.437890045041,11_sub11
-6713290.976129001,6577270.962861632,-120.0,8316.8076171875,8390.437890045041,11_sub11
-6713296.2794298595,6577276.2661624905,-112.5,8316.8076171875,8390.437890045041,11_sub11
-6713301.582730719,6577281.56946335,-105.0,8316.8076171875,8390.437890045041,11_sub11
-6713306.886031577,6577286.872764208,-97.49999999999999,8316.8076171875,8390.437890045041,11_sub11
-6713312.189332437,6577292.176065068,-90.0,8316.8076171875,8390.437890045041,11_sub11
-6713317.492633295,6577297.479365926,-82.5,8316.8076171875,8390.437890045041,11_sub11
-6713322.795934154,6577302.782666786,-75.0,8316.189453125,8390.437890045041,11_sub11
-6713328.099235013,6577308.085967644,-67.5,8316.189453125,8390.437890045041,11_sub11
-6713333.402535872,6577313.389268503,-59.999999999999986,8316.189453125,8390.437890045041,11_sub11
-6713338.705836731,6577318.692569362,-52.5,8316.189453125,8390.437890045041,11_sub11
-6713344.0091375895,6577323.9958702205,-44.99999999999999,8316.189453125,8390.437890045041,11_sub11
-6713349.312438449,6577329.29917108,-37.5,8316.189453125,8390.437890045041,11_sub11
-6713354.615739307,6577334.602471938,-29.999999999999993,8316.189453125,8390.437890045041,11_sub11
-6713359.919040167,6577339.905772798,-22.499999999999986,8316.189453125,8390.437890045041,11_sub11
-6713365.222341025,6577345.209073656,-14.999999999999996,8316.189453125,8390.437890045041,11_sub11
-6713370.525641885,6577350.512374516,-7.49999999999999,8316.189453125,8390.437890045041,11_sub11
-6713375.828942743,6577355.815675374,0.0,8316.189453125,8390.437890045041,11_sub11
-6713381.132243602,6577361.118976233,7.500000000000007,8316.189453125,8390.437890045041,11_sub11
-6713386.435544461,6577366.422277092,15.000000000000014,8316.189453125,8390.437890045041,11_sub11
-6713391.7388453195,6577371.7255779505,22.50000000000002,8316.189453125,8390.437890045041,11_sub11
-6713397.042146179,6577377.02887881,30.00000000000003,8316.189453125,8390.437890045041,11_sub11
-6713402.345447037,6577382.332179668,37.5,8316.189453125,8390.437890045041,11_sub11
-6713407.648747897,6577387.635480528,45.00000000000001,8316.189453125,8390.437890045041,11_sub11
-6713412.952048755,6577392.938781386,52.500000000000014,8316.189453125,8390.437890045041,11_sub11
-6713418.255349615,6577398.242082246,60.00000000000002,8316.189453125,8390.437890045041,11_sub11
-6713423.558650473,6577403.545383104,67.50000000000003,8316.189453125,8390.437890045041,11_sub11
-6713428.861951333,6577408.848683963,75.0,8316.189453125,8390.437890045041,11_sub11
-6713434.165252191,6577414.151984822,82.5,8324.6025390625,8390.437890045041,11_sub11
-6713439.4685530495,6577419.4552856805,90.00000000000001,8324.6025390625,8390.437890045041,11_sub11
-6713444.771853909,6577424.75858654,97.50000000000001,8324.6025390625,8390.437890045041,11_sub11
-6713450.075154767,6577430.061887398,105.00000000000003,8324.6025390625,8390.437890045041,11_sub11
-6713455.378455627,6577435.365188258,112.5,8324.6025390625,8390.437890045041,11_sub11
-6713460.681756485,6577440.668489116,120.0,8324.6025390625,8390.437890045041,11_sub11
-6713465.985057345,6577445.971789976,127.50000000000001,8324.6025390625,8390.437890045041,11_sub11
-6713471.288358203,6577451.275090834,135.00000000000003,8324.6025390625,8390.437890045041,11_sub11
-6713476.591659063,6577456.5783916935,142.50000000000003,8324.6025390625,8390.437890045041,11_sub11
-6713481.894959921,6577461.881692552,150.0,8324.6025390625,8390.437890045041,11_sub11
-6713290.191044766,6577956.4323408045,-150.0,8321.873046875,8914.840258172857,11_sub11
-6713290.191044766,6577948.9323408045,-142.5,8321.873046875,8914.840258172857,11_sub11
-6713290.191044766,6577941.4323408045,-135.0,8321.873046875,8914.840258172857,11_sub11
-6713290.191044766,6577933.9323408045,-127.5,8321.873046875,8914.840258172857,11_sub11
-6713290.191044766,6577926.4323408045,-120.0,8321.873046875,8914.840258172857,11_sub11
-6713290.191044766,6577918.9323408045,-112.5,8321.873046875,8914.840258172857,11_sub11
-6713290.191044766,6577911.4323408045,-105.0,8321.873046875,8914.840258172857,11_sub11
-6713290.191044766,6577903.9323408045,-97.49999999999999,8321.873046875,8914.840258172857,11_sub11
-6713290.191044766,6577896.4323408045,-90.0,8321.873046875,8914.840258172857,11_sub11
-6713290.191044766,6577888.9323408045,-82.5,8321.873046875,8914.840258172857,11_sub11
-6713290.191044766,6577881.4323408045,-75.0,8321.873046875,8914.840258172857,11_sub11
-6713290.191044766,6577873.9323408045,-67.5,8321.873046875,8914.840258172857,11_sub11
-6713290.191044766,6577866.4323408045,-59.999999999999986,8321.873046875,8914.840258172857,11_sub11
-6713290.191044766,6577858.9323408045,-52.5,8312.53125,8914.840258172857,11_sub11
-6713290.191044766,6577851.4323408045,-44.99999999999999,8312.53125,8914.840258172857,11_sub11
-6713290.191044766,6577843.9323408045,-37.5,8312.53125,8914.840258172857,11_sub11
-6713290.191044766,6577836.4323408045,-29.999999999999993,8312.53125,8914.840258172857,11_sub11
-6713290.191044766,6577828.9323408045,-22.499999999999986,8312.53125,8914.840258172857,11_sub11
-6713290.191044766,6577821.4323408045,-14.999999999999996,8312.53125,8914.840258172857,11_sub11
-6713290.191044766,6577813.9323408045,-7.49999999999999,8312.53125,8914.840258172857,11_sub11
-6713290.191044766,6577806.4323408045,0.0,8312.53125,8914.840258172857,11_sub11
-6713290.191044766,6577798.9323408045,7.500000000000007,8312.53125,8914.840258172857,11_sub11
-6713290.191044766,6577791.4323408045,15.000000000000014,8312.53125,8914.840258172857,11_sub11
-6713290.191044766,6577783.9323408045,22.50000000000002,8312.53125,8914.840258172857,11_sub11
-6713290.191044766,6577776.4323408045,30.00000000000003,8312.53125,8914.840258172857,11_sub11
-6713290.191044766,6577768.9323408045,37.5,8312.53125,8914.840258172857,11_sub11
-6713290.191044766,6577761.4323408045,45.00000000000001,8312.53125,8914.840258172857,11_sub11
-6713290.191044766,6577753.9323408045,52.500000000000014,8312.53125,8914.840258172857,11_sub11
-6713290.191044766,6577746.4323408045,60.00000000000002,8313.3642578125,8914.840258172857,11_sub11
-6713290.191044766,6577738.9323408045,67.50000000000003,8313.3642578125,8914.840258172857,11_sub11
-6713290.191044766,6577731.4323408045,75.0,8313.3642578125,8914.840258172857,11_sub11
-6713290.191044766,6577723.9323408045,82.5,8313.3642578125,8914.840258172857,11_sub11
-6713290.191044766,6577716.4323408045,90.00000000000001,8313.3642578125,8914.840258172857,11_sub11
-6713290.191044766,6577708.9323408045,97.50000000000001,8313.3642578125,8914.840258172857,11_sub11
-6713290.191044766,6577701.4323408045,105.00000000000003,8313.3642578125,8914.840258172857,11_sub11
-6713290.191044766,6577693.9323408045,112.5,8313.3642578125,8914.840258172857,11_sub11
-6713290.191044766,6577686.4323408045,120.0,8313.3642578125,8914.840258172857,11_sub11
-6713290.191044766,6577678.9323408045,127.50000000000001,8313.3642578125,8914.840258172857,11_sub11
-6713290.191044766,6577671.4323408045,135.00000000000003,8313.3642578125,8914.840258172857,11_sub11
-6713290.191044766,6577663.9323408045,142.50000000000003,8313.3642578125,8914.840258172857,11_sub11
-6713290.191044766,6577656.4323408045,150.0,8313.3642578125,8914.840258172857,11_sub11
-6713450.9865899375,6578151.992306172,-150.0,8319.810546875,9439.242626300671,11_sub11
-6713458.4865899375,6578151.992306172,-142.5,8319.810546875,9439.242626300671,11_sub11
-6713465.9865899375,6578151.992306172,-135.0,8319.810546875,9439.242626300671,11_sub11
-6713473.4865899375,6578151.992306172,-127.5,8319.810546875,9439.242626300671,11_sub11
-6713480.9865899375,6578151.992306172,-120.0,8319.810546875,9439.242626300671,11_sub11
-6713488.4865899375,6578151.992306172,-112.5,8319.810546875,9439.242626300671,11_sub11
-6713495.9865899375,6578151.992306172,-105.0,8319.810546875,9439.242626300671,11_sub11
-6713503.4865899375,6578151.992306172,-97.49999999999999,8319.810546875,9439.242626300671,11_sub11
-6713510.9865899375,6578151.992306172,-90.0,8319.810546875,9439.242626300671,11_sub11
-6713518.4865899375,6578151.992306172,-82.5,8319.810546875,9439.242626300671,11_sub11
-6713525.9865899375,6578151.992306172,-75.0,8319.810546875,9439.242626300671,11_sub11
-6713533.4865899375,6578151.992306172,-67.5,8319.810546875,9439.242626300671,11_sub11
-6713540.9865899375,6578151.992306172,-59.999999999999986,8319.810546875,9439.242626300671,11_sub11
-6713548.4865899375,6578151.992306172,-52.5,8310.646484375,9439.242626300671,11_sub11
-6713555.9865899375,6578151.992306172,-44.99999999999999,8310.646484375,9439.242626300671,11_sub11
-6713563.4865899375,6578151.992306172,-37.5,8310.646484375,9439.242626300671,11_sub11
-6713570.9865899375,6578151.992306172,-29.999999999999993,8310.646484375,9439.242626300671,11_sub11
-6713578.4865899375,6578151.992306172,-22.499999999999986,8310.646484375,9439.242626300671,11_sub11
-6713585.9865899375,6578151.992306172,-14.999999999999996,8310.646484375,9439.242626300671,11_sub11
-6713593.4865899375,6578151.992306172,-7.49999999999999,8310.646484375,9439.242626300671,11_sub11
-6713600.9865899375,6578151.992306172,0.0,8310.646484375,9439.242626300671,11_sub11
-6713608.4865899375,6578151.992306172,7.500000000000007,8310.646484375,9439.242626300671,11_sub11
-6713615.9865899375,6578151.992306172,15.000000000000014,8310.646484375,9439.242626300671,11_sub11
-6713623.4865899375,6578151.992306172,22.50000000000002,8310.646484375,9439.242626300671,11_sub11
-6713630.9865899375,6578151.992306172,30.00000000000003,8310.646484375,9439.242626300671,11_sub11
-6713638.4865899375,6578151.992306172,37.5,8310.646484375,9439.242626300671,11_sub11
-6713645.9865899375,6578151.992306172,45.00000000000001,8310.646484375,9439.242626300671,11_sub11
-6713653.4865899375,6578151.992306172,52.500000000000014,8310.646484375,9439.242626300671,11_sub11
-6713660.9865899375,6578151.992306172,60.00000000000002,8311.1845703125,9439.242626300671,11_sub11
-6713668.4865899375,6578151.992306172,67.50000000000003,8311.1845703125,9439.242626300671,11_sub11
-6713675.9865899375,6578151.992306172,75.0,8311.1845703125,9439.242626300671,11_sub11
-6713683.4865899375,6578151.992306172,82.5,8311.1845703125,9439.242626300671,11_sub11
-6713690.9865899375,6578151.992306172,90.00000000000001,8311.1845703125,9439.242626300671,11_sub11
-6713698.4865899375,6578151.992306172,97.50000000000001,8311.1845703125,9439.242626300671,11_sub11
-6713705.9865899375,6578151.992306172,105.00000000000003,8311.1845703125,9439.242626300671,11_sub11
-6713713.4865899375,6578151.992306172,112.5,8311.1845703125,9439.242626300671,11_sub11
-6713720.9865899375,6578151.992306172,120.0,8311.1845703125,9439.242626300671,11_sub11
-6713728.4865899375,6578151.992306172,127.50000000000001,8311.1845703125,9439.242626300671,11_sub11
-6713735.9865899375,6578151.992306172,135.00000000000003,8311.1845703125,9439.242626300671,11_sub11
-6713743.4865899375,6578151.992306172,142.50000000000003,8311.1845703125,9439.242626300671,11_sub11
-6713750.9865899375,6578151.992306172,150.0,8311.1845703125,9439.242626300671,11_sub11
-6713563.615642042,6578629.742193401,-150.0,8315.96875,9963.644994428487,11_sub11
-6713571.115642042,6578629.742193401,-142.5,8315.96875,9963.644994428487,11_sub11
-6713578.615642042,6578629.742193401,-135.0,8315.96875,9963.644994428487,11_sub11
-6713586.115642042,6578629.742193401,-127.5,8315.96875,9963.644994428487,11_sub11
-6713593.615642042,6578629.742193401,-120.0,8315.96875,9963.644994428487,11_sub11
-6713601.115642042,6578629.742193401,-112.5,8315.96875,9963.644994428487,11_sub11
-6713608.615642042,6578629.742193401,-105.0,8315.96875,9963.644994428487,11_sub11
-6713616.115642042,6578629.742193401,-97.49999999999999,8315.96875,9963.644994428487,11_sub11
-6713623.615642042,6578629.742193401,-90.0,8315.96875,9963.644994428487,11_sub11
-6713631.115642042,6578629.742193401,-82.5,8315.96875,9963.644994428487,11_sub11
-6713638.615642042,6578629.742193401,-75.0,8315.96875,9963.644994428487,11_sub11
-6713646.115642042,6578629.742193401,-67.5,8315.96875,9963.644994428487,11_sub11
-6713653.615642042,6578629.742193401,-59.999999999999986,8315.96875,9963.644994428487,11_sub11
-6713661.115642042,6578629.742193401,-52.5,8308.71875,9963.644994428487,11_sub11
-6713668.615642042,6578629.742193401,-44.99999999999999,8308.71875,9963.644994428487,11_sub11
-6713676.115642042,6578629.742193401,-37.5,8308.71875,9963.644994428487,11_sub11
-6713683.615642042,6578629.742193401,-29.999999999999993,8308.71875,9963.644994428487,11_sub11
-6713691.115642042,6578629.742193401,-22.499999999999986,8308.71875,9963.644994428487,11_sub11
-6713698.615642042,6578629.742193401,-14.999999999999996,8308.71875,9963.644994428487,11_sub11
-6713706.115642042,6578629.742193401,-7.49999999999999,8308.71875,9963.644994428487,11_sub11
-6713713.615642042,6578629.742193401,0.0,8308.71875,9963.644994428487,11_sub11
-6713721.115642042,6578629.742193401,7.500000000000007,8308.71875,9963.644994428487,11_sub11
-6713728.615642042,6578629.742193401,15.000000000000014,8308.71875,9963.644994428487,11_sub11
-6713736.115642042,6578629.742193401,22.50000000000002,8308.71875,9963.644994428487,11_sub11
-6713743.615642042,6578629.742193401,30.00000000000003,8308.71875,9963.644994428487,11_sub11
-6713751.115642042,6578629.742193401,37.5,8308.71875,9963.644994428487,11_sub11
-6713758.615642042,6578629.742193401,45.00000000000001,8308.71875,9963.644994428487,11_sub11
-6713766.115642042,6578629.742193401,52.500000000000014,8308.71875,9963.644994428487,11_sub11
-6713773.615642042,6578629.742193401,60.00000000000002,8308.9443359375,9963.644994428487,11_sub11
-6713781.115642042,6578629.742193401,67.50000000000003,8308.9443359375,9963.644994428487,11_sub11
-6713788.615642042,6578629.742193401,75.0,8308.9443359375,9963.644994428487,11_sub11
-6713796.115642042,6578629.742193401,82.5,8308.9443359375,9963.644994428487,11_sub11
-6713803.615642042,6578629.742193401,90.00000000000001,8308.9443359375,9963.644994428487,11_sub11
-6713811.115642042,6578629.742193401,97.50000000000001,8308.9443359375,9963.644994428487,11_sub11
-6713818.615642042,6578629.742193401,105.00000000000003,8308.9443359375,9963.644994428487,11_sub11
-6713826.115642042,6578629.742193401,112.5,8308.9443359375,9963.644994428487,11_sub11
-6713833.615642042,6578629.742193401,120.0,8308.9443359375,9963.644994428487,11_sub11
-6713841.115642042,6578629.742193401,127.50000000000001,8308.9443359375,9963.644994428487,11_sub11
-6713848.615642042,6578629.742193401,135.00000000000003,8308.9443359375,9963.644994428487,11_sub11
-6713856.115642042,6578629.742193401,142.50000000000003,8308.9443359375,9963.644994428487,11_sub11
-6713863.615642042,6578629.742193401,150.0,8308.9443359375,9963.644994428487,11_sub11
-6713843.759176712,6578937.11127456,-150.0,8307.74609375,10488.0473625563,11_sub11
-6713849.06247757,6578931.8079737015,-142.5,8307.74609375,10488.0473625563,11_sub11
-6713854.365778429,6578926.504672842,-135.0,8307.74609375,10488.0473625563,11_sub11
-6713859.669079288,6578921.201371984,-127.5,8307.74609375,10488.0473625563,11_sub11
-6713864.972380147,6578915.898071124,-120.0,8307.74609375,10488.0473625563,11_sub11
-6713870.275681006,6578910.594770266,-112.5,8307.74609375,10488.0473625563,11_sub11
-6713875.578981865,6578905.291469406,-105.0,8307.74609375,10488.0473625563,11_sub11
-6713880.882282724,6578899.988168548,-97.49999999999999,8307.74609375,10488.0473625563,11_sub11
-6713886.185583583,6578894.684867688,-90.0,8306.125,10488.0473625563,11_sub11
-6713891.488884442,6578889.38156683,-82.5,8306.125,10488.0473625563,11_sub11
-6713896.792185301,6578884.078265971,-75.0,8306.125,10488.0473625563,11_sub11
-6713902.095486159,6578878.774965112,-67.5,8306.125,10488.0473625563,11_sub11
-6713907.398787018,6578873.471664254,-59.999999999999986,8304.5830078125,10488.0473625563,11_sub11
-6713912.702087877,6578868.168363394,-52.5,8304.5830078125,10488.0473625563,11_sub11
-6713918.005388736,6578862.865062536,-44.99999999999999,8304.5830078125,10488.0473625563,11_sub11
-6713923.308689595,6578857.561761676,-37.5,8304.5830078125,10488.0473625563,11_sub11
-6713928.611990454,6578852.258460818,-29.999999999999993,8304.5830078125,10488.0473625563,11_sub11
-6713933.915291313,6578846.955159958,-22.499999999999986,8304.5830078125,10488.0473625563,11_sub11
-6713939.218592172,6578841.6518591,-14.999999999999996,8304.5830078125,10488.0473625563,11_sub11
-6713944.521893031,6578836.348558241,-7.49999999999999,8304.5830078125,10488.0473625563,11_sub11
-6713949.825193889,6578831.045257382,0.0,8304.5830078125,10488.0473625563,11_sub11
-6713955.128494748,6578825.741956524,7.500000000000007,8304.5830078125,10488.0473625563,11_sub11
-6713960.431795607,6578820.438655664,15.000000000000014,8304.5830078125,10488.0473625563,11_sub11
-6713965.735096466,6578815.135354806,22.50000000000002,8304.5830078125,10488.0473625563,11_sub11
-6713971.038397325,6578809.832053946,30.00000000000003,8304.5830078125,10488.0473625563,11_sub11
-6713976.341698184,6578804.528753088,37.5,8304.5830078125,10488.0473625563,11_sub11
-6713981.644999043,6578799.225452228,45.00000000000001,8304.5830078125,10488.0473625563,11_sub11
-6713986.948299902,6578793.92215137,52.500000000000014,8304.5830078125,10488.0473625563,11_sub11
-6713992.251600761,6578788.618850511,60.00000000000002,8304.5830078125,10488.0473625563,11_sub11
-6713997.554901619,6578783.315549652,67.50000000000003,8305.255859375,10488.0473625563,11_sub11
-6714002.858202478,6578778.012248794,75.0,8305.255859375,10488.0473625563,11_sub11
-6714008.161503337,6578772.708947934,82.5,8305.255859375,10488.0473625563,11_sub11
-6714013.464804196,6578767.405647076,90.00000000000001,8305.255859375,10488.0473625563,11_sub11
-6714018.768105055,6578762.102346216,97.50000000000001,8314.7138671875,10488.0473625563,11_sub11
-6714024.071405914,6578756.799045358,105.00000000000003,8314.7138671875,10488.0473625563,11_sub11
-6714029.374706773,6578751.495744498,112.5,8314.7138671875,10488.0473625563,11_sub11
-6714034.678007632,6578746.19244364,120.0,8314.7138671875,10488.0473625563,11_sub11
-6714039.981308491,6578740.889142781,127.50000000000001,8314.7138671875,10488.0473625563,11_sub11
-6714045.284609349,6578735.585841922,135.00000000000003,8314.7138671875,10488.0473625563,11_sub11
-6714050.587910209,6578730.282541063,142.50000000000003,8314.7138671875,10488.0473625563,11_sub11
-6714055.891211067,6578724.979240204,150.0,8314.7138671875,10488.0473625563,11_sub11
-6714459.687967245,6579074.556883627,-150.0,8291.5146484375,11012.449730684117,11_sub11
-6714454.384666386,6579069.253582768,-142.5,8291.5146484375,11012.449730684117,11_sub11
-6714449.081365527,6579063.950281909,-135.0,8291.5146484375,11012.449730684117,11_sub11
-6714443.778064668,6579058.64698105,-127.5,8296.560546875,11012.449730684117,11_sub11
-6714438.474763809,6579053.343680191,-120.0,8296.560546875,11012.449730684117,11_sub11
-6714433.17146295,6579048.040379332,-112.5,8296.560546875,11012.449730684117,11_sub11
-6714427.868162091,6579042.737078473,-105.0,8296.560546875,11012.449730684117,11_sub11
-6714422.564861232,6579037.4337776145,-97.49999999999999,8296.560546875,11012.449730684117,11_sub11
-6714417.261560373,6579032.130476755,-90.0,8296.560546875,11012.449730684117,11_sub11
-6714411.9582595145,6579026.827175897,-82.5,8296.560546875,11012.449730684117,11_sub11
-6714406.654958656,6579021.523875037,-75.0,8296.560546875,11012.449730684117,11_sub11
-6714401.351657797,6579016.220574179,-67.5,8296.560546875,11012.449730684117,11_sub11
-6714396.048356938,6579010.91727332,-59.999999999999986,8296.560546875,11012.449730684117,11_sub11
-6714390.745056079,6579005.613972461,-52.5,8296.560546875,11012.449730684117,11_sub11
-6714385.44175522,6579000.310671602,-44.99999999999999,8296.560546875,11012.449730684117,11_sub11
-6714380.138454361,6578995.007370743,-37.5,8296.560546875,11012.449730684117,11_sub11
-6714374.835153502,6578989.7040698845,-29.999999999999993,8296.560546875,11012.449730684117,11_sub11
-6714369.531852643,6578984.400769025,-22.499999999999986,8295.4599609375,11012.449730684117,11_sub11
-6714364.2285517845,6578979.097468167,-14.999999999999996,8295.4599609375,11012.449730684117,11_sub11
-6714358.925250925,6578973.794167307,-7.49999999999999,8295.4599609375,11012.449730684117,11_sub11
-6714353.621950067,6578968.490866449,0.0,8295.4599609375,11012.449730684117,11_sub11
-6714348.318649208,6578963.18756559,7.500000000000007,8295.4599609375,11012.449730684117,11_sub11
-6714343.015348349,6578957.884264731,15.000000000000014,8295.4599609375,11012.449730684117,11_sub11
-6714337.71204749,6578952.580963872,22.50000000000002,8295.4599609375,11012.449730684117,11_sub11
-6714332.408746631,6578947.277663013,30.00000000000003,8296.322265625,11012.449730684117,11_sub11
-6714327.105445772,6578941.9743621545,37.5,8296.322265625,11012.449730684117,11_sub11
-6714321.802144913,6578936.671061295,45.00000000000001,8296.322265625,11012.449730684117,11_sub11
-6714316.4988440545,6578931.367760437,52.500000000000014,8296.322265625,11012.449730684117,11_sub11
-6714311.195543195,6578926.064459577,60.00000000000002,8296.322265625,11012.449730684117,11_sub11
-6714305.892242337,6578920.761158719,67.50000000000003,8296.322265625,11012.449730684117,11_sub11
-6714300.588941477,6578915.45785786,75.0,8296.322265625,11012.449730684117,11_sub11
-6714295.285640619,6578910.154557001,82.5,8296.322265625,11012.449730684117,11_sub11
-6714289.98233976,6578904.851256142,90.00000000000001,8296.322265625,11012.449730684117,11_sub11
-6714284.679038901,6578899.547955283,97.50000000000001,8296.322265625,11012.449730684117,11_sub11
-6714279.375738042,6578894.2446544245,105.00000000000003,8296.322265625,11012.449730684117,11_sub11
-6714274.072437183,6578888.941353565,112.5,8296.322265625,11012.449730684117,11_sub11
-6714268.7691363245,6578883.638052707,120.0,8296.322265625,11012.449730684117,11_sub11
-6714263.465835465,6578878.334751847,127.50000000000001,8296.322265625,11012.449730684117,11_sub11
-6714258.162534607,6578873.031450989,135.00000000000003,8301.7587890625,11012.449730684117,11_sub11
-6714252.859233747,6578867.728150129,142.50000000000003,8301.7587890625,11012.449730684117,11_sub11
-6714247.555932889,6578862.424849271,150.0,8301.7587890625,11012.449730684117,11_sub11
-6714618.364403462,6579373.829344997,-150.0,8296.83984375,11536.85209881193,11_sub11
-6714623.6677043205,6579368.526044139,-142.5,8296.83984375,11536.85209881193,11_sub11
-6714628.97100518,6579363.222743279,-135.0,8296.83984375,11536.85209881193,11_sub11
-6714634.274306038,6579357.919442421,-127.5,8296.83984375,11536.85209881193,11_sub11
-6714639.577606898,6579352.616141561,-120.0,8296.83984375,11536.85209881193,11_sub11
-6714644.880907756,6579347.312840703,-112.5,8296.83984375,11536.85209881193,11_sub11
-6714650.184208616,6579342.009539844,-105.0,8296.83984375,11536.85209881193,11_sub11
-6714655.487509474,6579336.706238985,-97.49999999999999,8296.83984375,11536.85209881193,11_sub11
-6714660.790810334,6579331.402938126,-90.0,8296.83984375,11536.85209881193,11_sub11
-6714666.094111192,6579326.099637267,-82.5,8284.30078125,11536.85209881193,11_sub11
-6714671.3974120505,6579320.796336409,-75.0,8283.20703125,11536.85209881193,11_sub11
-6714676.70071291,6579315.493035549,-67.5,8283.20703125,11536.85209881193,11_sub11
-6714682.004013768,6579310.189734691,-59.999999999999986,8283.20703125,11536.85209881193,11_sub11
-6714687.307314628,6579304.886433831,-52.5,8283.20703125,11536.85209881193,11_sub11
-6714692.610615486,6579299.583132973,-44.99999999999999,8283.20703125,11536.85209881193,11_sub11
-6714697.913916346,6579294.2798321135,-37.5,8283.20703125,11536.85209881193,11_sub11
-6714703.217217204,6579288.976531255,-29.999999999999993,8283.20703125,11536.85209881193,11_sub11
-6714708.520518064,6579283.673230396,-22.499999999999986,8283.20703125,11536.85209881193,11_sub11
-6714713.823818922,6579278.369929537,-14.999999999999996,8283.20703125,11536.85209881193,11_sub11
-6714719.127119781,6579273.066628678,-7.49999999999999,8283.20703125,11536.85209881193,11_sub11
-6714724.43042064,6579267.763327819,0.0,8283.20703125,11536.85209881193,11_sub11
-6714729.733721498,6579262.460026961,7.500000000000007,8283.20703125,11536.85209881193,11_sub11
-6714735.037022358,6579257.156726101,15.000000000000014,8283.20703125,11536.85209881193,11_sub11
-6714740.340323216,6579251.853425243,22.50000000000002,8283.20703125,11536.85209881193,11_sub11
-6714745.643624076,6579246.5501243835,30.00000000000003,8283.20703125,11536.85209881193,11_sub11
-6714750.946924934,6579241.246823525,37.5,8283.20703125,11536.85209881193,11_sub11
-6714756.250225794,6579235.943522666,45.00000000000001,8283.20703125,11536.85209881193,11_sub11
-6714761.553526652,6579230.640221807,52.500000000000014,8283.20703125,11536.85209881193,11_sub11
-6714766.856827511,6579225.336920948,60.00000000000002,8283.20703125,11536.85209881193,11_sub11
-6714772.16012837,6579220.033620089,67.50000000000003,8283.20703125,11536.85209881193,11_sub11
-6714777.463429229,6579214.73031923,75.0,8283.20703125,11536.85209881193,11_sub11
-6714782.766730088,6579209.427018371,82.5,8286.970703125,11536.85209881193,11_sub11
-6714788.070030946,6579204.123717513,90.00000000000001,8292.625,11536.85209881193,11_sub11
-6714793.373331806,6579198.8204166535,97.50000000000001,8292.625,11536.85209881193,11_sub11
-6714798.676632664,6579193.517115795,105.00000000000003,8292.625,11536.85209881193,11_sub11
-6714803.979933524,6579188.213814936,112.5,8292.625,11536.85209881193,11_sub11
-6714809.283234382,6579182.910514077,120.0,8292.625,11536.85209881193,11_sub11
-6714814.586535241,6579177.607213218,127.50000000000001,8292.625,11536.85209881193,11_sub11
-6714819.8898361,6579172.303912359,135.00000000000003,8292.625,11536.85209881193,11_sub11
-6714825.193136959,6579167.0006115,142.50000000000003,8292.625,11536.85209881193,11_sub11
-6714830.496437818,6579161.697310641,150.0,8292.625,11536.85209881193,11_sub11
-6714571.812379576,6579664.458923626,-150.0,8299.2470703125,12061.254466939747,11_sub11
-6714577.115680435,6579669.762224484,-142.5,8285.2294921875,12061.254466939747,11_sub11
-6714582.418981294,6579675.065525344,-135.0,8285.2294921875,12061.254466939747,11_sub11
-6714587.722282153,6579680.368826202,-127.5,8285.2294921875,12061.254466939747,11_sub11
-6714593.025583012,6579685.6721270615,-120.0,8285.2294921875,12061.254466939747,11_sub11
-6714598.3288838705,6579690.97542792,-112.5,8285.2294921875,12061.254466939747,11_sub11
-6714603.63218473,6579696.278728779,-105.0,8285.2294921875,12061.254466939747,11_sub11
-6714608.935485588,6579701.582029638,-97.49999999999999,8285.2294921875,12061.254466939747,11_sub11
-6714614.238786448,6579706.885330497,-90.0,8285.2294921875,12061.254466939747,11_sub11
-6714619.542087306,6579712.188631356,-82.5,8285.2294921875,12061.254466939747,11_sub11
-6714624.845388165,6579717.491932215,-75.0,8285.2294921875,12061.254466939747,11_sub11
-6714630.148689024,6579722.795233074,-67.5,8285.2294921875,12061.254466939747,11_sub11
-6714635.451989883,6579728.098533932,-59.999999999999986,8285.2294921875,12061.254466939747,11_sub11
-6714640.755290742,6579733.4018347915,-52.5,8285.2294921875,12061.254466939747,11_sub11
-6714646.0585916005,6579738.70513565,-44.99999999999999,8285.2294921875,12061.254466939747,11_sub11
-6714651.36189246,6579744.008436509,-37.5,8285.2294921875,12061.254466939747,11_sub11
-6714656.665193318,6579749.311737368,-29.999999999999993,8285.2294921875,12061.254466939747,11_sub11
-6714661.968494178,6579754.615038227,-22.499999999999986,8285.2294921875,12061.254466939747,11_sub11
-6714667.271795036,6579759.918339086,-14.999999999999996,8285.2294921875,12061.254466939747,11_sub11
-6714672.575095896,6579765.221639945,-7.49999999999999,8270.541015625,12061.254466939747,11_sub11
-6714677.878396754,6579770.524940804,0.0,8270.541015625,12061.254466939747,11_sub11
-6714683.181697613,6579775.828241662,7.500000000000007,8270.541015625,12061.254466939747,11_sub11
-6714688.484998472,6579781.1315425215,15.000000000000014,8272.958984375,12061.254466939747,11_sub11
-6714693.7882993305,6579786.43484338,22.50000000000002,8272.958984375,12061.254466939747,11_sub11
-6714699.09160019,6579791.738144239,30.00000000000003,8272.958984375,12061.254466939747,11_sub11
-6714704.394901048,6579797.041445098,37.5,8272.958984375,12061.254466939747,11_sub11
-6714709.698201908,6579802.344745957,45.00000000000001,8272.958984375,12061.254466939747,11_sub11
-6714715.001502766,6579807.648046816,52.500000000000014,8272.958984375,12061.254466939747,11_sub11
-6714720.304803626,6579812.951347675,60.00000000000002,8272.958984375,12061.254466939747,11_sub11
-6714725.608104484,6579818.254648534,67.50000000000003,8272.958984375,12061.254466939747,11_sub11
-6714730.911405344,6579823.557949392,75.0,8272.958984375,12061.254466939747,11_sub11
-6714736.214706202,6579828.8612502515,82.5,8272.958984375,12061.254466939747,11_sub11
-6714741.5180070605,6579834.16455111,90.00000000000001,8272.958984375,12061.254466939747,11_sub11
-6714746.82130792,6579839.467851969,97.50000000000001,8272.958984375,12061.254466939747,11_sub11
-6714752.124608778,6579844.771152828,105.00000000000003,8272.958984375,12061.254466939747,11_sub11
-6714757.427909638,6579850.074453687,112.5,8272.958984375,12061.254466939747,11_sub11
-6714762.731210496,6579855.377754546,120.0,8272.958984375,12061.254466939747,11_sub11
-6714768.034511356,6579860.681055405,127.50000000000001,8272.958984375,12061.254466939747,11_sub11
-6714773.337812214,6579865.984356264,135.00000000000003,8272.958984375,12061.254466939747,11_sub11
-6714778.641113074,6579871.287657123,142.50000000000003,8272.958984375,12061.254466939747,11_sub11
-6714783.944413932,6579876.5909579815,150.0,8274.080078125,12061.254466939747,11_sub11
-6714577.277110981,6580222.08396453,-150.0,8254.4921875,12585.656835067562,11_sub11
-6714584.777110981,6580222.08396453,-142.5,8254.4921875,12585.656835067562,11_sub11
-6714592.277110981,6580222.08396453,-135.0,8254.4921875,12585.656835067562,11_sub11
-6714599.777110981,6580222.08396453,-127.5,8254.4921875,12585.656835067562,11_sub11
-6714607.277110981,6580222.08396453,-120.0,8254.4921875,12585.656835067562,11_sub11
-6714614.777110981,6580222.08396453,-112.5,8254.4921875,12585.656835067562,11_sub11
-6714622.277110981,6580222.08396453,-105.0,8254.4921875,12585.656835067562,11_sub11
-6714629.777110981,6580222.08396453,-97.49999999999999,8254.4921875,12585.656835067562,11_sub11
-6714637.277110981,6580222.08396453,-90.0,8254.4921875,12585.656835067562,11_sub11
-6714644.777110981,6580222.08396453,-82.5,8254.4921875,12585.656835067562,11_sub11
-6714652.277110981,6580222.08396453,-75.0,8254.4921875,12585.656835067562,11_sub11
-6714659.777110981,6580222.08396453,-67.5,8254.4921875,12585.656835067562,11_sub11
-6714667.277110981,6580222.08396453,-59.999999999999986,8254.4921875,12585.656835067562,11_sub11
-6714674.777110981,6580222.08396453,-52.5,8247.41796875,12585.656835067562,11_sub11
-6714682.277110981,6580222.08396453,-44.99999999999999,8247.41796875,12585.656835067562,11_sub11
-6714689.777110981,6580222.08396453,-37.5,8247.41796875,12585.656835067562,11_sub11
-6714697.277110981,6580222.08396453,-29.999999999999993,8247.41796875,12585.656835067562,11_sub11
-6714704.777110981,6580222.08396453,-22.499999999999986,8247.41796875,12585.656835067562,11_sub11
-6714712.277110981,6580222.08396453,-14.999999999999996,8247.41796875,12585.656835067562,11_sub11
-6714719.777110981,6580222.08396453,-7.49999999999999,8247.41796875,12585.656835067562,11_sub11
-6714727.277110981,6580222.08396453,0.0,8247.41796875,12585.656835067562,11_sub11
-6714734.777110981,6580222.08396453,7.500000000000007,8247.41796875,12585.656835067562,11_sub11
-6714742.277110981,6580222.08396453,15.000000000000014,8247.41796875,12585.656835067562,11_sub11
-6714749.777110981,6580222.08396453,22.50000000000002,8247.41796875,12585.656835067562,11_sub11
-6714757.277110981,6580222.08396453,30.00000000000003,8247.41796875,12585.656835067562,11_sub11
-6714764.777110981,6580222.08396453,37.5,8247.41796875,12585.656835067562,11_sub11
-6714772.277110981,6580222.08396453,45.00000000000001,8247.41796875,12585.656835067562,11_sub11
-6714779.777110981,6580222.08396453,52.500000000000014,8247.41796875,12585.656835067562,11_sub11
-6714787.277110981,6580222.08396453,60.00000000000002,8271.6962890625,12585.656835067562,11_sub11
-6714794.777110981,6580222.08396453,67.50000000000003,8271.6962890625,12585.656835067562,11_sub11
-6714802.277110981,6580222.08396453,75.0,8271.6962890625,12585.656835067562,11_sub11
-6714809.777110981,6580222.08396453,82.5,8271.6962890625,12585.656835067562,11_sub11
-6714817.277110981,6580222.08396453,90.00000000000001,8271.6962890625,12585.656835067562,11_sub11
-6714824.777110981,6580222.08396453,97.50000000000001,8271.6962890625,12585.656835067562,11_sub11
-6714832.277110981,6580222.08396453,105.00000000000003,8271.6962890625,12585.656835067562,11_sub11
-6714839.777110981,6580222.08396453,112.5,8271.6962890625,12585.656835067562,11_sub11
-6714847.277110981,6580222.08396453,120.0,8271.6962890625,12585.656835067562,11_sub11
-6714854.777110981,6580222.08396453,127.50000000000001,8271.6962890625,12585.656835067562,11_sub11
-6714862.277110981,6580222.08396453,135.00000000000003,8271.6962890625,12585.656835067562,11_sub11
-6714869.777110981,6580222.08396453,142.50000000000003,8271.6962890625,12585.656835067562,11_sub11
-6714877.277110981,6580222.08396453,150.0,8271.6962890625,12585.656835067562,11_sub11
-6714519.633946352,6580505.04072158,-150.0,8246.046875,13110.059203195377,11_sub11
-6714524.93724721,6580510.344022439,-142.5,8246.046875,13110.059203195377,11_sub11
-6714530.24054807,6580515.647323298,-135.0,8246.046875,13110.059203195377,11_sub11
-6714535.543848928,6580520.950624157,-127.5,8246.046875,13110.059203195377,11_sub11
-6714540.8471497875,6580526.253925016,-120.0,8246.046875,13110.059203195377,11_sub11
-6714546.150450646,6580531.557225875,-112.5,8246.046875,13110.059203195377,11_sub11
-6714551.453751505,6580536.860526734,-105.0,8246.046875,13110.059203195377,11_sub11
-6714556.757052364,6580542.1638275925,-97.49999999999999,8246.046875,13110.059203195377,11_sub11
-6714562.060353223,6580547.467128452,-90.0,8242.36328125,13110.059203195377,11_sub11
-6714567.363654082,6580552.77042931,-82.5,8242.36328125,13110.059203195377,11_sub11
-6714572.66695494,6580558.073730169,-75.0,8242.36328125,13110.059203195377,11_sub11
-6714577.9702558,6580563.377031028,-67.5,8242.36328125,13110.059203195377,11_sub11
-6714583.273556658,6580568.680331887,-59.999999999999986,8225.5009765625,13110.059203195377,11_sub11
-6714588.5768575175,6580573.983632746,-52.5,8225.5009765625,13110.059203195377,11_sub11
-6714593.880158376,6580579.286933605,-44.99999999999999,8225.5009765625,13110.059203195377,11_sub11
-6714599.183459235,6580584.590234464,-37.5,8225.5009765625,13110.059203195377,11_sub11
-6714604.486760094,6580589.8935353225,-29.999999999999993,8225.5009765625,13110.059203195377,11_sub11
-6714609.790060953,6580595.196836182,-22.499999999999986,8225.5009765625,13110.059203195377,11_sub11
-6714615.093361812,6580600.50013704,-14.999999999999996,8225.5009765625,13110.059203195377,11_sub11
-6714620.396662671,6580605.8034379,-7.49999999999999,8225.5009765625,13110.059203195377,11_sub11
-6714625.69996353,6580611.106738758,0.0,8225.5009765625,13110.059203195377,11_sub11
-6714631.003264388,6580616.410039617,7.500000000000007,8225.5009765625,13110.059203195377,11_sub11
-6714636.3065652475,6580621.713340476,15.000000000000014,8225.5009765625,13110.059203195377,11_sub11
-6714641.609866106,6580627.016641335,22.50000000000002,8225.5009765625,13110.059203195377,11_sub11
-6714646.913166965,6580632.319942194,30.00000000000003,8225.5009765625,13110.059203195377,11_sub11
-6714652.216467824,6580637.6232430525,37.5,8225.5009765625,13110.059203195377,11_sub11
-6714657.519768683,6580642.926543912,45.00000000000001,8225.5009765625,13110.059203195377,11_sub11
-6714662.823069542,6580648.22984477,52.500000000000014,8225.5009765625,13110.059203195377,11_sub11
-6714668.126370401,6580653.53314563,60.00000000000002,8225.5009765625,13110.059203195377,11_sub11
-6714673.42967126,6580658.836446488,67.50000000000003,8232.0634765625,13110.059203195377,11_sub11
-6714678.732972119,6580664.139747348,75.0,8232.0634765625,13110.059203195377,11_sub11
-6714684.0362729775,6580669.443048206,82.5,8232.0634765625,13110.059203195377,11_sub11
-6714689.339573836,6580674.746349065,90.00000000000001,8232.0634765625,13110.059203195377,11_sub11
-6714694.642874695,6580680.049649924,97.50000000000001,8222.6845703125,13110.059203195377,11_sub11
-6714699.946175554,6580685.3529507825,105.00000000000003,8222.6845703125,13110.059203195377,11_sub11
-6714705.249476413,6580690.656251642,112.5,8222.6845703125,13110.059203195377,11_sub11
-6714710.552777272,6580695.9595525,120.0,8222.6845703125,13110.059203195377,11_sub11
-6714715.856078131,6580701.26285336,127.50000000000001,8222.6845703125,13110.059203195377,11_sub11
-6714721.15937899,6580706.566154218,135.00000000000003,8222.6845703125,13110.059203195377,11_sub11
-6714726.462679849,6580711.869455078,142.50000000000003,8222.6845703125,13110.059203195377,11_sub11
-6714731.7659807075,6580717.172755936,150.0,8222.6845703125,13110.059203195377,11_sub11
-6714352.019006772,6581018.3022059845,-150.0,8216.5439453125,13634.461571323192,11_sub11
-6714359.519006772,6581018.3022059845,-142.5,8216.5439453125,13634.461571323192,11_sub11
-6714367.019006772,6581018.3022059845,-135.0,8216.5439453125,13634.461571323192,11_sub11
-6714374.519006772,6581018.3022059845,-127.5,8216.5439453125,13634.461571323192,11_sub11
-6714382.019006772,6581018.3022059845,-120.0,8216.5439453125,13634.461571323192,11_sub11
-6714389.519006772,6581018.3022059845,-112.5,8216.5439453125,13634.461571323192,11_sub11
-6714397.019006772,6581018.3022059845,-105.0,8216.5439453125,13634.461571323192,11_sub11
-6714404.519006772,6581018.3022059845,-97.49999999999999,8216.5439453125,13634.461571323192,11_sub11
-6714412.019006772,6581018.3022059845,-90.0,8216.5439453125,13634.461571323192,11_sub11
-6714419.519006772,6581018.3022059845,-82.5,8216.5439453125,13634.461571323192,11_sub11
-6714427.019006772,6581018.3022059845,-75.0,8216.5439453125,13634.461571323192,11_sub11
-6714434.519006772,6581018.3022059845,-67.5,8216.5439453125,13634.461571323192,11_sub11
-6714442.019006772,6581018.3022059845,-59.999999999999986,8216.5439453125,13634.461571323192,11_sub11
-6714449.519006772,6581018.3022059845,-52.5,8212.4404296875,13634.461571323192,11_sub11
-6714457.019006772,6581018.3022059845,-44.99999999999999,8212.4404296875,13634.461571323192,11_sub11
-6714464.519006772,6581018.3022059845,-37.5,8212.4404296875,13634.461571323192,11_sub11
-6714472.019006772,6581018.3022059845,-29.999999999999993,8212.4404296875,13634.461571323192,11_sub11
-6714479.519006772,6581018.3022059845,-22.499999999999986,8212.4404296875,13634.461571323192,11_sub11
-6714487.019006772,6581018.3022059845,-14.999999999999996,8212.4404296875,13634.461571323192,11_sub11
-6714494.519006772,6581018.3022059845,-7.49999999999999,8212.4404296875,13634.461571323192,11_sub11
-6714502.019006772,6581018.3022059845,0.0,8212.4404296875,13634.461571323192,11_sub11
-6714509.519006772,6581018.3022059845,7.500000000000007,8212.4404296875,13634.461571323192,11_sub11
-6714517.019006772,6581018.3022059845,15.000000000000014,8212.4404296875,13634.461571323192,11_sub11
-6714524.519006772,6581018.3022059845,22.50000000000002,8212.4404296875,13634.461571323192,11_sub11
-6714532.019006772,6581018.3022059845,30.00000000000003,8212.4404296875,13634.461571323192,11_sub11
-6714539.519006772,6581018.3022059845,37.5,8212.4404296875,13634.461571323192,11_sub11
-6714547.019006772,6581018.3022059845,45.00000000000001,8212.4404296875,13634.461571323192,11_sub11
-6714554.519006772,6581018.3022059845,52.500000000000014,8212.4404296875,13634.461571323192,11_sub11
-6714562.019006772,6581018.3022059845,60.00000000000002,8220.9208984375,13634.461571323192,11_sub11
-6714569.519006772,6581018.3022059845,67.50000000000003,8220.9208984375,13634.461571323192,11_sub11
-6714577.019006772,6581018.3022059845,75.0,8220.9208984375,13634.461571323192,11_sub11
-6714584.519006772,6581018.3022059845,82.5,8220.9208984375,13634.461571323192,11_sub11
-6714592.019006772,6581018.3022059845,90.00000000000001,8220.9208984375,13634.461571323192,11_sub11
-6714599.519006772,6581018.3022059845,97.50000000000001,8220.9208984375,13634.461571323192,11_sub11
-6714607.019006772,6581018.3022059845,105.00000000000003,8220.9208984375,13634.461571323192,11_sub11
-6714614.519006772,6581018.3022059845,112.5,8220.9208984375,13634.461571323192,11_sub11
-6714622.019006772,6581018.3022059845,120.0,8220.9208984375,13634.461571323192,11_sub11
-6714629.519006772,6581018.3022059845,127.50000000000001,8220.9208984375,13634.461571323192,11_sub11
-6714637.019006772,6581018.3022059845,135.00000000000003,8220.9208984375,13634.461571323192,11_sub11
-6714644.519006772,6581018.3022059845,142.50000000000003,8220.9208984375,13634.461571323192,11_sub11
-6714652.019006772,6581018.3022059845,150.0,8220.9208984375,13634.461571323192,11_sub11
-6714198.157218661,6581544.090358595,-150.0,8206.5673828125,14158.863939451006,11_sub11
-6714203.460519521,6581538.787057737,-142.5,8206.5673828125,14158.863939451006,11_sub11
-6714208.763820379,6581533.4837568775,-135.0,8206.5673828125,14158.863939451006,11_sub11
-6714214.0671212375,6581528.180456019,-127.5,8206.5673828125,14158.863939451006,11_sub11
-6714219.370422097,6581522.87715516,-120.0,8206.5673828125,14158.863939451006,11_sub11
-6714224.673722956,6581517.573854301,-112.5,8181.111328125,14158.863939451006,11_sub11
-6714229.977023815,6581512.270553442,-105.0,8181.111328125,14158.863939451006,11_sub11
-6714235.280324673,6581506.967252583,-97.49999999999999,8181.111328125,14158.863939451006,11_sub11
-6714240.583625533,6581501.663951724,-90.0,8181.111328125,14158.863939451006,11_sub11
-6714245.886926392,6581496.360650865,-82.5,8181.111328125,14158.863939451006,11_sub11
-6714251.190227251,6581491.057350006,-75.0,8181.111328125,14158.863939451006,11_sub11
-6714256.493528109,6581485.7540491475,-67.5,8181.111328125,14158.863939451006,11_sub11
-6714261.796828968,6581480.450748289,-59.999999999999986,8181.111328125,14158.863939451006,11_sub11
-6714267.100129828,6581475.14744743,-52.5,8181.111328125,14158.863939451006,11_sub11
-6714272.403430686,6581469.844146571,-44.99999999999999,8181.111328125,14158.863939451006,11_sub11
-6714277.706731545,6581464.540845712,-37.5,8200.119140625,14158.863939451006,11_sub11
-6714283.010032404,6581459.237544853,-29.999999999999993,8200.119140625,14158.863939451006,11_sub11
-6714288.313333264,6581453.934243994,-22.499999999999986,8200.119140625,14158.863939451006,11_sub11
-6714293.616634122,6581448.630943135,-14.999999999999996,8200.119140625,14158.863939451006,11_sub11
-6714298.919934981,6581443.327642276,-7.49999999999999,8200.119140625,14158.863939451006,11_sub11
-6714304.22323584,6581438.0243414175,0.0,8200.119140625,14158.863939451006,11_sub11
-6714309.526536699,6581432.721040559,7.500000000000007,8200.119140625,14158.863939451006,11_sub11
-6714314.829837558,6581427.4177397,15.000000000000014,8200.119140625,14158.863939451006,11_sub11
-6714320.133138416,6581422.114438841,22.50000000000002,8200.119140625,14158.863939451006,11_sub11
-6714325.436439276,6581416.811137982,30.00000000000003,8200.119140625,14158.863939451006,11_sub11
-6714330.739740135,6581411.507837123,37.5,8200.119140625,14158.863939451006,11_sub11
-6714336.043040994,6581406.204536264,45.00000000000001,8200.62890625,14158.863939451006,11_sub11
-6714341.346341852,6581400.901235405,52.500000000000014,8200.62890625,14158.863939451006,11_sub11
-6714346.6496427115,6581395.597934546,60.00000000000002,8200.62890625,14158.863939451006,11_sub11
-6714351.952943571,6581390.2946336875,67.50000000000003,8200.62890625,14158.863939451006,11_sub11
-6714357.256244429,6581384.991332829,75.0,8200.62890625,14158.863939451006,11_sub11
-6714362.559545288,6581379.68803197,82.5,8200.62890625,14158.863939451006,11_sub11
-6714367.862846147,6581374.384731111,90.00000000000001,8200.62890625,14158.863939451006,11_sub11
-6714373.166147007,6581369.081430252,97.50000000000001,8200.62890625,14158.863939451006,11_sub11
-6714378.469447865,6581363.778129393,105.00000000000003,8200.62890625,14158.863939451006,11_sub11
-6714383.772748724,6581358.474828534,112.5,8200.62890625,14158.863939451006,11_sub11
-6714389.076049583,6581353.171527675,120.0,8214.30078125,14158.863939451006,11_sub11
-6714394.379350442,6581347.868226816,127.50000000000001,8214.30078125,14158.863939451006,11_sub11
-6714399.682651301,6581342.5649259575,135.00000000000003,8214.30078125,14158.863939451006,11_sub11
-6714404.985952159,6581337.261625098,142.50000000000003,8214.30078125,14158.863939451006,11_sub11
-6714410.289253019,6581331.95832424,150.0,8214.30078125,14158.863939451006,11_sub11
-6714448.198394162,6581702.766794814,-150.0,8160.4970703125,14683.266307578822,11_sub11
-6714453.50169502,6581708.070095672,-142.5,8160.4970703125,14683.266307578822,11_sub11
-6714458.8049958795,6581713.373396532,-135.0,8160.4970703125,14683.266307578822,11_sub11
-6714464.108296738,6581718.67669739,-127.5,8160.4970703125,14683.266307578822,11_sub11
-6714469.411597597,6581723.97999825,-120.0,8160.4970703125,14683.266307578822,11_sub11
-6714474.714898456,6581729.283299108,-112.5,8160.4970703125,14683.266307578822,11_sub11
-6714480.018199315,6581734.586599967,-105.0,8160.4970703125,14683.266307578822,11_sub11
-6714485.321500174,6581739.889900826,-97.49999999999999,8160.4970703125,14683.266307578822,11_sub11
-6714490.624801033,6581745.193201685,-90.0,8160.4970703125,14683.266307578822,11_sub11
-6714495.928101892,6581750.496502544,-82.5,8160.4970703125,14683.266307578822,11_sub11
-6714501.231402751,6581755.799803402,-75.0,8160.4970703125,14683.266307578822,11_sub11
-6714506.5347036095,6581761.103104262,-67.5,8160.4970703125,14683.266307578822,11_sub11
-6714511.838004468,6581766.40640512,-59.999999999999986,8160.4970703125,14683.266307578822,11_sub11
-6714517.141305327,6581771.70970598,-52.5,8160.4970703125,14683.266307578822,11_sub11
-6714522.444606186,6581777.013006838,-44.99999999999999,8160.4970703125,14683.266307578822,11_sub11
-6714527.747907045,6581782.316307697,-37.5,8160.4970703125,14683.266307578822,11_sub11
-6714533.051207904,6581787.619608556,-29.999999999999993,8160.4970703125,14683.266307578822,11_sub11
-6714538.354508763,6581792.922909415,-22.499999999999986,8160.4970703125,14683.266307578822,11_sub11
-6714543.657809622,6581798.226210274,-14.999999999999996,8160.4970703125,14683.266307578822,11_sub11
-6714548.961110481,6581803.529511133,-7.49999999999999,8160.4970703125,14683.266307578822,11_sub11
-6714554.26441134,6581808.832811992,0.0,8156.50341796875,14683.266307578822,11_sub11
-6714559.567712198,6581814.13611285,7.500000000000007,8160.19580078125,14683.266307578822,11_sub11
-6714564.871013057,6581819.43941371,15.000000000000014,8160.19580078125,14683.266307578822,11_sub11
-6714570.174313916,6581824.742714568,22.50000000000002,8160.19580078125,14683.266307578822,11_sub11
-6714575.477614775,6581830.046015427,30.00000000000003,8160.19580078125,14683.266307578822,11_sub11
-6714580.780915634,6581835.349316286,37.5,8160.19580078125,14683.266307578822,11_sub11
-6714586.084216493,6581840.652617145,45.00000000000001,8160.19580078125,14683.266307578822,11_sub11
-6714591.387517352,6581845.955918004,52.500000000000014,8160.19580078125,14683.266307578822,11_sub11
-6714596.690818211,6581851.259218863,60.00000000000002,8160.19580078125,14683.266307578822,11_sub11
-6714601.99411907,6581856.562519722,67.50000000000003,8160.19580078125,14683.266307578822,11_sub11
-6714607.297419928,6581861.865820581,75.0,8160.19580078125,14683.266307578822,11_sub11
-6714612.600720787,6581867.16912144,82.5,8160.19580078125,14683.266307578822,11_sub11
-6714617.904021646,6581872.472422298,90.00000000000001,8160.19580078125,14683.266307578822,11_sub11
-6714623.207322505,6581877.775723157,97.50000000000001,8160.19580078125,14683.266307578822,11_sub11
-6714628.510623364,6581883.079024016,105.00000000000003,8160.19580078125,14683.266307578822,11_sub11
-6714633.813924223,6581888.382324875,112.5,8160.19580078125,14683.266307578822,11_sub11
-6714639.117225082,6581893.685625734,120.0,8160.19580078125,14683.266307578822,11_sub11
-6714644.420525941,6581898.988926593,127.50000000000001,8160.19580078125,14683.266307578822,11_sub11
-6714649.7238268,6581904.292227452,135.00000000000003,8160.19580078125,14683.266307578822,11_sub11
-6714655.027127659,6581909.595528311,142.50000000000003,8160.19580078125,14683.266307578822,11_sub11
-6714660.330428517,6581914.89882917,150.0,8160.19580078125,14683.266307578822,11_sub11
-6714727.277110981,6582236.336320767,-150.0,8124.44384765625,15207.668675706636,11_sub11
-6714727.277110981,6582228.836320767,-142.5,8124.44384765625,15207.668675706636,11_sub11
-6714727.277110981,6582221.336320767,-135.0,8124.44384765625,15207.668675706636,11_sub11
-6714727.277110981,6582213.836320767,-127.5,8124.44384765625,15207.668675706636,11_sub11
-6714727.277110981,6582206.336320767,-120.0,8124.44384765625,15207.668675706636,11_sub11
-6714727.277110981,6582198.836320767,-112.5,8124.44384765625,15207.668675706636,11_sub11
-6714727.277110981,6582191.336320767,-105.0,8124.44384765625,15207.668675706636,11_sub11
-6714727.277110981,6582183.836320767,-97.49999999999999,8124.44384765625,15207.668675706636,11_sub11
-6714727.277110981,6582176.336320767,-90.0,8124.44384765625,15207.668675706636,11_sub11
-6714727.277110981,6582168.836320767,-82.5,8124.44384765625,15207.668675706636,11_sub11
-6714727.277110981,6582161.336320767,-75.0,8124.44384765625,15207.668675706636,11_sub11
-6714727.277110981,6582153.836320767,-67.5,8124.44384765625,15207.668675706636,11_sub11
-6714727.277110981,6582146.336320767,-59.999999999999986,8124.44384765625,15207.668675706636,11_sub11
-6714727.277110981,6582138.836320767,-52.5,8124.47265625,15207.668675706636,11_sub11
-6714727.277110981,6582131.336320767,-44.99999999999999,8124.47265625,15207.668675706636,11_sub11
-6714727.277110981,6582123.836320767,-37.5,8124.47265625,15207.668675706636,11_sub11
-6714727.277110981,6582116.336320767,-29.999999999999993,8124.47265625,15207.668675706636,11_sub11
-6714727.277110981,6582108.836320767,-22.499999999999986,8124.47265625,15207.668675706636,11_sub11
-6714727.277110981,6582101.336320767,-14.999999999999996,8124.47265625,15207.668675706636,11_sub11
-6714727.277110981,6582093.836320767,-7.49999999999999,8124.47265625,15207.668675706636,11_sub11
-6714727.277110981,6582086.336320767,0.0,8124.47265625,15207.668675706636,11_sub11
-6714727.277110981,6582078.836320767,7.500000000000007,8124.47265625,15207.668675706636,11_sub11
-6714727.277110981,6582071.336320767,15.000000000000014,8124.47265625,15207.668675706636,11_sub11
-6714727.277110981,6582063.836320767,22.50000000000002,8124.47265625,15207.668675706636,11_sub11
-6714727.277110981,6582056.336320767,30.00000000000003,8124.47265625,15207.668675706636,11_sub11
-6714727.277110981,6582048.836320767,37.5,8124.47265625,15207.668675706636,11_sub11
-6714727.277110981,6582041.336320767,45.00000000000001,8124.47265625,15207.668675706636,11_sub11
-6714727.277110981,6582033.836320767,52.500000000000014,8124.47265625,15207.668675706636,11_sub11
-6714727.277110981,6582026.336320767,60.00000000000002,8128.70263671875,15207.668675706636,11_sub11
-6714727.277110981,6582018.836320767,67.50000000000003,8128.70263671875,15207.668675706636,11_sub11
-6714727.277110981,6582011.336320767,75.0,8128.70263671875,15207.668675706636,11_sub11
-6714727.277110981,6582003.836320767,82.5,8128.70263671875,15207.668675706636,11_sub11
-6714727.277110981,6581996.336320767,90.00000000000001,8128.70263671875,15207.668675706636,11_sub11
-6714727.277110981,6581988.836320767,97.50000000000001,8128.70263671875,15207.668675706636,11_sub11
-6714727.277110981,6581981.336320767,105.00000000000003,8128.70263671875,15207.668675706636,11_sub11
-6714727.277110981,6581973.836320767,112.5,8128.70263671875,15207.668675706636,11_sub11
-6714727.277110981,6581966.336320767,120.0,8128.70263671875,15207.668675706636,11_sub11
-6714727.277110981,6581958.836320767,127.50000000000001,8128.70263671875,15207.668675706636,11_sub11
-6714727.277110981,6581951.336320767,135.00000000000003,8128.70263671875,15207.668675706636,11_sub11
-6714727.277110981,6581943.836320767,142.50000000000003,8128.70263671875,15207.668675706636,11_sub11
-6714727.277110981,6581936.336320767,150.0,8128.70263671875,15207.668675706636,11_sub11
